2025/10/09 05:01:38.036 [T:0x1d54e] [DisplayControl] Enter ObtainControlHandler1
2025/10/09 05:01:38.036 [T:0x1d54e] [DisplayControl] GetVideoPortCommander
2025/10/09 05:01:38.036 [T:0x1d54e] [DisplayControl] GetUSBHubCommander
2025/10/09 05:01:38.036 [T:0x1d54e] ====== List p_lpo_display_info_video_port, # of devices is ======2
2025/10/09 05:01:38.036 [T:0x1d54e] [DisplayControl] index of p_lpo_display_info_video_port0
2025/10/09 05:01:38.036 [T:0x1d54e] [DisplayControl] Model name from VideoPort = VG2458
2025/10/09 05:01:38.036 [T:0x1d54e] [DisplayControl] SN from VideoPort = YDJ243400006
2025/10/09 05:01:38.038 [T:0x1d54e] [DisplayControl] index of p_lpo_display_info_video_port1
2025/10/09 05:01:38.038 [T:0x1d54e] [DisplayControl] Model name from VideoPort = VG275
2025/10/09 05:01:38.038 [T:0x1d54e] [DisplayControl] SN from VideoPort = XF6232400003
2025/10/09 05:01:38.038 [T:0x1d54e] ====== List p_lpo_display_info_rtd_scalar_rts_hub, # of devices is ======0
2025/10/09 05:01:38.038 [T:0x1d54e] [DisplayControl] GetVSRtkHubControlClientListener
2025/10/09 05:01:38.038 [T:0x1d54e] [DisplayControl] max monitor count = 2
2025/10/09 05:01:38.038 [T:0x1d54e] [DisplayControl] index of display_info_vec = 0
2025/10/09 05:01:38.038 [T:0x1d54e] [DisplayControl] index of p_lpo_display_info_video_port = 0
2025/10/09 05:01:38.038 [T:0x1d54e] [DisplayControl] VideoPortMatchingRule
2025/10/09 05:01:38.038 [T:0x1d54e] [DisplayControl] monitor display_info_model_name = VG2458
2025/10/09 05:01:38.038 [T:0x1d54e] [DisplayControl] monitor video_port_model_name = VG2458
2025/10/09 05:01:38.038 [T:0x1d54e] [DisplayControl] monitor display_info_sn = YDJ243400006
2025/10/09 05:01:38.038 [T:0x1d54e] [DisplayControl] monitor video_port_sn = YDJ243400006
2025/10/09 05:01:38.038 [T:0x1d54e] [DisplayControl] model_name_match = 1
2025/10/09 05:01:38.038 [T:0x1d54e] [DisplayControl] sn_match = 1
2025/10/09 05:01:38.038 [T:0x1d54e] [DisplayControl] video_port is_match = 1
2025/10/09 05:01:38.038 [T:0x1d54e] [DisplayControl] index of display_info_vec = 1
2025/10/09 05:01:38.039 [T:0x1d54e] [DisplayControl] index of p_lpo_display_info_video_port = 0
2025/10/09 05:01:38.039 [T:0x1d54e] [DisplayControl] VideoPortMatchingRule
2025/10/09 05:01:38.039 [T:0x1d54e] [DisplayControl] monitor display_info_model_name = VG275
2025/10/09 05:01:38.039 [T:0x1d54e] [DisplayControl] monitor video_port_model_name = VG2458
2025/10/09 05:01:38.039 [T:0x1d54e] [DisplayControl] monitor display_info_sn = XF6232400003
2025/10/09 05:01:38.039 [T:0x1d54e] [DisplayControl] monitor video_port_sn = YDJ243400006
2025/10/09 05:01:38.039 [T:0x1d54e] [DisplayControl] model_name_match = 0
2025/10/09 05:01:38.039 [T:0x1d54e] [DisplayControl] sn_match = 0
2025/10/09 05:01:38.039 [T:0x1d54e] [DisplayControl] video_port is_match = 0
2025/10/09 05:01:38.039 [T:0x1d54e] [DisplayControl] index of display_info_vec = 1
2025/10/09 05:01:38.039 [T:0x1d54e] [DisplayControl] index of p_lpo_display_info_video_port = 1
2025/10/09 05:01:38.039 [T:0x1d54e] [DisplayControl] VideoPortMatchingRule
2025/10/09 05:01:38.039 [T:0x1d54e] [DisplayControl] monitor display_info_model_name = VG275
2025/10/09 05:01:38.039 [T:0x1d54e] [DisplayControl] monitor video_port_model_name = VG275
2025/10/09 05:01:38.039 [T:0x1d54e] [DisplayControl] monitor display_info_sn = XF6232400003
2025/10/09 05:01:38.039 [T:0x1d54e] [DisplayControl] monitor video_port_sn = XF6232400003
2025/10/09 05:01:38.039 [T:0x1d54e] [DisplayControl] model_name_match = 1
2025/10/09 05:01:38.039 [T:0x1d54e] [DisplayControl] sn_match = 1
2025/10/09 05:01:38.039 [T:0x1d54e] [DisplayControl] video_port is_match = 1
2025/10/09 05:01:38.039 [T:0x1d54e] [DisplayControl] i = 0
2025/10/09 05:01:38.039 [T:0x1d54e] [DisplayControl] Enter OperationThread::OperationThread()
2025/10/09 05:01:38.039 [T:0x1d54e] [DisplayControl] Enter OperationThread::CreateThread
2025/10/09 05:01:38.039 [T:0x1d54e] [DisplayControl] new DisplayFunctioner
2025/10/09 05:01:38.039 [T:0x1d54e] [DisplayControl] insert displayer_vector
2025/10/09 05:01:38.039 [T:0x1d54e] [DisplayControl] insert modelName_SN_to_Display_map
2025/10/09 05:01:38.040 [T:0x1d54e] [DisplayControl] insert device_id_to_Displayer_map_
2025/10/09 05:01:38.040 [T:0x1d54e] [DisplayControl] i = 1
2025/10/09 05:01:38.040 [T:0x1d54e] [DisplayControl] Enter OperationThread::OperationThread()
2025/10/09 05:01:38.040 [T:0x1d54e] [DisplayControl] Enter OperationThread::CreateThread
2025/10/09 05:01:38.040 [T:0x1d54e] [DisplayControl] new DisplayFunctioner
2025/10/09 05:01:38.040 [T:0x1d54e] [DisplayControl] insert displayer_vector
2025/10/09 05:01:38.040 [T:0x1d54e] [DisplayControl] insert modelName_SN_to_Display_map
2025/10/09 05:01:38.040 [T:0x1d54e] [DisplayControl] insert device_id_to_Displayer_map_
2025/10/09 05:01:38.040 [T:0x1d54e] [DisplayControl] monitor size = 2
2025/10/09 05:01:38.040 [T:0x1d54e] [DisplayControl] Exit ObtainControlHandler
2025/10/09 05:01:38.040 [T:0x1d54e] [DisplayControl] Enter MCCSOtherSet::GetVCP(), vcp code = 16
2025/10/09 05:01:38.130 [T:0x1d54e] [DisplayControl] Exit MCCSOtherSet::GetVCP()
2025/10/09 05:01:38.130 [T:0x1d54e] [DisplayControl] Enter MCCSOtherSet::GetVCP(), vcp code = 16
2025/10/09 05:01:38.221 [T:0x1d54e] [DisplayControl] Exit MCCSOtherSet::GetVCP()
2025/10/09 05:01:38.507 [T:0x1d54e] [DisplayControl] Enter MCCSOtherSet::SetVCP(), vcp code = 51
2025/10/09 05:01:38.716 [T:0x1d54e] [DisplayControl] Exit MCCSOtherSet::SetVCP()
2025/10/09 05:01:38.718 [T:0x1d54e] [DisplayControl] Enter MCCSOtherSet::SetVCP(), vcp code = 51
2025/10/09 05:01:38.941 [T:0x1d54e] [DisplayControl] Exit MCCSOtherSet::SetVCP()
2025/10/09 05:01:38.944 [T:0x1d54e] [DisplayControl] Enter MCCSOtherSet::GetVCP(), vcp code = 16
2025/10/09 05:01:39.069 [T:0x1d54e] [DisplayControl] Exit MCCSOtherSet::GetVCP()
2025/10/09 05:01:39.176 [T:0x1d54e] [DisplayControl] Enter MCCSOtherSet::GetVCP(), vcp code = 97
2025/10/09 05:01:39.295 [T:0x1d54e] [DisplayControl] Exit MCCSOtherSet::GetVCP()
2025/10/09 05:01:39.410 [T:0x1d54e] [DisplayControl] Enter MCCSOtherSet::GetVCP(), vcp code = 141
2025/10/09 05:01:39.545 [T:0x1d54e] [DisplayControl] Exit MCCSOtherSet::GetVCP()
2025/10/09 05:01:39.661 [T:0x1d54e] [DisplayControl] Enter MCCSOtherSet::GetVCP(), vcp code = 225
2025/10/09 05:01:39.811 [T:0x1d54e] [DisplayControl] Exit MCCSOtherSet::GetVCP()
2025/10/09 05:01:39.926 [T:0x1d54e] [DisplayControl] Enter MCCSOtherSet::GetVCP(), vcp code = 220
2025/10/09 05:01:40.077 [T:0x1d54e] [DisplayControl] Exit MCCSOtherSet::GetVCP()
2025/10/09 05:01:40.193 [T:0x1d54e] [DisplayControl] Enter MCCSOtherSet::GetVCP(), vcp code = 96
2025/10/09 05:01:40.289 [T:0x1d54e] [DisplayControl] Exit MCCSOtherSet::GetVCP()
2025/10/09 05:01:40.396 [T:0x1d54e] [DisplayControl] Enter MCCSOtherSet::GetVCP(), vcp code = 43
2025/10/09 05:01:40.476 [T:0x1d54e] [DisplayControl] Exit MCCSOtherSet::GetVCP()
2025/10/09 05:01:40.583 [T:0x1d54e] [DisplayControl] Enter MCCSOtherSet::GetVCP(), vcp code = 51
2025/10/09 05:01:40.664 [T:0x1d54e] [DisplayControl] Exit MCCSOtherSet::GetVCP()
2025/10/09 05:01:40.771 [T:0x1d54e] [DisplayControl] Enter MCCSOtherSet::GetVCP(), vcp code = 135
2025/10/09 05:01:40.858 [T:0x1d54e] [DisplayControl] Exit MCCSOtherSet::GetVCP()
2025/10/09 05:01:40.974 [T:0x1d54e] [DisplayControl] Enter MCCSOtherSet::GetVCP(), vcp code = 20
2025/10/09 05:01:41.102 [T:0x1d54e] [DisplayControl] Exit MCCSOtherSet::GetVCP()
2025/10/09 05:01:41.209 [T:0x1d54e] [DisplayControl] Enter MCCSOtherSet::GetVCP(), vcp code = 4
2025/10/09 05:01:41.343 [T:0x1d54e] [DisplayControl] Exit MCCSOtherSet::GetVCP()
2025/10/09 05:01:41.459 [T:0x1d54e] [DisplayControl] Enter MCCSOtherSet::GetVCP(), vcp code = 98
2025/10/09 05:01:41.577 [T:0x1d54e] [DisplayControl] Exit MCCSOtherSet::GetVCP()
2025/10/09 05:01:41.693 [T:0x1d54e] [DisplayControl] Enter MCCSOtherSet::GetVCP(), vcp code = 18
2025/10/09 05:01:41.828 [T:0x1d54e] [DisplayControl] Exit MCCSOtherSet::GetVCP()
2025/10/09 05:01:41.943 [T:0x1d54e] [DisplayControl] Enter MCCSOtherSet::GetVCP(), vcp code = 245
2025/10/09 05:01:42.086 [T:0x1d54e] [DisplayControl] Exit MCCSOtherSet::GetVCP()
2025/10/09 05:01:42.194 [T:0x1d54e] [DisplayControl] Enter MCCSOtherSet::GetVCP(), vcp code = 16
2025/10/09 05:01:42.334 [T:0x1d54e] [DisplayControl] Exit MCCSOtherSet::GetVCP()
2025/10/09 05:01:42.443 [T:0x1d54e] [DisplayControl] Enter MCCSOtherSet::GetVCP(), vcp code = 97
2025/10/09 05:01:42.584 [T:0x1d54e] [DisplayControl] Exit MCCSOtherSet::GetVCP()
2025/10/09 05:01:42.694 [T:0x1d54e] [DisplayControl] Enter MCCSOtherSet::GetVCP(), vcp code = 141
2025/10/09 05:01:42.834 [T:0x1d54e] [DisplayControl] Exit MCCSOtherSet::GetVCP()
2025/10/09 05:01:42.944 [T:0x1d54e] [DisplayControl] Enter MCCSOtherSet::GetVCP(), vcp code = 225
2025/10/09 05:01:43.085 [T:0x1d54e] [DisplayControl] Exit MCCSOtherSet::GetVCP()
2025/10/09 05:01:43.194 [T:0x1d54e] [DisplayControl] Enter MCCSOtherSet::GetVCP(), vcp code = 220
2025/10/09 05:01:43.334 [T:0x1d54e] [DisplayControl] Exit MCCSOtherSet::GetVCP()
2025/10/09 05:01:43.444 [T:0x1d54e] [DisplayControl] Enter MCCSOtherSet::GetVCP(), vcp code = 96
2025/10/09 05:01:43.584 [T:0x1d54e] [DisplayControl] Exit MCCSOtherSet::GetVCP()
2025/10/09 05:01:43.694 [T:0x1d54e] [DisplayControl] Enter MCCSOtherSet::GetVCP(), vcp code = 43
2025/10/09 05:01:43.834 [T:0x1d54e] [DisplayControl] Exit MCCSOtherSet::GetVCP()
2025/10/09 05:01:43.944 [T:0x1d54e] [DisplayControl] Enter MCCSOtherSet::GetVCP(), vcp code = 51
2025/10/09 05:01:44.067 [T:0x1d54e] [DisplayControl] Exit MCCSOtherSet::GetVCP()
2025/10/09 05:01:44.178 [T:0x1d54e] [DisplayControl] Enter MCCSOtherSet::GetVCP(), vcp code = 135
2025/10/09 05:01:44.319 [T:0x1d54e] [DisplayControl] Exit MCCSOtherSet::GetVCP()
2025/10/09 05:01:44.429 [T:0x1d54e] [DisplayControl] Enter MCCSOtherSet::GetVCP(), vcp code = 4
2025/10/09 05:01:44.554 [T:0x1d54e] [DisplayControl] Exit MCCSOtherSet::GetVCP()
2025/10/09 05:01:44.663 [T:0x1d54e] [DisplayControl] Enter MCCSOtherSet::GetVCP(), vcp code = 98
2025/10/09 05:01:44.805 [T:0x1d54e] [DisplayControl] Exit MCCSOtherSet::GetVCP()
2025/10/09 05:01:44.914 [T:0x1d54e] [DisplayControl] Enter MCCSOtherSet::GetVCP(), vcp code = 226
2025/10/09 05:01:45.054 [T:0x1d54e] [DisplayControl] Exit MCCSOtherSet::GetVCP()
2025/10/09 05:01:45.164 [T:0x1d54e] [DisplayControl] Enter MCCSOtherSet::GetVCP(), vcp code = 236
2025/10/09 05:01:45.306 [T:0x1d54e] [DisplayControl] Exit MCCSOtherSet::GetVCP()
2025/10/09 05:01:45.414 [T:0x1d54e] [DisplayControl] Enter MCCSOtherSet::GetVCP(), vcp code = 18
2025/10/09 05:01:45.555 [T:0x1d54e] [DisplayControl] Exit MCCSOtherSet::GetVCP()
2025/10/09 05:01:45.691 [T:0x1d54e] [DisplayControl] Enter MCCSOtherSet::GetVCP(), vcp code = 96
2025/10/09 05:01:45.815 [T:0x1d54e] [DisplayControl] Exit MCCSOtherSet::GetVCP()
2025/10/09 05:01:45.816 [T:0x1d54e] [DisplayControl] Enter MCCSOtherSet::GetVCP(), vcp code = 96
2025/10/09 05:01:45.945 [T:0x1d54e] [DisplayControl] Exit MCCSOtherSet::GetVCP()
2025/10/09 05:01:46.645 [T:0x59751] [DisplayControl] Enter MCCSOtherSet::SetVCP(), vcp code = 51
2025/10/09 05:01:46.823 [T:0x59751] [DisplayControl] Exit MCCSOtherSet::SetVCP()
2025/10/09 05:02:25.180 [T:0xc9f8a] [DisplayControl] Enter MCCSOtherSet::SetVCP(), vcp code = 4
2025/10/09 05:02:26.125 [T:0xc9f8a] [DisplayControl] Exit MCCSOtherSet::SetVCP()
2025/10/09 05:02:31.247 [T:0xc9f8a] [DisplayControl] Enter OperationThread::ExitThread
2025/10/09 05:02:31.247 [T:0xc9f8a] [DisplayControl] Exit OperationThread::ExitThread
2025/10/09 05:02:31.247 [T:0xc9f8a] [DisplayControl] Enter OperationThread::~OperationThread()
2025/10/09 05:02:31.248 [T:0xc9f8a] [DisplayControl] Enter OperationThread::ExitThread
2025/10/09 05:02:31.248 [T:0xc9f8a] [DisplayControl] Enter OperationThread::ExitThread
2025/10/09 05:02:31.248 [T:0xc9f8a] [DisplayControl] Exit OperationThread::ExitThread
2025/10/09 05:02:31.248 [T:0xc9f8a] [DisplayControl] Enter OperationThread::~OperationThread()
2025/10/09 05:02:31.248 [T:0xc9f8a] [DisplayControl] Enter OperationThread::ExitThread
2025/10/09 05:02:31.275 [T:0xc9f8a] [DbgStr] After calling display_control_client_listener_video_port_.UpdateAllDisplayPath()
2025/10/09 05:02:31.296 [T:0xc9f8a] [DbgStr] After calling display_control_client_listener_.GetAllDisplayEDID()
2025/10/09 05:02:31.298 [T:0xc9f8a] [DisplayControl] Version = 3.0.6.0
2025/10/09 05:02:31.298 [T:0xc9f8a] [DisplayControl] Enter ObtainControlHandler1
2025/10/09 05:02:31.298 [T:0xc9f8a] [DisplayControl] GetVideoPortCommander
2025/10/09 05:02:31.298 [T:0xc9f8a] [DisplayControl] GetUSBHubCommander
2025/10/09 05:02:31.298 [T:0xc9f8a] ====== List p_lpo_display_info_video_port, # of devices is ======2
2025/10/09 05:02:31.298 [T:0xc9f8a] [DisplayControl] index of p_lpo_display_info_video_port0
2025/10/09 05:02:31.298 [T:0xc9f8a] [DisplayControl] Model name from VideoPort = VG2458
2025/10/09 05:02:31.298 [T:0xc9f8a] [DisplayControl] SN from VideoPort = YDJ243400006
2025/10/09 05:02:31.298 [T:0xc9f8a] [DisplayControl] index of p_lpo_display_info_video_port1
2025/10/09 05:02:31.298 [T:0xc9f8a] [DisplayControl] Model name from VideoPort = VG275
2025/10/09 05:02:31.298 [T:0xc9f8a] [DisplayControl] SN from VideoPort = XF6232400003
2025/10/09 05:02:31.298 [T:0xc9f8a] ====== List p_lpo_display_info_rtd_scalar_rts_hub, # of devices is ======0
2025/10/09 05:02:31.298 [T:0xc9f8a] [DisplayControl] GetVSRtkHubControlClientListener
2025/10/09 05:02:31.298 [T:0xc9f8a] [DisplayControl] max monitor count = 2
2025/10/09 05:02:31.298 [T:0xc9f8a] [DisplayControl] index of display_info_vec = 0
2025/10/09 05:02:31.298 [T:0xc9f8a] [DisplayControl] index of p_lpo_display_info_video_port = 0
2025/10/09 05:02:31.298 [T:0xc9f8a] [DisplayControl] VideoPortMatchingRule
2025/10/09 05:02:31.298 [T:0xc9f8a] [DisplayControl] monitor display_info_model_name = VG2458
2025/10/09 05:02:31.298 [T:0xc9f8a] [DisplayControl] monitor video_port_model_name = VG2458
2025/10/09 05:02:31.298 [T:0xc9f8a] [DisplayControl] monitor display_info_sn = YDJ243400006
2025/10/09 05:02:31.298 [T:0xc9f8a] [DisplayControl] monitor video_port_sn = YDJ243400006
2025/10/09 05:02:31.299 [T:0xc9f8a] [DisplayControl] model_name_match = 1
2025/10/09 05:02:31.299 [T:0xc9f8a] [DisplayControl] sn_match = 1
2025/10/09 05:02:31.299 [T:0xc9f8a] [DisplayControl] video_port is_match = 1
2025/10/09 05:02:31.299 [T:0xc9f8a] [DisplayControl] index of display_info_vec = 1
2025/10/09 05:02:31.299 [T:0xc9f8a] [DisplayControl] index of p_lpo_display_info_video_port = 0
2025/10/09 05:02:31.299 [T:0xc9f8a] [DisplayControl] VideoPortMatchingRule
2025/10/09 05:02:31.299 [T:0xc9f8a] [DisplayControl] monitor display_info_model_name = VG275
2025/10/09 05:02:31.299 [T:0xc9f8a] [DisplayControl] monitor video_port_model_name = VG2458
2025/10/09 05:02:31.299 [T:0xc9f8a] [DisplayControl] monitor display_info_sn = XF6232400003
2025/10/09 05:02:31.299 [T:0xc9f8a] [DisplayControl] monitor video_port_sn = YDJ243400006
2025/10/09 05:02:31.299 [T:0xc9f8a] [DisplayControl] model_name_match = 0
2025/10/09 05:02:31.299 [T:0xc9f8a] [DisplayControl] sn_match = 0
2025/10/09 05:02:31.299 [T:0xc9f8a] [DisplayControl] video_port is_match = 0
2025/10/09 05:02:31.299 [T:0xc9f8a] [DisplayControl] index of display_info_vec = 1
2025/10/09 05:02:31.299 [T:0xc9f8a] [DisplayControl] index of p_lpo_display_info_video_port = 1
2025/10/09 05:02:31.299 [T:0xc9f8a] [DisplayControl] VideoPortMatchingRule
2025/10/09 05:02:31.299 [T:0xc9f8a] [DisplayControl] monitor display_info_model_name = VG275
2025/10/09 05:02:31.299 [T:0xc9f8a] [DisplayControl] monitor video_port_model_name = VG275
2025/10/09 05:02:31.299 [T:0xc9f8a] [DisplayControl] monitor display_info_sn = XF6232400003
2025/10/09 05:02:31.299 [T:0xc9f8a] [DisplayControl] monitor video_port_sn = XF6232400003
2025/10/09 05:02:31.299 [T:0xc9f8a] [DisplayControl] model_name_match = 1
2025/10/09 05:02:31.299 [T:0xc9f8a] [DisplayControl] sn_match = 1
2025/10/09 05:02:31.299 [T:0xc9f8a] [DisplayControl] video_port is_match = 1
2025/10/09 05:02:31.299 [T:0xc9f8a] [DisplayControl] i = 0
2025/10/09 05:02:31.299 [T:0xc9f8a] [DisplayControl] Enter OperationThread::OperationThread()
2025/10/09 05:02:31.299 [T:0xc9f8a] [DisplayControl] Enter OperationThread::CreateThread
2025/10/09 05:02:31.300 [T:0xc9f8a] [DisplayControl] new DisplayFunctioner
2025/10/09 05:02:31.300 [T:0xc9f8a] [DisplayControl] insert displayer_vector
2025/10/09 05:02:31.300 [T:0xc9f8a] [DisplayControl] insert modelName_SN_to_Display_map
2025/10/09 05:02:31.300 [T:0xc9f8a] [DisplayControl] insert device_id_to_Displayer_map_
2025/10/09 05:02:31.300 [T:0xc9f8a] [DisplayControl] i = 1
2025/10/09 05:02:31.300 [T:0xc9f8a] [DisplayControl] Enter OperationThread::OperationThread()
2025/10/09 05:02:31.300 [T:0xc9f8a] [DisplayControl] Enter OperationThread::CreateThread
2025/10/09 05:02:31.300 [T:0xc9f8a] [DisplayControl] new DisplayFunctioner
2025/10/09 05:02:31.300 [T:0xc9f8a] [DisplayControl] insert displayer_vector
2025/10/09 05:02:31.300 [T:0xc9f8a] [DisplayControl] insert modelName_SN_to_Display_map
2025/10/09 05:02:31.300 [T:0xc9f8a] [DisplayControl] insert device_id_to_Displayer_map_
2025/10/09 05:02:31.300 [T:0xc9f8a] [DisplayControl] monitor size = 2
2025/10/09 05:02:31.300 [T:0xc9f8a] [DisplayControl] Exit ObtainControlHandler
2025/10/09 05:02:31.300 [T:0xc9f8a] [DisplayControl] Enter MCCSOtherSet::GetVCP(), vcp code = 16
2025/10/09 05:02:31.376 [T:0xc9f8a] [DisplayControl] Exit MCCSOtherSet::GetVCP()
2025/10/09 05:02:31.376 [T:0xc9f8a] [DisplayControl] Enter MCCSOtherSet::GetVCP(), vcp code = 16
2025/10/09 05:02:31.518 [T:0xc9f8a] [DisplayControl] Exit MCCSOtherSet::GetVCP()
2025/10/09 05:02:31.626 [T:0xc9f8a] [DisplayControl] Enter MCCSOtherSet::GetVCP(), vcp code = 97
2025/10/09 05:02:31.708 [T:0xc9f8a] [DisplayControl] Exit MCCSOtherSet::GetVCP()
2025/10/09 05:02:31.816 [T:0xc9f8a] [DisplayControl] Enter MCCSOtherSet::GetVCP(), vcp code = 141
2025/10/09 05:02:31.899 [T:0xc9f8a] [DisplayControl] Exit MCCSOtherSet::GetVCP()
2025/10/09 05:02:32.008 [T:0xc9f8a] [DisplayControl] Enter MCCSOtherSet::GetVCP(), vcp code = 225
2025/10/09 05:02:32.090 [T:0xc9f8a] [DisplayControl] Exit MCCSOtherSet::GetVCP()
2025/10/09 05:02:32.199 [T:0xc9f8a] [DisplayControl] Enter MCCSOtherSet::GetVCP(), vcp code = 220
2025/10/09 05:02:32.281 [T:0xc9f8a] [DisplayControl] Exit MCCSOtherSet::GetVCP()
2025/10/09 05:02:32.390 [T:0xc9f8a] [DisplayControl] Enter MCCSOtherSet::GetVCP(), vcp code = 96
2025/10/09 05:02:32.473 [T:0xc9f8a] [DisplayControl] Exit MCCSOtherSet::GetVCP()
2025/10/09 05:02:32.582 [T:0xc9f8a] [DisplayControl] Enter MCCSOtherSet::GetVCP(), vcp code = 43
2025/10/09 05:02:32.664 [T:0xc9f8a] [DisplayControl] Exit MCCSOtherSet::GetVCP()
2025/10/09 05:02:32.771 [T:0xc9f8a] [DisplayControl] Enter MCCSOtherSet::GetVCP(), vcp code = 51
2025/10/09 05:02:32.851 [T:0xc9f8a] [DisplayControl] Exit MCCSOtherSet::GetVCP()
2025/10/09 05:02:32.956 [T:0xc9f8a] [DisplayControl] Enter MCCSOtherSet::GetVCP(), vcp code = 135
2025/10/09 05:02:33.036 [T:0xc9f8a] [DisplayControl] Exit MCCSOtherSet::GetVCP()
2025/10/09 05:02:33.144 [T:0xc9f8a] [DisplayControl] Enter MCCSOtherSet::GetVCP(), vcp code = 20
2025/10/09 05:02:33.226 [T:0xc9f8a] [DisplayControl] Exit MCCSOtherSet::GetVCP()
2025/10/09 05:02:33.333 [T:0xc9f8a] [DisplayControl] Enter MCCSOtherSet::GetVCP(), vcp code = 4
2025/10/09 05:02:33.416 [T:0xc9f8a] [DisplayControl] Exit MCCSOtherSet::GetVCP()
2025/10/09 05:02:33.521 [T:0xc9f8a] [DisplayControl] Enter MCCSOtherSet::GetVCP(), vcp code = 98
2025/10/09 05:02:33.602 [T:0xc9f8a] [DisplayControl] Exit MCCSOtherSet::GetVCP()
2025/10/09 05:02:33.633 [T:0x1d54e] [DisplayControl] Enter MCCSOtherSet::GetVCP(), vcp code = 96
2025/10/09 05:02:33.709 [T:0xc9f8a] [DisplayControl] Enter MCCSOtherSet::GetVCP(), vcp code = 18
2025/10/09 05:02:33.750 [T:0x1d54e] [DisplayControl] Exit MCCSOtherSet::GetVCP()
2025/10/09 05:02:33.939 [T:0xc9f8a] [DisplayControl] Exit MCCSOtherSet::GetVCP()
2025/10/09 05:02:34.041 [T:0xc9f8a] [DisplayControl] Enter MCCSOtherSet::GetVCP(), vcp code = 245
2025/10/09 05:02:34.244 [T:0xc9f8a] [DisplayControl] Exit MCCSOtherSet::GetVCP()
2025/10/09 05:02:34.350 [T:0xc9f8a] [DisplayControl] Enter MCCSOtherSet::GetVCP(), vcp code = 16
2025/10/09 05:02:34.434 [T:0xc9f8a] [DisplayControl] Exit MCCSOtherSet::GetVCP()
2025/10/09 05:02:34.535 [T:0xc9f8a] [DisplayControl] Enter MCCSOtherSet::GetVCP(), vcp code = 97
2025/10/09 05:02:34.621 [T:0xc9f8a] [DisplayControl] Exit MCCSOtherSet::GetVCP()
2025/10/09 05:02:34.727 [T:0xc9f8a] [DisplayControl] Enter MCCSOtherSet::GetVCP(), vcp code = 141
2025/10/09 05:02:34.811 [T:0xc9f8a] [DisplayControl] Exit MCCSOtherSet::GetVCP()
2025/10/09 05:02:34.913 [T:0xc9f8a] [DisplayControl] Enter MCCSOtherSet::GetVCP(), vcp code = 225
2025/10/09 05:02:34.996 [T:0xc9f8a] [DisplayControl] Exit MCCSOtherSet::GetVCP()
2025/10/09 05:02:35.097 [T:0xc9f8a] [DisplayControl] Enter MCCSOtherSet::GetVCP(), vcp code = 220
2025/10/09 05:02:35.183 [T:0xc9f8a] [DisplayControl] Exit MCCSOtherSet::GetVCP()
2025/10/09 05:02:35.287 [T:0xc9f8a] [DisplayControl] Enter MCCSOtherSet::GetVCP(), vcp code = 96
2025/10/09 05:02:35.372 [T:0xc9f8a] [DisplayControl] Exit MCCSOtherSet::GetVCP()
2025/10/09 05:02:35.476 [T:0xc9f8a] [DisplayControl] Enter MCCSOtherSet::GetVCP(), vcp code = 43
2025/10/09 05:02:35.562 [T:0xc9f8a] [DisplayControl] Exit MCCSOtherSet::GetVCP()
2025/10/09 05:02:35.663 [T:0xc9f8a] [DisplayControl] Enter MCCSOtherSet::GetVCP(), vcp code = 51
2025/10/09 05:02:35.748 [T:0xc9f8a] [DisplayControl] Exit MCCSOtherSet::GetVCP()
2025/10/09 05:02:35.850 [T:0xc9f8a] [DisplayControl] Enter MCCSOtherSet::GetVCP(), vcp code = 135
2025/10/09 05:02:35.934 [T:0xc9f8a] [DisplayControl] Exit MCCSOtherSet::GetVCP()
2025/10/09 05:02:36.039 [T:0xc9f8a] [DisplayControl] Enter MCCSOtherSet::GetVCP(), vcp code = 4
2025/10/09 05:02:36.126 [T:0xc9f8a] [DisplayControl] Exit MCCSOtherSet::GetVCP()
2025/10/09 05:02:36.229 [T:0xc9f8a] [DisplayControl] Enter MCCSOtherSet::GetVCP(), vcp code = 98
2025/10/09 05:02:36.316 [T:0xc9f8a] [DisplayControl] Exit MCCSOtherSet::GetVCP()
2025/10/09 05:02:36.420 [T:0xc9f8a] [DisplayControl] Enter MCCSOtherSet::GetVCP(), vcp code = 226
2025/10/09 05:02:36.505 [T:0xc9f8a] [DisplayControl] Exit MCCSOtherSet::GetVCP()
2025/10/09 05:02:36.607 [T:0xc9f8a] [DisplayControl] Enter MCCSOtherSet::GetVCP(), vcp code = 236
2025/10/09 05:02:36.693 [T:0xc9f8a] [DisplayControl] Exit MCCSOtherSet::GetVCP()
2025/10/09 05:02:36.795 [T:0xc9f8a] [DisplayControl] Enter MCCSOtherSet::GetVCP(), vcp code = 18
2025/10/09 05:02:36.880 [T:0xc9f8a] [DisplayControl] Exit MCCSOtherSet::GetVCP()
2025/10/09 05:03:40.868 [T:0x1d54e] [DisplayControl] Enter MCCSOtherSet::GetVCP(), vcp code = 96
2025/10/09 05:03:40.980 [T:0x1d54e] [DisplayControl] Exit MCCSOtherSet::GetVCP()
2025/10/09 05:03:41.191 [T:0x85811] [DisplayControl] Enter MCCSOtherSet::GetVCP(), vcp code = 16
2025/10/09 05:03:41.317 [T:0x85811] [DisplayControl] Exit MCCSOtherSet::GetVCP()
2025/10/09 05:03:41.418 [T:0x85811] [DisplayControl] Enter MCCSOtherSet::GetVCP(), vcp code = 97
2025/10/09 05:03:41.504 [T:0x85811] [DisplayControl] Exit MCCSOtherSet::GetVCP()
2025/10/09 05:03:41.608 [T:0x85811] [DisplayControl] Enter MCCSOtherSet::GetVCP(), vcp code = 141
2025/10/09 05:03:41.694 [T:0x85811] [DisplayControl] Exit MCCSOtherSet::GetVCP()
2025/10/09 05:03:41.799 [T:0x85811] [DisplayControl] Enter MCCSOtherSet::GetVCP(), vcp code = 225
2025/10/09 05:03:41.886 [T:0x85811] [DisplayControl] Exit MCCSOtherSet::GetVCP()
2025/10/09 05:03:41.990 [T:0x85811] [DisplayControl] Enter MCCSOtherSet::GetVCP(), vcp code = 220
2025/10/09 05:03:42.075 [T:0x85811] [DisplayControl] Exit MCCSOtherSet::GetVCP()
2025/10/09 05:03:42.177 [T:0x85811] [DisplayControl] Enter MCCSOtherSet::GetVCP(), vcp code = 96
2025/10/09 05:03:42.262 [T:0x85811] [DisplayControl] Exit MCCSOtherSet::GetVCP()
2025/10/09 05:03:42.364 [T:0x85811] [DisplayControl] Enter MCCSOtherSet::GetVCP(), vcp code = 43
2025/10/09 05:03:42.449 [T:0x85811] [DisplayControl] Exit MCCSOtherSet::GetVCP()
2025/10/09 05:03:42.551 [T:0x85811] [DisplayControl] Enter MCCSOtherSet::GetVCP(), vcp code = 51
2025/10/09 05:03:42.637 [T:0x85811] [DisplayControl] Exit MCCSOtherSet::GetVCP()
2025/10/09 05:03:42.741 [T:0x85811] [DisplayControl] Enter MCCSOtherSet::GetVCP(), vcp code = 135
2025/10/09 05:03:42.827 [T:0x85811] [DisplayControl] Exit MCCSOtherSet::GetVCP()
2025/10/09 05:03:42.931 [T:0x85811] [DisplayControl] Enter MCCSOtherSet::GetVCP(), vcp code = 4
2025/10/09 05:03:43.016 [T:0x85811] [DisplayControl] Exit MCCSOtherSet::GetVCP()
2025/10/09 05:03:43.119 [T:0x85811] [DisplayControl] Enter MCCSOtherSet::GetVCP(), vcp code = 98
2025/10/09 05:03:43.205 [T:0x85811] [DisplayControl] Exit MCCSOtherSet::GetVCP()
2025/10/09 05:03:43.309 [T:0x85811] [DisplayControl] Enter MCCSOtherSet::GetVCP(), vcp code = 226
2025/10/09 05:03:43.395 [T:0x85811] [DisplayControl] Exit MCCSOtherSet::GetVCP()
2025/10/09 05:03:43.498 [T:0x85811] [DisplayControl] Enter MCCSOtherSet::GetVCP(), vcp code = 236
2025/10/09 05:03:43.583 [T:0x85811] [DisplayControl] Exit MCCSOtherSet::GetVCP()
2025/10/09 05:03:43.688 [T:0x85811] [DisplayControl] Enter MCCSOtherSet::GetVCP(), vcp code = 18
2025/10/09 05:03:43.774 [T:0x85811] [DisplayControl] Exit MCCSOtherSet::GetVCP()
2025/10/09 05:03:57.715 [T:0x85811] [DisplayControl] Enter MCCSOtherSet::SetVCP(), vcp code = 4
2025/10/09 05:03:58.671 [T:0x85811] [DisplayControl] Exit MCCSOtherSet::SetVCP()
2025/10/09 05:04:03.784 [T:0x85811] [DisplayControl] Enter OperationThread::ExitThread
2025/10/09 05:04:03.784 [T:0x85811] [DisplayControl] Exit OperationThread::ExitThread
2025/10/09 05:04:03.784 [T:0x85811] [DisplayControl] Enter OperationThread::~OperationThread()
2025/10/09 05:04:03.784 [T:0x85811] [DisplayControl] Enter OperationThread::ExitThread
2025/10/09 05:04:03.784 [T:0x85811] [DisplayControl] Enter OperationThread::ExitThread
2025/10/09 05:04:03.785 [T:0x85811] [DisplayControl] Exit OperationThread::ExitThread
2025/10/09 05:04:03.785 [T:0x85811] [DisplayControl] Enter OperationThread::~OperationThread()
2025/10/09 05:04:03.785 [T:0x85811] [DisplayControl] Enter OperationThread::ExitThread
2025/10/09 05:04:03.812 [T:0x85811] [DbgStr] After calling display_control_client_listener_video_port_.UpdateAllDisplayPath()
2025/10/09 05:04:03.833 [T:0x85811] [DbgStr] After calling display_control_client_listener_.GetAllDisplayEDID()
2025/10/09 05:04:03.835 [T:0x85811] [DisplayControl] Version = 3.0.6.0
2025/10/09 05:04:03.835 [T:0x85811] [DisplayControl] Enter ObtainControlHandler1
2025/10/09 05:04:03.835 [T:0x85811] [DisplayControl] GetVideoPortCommander
2025/10/09 05:04:03.835 [T:0x85811] [DisplayControl] GetUSBHubCommander
2025/10/09 05:04:03.835 [T:0x85811] ====== List p_lpo_display_info_video_port, # of devices is ======2
2025/10/09 05:04:03.835 [T:0x85811] [DisplayControl] index of p_lpo_display_info_video_port0
2025/10/09 05:04:03.835 [T:0x85811] [DisplayControl] Model name from VideoPort = VG2458
2025/10/09 05:04:03.835 [T:0x85811] [DisplayControl] SN from VideoPort = YDJ243400006
2025/10/09 05:04:03.835 [T:0x85811] [DisplayControl] index of p_lpo_display_info_video_port1
2025/10/09 05:04:03.835 [T:0x85811] [DisplayControl] Model name from VideoPort = VG275
2025/10/09 05:04:03.835 [T:0x85811] [DisplayControl] SN from VideoPort = XF6232400003
2025/10/09 05:04:03.835 [T:0x85811] ====== List p_lpo_display_info_rtd_scalar_rts_hub, # of devices is ======0
2025/10/09 05:04:03.835 [T:0x85811] [DisplayControl] GetVSRtkHubControlClientListener
2025/10/09 05:04:03.836 [T:0x85811] [DisplayControl] max monitor count = 2
2025/10/09 05:04:03.836 [T:0x85811] [DisplayControl] index of display_info_vec = 0
2025/10/09 05:04:03.836 [T:0x85811] [DisplayControl] index of p_lpo_display_info_video_port = 0
2025/10/09 05:04:03.836 [T:0x85811] [DisplayControl] VideoPortMatchingRule
2025/10/09 05:04:03.836 [T:0x85811] [DisplayControl] monitor display_info_model_name = VG2458
2025/10/09 05:04:03.836 [T:0x85811] [DisplayControl] monitor video_port_model_name = VG2458
2025/10/09 05:04:03.836 [T:0x85811] [DisplayControl] monitor display_info_sn = YDJ243400006
2025/10/09 05:04:03.836 [T:0x85811] [DisplayControl] monitor video_port_sn = YDJ243400006
2025/10/09 05:04:03.836 [T:0x85811] [DisplayControl] model_name_match = 1
2025/10/09 05:04:03.836 [T:0x85811] [DisplayControl] sn_match = 1
2025/10/09 05:04:03.836 [T:0x85811] [DisplayControl] video_port is_match = 1
2025/10/09 05:04:03.836 [T:0x85811] [DisplayControl] index of display_info_vec = 1
2025/10/09 05:04:03.836 [T:0x85811] [DisplayControl] index of p_lpo_display_info_video_port = 0
2025/10/09 05:04:03.836 [T:0x85811] [DisplayControl] VideoPortMatchingRule
2025/10/09 05:04:03.836 [T:0x85811] [DisplayControl] monitor display_info_model_name = VG275
2025/10/09 05:04:03.836 [T:0x85811] [DisplayControl] monitor video_port_model_name = VG2458
2025/10/09 05:04:03.836 [T:0x85811] [DisplayControl] monitor display_info_sn = XF6232400003
2025/10/09 05:04:03.836 [T:0x85811] [DisplayControl] monitor video_port_sn = YDJ243400006
2025/10/09 05:04:03.836 [T:0x85811] [DisplayControl] model_name_match = 0
2025/10/09 05:04:03.836 [T:0x85811] [DisplayControl] sn_match = 0
2025/10/09 05:04:03.836 [T:0x85811] [DisplayControl] video_port is_match = 0
2025/10/09 05:04:03.836 [T:0x85811] [DisplayControl] index of display_info_vec = 1
2025/10/09 05:04:03.836 [T:0x85811] [DisplayControl] index of p_lpo_display_info_video_port = 1
2025/10/09 05:04:03.836 [T:0x85811] [DisplayControl] VideoPortMatchingRule
2025/10/09 05:04:03.836 [T:0x85811] [DisplayControl] monitor display_info_model_name = VG275
2025/10/09 05:04:03.836 [T:0x85811] [DisplayControl] monitor video_port_model_name = VG275
2025/10/09 05:04:03.836 [T:0x85811] [DisplayControl] monitor display_info_sn = XF6232400003
2025/10/09 05:04:03.837 [T:0x85811] [DisplayControl] monitor video_port_sn = XF6232400003
2025/10/09 05:04:03.837 [T:0x85811] [DisplayControl] model_name_match = 1
2025/10/09 05:04:03.837 [T:0x85811] [DisplayControl] sn_match = 1
2025/10/09 05:04:03.837 [T:0x85811] [DisplayControl] video_port is_match = 1
2025/10/09 05:04:03.837 [T:0x85811] [DisplayControl] i = 0
2025/10/09 05:04:03.837 [T:0x85811] [DisplayControl] Enter OperationThread::OperationThread()
2025/10/09 05:04:03.837 [T:0x85811] [DisplayControl] Enter OperationThread::CreateThread
2025/10/09 05:04:03.837 [T:0x85811] [DisplayControl] new DisplayFunctioner
2025/10/09 05:04:03.837 [T:0x85811] [DisplayControl] insert displayer_vector
2025/10/09 05:04:03.837 [T:0x85811] [DisplayControl] insert modelName_SN_to_Display_map
2025/10/09 05:04:03.837 [T:0x85811] [DisplayControl] insert device_id_to_Displayer_map_
2025/10/09 05:04:03.837 [T:0x85811] [DisplayControl] i = 1
2025/10/09 05:04:03.837 [T:0x85811] [DisplayControl] Enter OperationThread::OperationThread()
2025/10/09 05:04:03.837 [T:0x85811] [DisplayControl] Enter OperationThread::CreateThread
2025/10/09 05:04:03.837 [T:0x85811] [DisplayControl] new DisplayFunctioner
2025/10/09 05:04:03.837 [T:0x85811] [DisplayControl] insert displayer_vector
2025/10/09 05:04:03.837 [T:0x85811] [DisplayControl] insert modelName_SN_to_Display_map
2025/10/09 05:04:03.837 [T:0x85811] [DisplayControl] insert device_id_to_Displayer_map_
2025/10/09 05:04:03.837 [T:0x85811] [DisplayControl] monitor size = 2
2025/10/09 05:04:03.837 [T:0x85811] [DisplayControl] Exit ObtainControlHandler
2025/10/09 05:04:03.837 [T:0x85811] [DisplayControl] Enter MCCSOtherSet::GetVCP(), vcp code = 16
2025/10/09 05:04:03.932 [T:0x85811] [DisplayControl] Exit MCCSOtherSet::GetVCP()
2025/10/09 05:04:03.933 [T:0x85811] [DisplayControl] Enter MCCSOtherSet::GetVCP(), vcp code = 16
2025/10/09 05:04:04.024 [T:0x85811] [DisplayControl] Exit MCCSOtherSet::GetVCP()
2025/10/09 05:04:04.131 [T:0x85811] [DisplayControl] Enter MCCSOtherSet::GetVCP(), vcp code = 97
2025/10/09 05:04:04.213 [T:0x85811] [DisplayControl] Exit MCCSOtherSet::GetVCP()
2025/10/09 05:04:04.318 [T:0x85811] [DisplayControl] Enter MCCSOtherSet::GetVCP(), vcp code = 141
2025/10/09 05:04:04.399 [T:0x85811] [DisplayControl] Exit MCCSOtherSet::GetVCP()
2025/10/09 05:04:04.506 [T:0x85811] [DisplayControl] Enter MCCSOtherSet::GetVCP(), vcp code = 225
2025/10/09 05:04:04.586 [T:0x85811] [DisplayControl] Exit MCCSOtherSet::GetVCP()
2025/10/09 05:04:04.695 [T:0x85811] [DisplayControl] Enter MCCSOtherSet::GetVCP(), vcp code = 220
2025/10/09 05:04:04.776 [T:0x85811] [DisplayControl] Exit MCCSOtherSet::GetVCP()
2025/10/09 05:04:04.880 [T:0x85811] [DisplayControl] Enter MCCSOtherSet::GetVCP(), vcp code = 96
2025/10/09 05:04:04.960 [T:0x85811] [DisplayControl] Exit MCCSOtherSet::GetVCP()
2025/10/09 05:04:05.065 [T:0x85811] [DisplayControl] Enter MCCSOtherSet::GetVCP(), vcp code = 43
2025/10/09 05:04:05.146 [T:0x85811] [DisplayControl] Exit MCCSOtherSet::GetVCP()
2025/10/09 05:04:05.255 [T:0x85811] [DisplayControl] Enter MCCSOtherSet::GetVCP(), vcp code = 51
2025/10/09 05:04:05.337 [T:0x85811] [DisplayControl] Exit MCCSOtherSet::GetVCP()
2025/10/09 05:04:05.444 [T:0x85811] [DisplayControl] Enter MCCSOtherSet::GetVCP(), vcp code = 135
2025/10/09 05:04:05.523 [T:0x85811] [DisplayControl] Exit MCCSOtherSet::GetVCP()
2025/10/09 05:04:05.628 [T:0x85811] [DisplayControl] Enter MCCSOtherSet::GetVCP(), vcp code = 20
2025/10/09 05:04:05.708 [T:0x85811] [DisplayControl] Exit MCCSOtherSet::GetVCP()
2025/10/09 05:04:05.814 [T:0x85811] [DisplayControl] Enter MCCSOtherSet::GetVCP(), vcp code = 4
2025/10/09 05:04:05.895 [T:0x85811] [DisplayControl] Exit MCCSOtherSet::GetVCP()
2025/10/09 05:04:06.004 [T:0x85811] [DisplayControl] Enter MCCSOtherSet::GetVCP(), vcp code = 98
2025/10/09 05:04:06.084 [T:0x85811] [DisplayControl] Exit MCCSOtherSet::GetVCP()
2025/10/09 05:04:06.190 [T:0x85811] [DisplayControl] Enter MCCSOtherSet::GetVCP(), vcp code = 18
2025/10/09 05:04:06.270 [T:0x85811] [DisplayControl] Exit MCCSOtherSet::GetVCP()
2025/10/09 05:04:06.376 [T:0x85811] [DisplayControl] Enter MCCSOtherSet::GetVCP(), vcp code = 245
2025/10/09 05:04:06.458 [T:0x85811] [DisplayControl] Exit MCCSOtherSet::GetVCP()
2025/10/09 05:04:06.568 [T:0x85811] [DisplayControl] Enter MCCSOtherSet::GetVCP(), vcp code = 16
2025/10/09 05:04:06.654 [T:0x85811] [DisplayControl] Exit MCCSOtherSet::GetVCP()
2025/10/09 05:04:06.759 [T:0x85811] [DisplayControl] Enter MCCSOtherSet::GetVCP(), vcp code = 97
2025/10/09 05:04:06.845 [T:0x85811] [DisplayControl] Exit MCCSOtherSet::GetVCP()
2025/10/09 05:04:06.948 [T:0x85811] [DisplayControl] Enter MCCSOtherSet::GetVCP(), vcp code = 141
2025/10/09 05:04:07.035 [T:0x85811] [DisplayControl] Exit MCCSOtherSet::GetVCP()
2025/10/09 05:04:07.137 [T:0x85811] [DisplayControl] Enter MCCSOtherSet::GetVCP(), vcp code = 225
2025/10/09 05:04:07.222 [T:0x85811] [DisplayControl] Exit MCCSOtherSet::GetVCP()
2025/10/09 05:04:07.325 [T:0x85811] [DisplayControl] Enter MCCSOtherSet::GetVCP(), vcp code = 220
2025/10/09 05:04:07.411 [T:0x85811] [DisplayControl] Exit MCCSOtherSet::GetVCP()
2025/10/09 05:04:07.513 [T:0x85811] [DisplayControl] Enter MCCSOtherSet::GetVCP(), vcp code = 96
2025/10/09 05:04:07.599 [T:0x85811] [DisplayControl] Exit MCCSOtherSet::GetVCP()
2025/10/09 05:04:07.704 [T:0x85811] [DisplayControl] Enter MCCSOtherSet::GetVCP(), vcp code = 43
2025/10/09 05:04:07.790 [T:0x85811] [DisplayControl] Exit MCCSOtherSet::GetVCP()
2025/10/09 05:04:07.895 [T:0x85811] [DisplayControl] Enter MCCSOtherSet::GetVCP(), vcp code = 51
2025/10/09 05:04:07.982 [T:0x85811] [DisplayControl] Exit MCCSOtherSet::GetVCP()
2025/10/09 05:04:08.085 [T:0x85811] [DisplayControl] Enter MCCSOtherSet::GetVCP(), vcp code = 135
2025/10/09 05:04:08.170 [T:0x85811] [DisplayControl] Exit MCCSOtherSet::GetVCP()
2025/10/09 05:04:08.272 [T:0x85811] [DisplayControl] Enter MCCSOtherSet::GetVCP(), vcp code = 4
2025/10/09 05:04:08.356 [T:0x85811] [DisplayControl] Exit MCCSOtherSet::GetVCP()
2025/10/09 05:04:08.459 [T:0x85811] [DisplayControl] Enter MCCSOtherSet::GetVCP(), vcp code = 98
2025/10/09 05:04:08.545 [T:0x85811] [DisplayControl] Exit MCCSOtherSet::GetVCP()
2025/10/09 05:04:08.647 [T:0x85811] [DisplayControl] Enter MCCSOtherSet::GetVCP(), vcp code = 226
2025/10/09 05:04:08.734 [T:0x85811] [DisplayControl] Exit MCCSOtherSet::GetVCP()
2025/10/09 05:04:08.839 [T:0x85811] [DisplayControl] Enter MCCSOtherSet::GetVCP(), vcp code = 236
2025/10/09 05:04:08.925 [T:0x85811] [DisplayControl] Exit MCCSOtherSet::GetVCP()
2025/10/09 05:04:09.029 [T:0x85811] [DisplayControl] Enter MCCSOtherSet::GetVCP(), vcp code = 18
2025/10/09 05:04:09.116 [T:0x85811] [DisplayControl] Exit MCCSOtherSet::GetVCP()
2025/10/09 05:05:08.102 [T:0x1d54e] [DisplayControl] Enter MCCSOtherSet::GetVCP(), vcp code = 96
2025/10/09 05:05:08.203 [T:0x1d54e] [DisplayControl] Exit MCCSOtherSet::GetVCP()
2025/10/09 05:05:08.382 [T:0xd0212] [DisplayControl] Enter MCCSOtherSet::GetVCP(), vcp code = 16
2025/10/09 05:05:08.549 [T:0xd0212] [DisplayControl] Exit MCCSOtherSet::GetVCP()
2025/10/09 05:05:08.650 [T:0xd0212] [DisplayControl] Enter MCCSOtherSet::GetVCP(), vcp code = 97
2025/10/09 05:05:08.737 [T:0xd0212] [DisplayControl] Exit MCCSOtherSet::GetVCP()
2025/10/09 05:05:08.843 [T:0xd0212] [DisplayControl] Enter MCCSOtherSet::GetVCP(), vcp code = 141
2025/10/09 05:05:08.923 [T:0xd0212] [DisplayControl] Exit MCCSOtherSet::GetVCP()
2025/10/09 05:05:09.031 [T:0xd0212] [DisplayControl] Enter MCCSOtherSet::GetVCP(), vcp code = 225
2025/10/09 05:05:09.114 [T:0xd0212] [DisplayControl] Exit MCCSOtherSet::GetVCP()
2025/10/09 05:05:09.222 [T:0xd0212] [DisplayControl] Enter MCCSOtherSet::GetVCP(), vcp code = 220
2025/10/09 05:05:09.305 [T:0xd0212] [DisplayControl] Exit MCCSOtherSet::GetVCP()
2025/10/09 05:05:09.413 [T:0xd0212] [DisplayControl] Enter MCCSOtherSet::GetVCP(), vcp code = 96
2025/10/09 05:05:09.494 [T:0xd0212] [DisplayControl] Exit MCCSOtherSet::GetVCP()
2025/10/09 05:05:09.599 [T:0xd0212] [DisplayControl] Enter MCCSOtherSet::GetVCP(), vcp code = 43
2025/10/09 05:05:09.679 [T:0xd0212] [DisplayControl] Exit MCCSOtherSet::GetVCP()
2025/10/09 05:05:09.784 [T:0xd0212] [DisplayControl] Enter MCCSOtherSet::GetVCP(), vcp code = 51
2025/10/09 05:05:09.866 [T:0xd0212] [DisplayControl] Exit MCCSOtherSet::GetVCP()
2025/10/09 05:05:09.974 [T:0xd0212] [DisplayControl] Enter MCCSOtherSet::GetVCP(), vcp code = 135
2025/10/09 05:05:10.055 [T:0xd0212] [DisplayControl] Exit MCCSOtherSet::GetVCP()
2025/10/09 05:05:10.163 [T:0xd0212] [DisplayControl] Enter MCCSOtherSet::GetVCP(), vcp code = 20
2025/10/09 05:05:10.244 [T:0xd0212] [DisplayControl] Exit MCCSOtherSet::GetVCP()
2025/10/09 05:05:10.349 [T:0xd0212] [DisplayControl] Enter MCCSOtherSet::GetVCP(), vcp code = 4
2025/10/09 05:05:10.429 [T:0xd0212] [DisplayControl] Exit MCCSOtherSet::GetVCP()
2025/10/09 05:05:10.535 [T:0xd0212] [DisplayControl] Enter MCCSOtherSet::GetVCP(), vcp code = 98
2025/10/09 05:05:10.618 [T:0xd0212] [DisplayControl] Exit MCCSOtherSet::GetVCP()
2025/10/09 05:05:10.726 [T:0xd0212] [DisplayControl] Enter MCCSOtherSet::GetVCP(), vcp code = 18
2025/10/09 05:05:10.807 [T:0xd0212] [DisplayControl] Exit MCCSOtherSet::GetVCP()
2025/10/09 05:05:10.914 [T:0xd0212] [DisplayControl] Enter MCCSOtherSet::GetVCP(), vcp code = 245
2025/10/09 05:05:10.994 [T:0xd0212] [DisplayControl] Exit MCCSOtherSet::GetVCP()
2025/10/09 05:05:25.004 [T:0xd0212] [DisplayControl] Enter MCCSOtherSet::SetVCP(), vcp code = 16
2025/10/09 05:05:25.195 [T:0xd0212] [DisplayControl] Exit MCCSOtherSet::SetVCP()
2025/10/09 05:06:00.290 [T:0x6ce36] [DisplayControl] Enter MCCSOtherSet::SetVCP(), vcp code = 18
2025/10/09 05:06:00.474 [T:0x6ce36] [DisplayControl] Exit MCCSOtherSet::SetVCP()
2025/10/09 05:06:29.996 [T:0x1d54e] [DisplayControl] Enter MCCSOtherSet::GetVCP(), vcp code = 96
2025/10/09 05:06:30.102 [T:0x1d54e] [DisplayControl] Exit MCCSOtherSet::GetVCP()
2025/10/09 05:06:30.276 [T:0x6ce36] [DisplayControl] Enter MCCSOtherSet::GetVCP(), vcp code = 16
2025/10/09 05:06:30.412 [T:0x6ce36] [DisplayControl] Exit MCCSOtherSet::GetVCP()
2025/10/09 05:06:30.513 [T:0x6ce36] [DisplayControl] Enter MCCSOtherSet::GetVCP(), vcp code = 97
2025/10/09 05:06:30.599 [T:0x6ce36] [DisplayControl] Exit MCCSOtherSet::GetVCP()
2025/10/09 05:06:30.703 [T:0x6ce36] [DisplayControl] Enter MCCSOtherSet::GetVCP(), vcp code = 141
2025/10/09 05:06:30.788 [T:0x6ce36] [DisplayControl] Exit MCCSOtherSet::GetVCP()
2025/10/09 05:06:30.890 [T:0x6ce36] [DisplayControl] Enter MCCSOtherSet::GetVCP(), vcp code = 225
2025/10/09 05:06:30.974 [T:0x6ce36] [DisplayControl] Exit MCCSOtherSet::GetVCP()
2025/10/09 05:06:31.079 [T:0x6ce36] [DisplayControl] Enter MCCSOtherSet::GetVCP(), vcp code = 220
2025/10/09 05:06:31.166 [T:0x6ce36] [DisplayControl] Exit MCCSOtherSet::GetVCP()
2025/10/09 05:06:31.269 [T:0x6ce36] [DisplayControl] Enter MCCSOtherSet::GetVCP(), vcp code = 96
2025/10/09 05:06:31.354 [T:0x6ce36] [DisplayControl] Exit MCCSOtherSet::GetVCP()
2025/10/09 05:06:31.457 [T:0x6ce36] [DisplayControl] Enter MCCSOtherSet::GetVCP(), vcp code = 43
2025/10/09 05:06:31.542 [T:0x6ce36] [DisplayControl] Exit MCCSOtherSet::GetVCP()
2025/10/09 05:06:31.644 [T:0x6ce36] [DisplayControl] Enter MCCSOtherSet::GetVCP(), vcp code = 51
2025/10/09 05:06:31.743 [T:0x6ce36] [DisplayControl] Exit MCCSOtherSet::GetVCP()
2025/10/09 05:06:31.847 [T:0x6ce36] [DisplayControl] Enter MCCSOtherSet::GetVCP(), vcp code = 135
2025/10/09 05:06:31.934 [T:0x6ce36] [DisplayControl] Exit MCCSOtherSet::GetVCP()
2025/10/09 05:06:32.039 [T:0x6ce36] [DisplayControl] Enter MCCSOtherSet::GetVCP(), vcp code = 4
2025/10/09 05:06:32.123 [T:0x6ce36] [DisplayControl] Exit MCCSOtherSet::GetVCP()
2025/10/09 05:06:32.225 [T:0x6ce36] [DisplayControl] Enter MCCSOtherSet::GetVCP(), vcp code = 98
2025/10/09 05:06:32.309 [T:0x6ce36] [DisplayControl] Exit MCCSOtherSet::GetVCP()
2025/10/09 05:06:32.411 [T:0x6ce36] [DisplayControl] Enter MCCSOtherSet::GetVCP(), vcp code = 226
2025/10/09 05:06:32.495 [T:0x6ce36] [DisplayControl] Exit MCCSOtherSet::GetVCP()
2025/10/09 05:06:32.599 [T:0x6ce36] [DisplayControl] Enter MCCSOtherSet::GetVCP(), vcp code = 236
2025/10/09 05:06:32.684 [T:0x6ce36] [DisplayControl] Exit MCCSOtherSet::GetVCP()
2025/10/09 05:06:32.788 [T:0x6ce36] [DisplayControl] Enter MCCSOtherSet::GetVCP(), vcp code = 18
2025/10/09 05:06:32.873 [T:0x6ce36] [DisplayControl] Exit MCCSOtherSet::GetVCP()
2025/10/09 05:06:47.008 [T:0x6ce36] [DisplayControl] Enter MCCSOtherSet::SetVCP(), vcp code = 16
2025/10/09 05:06:47.224 [T:0x6ce36] [DisplayControl] Exit MCCSOtherSet::SetVCP()
2025/10/09 05:07:22.260 [T:0x0aae7] [DisplayControl] Enter MCCSOtherSet::SetVCP(), vcp code = 18
2025/10/09 05:07:22.464 [T:0x0aae7] [DisplayControl] Exit MCCSOtherSet::SetVCP()
2025/10/09 05:12:37.334 [T:0x614b4] [DisplayControl] Enter MCCSOtherSet::SetVCP(), vcp code = 4
2025/10/09 05:12:38.286 [T:0x614b4] [DisplayControl] Exit MCCSOtherSet::SetVCP()
2025/10/09 05:12:43.405 [T:0x614b4] [DisplayControl] Enter OperationThread::ExitThread
2025/10/09 05:12:43.405 [T:0x614b4] [DisplayControl] Exit OperationThread::ExitThread
2025/10/09 05:12:43.406 [T:0x614b4] [DisplayControl] Enter OperationThread::~OperationThread()
2025/10/09 05:12:43.406 [T:0x614b4] [DisplayControl] Enter OperationThread::ExitThread
2025/10/09 05:12:43.406 [T:0x614b4] [DisplayControl] Enter OperationThread::ExitThread
2025/10/09 05:12:43.406 [T:0x614b4] [DisplayControl] Exit OperationThread::ExitThread
2025/10/09 05:12:43.406 [T:0x614b4] [DisplayControl] Enter OperationThread::~OperationThread()
2025/10/09 05:12:43.406 [T:0x614b4] [DisplayControl] Enter OperationThread::ExitThread
2025/10/09 05:12:43.431 [T:0x614b4] [DbgStr] After calling display_control_client_listener_video_port_.UpdateAllDisplayPath()
2025/10/09 05:12:43.451 [T:0x614b4] [DbgStr] After calling display_control_client_listener_.GetAllDisplayEDID()
2025/10/09 05:12:43.453 [T:0x614b4] [DisplayControl] Version = 3.0.6.0
2025/10/09 05:12:43.454 [T:0x614b4] [DisplayControl] Enter ObtainControlHandler1
2025/10/09 05:12:43.454 [T:0x614b4] [DisplayControl] GetVideoPortCommander
2025/10/09 05:12:43.454 [T:0x614b4] [DisplayControl] GetUSBHubCommander
2025/10/09 05:12:43.454 [T:0x614b4] ====== List p_lpo_display_info_video_port, # of devices is ======2
2025/10/09 05:12:43.454 [T:0x614b4] [DisplayControl] index of p_lpo_display_info_video_port0
2025/10/09 05:12:43.454 [T:0x614b4] [DisplayControl] Model name from VideoPort = VG2458
2025/10/09 05:12:43.454 [T:0x614b4] [DisplayControl] SN from VideoPort = YDJ243400006
2025/10/09 05:12:43.454 [T:0x614b4] [DisplayControl] index of p_lpo_display_info_video_port1
2025/10/09 05:12:43.454 [T:0x614b4] [DisplayControl] Model name from VideoPort = VG275
2025/10/09 05:12:43.454 [T:0x614b4] [DisplayControl] SN from VideoPort = XF6232400003
2025/10/09 05:12:43.454 [T:0x614b4] ====== List p_lpo_display_info_rtd_scalar_rts_hub, # of devices is ======0
2025/10/09 05:12:43.454 [T:0x614b4] [DisplayControl] GetVSRtkHubControlClientListener
2025/10/09 05:12:43.454 [T:0x614b4] [DisplayControl] max monitor count = 2
2025/10/09 05:12:43.454 [T:0x614b4] [DisplayControl] index of display_info_vec = 0
2025/10/09 05:12:43.454 [T:0x614b4] [DisplayControl] index of p_lpo_display_info_video_port = 0
2025/10/09 05:12:43.454 [T:0x614b4] [DisplayControl] VideoPortMatchingRule
2025/10/09 05:12:43.454 [T:0x614b4] [DisplayControl] monitor display_info_model_name = VG2458
2025/10/09 05:12:43.454 [T:0x614b4] [DisplayControl] monitor video_port_model_name = VG2458
2025/10/09 05:12:43.454 [T:0x614b4] [DisplayControl] monitor display_info_sn = YDJ243400006
2025/10/09 05:12:43.454 [T:0x614b4] [DisplayControl] monitor video_port_sn = YDJ243400006
2025/10/09 05:12:43.454 [T:0x614b4] [DisplayControl] model_name_match = 1
2025/10/09 05:12:43.454 [T:0x614b4] [DisplayControl] sn_match = 1
2025/10/09 05:12:43.454 [T:0x614b4] [DisplayControl] video_port is_match = 1
2025/10/09 05:12:43.454 [T:0x614b4] [DisplayControl] index of display_info_vec = 1
2025/10/09 05:12:43.454 [T:0x614b4] [DisplayControl] index of p_lpo_display_info_video_port = 0
2025/10/09 05:12:43.454 [T:0x614b4] [DisplayControl] VideoPortMatchingRule
2025/10/09 05:12:43.455 [T:0x614b4] [DisplayControl] monitor display_info_model_name = VG275
2025/10/09 05:12:43.455 [T:0x614b4] [DisplayControl] monitor video_port_model_name = VG2458
2025/10/09 05:12:43.455 [T:0x614b4] [DisplayControl] monitor display_info_sn = XF6232400003
2025/10/09 05:12:43.455 [T:0x614b4] [DisplayControl] monitor video_port_sn = YDJ243400006
2025/10/09 05:12:43.455 [T:0x614b4] [DisplayControl] model_name_match = 0
2025/10/09 05:12:43.455 [T:0x614b4] [DisplayControl] sn_match = 0
2025/10/09 05:12:43.455 [T:0x614b4] [DisplayControl] video_port is_match = 0
2025/10/09 05:12:43.455 [T:0x614b4] [DisplayControl] index of display_info_vec = 1
2025/10/09 05:12:43.455 [T:0x614b4] [DisplayControl] index of p_lpo_display_info_video_port = 1
2025/10/09 05:12:43.455 [T:0x614b4] [DisplayControl] VideoPortMatchingRule
2025/10/09 05:12:43.455 [T:0x614b4] [DisplayControl] monitor display_info_model_name = VG275
2025/10/09 05:12:43.455 [T:0x614b4] [DisplayControl] monitor video_port_model_name = VG275
2025/10/09 05:12:43.455 [T:0x614b4] [DisplayControl] monitor display_info_sn = XF6232400003
2025/10/09 05:12:43.455 [T:0x614b4] [DisplayControl] monitor video_port_sn = XF6232400003
2025/10/09 05:12:43.455 [T:0x614b4] [DisplayControl] model_name_match = 1
2025/10/09 05:12:43.455 [T:0x614b4] [DisplayControl] sn_match = 1
2025/10/09 05:12:43.455 [T:0x614b4] [DisplayControl] video_port is_match = 1
2025/10/09 05:12:43.455 [T:0x614b4] [DisplayControl] i = 0
2025/10/09 05:12:43.455 [T:0x614b4] [DisplayControl] Enter OperationThread::OperationThread()
2025/10/09 05:12:43.455 [T:0x614b4] [DisplayControl] Enter OperationThread::CreateThread
2025/10/09 05:12:43.455 [T:0x614b4] [DisplayControl] new DisplayFunctioner
2025/10/09 05:12:43.455 [T:0x614b4] [DisplayControl] insert displayer_vector
2025/10/09 05:12:43.455 [T:0x614b4] [DisplayControl] insert modelName_SN_to_Display_map
2025/10/09 05:12:43.455 [T:0x614b4] [DisplayControl] insert device_id_to_Displayer_map_
2025/10/09 05:12:43.455 [T:0x614b4] [DisplayControl] i = 1
2025/10/09 05:12:43.456 [T:0x614b4] [DisplayControl] Enter OperationThread::OperationThread()
2025/10/09 05:12:43.456 [T:0x614b4] [DisplayControl] Enter OperationThread::CreateThread
2025/10/09 05:12:43.456 [T:0x614b4] [DisplayControl] new DisplayFunctioner
2025/10/09 05:12:43.456 [T:0x614b4] [DisplayControl] insert displayer_vector
2025/10/09 05:12:43.456 [T:0x614b4] [DisplayControl] insert modelName_SN_to_Display_map
2025/10/09 05:12:43.456 [T:0x614b4] [DisplayControl] insert device_id_to_Displayer_map_
2025/10/09 05:12:43.456 [T:0x614b4] [DisplayControl] monitor size = 2
2025/10/09 05:12:43.456 [T:0x614b4] [DisplayControl] Exit ObtainControlHandler
2025/10/09 05:12:43.456 [T:0x614b4] [DisplayControl] Enter MCCSOtherSet::GetVCP(), vcp code = 16
2025/10/09 05:12:43.551 [T:0x614b4] [DisplayControl] Exit MCCSOtherSet::GetVCP()
2025/10/09 05:12:43.551 [T:0x614b4] [DisplayControl] Enter MCCSOtherSet::GetVCP(), vcp code = 16
2025/10/09 05:12:43.626 [T:0x614b4] [DisplayControl] Exit MCCSOtherSet::GetVCP()
2025/10/09 05:12:43.627 [T:0x614b4] [DisplayControl] Enter MCCSOtherSet::GetVCP(), vcp code = 16
2025/10/09 05:12:43.770 [T:0x614b4] [DisplayControl] Exit MCCSOtherSet::GetVCP()
2025/10/09 05:12:43.770 [T:0x614b4] [DisplayControl] Enter MCCSOtherSet::GetVCP(), vcp code = 16
2025/10/09 05:12:43.911 [T:0x614b4] [DisplayControl] Exit MCCSOtherSet::GetVCP()
2025/10/09 05:12:43.912 [T:0x614b4] [DisplayControl] Enter MCCSOtherSet::GetVCP(), vcp code = 16
2025/10/09 05:12:44.054 [T:0x614b4] [DisplayControl] Exit MCCSOtherSet::GetVCP()
2025/10/09 05:12:44.054 [T:0x614b4] [DisplayControl] Enter MCCSOtherSet::GetVCP(), vcp code = 16
2025/10/09 05:12:44.193 [T:0x614b4] [DisplayControl] Exit MCCSOtherSet::GetVCP()
2025/10/09 05:12:44.194 [T:0x614b4] [DisplayControl] Enter MCCSOtherSet::GetVCP(), vcp code = 16
2025/10/09 05:12:44.333 [T:0x614b4] [DisplayControl] Exit MCCSOtherSet::GetVCP()
2025/10/09 05:12:44.334 [T:0x614b4] [DisplayControl] Enter MCCSOtherSet::GetVCP(), vcp code = 16
2025/10/09 05:12:44.475 [T:0x614b4] [DisplayControl] Exit MCCSOtherSet::GetVCP()
2025/10/09 05:12:44.476 [T:0x614b4] [DisplayControl] Enter MCCSOtherSet::GetVCP(), vcp code = 16
2025/10/09 05:12:44.618 [T:0x614b4] [DisplayControl] Exit MCCSOtherSet::GetVCP()
2025/10/09 05:12:44.619 [T:0x614b4] [DisplayControl] Enter MCCSOtherSet::GetVCP(), vcp code = 16
2025/10/09 05:12:44.760 [T:0x614b4] [DisplayControl] Exit MCCSOtherSet::GetVCP()
2025/10/09 05:12:44.760 [T:0x614b4] [DisplayControl] Enter MCCSOtherSet::GetVCP(), vcp code = 16
2025/10/09 05:12:44.901 [T:0x614b4] [DisplayControl] Exit MCCSOtherSet::GetVCP()
2025/10/09 05:12:44.901 [T:0x614b4] [DisplayControl] Enter MCCSOtherSet::GetVCP(), vcp code = 16
2025/10/09 05:12:45.040 [T:0x614b4] [DisplayControl] Exit MCCSOtherSet::GetVCP()
2025/10/09 05:12:45.040 [T:0x614b4] [DisplayControl] Enter MCCSOtherSet::GetVCP(), vcp code = 16
2025/10/09 05:12:45.179 [T:0x614b4] [DisplayControl] Exit MCCSOtherSet::GetVCP()
2025/10/09 05:12:45.179 [T:0x614b4] [DisplayControl] Enter MCCSOtherSet::GetVCP(), vcp code = 16
2025/10/09 05:12:45.322 [T:0x614b4] [DisplayControl] Exit MCCSOtherSet::GetVCP()
2025/10/09 05:12:45.322 [T:0x614b4] [DisplayControl] Enter MCCSOtherSet::GetVCP(), vcp code = 16
2025/10/09 05:12:45.463 [T:0x614b4] [DisplayControl] Exit MCCSOtherSet::GetVCP()
2025/10/09 05:12:45.464 [T:0x614b4] [DisplayControl] Enter MCCSOtherSet::GetVCP(), vcp code = 16
2025/10/09 05:12:45.606 [T:0x614b4] [DisplayControl] Exit MCCSOtherSet::GetVCP()
2025/10/09 05:12:45.606 [T:0x614b4] [DisplayControl] Enter MCCSOtherSet::GetVCP(), vcp code = 16
2025/10/09 05:12:45.749 [T:0x614b4] [DisplayControl] Exit MCCSOtherSet::GetVCP()
2025/10/09 05:12:45.750 [T:0x614b4] [DisplayControl] Enter MCCSOtherSet::GetVCP(), vcp code = 16
2025/10/09 05:12:45.893 [T:0x614b4] [DisplayControl] Exit MCCSOtherSet::GetVCP()
2025/10/09 05:12:45.893 [T:0x614b4] [DisplayControl] Enter MCCSOtherSet::GetVCP(), vcp code = 16
2025/10/09 05:12:46.034 [T:0x614b4] [DisplayControl] Exit MCCSOtherSet::GetVCP()
2025/10/09 05:12:46.034 [T:0x614b4] [DisplayControl] Enter MCCSOtherSet::GetVCP(), vcp code = 16
2025/10/09 05:12:46.175 [T:0x614b4] [DisplayControl] Exit MCCSOtherSet::GetVCP()
2025/10/09 05:12:46.175 [T:0x614b4] [DisplayControl] Enter MCCSOtherSet::GetVCP(), vcp code = 16
2025/10/09 05:12:46.315 [T:0x614b4] [DisplayControl] Exit MCCSOtherSet::GetVCP()
2025/10/09 05:12:46.316 [T:0x614b4] [DisplayControl] Enter MCCSOtherSet::GetVCP(), vcp code = 16
2025/10/09 05:12:46.458 [T:0x614b4] [DisplayControl] Exit MCCSOtherSet::GetVCP()
2025/10/09 05:12:46.458 [T:0x614b4] [DisplayControl] Enter MCCSOtherSet::GetVCP(), vcp code = 16
2025/10/09 05:12:46.600 [T:0x614b4] [DisplayControl] Exit MCCSOtherSet::GetVCP()
2025/10/09 05:12:46.601 [T:0x614b4] [DisplayControl] Enter MCCSOtherSet::GetVCP(), vcp code = 16
2025/10/09 05:12:46.743 [T:0x614b4] [DisplayControl] Exit MCCSOtherSet::GetVCP()
2025/10/09 05:12:46.743 [T:0x614b4] [DisplayControl] Enter MCCSOtherSet::GetVCP(), vcp code = 16
2025/10/09 05:12:46.885 [T:0x614b4] [DisplayControl] Exit MCCSOtherSet::GetVCP()
2025/10/09 05:12:46.885 [T:0x614b4] [DisplayControl] Enter MCCSOtherSet::GetVCP(), vcp code = 16
2025/10/09 05:12:47.024 [T:0x614b4] [DisplayControl] Exit MCCSOtherSet::GetVCP()
2025/10/09 05:12:47.024 [T:0x614b4] [DisplayControl] Enter MCCSOtherSet::GetVCP(), vcp code = 16
2025/10/09 05:12:47.163 [T:0x614b4] [DisplayControl] Exit MCCSOtherSet::GetVCP()
2025/10/09 05:12:47.164 [T:0x614b4] [DisplayControl] Enter MCCSOtherSet::GetVCP(), vcp code = 16
2025/10/09 05:12:47.305 [T:0x614b4] [DisplayControl] Exit MCCSOtherSet::GetVCP()
2025/10/09 05:12:47.305 [T:0x614b4] [DisplayControl] Enter MCCSOtherSet::GetVCP(), vcp code = 16
2025/10/09 05:12:47.448 [T:0x614b4] [DisplayControl] Exit MCCSOtherSet::GetVCP()
2025/10/09 05:12:47.448 [T:0x614b4] [DisplayControl] Enter MCCSOtherSet::GetVCP(), vcp code = 16
2025/10/09 05:12:47.589 [T:0x614b4] [DisplayControl] Exit MCCSOtherSet::GetVCP()
2025/10/09 05:12:47.589 [T:0x614b4] [DisplayControl] Enter MCCSOtherSet::GetVCP(), vcp code = 16
2025/10/09 05:12:47.728 [T:0x614b4] [DisplayControl] Exit MCCSOtherSet::GetVCP()
2025/10/09 05:12:47.728 [T:0x614b4] [DisplayControl] Enter MCCSOtherSet::GetVCP(), vcp code = 16
2025/10/09 05:12:47.868 [T:0x614b4] [DisplayControl] Exit MCCSOtherSet::GetVCP()
2025/10/09 05:12:47.873 [T:0x614b4] [DisplayControl] Enter MCCSOtherSet::GetVCP(), vcp code = 16
2025/10/09 05:12:48.010 [T:0x614b4] [DisplayControl] Exit MCCSOtherSet::GetVCP()
2025/10/09 05:12:48.010 [T:0x614b4] [DisplayControl] Enter MCCSOtherSet::GetVCP(), vcp code = 16
2025/10/09 05:12:48.154 [T:0x614b4] [DisplayControl] Exit MCCSOtherSet::GetVCP()
2025/10/09 05:12:48.154 [T:0x614b4] [DisplayControl] Enter MCCSOtherSet::GetVCP(), vcp code = 16
2025/10/09 05:12:48.296 [T:0x614b4] [DisplayControl] Exit MCCSOtherSet::GetVCP()
2025/10/09 05:12:48.296 [T:0x614b4] [DisplayControl] Enter MCCSOtherSet::GetVCP(), vcp code = 16
2025/10/09 05:12:48.439 [T:0x614b4] [DisplayControl] Exit MCCSOtherSet::GetVCP()
2025/10/09 05:12:48.439 [T:0x614b4] [DisplayControl] Enter MCCSOtherSet::GetVCP(), vcp code = 16
2025/10/09 05:12:48.579 [T:0x614b4] [DisplayControl] Exit MCCSOtherSet::GetVCP()
2025/10/09 05:12:48.687 [T:0x614b4] [DisplayControl] Enter MCCSOtherSet::GetVCP(), vcp code = 97
2025/10/09 05:12:48.769 [T:0x614b4] [DisplayControl] Exit MCCSOtherSet::GetVCP()
2025/10/09 05:12:48.875 [T:0x614b4] [DisplayControl] Enter MCCSOtherSet::GetVCP(), vcp code = 141
2025/10/09 05:12:48.955 [T:0x614b4] [DisplayControl] Exit MCCSOtherSet::GetVCP()
2025/10/09 05:12:49.061 [T:0x614b4] [DisplayControl] Enter MCCSOtherSet::GetVCP(), vcp code = 225
2025/10/09 05:12:49.144 [T:0x614b4] [DisplayControl] Exit MCCSOtherSet::GetVCP()
2025/10/09 05:12:49.251 [T:0x614b4] [DisplayControl] Enter MCCSOtherSet::GetVCP(), vcp code = 220
2025/10/09 05:12:49.332 [T:0x614b4] [DisplayControl] Exit MCCSOtherSet::GetVCP()
2025/10/09 05:12:49.439 [T:0x614b4] [DisplayControl] Enter MCCSOtherSet::GetVCP(), vcp code = 96
2025/10/09 05:12:49.519 [T:0x614b4] [DisplayControl] Exit MCCSOtherSet::GetVCP()
2025/10/09 05:12:49.625 [T:0x614b4] [DisplayControl] Enter MCCSOtherSet::GetVCP(), vcp code = 43
2025/10/09 05:12:49.706 [T:0x614b4] [DisplayControl] Exit MCCSOtherSet::GetVCP()
2025/10/09 05:12:49.813 [T:0x614b4] [DisplayControl] Enter MCCSOtherSet::GetVCP(), vcp code = 51
2025/10/09 05:12:49.896 [T:0x614b4] [DisplayControl] Exit MCCSOtherSet::GetVCP()
2025/10/09 05:12:50.004 [T:0x614b4] [DisplayControl] Enter MCCSOtherSet::GetVCP(), vcp code = 135
2025/10/09 05:12:50.086 [T:0x614b4] [DisplayControl] Exit MCCSOtherSet::GetVCP()
2025/10/09 05:12:50.191 [T:0x614b4] [DisplayControl] Enter MCCSOtherSet::GetVCP(), vcp code = 20
2025/10/09 05:12:50.272 [T:0x614b4] [DisplayControl] Exit MCCSOtherSet::GetVCP()
2025/10/09 05:12:50.377 [T:0x614b4] [DisplayControl] Enter MCCSOtherSet::GetVCP(), vcp code = 4
2025/10/09 05:12:50.458 [T:0x614b4] [DisplayControl] Exit MCCSOtherSet::GetVCP()
2025/10/09 05:12:50.564 [T:0x614b4] [DisplayControl] Enter MCCSOtherSet::GetVCP(), vcp code = 98
2025/10/09 05:12:50.645 [T:0x614b4] [DisplayControl] Exit MCCSOtherSet::GetVCP()
2025/10/09 05:12:50.753 [T:0x614b4] [DisplayControl] Enter MCCSOtherSet::GetVCP(), vcp code = 18
2025/10/09 05:12:50.834 [T:0x614b4] [DisplayControl] Exit MCCSOtherSet::GetVCP()
2025/10/09 05:12:50.835 [T:0x614b4] [DisplayControl] Enter MCCSOtherSet::GetVCP(), vcp code = 18
2025/10/09 05:12:50.975 [T:0x614b4] [DisplayControl] Exit MCCSOtherSet::GetVCP()
2025/10/09 05:12:50.976 [T:0x614b4] [DisplayControl] Enter MCCSOtherSet::GetVCP(), vcp code = 18
2025/10/09 05:12:51.115 [T:0x614b4] [DisplayControl] Exit MCCSOtherSet::GetVCP()
2025/10/09 05:12:51.115 [T:0x614b4] [DisplayControl] Enter MCCSOtherSet::GetVCP(), vcp code = 18
2025/10/09 05:12:51.258 [T:0x614b4] [DisplayControl] Exit MCCSOtherSet::GetVCP()
2025/10/09 05:12:51.258 [T:0x614b4] [DisplayControl] Enter MCCSOtherSet::GetVCP(), vcp code = 18
2025/10/09 05:12:51.400 [T:0x614b4] [DisplayControl] Exit MCCSOtherSet::GetVCP()
2025/10/09 05:12:51.401 [T:0x614b4] [DisplayControl] Enter MCCSOtherSet::GetVCP(), vcp code = 18
2025/10/09 05:12:51.542 [T:0x614b4] [DisplayControl] Exit MCCSOtherSet::GetVCP()
2025/10/09 05:12:51.542 [T:0x614b4] [DisplayControl] Enter MCCSOtherSet::GetVCP(), vcp code = 18
2025/10/09 05:12:51.680 [T:0x614b4] [DisplayControl] Exit MCCSOtherSet::GetVCP()
2025/10/09 05:12:51.681 [T:0x614b4] [DisplayControl] Enter MCCSOtherSet::GetVCP(), vcp code = 18
2025/10/09 05:12:51.821 [T:0x614b4] [DisplayControl] Exit MCCSOtherSet::GetVCP()
2025/10/09 05:12:51.821 [T:0x614b4] [DisplayControl] Enter MCCSOtherSet::GetVCP(), vcp code = 18
2025/10/09 05:12:51.961 [T:0x614b4] [DisplayControl] Exit MCCSOtherSet::GetVCP()
2025/10/09 05:12:51.967 [T:0x614b4] [DisplayControl] Enter MCCSOtherSet::GetVCP(), vcp code = 18
2025/10/09 05:12:52.103 [T:0x614b4] [DisplayControl] Exit MCCSOtherSet::GetVCP()
2025/10/09 05:12:52.104 [T:0x614b4] [DisplayControl] Enter MCCSOtherSet::GetVCP(), vcp code = 18
2025/10/09 05:12:52.244 [T:0x614b4] [DisplayControl] Exit MCCSOtherSet::GetVCP()
2025/10/09 05:12:52.244 [T:0x614b4] [DisplayControl] Enter MCCSOtherSet::GetVCP(), vcp code = 18
2025/10/09 05:12:52.384 [T:0x614b4] [DisplayControl] Exit MCCSOtherSet::GetVCP()
2025/10/09 05:12:52.385 [T:0x614b4] [DisplayControl] Enter MCCSOtherSet::GetVCP(), vcp code = 18
2025/10/09 05:12:52.525 [T:0x614b4] [DisplayControl] Exit MCCSOtherSet::GetVCP()
2025/10/09 05:12:52.525 [T:0x614b4] [DisplayControl] Enter MCCSOtherSet::GetVCP(), vcp code = 18
2025/10/09 05:12:52.665 [T:0x614b4] [DisplayControl] Exit MCCSOtherSet::GetVCP()
2025/10/09 05:12:52.666 [T:0x614b4] [DisplayControl] Enter MCCSOtherSet::GetVCP(), vcp code = 18
2025/10/09 05:12:52.807 [T:0x614b4] [DisplayControl] Exit MCCSOtherSet::GetVCP()
2025/10/09 05:12:52.807 [T:0x614b4] [DisplayControl] Enter MCCSOtherSet::GetVCP(), vcp code = 18
2025/10/09 05:12:52.945 [T:0x614b4] [DisplayControl] Exit MCCSOtherSet::GetVCP()
2025/10/09 05:12:52.946 [T:0x614b4] [DisplayControl] Enter MCCSOtherSet::GetVCP(), vcp code = 18
2025/10/09 05:12:53.085 [T:0x614b4] [DisplayControl] Exit MCCSOtherSet::GetVCP()
2025/10/09 05:12:53.085 [T:0x614b4] [DisplayControl] Enter MCCSOtherSet::GetVCP(), vcp code = 18
2025/10/09 05:12:53.226 [T:0x614b4] [DisplayControl] Exit MCCSOtherSet::GetVCP()
2025/10/09 05:12:53.226 [T:0x614b4] [DisplayControl] Enter MCCSOtherSet::GetVCP(), vcp code = 18
2025/10/09 05:12:53.368 [T:0x614b4] [DisplayControl] Exit MCCSOtherSet::GetVCP()
2025/10/09 05:12:53.368 [T:0x614b4] [DisplayControl] Enter MCCSOtherSet::GetVCP(), vcp code = 18
2025/10/09 05:12:53.510 [T:0x614b4] [DisplayControl] Exit MCCSOtherSet::GetVCP()
2025/10/09 05:12:53.511 [T:0x614b4] [DisplayControl] Enter MCCSOtherSet::GetVCP(), vcp code = 18
2025/10/09 05:12:53.650 [T:0x614b4] [DisplayControl] Exit MCCSOtherSet::GetVCP()
2025/10/09 05:12:53.651 [T:0x614b4] [DisplayControl] Enter MCCSOtherSet::GetVCP(), vcp code = 18
2025/10/09 05:12:53.792 [T:0x614b4] [DisplayControl] Exit MCCSOtherSet::GetVCP()
2025/10/09 05:12:53.792 [T:0x614b4] [DisplayControl] Enter MCCSOtherSet::GetVCP(), vcp code = 18
2025/10/09 05:12:53.931 [T:0x614b4] [DisplayControl] Exit MCCSOtherSet::GetVCP()
2025/10/09 05:12:53.931 [T:0x614b4] [DisplayControl] Enter MCCSOtherSet::GetVCP(), vcp code = 18
2025/10/09 05:12:54.073 [T:0x614b4] [DisplayControl] Exit MCCSOtherSet::GetVCP()
2025/10/09 05:12:54.073 [T:0x614b4] [DisplayControl] Enter MCCSOtherSet::GetVCP(), vcp code = 18
2025/10/09 05:12:54.213 [T:0x614b4] [DisplayControl] Exit MCCSOtherSet::GetVCP()
2025/10/09 05:12:54.213 [T:0x614b4] [DisplayControl] Enter MCCSOtherSet::GetVCP(), vcp code = 18
2025/10/09 05:12:54.354 [T:0x614b4] [DisplayControl] Exit MCCSOtherSet::GetVCP()
2025/10/09 05:12:54.354 [T:0x614b4] [DisplayControl] Enter MCCSOtherSet::GetVCP(), vcp code = 18
2025/10/09 05:12:54.493 [T:0x614b4] [DisplayControl] Exit MCCSOtherSet::GetVCP()
2025/10/09 05:12:54.493 [T:0x614b4] [DisplayControl] Enter MCCSOtherSet::GetVCP(), vcp code = 18
2025/10/09 05:12:54.634 [T:0x614b4] [DisplayControl] Exit MCCSOtherSet::GetVCP()
2025/10/09 05:12:54.634 [T:0x614b4] [DisplayControl] Enter MCCSOtherSet::GetVCP(), vcp code = 18
2025/10/09 05:12:54.777 [T:0x614b4] [DisplayControl] Exit MCCSOtherSet::GetVCP()
2025/10/09 05:12:54.777 [T:0x614b4] [DisplayControl] Enter MCCSOtherSet::GetVCP(), vcp code = 18
2025/10/09 05:12:54.916 [T:0x614b4] [DisplayControl] Exit MCCSOtherSet::GetVCP()
2025/10/09 05:12:54.916 [T:0x614b4] [DisplayControl] Enter MCCSOtherSet::GetVCP(), vcp code = 18
2025/10/09 05:12:55.056 [T:0x614b4] [DisplayControl] Exit MCCSOtherSet::GetVCP()
2025/10/09 05:12:55.056 [T:0x614b4] [DisplayControl] Enter MCCSOtherSet::GetVCP(), vcp code = 18
2025/10/09 05:12:55.195 [T:0x614b4] [DisplayControl] Exit MCCSOtherSet::GetVCP()
2025/10/09 05:12:55.196 [T:0x614b4] [DisplayControl] Enter MCCSOtherSet::GetVCP(), vcp code = 18
2025/10/09 05:12:55.336 [T:0x614b4] [DisplayControl] Exit MCCSOtherSet::GetVCP()
2025/10/09 05:12:55.336 [T:0x614b4] [DisplayControl] Enter MCCSOtherSet::GetVCP(), vcp code = 18
2025/10/09 05:12:55.477 [T:0x614b4] [DisplayControl] Exit MCCSOtherSet::GetVCP()
2025/10/09 05:12:55.478 [T:0x614b4] [DisplayControl] Enter MCCSOtherSet::GetVCP(), vcp code = 18
2025/10/09 05:12:55.617 [T:0x614b4] [DisplayControl] Exit MCCSOtherSet::GetVCP()
2025/10/09 05:12:55.617 [T:0x614b4] [DisplayControl] Enter MCCSOtherSet::GetVCP(), vcp code = 18
2025/10/09 05:12:55.757 [T:0x614b4] [DisplayControl] Exit MCCSOtherSet::GetVCP()
2025/10/09 05:12:55.863 [T:0x614b4] [DisplayControl] Enter MCCSOtherSet::GetVCP(), vcp code = 245
2025/10/09 05:12:55.944 [T:0x614b4] [DisplayControl] Exit MCCSOtherSet::GetVCP()
2025/10/09 05:12:56.054 [T:0x614b4] [DisplayControl] Enter MCCSOtherSet::GetVCP(), vcp code = 16
2025/10/09 05:12:56.153 [T:0x614b4] [DisplayControl] Exit MCCSOtherSet::GetVCP()
2025/10/09 05:12:56.255 [T:0x614b4] [DisplayControl] Enter MCCSOtherSet::GetVCP(), vcp code = 97
2025/10/09 05:12:56.339 [T:0x614b4] [DisplayControl] Exit MCCSOtherSet::GetVCP()
2025/10/09 05:12:56.442 [T:0x614b4] [DisplayControl] Enter MCCSOtherSet::GetVCP(), vcp code = 141
2025/10/09 05:12:56.527 [T:0x614b4] [DisplayControl] Exit MCCSOtherSet::GetVCP()
2025/10/09 05:12:56.632 [T:0x614b4] [DisplayControl] Enter MCCSOtherSet::GetVCP(), vcp code = 225
2025/10/09 05:12:56.718 [T:0x614b4] [DisplayControl] Exit MCCSOtherSet::GetVCP()
2025/10/09 05:12:56.823 [T:0x614b4] [DisplayControl] Enter MCCSOtherSet::GetVCP(), vcp code = 220
2025/10/09 05:12:56.910 [T:0x614b4] [DisplayControl] Exit MCCSOtherSet::GetVCP()
2025/10/09 05:12:57.014 [T:0x614b4] [DisplayControl] Enter MCCSOtherSet::GetVCP(), vcp code = 96
2025/10/09 05:12:57.098 [T:0x614b4] [DisplayControl] Exit MCCSOtherSet::GetVCP()
2025/10/09 05:12:57.203 [T:0x614b4] [DisplayControl] Enter MCCSOtherSet::GetVCP(), vcp code = 43
2025/10/09 05:12:57.288 [T:0x614b4] [DisplayControl] Exit MCCSOtherSet::GetVCP()
2025/10/09 05:12:57.390 [T:0x614b4] [DisplayControl] Enter MCCSOtherSet::GetVCP(), vcp code = 51
2025/10/09 05:12:57.475 [T:0x614b4] [DisplayControl] Exit MCCSOtherSet::GetVCP()
2025/10/09 05:12:57.575 [T:0x614b4] [DisplayControl] Enter MCCSOtherSet::GetVCP(), vcp code = 135
2025/10/09 05:12:57.662 [T:0x614b4] [DisplayControl] Exit MCCSOtherSet::GetVCP()
2025/10/09 05:12:57.767 [T:0x614b4] [DisplayControl] Enter MCCSOtherSet::GetVCP(), vcp code = 4
2025/10/09 05:12:57.852 [T:0x614b4] [DisplayControl] Exit MCCSOtherSet::GetVCP()
2025/10/09 05:12:57.957 [T:0x614b4] [DisplayControl] Enter MCCSOtherSet::GetVCP(), vcp code = 98
2025/10/09 05:12:58.042 [T:0x614b4] [DisplayControl] Exit MCCSOtherSet::GetVCP()
2025/10/09 05:12:58.145 [T:0x614b4] [DisplayControl] Enter MCCSOtherSet::GetVCP(), vcp code = 226
2025/10/09 05:12:58.230 [T:0x614b4] [DisplayControl] Exit MCCSOtherSet::GetVCP()
2025/10/09 05:12:58.330 [T:0x614b4] [DisplayControl] Enter MCCSOtherSet::GetVCP(), vcp code = 236
2025/10/09 05:12:58.415 [T:0x614b4] [DisplayControl] Exit MCCSOtherSet::GetVCP()
2025/10/09 05:12:58.520 [T:0x614b4] [DisplayControl] Enter MCCSOtherSet::GetVCP(), vcp code = 18
2025/10/09 05:12:58.606 [T:0x614b4] [DisplayControl] Exit MCCSOtherSet::GetVCP()
2025/10/09 05:13:48.469 [T:0x1d54e] [DisplayControl] Enter MCCSOtherSet::GetVCP(), vcp code = 96
2025/10/09 05:13:48.576 [T:0x1d54e] [DisplayControl] Exit MCCSOtherSet::GetVCP()
2025/10/09 05:13:48.779 [T:0x235ac] [DisplayControl] Enter MCCSOtherSet::GetVCP(), vcp code = 16
2025/10/09 05:13:48.872 [T:0x235ac] [DisplayControl] Exit MCCSOtherSet::GetVCP()
2025/10/09 05:13:48.872 [T:0x235ac] [DisplayControl] Enter MCCSOtherSet::GetVCP(), vcp code = 16
2025/10/09 05:13:49.012 [T:0x235ac] [DisplayControl] Exit MCCSOtherSet::GetVCP()
2025/10/09 05:13:49.012 [T:0x235ac] [DisplayControl] Enter MCCSOtherSet::GetVCP(), vcp code = 16
2025/10/09 05:13:49.155 [T:0x235ac] [DisplayControl] Exit MCCSOtherSet::GetVCP()
2025/10/09 05:13:49.155 [T:0x235ac] [DisplayControl] Enter MCCSOtherSet::GetVCP(), vcp code = 16
2025/10/09 05:13:49.296 [T:0x235ac] [DisplayControl] Exit MCCSOtherSet::GetVCP()
2025/10/09 05:13:49.297 [T:0x235ac] [DisplayControl] Enter MCCSOtherSet::GetVCP(), vcp code = 16
2025/10/09 05:13:49.437 [T:0x235ac] [DisplayControl] Exit MCCSOtherSet::GetVCP()
2025/10/09 05:13:49.438 [T:0x235ac] [DisplayControl] Enter MCCSOtherSet::GetVCP(), vcp code = 16
2025/10/09 05:13:49.579 [T:0x235ac] [DisplayControl] Exit MCCSOtherSet::GetVCP()
2025/10/09 05:13:49.580 [T:0x235ac] [DisplayControl] Enter MCCSOtherSet::GetVCP(), vcp code = 16
2025/10/09 05:13:49.722 [T:0x235ac] [DisplayControl] Exit MCCSOtherSet::GetVCP()
2025/10/09 05:13:49.722 [T:0x235ac] [DisplayControl] Enter MCCSOtherSet::GetVCP(), vcp code = 16
2025/10/09 05:13:49.863 [T:0x235ac] [DisplayControl] Exit MCCSOtherSet::GetVCP()
2025/10/09 05:13:49.864 [T:0x235ac] [DisplayControl] Enter MCCSOtherSet::GetVCP(), vcp code = 16
2025/10/09 05:13:50.004 [T:0x235ac] [DisplayControl] Exit MCCSOtherSet::GetVCP()
2025/10/09 05:13:50.004 [T:0x235ac] [DisplayControl] Enter MCCSOtherSet::GetVCP(), vcp code = 16
2025/10/09 05:13:50.145 [T:0x235ac] [DisplayControl] Exit MCCSOtherSet::GetVCP()
2025/10/09 05:13:50.146 [T:0x235ac] [DisplayControl] Enter MCCSOtherSet::GetVCP(), vcp code = 16
2025/10/09 05:13:50.287 [T:0x235ac] [DisplayControl] Exit MCCSOtherSet::GetVCP()
2025/10/09 05:13:50.288 [T:0x235ac] [DisplayControl] Enter MCCSOtherSet::GetVCP(), vcp code = 16
2025/10/09 05:13:50.428 [T:0x235ac] [DisplayControl] Exit MCCSOtherSet::GetVCP()
2025/10/09 05:13:50.428 [T:0x235ac] [DisplayControl] Enter MCCSOtherSet::GetVCP(), vcp code = 16
2025/10/09 05:13:50.570 [T:0x235ac] [DisplayControl] Exit MCCSOtherSet::GetVCP()
2025/10/09 05:13:50.575 [T:0x235ac] [DisplayControl] Enter MCCSOtherSet::GetVCP(), vcp code = 16
2025/10/09 05:13:50.711 [T:0x235ac] [DisplayControl] Exit MCCSOtherSet::GetVCP()
2025/10/09 05:13:50.712 [T:0x235ac] [DisplayControl] Enter MCCSOtherSet::GetVCP(), vcp code = 16
2025/10/09 05:13:50.853 [T:0x235ac] [DisplayControl] Exit MCCSOtherSet::GetVCP()
2025/10/09 05:13:50.854 [T:0x235ac] [DisplayControl] Enter MCCSOtherSet::GetVCP(), vcp code = 16
2025/10/09 05:13:50.993 [T:0x235ac] [DisplayControl] Exit MCCSOtherSet::GetVCP()
2025/10/09 05:13:50.994 [T:0x235ac] [DisplayControl] Enter MCCSOtherSet::GetVCP(), vcp code = 16
2025/10/09 05:13:51.131 [T:0x235ac] [DisplayControl] Exit MCCSOtherSet::GetVCP()
2025/10/09 05:13:51.131 [T:0x235ac] [DisplayControl] Enter MCCSOtherSet::GetVCP(), vcp code = 16
2025/10/09 05:13:51.272 [T:0x235ac] [DisplayControl] Exit MCCSOtherSet::GetVCP()
2025/10/09 05:13:51.272 [T:0x235ac] [DisplayControl] Enter MCCSOtherSet::GetVCP(), vcp code = 16
2025/10/09 05:13:51.414 [T:0x235ac] [DisplayControl] Exit MCCSOtherSet::GetVCP()
2025/10/09 05:13:51.414 [T:0x235ac] [DisplayControl] Enter MCCSOtherSet::GetVCP(), vcp code = 16
2025/10/09 05:13:51.553 [T:0x235ac] [DisplayControl] Exit MCCSOtherSet::GetVCP()
2025/10/09 05:13:51.553 [T:0x235ac] [DisplayControl] Enter MCCSOtherSet::GetVCP(), vcp code = 16
2025/10/09 05:13:51.691 [T:0x235ac] [DisplayControl] Exit MCCSOtherSet::GetVCP()
2025/10/09 05:13:51.692 [T:0x235ac] [DisplayControl] Enter MCCSOtherSet::GetVCP(), vcp code = 16
2025/10/09 05:13:51.834 [T:0x235ac] [DisplayControl] Exit MCCSOtherSet::GetVCP()
2025/10/09 05:13:51.834 [T:0x235ac] [DisplayControl] Enter MCCSOtherSet::GetVCP(), vcp code = 16
2025/10/09 05:13:51.977 [T:0x235ac] [DisplayControl] Exit MCCSOtherSet::GetVCP()
2025/10/09 05:13:51.977 [T:0x235ac] [DisplayControl] Enter MCCSOtherSet::GetVCP(), vcp code = 16
2025/10/09 05:13:52.119 [T:0x235ac] [DisplayControl] Exit MCCSOtherSet::GetVCP()
2025/10/09 05:13:52.119 [T:0x235ac] [DisplayControl] Enter MCCSOtherSet::GetVCP(), vcp code = 16
2025/10/09 05:13:52.258 [T:0x235ac] [DisplayControl] Exit MCCSOtherSet::GetVCP()
2025/10/09 05:13:52.259 [T:0x235ac] [DisplayControl] Enter MCCSOtherSet::GetVCP(), vcp code = 16
2025/10/09 05:13:52.398 [T:0x235ac] [DisplayControl] Exit MCCSOtherSet::GetVCP()
2025/10/09 05:13:52.399 [T:0x235ac] [DisplayControl] Enter MCCSOtherSet::GetVCP(), vcp code = 16
2025/10/09 05:13:52.539 [T:0x235ac] [DisplayControl] Exit MCCSOtherSet::GetVCP()
2025/10/09 05:13:52.539 [T:0x235ac] [DisplayControl] Enter MCCSOtherSet::GetVCP(), vcp code = 16
2025/10/09 05:13:52.682 [T:0x235ac] [DisplayControl] Exit MCCSOtherSet::GetVCP()
2025/10/09 05:13:52.682 [T:0x235ac] [DisplayControl] Enter MCCSOtherSet::GetVCP(), vcp code = 16
2025/10/09 05:13:52.824 [T:0x235ac] [DisplayControl] Exit MCCSOtherSet::GetVCP()
2025/10/09 05:13:52.825 [T:0x235ac] [DisplayControl] Enter MCCSOtherSet::GetVCP(), vcp code = 16
2025/10/09 05:13:52.966 [T:0x235ac] [DisplayControl] Exit MCCSOtherSet::GetVCP()
2025/10/09 05:13:52.966 [T:0x235ac] [DisplayControl] Enter MCCSOtherSet::GetVCP(), vcp code = 16
2025/10/09 05:13:53.108 [T:0x235ac] [DisplayControl] Exit MCCSOtherSet::GetVCP()
2025/10/09 05:13:53.108 [T:0x235ac] [DisplayControl] Enter MCCSOtherSet::GetVCP(), vcp code = 16
2025/10/09 05:13:53.250 [T:0x235ac] [DisplayControl] Exit MCCSOtherSet::GetVCP()
2025/10/09 05:13:53.251 [T:0x235ac] [DisplayControl] Enter MCCSOtherSet::GetVCP(), vcp code = 16
2025/10/09 05:13:53.393 [T:0x235ac] [DisplayControl] Exit MCCSOtherSet::GetVCP()
2025/10/09 05:13:53.394 [T:0x235ac] [DisplayControl] Enter MCCSOtherSet::GetVCP(), vcp code = 16
2025/10/09 05:13:53.535 [T:0x235ac] [DisplayControl] Exit MCCSOtherSet::GetVCP()
2025/10/09 05:13:53.535 [T:0x235ac] [DisplayControl] Enter MCCSOtherSet::GetVCP(), vcp code = 16
2025/10/09 05:13:53.675 [T:0x235ac] [DisplayControl] Exit MCCSOtherSet::GetVCP()
2025/10/09 05:13:53.675 [T:0x235ac] [DisplayControl] Enter MCCSOtherSet::GetVCP(), vcp code = 16
2025/10/09 05:13:53.818 [T:0x235ac] [DisplayControl] Exit MCCSOtherSet::GetVCP()
2025/10/09 05:13:53.926 [T:0x235ac] [DisplayControl] Enter MCCSOtherSet::GetVCP(), vcp code = 97
2025/10/09 05:13:54.007 [T:0x235ac] [DisplayControl] Exit MCCSOtherSet::GetVCP()
2025/10/09 05:13:54.116 [T:0x235ac] [DisplayControl] Enter MCCSOtherSet::GetVCP(), vcp code = 141
2025/10/09 05:13:54.197 [T:0x235ac] [DisplayControl] Exit MCCSOtherSet::GetVCP()
2025/10/09 05:13:54.303 [T:0x235ac] [DisplayControl] Enter MCCSOtherSet::GetVCP(), vcp code = 225
2025/10/09 05:13:54.384 [T:0x235ac] [DisplayControl] Exit MCCSOtherSet::GetVCP()
2025/10/09 05:13:54.489 [T:0x235ac] [DisplayControl] Enter MCCSOtherSet::GetVCP(), vcp code = 220
2025/10/09 05:13:54.571 [T:0x235ac] [DisplayControl] Exit MCCSOtherSet::GetVCP()
2025/10/09 05:13:54.679 [T:0x235ac] [DisplayControl] Enter MCCSOtherSet::GetVCP(), vcp code = 96
2025/10/09 05:13:54.760 [T:0x235ac] [DisplayControl] Exit MCCSOtherSet::GetVCP()
2025/10/09 05:13:54.866 [T:0x235ac] [DisplayControl] Enter MCCSOtherSet::GetVCP(), vcp code = 43
2025/10/09 05:13:54.946 [T:0x235ac] [DisplayControl] Exit MCCSOtherSet::GetVCP()
2025/10/09 05:13:55.051 [T:0x235ac] [DisplayControl] Enter MCCSOtherSet::GetVCP(), vcp code = 51
2025/10/09 05:13:55.132 [T:0x235ac] [DisplayControl] Exit MCCSOtherSet::GetVCP()
2025/10/09 05:13:55.240 [T:0x235ac] [DisplayControl] Enter MCCSOtherSet::GetVCP(), vcp code = 135
2025/10/09 05:13:55.322 [T:0x235ac] [DisplayControl] Exit MCCSOtherSet::GetVCP()
2025/10/09 05:13:55.431 [T:0x235ac] [DisplayControl] Enter MCCSOtherSet::GetVCP(), vcp code = 20
2025/10/09 05:13:55.512 [T:0x235ac] [DisplayControl] Exit MCCSOtherSet::GetVCP()
2025/10/09 05:13:55.620 [T:0x235ac] [DisplayControl] Enter MCCSOtherSet::GetVCP(), vcp code = 4
2025/10/09 05:13:55.701 [T:0x235ac] [DisplayControl] Exit MCCSOtherSet::GetVCP()
2025/10/09 05:13:55.808 [T:0x235ac] [DisplayControl] Enter MCCSOtherSet::GetVCP(), vcp code = 98
2025/10/09 05:13:55.888 [T:0x235ac] [DisplayControl] Exit MCCSOtherSet::GetVCP()
2025/10/09 05:13:55.994 [T:0x235ac] [DisplayControl] Enter MCCSOtherSet::GetVCP(), vcp code = 18
2025/10/09 05:13:56.076 [T:0x235ac] [DisplayControl] Exit MCCSOtherSet::GetVCP()
2025/10/09 05:13:56.077 [T:0x235ac] [DisplayControl] Enter MCCSOtherSet::GetVCP(), vcp code = 18
2025/10/09 05:13:56.219 [T:0x235ac] [DisplayControl] Exit MCCSOtherSet::GetVCP()
2025/10/09 05:13:56.219 [T:0x235ac] [DisplayControl] Enter MCCSOtherSet::GetVCP(), vcp code = 18
2025/10/09 05:13:56.362 [T:0x235ac] [DisplayControl] Exit MCCSOtherSet::GetVCP()
2025/10/09 05:13:56.362 [T:0x235ac] [DisplayControl] Enter MCCSOtherSet::GetVCP(), vcp code = 18
2025/10/09 05:13:56.506 [T:0x235ac] [DisplayControl] Exit MCCSOtherSet::GetVCP()
2025/10/09 05:13:56.506 [T:0x235ac] [DisplayControl] Enter MCCSOtherSet::GetVCP(), vcp code = 18
2025/10/09 05:13:56.648 [T:0x235ac] [DisplayControl] Exit MCCSOtherSet::GetVCP()
2025/10/09 05:13:56.649 [T:0x235ac] [DisplayControl] Enter MCCSOtherSet::GetVCP(), vcp code = 18
2025/10/09 05:13:56.789 [T:0x235ac] [DisplayControl] Exit MCCSOtherSet::GetVCP()
2025/10/09 05:13:56.790 [T:0x235ac] [DisplayControl] Enter MCCSOtherSet::GetVCP(), vcp code = 18
2025/10/09 05:13:56.928 [T:0x235ac] [DisplayControl] Exit MCCSOtherSet::GetVCP()
2025/10/09 05:13:56.929 [T:0x235ac] [DisplayControl] Enter MCCSOtherSet::GetVCP(), vcp code = 18
2025/10/09 05:13:57.068 [T:0x235ac] [DisplayControl] Exit MCCSOtherSet::GetVCP()
2025/10/09 05:13:57.068 [T:0x235ac] [DisplayControl] Enter MCCSOtherSet::GetVCP(), vcp code = 18
2025/10/09 05:13:57.210 [T:0x235ac] [DisplayControl] Exit MCCSOtherSet::GetVCP()
2025/10/09 05:13:57.210 [T:0x235ac] [DisplayControl] Enter MCCSOtherSet::GetVCP(), vcp code = 18
2025/10/09 05:13:57.353 [T:0x235ac] [DisplayControl] Exit MCCSOtherSet::GetVCP()
2025/10/09 05:13:57.353 [T:0x235ac] [DisplayControl] Enter MCCSOtherSet::GetVCP(), vcp code = 18
2025/10/09 05:13:57.495 [T:0x235ac] [DisplayControl] Exit MCCSOtherSet::GetVCP()
2025/10/09 05:13:57.495 [T:0x235ac] [DisplayControl] Enter MCCSOtherSet::GetVCP(), vcp code = 18
2025/10/09 05:13:57.634 [T:0x235ac] [DisplayControl] Exit MCCSOtherSet::GetVCP()
2025/10/09 05:13:57.635 [T:0x235ac] [DisplayControl] Enter MCCSOtherSet::GetVCP(), vcp code = 18
2025/10/09 05:13:57.775 [T:0x235ac] [DisplayControl] Exit MCCSOtherSet::GetVCP()
2025/10/09 05:13:57.776 [T:0x235ac] [DisplayControl] Enter MCCSOtherSet::GetVCP(), vcp code = 18
2025/10/09 05:13:57.914 [T:0x235ac] [DisplayControl] Exit MCCSOtherSet::GetVCP()
2025/10/09 05:13:57.915 [T:0x235ac] [DisplayControl] Enter MCCSOtherSet::GetVCP(), vcp code = 18
2025/10/09 05:13:58.058 [T:0x235ac] [DisplayControl] Exit MCCSOtherSet::GetVCP()
2025/10/09 05:13:58.059 [T:0x235ac] [DisplayControl] Enter MCCSOtherSet::GetVCP(), vcp code = 18
2025/10/09 05:13:58.200 [T:0x235ac] [DisplayControl] Exit MCCSOtherSet::GetVCP()
2025/10/09 05:13:58.200 [T:0x235ac] [DisplayControl] Enter MCCSOtherSet::GetVCP(), vcp code = 18
2025/10/09 05:13:58.343 [T:0x235ac] [DisplayControl] Exit MCCSOtherSet::GetVCP()
2025/10/09 05:13:58.344 [T:0x235ac] [DisplayControl] Enter MCCSOtherSet::GetVCP(), vcp code = 18
2025/10/09 05:13:58.487 [T:0x235ac] [DisplayControl] Exit MCCSOtherSet::GetVCP()
2025/10/09 05:13:58.488 [T:0x235ac] [DisplayControl] Enter MCCSOtherSet::GetVCP(), vcp code = 18
2025/10/09 05:13:58.629 [T:0x235ac] [DisplayControl] Exit MCCSOtherSet::GetVCP()
2025/10/09 05:13:58.630 [T:0x235ac] [DisplayControl] Enter MCCSOtherSet::GetVCP(), vcp code = 18
2025/10/09 05:13:58.772 [T:0x235ac] [DisplayControl] Exit MCCSOtherSet::GetVCP()
2025/10/09 05:13:58.772 [T:0x235ac] [DisplayControl] Enter MCCSOtherSet::GetVCP(), vcp code = 18
2025/10/09 05:13:58.913 [T:0x235ac] [DisplayControl] Exit MCCSOtherSet::GetVCP()
2025/10/09 05:13:58.913 [T:0x235ac] [DisplayControl] Enter MCCSOtherSet::GetVCP(), vcp code = 18
2025/10/09 05:13:59.052 [T:0x235ac] [DisplayControl] Exit MCCSOtherSet::GetVCP()
2025/10/09 05:13:59.052 [T:0x235ac] [DisplayControl] Enter MCCSOtherSet::GetVCP(), vcp code = 18
2025/10/09 05:13:59.193 [T:0x235ac] [DisplayControl] Exit MCCSOtherSet::GetVCP()
2025/10/09 05:13:59.193 [T:0x235ac] [DisplayControl] Enter MCCSOtherSet::GetVCP(), vcp code = 18
2025/10/09 05:13:59.333 [T:0x235ac] [DisplayControl] Exit MCCSOtherSet::GetVCP()
2025/10/09 05:13:59.333 [T:0x235ac] [DisplayControl] Enter MCCSOtherSet::GetVCP(), vcp code = 18
2025/10/09 05:13:59.475 [T:0x235ac] [DisplayControl] Exit MCCSOtherSet::GetVCP()
2025/10/09 05:13:59.476 [T:0x235ac] [DisplayControl] Enter MCCSOtherSet::GetVCP(), vcp code = 18
2025/10/09 05:13:59.615 [T:0x235ac] [DisplayControl] Exit MCCSOtherSet::GetVCP()
2025/10/09 05:13:59.616 [T:0x235ac] [DisplayControl] Enter MCCSOtherSet::GetVCP(), vcp code = 18
2025/10/09 05:13:59.756 [T:0x235ac] [DisplayControl] Exit MCCSOtherSet::GetVCP()
2025/10/09 05:13:59.756 [T:0x235ac] [DisplayControl] Enter MCCSOtherSet::GetVCP(), vcp code = 18
2025/10/09 05:13:59.898 [T:0x235ac] [DisplayControl] Exit MCCSOtherSet::GetVCP()
2025/10/09 05:13:59.899 [T:0x235ac] [DisplayControl] Enter MCCSOtherSet::GetVCP(), vcp code = 18
2025/10/09 05:14:00.041 [T:0x235ac] [DisplayControl] Exit MCCSOtherSet::GetVCP()
2025/10/09 05:14:00.042 [T:0x235ac] [DisplayControl] Enter MCCSOtherSet::GetVCP(), vcp code = 18
2025/10/09 05:14:00.182 [T:0x235ac] [DisplayControl] Exit MCCSOtherSet::GetVCP()
2025/10/09 05:14:00.183 [T:0x235ac] [DisplayControl] Enter MCCSOtherSet::GetVCP(), vcp code = 18
2025/10/09 05:14:00.323 [T:0x235ac] [DisplayControl] Exit MCCSOtherSet::GetVCP()
2025/10/09 05:14:00.323 [T:0x235ac] [DisplayControl] Enter MCCSOtherSet::GetVCP(), vcp code = 18
2025/10/09 05:14:00.462 [T:0x235ac] [DisplayControl] Exit MCCSOtherSet::GetVCP()
2025/10/09 05:14:00.462 [T:0x235ac] [DisplayControl] Enter MCCSOtherSet::GetVCP(), vcp code = 18
2025/10/09 05:14:00.602 [T:0x235ac] [DisplayControl] Exit MCCSOtherSet::GetVCP()
2025/10/09 05:14:00.602 [T:0x235ac] [DisplayControl] Enter MCCSOtherSet::GetVCP(), vcp code = 18
2025/10/09 05:14:00.746 [T:0x235ac] [DisplayControl] Exit MCCSOtherSet::GetVCP()
2025/10/09 05:14:00.746 [T:0x235ac] [DisplayControl] Enter MCCSOtherSet::GetVCP(), vcp code = 18
2025/10/09 05:14:00.887 [T:0x235ac] [DisplayControl] Exit MCCSOtherSet::GetVCP()
2025/10/09 05:14:00.888 [T:0x235ac] [DisplayControl] Enter MCCSOtherSet::GetVCP(), vcp code = 18
2025/10/09 05:14:01.030 [T:0x235ac] [DisplayControl] Exit MCCSOtherSet::GetVCP()
2025/10/09 05:14:01.138 [T:0x235ac] [DisplayControl] Enter MCCSOtherSet::GetVCP(), vcp code = 245
2025/10/09 05:14:01.220 [T:0x235ac] [DisplayControl] Exit MCCSOtherSet::GetVCP()
2025/10/09 05:14:04.290 [T:0x235ac] [DisplayControl] Enter MCCSOtherSet::SetVCP(), vcp code = 4
2025/10/09 05:14:05.239 [T:0x235ac] [DisplayControl] Exit MCCSOtherSet::SetVCP()
2025/10/09 05:14:10.356 [T:0x235ac] [DisplayControl] Enter OperationThread::ExitThread
2025/10/09 05:14:10.357 [T:0x235ac] [DisplayControl] Exit OperationThread::ExitThread
2025/10/09 05:14:10.357 [T:0x235ac] [DisplayControl] Enter OperationThread::~OperationThread()
2025/10/09 05:14:10.357 [T:0x235ac] [DisplayControl] Enter OperationThread::ExitThread
2025/10/09 05:14:10.357 [T:0x235ac] [DisplayControl] Enter OperationThread::ExitThread
2025/10/09 05:14:10.357 [T:0x235ac] [DisplayControl] Exit OperationThread::ExitThread
2025/10/09 05:14:10.357 [T:0x235ac] [DisplayControl] Enter OperationThread::~OperationThread()
2025/10/09 05:14:10.357 [T:0x235ac] [DisplayControl] Enter OperationThread::ExitThread
2025/10/09 05:14:10.384 [T:0x235ac] [DbgStr] After calling display_control_client_listener_video_port_.UpdateAllDisplayPath()
2025/10/09 05:14:10.406 [T:0x235ac] [DbgStr] After calling display_control_client_listener_.GetAllDisplayEDID()
2025/10/09 05:14:10.408 [T:0x235ac] [DisplayControl] Version = 3.0.6.0
2025/10/09 05:14:10.408 [T:0x235ac] [DisplayControl] Enter ObtainControlHandler1
2025/10/09 05:14:10.408 [T:0x235ac] [DisplayControl] GetVideoPortCommander
2025/10/09 05:14:10.408 [T:0x235ac] [DisplayControl] GetUSBHubCommander
2025/10/09 05:14:10.408 [T:0x235ac] ====== List p_lpo_display_info_video_port, # of devices is ======2
2025/10/09 05:14:10.408 [T:0x235ac] [DisplayControl] index of p_lpo_display_info_video_port0
2025/10/09 05:14:10.408 [T:0x235ac] [DisplayControl] Model name from VideoPort = VG2458
2025/10/09 05:14:10.408 [T:0x235ac] [DisplayControl] SN from VideoPort = YDJ243400006
2025/10/09 05:14:10.408 [T:0x235ac] [DisplayControl] index of p_lpo_display_info_video_port1
2025/10/09 05:14:10.408 [T:0x235ac] [DisplayControl] Model name from VideoPort = VG275
2025/10/09 05:14:10.408 [T:0x235ac] [DisplayControl] SN from VideoPort = XF6232400003
2025/10/09 05:14:10.408 [T:0x235ac] ====== List p_lpo_display_info_rtd_scalar_rts_hub, # of devices is ======0
2025/10/09 05:14:10.408 [T:0x235ac] [DisplayControl] GetVSRtkHubControlClientListener
2025/10/09 05:14:10.409 [T:0x235ac] [DisplayControl] max monitor count = 2
2025/10/09 05:14:10.409 [T:0x235ac] [DisplayControl] index of display_info_vec = 0
2025/10/09 05:14:10.409 [T:0x235ac] [DisplayControl] index of p_lpo_display_info_video_port = 0
2025/10/09 05:14:10.409 [T:0x235ac] [DisplayControl] VideoPortMatchingRule
2025/10/09 05:14:10.409 [T:0x235ac] [DisplayControl] monitor display_info_model_name = VG2458
2025/10/09 05:14:10.409 [T:0x235ac] [DisplayControl] monitor video_port_model_name = VG2458
2025/10/09 05:14:10.409 [T:0x235ac] [DisplayControl] monitor display_info_sn = YDJ243400006
2025/10/09 05:14:10.409 [T:0x235ac] [DisplayControl] monitor video_port_sn = YDJ243400006
2025/10/09 05:14:10.409 [T:0x235ac] [DisplayControl] model_name_match = 1
2025/10/09 05:14:10.409 [T:0x235ac] [DisplayControl] sn_match = 1
2025/10/09 05:14:10.409 [T:0x235ac] [DisplayControl] video_port is_match = 1
2025/10/09 05:14:10.409 [T:0x235ac] [DisplayControl] index of display_info_vec = 1
2025/10/09 05:14:10.409 [T:0x235ac] [DisplayControl] index of p_lpo_display_info_video_port = 0
2025/10/09 05:14:10.409 [T:0x235ac] [DisplayControl] VideoPortMatchingRule
2025/10/09 05:14:10.409 [T:0x235ac] [DisplayControl] monitor display_info_model_name = VG275
2025/10/09 05:14:10.409 [T:0x235ac] [DisplayControl] monitor video_port_model_name = VG2458
2025/10/09 05:14:10.409 [T:0x235ac] [DisplayControl] monitor display_info_sn = XF6232400003
2025/10/09 05:14:10.409 [T:0x235ac] [DisplayControl] monitor video_port_sn = YDJ243400006
2025/10/09 05:14:10.409 [T:0x235ac] [DisplayControl] model_name_match = 0
2025/10/09 05:14:10.409 [T:0x235ac] [DisplayControl] sn_match = 0
2025/10/09 05:14:10.409 [T:0x235ac] [DisplayControl] video_port is_match = 0
2025/10/09 05:14:10.409 [T:0x235ac] [DisplayControl] index of display_info_vec = 1
2025/10/09 05:14:10.409 [T:0x235ac] [DisplayControl] index of p_lpo_display_info_video_port = 1
2025/10/09 05:14:10.409 [T:0x235ac] [DisplayControl] VideoPortMatchingRule
2025/10/09 05:14:10.409 [T:0x235ac] [DisplayControl] monitor display_info_model_name = VG275
2025/10/09 05:14:10.409 [T:0x235ac] [DisplayControl] monitor video_port_model_name = VG275
2025/10/09 05:14:10.410 [T:0x235ac] [DisplayControl] monitor display_info_sn = XF6232400003
2025/10/09 05:14:10.410 [T:0x235ac] [DisplayControl] monitor video_port_sn = XF6232400003
2025/10/09 05:14:10.410 [T:0x235ac] [DisplayControl] model_name_match = 1
2025/10/09 05:14:10.410 [T:0x235ac] [DisplayControl] sn_match = 1
2025/10/09 05:14:10.410 [T:0x235ac] [DisplayControl] video_port is_match = 1
2025/10/09 05:14:10.410 [T:0x235ac] [DisplayControl] i = 0
2025/10/09 05:14:10.410 [T:0x235ac] [DisplayControl] Enter OperationThread::OperationThread()
2025/10/09 05:14:10.410 [T:0x235ac] [DisplayControl] Enter OperationThread::CreateThread
2025/10/09 05:14:10.410 [T:0x235ac] [DisplayControl] new DisplayFunctioner
2025/10/09 05:14:10.410 [T:0x235ac] [DisplayControl] insert displayer_vector
2025/10/09 05:14:10.410 [T:0x235ac] [DisplayControl] insert modelName_SN_to_Display_map
2025/10/09 05:14:10.410 [T:0x235ac] [DisplayControl] insert device_id_to_Displayer_map_
2025/10/09 05:14:10.410 [T:0x235ac] [DisplayControl] i = 1
2025/10/09 05:14:10.410 [T:0x235ac] [DisplayControl] Enter OperationThread::OperationThread()
2025/10/09 05:14:10.410 [T:0x235ac] [DisplayControl] Enter OperationThread::CreateThread
2025/10/09 05:14:10.410 [T:0x235ac] [DisplayControl] new DisplayFunctioner
2025/10/09 05:14:10.410 [T:0x235ac] [DisplayControl] insert displayer_vector
2025/10/09 05:14:10.410 [T:0x235ac] [DisplayControl] insert modelName_SN_to_Display_map
2025/10/09 05:14:10.410 [T:0x235ac] [DisplayControl] insert device_id_to_Displayer_map_
2025/10/09 05:14:10.410 [T:0x235ac] [DisplayControl] monitor size = 2
2025/10/09 05:14:10.410 [T:0x235ac] [DisplayControl] Exit ObtainControlHandler
2025/10/09 05:14:10.410 [T:0x235ac] [DisplayControl] Enter MCCSOtherSet::GetVCP(), vcp code = 16
2025/10/09 05:14:10.485 [T:0x235ac] [DisplayControl] Exit MCCSOtherSet::GetVCP()
2025/10/09 05:14:10.486 [T:0x235ac] [DisplayControl] Enter MCCSOtherSet::GetVCP(), vcp code = 16
2025/10/09 05:14:10.626 [T:0x235ac] [DisplayControl] Exit MCCSOtherSet::GetVCP()
2025/10/09 05:14:10.735 [T:0x235ac] [DisplayControl] Enter MCCSOtherSet::GetVCP(), vcp code = 97
2025/10/09 05:14:10.817 [T:0x235ac] [DisplayControl] Exit MCCSOtherSet::GetVCP()
2025/10/09 05:14:10.926 [T:0x235ac] [DisplayControl] Enter MCCSOtherSet::GetVCP(), vcp code = 141
2025/10/09 05:14:11.008 [T:0x235ac] [DisplayControl] Exit MCCSOtherSet::GetVCP()
2025/10/09 05:14:11.117 [T:0x235ac] [DisplayControl] Enter MCCSOtherSet::GetVCP(), vcp code = 225
2025/10/09 05:14:11.199 [T:0x235ac] [DisplayControl] Exit MCCSOtherSet::GetVCP()
2025/10/09 05:14:11.308 [T:0x235ac] [DisplayControl] Enter MCCSOtherSet::GetVCP(), vcp code = 220
2025/10/09 05:14:11.390 [T:0x235ac] [DisplayControl] Exit MCCSOtherSet::GetVCP()
2025/10/09 05:14:11.499 [T:0x235ac] [DisplayControl] Enter MCCSOtherSet::GetVCP(), vcp code = 96
2025/10/09 05:14:11.582 [T:0x235ac] [DisplayControl] Exit MCCSOtherSet::GetVCP()
2025/10/09 05:14:11.688 [T:0x235ac] [DisplayControl] Enter MCCSOtherSet::GetVCP(), vcp code = 43
2025/10/09 05:14:11.769 [T:0x235ac] [DisplayControl] Exit MCCSOtherSet::GetVCP()
2025/10/09 05:14:11.877 [T:0x235ac] [DisplayControl] Enter MCCSOtherSet::GetVCP(), vcp code = 51
2025/10/09 05:14:11.958 [T:0x235ac] [DisplayControl] Exit MCCSOtherSet::GetVCP()
2025/10/09 05:14:12.066 [T:0x235ac] [DisplayControl] Enter MCCSOtherSet::GetVCP(), vcp code = 135
2025/10/09 05:14:12.147 [T:0x235ac] [DisplayControl] Exit MCCSOtherSet::GetVCP()
2025/10/09 05:14:12.254 [T:0x235ac] [DisplayControl] Enter MCCSOtherSet::GetVCP(), vcp code = 20
2025/10/09 05:14:12.334 [T:0x235ac] [DisplayControl] Exit MCCSOtherSet::GetVCP()
2025/10/09 05:14:12.441 [T:0x235ac] [DisplayControl] Enter MCCSOtherSet::GetVCP(), vcp code = 4
2025/10/09 05:14:12.522 [T:0x235ac] [DisplayControl] Exit MCCSOtherSet::GetVCP()
2025/10/09 05:14:12.629 [T:0x235ac] [DisplayControl] Enter MCCSOtherSet::GetVCP(), vcp code = 98
2025/10/09 05:14:12.711 [T:0x235ac] [DisplayControl] Exit MCCSOtherSet::GetVCP()
2025/10/09 05:14:12.719 [T:0x1d54e] [DisplayControl] Enter MCCSOtherSet::GetVCP(), vcp code = 96
2025/10/09 05:14:12.812 [T:0x235ac] [DisplayControl] Enter MCCSOtherSet::GetVCP(), vcp code = 18
2025/10/09 05:14:12.875 [T:0x1d54e] [DisplayControl] Exit MCCSOtherSet::GetVCP()
2025/10/09 05:14:13.047 [T:0x235ac] [DisplayControl] Exit MCCSOtherSet::GetVCP()
2025/10/09 05:14:13.149 [T:0x235ac] [DisplayControl] Enter MCCSOtherSet::GetVCP(), vcp code = 245
2025/10/09 05:14:13.369 [T:0x235ac] [DisplayControl] Exit MCCSOtherSet::GetVCP()
2025/10/09 05:14:13.470 [T:0x235ac] [DisplayControl] Enter MCCSOtherSet::GetVCP(), vcp code = 16
2025/10/09 05:14:13.559 [T:0x235ac] [DisplayControl] Exit MCCSOtherSet::GetVCP()
2025/10/09 05:14:13.661 [T:0x235ac] [DisplayControl] Enter MCCSOtherSet::GetVCP(), vcp code = 97
2025/10/09 05:14:13.748 [T:0x235ac] [DisplayControl] Exit MCCSOtherSet::GetVCP()
2025/10/09 05:14:13.850 [T:0x235ac] [DisplayControl] Enter MCCSOtherSet::GetVCP(), vcp code = 141
2025/10/09 05:14:13.934 [T:0x235ac] [DisplayControl] Exit MCCSOtherSet::GetVCP()
2025/10/09 05:14:14.037 [T:0x235ac] [DisplayControl] Enter MCCSOtherSet::GetVCP(), vcp code = 225
2025/10/09 05:14:14.123 [T:0x235ac] [DisplayControl] Exit MCCSOtherSet::GetVCP()
2025/10/09 05:14:14.225 [T:0x235ac] [DisplayControl] Enter MCCSOtherSet::GetVCP(), vcp code = 220
2025/10/09 05:14:14.309 [T:0x235ac] [DisplayControl] Exit MCCSOtherSet::GetVCP()
2025/10/09 05:14:14.412 [T:0x235ac] [DisplayControl] Enter MCCSOtherSet::GetVCP(), vcp code = 96
2025/10/09 05:14:14.496 [T:0x235ac] [DisplayControl] Exit MCCSOtherSet::GetVCP()
2025/10/09 05:14:14.599 [T:0x235ac] [DisplayControl] Enter MCCSOtherSet::GetVCP(), vcp code = 43
2025/10/09 05:14:14.686 [T:0x235ac] [DisplayControl] Exit MCCSOtherSet::GetVCP()
2025/10/09 05:14:14.789 [T:0x235ac] [DisplayControl] Enter MCCSOtherSet::GetVCP(), vcp code = 51
2025/10/09 05:14:14.874 [T:0x235ac] [DisplayControl] Exit MCCSOtherSet::GetVCP()
2025/10/09 05:14:14.975 [T:0x235ac] [DisplayControl] Enter MCCSOtherSet::GetVCP(), vcp code = 135
2025/10/09 05:14:15.059 [T:0x235ac] [DisplayControl] Exit MCCSOtherSet::GetVCP()
2025/10/09 05:14:15.161 [T:0x235ac] [DisplayControl] Enter MCCSOtherSet::GetVCP(), vcp code = 4
2025/10/09 05:14:15.247 [T:0x235ac] [DisplayControl] Exit MCCSOtherSet::GetVCP()
2025/10/09 05:14:15.351 [T:0x235ac] [DisplayControl] Enter MCCSOtherSet::GetVCP(), vcp code = 98
2025/10/09 05:14:15.438 [T:0x235ac] [DisplayControl] Exit MCCSOtherSet::GetVCP()
2025/10/09 05:14:15.541 [T:0x235ac] [DisplayControl] Enter MCCSOtherSet::GetVCP(), vcp code = 226
2025/10/09 05:14:15.627 [T:0x235ac] [DisplayControl] Exit MCCSOtherSet::GetVCP()
2025/10/09 05:14:15.731 [T:0x235ac] [DisplayControl] Enter MCCSOtherSet::GetVCP(), vcp code = 236
2025/10/09 05:14:15.814 [T:0x235ac] [DisplayControl] Exit MCCSOtherSet::GetVCP()
2025/10/09 05:14:15.918 [T:0x235ac] [DisplayControl] Enter MCCSOtherSet::GetVCP(), vcp code = 18
2025/10/09 05:14:16.003 [T:0x235ac] [DisplayControl] Exit MCCSOtherSet::GetVCP()
2025/10/09 05:17:08.224 [T:0xb237e] [DisplayControl] Enter MCCSOtherSet::SetVCP(), vcp code = 51
2025/10/09 05:17:08.422 [T:0xb237e] [DisplayControl] Exit MCCSOtherSet::SetVCP()
2025/10/09 05:18:43.069 [T:0xdf789] [DisplayControl] Enter MCCSOtherSet::SetVCP(), vcp code = 96
2025/10/09 05:18:43.878 [T:0xdf789] [DisplayControl] Exit MCCSOtherSet::SetVCP()
2025/10/09 05:18:51.498 [T:0xdf789] [DisplayControl] Enter OperationThread::ExitThread
2025/10/09 05:18:51.499 [T:0xdf789] [DisplayControl] Exit OperationThread::ExitThread
2025/10/09 05:18:51.499 [T:0xdf789] [DisplayControl] Enter OperationThread::~OperationThread()
2025/10/09 05:18:51.499 [T:0xdf789] [DisplayControl] Enter OperationThread::ExitThread
2025/10/09 05:18:51.499 [T:0xdf789] [DisplayControl] Enter OperationThread::ExitThread
2025/10/09 05:18:51.500 [T:0xdf789] [DisplayControl] Exit OperationThread::ExitThread
2025/10/09 05:18:51.500 [T:0xdf789] [DisplayControl] Enter OperationThread::~OperationThread()
2025/10/09 05:18:51.500 [T:0xdf789] [DisplayControl] Enter OperationThread::ExitThread
2025/10/09 05:18:51.544 [T:0xdf789] [DbgStr] After calling display_control_client_listener_video_port_.UpdateAllDisplayPath()
2025/10/09 05:18:51.567 [T:0xdf789] [DbgStr] After calling display_control_client_listener_.GetAllDisplayEDID()
2025/10/09 05:18:51.568 [T:0xdf789] [DisplayControl] Version = 3.0.6.0
2025/10/09 05:18:51.569 [T:0xdf789] [DisplayControl] Enter ObtainControlHandler1
2025/10/09 05:18:51.569 [T:0xdf789] [DisplayControl] GetVideoPortCommander
2025/10/09 05:18:51.569 [T:0xdf789] [DisplayControl] GetUSBHubCommander
2025/10/09 05:18:51.569 [T:0xdf789] ====== List p_lpo_display_info_video_port, # of devices is ======2
2025/10/09 05:18:51.569 [T:0xdf789] [DisplayControl] index of p_lpo_display_info_video_port0
2025/10/09 05:18:51.569 [T:0xdf789] [DisplayControl] Model name from VideoPort = VG2458
2025/10/09 05:18:51.569 [T:0xdf789] [DisplayControl] SN from VideoPort = YDJ243400006
2025/10/09 05:18:51.569 [T:0xdf789] [DisplayControl] index of p_lpo_display_info_video_port1
2025/10/09 05:18:51.569 [T:0xdf789] [DisplayControl] Model name from VideoPort = VG275
2025/10/09 05:18:51.569 [T:0xdf789] [DisplayControl] SN from VideoPort = XF6232400003
2025/10/09 05:18:51.569 [T:0xdf789] ====== List p_lpo_display_info_rtd_scalar_rts_hub, # of devices is ======0
2025/10/09 05:18:51.569 [T:0xdf789] [DisplayControl] GetVSRtkHubControlClientListener
2025/10/09 05:18:51.569 [T:0xdf789] [DisplayControl] max monitor count = 2
2025/10/09 05:18:51.569 [T:0xdf789] [DisplayControl] index of display_info_vec = 0
2025/10/09 05:18:51.569 [T:0xdf789] [DisplayControl] index of p_lpo_display_info_video_port = 0
2025/10/09 05:18:51.569 [T:0xdf789] [DisplayControl] VideoPortMatchingRule
2025/10/09 05:18:51.569 [T:0xdf789] [DisplayControl] monitor display_info_model_name = VG2458
2025/10/09 05:18:51.569 [T:0xdf789] [DisplayControl] monitor video_port_model_name = VG2458
2025/10/09 05:18:51.569 [T:0xdf789] [DisplayControl] monitor display_info_sn = YDJ243400006
2025/10/09 05:18:51.569 [T:0xdf789] [DisplayControl] monitor video_port_sn = YDJ243400006
2025/10/09 05:18:51.569 [T:0xdf789] [DisplayControl] model_name_match = 1
2025/10/09 05:18:51.569 [T:0xdf789] [DisplayControl] sn_match = 1
2025/10/09 05:18:51.569 [T:0xdf789] [DisplayControl] video_port is_match = 1
2025/10/09 05:18:51.569 [T:0xdf789] [DisplayControl] index of display_info_vec = 1
2025/10/09 05:18:51.570 [T:0xdf789] [DisplayControl] index of p_lpo_display_info_video_port = 0
2025/10/09 05:18:51.570 [T:0xdf789] [DisplayControl] VideoPortMatchingRule
2025/10/09 05:18:51.570 [T:0xdf789] [DisplayControl] monitor display_info_model_name = VG275
2025/10/09 05:18:51.570 [T:0xdf789] [DisplayControl] monitor video_port_model_name = VG2458
2025/10/09 05:18:51.570 [T:0xdf789] [DisplayControl] monitor display_info_sn = XF6232400003
2025/10/09 05:18:51.570 [T:0xdf789] [DisplayControl] monitor video_port_sn = YDJ243400006
2025/10/09 05:18:51.570 [T:0xdf789] [DisplayControl] model_name_match = 0
2025/10/09 05:18:51.570 [T:0xdf789] [DisplayControl] sn_match = 0
2025/10/09 05:18:51.570 [T:0xdf789] [DisplayControl] video_port is_match = 0
2025/10/09 05:18:51.570 [T:0xdf789] [DisplayControl] index of display_info_vec = 1
2025/10/09 05:18:51.570 [T:0xdf789] [DisplayControl] index of p_lpo_display_info_video_port = 1
2025/10/09 05:18:51.570 [T:0xdf789] [DisplayControl] VideoPortMatchingRule
2025/10/09 05:18:51.570 [T:0xdf789] [DisplayControl] monitor display_info_model_name = VG275
2025/10/09 05:18:51.570 [T:0xdf789] [DisplayControl] monitor video_port_model_name = VG275
2025/10/09 05:18:51.570 [T:0xdf789] [DisplayControl] monitor display_info_sn = XF6232400003
2025/10/09 05:18:51.570 [T:0xdf789] [DisplayControl] monitor video_port_sn = XF6232400003
2025/10/09 05:18:51.570 [T:0xdf789] [DisplayControl] model_name_match = 1
2025/10/09 05:18:51.570 [T:0xdf789] [DisplayControl] sn_match = 1
2025/10/09 05:18:51.570 [T:0xdf789] [DisplayControl] video_port is_match = 1
2025/10/09 05:18:51.570 [T:0xdf789] [DisplayControl] i = 0
2025/10/09 05:18:51.570 [T:0xdf789] [DisplayControl] Enter OperationThread::OperationThread()
2025/10/09 05:18:51.570 [T:0xdf789] [DisplayControl] Enter OperationThread::CreateThread
2025/10/09 05:18:51.570 [T:0xdf789] [DisplayControl] new DisplayFunctioner
2025/10/09 05:18:51.570 [T:0xdf789] [DisplayControl] insert displayer_vector
2025/10/09 05:18:51.570 [T:0xdf789] [DisplayControl] insert modelName_SN_to_Display_map
2025/10/09 05:18:51.571 [T:0xdf789] [DisplayControl] insert device_id_to_Displayer_map_
2025/10/09 05:18:51.571 [T:0xdf789] [DisplayControl] i = 1
2025/10/09 05:18:51.571 [T:0xdf789] [DisplayControl] Enter OperationThread::OperationThread()
2025/10/09 05:18:51.571 [T:0xdf789] [DisplayControl] Enter OperationThread::CreateThread
2025/10/09 05:18:51.571 [T:0xdf789] [DisplayControl] new DisplayFunctioner
2025/10/09 05:18:51.571 [T:0xdf789] [DisplayControl] insert displayer_vector
2025/10/09 05:18:51.571 [T:0xdf789] [DisplayControl] insert modelName_SN_to_Display_map
2025/10/09 05:18:51.571 [T:0xdf789] [DisplayControl] insert device_id_to_Displayer_map_
2025/10/09 05:18:51.571 [T:0xdf789] [DisplayControl] monitor size = 2
2025/10/09 05:18:51.571 [T:0xdf789] [DisplayControl] Exit ObtainControlHandler
2025/10/09 05:18:51.571 [T:0xdf789] [DisplayControl] Enter MCCSOtherSet::GetVCP(), vcp code = 16
2025/10/09 05:18:51.658 [T:0xdf789] [DisplayControl] Exit MCCSOtherSet::GetVCP()
2025/10/09 05:18:51.658 [T:0xdf789] [DisplayControl] Enter MCCSOtherSet::GetVCP(), vcp code = 16
2025/10/09 05:18:51.740 [T:0xdf789] [DisplayControl] Exit MCCSOtherSet::GetVCP()
2025/10/09 05:18:51.900 [T:0xdf789] [DisplayControl] Enter MCCSOtherSet::SetVCP(), vcp code = 51
2025/10/09 05:18:52.069 [T:0xdf789] [DisplayControl] Exit MCCSOtherSet::SetVCP()
2025/10/09 05:18:52.069 [T:0xdf789] [DisplayControl] Enter MCCSOtherSet::SetVCP(), vcp code = 51
2025/10/09 05:18:52.229 [T:0xdf789] [DisplayControl] Exit MCCSOtherSet::SetVCP()
2025/10/09 05:18:52.230 [T:0xdf789] [DisplayControl] Enter MCCSOtherSet::GetVCP(), vcp code = 16
2025/10/09 05:18:52.318 [T:0xdf789] [DisplayControl] Exit MCCSOtherSet::GetVCP()
2025/10/09 05:18:52.424 [T:0xdf789] [DisplayControl] Enter MCCSOtherSet::GetVCP(), vcp code = 97
2025/10/09 05:18:52.506 [T:0xdf789] [DisplayControl] Exit MCCSOtherSet::GetVCP()
2025/10/09 05:18:52.615 [T:0xdf789] [DisplayControl] Enter MCCSOtherSet::GetVCP(), vcp code = 141
2025/10/09 05:18:52.698 [T:0xdf789] [DisplayControl] Exit MCCSOtherSet::GetVCP()
2025/10/09 05:18:52.804 [T:0xdf789] [DisplayControl] Enter MCCSOtherSet::GetVCP(), vcp code = 225
2025/10/09 05:18:52.885 [T:0xdf789] [DisplayControl] Exit MCCSOtherSet::GetVCP()
2025/10/09 05:18:52.989 [T:0xdf789] [DisplayControl] Enter MCCSOtherSet::GetVCP(), vcp code = 220
2025/10/09 05:18:53.069 [T:0xdf789] [DisplayControl] Exit MCCSOtherSet::GetVCP()
2025/10/09 05:18:53.176 [T:0xdf789] [DisplayControl] Enter MCCSOtherSet::GetVCP(), vcp code = 96
2025/10/09 05:18:53.256 [T:0xdf789] [DisplayControl] Exit MCCSOtherSet::GetVCP()
2025/10/09 05:18:53.364 [T:0xdf789] [DisplayControl] Enter MCCSOtherSet::GetVCP(), vcp code = 43
2025/10/09 05:18:53.447 [T:0xdf789] [DisplayControl] Exit MCCSOtherSet::GetVCP()
2025/10/09 05:18:53.553 [T:0xdf789] [DisplayControl] Enter MCCSOtherSet::GetVCP(), vcp code = 51
2025/10/09 05:18:53.633 [T:0xdf789] [DisplayControl] Exit MCCSOtherSet::GetVCP()
2025/10/09 05:18:53.739 [T:0xdf789] [DisplayControl] Enter MCCSOtherSet::GetVCP(), vcp code = 135
2025/10/09 05:18:53.819 [T:0xdf789] [DisplayControl] Exit MCCSOtherSet::GetVCP()
2025/10/09 05:18:53.927 [T:0xdf789] [DisplayControl] Enter MCCSOtherSet::GetVCP(), vcp code = 20
2025/10/09 05:18:54.008 [T:0xdf789] [DisplayControl] Exit MCCSOtherSet::GetVCP()
2025/10/09 05:18:54.116 [T:0xdf789] [DisplayControl] Enter MCCSOtherSet::GetVCP(), vcp code = 4
2025/10/09 05:18:54.197 [T:0xdf789] [DisplayControl] Exit MCCSOtherSet::GetVCP()
2025/10/09 05:18:54.301 [T:0xdf789] [DisplayControl] Enter MCCSOtherSet::GetVCP(), vcp code = 98
2025/10/09 05:18:54.382 [T:0xdf789] [DisplayControl] Exit MCCSOtherSet::GetVCP()
2025/10/09 05:18:54.487 [T:0xdf789] [DisplayControl] Enter MCCSOtherSet::GetVCP(), vcp code = 18
2025/10/09 05:18:54.569 [T:0xdf789] [DisplayControl] Exit MCCSOtherSet::GetVCP()
2025/10/09 05:18:54.678 [T:0xdf789] [DisplayControl] Enter MCCSOtherSet::GetVCP(), vcp code = 245
2025/10/09 05:18:54.760 [T:0xdf789] [DisplayControl] Exit MCCSOtherSet::GetVCP()
2025/10/09 05:18:54.866 [T:0xdf789] [DisplayControl] Enter MCCSOtherSet::GetVCP(), vcp code = 16
2025/10/09 05:18:54.952 [T:0xdf789] [DisplayControl] Exit MCCSOtherSet::GetVCP()
2025/10/09 05:18:55.053 [T:0xdf789] [DisplayControl] Enter MCCSOtherSet::GetVCP(), vcp code = 97
2025/10/09 05:18:55.137 [T:0xdf789] [DisplayControl] Exit MCCSOtherSet::GetVCP()
2025/10/09 05:18:55.241 [T:0xdf789] [DisplayControl] Enter MCCSOtherSet::GetVCP(), vcp code = 141
2025/10/09 05:18:55.326 [T:0xdf789] [DisplayControl] Exit MCCSOtherSet::GetVCP()
2025/10/09 05:18:55.430 [T:0xdf789] [DisplayControl] Enter MCCSOtherSet::GetVCP(), vcp code = 225
2025/10/09 05:18:55.515 [T:0xdf789] [DisplayControl] Exit MCCSOtherSet::GetVCP()
2025/10/09 05:18:55.616 [T:0xdf789] [DisplayControl] Enter MCCSOtherSet::GetVCP(), vcp code = 220
2025/10/09 05:18:55.701 [T:0xdf789] [DisplayControl] Exit MCCSOtherSet::GetVCP()
2025/10/09 05:18:55.802 [T:0xdf789] [DisplayControl] Enter MCCSOtherSet::GetVCP(), vcp code = 96
2025/10/09 05:18:55.887 [T:0xdf789] [DisplayControl] Exit MCCSOtherSet::GetVCP()
2025/10/09 05:18:55.990 [T:0xdf789] [DisplayControl] Enter MCCSOtherSet::GetVCP(), vcp code = 43
2025/10/09 05:18:56.076 [T:0xdf789] [DisplayControl] Exit MCCSOtherSet::GetVCP()
2025/10/09 05:18:56.178 [T:0xdf789] [DisplayControl] Enter MCCSOtherSet::GetVCP(), vcp code = 51
2025/10/09 05:18:56.263 [T:0xdf789] [DisplayControl] Exit MCCSOtherSet::GetVCP()
2025/10/09 05:18:56.379 [T:0xdf789] [DisplayControl] Enter MCCSOtherSet::GetVCP(), vcp code = 135
2025/10/09 05:18:56.464 [T:0xdf789] [DisplayControl] Exit MCCSOtherSet::GetVCP()
2025/10/09 05:18:56.568 [T:0xdf789] [DisplayControl] Enter MCCSOtherSet::GetVCP(), vcp code = 4
2025/10/09 05:18:56.653 [T:0xdf789] [DisplayControl] Exit MCCSOtherSet::GetVCP()
2025/10/09 05:18:56.757 [T:0xdf789] [DisplayControl] Enter MCCSOtherSet::GetVCP(), vcp code = 98
2025/10/09 05:18:56.841 [T:0xdf789] [DisplayControl] Exit MCCSOtherSet::GetVCP()
2025/10/09 05:18:56.943 [T:0xdf789] [DisplayControl] Enter MCCSOtherSet::GetVCP(), vcp code = 226
2025/10/09 05:18:57.027 [T:0xdf789] [DisplayControl] Exit MCCSOtherSet::GetVCP()
2025/10/09 05:18:57.128 [T:0xdf789] [DisplayControl] Enter MCCSOtherSet::GetVCP(), vcp code = 236
2025/10/09 05:18:57.215 [T:0xdf789] [DisplayControl] Exit MCCSOtherSet::GetVCP()
2025/10/09 05:18:57.319 [T:0xdf789] [DisplayControl] Enter MCCSOtherSet::GetVCP(), vcp code = 18
2025/10/09 05:18:57.403 [T:0xdf789] [DisplayControl] Exit MCCSOtherSet::GetVCP()
2025/10/09 05:18:57.515 [T:0xdf789] [DisplayControl] Enter MCCSOtherSet::SetVCP(), vcp code = 51
2025/10/09 05:18:57.681 [T:0xdf789] [DisplayControl] Exit MCCSOtherSet::SetVCP()
2025/10/09 05:18:57.686 [T:0x1d54e] [DisplayControl] Enter MCCSOtherSet::GetVCP(), vcp code = 96
2025/10/09 05:18:57.839 [T:0x1d54e] [DisplayControl] Exit MCCSOtherSet::GetVCP()
2025/10/09 05:20:31.288 [T:0xc019b] [DisplayControl] Enter MCCSOtherSet::SetVCP(), vcp code = 51
2025/10/09 05:20:31.492 [T:0xc019b] [DisplayControl] Exit MCCSOtherSet::SetVCP()
2025/10/09 05:20:47.350 [T:0xc019b] [DisplayControl] Enter MCCSOtherSet::SetVCP(), vcp code = 96
2025/10/09 05:20:47.991 [T:0xc019b] [DisplayControl] Exit MCCSOtherSet::SetVCP()
2025/10/09 05:20:54.811 [T:0xc019b] [DisplayControl] Enter OperationThread::ExitThread
2025/10/09 05:20:54.812 [T:0xc019b] [DisplayControl] Exit OperationThread::ExitThread
2025/10/09 05:20:54.813 [T:0xc019b] [DisplayControl] Enter OperationThread::~OperationThread()
2025/10/09 05:20:54.813 [T:0xc019b] [DisplayControl] Enter OperationThread::ExitThread
2025/10/09 05:20:54.813 [T:0xc019b] [DisplayControl] Enter OperationThread::ExitThread
2025/10/09 05:20:54.814 [T:0xc019b] [DisplayControl] Exit OperationThread::ExitThread
2025/10/09 05:20:54.814 [T:0xc019b] [DisplayControl] Enter OperationThread::~OperationThread()
2025/10/09 05:20:54.814 [T:0xc019b] [DisplayControl] Enter OperationThread::ExitThread
2025/10/09 05:20:54.876 [T:0xc019b] [DbgStr] After calling display_control_client_listener_video_port_.UpdateAllDisplayPath()
2025/10/09 05:20:54.897 [T:0xc019b] [DbgStr] After calling display_control_client_listener_.GetAllDisplayEDID()
2025/10/09 05:20:54.899 [T:0xc019b] [DisplayControl] Version = 3.0.6.0
2025/10/09 05:20:54.899 [T:0xc019b] [DisplayControl] Enter ObtainControlHandler1
2025/10/09 05:20:54.899 [T:0xc019b] [DisplayControl] GetVideoPortCommander
2025/10/09 05:20:54.899 [T:0xc019b] [DisplayControl] GetUSBHubCommander
2025/10/09 05:20:54.899 [T:0xc019b] ====== List p_lpo_display_info_video_port, # of devices is ======2
2025/10/09 05:20:54.899 [T:0xc019b] [DisplayControl] index of p_lpo_display_info_video_port0
2025/10/09 05:20:54.899 [T:0xc019b] [DisplayControl] Model name from VideoPort = VG2458
2025/10/09 05:20:54.899 [T:0xc019b] [DisplayControl] SN from VideoPort = YDJ243400006
2025/10/09 05:20:54.899 [T:0xc019b] [DisplayControl] index of p_lpo_display_info_video_port1
2025/10/09 05:20:54.899 [T:0xc019b] [DisplayControl] Model name from VideoPort = VG275
2025/10/09 05:20:54.899 [T:0xc019b] [DisplayControl] SN from VideoPort = XF6232400003
2025/10/09 05:20:54.899 [T:0xc019b] ====== List p_lpo_display_info_rtd_scalar_rts_hub, # of devices is ======0
2025/10/09 05:20:54.899 [T:0xc019b] [DisplayControl] GetVSRtkHubControlClientListener
2025/10/09 05:20:54.899 [T:0xc019b] [DisplayControl] max monitor count = 2
2025/10/09 05:20:54.899 [T:0xc019b] [DisplayControl] index of display_info_vec = 0
2025/10/09 05:20:54.899 [T:0xc019b] [DisplayControl] index of p_lpo_display_info_video_port = 0
2025/10/09 05:20:54.899 [T:0xc019b] [DisplayControl] VideoPortMatchingRule
2025/10/09 05:20:54.899 [T:0xc019b] [DisplayControl] monitor display_info_model_name = VG2458
2025/10/09 05:20:54.899 [T:0xc019b] [DisplayControl] monitor video_port_model_name = VG2458
2025/10/09 05:20:54.900 [T:0xc019b] [DisplayControl] monitor display_info_sn = YDJ243400006
2025/10/09 05:20:54.900 [T:0xc019b] [DisplayControl] monitor video_port_sn = YDJ243400006
2025/10/09 05:20:54.900 [T:0xc019b] [DisplayControl] model_name_match = 1
2025/10/09 05:20:54.900 [T:0xc019b] [DisplayControl] sn_match = 1
2025/10/09 05:20:54.900 [T:0xc019b] [DisplayControl] video_port is_match = 1
2025/10/09 05:20:54.900 [T:0xc019b] [DisplayControl] index of display_info_vec = 1
2025/10/09 05:20:54.900 [T:0xc019b] [DisplayControl] index of p_lpo_display_info_video_port = 0
2025/10/09 05:20:54.900 [T:0xc019b] [DisplayControl] VideoPortMatchingRule
2025/10/09 05:20:54.900 [T:0xc019b] [DisplayControl] monitor display_info_model_name = VG275
2025/10/09 05:20:54.900 [T:0xc019b] [DisplayControl] monitor video_port_model_name = VG2458
2025/10/09 05:20:54.900 [T:0xc019b] [DisplayControl] monitor display_info_sn = XF6232400003
2025/10/09 05:20:54.900 [T:0xc019b] [DisplayControl] monitor video_port_sn = YDJ243400006
2025/10/09 05:20:54.900 [T:0xc019b] [DisplayControl] model_name_match = 0
2025/10/09 05:20:54.900 [T:0xc019b] [DisplayControl] sn_match = 0
2025/10/09 05:20:54.900 [T:0xc019b] [DisplayControl] video_port is_match = 0
2025/10/09 05:20:54.900 [T:0xc019b] [DisplayControl] index of display_info_vec = 1
2025/10/09 05:20:54.900 [T:0xc019b] [DisplayControl] index of p_lpo_display_info_video_port = 1
2025/10/09 05:20:54.900 [T:0xc019b] [DisplayControl] VideoPortMatchingRule
2025/10/09 05:20:54.900 [T:0xc019b] [DisplayControl] monitor display_info_model_name = VG275
2025/10/09 05:20:54.900 [T:0xc019b] [DisplayControl] monitor video_port_model_name = VG275
2025/10/09 05:20:54.900 [T:0xc019b] [DisplayControl] monitor display_info_sn = XF6232400003
2025/10/09 05:20:54.900 [T:0xc019b] [DisplayControl] monitor video_port_sn = XF6232400003
2025/10/09 05:20:54.900 [T:0xc019b] [DisplayControl] model_name_match = 1
2025/10/09 05:20:54.900 [T:0xc019b] [DisplayControl] sn_match = 1
2025/10/09 05:20:54.900 [T:0xc019b] [DisplayControl] video_port is_match = 1
2025/10/09 05:20:54.900 [T:0xc019b] [DisplayControl] i = 0
2025/10/09 05:20:54.900 [T:0xc019b] [DisplayControl] Enter OperationThread::OperationThread()
2025/10/09 05:20:54.901 [T:0xc019b] [DisplayControl] Enter OperationThread::CreateThread
2025/10/09 05:20:54.901 [T:0xc019b] [DisplayControl] new DisplayFunctioner
2025/10/09 05:20:54.901 [T:0xc019b] [DisplayControl] insert displayer_vector
2025/10/09 05:20:54.901 [T:0xc019b] [DisplayControl] insert modelName_SN_to_Display_map
2025/10/09 05:20:54.901 [T:0xc019b] [DisplayControl] insert device_id_to_Displayer_map_
2025/10/09 05:20:54.901 [T:0xc019b] [DisplayControl] i = 1
2025/10/09 05:20:54.901 [T:0xc019b] [DisplayControl] Enter OperationThread::OperationThread()
2025/10/09 05:20:54.901 [T:0xc019b] [DisplayControl] Enter OperationThread::CreateThread
2025/10/09 05:20:54.901 [T:0xc019b] [DisplayControl] new DisplayFunctioner
2025/10/09 05:20:54.901 [T:0xc019b] [DisplayControl] insert displayer_vector
2025/10/09 05:20:54.901 [T:0xc019b] [DisplayControl] insert modelName_SN_to_Display_map
2025/10/09 05:20:54.901 [T:0xc019b] [DisplayControl] insert device_id_to_Displayer_map_
2025/10/09 05:20:54.901 [T:0xc019b] [DisplayControl] monitor size = 2
2025/10/09 05:20:54.901 [T:0xc019b] [DisplayControl] Exit ObtainControlHandler
2025/10/09 05:20:54.901 [T:0xc019b] [DisplayControl] Enter MCCSOtherSet::GetVCP(), vcp code = 16
2025/10/09 05:20:54.988 [T:0xc019b] [DisplayControl] Exit MCCSOtherSet::GetVCP()
2025/10/09 05:20:54.988 [T:0xc019b] [DisplayControl] Enter MCCSOtherSet::GetVCP(), vcp code = 16
2025/10/09 05:20:55.070 [T:0xc019b] [DisplayControl] Exit MCCSOtherSet::GetVCP()
2025/10/09 05:20:55.230 [T:0xc019b] [DisplayControl] Enter MCCSOtherSet::SetVCP(), vcp code = 51
2025/10/09 05:20:55.553 [T:0xc019b] [DisplayControl] Exit MCCSOtherSet::SetVCP()
2025/10/09 05:20:55.554 [T:0xc019b] [DisplayControl] Enter MCCSOtherSet::SetVCP(), vcp code = 51
2025/10/09 05:20:55.729 [T:0xc019b] [DisplayControl] Exit MCCSOtherSet::SetVCP()
2025/10/09 05:20:55.730 [T:0xc019b] [DisplayControl] Enter MCCSOtherSet::GetVCP(), vcp code = 16
2025/10/09 05:20:55.818 [T:0xc019b] [DisplayControl] Exit MCCSOtherSet::GetVCP()
2025/10/09 05:20:55.926 [T:0xc019b] [DisplayControl] Enter MCCSOtherSet::GetVCP(), vcp code = 97
2025/10/09 05:20:56.006 [T:0xc019b] [DisplayControl] Exit MCCSOtherSet::GetVCP()
2025/10/09 05:20:56.113 [T:0xc019b] [DisplayControl] Enter MCCSOtherSet::GetVCP(), vcp code = 141
2025/10/09 05:20:56.192 [T:0xc019b] [DisplayControl] Exit MCCSOtherSet::GetVCP()
2025/10/09 05:20:56.297 [T:0xc019b] [DisplayControl] Enter MCCSOtherSet::GetVCP(), vcp code = 225
2025/10/09 05:20:56.379 [T:0xc019b] [DisplayControl] Exit MCCSOtherSet::GetVCP()
2025/10/09 05:20:56.487 [T:0xc019b] [DisplayControl] Enter MCCSOtherSet::GetVCP(), vcp code = 220
2025/10/09 05:20:56.569 [T:0xc019b] [DisplayControl] Exit MCCSOtherSet::GetVCP()
2025/10/09 05:20:56.676 [T:0xc019b] [DisplayControl] Enter MCCSOtherSet::GetVCP(), vcp code = 96
2025/10/09 05:20:56.757 [T:0xc019b] [DisplayControl] Exit MCCSOtherSet::GetVCP()
2025/10/09 05:20:56.863 [T:0xc019b] [DisplayControl] Enter MCCSOtherSet::GetVCP(), vcp code = 43
2025/10/09 05:20:56.944 [T:0xc019b] [DisplayControl] Exit MCCSOtherSet::GetVCP()
2025/10/09 05:20:57.051 [T:0xc019b] [DisplayControl] Enter MCCSOtherSet::GetVCP(), vcp code = 51
2025/10/09 05:20:57.132 [T:0xc019b] [DisplayControl] Exit MCCSOtherSet::GetVCP()
2025/10/09 05:20:57.239 [T:0xc019b] [DisplayControl] Enter MCCSOtherSet::GetVCP(), vcp code = 135
2025/10/09 05:20:57.336 [T:0xc019b] [DisplayControl] Exit MCCSOtherSet::GetVCP()
2025/10/09 05:20:57.443 [T:0xc019b] [DisplayControl] Enter MCCSOtherSet::GetVCP(), vcp code = 20
2025/10/09 05:20:57.525 [T:0xc019b] [DisplayControl] Exit MCCSOtherSet::GetVCP()
2025/10/09 05:20:57.631 [T:0xc019b] [DisplayControl] Enter MCCSOtherSet::GetVCP(), vcp code = 4
2025/10/09 05:20:57.711 [T:0xc019b] [DisplayControl] Exit MCCSOtherSet::GetVCP()
2025/10/09 05:20:57.816 [T:0xc019b] [DisplayControl] Enter MCCSOtherSet::GetVCP(), vcp code = 98
2025/10/09 05:20:57.897 [T:0xc019b] [DisplayControl] Exit MCCSOtherSet::GetVCP()
2025/10/09 05:20:58.005 [T:0xc019b] [DisplayControl] Enter MCCSOtherSet::GetVCP(), vcp code = 18
2025/10/09 05:20:58.087 [T:0xc019b] [DisplayControl] Exit MCCSOtherSet::GetVCP()
2025/10/09 05:20:58.192 [T:0xc019b] [DisplayControl] Enter MCCSOtherSet::GetVCP(), vcp code = 245
2025/10/09 05:20:58.272 [T:0xc019b] [DisplayControl] Exit MCCSOtherSet::GetVCP()
2025/10/09 05:20:58.377 [T:0xc019b] [DisplayControl] Enter MCCSOtherSet::GetVCP(), vcp code = 16
2025/10/09 05:20:58.463 [T:0xc019b] [DisplayControl] Exit MCCSOtherSet::GetVCP()
2025/10/09 05:20:58.568 [T:0xc019b] [DisplayControl] Enter MCCSOtherSet::GetVCP(), vcp code = 97
2025/10/09 05:20:58.652 [T:0xc019b] [DisplayControl] Exit MCCSOtherSet::GetVCP()
2025/10/09 05:20:58.756 [T:0xc019b] [DisplayControl] Enter MCCSOtherSet::GetVCP(), vcp code = 141
2025/10/09 05:20:58.841 [T:0xc019b] [DisplayControl] Exit MCCSOtherSet::GetVCP()
2025/10/09 05:20:58.943 [T:0xc019b] [DisplayControl] Enter MCCSOtherSet::GetVCP(), vcp code = 225
2025/10/09 05:20:59.028 [T:0xc019b] [DisplayControl] Exit MCCSOtherSet::GetVCP()
2025/10/09 05:20:59.129 [T:0xc019b] [DisplayControl] Enter MCCSOtherSet::GetVCP(), vcp code = 220
2025/10/09 05:20:59.214 [T:0xc019b] [DisplayControl] Exit MCCSOtherSet::GetVCP()
2025/10/09 05:20:59.318 [T:0xc019b] [DisplayControl] Enter MCCSOtherSet::GetVCP(), vcp code = 96
2025/10/09 05:20:59.405 [T:0xc019b] [DisplayControl] Exit MCCSOtherSet::GetVCP()
2025/10/09 05:20:59.507 [T:0xc019b] [DisplayControl] Enter MCCSOtherSet::GetVCP(), vcp code = 43
2025/10/09 05:20:59.592 [T:0xc019b] [DisplayControl] Exit MCCSOtherSet::GetVCP()
2025/10/09 05:20:59.694 [T:0xc019b] [DisplayControl] Enter MCCSOtherSet::GetVCP(), vcp code = 51
2025/10/09 05:20:59.778 [T:0xc019b] [DisplayControl] Exit MCCSOtherSet::GetVCP()
2025/10/09 05:20:59.880 [T:0xc019b] [DisplayControl] Enter MCCSOtherSet::GetVCP(), vcp code = 135
2025/10/09 05:20:59.967 [T:0xc019b] [DisplayControl] Exit MCCSOtherSet::GetVCP()
2025/10/09 05:21:00.070 [T:0xc019b] [DisplayControl] Enter MCCSOtherSet::GetVCP(), vcp code = 4
2025/10/09 05:21:00.154 [T:0xc019b] [DisplayControl] Exit MCCSOtherSet::GetVCP()
2025/10/09 05:21:00.255 [T:0xc019b] [DisplayControl] Enter MCCSOtherSet::GetVCP(), vcp code = 98
2025/10/09 05:21:00.340 [T:0xc019b] [DisplayControl] Exit MCCSOtherSet::GetVCP()
2025/10/09 05:21:00.441 [T:0xc019b] [DisplayControl] Enter MCCSOtherSet::GetVCP(), vcp code = 226
2025/10/09 05:21:00.527 [T:0xc019b] [DisplayControl] Exit MCCSOtherSet::GetVCP()
2025/10/09 05:21:00.630 [T:0xc019b] [DisplayControl] Enter MCCSOtherSet::GetVCP(), vcp code = 236
2025/10/09 05:21:00.717 [T:0xc019b] [DisplayControl] Exit MCCSOtherSet::GetVCP()
2025/10/09 05:21:00.820 [T:0xc019b] [DisplayControl] Enter MCCSOtherSet::GetVCP(), vcp code = 18
2025/10/09 05:21:00.905 [T:0xc019b] [DisplayControl] Exit MCCSOtherSet::GetVCP()
2025/10/09 05:21:01.016 [T:0xc019b] [DisplayControl] Enter MCCSOtherSet::SetVCP(), vcp code = 51
2025/10/09 05:21:01.181 [T:0xc019b] [DisplayControl] Exit MCCSOtherSet::SetVCP()
2025/10/09 05:21:01.185 [T:0x1d54e] [DisplayControl] Enter MCCSOtherSet::GetVCP(), vcp code = 96
2025/10/09 05:21:01.357 [T:0x1d54e] [DisplayControl] Exit MCCSOtherSet::GetVCP()
2025/10/09 05:22:35.535 [T:0x45122] [DisplayControl] Enter MCCSOtherSet::SetVCP(), vcp code = 51
2025/10/09 05:22:35.766 [T:0x45122] [DisplayControl] Exit MCCSOtherSet::SetVCP()
2025/10/09 05:22:51.599 [T:0x45122] [DisplayControl] Enter MCCSOtherSet::SetVCP(), vcp code = 96
2025/10/09 05:22:51.922 [T:0x45122] [DisplayControl] Exit MCCSOtherSet::SetVCP()
2025/10/09 05:22:58.759 [T:0x45122] [DisplayControl] Enter OperationThread::ExitThread
2025/10/09 05:22:58.760 [T:0x45122] [DisplayControl] Exit OperationThread::ExitThread
2025/10/09 05:22:58.760 [T:0x45122] [DisplayControl] Enter OperationThread::~OperationThread()
2025/10/09 05:22:58.761 [T:0x45122] [DisplayControl] Enter OperationThread::ExitThread
2025/10/09 05:22:58.761 [T:0x45122] [DisplayControl] Enter OperationThread::ExitThread
2025/10/09 05:22:58.762 [T:0x45122] [DisplayControl] Exit OperationThread::ExitThread
2025/10/09 05:22:58.762 [T:0x45122] [DisplayControl] Enter OperationThread::~OperationThread()
2025/10/09 05:22:58.762 [T:0x45122] [DisplayControl] Enter OperationThread::ExitThread
2025/10/09 05:22:58.836 [T:0x45122] [DbgStr] After calling display_control_client_listener_video_port_.UpdateAllDisplayPath()
2025/10/09 05:22:58.856 [T:0x45122] [DbgStr] After calling display_control_client_listener_.GetAllDisplayEDID()
2025/10/09 05:22:58.858 [T:0x45122] [DisplayControl] Version = 3.0.6.0
2025/10/09 05:22:58.858 [T:0x45122] [DisplayControl] Enter ObtainControlHandler1
2025/10/09 05:22:58.858 [T:0x45122] [DisplayControl] GetVideoPortCommander
2025/10/09 05:22:58.859 [T:0x45122] [DisplayControl] GetUSBHubCommander
2025/10/09 05:22:58.859 [T:0x45122] ====== List p_lpo_display_info_video_port, # of devices is ======2
2025/10/09 05:22:58.859 [T:0x45122] [DisplayControl] index of p_lpo_display_info_video_port0
2025/10/09 05:22:58.859 [T:0x45122] [DisplayControl] Model name from VideoPort = VG2458
2025/10/09 05:22:58.859 [T:0x45122] [DisplayControl] SN from VideoPort = YDJ243400006
2025/10/09 05:22:58.859 [T:0x45122] [DisplayControl] index of p_lpo_display_info_video_port1
2025/10/09 05:22:58.859 [T:0x45122] [DisplayControl] Model name from VideoPort = VG275
2025/10/09 05:22:58.859 [T:0x45122] [DisplayControl] SN from VideoPort = XF6232400003
2025/10/09 05:22:58.859 [T:0x45122] ====== List p_lpo_display_info_rtd_scalar_rts_hub, # of devices is ======0
2025/10/09 05:22:58.859 [T:0x45122] [DisplayControl] GetVSRtkHubControlClientListener
2025/10/09 05:22:58.859 [T:0x45122] [DisplayControl] max monitor count = 2
2025/10/09 05:22:58.859 [T:0x45122] [DisplayControl] index of display_info_vec = 0
2025/10/09 05:22:58.859 [T:0x45122] [DisplayControl] index of p_lpo_display_info_video_port = 0
2025/10/09 05:22:58.859 [T:0x45122] [DisplayControl] VideoPortMatchingRule
2025/10/09 05:22:58.859 [T:0x45122] [DisplayControl] monitor display_info_model_name = VG2458
2025/10/09 05:22:58.859 [T:0x45122] [DisplayControl] monitor video_port_model_name = VG2458
2025/10/09 05:22:58.859 [T:0x45122] [DisplayControl] monitor display_info_sn = YDJ243400006
2025/10/09 05:22:58.859 [T:0x45122] [DisplayControl] monitor video_port_sn = YDJ243400006
2025/10/09 05:22:58.859 [T:0x45122] [DisplayControl] model_name_match = 1
2025/10/09 05:22:58.859 [T:0x45122] [DisplayControl] sn_match = 1
2025/10/09 05:22:58.859 [T:0x45122] [DisplayControl] video_port is_match = 1
2025/10/09 05:22:58.859 [T:0x45122] [DisplayControl] index of display_info_vec = 1
2025/10/09 05:22:58.859 [T:0x45122] [DisplayControl] index of p_lpo_display_info_video_port = 0
2025/10/09 05:22:58.859 [T:0x45122] [DisplayControl] VideoPortMatchingRule
2025/10/09 05:22:58.859 [T:0x45122] [DisplayControl] monitor display_info_model_name = VG275
2025/10/09 05:22:58.859 [T:0x45122] [DisplayControl] monitor video_port_model_name = VG2458
2025/10/09 05:22:58.860 [T:0x45122] [DisplayControl] monitor display_info_sn = XF6232400003
2025/10/09 05:22:58.860 [T:0x45122] [DisplayControl] monitor video_port_sn = YDJ243400006
2025/10/09 05:22:58.860 [T:0x45122] [DisplayControl] model_name_match = 0
2025/10/09 05:22:58.860 [T:0x45122] [DisplayControl] sn_match = 0
2025/10/09 05:22:58.860 [T:0x45122] [DisplayControl] video_port is_match = 0
2025/10/09 05:22:58.860 [T:0x45122] [DisplayControl] index of display_info_vec = 1
2025/10/09 05:22:58.860 [T:0x45122] [DisplayControl] index of p_lpo_display_info_video_port = 1
2025/10/09 05:22:58.860 [T:0x45122] [DisplayControl] VideoPortMatchingRule
2025/10/09 05:22:58.860 [T:0x45122] [DisplayControl] monitor display_info_model_name = VG275
2025/10/09 05:22:58.860 [T:0x45122] [DisplayControl] monitor video_port_model_name = VG275
2025/10/09 05:22:58.860 [T:0x45122] [DisplayControl] monitor display_info_sn = XF6232400003
2025/10/09 05:22:58.860 [T:0x45122] [DisplayControl] monitor video_port_sn = XF6232400003
2025/10/09 05:22:58.860 [T:0x45122] [DisplayControl] model_name_match = 1
2025/10/09 05:22:58.860 [T:0x45122] [DisplayControl] sn_match = 1
2025/10/09 05:22:58.860 [T:0x45122] [DisplayControl] video_port is_match = 1
2025/10/09 05:22:58.860 [T:0x45122] [DisplayControl] i = 0
2025/10/09 05:22:58.860 [T:0x45122] [DisplayControl] Enter OperationThread::OperationThread()
2025/10/09 05:22:58.860 [T:0x45122] [DisplayControl] Enter OperationThread::CreateThread
2025/10/09 05:22:58.860 [T:0x45122] [DisplayControl] new DisplayFunctioner
2025/10/09 05:22:58.860 [T:0x45122] [DisplayControl] insert displayer_vector
2025/10/09 05:22:58.860 [T:0x45122] [DisplayControl] insert modelName_SN_to_Display_map
2025/10/09 05:22:58.860 [T:0x45122] [DisplayControl] insert device_id_to_Displayer_map_
2025/10/09 05:22:58.860 [T:0x45122] [DisplayControl] i = 1
2025/10/09 05:22:58.860 [T:0x45122] [DisplayControl] Enter OperationThread::OperationThread()
2025/10/09 05:22:58.860 [T:0x45122] [DisplayControl] Enter OperationThread::CreateThread
2025/10/09 05:22:58.861 [T:0x45122] [DisplayControl] new DisplayFunctioner
2025/10/09 05:22:58.861 [T:0x45122] [DisplayControl] insert displayer_vector
2025/10/09 05:22:58.861 [T:0x45122] [DisplayControl] insert modelName_SN_to_Display_map
2025/10/09 05:22:58.861 [T:0x45122] [DisplayControl] insert device_id_to_Displayer_map_
2025/10/09 05:22:58.861 [T:0x45122] [DisplayControl] monitor size = 2
2025/10/09 05:22:58.861 [T:0x45122] [DisplayControl] Exit ObtainControlHandler
2025/10/09 05:22:58.861 [T:0x45122] [DisplayControl] Enter MCCSOtherSet::GetVCP(), vcp code = 16
2025/10/09 05:22:58.946 [T:0x45122] [DisplayControl] Exit MCCSOtherSet::GetVCP()
2025/10/09 05:22:58.946 [T:0x45122] [DisplayControl] Enter MCCSOtherSet::GetVCP(), vcp code = 16
2025/10/09 05:22:59.028 [T:0x45122] [DisplayControl] Exit MCCSOtherSet::GetVCP()
2025/10/09 05:22:59.200 [T:0x45122] [DisplayControl] Enter MCCSOtherSet::SetVCP(), vcp code = 51
2025/10/09 05:22:59.525 [T:0x45122] [DisplayControl] Exit MCCSOtherSet::SetVCP()
2025/10/09 05:22:59.525 [T:0x45122] [DisplayControl] Enter MCCSOtherSet::SetVCP(), vcp code = 51
2025/10/09 05:22:59.698 [T:0x45122] [DisplayControl] Exit MCCSOtherSet::SetVCP()
2025/10/09 05:22:59.699 [T:0x45122] [DisplayControl] Enter MCCSOtherSet::GetVCP(), vcp code = 16
2025/10/09 05:22:59.787 [T:0x45122] [DisplayControl] Exit MCCSOtherSet::GetVCP()
2025/10/09 05:22:59.896 [T:0x45122] [DisplayControl] Enter MCCSOtherSet::GetVCP(), vcp code = 97
2025/10/09 05:22:59.978 [T:0x45122] [DisplayControl] Exit MCCSOtherSet::GetVCP()
2025/10/09 05:23:00.085 [T:0x45122] [DisplayControl] Enter MCCSOtherSet::GetVCP(), vcp code = 141
2025/10/09 05:23:00.166 [T:0x45122] [DisplayControl] Exit MCCSOtherSet::GetVCP()
2025/10/09 05:23:00.272 [T:0x45122] [DisplayControl] Enter MCCSOtherSet::GetVCP(), vcp code = 225
2025/10/09 05:23:00.353 [T:0x45122] [DisplayControl] Exit MCCSOtherSet::GetVCP()
2025/10/09 05:23:00.459 [T:0x45122] [DisplayControl] Enter MCCSOtherSet::GetVCP(), vcp code = 220
2025/10/09 05:23:00.539 [T:0x45122] [DisplayControl] Exit MCCSOtherSet::GetVCP()
2025/10/09 05:23:00.648 [T:0x45122] [DisplayControl] Enter MCCSOtherSet::GetVCP(), vcp code = 96
2025/10/09 05:23:00.730 [T:0x45122] [DisplayControl] Exit MCCSOtherSet::GetVCP()
2025/10/09 05:23:00.838 [T:0x45122] [DisplayControl] Enter MCCSOtherSet::GetVCP(), vcp code = 43
2025/10/09 05:23:00.919 [T:0x45122] [DisplayControl] Exit MCCSOtherSet::GetVCP()
2025/10/09 05:23:01.026 [T:0x45122] [DisplayControl] Enter MCCSOtherSet::GetVCP(), vcp code = 51
2025/10/09 05:23:01.108 [T:0x45122] [DisplayControl] Exit MCCSOtherSet::GetVCP()
2025/10/09 05:23:01.217 [T:0x45122] [DisplayControl] Enter MCCSOtherSet::GetVCP(), vcp code = 135
2025/10/09 05:23:01.298 [T:0x45122] [DisplayControl] Exit MCCSOtherSet::GetVCP()
2025/10/09 05:23:01.404 [T:0x45122] [DisplayControl] Enter MCCSOtherSet::GetVCP(), vcp code = 20
2025/10/09 05:23:01.485 [T:0x45122] [DisplayControl] Exit MCCSOtherSet::GetVCP()
2025/10/09 05:23:01.592 [T:0x45122] [DisplayControl] Enter MCCSOtherSet::GetVCP(), vcp code = 4
2025/10/09 05:23:01.673 [T:0x45122] [DisplayControl] Exit MCCSOtherSet::GetVCP()
2025/10/09 05:23:01.782 [T:0x45122] [DisplayControl] Enter MCCSOtherSet::GetVCP(), vcp code = 98
2025/10/09 05:23:01.864 [T:0x45122] [DisplayControl] Exit MCCSOtherSet::GetVCP()
2025/10/09 05:23:01.971 [T:0x45122] [DisplayControl] Enter MCCSOtherSet::GetVCP(), vcp code = 18
2025/10/09 05:23:02.052 [T:0x45122] [DisplayControl] Exit MCCSOtherSet::GetVCP()
2025/10/09 05:23:02.159 [T:0x45122] [DisplayControl] Enter MCCSOtherSet::GetVCP(), vcp code = 245
2025/10/09 05:23:02.239 [T:0x45122] [DisplayControl] Exit MCCSOtherSet::GetVCP()
2025/10/09 05:23:02.345 [T:0x45122] [DisplayControl] Enter MCCSOtherSet::GetVCP(), vcp code = 16
2025/10/09 05:23:02.431 [T:0x45122] [DisplayControl] Exit MCCSOtherSet::GetVCP()
2025/10/09 05:23:02.535 [T:0x45122] [DisplayControl] Enter MCCSOtherSet::GetVCP(), vcp code = 97
2025/10/09 05:23:02.623 [T:0x45122] [DisplayControl] Exit MCCSOtherSet::GetVCP()
2025/10/09 05:23:02.725 [T:0x45122] [DisplayControl] Enter MCCSOtherSet::GetVCP(), vcp code = 141
2025/10/09 05:23:02.811 [T:0x45122] [DisplayControl] Exit MCCSOtherSet::GetVCP()
2025/10/09 05:23:02.913 [T:0x45122] [DisplayControl] Enter MCCSOtherSet::GetVCP(), vcp code = 225
2025/10/09 05:23:02.997 [T:0x45122] [DisplayControl] Exit MCCSOtherSet::GetVCP()
2025/10/09 05:23:03.098 [T:0x45122] [DisplayControl] Enter MCCSOtherSet::GetVCP(), vcp code = 220
2025/10/09 05:23:03.184 [T:0x45122] [DisplayControl] Exit MCCSOtherSet::GetVCP()
2025/10/09 05:23:03.288 [T:0x45122] [DisplayControl] Enter MCCSOtherSet::GetVCP(), vcp code = 96
2025/10/09 05:23:03.374 [T:0x45122] [DisplayControl] Exit MCCSOtherSet::GetVCP()
2025/10/09 05:23:03.479 [T:0x45122] [DisplayControl] Enter MCCSOtherSet::GetVCP(), vcp code = 43
2025/10/09 05:23:03.565 [T:0x45122] [DisplayControl] Exit MCCSOtherSet::GetVCP()
2025/10/09 05:23:03.669 [T:0x45122] [DisplayControl] Enter MCCSOtherSet::GetVCP(), vcp code = 51
2025/10/09 05:23:03.754 [T:0x45122] [DisplayControl] Exit MCCSOtherSet::GetVCP()
2025/10/09 05:23:03.858 [T:0x45122] [DisplayControl] Enter MCCSOtherSet::GetVCP(), vcp code = 135
2025/10/09 05:23:03.941 [T:0x45122] [DisplayControl] Exit MCCSOtherSet::GetVCP()
2025/10/09 05:23:04.043 [T:0x45122] [DisplayControl] Enter MCCSOtherSet::GetVCP(), vcp code = 4
2025/10/09 05:23:04.130 [T:0x45122] [DisplayControl] Exit MCCSOtherSet::GetVCP()
2025/10/09 05:23:04.231 [T:0x45122] [DisplayControl] Enter MCCSOtherSet::GetVCP(), vcp code = 98
2025/10/09 05:23:04.317 [T:0x45122] [DisplayControl] Exit MCCSOtherSet::GetVCP()
2025/10/09 05:23:04.421 [T:0x45122] [DisplayControl] Enter MCCSOtherSet::GetVCP(), vcp code = 226
2025/10/09 05:23:04.508 [T:0x45122] [DisplayControl] Exit MCCSOtherSet::GetVCP()
2025/10/09 05:23:04.613 [T:0x45122] [DisplayControl] Enter MCCSOtherSet::GetVCP(), vcp code = 236
2025/10/09 05:23:04.699 [T:0x45122] [DisplayControl] Exit MCCSOtherSet::GetVCP()
2025/10/09 05:23:04.801 [T:0x45122] [DisplayControl] Enter MCCSOtherSet::GetVCP(), vcp code = 18
2025/10/09 05:23:04.886 [T:0x45122] [DisplayControl] Exit MCCSOtherSet::GetVCP()
2025/10/09 05:23:04.996 [T:0x45122] [DisplayControl] Enter MCCSOtherSet::SetVCP(), vcp code = 51
2025/10/09 05:23:05.161 [T:0x45122] [DisplayControl] Exit MCCSOtherSet::SetVCP()
2025/10/09 05:23:05.166 [T:0x1d54e] [DisplayControl] Enter MCCSOtherSet::GetVCP(), vcp code = 96
2025/10/09 05:23:05.294 [T:0x1d54e] [DisplayControl] Exit MCCSOtherSet::GetVCP()
2025/10/09 05:24:43.561 [T:0x1d54e] [DisplayControl] Enter OperationThread::ExitThread
2025/10/09 05:24:43.561 [T:0x1d54e] [DisplayControl] Exit OperationThread::ExitThread
2025/10/09 05:24:43.561 [T:0x1d54e] [DisplayControl] Enter OperationThread::~OperationThread()
2025/10/09 05:24:43.561 [T:0x1d54e] [DisplayControl] Enter OperationThread::ExitThread
2025/10/09 05:24:43.561 [T:0x1d54e] [DisplayControl] Enter OperationThread::ExitThread
2025/10/09 05:24:43.561 [T:0x1d54e] [DisplayControl] Exit OperationThread::ExitThread
2025/10/09 05:24:43.562 [T:0x1d54e] [DisplayControl] Enter OperationThread::~OperationThread()
2025/10/09 05:24:43.562 [T:0x1d54e] [DisplayControl] Enter OperationThread::ExitThread
2025/10/09 05:24:43.594 [T:0x1d54e] [DbgStr] After calling display_control_client_listener_video_port_.UpdateAllDisplayPath()
2025/10/09 05:24:43.616 [T:0x1d54e] [DbgStr] After calling display_control_client_listener_.GetAllDisplayEDID()
2025/10/09 05:24:43.621 [T:0x1d54e] [DisplayControl] Version = 3.0.6.0
2025/10/09 05:24:43.621 [T:0x1d54e] [DisplayControl] Enter ObtainControlHandler1
2025/10/09 05:24:43.621 [T:0x1d54e] [DisplayControl] GetVideoPortCommander
2025/10/09 05:24:43.621 [T:0x1d54e] [DisplayControl] GetUSBHubCommander
2025/10/09 05:24:43.621 [T:0x1d54e] ====== List p_lpo_display_info_video_port, # of devices is ======2
2025/10/09 05:24:43.621 [T:0x1d54e] [DisplayControl] index of p_lpo_display_info_video_port0
2025/10/09 05:24:43.621 [T:0x1d54e] [DisplayControl] Model name from VideoPort = VG2458
2025/10/09 05:24:43.621 [T:0x1d54e] [DisplayControl] SN from VideoPort = YDJ243400006
2025/10/09 05:24:43.622 [T:0x1d54e] [DisplayControl] index of p_lpo_display_info_video_port1
2025/10/09 05:24:43.622 [T:0x1d54e] [DisplayControl] Model name from VideoPort = VG275
2025/10/09 05:24:43.622 [T:0x1d54e] [DisplayControl] SN from VideoPort = XF6232400003
2025/10/09 05:24:43.622 [T:0x1d54e] ====== List p_lpo_display_info_rtd_scalar_rts_hub, # of devices is ======0
2025/10/09 05:24:43.622 [T:0x1d54e] [DisplayControl] GetVSRtkHubControlClientListener
2025/10/09 05:24:43.622 [T:0x1d54e] [DisplayControl] max monitor count = 2
2025/10/09 05:24:43.622 [T:0x1d54e] [DisplayControl] index of display_info_vec = 0
2025/10/09 05:24:43.622 [T:0x1d54e] [DisplayControl] index of p_lpo_display_info_video_port = 0
2025/10/09 05:24:43.622 [T:0x1d54e] [DisplayControl] VideoPortMatchingRule
2025/10/09 05:24:43.622 [T:0x1d54e] [DisplayControl] monitor display_info_model_name = VG2458
2025/10/09 05:24:43.622 [T:0x1d54e] [DisplayControl] monitor video_port_model_name = VG2458
2025/10/09 05:24:43.622 [T:0x1d54e] [DisplayControl] monitor display_info_sn = YDJ243400006
2025/10/09 05:24:43.622 [T:0x1d54e] [DisplayControl] monitor video_port_sn = YDJ243400006
2025/10/09 05:24:43.622 [T:0x1d54e] [DisplayControl] model_name_match = 1
2025/10/09 05:24:43.622 [T:0x1d54e] [DisplayControl] sn_match = 1
2025/10/09 05:24:43.622 [T:0x1d54e] [DisplayControl] video_port is_match = 1
2025/10/09 05:24:43.622 [T:0x1d54e] [DisplayControl] index of display_info_vec = 1
2025/10/09 05:24:43.622 [T:0x1d54e] [DisplayControl] index of p_lpo_display_info_video_port = 0
2025/10/09 05:24:43.622 [T:0x1d54e] [DisplayControl] VideoPortMatchingRule
2025/10/09 05:24:43.622 [T:0x1d54e] [DisplayControl] monitor display_info_model_name = VG275
2025/10/09 05:24:43.622 [T:0x1d54e] [DisplayControl] monitor video_port_model_name = VG2458
2025/10/09 05:24:43.622 [T:0x1d54e] [DisplayControl] monitor display_info_sn = XF6232400003
2025/10/09 05:24:43.622 [T:0x1d54e] [DisplayControl] monitor video_port_sn = YDJ243400006
2025/10/09 05:24:43.622 [T:0x1d54e] [DisplayControl] model_name_match = 0
2025/10/09 05:24:43.622 [T:0x1d54e] [DisplayControl] sn_match = 0
2025/10/09 05:24:43.622 [T:0x1d54e] [DisplayControl] video_port is_match = 0
2025/10/09 05:24:43.622 [T:0x1d54e] [DisplayControl] index of display_info_vec = 1
2025/10/09 05:24:43.623 [T:0x1d54e] [DisplayControl] index of p_lpo_display_info_video_port = 1
2025/10/09 05:24:43.623 [T:0x1d54e] [DisplayControl] VideoPortMatchingRule
2025/10/09 05:24:43.623 [T:0x1d54e] [DisplayControl] monitor display_info_model_name = VG275
2025/10/09 05:24:43.623 [T:0x1d54e] [DisplayControl] monitor video_port_model_name = VG275
2025/10/09 05:24:43.623 [T:0x1d54e] [DisplayControl] monitor display_info_sn = XF6232400003
2025/10/09 05:24:43.623 [T:0x1d54e] [DisplayControl] monitor video_port_sn = XF6232400003
2025/10/09 05:24:43.623 [T:0x1d54e] [DisplayControl] model_name_match = 1
2025/10/09 05:24:43.623 [T:0x1d54e] [DisplayControl] sn_match = 1
2025/10/09 05:24:43.623 [T:0x1d54e] [DisplayControl] video_port is_match = 1
2025/10/09 05:24:43.623 [T:0x1d54e] [DisplayControl] i = 0
2025/10/09 05:24:43.623 [T:0x1d54e] [DisplayControl] Enter OperationThread::OperationThread()
2025/10/09 05:24:43.623 [T:0x1d54e] [DisplayControl] Enter OperationThread::CreateThread
2025/10/09 05:24:43.623 [T:0x1d54e] [DisplayControl] new DisplayFunctioner
2025/10/09 05:24:43.623 [T:0x1d54e] [DisplayControl] insert displayer_vector
2025/10/09 05:24:43.623 [T:0x1d54e] [DisplayControl] insert modelName_SN_to_Display_map
2025/10/09 05:24:43.623 [T:0x1d54e] [DisplayControl] insert device_id_to_Displayer_map_
2025/10/09 05:24:43.623 [T:0x1d54e] [DisplayControl] i = 1
2025/10/09 05:24:43.623 [T:0x1d54e] [DisplayControl] Enter OperationThread::OperationThread()
2025/10/09 05:24:43.623 [T:0x1d54e] [DisplayControl] Enter OperationThread::CreateThread
2025/10/09 05:24:43.623 [T:0x1d54e] [DisplayControl] new DisplayFunctioner
2025/10/09 05:24:43.623 [T:0x1d54e] [DisplayControl] insert displayer_vector
2025/10/09 05:24:43.623 [T:0x1d54e] [DisplayControl] insert modelName_SN_to_Display_map
2025/10/09 05:24:43.624 [T:0x1d54e] [DisplayControl] insert device_id_to_Displayer_map_
2025/10/09 05:24:43.624 [T:0x1d54e] [DisplayControl] monitor size = 2
2025/10/09 05:24:43.624 [T:0x1d54e] [DisplayControl] Exit ObtainControlHandler
2025/10/09 05:26:40.242 [T:0x1d54e] [DisplayControl] Enter OperationThread::ExitThread
2025/10/09 05:26:40.242 [T:0x1d54e] [DisplayControl] Exit OperationThread::ExitThread
2025/10/09 05:26:40.242 [T:0x1d54e] [DisplayControl] Enter OperationThread::~OperationThread()
2025/10/09 05:26:40.242 [T:0x1d54e] [DisplayControl] Enter OperationThread::ExitThread
2025/10/09 05:26:40.242 [T:0x1d54e] [DisplayControl] Enter OperationThread::ExitThread
2025/10/09 05:26:40.242 [T:0x1d54e] [DisplayControl] Exit OperationThread::ExitThread
2025/10/09 05:26:40.242 [T:0x1d54e] [DisplayControl] Enter OperationThread::~OperationThread()
2025/10/09 05:26:40.242 [T:0x1d54e] [DisplayControl] Enter OperationThread::ExitThread
2025/10/09 05:26:40.271 [T:0x1d54e] [DbgStr] After calling display_control_client_listener_video_port_.UpdateAllDisplayPath()
2025/10/09 05:26:40.291 [T:0x1d54e] [DbgStr] After calling display_control_client_listener_.GetAllDisplayEDID()
2025/10/09 05:26:40.301 [T:0x1d54e] [DisplayControl] Version = 3.0.6.0
2025/10/09 05:26:40.301 [T:0x1d54e] [DisplayControl] Enter ObtainControlHandler1
2025/10/09 05:26:40.301 [T:0x1d54e] [DisplayControl] GetVideoPortCommander
2025/10/09 05:26:40.301 [T:0x1d54e] [DisplayControl] GetUSBHubCommander
2025/10/09 05:26:40.301 [T:0x1d54e] ====== List p_lpo_display_info_video_port, # of devices is ======2
2025/10/09 05:26:40.301 [T:0x1d54e] [DisplayControl] index of p_lpo_display_info_video_port0
2025/10/09 05:26:40.301 [T:0x1d54e] [DisplayControl] Model name from VideoPort = VG2458
2025/10/09 05:26:40.302 [T:0x1d54e] [DisplayControl] SN from VideoPort = YDJ243400006
2025/10/09 05:26:40.302 [T:0x1d54e] [DisplayControl] index of p_lpo_display_info_video_port1
2025/10/09 05:26:40.302 [T:0x1d54e] [DisplayControl] Model name from VideoPort = VG275
2025/10/09 05:26:40.302 [T:0x1d54e] [DisplayControl] SN from VideoPort = XF6232400003
2025/10/09 05:26:40.302 [T:0x1d54e] ====== List p_lpo_display_info_rtd_scalar_rts_hub, # of devices is ======0
2025/10/09 05:26:40.302 [T:0x1d54e] [DisplayControl] GetVSRtkHubControlClientListener
2025/10/09 05:26:40.302 [T:0x1d54e] [DisplayControl] max monitor count = 2
2025/10/09 05:26:40.302 [T:0x1d54e] [DisplayControl] index of display_info_vec = 0
2025/10/09 05:26:40.302 [T:0x1d54e] [DisplayControl] index of p_lpo_display_info_video_port = 0
2025/10/09 05:26:40.302 [T:0x1d54e] [DisplayControl] VideoPortMatchingRule
2025/10/09 05:26:40.302 [T:0x1d54e] [DisplayControl] monitor display_info_model_name = VG2458
2025/10/09 05:26:40.302 [T:0x1d54e] [DisplayControl] monitor video_port_model_name = VG2458
2025/10/09 05:26:40.302 [T:0x1d54e] [DisplayControl] monitor display_info_sn = YDJ243400006
2025/10/09 05:26:40.302 [T:0x1d54e] [DisplayControl] monitor video_port_sn = YDJ243400006
2025/10/09 05:26:40.302 [T:0x1d54e] [DisplayControl] model_name_match = 1
2025/10/09 05:26:40.302 [T:0x1d54e] [DisplayControl] sn_match = 1
2025/10/09 05:26:40.302 [T:0x1d54e] [DisplayControl] video_port is_match = 1
2025/10/09 05:26:40.302 [T:0x1d54e] [DisplayControl] index of display_info_vec = 1
2025/10/09 05:26:40.302 [T:0x1d54e] [DisplayControl] index of p_lpo_display_info_video_port = 0
2025/10/09 05:26:40.302 [T:0x1d54e] [DisplayControl] VideoPortMatchingRule
2025/10/09 05:26:40.302 [T:0x1d54e] [DisplayControl] monitor display_info_model_name = VG275
2025/10/09 05:26:40.302 [T:0x1d54e] [DisplayControl] monitor video_port_model_name = VG2458
2025/10/09 05:26:40.302 [T:0x1d54e] [DisplayControl] monitor display_info_sn = XF6232400003
2025/10/09 05:26:40.302 [T:0x1d54e] [DisplayControl] monitor video_port_sn = YDJ243400006
2025/10/09 05:26:40.302 [T:0x1d54e] [DisplayControl] model_name_match = 0
2025/10/09 05:26:40.302 [T:0x1d54e] [DisplayControl] sn_match = 0
2025/10/09 05:26:40.302 [T:0x1d54e] [DisplayControl] video_port is_match = 0
2025/10/09 05:26:40.302 [T:0x1d54e] [DisplayControl] index of display_info_vec = 1
2025/10/09 05:26:40.303 [T:0x1d54e] [DisplayControl] index of p_lpo_display_info_video_port = 1
2025/10/09 05:26:40.303 [T:0x1d54e] [DisplayControl] VideoPortMatchingRule
2025/10/09 05:26:40.303 [T:0x1d54e] [DisplayControl] monitor display_info_model_name = VG275
2025/10/09 05:26:40.303 [T:0x1d54e] [DisplayControl] monitor video_port_model_name = VG275
2025/10/09 05:26:40.303 [T:0x1d54e] [DisplayControl] monitor display_info_sn = XF6232400003
2025/10/09 05:26:40.303 [T:0x1d54e] [DisplayControl] monitor video_port_sn = XF6232400003
2025/10/09 05:26:40.303 [T:0x1d54e] [DisplayControl] model_name_match = 1
2025/10/09 05:26:40.303 [T:0x1d54e] [DisplayControl] sn_match = 1
2025/10/09 05:26:40.303 [T:0x1d54e] [DisplayControl] video_port is_match = 1
2025/10/09 05:26:40.303 [T:0x1d54e] [DisplayControl] i = 0
2025/10/09 05:26:40.303 [T:0x1d54e] [DisplayControl] Enter OperationThread::OperationThread()
2025/10/09 05:26:40.303 [T:0x1d54e] [DisplayControl] Enter OperationThread::CreateThread
2025/10/09 05:26:40.303 [T:0x1d54e] [DisplayControl] new DisplayFunctioner
2025/10/09 05:26:40.303 [T:0x1d54e] [DisplayControl] insert displayer_vector
2025/10/09 05:26:40.303 [T:0x1d54e] [DisplayControl] insert modelName_SN_to_Display_map
2025/10/09 05:26:40.303 [T:0x1d54e] [DisplayControl] insert device_id_to_Displayer_map_
2025/10/09 05:26:40.303 [T:0x1d54e] [DisplayControl] i = 1
2025/10/09 05:26:40.303 [T:0x1d54e] [DisplayControl] Enter OperationThread::OperationThread()
2025/10/09 05:26:40.303 [T:0x1d54e] [DisplayControl] Enter OperationThread::CreateThread
2025/10/09 05:26:40.303 [T:0x1d54e] [DisplayControl] new DisplayFunctioner
2025/10/09 05:26:40.303 [T:0x1d54e] [DisplayControl] insert displayer_vector
2025/10/09 05:26:40.303 [T:0x1d54e] [DisplayControl] insert modelName_SN_to_Display_map
2025/10/09 05:26:40.304 [T:0x1d54e] [DisplayControl] insert device_id_to_Displayer_map_
2025/10/09 05:26:40.304 [T:0x1d54e] [DisplayControl] monitor size = 2
2025/10/09 05:26:40.304 [T:0x1d54e] [DisplayControl] Exit ObtainControlHandler
2025/10/09 05:28:26.116 [T:0x1d54e] [DisplayControl] Enter OperationThread::ExitThread
2025/10/09 05:28:26.117 [T:0x1d54e] [DisplayControl] Exit OperationThread::ExitThread
2025/10/09 05:28:26.117 [T:0x1d54e] [DisplayControl] Enter OperationThread::~OperationThread()
2025/10/09 05:28:26.117 [T:0x1d54e] [DisplayControl] Enter OperationThread::ExitThread
2025/10/09 05:28:26.117 [T:0x1d54e] [DisplayControl] Enter OperationThread::ExitThread
2025/10/09 05:28:26.117 [T:0x1d54e] [DisplayControl] Exit OperationThread::ExitThread
2025/10/09 05:28:26.117 [T:0x1d54e] [DisplayControl] Enter OperationThread::~OperationThread()
2025/10/09 05:28:26.117 [T:0x1d54e] [DisplayControl] Enter OperationThread::ExitThread
2025/10/09 05:28:26.141 [T:0x1d54e] [DbgStr] After calling display_control_client_listener_video_port_.UpdateAllDisplayPath()
2025/10/09 05:28:26.160 [T:0x1d54e] [DbgStr] After calling display_control_client_listener_.GetAllDisplayEDID()
2025/10/09 05:28:26.162 [T:0x1d54e] [DisplayControl] Version = 3.0.6.0
2025/10/09 05:28:26.162 [T:0x1d54e] [DisplayControl] Enter ObtainControlHandler1
2025/10/09 05:28:26.162 [T:0x1d54e] [DisplayControl] GetVideoPortCommander
2025/10/09 05:28:26.162 [T:0x1d54e] [DisplayControl] GetUSBHubCommander
2025/10/09 05:28:26.162 [T:0x1d54e] ====== List p_lpo_display_info_video_port, # of devices is ======2
2025/10/09 05:28:26.162 [T:0x1d54e] [DisplayControl] index of p_lpo_display_info_video_port0
2025/10/09 05:28:26.162 [T:0x1d54e] [DisplayControl] Model name from VideoPort = VG2458
2025/10/09 05:28:26.163 [T:0x1d54e] [DisplayControl] SN from VideoPort = YDJ243400006
2025/10/09 05:28:26.163 [T:0x1d54e] [DisplayControl] index of p_lpo_display_info_video_port1
2025/10/09 05:28:26.163 [T:0x1d54e] [DisplayControl] Model name from VideoPort = VG275
2025/10/09 05:28:26.163 [T:0x1d54e] [DisplayControl] SN from VideoPort = XF6232400003
2025/10/09 05:28:26.163 [T:0x1d54e] ====== List p_lpo_display_info_rtd_scalar_rts_hub, # of devices is ======0
2025/10/09 05:28:26.163 [T:0x1d54e] [DisplayControl] GetVSRtkHubControlClientListener
2025/10/09 05:28:26.163 [T:0x1d54e] [DisplayControl] max monitor count = 2
2025/10/09 05:28:26.163 [T:0x1d54e] [DisplayControl] index of display_info_vec = 0
2025/10/09 05:28:26.163 [T:0x1d54e] [DisplayControl] index of p_lpo_display_info_video_port = 0
2025/10/09 05:28:26.163 [T:0x1d54e] [DisplayControl] VideoPortMatchingRule
2025/10/09 05:28:26.163 [T:0x1d54e] [DisplayControl] monitor display_info_model_name = VG2458
2025/10/09 05:28:26.163 [T:0x1d54e] [DisplayControl] monitor video_port_model_name = VG2458
2025/10/09 05:28:26.163 [T:0x1d54e] [DisplayControl] monitor display_info_sn = YDJ243400006
2025/10/09 05:28:26.163 [T:0x1d54e] [DisplayControl] monitor video_port_sn = YDJ243400006
2025/10/09 05:28:26.163 [T:0x1d54e] [DisplayControl] model_name_match = 1
2025/10/09 05:28:26.163 [T:0x1d54e] [DisplayControl] sn_match = 1
2025/10/09 05:28:26.163 [T:0x1d54e] [DisplayControl] video_port is_match = 1
2025/10/09 05:28:26.163 [T:0x1d54e] [DisplayControl] index of display_info_vec = 1
2025/10/09 05:28:26.163 [T:0x1d54e] [DisplayControl] index of p_lpo_display_info_video_port = 0
2025/10/09 05:28:26.163 [T:0x1d54e] [DisplayControl] VideoPortMatchingRule
2025/10/09 05:28:26.163 [T:0x1d54e] [DisplayControl] monitor display_info_model_name = VG275
2025/10/09 05:28:26.163 [T:0x1d54e] [DisplayControl] monitor video_port_model_name = VG2458
2025/10/09 05:28:26.163 [T:0x1d54e] [DisplayControl] monitor display_info_sn = XF6232400003
2025/10/09 05:28:26.163 [T:0x1d54e] [DisplayControl] monitor video_port_sn = YDJ243400006
2025/10/09 05:28:26.163 [T:0x1d54e] [DisplayControl] model_name_match = 0
2025/10/09 05:28:26.163 [T:0x1d54e] [DisplayControl] sn_match = 0
2025/10/09 05:28:26.163 [T:0x1d54e] [DisplayControl] video_port is_match = 0
2025/10/09 05:28:26.163 [T:0x1d54e] [DisplayControl] index of display_info_vec = 1
2025/10/09 05:28:26.164 [T:0x1d54e] [DisplayControl] index of p_lpo_display_info_video_port = 1
2025/10/09 05:28:26.164 [T:0x1d54e] [DisplayControl] VideoPortMatchingRule
2025/10/09 05:28:26.164 [T:0x1d54e] [DisplayControl] monitor display_info_model_name = VG275
2025/10/09 05:28:26.164 [T:0x1d54e] [DisplayControl] monitor video_port_model_name = VG275
2025/10/09 05:28:26.164 [T:0x1d54e] [DisplayControl] monitor display_info_sn = XF6232400003
2025/10/09 05:28:26.164 [T:0x1d54e] [DisplayControl] monitor video_port_sn = XF6232400003
2025/10/09 05:28:26.164 [T:0x1d54e] [DisplayControl] model_name_match = 1
2025/10/09 05:28:26.164 [T:0x1d54e] [DisplayControl] sn_match = 1
2025/10/09 05:28:26.164 [T:0x1d54e] [DisplayControl] video_port is_match = 1
2025/10/09 05:28:26.164 [T:0x1d54e] [DisplayControl] i = 0
2025/10/09 05:28:26.164 [T:0x1d54e] [DisplayControl] Enter OperationThread::OperationThread()
2025/10/09 05:28:26.164 [T:0x1d54e] [DisplayControl] Enter OperationThread::CreateThread
2025/10/09 05:28:26.164 [T:0x1d54e] [DisplayControl] new DisplayFunctioner
2025/10/09 05:28:26.164 [T:0x1d54e] [DisplayControl] insert displayer_vector
2025/10/09 05:28:26.164 [T:0x1d54e] [DisplayControl] insert modelName_SN_to_Display_map
2025/10/09 05:28:26.164 [T:0x1d54e] [DisplayControl] insert device_id_to_Displayer_map_
2025/10/09 05:28:26.164 [T:0x1d54e] [DisplayControl] i = 1
2025/10/09 05:28:26.164 [T:0x1d54e] [DisplayControl] Enter OperationThread::OperationThread()
2025/10/09 05:28:26.164 [T:0x1d54e] [DisplayControl] Enter OperationThread::CreateThread
2025/10/09 05:28:26.164 [T:0x1d54e] [DisplayControl] new DisplayFunctioner
2025/10/09 05:28:26.164 [T:0x1d54e] [DisplayControl] insert displayer_vector
2025/10/09 05:28:26.164 [T:0x1d54e] [DisplayControl] insert modelName_SN_to_Display_map
2025/10/09 05:28:26.165 [T:0x1d54e] [DisplayControl] insert device_id_to_Displayer_map_
2025/10/09 05:28:26.165 [T:0x1d54e] [DisplayControl] monitor size = 2
2025/10/09 05:28:26.165 [T:0x1d54e] [DisplayControl] Exit ObtainControlHandler
2025/10/09 05:30:23.234 [T:0x1d54e] [DisplayControl] Enter OperationThread::ExitThread
2025/10/09 05:30:23.234 [T:0x1d54e] [DisplayControl] Exit OperationThread::ExitThread
2025/10/09 05:30:23.234 [T:0x1d54e] [DisplayControl] Enter OperationThread::~OperationThread()
2025/10/09 05:30:23.234 [T:0x1d54e] [DisplayControl] Enter OperationThread::ExitThread
2025/10/09 05:30:23.234 [T:0x1d54e] [DisplayControl] Enter OperationThread::ExitThread
2025/10/09 05:30:23.235 [T:0x1d54e] [DisplayControl] Exit OperationThread::ExitThread
2025/10/09 05:30:23.235 [T:0x1d54e] [DisplayControl] Enter OperationThread::~OperationThread()
2025/10/09 05:30:23.235 [T:0x1d54e] [DisplayControl] Enter OperationThread::ExitThread
2025/10/09 05:30:23.263 [T:0x1d54e] [DbgStr] After calling display_control_client_listener_video_port_.UpdateAllDisplayPath()
2025/10/09 05:30:23.284 [T:0x1d54e] [DbgStr] After calling display_control_client_listener_.GetAllDisplayEDID()
2025/10/09 05:30:23.289 [T:0x1d54e] [DisplayControl] Version = 3.0.6.0
2025/10/09 05:30:23.289 [T:0x1d54e] [DisplayControl] Enter ObtainControlHandler1
2025/10/09 05:30:23.289 [T:0x1d54e] [DisplayControl] GetVideoPortCommander
2025/10/09 05:30:23.289 [T:0x1d54e] [DisplayControl] GetUSBHubCommander
2025/10/09 05:30:23.289 [T:0x1d54e] ====== List p_lpo_display_info_video_port, # of devices is ======2
2025/10/09 05:30:23.289 [T:0x1d54e] [DisplayControl] index of p_lpo_display_info_video_port0
2025/10/09 05:30:23.289 [T:0x1d54e] [DisplayControl] Model name from VideoPort = VG2458
2025/10/09 05:30:23.289 [T:0x1d54e] [DisplayControl] SN from VideoPort = YDJ243400006
2025/10/09 05:30:23.289 [T:0x1d54e] [DisplayControl] index of p_lpo_display_info_video_port1
2025/10/09 05:30:23.289 [T:0x1d54e] [DisplayControl] Model name from VideoPort = VG275
2025/10/09 05:30:23.289 [T:0x1d54e] [DisplayControl] SN from VideoPort = XF6232400003
2025/10/09 05:30:23.289 [T:0x1d54e] ====== List p_lpo_display_info_rtd_scalar_rts_hub, # of devices is ======0
2025/10/09 05:30:23.289 [T:0x1d54e] [DisplayControl] GetVSRtkHubControlClientListener
2025/10/09 05:30:23.289 [T:0x1d54e] [DisplayControl] max monitor count = 2
2025/10/09 05:30:23.289 [T:0x1d54e] [DisplayControl] index of display_info_vec = 0
2025/10/09 05:30:23.289 [T:0x1d54e] [DisplayControl] index of p_lpo_display_info_video_port = 0
2025/10/09 05:30:23.289 [T:0x1d54e] [DisplayControl] VideoPortMatchingRule
2025/10/09 05:30:23.289 [T:0x1d54e] [DisplayControl] monitor display_info_model_name = VG2458
2025/10/09 05:30:23.289 [T:0x1d54e] [DisplayControl] monitor video_port_model_name = VG2458
2025/10/09 05:30:23.289 [T:0x1d54e] [DisplayControl] monitor display_info_sn = YDJ243400006
2025/10/09 05:30:23.289 [T:0x1d54e] [DisplayControl] monitor video_port_sn = YDJ243400006
2025/10/09 05:30:23.289 [T:0x1d54e] [DisplayControl] model_name_match = 1
2025/10/09 05:30:23.289 [T:0x1d54e] [DisplayControl] sn_match = 1
2025/10/09 05:30:23.290 [T:0x1d54e] [DisplayControl] video_port is_match = 1
2025/10/09 05:30:23.290 [T:0x1d54e] [DisplayControl] index of display_info_vec = 1
2025/10/09 05:30:23.290 [T:0x1d54e] [DisplayControl] index of p_lpo_display_info_video_port = 0
2025/10/09 05:30:23.290 [T:0x1d54e] [DisplayControl] VideoPortMatchingRule
2025/10/09 05:30:23.290 [T:0x1d54e] [DisplayControl] monitor display_info_model_name = VG275
2025/10/09 05:30:23.290 [T:0x1d54e] [DisplayControl] monitor video_port_model_name = VG2458
2025/10/09 05:30:23.290 [T:0x1d54e] [DisplayControl] monitor display_info_sn = XF6232400003
2025/10/09 05:30:23.290 [T:0x1d54e] [DisplayControl] monitor video_port_sn = YDJ243400006
2025/10/09 05:30:23.290 [T:0x1d54e] [DisplayControl] model_name_match = 0
2025/10/09 05:30:23.290 [T:0x1d54e] [DisplayControl] sn_match = 0
2025/10/09 05:30:23.290 [T:0x1d54e] [DisplayControl] video_port is_match = 0
2025/10/09 05:30:23.290 [T:0x1d54e] [DisplayControl] index of display_info_vec = 1
2025/10/09 05:30:23.290 [T:0x1d54e] [DisplayControl] index of p_lpo_display_info_video_port = 1
2025/10/09 05:30:23.290 [T:0x1d54e] [DisplayControl] VideoPortMatchingRule
2025/10/09 05:30:23.290 [T:0x1d54e] [DisplayControl] monitor display_info_model_name = VG275
2025/10/09 05:30:23.290 [T:0x1d54e] [DisplayControl] monitor video_port_model_name = VG275
2025/10/09 05:30:23.290 [T:0x1d54e] [DisplayControl] monitor display_info_sn = XF6232400003
2025/10/09 05:30:23.290 [T:0x1d54e] [DisplayControl] monitor video_port_sn = XF6232400003
2025/10/09 05:30:23.290 [T:0x1d54e] [DisplayControl] model_name_match = 1
2025/10/09 05:30:23.290 [T:0x1d54e] [DisplayControl] sn_match = 1
2025/10/09 05:30:23.290 [T:0x1d54e] [DisplayControl] video_port is_match = 1
2025/10/09 05:30:23.290 [T:0x1d54e] [DisplayControl] i = 0
2025/10/09 05:30:23.290 [T:0x1d54e] [DisplayControl] Enter OperationThread::OperationThread()
2025/10/09 05:30:23.290 [T:0x1d54e] [DisplayControl] Enter OperationThread::CreateThread
2025/10/09 05:30:23.290 [T:0x1d54e] [DisplayControl] new DisplayFunctioner
2025/10/09 05:30:23.290 [T:0x1d54e] [DisplayControl] insert displayer_vector
2025/10/09 05:30:23.291 [T:0x1d54e] [DisplayControl] insert modelName_SN_to_Display_map
2025/10/09 05:30:23.291 [T:0x1d54e] [DisplayControl] insert device_id_to_Displayer_map_
2025/10/09 05:30:23.291 [T:0x1d54e] [DisplayControl] i = 1
2025/10/09 05:30:23.291 [T:0x1d54e] [DisplayControl] Enter OperationThread::OperationThread()
2025/10/09 05:30:23.291 [T:0x1d54e] [DisplayControl] Enter OperationThread::CreateThread
2025/10/09 05:30:23.291 [T:0x1d54e] [DisplayControl] new DisplayFunctioner
2025/10/09 05:30:23.291 [T:0x1d54e] [DisplayControl] insert displayer_vector
2025/10/09 05:30:23.291 [T:0x1d54e] [DisplayControl] insert modelName_SN_to_Display_map
2025/10/09 05:30:23.291 [T:0x1d54e] [DisplayControl] insert device_id_to_Displayer_map_
2025/10/09 05:30:23.291 [T:0x1d54e] [DisplayControl] monitor size = 2
2025/10/09 05:30:23.291 [T:0x1d54e] [DisplayControl] Exit ObtainControlHandler
2025/10/09 05:32:20.404 [T:0x1d54e] [DisplayControl] Enter OperationThread::ExitThread
2025/10/09 05:32:20.404 [T:0x1d54e] [DisplayControl] Exit OperationThread::ExitThread
2025/10/09 05:32:20.404 [T:0x1d54e] [DisplayControl] Enter OperationThread::~OperationThread()
2025/10/09 05:32:20.404 [T:0x1d54e] [DisplayControl] Enter OperationThread::ExitThread
2025/10/09 05:32:20.404 [T:0x1d54e] [DisplayControl] Enter OperationThread::ExitThread
2025/10/09 05:32:20.404 [T:0x1d54e] [DisplayControl] Exit OperationThread::ExitThread
2025/10/09 05:32:20.404 [T:0x1d54e] [DisplayControl] Enter OperationThread::~OperationThread()
2025/10/09 05:32:20.404 [T:0x1d54e] [DisplayControl] Enter OperationThread::ExitThread
2025/10/09 05:32:20.429 [T:0x1d54e] [DbgStr] After calling display_control_client_listener_video_port_.UpdateAllDisplayPath()
2025/10/09 05:32:20.451 [T:0x1d54e] [DbgStr] After calling display_control_client_listener_.GetAllDisplayEDID()
2025/10/09 05:32:20.457 [T:0x1d54e] [DisplayControl] Version = 3.0.6.0
2025/10/09 05:32:20.457 [T:0x1d54e] [DisplayControl] Enter ObtainControlHandler1
2025/10/09 05:32:20.457 [T:0x1d54e] [DisplayControl] GetVideoPortCommander
2025/10/09 05:32:20.458 [T:0x1d54e] [DisplayControl] GetUSBHubCommander
2025/10/09 05:32:20.458 [T:0x1d54e] ====== List p_lpo_display_info_video_port, # of devices is ======2
2025/10/09 05:32:20.458 [T:0x1d54e] [DisplayControl] index of p_lpo_display_info_video_port0
2025/10/09 05:32:20.458 [T:0x1d54e] [DisplayControl] Model name from VideoPort = VG2458
2025/10/09 05:32:20.458 [T:0x1d54e] [DisplayControl] SN from VideoPort = YDJ243400006
2025/10/09 05:32:20.458 [T:0x1d54e] [DisplayControl] index of p_lpo_display_info_video_port1
2025/10/09 05:32:20.458 [T:0x1d54e] [DisplayControl] Model name from VideoPort = VG275
2025/10/09 05:32:20.458 [T:0x1d54e] [DisplayControl] SN from VideoPort = XF6232400003
2025/10/09 05:32:20.458 [T:0x1d54e] ====== List p_lpo_display_info_rtd_scalar_rts_hub, # of devices is ======0
2025/10/09 05:32:20.458 [T:0x1d54e] [DisplayControl] GetVSRtkHubControlClientListener
2025/10/09 05:32:20.458 [T:0x1d54e] [DisplayControl] max monitor count = 2
2025/10/09 05:32:20.458 [T:0x1d54e] [DisplayControl] index of display_info_vec = 0
2025/10/09 05:32:20.458 [T:0x1d54e] [DisplayControl] index of p_lpo_display_info_video_port = 0
2025/10/09 05:32:20.458 [T:0x1d54e] [DisplayControl] VideoPortMatchingRule
2025/10/09 05:32:20.458 [T:0x1d54e] [DisplayControl] monitor display_info_model_name = VG2458
2025/10/09 05:32:20.458 [T:0x1d54e] [DisplayControl] monitor video_port_model_name = VG2458
2025/10/09 05:32:20.458 [T:0x1d54e] [DisplayControl] monitor display_info_sn = YDJ243400006
2025/10/09 05:32:20.458 [T:0x1d54e] [DisplayControl] monitor video_port_sn = YDJ243400006
2025/10/09 05:32:20.458 [T:0x1d54e] [DisplayControl] model_name_match = 1
2025/10/09 05:32:20.458 [T:0x1d54e] [DisplayControl] sn_match = 1
2025/10/09 05:32:20.458 [T:0x1d54e] [DisplayControl] video_port is_match = 1
2025/10/09 05:32:20.458 [T:0x1d54e] [DisplayControl] index of display_info_vec = 1
2025/10/09 05:32:20.458 [T:0x1d54e] [DisplayControl] index of p_lpo_display_info_video_port = 0
2025/10/09 05:32:20.458 [T:0x1d54e] [DisplayControl] VideoPortMatchingRule
2025/10/09 05:32:20.458 [T:0x1d54e] [DisplayControl] monitor display_info_model_name = VG275
2025/10/09 05:32:20.458 [T:0x1d54e] [DisplayControl] monitor video_port_model_name = VG2458
2025/10/09 05:32:20.458 [T:0x1d54e] [DisplayControl] monitor display_info_sn = XF6232400003
2025/10/09 05:32:20.458 [T:0x1d54e] [DisplayControl] monitor video_port_sn = YDJ243400006
2025/10/09 05:32:20.459 [T:0x1d54e] [DisplayControl] model_name_match = 0
2025/10/09 05:32:20.459 [T:0x1d54e] [DisplayControl] sn_match = 0
2025/10/09 05:32:20.459 [T:0x1d54e] [DisplayControl] video_port is_match = 0
2025/10/09 05:32:20.459 [T:0x1d54e] [DisplayControl] index of display_info_vec = 1
2025/10/09 05:32:20.459 [T:0x1d54e] [DisplayControl] index of p_lpo_display_info_video_port = 1
2025/10/09 05:32:20.459 [T:0x1d54e] [DisplayControl] VideoPortMatchingRule
2025/10/09 05:32:20.459 [T:0x1d54e] [DisplayControl] monitor display_info_model_name = VG275
2025/10/09 05:32:20.459 [T:0x1d54e] [DisplayControl] monitor video_port_model_name = VG275
2025/10/09 05:32:20.459 [T:0x1d54e] [DisplayControl] monitor display_info_sn = XF6232400003
2025/10/09 05:32:20.459 [T:0x1d54e] [DisplayControl] monitor video_port_sn = XF6232400003
2025/10/09 05:32:20.459 [T:0x1d54e] [DisplayControl] model_name_match = 1
2025/10/09 05:32:20.459 [T:0x1d54e] [DisplayControl] sn_match = 1
2025/10/09 05:32:20.459 [T:0x1d54e] [DisplayControl] video_port is_match = 1
2025/10/09 05:32:20.459 [T:0x1d54e] [DisplayControl] i = 0
2025/10/09 05:32:20.459 [T:0x1d54e] [DisplayControl] Enter OperationThread::OperationThread()
2025/10/09 05:32:20.459 [T:0x1d54e] [DisplayControl] Enter OperationThread::CreateThread
2025/10/09 05:32:20.459 [T:0x1d54e] [DisplayControl] new DisplayFunctioner
2025/10/09 05:32:20.459 [T:0x1d54e] [DisplayControl] insert displayer_vector
2025/10/09 05:32:20.459 [T:0x1d54e] [DisplayControl] insert modelName_SN_to_Display_map
2025/10/09 05:32:20.459 [T:0x1d54e] [DisplayControl] insert device_id_to_Displayer_map_
2025/10/09 05:32:20.459 [T:0x1d54e] [DisplayControl] i = 1
2025/10/09 05:32:20.459 [T:0x1d54e] [DisplayControl] Enter OperationThread::OperationThread()
2025/10/09 05:32:20.459 [T:0x1d54e] [DisplayControl] Enter OperationThread::CreateThread
2025/10/09 05:32:20.460 [T:0x1d54e] [DisplayControl] new DisplayFunctioner
2025/10/09 05:32:20.460 [T:0x1d54e] [DisplayControl] insert displayer_vector
2025/10/09 05:32:20.460 [T:0x1d54e] [DisplayControl] insert modelName_SN_to_Display_map
2025/10/09 05:32:20.460 [T:0x1d54e] [DisplayControl] insert device_id_to_Displayer_map_
2025/10/09 05:32:20.460 [T:0x1d54e] [DisplayControl] monitor size = 2
2025/10/09 05:32:20.460 [T:0x1d54e] [DisplayControl] Exit ObtainControlHandler
2025/10/09 05:34:06.212 [T:0x1d54e] [DisplayControl] Enter OperationThread::ExitThread
2025/10/09 05:34:06.213 [T:0x1d54e] [DisplayControl] Exit OperationThread::ExitThread
2025/10/09 05:34:06.213 [T:0x1d54e] [DisplayControl] Enter OperationThread::~OperationThread()
2025/10/09 05:34:06.213 [T:0x1d54e] [DisplayControl] Enter OperationThread::ExitThread
2025/10/09 05:34:06.213 [T:0x1d54e] [DisplayControl] Enter OperationThread::ExitThread
2025/10/09 05:34:06.213 [T:0x1d54e] [DisplayControl] Exit OperationThread::ExitThread
2025/10/09 05:34:06.213 [T:0x1d54e] [DisplayControl] Enter OperationThread::~OperationThread()
2025/10/09 05:34:06.213 [T:0x1d54e] [DisplayControl] Enter OperationThread::ExitThread
2025/10/09 05:34:06.244 [T:0x1d54e] [DbgStr] After calling display_control_client_listener_video_port_.UpdateAllDisplayPath()
2025/10/09 05:34:06.263 [T:0x1d54e] [DbgStr] After calling display_control_client_listener_.GetAllDisplayEDID()
2025/10/09 05:34:06.265 [T:0x1d54e] [DisplayControl] Version = 3.0.6.0
2025/10/09 05:34:06.265 [T:0x1d54e] [DisplayControl] Enter ObtainControlHandler1
2025/10/09 05:34:06.266 [T:0x1d54e] [DisplayControl] GetVideoPortCommander
2025/10/09 05:34:06.266 [T:0x1d54e] [DisplayControl] GetUSBHubCommander
2025/10/09 05:34:06.266 [T:0x1d54e] ====== List p_lpo_display_info_video_port, # of devices is ======2
2025/10/09 05:34:06.266 [T:0x1d54e] [DisplayControl] index of p_lpo_display_info_video_port0
2025/10/09 05:34:06.266 [T:0x1d54e] [DisplayControl] Model name from VideoPort = VG2458
2025/10/09 05:34:06.266 [T:0x1d54e] [DisplayControl] SN from VideoPort = YDJ243400006
2025/10/09 05:34:06.266 [T:0x1d54e] [DisplayControl] index of p_lpo_display_info_video_port1
2025/10/09 05:34:06.266 [T:0x1d54e] [DisplayControl] Model name from VideoPort = VG275
2025/10/09 05:34:06.266 [T:0x1d54e] [DisplayControl] SN from VideoPort = XF6232400003
2025/10/09 05:34:06.266 [T:0x1d54e] ====== List p_lpo_display_info_rtd_scalar_rts_hub, # of devices is ======0
2025/10/09 05:34:06.266 [T:0x1d54e] [DisplayControl] GetVSRtkHubControlClientListener
2025/10/09 05:34:06.266 [T:0x1d54e] [DisplayControl] max monitor count = 2
2025/10/09 05:34:06.266 [T:0x1d54e] [DisplayControl] index of display_info_vec = 0
2025/10/09 05:34:06.266 [T:0x1d54e] [DisplayControl] index of p_lpo_display_info_video_port = 0
2025/10/09 05:34:06.266 [T:0x1d54e] [DisplayControl] VideoPortMatchingRule
2025/10/09 05:34:06.266 [T:0x1d54e] [DisplayControl] monitor display_info_model_name = VG2458
2025/10/09 05:34:06.266 [T:0x1d54e] [DisplayControl] monitor video_port_model_name = VG2458
2025/10/09 05:34:06.266 [T:0x1d54e] [DisplayControl] monitor display_info_sn = YDJ243400006
2025/10/09 05:34:06.266 [T:0x1d54e] [DisplayControl] monitor video_port_sn = YDJ243400006
2025/10/09 05:34:06.266 [T:0x1d54e] [DisplayControl] model_name_match = 1
2025/10/09 05:34:06.266 [T:0x1d54e] [DisplayControl] sn_match = 1
2025/10/09 05:34:06.266 [T:0x1d54e] [DisplayControl] video_port is_match = 1
2025/10/09 05:34:06.266 [T:0x1d54e] [DisplayControl] index of display_info_vec = 1
2025/10/09 05:34:06.266 [T:0x1d54e] [DisplayControl] index of p_lpo_display_info_video_port = 0
2025/10/09 05:34:06.266 [T:0x1d54e] [DisplayControl] VideoPortMatchingRule
2025/10/09 05:34:06.266 [T:0x1d54e] [DisplayControl] monitor display_info_model_name = VG275
2025/10/09 05:34:06.266 [T:0x1d54e] [DisplayControl] monitor video_port_model_name = VG2458
2025/10/09 05:34:06.267 [T:0x1d54e] [DisplayControl] monitor display_info_sn = XF6232400003
2025/10/09 05:34:06.267 [T:0x1d54e] [DisplayControl] monitor video_port_sn = YDJ243400006
2025/10/09 05:34:06.267 [T:0x1d54e] [DisplayControl] model_name_match = 0
2025/10/09 05:34:06.267 [T:0x1d54e] [DisplayControl] sn_match = 0
2025/10/09 05:34:06.267 [T:0x1d54e] [DisplayControl] video_port is_match = 0
2025/10/09 05:34:06.267 [T:0x1d54e] [DisplayControl] index of display_info_vec = 1
2025/10/09 05:34:06.267 [T:0x1d54e] [DisplayControl] index of p_lpo_display_info_video_port = 1
2025/10/09 05:34:06.267 [T:0x1d54e] [DisplayControl] VideoPortMatchingRule
2025/10/09 05:34:06.267 [T:0x1d54e] [DisplayControl] monitor display_info_model_name = VG275
2025/10/09 05:34:06.267 [T:0x1d54e] [DisplayControl] monitor video_port_model_name = VG275
2025/10/09 05:34:06.267 [T:0x1d54e] [DisplayControl] monitor display_info_sn = XF6232400003
2025/10/09 05:34:06.267 [T:0x1d54e] [DisplayControl] monitor video_port_sn = XF6232400003
2025/10/09 05:34:06.267 [T:0x1d54e] [DisplayControl] model_name_match = 1
2025/10/09 05:34:06.267 [T:0x1d54e] [DisplayControl] sn_match = 1
2025/10/09 05:34:06.267 [T:0x1d54e] [DisplayControl] video_port is_match = 1
2025/10/09 05:34:06.267 [T:0x1d54e] [DisplayControl] i = 0
2025/10/09 05:34:06.267 [T:0x1d54e] [DisplayControl] Enter OperationThread::OperationThread()
2025/10/09 05:34:06.267 [T:0x1d54e] [DisplayControl] Enter OperationThread::CreateThread
2025/10/09 05:34:06.267 [T:0x1d54e] [DisplayControl] new DisplayFunctioner
2025/10/09 05:34:06.267 [T:0x1d54e] [DisplayControl] insert displayer_vector
2025/10/09 05:34:06.267 [T:0x1d54e] [DisplayControl] insert modelName_SN_to_Display_map
2025/10/09 05:34:06.267 [T:0x1d54e] [DisplayControl] insert device_id_to_Displayer_map_
2025/10/09 05:34:06.267 [T:0x1d54e] [DisplayControl] i = 1
2025/10/09 05:34:06.267 [T:0x1d54e] [DisplayControl] Enter OperationThread::OperationThread()
2025/10/09 05:34:06.267 [T:0x1d54e] [DisplayControl] Enter OperationThread::CreateThread
2025/10/09 05:34:06.268 [T:0x1d54e] [DisplayControl] new DisplayFunctioner
2025/10/09 05:34:06.268 [T:0x1d54e] [DisplayControl] insert displayer_vector
2025/10/09 05:34:06.268 [T:0x1d54e] [DisplayControl] insert modelName_SN_to_Display_map
2025/10/09 05:34:06.268 [T:0x1d54e] [DisplayControl] insert device_id_to_Displayer_map_
2025/10/09 05:34:06.268 [T:0x1d54e] [DisplayControl] monitor size = 2
2025/10/09 05:34:06.268 [T:0x1d54e] [DisplayControl] Exit ObtainControlHandler
2025/10/09 05:35:53.827 [T:0xa0c94] [DisplayControl] Enter MCCSOtherSet::SetVCP(), vcp code = 16
2025/10/09 05:35:54.023 [T:0xa0c94] [DisplayControl] Exit MCCSOtherSet::SetVCP()
2025/10/09 05:37:21.676 [T:0x30542] [DisplayControl] Enter MCCSOtherSet::SetVCP(), vcp code = 16
2025/10/09 05:37:21.880 [T:0x30542] [DisplayControl] Exit MCCSOtherSet::SetVCP()
2025/10/09 05:38:47.554 [T:0x4dcb0] [DisplayControl] Enter MCCSOtherSet::SetVCP(), vcp code = 18
2025/10/09 05:38:47.748 [T:0x4dcb0] [DisplayControl] Exit MCCSOtherSet::SetVCP()
2025/10/09 05:40:14.439 [T:0x6465b] [DisplayControl] Enter MCCSOtherSet::SetVCP(), vcp code = 18
2025/10/09 05:40:14.627 [T:0x6465b] [DisplayControl] Exit MCCSOtherSet::SetVCP()
2025/10/09 05:41:41.337 [T:0x2386a] [DisplayControl] Enter MCCSOtherSet::SetVCP(), vcp code = 135
2025/10/09 05:41:41.541 [T:0x2386a] [DisplayControl] Exit MCCSOtherSet::SetVCP()
2025/10/09 05:43:08.232 [T:0x388e7] [DisplayControl] Enter MCCSOtherSet::SetVCP(), vcp code = 135
2025/10/09 05:43:08.400 [T:0x388e7] [DisplayControl] Exit MCCSOtherSet::SetVCP()
2025/10/09 05:44:34.989 [T:0x1d54e] [DisplayControl] Enter MCCSOtherSet::SetVCP(), vcp code = 98
2025/10/09 05:44:35.494 [T:0x1d54e] [DisplayControl] Exit MCCSOtherSet::SetVCP()
2025/10/09 05:44:35.603 [T:0xede7c] [DisplayControl] Enter MCCSOtherSet::SetVCP(), vcp code = 98
2025/10/09 05:44:35.802 [T:0xede7c] [DisplayControl] Exit MCCSOtherSet::SetVCP()
2025/10/09 05:46:01.886 [T:0x1d54e] [DisplayControl] Enter MCCSOtherSet::SetVCP(), vcp code = 98
2025/10/09 05:46:02.095 [T:0x1d54e] [DisplayControl] Exit MCCSOtherSet::SetVCP()
2025/10/09 05:46:02.209 [T:0x0dbfd] [DisplayControl] Enter MCCSOtherSet::SetVCP(), vcp code = 98
2025/10/09 05:46:02.416 [T:0x0dbfd] [DisplayControl] Exit MCCSOtherSet::SetVCP()
2025/10/09 05:47:32.430 [T:0xa0baa] [DisplayControl] Enter MCCSOtherSet::SetVCP(), vcp code = 220
2025/10/09 05:47:33.424 [T:0xa0baa] [DisplayControl] Exit MCCSOtherSet::SetVCP()
2025/10/09 05:47:39.050 [T:0xa0baa] [DisplayControl] Enter MCCSOtherSet::GetVCP(), vcp code = 16
2025/10/09 05:47:39.131 [T:0xa0baa] [DisplayControl] Exit MCCSOtherSet::GetVCP()
2025/10/09 05:47:39.851 [T:0xa0baa] [DisplayControl] Enter MCCSOtherSet::GetVCP(), vcp code = 135
2025/10/09 05:47:39.932 [T:0xa0baa] [DisplayControl] Exit MCCSOtherSet::GetVCP()
2025/10/09 05:47:40.645 [T:0xa0baa] [DisplayControl] Enter MCCSOtherSet::GetVCP(), vcp code = 20
2025/10/09 05:47:40.726 [T:0xa0baa] [DisplayControl] Exit MCCSOtherSet::GetVCP()
2025/10/09 05:47:41.446 [T:0xa0baa] [DisplayControl] Enter MCCSOtherSet::GetVCP(), vcp code = 18
2025/10/09 05:47:41.527 [T:0xa0baa] [DisplayControl] Exit MCCSOtherSet::GetVCP()
2025/10/09 05:49:16.461 [T:0xf8164] [DisplayControl] Enter MCCSOtherSet::SetVCP(), vcp code = 220
2025/10/09 05:49:17.440 [T:0xf8164] [DisplayControl] Exit MCCSOtherSet::SetVCP()
2025/10/09 05:49:23.063 [T:0xf8164] [DisplayControl] Enter MCCSOtherSet::GetVCP(), vcp code = 16
2025/10/09 05:49:23.146 [T:0xf8164] [DisplayControl] Exit MCCSOtherSet::GetVCP()
2025/10/09 05:49:23.863 [T:0xf8164] [DisplayControl] Enter MCCSOtherSet::GetVCP(), vcp code = 135
2025/10/09 05:49:23.946 [T:0xf8164] [DisplayControl] Exit MCCSOtherSet::GetVCP()
2025/10/09 05:49:24.660 [T:0xf8164] [DisplayControl] Enter MCCSOtherSet::GetVCP(), vcp code = 20
2025/10/09 05:49:24.741 [T:0xf8164] [DisplayControl] Exit MCCSOtherSet::GetVCP()
2025/10/09 05:49:25.457 [T:0xf8164] [DisplayControl] Enter MCCSOtherSet::GetVCP(), vcp code = 18
2025/10/09 05:49:25.538 [T:0xf8164] [DisplayControl] Exit MCCSOtherSet::GetVCP()
2025/10/09 05:51:00.475 [T:0xe39f2] [DisplayControl] Enter MCCSOtherSet::SetVCP(), vcp code = 220
2025/10/09 05:51:01.463 [T:0xe39f2] [DisplayControl] Exit MCCSOtherSet::SetVCP()
2025/10/09 05:51:07.083 [T:0xe39f2] [DisplayControl] Enter MCCSOtherSet::GetVCP(), vcp code = 16
2025/10/09 05:51:07.163 [T:0xe39f2] [DisplayControl] Exit MCCSOtherSet::GetVCP()
2025/10/09 05:51:07.879 [T:0xe39f2] [DisplayControl] Enter MCCSOtherSet::GetVCP(), vcp code = 135
2025/10/09 05:51:07.962 [T:0xe39f2] [DisplayControl] Exit MCCSOtherSet::GetVCP()
2025/10/09 05:51:08.676 [T:0xe39f2] [DisplayControl] Enter MCCSOtherSet::GetVCP(), vcp code = 20
2025/10/09 05:51:08.758 [T:0xe39f2] [DisplayControl] Exit MCCSOtherSet::GetVCP()
2025/10/09 05:51:09.474 [T:0xe39f2] [DisplayControl] Enter MCCSOtherSet::GetVCP(), vcp code = 18
2025/10/09 05:51:09.556 [T:0xe39f2] [DisplayControl] Exit MCCSOtherSet::GetVCP()
2025/10/09 05:52:44.486 [T:0x1714b] [DisplayControl] Enter MCCSOtherSet::SetVCP(), vcp code = 220
2025/10/09 05:52:45.477 [T:0x1714b] [DisplayControl] Exit MCCSOtherSet::SetVCP()
2025/10/09 05:52:51.098 [T:0x1714b] [DisplayControl] Enter MCCSOtherSet::GetVCP(), vcp code = 16
2025/10/09 05:52:51.179 [T:0x1714b] [DisplayControl] Exit MCCSOtherSet::GetVCP()
2025/10/09 05:52:51.893 [T:0x1714b] [DisplayControl] Enter MCCSOtherSet::GetVCP(), vcp code = 135
2025/10/09 05:52:51.976 [T:0x1714b] [DisplayControl] Exit MCCSOtherSet::GetVCP()
2025/10/09 05:52:52.691 [T:0x1714b] [DisplayControl] Enter MCCSOtherSet::GetVCP(), vcp code = 20
2025/10/09 05:52:52.773 [T:0x1714b] [DisplayControl] Exit MCCSOtherSet::GetVCP()
2025/10/09 05:52:53.489 [T:0x1714b] [DisplayControl] Enter MCCSOtherSet::GetVCP(), vcp code = 18
2025/10/09 05:52:53.569 [T:0x1714b] [DisplayControl] Exit MCCSOtherSet::GetVCP()
2025/10/09 05:54:28.505 [T:0xc791b] [DisplayControl] Enter MCCSOtherSet::SetVCP(), vcp code = 220
2025/10/09 05:54:29.477 [T:0xc791b] [DisplayControl] Exit MCCSOtherSet::SetVCP()
2025/10/09 05:54:35.094 [T:0xc791b] [DisplayControl] Enter MCCSOtherSet::GetVCP(), vcp code = 16
2025/10/09 05:54:35.176 [T:0xc791b] [DisplayControl] Exit MCCSOtherSet::GetVCP()
2025/10/09 05:54:35.895 [T:0xc791b] [DisplayControl] Enter MCCSOtherSet::GetVCP(), vcp code = 135
2025/10/09 05:54:35.978 [T:0xc791b] [DisplayControl] Exit MCCSOtherSet::GetVCP()
2025/10/09 05:54:36.691 [T:0xc791b] [DisplayControl] Enter MCCSOtherSet::GetVCP(), vcp code = 20
2025/10/09 05:54:36.773 [T:0xc791b] [DisplayControl] Exit MCCSOtherSet::GetVCP()
2025/10/09 05:54:37.488 [T:0xc791b] [DisplayControl] Enter MCCSOtherSet::GetVCP(), vcp code = 18
2025/10/09 05:54:37.567 [T:0xc791b] [DisplayControl] Exit MCCSOtherSet::GetVCP()
2025/10/09 05:56:12.604 [T:0xa75e9] [DisplayControl] Enter MCCSOtherSet::SetVCP(), vcp code = 220
2025/10/09 05:56:13.587 [T:0xa75e9] [DisplayControl] Exit MCCSOtherSet::SetVCP()
2025/10/09 05:56:19.208 [T:0xa75e9] [DisplayControl] Enter MCCSOtherSet::GetVCP(), vcp code = 16
2025/10/09 05:56:19.290 [T:0xa75e9] [DisplayControl] Exit MCCSOtherSet::GetVCP()
2025/10/09 05:56:20.015 [T:0xa75e9] [DisplayControl] Enter MCCSOtherSet::GetVCP(), vcp code = 135
2025/10/09 05:56:20.096 [T:0xa75e9] [DisplayControl] Exit MCCSOtherSet::GetVCP()
2025/10/09 05:56:20.813 [T:0xa75e9] [DisplayControl] Enter MCCSOtherSet::GetVCP(), vcp code = 20
2025/10/09 05:56:20.894 [T:0xa75e9] [DisplayControl] Exit MCCSOtherSet::GetVCP()
2025/10/09 05:56:21.610 [T:0xa75e9] [DisplayControl] Enter MCCSOtherSet::GetVCP(), vcp code = 18
2025/10/09 05:56:21.691 [T:0xa75e9] [DisplayControl] Exit MCCSOtherSet::GetVCP()
2025/10/09 05:57:56.636 [T:0x1ca4b] [DisplayControl] Enter MCCSOtherSet::SetVCP(), vcp code = 220
2025/10/09 05:57:57.615 [T:0x1ca4b] [DisplayControl] Exit MCCSOtherSet::SetVCP()
2025/10/09 05:58:03.239 [T:0x1ca4b] [DisplayControl] Enter MCCSOtherSet::GetVCP(), vcp code = 16
2025/10/09 05:58:03.320 [T:0x1ca4b] [DisplayControl] Exit MCCSOtherSet::GetVCP()
2025/10/09 05:58:04.036 [T:0x1ca4b] [DisplayControl] Enter MCCSOtherSet::GetVCP(), vcp code = 135
2025/10/09 05:58:04.118 [T:0x1ca4b] [DisplayControl] Exit MCCSOtherSet::GetVCP()
2025/10/09 05:58:04.835 [T:0x1ca4b] [DisplayControl] Enter MCCSOtherSet::GetVCP(), vcp code = 20
2025/10/09 05:58:04.916 [T:0x1ca4b] [DisplayControl] Exit MCCSOtherSet::GetVCP()
2025/10/09 05:58:05.638 [T:0x1ca4b] [DisplayControl] Enter MCCSOtherSet::GetVCP(), vcp code = 18
2025/10/09 05:58:05.720 [T:0x1ca4b] [DisplayControl] Exit MCCSOtherSet::GetVCP()
2025/10/09 05:59:40.680 [T:0x6e9a2] [DisplayControl] Enter MCCSOtherSet::SetVCP(), vcp code = 220
2025/10/09 05:59:41.644 [T:0x6e9a2] [DisplayControl] Exit MCCSOtherSet::SetVCP()
2025/10/09 05:59:47.268 [T:0x6e9a2] [DisplayControl] Enter MCCSOtherSet::GetVCP(), vcp code = 16
2025/10/09 05:59:47.350 [T:0x6e9a2] [DisplayControl] Exit MCCSOtherSet::GetVCP()
2025/10/09 05:59:48.069 [T:0x6e9a2] [DisplayControl] Enter MCCSOtherSet::GetVCP(), vcp code = 135
2025/10/09 05:59:48.150 [T:0x6e9a2] [DisplayControl] Exit MCCSOtherSet::GetVCP()
2025/10/09 05:59:48.864 [T:0x6e9a2] [DisplayControl] Enter MCCSOtherSet::GetVCP(), vcp code = 20
2025/10/09 05:59:48.945 [T:0x6e9a2] [DisplayControl] Exit MCCSOtherSet::GetVCP()
2025/10/09 05:59:49.652 [T:0x6e9a2] [DisplayControl] Enter MCCSOtherSet::GetVCP(), vcp code = 18
2025/10/09 05:59:49.734 [T:0x6e9a2] [DisplayControl] Exit MCCSOtherSet::GetVCP()
2025/10/09 06:01:24.668 [T:0x36362] [DisplayControl] Enter MCCSOtherSet::SetVCP(), vcp code = 220
2025/10/09 06:01:25.648 [T:0x36362] [DisplayControl] Exit MCCSOtherSet::SetVCP()
2025/10/09 06:01:31.271 [T:0x36362] [DisplayControl] Enter MCCSOtherSet::GetVCP(), vcp code = 16
2025/10/09 06:01:31.354 [T:0x36362] [DisplayControl] Exit MCCSOtherSet::GetVCP()
2025/10/09 06:01:32.077 [T:0x36362] [DisplayControl] Enter MCCSOtherSet::GetVCP(), vcp code = 135
2025/10/09 06:01:32.158 [T:0x36362] [DisplayControl] Exit MCCSOtherSet::GetVCP()
2025/10/09 06:01:32.876 [T:0x36362] [DisplayControl] Enter MCCSOtherSet::GetVCP(), vcp code = 20
2025/10/09 06:01:32.958 [T:0x36362] [DisplayControl] Exit MCCSOtherSet::GetVCP()
2025/10/09 06:01:33.673 [T:0x36362] [DisplayControl] Enter MCCSOtherSet::GetVCP(), vcp code = 18
2025/10/09 06:01:33.755 [T:0x36362] [DisplayControl] Exit MCCSOtherSet::GetVCP()
2025/10/09 06:03:08.652 [T:0x1b6ce] [DisplayControl] Enter MCCSOtherSet::SetVCP(), vcp code = 220
2025/10/09 06:03:09.600 [T:0x1b6ce] [DisplayControl] Exit MCCSOtherSet::SetVCP()
2025/10/09 06:03:15.215 [T:0x1b6ce] [DisplayControl] Enter MCCSOtherSet::GetVCP(), vcp code = 16
2025/10/09 06:03:15.297 [T:0x1b6ce] [DisplayControl] Exit MCCSOtherSet::GetVCP()
2025/10/09 06:03:16.018 [T:0x1b6ce] [DisplayControl] Enter MCCSOtherSet::GetVCP(), vcp code = 135
2025/10/09 06:03:16.100 [T:0x1b6ce] [DisplayControl] Exit MCCSOtherSet::GetVCP()
2025/10/09 06:03:16.819 [T:0x1b6ce] [DisplayControl] Enter MCCSOtherSet::GetVCP(), vcp code = 20
2025/10/09 06:03:16.899 [T:0x1b6ce] [DisplayControl] Exit MCCSOtherSet::GetVCP()
2025/10/09 06:03:17.614 [T:0x1b6ce] [DisplayControl] Enter MCCSOtherSet::GetVCP(), vcp code = 18
2025/10/09 06:03:17.694 [T:0x1b6ce] [DisplayControl] Exit MCCSOtherSet::GetVCP()
2025/10/09 06:04:52.691 [T:0x8aff2] [DisplayControl] Enter MCCSOtherSet::SetVCP(), vcp code = 220
2025/10/09 06:04:53.673 [T:0x8aff2] [DisplayControl] Exit MCCSOtherSet::SetVCP()
2025/10/09 06:04:59.286 [T:0x8aff2] [DisplayControl] Enter MCCSOtherSet::GetVCP(), vcp code = 16
2025/10/09 06:04:59.367 [T:0x8aff2] [DisplayControl] Exit MCCSOtherSet::GetVCP()
2025/10/09 06:05:00.084 [T:0x8aff2] [DisplayControl] Enter MCCSOtherSet::GetVCP(), vcp code = 135
2025/10/09 06:05:00.165 [T:0x8aff2] [DisplayControl] Exit MCCSOtherSet::GetVCP()
2025/10/09 06:05:00.880 [T:0x8aff2] [DisplayControl] Enter MCCSOtherSet::GetVCP(), vcp code = 20
2025/10/09 06:05:00.960 [T:0x8aff2] [DisplayControl] Exit MCCSOtherSet::GetVCP()
2025/10/09 06:05:01.672 [T:0x8aff2] [DisplayControl] Enter MCCSOtherSet::GetVCP(), vcp code = 18
2025/10/09 06:05:01.754 [T:0x8aff2] [DisplayControl] Exit MCCSOtherSet::GetVCP()
2025/10/09 06:06:36.742 [T:0x69859] [DisplayControl] Enter MCCSOtherSet::SetVCP(), vcp code = 220
2025/10/09 06:06:37.738 [T:0x69859] [DisplayControl] Exit MCCSOtherSet::SetVCP()
2025/10/09 06:06:43.350 [T:0x69859] [DisplayControl] Enter MCCSOtherSet::GetVCP(), vcp code = 16
2025/10/09 06:06:43.431 [T:0x69859] [DisplayControl] Exit MCCSOtherSet::GetVCP()
2025/10/09 06:06:44.147 [T:0x69859] [DisplayControl] Enter MCCSOtherSet::GetVCP(), vcp code = 135
2025/10/09 06:06:44.229 [T:0x69859] [DisplayControl] Exit MCCSOtherSet::GetVCP()
2025/10/09 06:06:44.947 [T:0x69859] [DisplayControl] Enter MCCSOtherSet::GetVCP(), vcp code = 20
2025/10/09 06:06:45.029 [T:0x69859] [DisplayControl] Exit MCCSOtherSet::GetVCP()
2025/10/09 06:06:45.750 [T:0x69859] [DisplayControl] Enter MCCSOtherSet::GetVCP(), vcp code = 18
2025/10/09 06:06:45.832 [T:0x69859] [DisplayControl] Exit MCCSOtherSet::GetVCP()
2025/10/09 06:08:20.791 [T:0xc08f6] [DisplayControl] Enter MCCSOtherSet::SetVCP(), vcp code = 220
2025/10/09 06:08:21.770 [T:0xc08f6] [DisplayControl] Exit MCCSOtherSet::SetVCP()
2025/10/09 06:08:27.396 [T:0xc08f6] [DisplayControl] Enter MCCSOtherSet::GetVCP(), vcp code = 16
2025/10/09 06:08:27.476 [T:0xc08f6] [DisplayControl] Exit MCCSOtherSet::GetVCP()
2025/10/09 06:08:28.182 [T:0xc08f6] [DisplayControl] Enter MCCSOtherSet::GetVCP(), vcp code = 135
2025/10/09 06:08:28.264 [T:0xc08f6] [DisplayControl] Exit MCCSOtherSet::GetVCP()
2025/10/09 06:08:28.984 [T:0xc08f6] [DisplayControl] Enter MCCSOtherSet::GetVCP(), vcp code = 20
2025/10/09 06:08:29.066 [T:0xc08f6] [DisplayControl] Exit MCCSOtherSet::GetVCP()
2025/10/09 06:08:29.783 [T:0xc08f6] [DisplayControl] Enter MCCSOtherSet::GetVCP(), vcp code = 18
2025/10/09 06:08:29.866 [T:0xc08f6] [DisplayControl] Exit MCCSOtherSet::GetVCP()
2025/10/09 06:10:19.090 [T:0x63e16] [DisplayControl] Enter MCCSOtherSet::SetVCP(), vcp code = 4
2025/10/09 06:10:20.039 [T:0x63e16] [DisplayControl] Exit MCCSOtherSet::SetVCP()
2025/10/09 06:10:25.155 [T:0x63e16] [DisplayControl] Enter OperationThread::ExitThread
2025/10/09 06:10:25.155 [T:0x63e16] [DisplayControl] Exit OperationThread::ExitThread
2025/10/09 06:10:25.155 [T:0x63e16] [DisplayControl] Enter OperationThread::~OperationThread()
2025/10/09 06:10:25.155 [T:0x63e16] [DisplayControl] Enter OperationThread::ExitThread
2025/10/09 06:10:25.155 [T:0x63e16] [DisplayControl] Enter OperationThread::ExitThread
2025/10/09 06:10:25.155 [T:0x63e16] [DisplayControl] Exit OperationThread::ExitThread
2025/10/09 06:10:25.155 [T:0x63e16] [DisplayControl] Enter OperationThread::~OperationThread()
2025/10/09 06:10:25.155 [T:0x63e16] [DisplayControl] Enter OperationThread::ExitThread
2025/10/09 06:10:25.182 [T:0x63e16] [DbgStr] After calling display_control_client_listener_video_port_.UpdateAllDisplayPath()
2025/10/09 06:10:25.203 [T:0x63e16] [DbgStr] After calling display_control_client_listener_.GetAllDisplayEDID()
2025/10/09 06:10:25.205 [T:0x63e16] [DisplayControl] Version = 3.0.6.0
2025/10/09 06:10:25.205 [T:0x63e16] [DisplayControl] Enter ObtainControlHandler1
2025/10/09 06:10:25.205 [T:0x63e16] [DisplayControl] GetVideoPortCommander
2025/10/09 06:10:25.205 [T:0x63e16] [DisplayControl] GetUSBHubCommander
2025/10/09 06:10:25.205 [T:0x63e16] ====== List p_lpo_display_info_video_port, # of devices is ======2
2025/10/09 06:10:25.205 [T:0x63e16] [DisplayControl] index of p_lpo_display_info_video_port0
2025/10/09 06:10:25.205 [T:0x63e16] [DisplayControl] Model name from VideoPort = VG2458
2025/10/09 06:10:25.205 [T:0x63e16] [DisplayControl] SN from VideoPort = YDJ243400006
2025/10/09 06:10:25.205 [T:0x63e16] [DisplayControl] index of p_lpo_display_info_video_port1
2025/10/09 06:10:25.205 [T:0x63e16] [DisplayControl] Model name from VideoPort = VG275
2025/10/09 06:10:25.205 [T:0x63e16] [DisplayControl] SN from VideoPort = XF6232400003
2025/10/09 06:10:25.205 [T:0x63e16] ====== List p_lpo_display_info_rtd_scalar_rts_hub, # of devices is ======0
2025/10/09 06:10:25.205 [T:0x63e16] [DisplayControl] GetVSRtkHubControlClientListener
2025/10/09 06:10:25.205 [T:0x63e16] [DisplayControl] max monitor count = 2
2025/10/09 06:10:25.205 [T:0x63e16] [DisplayControl] index of display_info_vec = 0
2025/10/09 06:10:25.205 [T:0x63e16] [DisplayControl] index of p_lpo_display_info_video_port = 0
2025/10/09 06:10:25.206 [T:0x63e16] [DisplayControl] VideoPortMatchingRule
2025/10/09 06:10:25.206 [T:0x63e16] [DisplayControl] monitor display_info_model_name = VG2458
2025/10/09 06:10:25.206 [T:0x63e16] [DisplayControl] monitor video_port_model_name = VG2458
2025/10/09 06:10:25.206 [T:0x63e16] [DisplayControl] monitor display_info_sn = YDJ243400006
2025/10/09 06:10:25.206 [T:0x63e16] [DisplayControl] monitor video_port_sn = YDJ243400006
2025/10/09 06:10:25.206 [T:0x63e16] [DisplayControl] model_name_match = 1
2025/10/09 06:10:25.206 [T:0x63e16] [DisplayControl] sn_match = 1
2025/10/09 06:10:25.206 [T:0x63e16] [DisplayControl] video_port is_match = 1
2025/10/09 06:10:25.206 [T:0x63e16] [DisplayControl] index of display_info_vec = 1
2025/10/09 06:10:25.206 [T:0x63e16] [DisplayControl] index of p_lpo_display_info_video_port = 0
2025/10/09 06:10:25.206 [T:0x63e16] [DisplayControl] VideoPortMatchingRule
2025/10/09 06:10:25.206 [T:0x63e16] [DisplayControl] monitor display_info_model_name = VG275
2025/10/09 06:10:25.206 [T:0x63e16] [DisplayControl] monitor video_port_model_name = VG2458
2025/10/09 06:10:25.206 [T:0x63e16] [DisplayControl] monitor display_info_sn = XF6232400003
2025/10/09 06:10:25.206 [T:0x63e16] [DisplayControl] monitor video_port_sn = YDJ243400006
2025/10/09 06:10:25.206 [T:0x63e16] [DisplayControl] model_name_match = 0
2025/10/09 06:10:25.206 [T:0x63e16] [DisplayControl] sn_match = 0
2025/10/09 06:10:25.206 [T:0x63e16] [DisplayControl] video_port is_match = 0
2025/10/09 06:10:25.206 [T:0x63e16] [DisplayControl] index of display_info_vec = 1
2025/10/09 06:10:25.206 [T:0x63e16] [DisplayControl] index of p_lpo_display_info_video_port = 1
2025/10/09 06:10:25.206 [T:0x63e16] [DisplayControl] VideoPortMatchingRule
2025/10/09 06:10:25.206 [T:0x63e16] [DisplayControl] monitor display_info_model_name = VG275
2025/10/09 06:10:25.206 [T:0x63e16] [DisplayControl] monitor video_port_model_name = VG275
2025/10/09 06:10:25.206 [T:0x63e16] [DisplayControl] monitor display_info_sn = XF6232400003
2025/10/09 06:10:25.206 [T:0x63e16] [DisplayControl] monitor video_port_sn = XF6232400003
2025/10/09 06:10:25.206 [T:0x63e16] [DisplayControl] model_name_match = 1
2025/10/09 06:10:25.206 [T:0x63e16] [DisplayControl] sn_match = 1
2025/10/09 06:10:25.207 [T:0x63e16] [DisplayControl] video_port is_match = 1
2025/10/09 06:10:25.207 [T:0x63e16] [DisplayControl] i = 0
2025/10/09 06:10:25.207 [T:0x63e16] [DisplayControl] Enter OperationThread::OperationThread()
2025/10/09 06:10:25.207 [T:0x63e16] [DisplayControl] Enter OperationThread::CreateThread
2025/10/09 06:10:25.207 [T:0x63e16] [DisplayControl] new DisplayFunctioner
2025/10/09 06:10:25.207 [T:0x63e16] [DisplayControl] insert displayer_vector
2025/10/09 06:10:25.207 [T:0x63e16] [DisplayControl] insert modelName_SN_to_Display_map
2025/10/09 06:10:25.207 [T:0x63e16] [DisplayControl] insert device_id_to_Displayer_map_
2025/10/09 06:10:25.207 [T:0x63e16] [DisplayControl] i = 1
2025/10/09 06:10:25.207 [T:0x63e16] [DisplayControl] Enter OperationThread::OperationThread()
2025/10/09 06:10:25.207 [T:0x63e16] [DisplayControl] Enter OperationThread::CreateThread
2025/10/09 06:10:25.207 [T:0x63e16] [DisplayControl] new DisplayFunctioner
2025/10/09 06:10:25.207 [T:0x63e16] [DisplayControl] insert displayer_vector
2025/10/09 06:10:25.207 [T:0x63e16] [DisplayControl] insert modelName_SN_to_Display_map
2025/10/09 06:10:25.207 [T:0x63e16] [DisplayControl] insert device_id_to_Displayer_map_
2025/10/09 06:10:25.207 [T:0x63e16] [DisplayControl] monitor size = 2
2025/10/09 06:10:25.207 [T:0x63e16] [DisplayControl] Exit ObtainControlHandler
2025/10/09 06:10:25.207 [T:0x63e16] [DisplayControl] Enter MCCSOtherSet::GetVCP(), vcp code = 16
2025/10/09 06:10:25.285 [T:0x63e16] [DisplayControl] Exit MCCSOtherSet::GetVCP()
2025/10/09 06:10:25.285 [T:0x63e16] [DisplayControl] Enter MCCSOtherSet::GetVCP(), vcp code = 16
2025/10/09 06:10:25.428 [T:0x63e16] [DisplayControl] Exit MCCSOtherSet::GetVCP()
2025/10/09 06:10:25.536 [T:0x63e16] [DisplayControl] Enter MCCSOtherSet::GetVCP(), vcp code = 97
2025/10/09 06:10:25.618 [T:0x63e16] [DisplayControl] Exit MCCSOtherSet::GetVCP()
2025/10/09 06:10:25.727 [T:0x63e16] [DisplayControl] Enter MCCSOtherSet::GetVCP(), vcp code = 141
2025/10/09 06:10:25.809 [T:0x63e16] [DisplayControl] Exit MCCSOtherSet::GetVCP()
2025/10/09 06:10:25.919 [T:0x63e16] [DisplayControl] Enter MCCSOtherSet::GetVCP(), vcp code = 225
2025/10/09 06:10:26.001 [T:0x63e16] [DisplayControl] Exit MCCSOtherSet::GetVCP()
2025/10/09 06:10:26.110 [T:0x63e16] [DisplayControl] Enter MCCSOtherSet::GetVCP(), vcp code = 220
2025/10/09 06:10:26.192 [T:0x63e16] [DisplayControl] Exit MCCSOtherSet::GetVCP()
2025/10/09 06:10:26.301 [T:0x63e16] [DisplayControl] Enter MCCSOtherSet::GetVCP(), vcp code = 96
2025/10/09 06:10:26.383 [T:0x63e16] [DisplayControl] Exit MCCSOtherSet::GetVCP()
2025/10/09 06:10:26.490 [T:0x63e16] [DisplayControl] Enter MCCSOtherSet::GetVCP(), vcp code = 43
2025/10/09 06:10:26.571 [T:0x63e16] [DisplayControl] Exit MCCSOtherSet::GetVCP()
2025/10/09 06:10:26.680 [T:0x63e16] [DisplayControl] Enter MCCSOtherSet::GetVCP(), vcp code = 51
2025/10/09 06:10:26.762 [T:0x63e16] [DisplayControl] Exit MCCSOtherSet::GetVCP()
2025/10/09 06:10:26.871 [T:0x63e16] [DisplayControl] Enter MCCSOtherSet::GetVCP(), vcp code = 135
2025/10/09 06:10:26.954 [T:0x63e16] [DisplayControl] Exit MCCSOtherSet::GetVCP()
2025/10/09 06:10:27.062 [T:0x63e16] [DisplayControl] Enter MCCSOtherSet::GetVCP(), vcp code = 20
2025/10/09 06:10:27.144 [T:0x63e16] [DisplayControl] Exit MCCSOtherSet::GetVCP()
2025/10/09 06:10:27.252 [T:0x63e16] [DisplayControl] Enter MCCSOtherSet::GetVCP(), vcp code = 4
2025/10/09 06:10:27.334 [T:0x63e16] [DisplayControl] Exit MCCSOtherSet::GetVCP()
2025/10/09 06:10:27.440 [T:0x63e16] [DisplayControl] Enter MCCSOtherSet::GetVCP(), vcp code = 98
2025/10/09 06:10:27.520 [T:0x63e16] [DisplayControl] Exit MCCSOtherSet::GetVCP()
2025/10/09 06:10:27.522 [T:0x1d54e] [DisplayControl] Enter MCCSOtherSet::GetVCP(), vcp code = 96
2025/10/09 06:10:27.621 [T:0x63e16] [DisplayControl] Enter MCCSOtherSet::GetVCP(), vcp code = 18
2025/10/09 06:10:27.697 [T:0x1d54e] [DisplayControl] Exit MCCSOtherSet::GetVCP()
2025/10/09 06:10:27.850 [T:0x63e16] [DisplayControl] Exit MCCSOtherSet::GetVCP()
2025/10/09 06:10:27.951 [T:0x63e16] [DisplayControl] Enter MCCSOtherSet::GetVCP(), vcp code = 245
2025/10/09 06:10:28.148 [T:0x63e16] [DisplayControl] Exit MCCSOtherSet::GetVCP()
2025/10/09 06:10:28.255 [T:0x63e16] [DisplayControl] Enter MCCSOtherSet::GetVCP(), vcp code = 16
2025/10/09 06:10:28.340 [T:0x63e16] [DisplayControl] Exit MCCSOtherSet::GetVCP()
2025/10/09 06:10:28.441 [T:0x63e16] [DisplayControl] Enter MCCSOtherSet::GetVCP(), vcp code = 97
2025/10/09 06:10:28.527 [T:0x63e16] [DisplayControl] Exit MCCSOtherSet::GetVCP()
2025/10/09 06:10:28.632 [T:0x63e16] [DisplayControl] Enter MCCSOtherSet::GetVCP(), vcp code = 141
2025/10/09 06:10:28.718 [T:0x63e16] [DisplayControl] Exit MCCSOtherSet::GetVCP()
2025/10/09 06:10:28.823 [T:0x63e16] [DisplayControl] Enter MCCSOtherSet::GetVCP(), vcp code = 225
2025/10/09 06:10:28.910 [T:0x63e16] [DisplayControl] Exit MCCSOtherSet::GetVCP()
2025/10/09 06:10:29.013 [T:0x63e16] [DisplayControl] Enter MCCSOtherSet::GetVCP(), vcp code = 220
2025/10/09 06:10:29.099 [T:0x63e16] [DisplayControl] Exit MCCSOtherSet::GetVCP()
2025/10/09 06:10:29.201 [T:0x63e16] [DisplayControl] Enter MCCSOtherSet::GetVCP(), vcp code = 96
2025/10/09 06:10:29.288 [T:0x63e16] [DisplayControl] Exit MCCSOtherSet::GetVCP()
2025/10/09 06:10:29.390 [T:0x63e16] [DisplayControl] Enter MCCSOtherSet::GetVCP(), vcp code = 43
2025/10/09 06:10:29.475 [T:0x63e16] [DisplayControl] Exit MCCSOtherSet::GetVCP()
2025/10/09 06:10:29.576 [T:0x63e16] [DisplayControl] Enter MCCSOtherSet::GetVCP(), vcp code = 51
2025/10/09 06:10:29.661 [T:0x63e16] [DisplayControl] Exit MCCSOtherSet::GetVCP()
2025/10/09 06:10:29.764 [T:0x63e16] [DisplayControl] Enter MCCSOtherSet::GetVCP(), vcp code = 135
2025/10/09 06:10:29.850 [T:0x63e16] [DisplayControl] Exit MCCSOtherSet::GetVCP()
2025/10/09 06:10:29.954 [T:0x63e16] [DisplayControl] Enter MCCSOtherSet::GetVCP(), vcp code = 4
2025/10/09 06:10:30.040 [T:0x63e16] [DisplayControl] Exit MCCSOtherSet::GetVCP()
2025/10/09 06:10:30.143 [T:0x63e16] [DisplayControl] Enter MCCSOtherSet::GetVCP(), vcp code = 98
2025/10/09 06:10:30.227 [T:0x63e16] [DisplayControl] Exit MCCSOtherSet::GetVCP()
2025/10/09 06:10:30.328 [T:0x63e16] [DisplayControl] Enter MCCSOtherSet::GetVCP(), vcp code = 226
2025/10/09 06:10:30.414 [T:0x63e16] [DisplayControl] Exit MCCSOtherSet::GetVCP()
2025/10/09 06:10:30.518 [T:0x63e16] [DisplayControl] Enter MCCSOtherSet::GetVCP(), vcp code = 236
2025/10/09 06:10:30.604 [T:0x63e16] [DisplayControl] Exit MCCSOtherSet::GetVCP()
2025/10/09 06:10:30.707 [T:0x63e16] [DisplayControl] Enter MCCSOtherSet::GetVCP(), vcp code = 18
2025/10/09 06:10:30.792 [T:0x63e16] [DisplayControl] Exit MCCSOtherSet::GetVCP()
2025/10/09 06:11:18.488 [T:0xc9106] [DisplayControl] Enter MCCSOtherSet::SetVCP(), vcp code = 20
2025/10/09 06:11:18.680 [T:0xc9106] [DisplayControl] Exit MCCSOtherSet::SetVCP()
2025/10/09 06:11:19.287 [T:0xc9106] [DisplayControl] Enter MCCSOtherSet::GetVCP(), vcp code = 16
2025/10/09 06:11:19.369 [T:0xc9106] [DisplayControl] Exit MCCSOtherSet::GetVCP()
2025/10/09 06:11:20.087 [T:0xc9106] [DisplayControl] Enter MCCSOtherSet::GetVCP(), vcp code = 135
2025/10/09 06:11:20.169 [T:0xc9106] [DisplayControl] Exit MCCSOtherSet::GetVCP()
2025/10/09 06:11:20.887 [T:0xc9106] [DisplayControl] Enter MCCSOtherSet::GetVCP(), vcp code = 20
2025/10/09 06:11:20.970 [T:0xc9106] [DisplayControl] Exit MCCSOtherSet::GetVCP()
2025/10/09 06:11:21.689 [T:0xc9106] [DisplayControl] Enter MCCSOtherSet::GetVCP(), vcp code = 18
2025/10/09 06:11:21.771 [T:0xc9106] [DisplayControl] Exit MCCSOtherSet::GetVCP()
2025/10/09 06:12:57.451 [T:0xfb5fe] [DisplayControl] Enter MCCSOtherSet::SetVCP(), vcp code = 20
2025/10/09 06:12:57.657 [T:0xfb5fe] [DisplayControl] Exit MCCSOtherSet::SetVCP()
2025/10/09 06:12:58.265 [T:0xfb5fe] [DisplayControl] Enter MCCSOtherSet::GetVCP(), vcp code = 16
2025/10/09 06:12:58.346 [T:0xfb5fe] [DisplayControl] Exit MCCSOtherSet::GetVCP()
2025/10/09 06:12:59.063 [T:0xfb5fe] [DisplayControl] Enter MCCSOtherSet::GetVCP(), vcp code = 135
2025/10/09 06:12:59.146 [T:0xfb5fe] [DisplayControl] Exit MCCSOtherSet::GetVCP()
2025/10/09 06:12:59.863 [T:0xfb5fe] [DisplayControl] Enter MCCSOtherSet::GetVCP(), vcp code = 20
2025/10/09 06:12:59.946 [T:0xfb5fe] [DisplayControl] Exit MCCSOtherSet::GetVCP()
2025/10/09 06:13:00.663 [T:0xfb5fe] [DisplayControl] Enter MCCSOtherSet::GetVCP(), vcp code = 18
2025/10/09 06:13:00.744 [T:0xfb5fe] [DisplayControl] Exit MCCSOtherSet::GetVCP()
2025/10/09 06:14:36.440 [T:0x1d3d6] [DisplayControl] Enter MCCSOtherSet::SetVCP(), vcp code = 20
2025/10/09 06:14:36.618 [T:0x1d3d6] [DisplayControl] Exit MCCSOtherSet::SetVCP()
2025/10/09 06:14:37.229 [T:0x1d3d6] [DisplayControl] Enter MCCSOtherSet::GetVCP(), vcp code = 16
2025/10/09 06:14:37.311 [T:0x1d3d6] [DisplayControl] Exit MCCSOtherSet::GetVCP()
2025/10/09 06:14:38.033 [T:0x1d3d6] [DisplayControl] Enter MCCSOtherSet::GetVCP(), vcp code = 135
2025/10/09 06:14:38.115 [T:0x1d3d6] [DisplayControl] Exit MCCSOtherSet::GetVCP()
2025/10/09 06:14:38.834 [T:0x1d3d6] [DisplayControl] Enter MCCSOtherSet::GetVCP(), vcp code = 20
2025/10/09 06:14:38.914 [T:0x1d3d6] [DisplayControl] Exit MCCSOtherSet::GetVCP()
2025/10/09 06:14:39.627 [T:0x1d3d6] [DisplayControl] Enter MCCSOtherSet::GetVCP(), vcp code = 18
2025/10/09 06:14:39.708 [T:0x1d3d6] [DisplayControl] Exit MCCSOtherSet::GetVCP()
2025/10/09 06:16:15.388 [T:0x5a6bf] [DisplayControl] Enter MCCSOtherSet::SetVCP(), vcp code = 20
2025/10/09 06:16:15.575 [T:0x5a6bf] [DisplayControl] Exit MCCSOtherSet::SetVCP()
2025/10/09 06:16:16.184 [T:0x5a6bf] [DisplayControl] Enter MCCSOtherSet::GetVCP(), vcp code = 16
2025/10/09 06:16:16.266 [T:0x5a6bf] [DisplayControl] Exit MCCSOtherSet::GetVCP()
2025/10/09 06:16:16.984 [T:0x5a6bf] [DisplayControl] Enter MCCSOtherSet::GetVCP(), vcp code = 135
2025/10/09 06:16:17.067 [T:0x5a6bf] [DisplayControl] Exit MCCSOtherSet::GetVCP()
2025/10/09 06:16:17.782 [T:0x5a6bf] [DisplayControl] Enter MCCSOtherSet::GetVCP(), vcp code = 20
2025/10/09 06:16:17.865 [T:0x5a6bf] [DisplayControl] Exit MCCSOtherSet::GetVCP()
2025/10/09 06:16:18.580 [T:0x5a6bf] [DisplayControl] Enter MCCSOtherSet::GetVCP(), vcp code = 18
2025/10/09 06:16:18.662 [T:0x5a6bf] [DisplayControl] Exit MCCSOtherSet::GetVCP()
2025/10/09 06:17:54.344 [T:0xf3c75] [DisplayControl] Enter MCCSOtherSet::SetVCP(), vcp code = 20
2025/10/09 06:17:54.538 [T:0xf3c75] [DisplayControl] Exit MCCSOtherSet::SetVCP()
2025/10/09 06:17:55.143 [T:0xf3c75] [DisplayControl] Enter MCCSOtherSet::GetVCP(), vcp code = 16
2025/10/09 06:17:55.225 [T:0xf3c75] [DisplayControl] Exit MCCSOtherSet::GetVCP()
2025/10/09 06:17:55.941 [T:0xf3c75] [DisplayControl] Enter MCCSOtherSet::GetVCP(), vcp code = 135
2025/10/09 06:17:56.023 [T:0xf3c75] [DisplayControl] Exit MCCSOtherSet::GetVCP()
2025/10/09 06:17:56.742 [T:0xf3c75] [DisplayControl] Enter MCCSOtherSet::GetVCP(), vcp code = 20
2025/10/09 06:17:56.824 [T:0xf3c75] [DisplayControl] Exit MCCSOtherSet::GetVCP()
2025/10/09 06:17:57.544 [T:0xf3c75] [DisplayControl] Enter MCCSOtherSet::GetVCP(), vcp code = 18
2025/10/09 06:17:57.626 [T:0xf3c75] [DisplayControl] Exit MCCSOtherSet::GetVCP()
2025/10/09 06:19:50.138 [T:0x00cf5] [DisplayControl] Enter MCCSOtherSet::SetVCP(), vcp code = 4
2025/10/09 06:19:51.082 [T:0x00cf5] [DisplayControl] Exit MCCSOtherSet::SetVCP()
2025/10/09 06:19:56.199 [T:0x00cf5] [DisplayControl] Enter OperationThread::ExitThread
2025/10/09 06:19:56.199 [T:0x00cf5] [DisplayControl] Exit OperationThread::ExitThread
2025/10/09 06:19:56.200 [T:0x00cf5] [DisplayControl] Enter OperationThread::~OperationThread()
2025/10/09 06:19:56.200 [T:0x00cf5] [DisplayControl] Enter OperationThread::ExitThread
2025/10/09 06:19:56.200 [T:0x00cf5] [DisplayControl] Enter OperationThread::ExitThread
2025/10/09 06:19:56.200 [T:0x00cf5] [DisplayControl] Exit OperationThread::ExitThread
2025/10/09 06:19:56.200 [T:0x00cf5] [DisplayControl] Enter OperationThread::~OperationThread()
2025/10/09 06:19:56.200 [T:0x00cf5] [DisplayControl] Enter OperationThread::ExitThread
2025/10/09 06:19:56.227 [T:0x00cf5] [DbgStr] After calling display_control_client_listener_video_port_.UpdateAllDisplayPath()
2025/10/09 06:19:56.247 [T:0x00cf5] [DbgStr] After calling display_control_client_listener_.GetAllDisplayEDID()
2025/10/09 06:19:56.250 [T:0x00cf5] [DisplayControl] Version = 3.0.6.0
2025/10/09 06:19:56.250 [T:0x00cf5] [DisplayControl] Enter ObtainControlHandler1
2025/10/09 06:19:56.250 [T:0x00cf5] [DisplayControl] GetVideoPortCommander
2025/10/09 06:19:56.250 [T:0x00cf5] [DisplayControl] GetUSBHubCommander
2025/10/09 06:19:56.250 [T:0x00cf5] ====== List p_lpo_display_info_video_port, # of devices is ======2
2025/10/09 06:19:56.250 [T:0x00cf5] [DisplayControl] index of p_lpo_display_info_video_port0
2025/10/09 06:19:56.250 [T:0x00cf5] [DisplayControl] Model name from VideoPort = VG2458
2025/10/09 06:19:56.250 [T:0x00cf5] [DisplayControl] SN from VideoPort = YDJ243400006
2025/10/09 06:19:56.250 [T:0x00cf5] [DisplayControl] index of p_lpo_display_info_video_port1
2025/10/09 06:19:56.250 [T:0x00cf5] [DisplayControl] Model name from VideoPort = VG275
2025/10/09 06:19:56.250 [T:0x00cf5] [DisplayControl] SN from VideoPort = XF6232400003
2025/10/09 06:19:56.250 [T:0x00cf5] ====== List p_lpo_display_info_rtd_scalar_rts_hub, # of devices is ======0
2025/10/09 06:19:56.250 [T:0x00cf5] [DisplayControl] GetVSRtkHubControlClientListener
2025/10/09 06:19:56.250 [T:0x00cf5] [DisplayControl] max monitor count = 2
2025/10/09 06:19:56.250 [T:0x00cf5] [DisplayControl] index of display_info_vec = 0
2025/10/09 06:19:56.250 [T:0x00cf5] [DisplayControl] index of p_lpo_display_info_video_port = 0
2025/10/09 06:19:56.250 [T:0x00cf5] [DisplayControl] VideoPortMatchingRule
2025/10/09 06:19:56.250 [T:0x00cf5] [DisplayControl] monitor display_info_model_name = VG2458
2025/10/09 06:19:56.250 [T:0x00cf5] [DisplayControl] monitor video_port_model_name = VG2458
2025/10/09 06:19:56.250 [T:0x00cf5] [DisplayControl] monitor display_info_sn = YDJ243400006
2025/10/09 06:19:56.250 [T:0x00cf5] [DisplayControl] monitor video_port_sn = YDJ243400006
2025/10/09 06:19:56.251 [T:0x00cf5] [DisplayControl] model_name_match = 1
2025/10/09 06:19:56.251 [T:0x00cf5] [DisplayControl] sn_match = 1
2025/10/09 06:19:56.251 [T:0x00cf5] [DisplayControl] video_port is_match = 1
2025/10/09 06:19:56.251 [T:0x00cf5] [DisplayControl] index of display_info_vec = 1
2025/10/09 06:19:56.251 [T:0x00cf5] [DisplayControl] index of p_lpo_display_info_video_port = 0
2025/10/09 06:19:56.251 [T:0x00cf5] [DisplayControl] VideoPortMatchingRule
2025/10/09 06:19:56.251 [T:0x00cf5] [DisplayControl] monitor display_info_model_name = VG275
2025/10/09 06:19:56.251 [T:0x00cf5] [DisplayControl] monitor video_port_model_name = VG2458
2025/10/09 06:19:56.251 [T:0x00cf5] [DisplayControl] monitor display_info_sn = XF6232400003
2025/10/09 06:19:56.251 [T:0x00cf5] [DisplayControl] monitor video_port_sn = YDJ243400006
2025/10/09 06:19:56.251 [T:0x00cf5] [DisplayControl] model_name_match = 0
2025/10/09 06:19:56.251 [T:0x00cf5] [DisplayControl] sn_match = 0
2025/10/09 06:19:56.251 [T:0x00cf5] [DisplayControl] video_port is_match = 0
2025/10/09 06:19:56.251 [T:0x00cf5] [DisplayControl] index of display_info_vec = 1
2025/10/09 06:19:56.251 [T:0x00cf5] [DisplayControl] index of p_lpo_display_info_video_port = 1
2025/10/09 06:19:56.251 [T:0x00cf5] [DisplayControl] VideoPortMatchingRule
2025/10/09 06:19:56.251 [T:0x00cf5] [DisplayControl] monitor display_info_model_name = VG275
2025/10/09 06:19:56.251 [T:0x00cf5] [DisplayControl] monitor video_port_model_name = VG275
2025/10/09 06:19:56.251 [T:0x00cf5] [DisplayControl] monitor display_info_sn = XF6232400003
2025/10/09 06:19:56.251 [T:0x00cf5] [DisplayControl] monitor video_port_sn = XF6232400003
2025/10/09 06:19:56.251 [T:0x00cf5] [DisplayControl] model_name_match = 1
2025/10/09 06:19:56.251 [T:0x00cf5] [DisplayControl] sn_match = 1
2025/10/09 06:19:56.251 [T:0x00cf5] [DisplayControl] video_port is_match = 1
2025/10/09 06:19:56.251 [T:0x00cf5] [DisplayControl] i = 0
2025/10/09 06:19:56.251 [T:0x00cf5] [DisplayControl] Enter OperationThread::OperationThread()
2025/10/09 06:19:56.251 [T:0x00cf5] [DisplayControl] Enter OperationThread::CreateThread
2025/10/09 06:19:56.252 [T:0x00cf5] [DisplayControl] new DisplayFunctioner
2025/10/09 06:19:56.252 [T:0x00cf5] [DisplayControl] insert displayer_vector
2025/10/09 06:19:56.252 [T:0x00cf5] [DisplayControl] insert modelName_SN_to_Display_map
2025/10/09 06:19:56.252 [T:0x00cf5] [DisplayControl] insert device_id_to_Displayer_map_
2025/10/09 06:19:56.252 [T:0x00cf5] [DisplayControl] i = 1
2025/10/09 06:19:56.252 [T:0x00cf5] [DisplayControl] Enter OperationThread::OperationThread()
2025/10/09 06:19:56.252 [T:0x00cf5] [DisplayControl] Enter OperationThread::CreateThread
2025/10/09 06:19:56.252 [T:0x00cf5] [DisplayControl] new DisplayFunctioner
2025/10/09 06:19:56.252 [T:0x00cf5] [DisplayControl] insert displayer_vector
2025/10/09 06:19:56.252 [T:0x00cf5] [DisplayControl] insert modelName_SN_to_Display_map
2025/10/09 06:19:56.252 [T:0x00cf5] [DisplayControl] insert device_id_to_Displayer_map_
2025/10/09 06:19:56.252 [T:0x00cf5] [DisplayControl] monitor size = 2
2025/10/09 06:19:56.252 [T:0x00cf5] [DisplayControl] Exit ObtainControlHandler
2025/10/09 06:19:56.252 [T:0x00cf5] [DisplayControl] Enter MCCSOtherSet::GetVCP(), vcp code = 16
2025/10/09 06:19:56.328 [T:0x00cf5] [DisplayControl] Exit MCCSOtherSet::GetVCP()
2025/10/09 06:19:56.329 [T:0x00cf5] [DisplayControl] Enter MCCSOtherSet::GetVCP(), vcp code = 16
2025/10/09 06:19:56.470 [T:0x00cf5] [DisplayControl] Exit MCCSOtherSet::GetVCP()
2025/10/09 06:19:56.579 [T:0x00cf5] [DisplayControl] Enter MCCSOtherSet::GetVCP(), vcp code = 97
2025/10/09 06:19:56.661 [T:0x00cf5] [DisplayControl] Exit MCCSOtherSet::GetVCP()
2025/10/09 06:19:56.770 [T:0x00cf5] [DisplayControl] Enter MCCSOtherSet::GetVCP(), vcp code = 141
2025/10/09 06:19:56.853 [T:0x00cf5] [DisplayControl] Exit MCCSOtherSet::GetVCP()
2025/10/09 06:19:56.962 [T:0x00cf5] [DisplayControl] Enter MCCSOtherSet::GetVCP(), vcp code = 225
2025/10/09 06:19:57.045 [T:0x00cf5] [DisplayControl] Exit MCCSOtherSet::GetVCP()
2025/10/09 06:19:57.153 [T:0x00cf5] [DisplayControl] Enter MCCSOtherSet::GetVCP(), vcp code = 220
2025/10/09 06:19:57.236 [T:0x00cf5] [DisplayControl] Exit MCCSOtherSet::GetVCP()
2025/10/09 06:19:57.344 [T:0x00cf5] [DisplayControl] Enter MCCSOtherSet::GetVCP(), vcp code = 96
2025/10/09 06:19:57.427 [T:0x00cf5] [DisplayControl] Exit MCCSOtherSet::GetVCP()
2025/10/09 06:19:57.534 [T:0x00cf5] [DisplayControl] Enter MCCSOtherSet::GetVCP(), vcp code = 43
2025/10/09 06:19:57.615 [T:0x00cf5] [DisplayControl] Exit MCCSOtherSet::GetVCP()
2025/10/09 06:19:57.723 [T:0x00cf5] [DisplayControl] Enter MCCSOtherSet::GetVCP(), vcp code = 51
2025/10/09 06:19:57.803 [T:0x00cf5] [DisplayControl] Exit MCCSOtherSet::GetVCP()
2025/10/09 06:19:57.912 [T:0x00cf5] [DisplayControl] Enter MCCSOtherSet::GetVCP(), vcp code = 135
2025/10/09 06:19:57.994 [T:0x00cf5] [DisplayControl] Exit MCCSOtherSet::GetVCP()
2025/10/09 06:19:58.101 [T:0x00cf5] [DisplayControl] Enter MCCSOtherSet::GetVCP(), vcp code = 20
2025/10/09 06:19:58.182 [T:0x00cf5] [DisplayControl] Exit MCCSOtherSet::GetVCP()
2025/10/09 06:19:58.288 [T:0x00cf5] [DisplayControl] Enter MCCSOtherSet::GetVCP(), vcp code = 4
2025/10/09 06:19:58.368 [T:0x00cf5] [DisplayControl] Exit MCCSOtherSet::GetVCP()
2025/10/09 06:19:58.473 [T:0x00cf5] [DisplayControl] Enter MCCSOtherSet::GetVCP(), vcp code = 98
2025/10/09 06:19:58.554 [T:0x00cf5] [DisplayControl] Exit MCCSOtherSet::GetVCP()
2025/10/09 06:19:58.577 [T:0x1d54e] [DisplayControl] Enter MCCSOtherSet::GetVCP(), vcp code = 96
2025/10/09 06:19:58.661 [T:0x00cf5] [DisplayControl] Enter MCCSOtherSet::GetVCP(), vcp code = 18
2025/10/09 06:19:58.702 [T:0x1d54e] [DisplayControl] Exit MCCSOtherSet::GetVCP()
2025/10/09 06:19:58.890 [T:0x00cf5] [DisplayControl] Exit MCCSOtherSet::GetVCP()
2025/10/09 06:19:58.992 [T:0x00cf5] [DisplayControl] Enter MCCSOtherSet::GetVCP(), vcp code = 245
2025/10/09 06:19:59.216 [T:0x00cf5] [DisplayControl] Exit MCCSOtherSet::GetVCP()
2025/10/09 06:19:59.320 [T:0x00cf5] [DisplayControl] Enter MCCSOtherSet::GetVCP(), vcp code = 16
2025/10/09 06:19:59.405 [T:0x00cf5] [DisplayControl] Exit MCCSOtherSet::GetVCP()
2025/10/09 06:19:59.509 [T:0x00cf5] [DisplayControl] Enter MCCSOtherSet::GetVCP(), vcp code = 97
2025/10/09 06:19:59.595 [T:0x00cf5] [DisplayControl] Exit MCCSOtherSet::GetVCP()
2025/10/09 06:19:59.698 [T:0x00cf5] [DisplayControl] Enter MCCSOtherSet::GetVCP(), vcp code = 141
2025/10/09 06:19:59.784 [T:0x00cf5] [DisplayControl] Exit MCCSOtherSet::GetVCP()
2025/10/09 06:19:59.888 [T:0x00cf5] [DisplayControl] Enter MCCSOtherSet::GetVCP(), vcp code = 225
2025/10/09 06:19:59.975 [T:0x00cf5] [DisplayControl] Exit MCCSOtherSet::GetVCP()
2025/10/09 06:20:00.079 [T:0x00cf5] [DisplayControl] Enter MCCSOtherSet::GetVCP(), vcp code = 220
2025/10/09 06:20:00.162 [T:0x00cf5] [DisplayControl] Exit MCCSOtherSet::GetVCP()
2025/10/09 06:20:00.265 [T:0x00cf5] [DisplayControl] Enter MCCSOtherSet::GetVCP(), vcp code = 96
2025/10/09 06:20:00.350 [T:0x00cf5] [DisplayControl] Exit MCCSOtherSet::GetVCP()
2025/10/09 06:20:00.455 [T:0x00cf5] [DisplayControl] Enter MCCSOtherSet::GetVCP(), vcp code = 43
2025/10/09 06:20:00.542 [T:0x00cf5] [DisplayControl] Exit MCCSOtherSet::GetVCP()
2025/10/09 06:20:00.647 [T:0x00cf5] [DisplayControl] Enter MCCSOtherSet::GetVCP(), vcp code = 51
2025/10/09 06:20:00.732 [T:0x00cf5] [DisplayControl] Exit MCCSOtherSet::GetVCP()
2025/10/09 06:20:00.835 [T:0x00cf5] [DisplayControl] Enter MCCSOtherSet::GetVCP(), vcp code = 135
2025/10/09 06:20:00.918 [T:0x00cf5] [DisplayControl] Exit MCCSOtherSet::GetVCP()
2025/10/09 06:20:01.019 [T:0x00cf5] [DisplayControl] Enter MCCSOtherSet::GetVCP(), vcp code = 4
2025/10/09 06:20:01.104 [T:0x00cf5] [DisplayControl] Exit MCCSOtherSet::GetVCP()
2025/10/09 06:20:01.207 [T:0x00cf5] [DisplayControl] Enter MCCSOtherSet::GetVCP(), vcp code = 98
2025/10/09 06:20:01.293 [T:0x00cf5] [DisplayControl] Exit MCCSOtherSet::GetVCP()
2025/10/09 06:20:01.397 [T:0x00cf5] [DisplayControl] Enter MCCSOtherSet::GetVCP(), vcp code = 226
2025/10/09 06:20:01.482 [T:0x00cf5] [DisplayControl] Exit MCCSOtherSet::GetVCP()
2025/10/09 06:20:01.583 [T:0x00cf5] [DisplayControl] Enter MCCSOtherSet::GetVCP(), vcp code = 236
2025/10/09 06:20:01.666 [T:0x00cf5] [DisplayControl] Exit MCCSOtherSet::GetVCP()
2025/10/09 06:20:01.768 [T:0x00cf5] [DisplayControl] Enter MCCSOtherSet::GetVCP(), vcp code = 18
2025/10/09 06:20:01.854 [T:0x00cf5] [DisplayControl] Exit MCCSOtherSet::GetVCP()
2025/10/09 06:20:49.593 [T:0x1d54e] [DisplayControl] Enter MCCSOtherSet::GetVCP(), vcp code = 96
2025/10/09 06:20:49.694 [T:0x1d54e] [DisplayControl] Exit MCCSOtherSet::GetVCP()
2025/10/09 06:20:49.926 [T:0xdc6a8] [DisplayControl] Enter MCCSOtherSet::GetVCP(), vcp code = 16
2025/10/09 06:20:50.018 [T:0xdc6a8] [DisplayControl] Exit MCCSOtherSet::GetVCP()
2025/10/09 06:20:50.121 [T:0xdc6a8] [DisplayControl] Enter MCCSOtherSet::GetVCP(), vcp code = 97
2025/10/09 06:20:50.206 [T:0xdc6a8] [DisplayControl] Exit MCCSOtherSet::GetVCP()
2025/10/09 06:20:50.311 [T:0xdc6a8] [DisplayControl] Enter MCCSOtherSet::GetVCP(), vcp code = 141
2025/10/09 06:20:50.396 [T:0xdc6a8] [DisplayControl] Exit MCCSOtherSet::GetVCP()
2025/10/09 06:20:50.501 [T:0xdc6a8] [DisplayControl] Enter MCCSOtherSet::GetVCP(), vcp code = 225
2025/10/09 06:20:50.587 [T:0xdc6a8] [DisplayControl] Exit MCCSOtherSet::GetVCP()
2025/10/09 06:20:50.692 [T:0xdc6a8] [DisplayControl] Enter MCCSOtherSet::GetVCP(), vcp code = 220
2025/10/09 06:20:50.778 [T:0xdc6a8] [DisplayControl] Exit MCCSOtherSet::GetVCP()
2025/10/09 06:20:50.879 [T:0xdc6a8] [DisplayControl] Enter MCCSOtherSet::GetVCP(), vcp code = 96
2025/10/09 06:20:50.963 [T:0xdc6a8] [DisplayControl] Exit MCCSOtherSet::GetVCP()
2025/10/09 06:20:51.067 [T:0xdc6a8] [DisplayControl] Enter MCCSOtherSet::GetVCP(), vcp code = 43
2025/10/09 06:20:51.151 [T:0xdc6a8] [DisplayControl] Exit MCCSOtherSet::GetVCP()
2025/10/09 06:20:51.255 [T:0xdc6a8] [DisplayControl] Enter MCCSOtherSet::GetVCP(), vcp code = 51
2025/10/09 06:20:51.342 [T:0xdc6a8] [DisplayControl] Exit MCCSOtherSet::GetVCP()
2025/10/09 06:20:51.447 [T:0xdc6a8] [DisplayControl] Enter MCCSOtherSet::GetVCP(), vcp code = 135
2025/10/09 06:20:51.533 [T:0xdc6a8] [DisplayControl] Exit MCCSOtherSet::GetVCP()
2025/10/09 06:20:51.638 [T:0xdc6a8] [DisplayControl] Enter MCCSOtherSet::GetVCP(), vcp code = 4
2025/10/09 06:20:51.723 [T:0xdc6a8] [DisplayControl] Exit MCCSOtherSet::GetVCP()
2025/10/09 06:20:51.826 [T:0xdc6a8] [DisplayControl] Enter MCCSOtherSet::GetVCP(), vcp code = 98
2025/10/09 06:20:51.909 [T:0xdc6a8] [DisplayControl] Exit MCCSOtherSet::GetVCP()
2025/10/09 06:20:52.014 [T:0xdc6a8] [DisplayControl] Enter MCCSOtherSet::GetVCP(), vcp code = 226
2025/10/09 06:20:52.101 [T:0xdc6a8] [DisplayControl] Exit MCCSOtherSet::GetVCP()
2025/10/09 06:20:52.202 [T:0xdc6a8] [DisplayControl] Enter MCCSOtherSet::GetVCP(), vcp code = 236
2025/10/09 06:20:52.287 [T:0xdc6a8] [DisplayControl] Exit MCCSOtherSet::GetVCP()
2025/10/09 06:20:52.392 [T:0xdc6a8] [DisplayControl] Enter MCCSOtherSet::GetVCP(), vcp code = 18
2025/10/09 06:20:52.478 [T:0xdc6a8] [DisplayControl] Exit MCCSOtherSet::GetVCP()
2025/10/09 06:21:05.442 [T:0xdc6a8] [DisplayControl] Enter MCCSOtherSet::SetVCP(), vcp code = 4
2025/10/09 06:21:06.398 [T:0xdc6a8] [DisplayControl] Exit MCCSOtherSet::SetVCP()
2025/10/09 06:21:11.514 [T:0xdc6a8] [DisplayControl] Enter OperationThread::ExitThread
2025/10/09 06:21:11.514 [T:0xdc6a8] [DisplayControl] Exit OperationThread::ExitThread
2025/10/09 06:21:11.514 [T:0xdc6a8] [DisplayControl] Enter OperationThread::~OperationThread()
2025/10/09 06:21:11.514 [T:0xdc6a8] [DisplayControl] Enter OperationThread::ExitThread
2025/10/09 06:21:11.514 [T:0xdc6a8] [DisplayControl] Enter OperationThread::ExitThread
2025/10/09 06:21:11.514 [T:0xdc6a8] [DisplayControl] Exit OperationThread::ExitThread
2025/10/09 06:21:11.515 [T:0xdc6a8] [DisplayControl] Enter OperationThread::~OperationThread()
2025/10/09 06:21:11.515 [T:0xdc6a8] [DisplayControl] Enter OperationThread::ExitThread
2025/10/09 06:21:11.541 [T:0xdc6a8] [DbgStr] After calling display_control_client_listener_video_port_.UpdateAllDisplayPath()
2025/10/09 06:21:11.563 [T:0xdc6a8] [DbgStr] After calling display_control_client_listener_.GetAllDisplayEDID()
2025/10/09 06:21:11.564 [T:0xdc6a8] [DisplayControl] Version = 3.0.6.0
2025/10/09 06:21:11.564 [T:0xdc6a8] [DisplayControl] Enter ObtainControlHandler1
2025/10/09 06:21:11.565 [T:0xdc6a8] [DisplayControl] GetVideoPortCommander
2025/10/09 06:21:11.565 [T:0xdc6a8] [DisplayControl] GetUSBHubCommander
2025/10/09 06:21:11.565 [T:0xdc6a8] ====== List p_lpo_display_info_video_port, # of devices is ======2
2025/10/09 06:21:11.565 [T:0xdc6a8] [DisplayControl] index of p_lpo_display_info_video_port0
2025/10/09 06:21:11.565 [T:0xdc6a8] [DisplayControl] Model name from VideoPort = VG2458
2025/10/09 06:21:11.565 [T:0xdc6a8] [DisplayControl] SN from VideoPort = YDJ243400006
2025/10/09 06:21:11.565 [T:0xdc6a8] [DisplayControl] index of p_lpo_display_info_video_port1
2025/10/09 06:21:11.565 [T:0xdc6a8] [DisplayControl] Model name from VideoPort = VG275
2025/10/09 06:21:11.565 [T:0xdc6a8] [DisplayControl] SN from VideoPort = XF6232400003
2025/10/09 06:21:11.565 [T:0xdc6a8] ====== List p_lpo_display_info_rtd_scalar_rts_hub, # of devices is ======0
2025/10/09 06:21:11.565 [T:0xdc6a8] [DisplayControl] GetVSRtkHubControlClientListener
2025/10/09 06:21:11.565 [T:0xdc6a8] [DisplayControl] max monitor count = 2
2025/10/09 06:21:11.565 [T:0xdc6a8] [DisplayControl] index of display_info_vec = 0
2025/10/09 06:21:11.565 [T:0xdc6a8] [DisplayControl] index of p_lpo_display_info_video_port = 0
2025/10/09 06:21:11.565 [T:0xdc6a8] [DisplayControl] VideoPortMatchingRule
2025/10/09 06:21:11.565 [T:0xdc6a8] [DisplayControl] monitor display_info_model_name = VG2458
2025/10/09 06:21:11.565 [T:0xdc6a8] [DisplayControl] monitor video_port_model_name = VG2458
2025/10/09 06:21:11.565 [T:0xdc6a8] [DisplayControl] monitor display_info_sn = YDJ243400006
2025/10/09 06:21:11.565 [T:0xdc6a8] [DisplayControl] monitor video_port_sn = YDJ243400006
2025/10/09 06:21:11.565 [T:0xdc6a8] [DisplayControl] model_name_match = 1
2025/10/09 06:21:11.565 [T:0xdc6a8] [DisplayControl] sn_match = 1
2025/10/09 06:21:11.565 [T:0xdc6a8] [DisplayControl] video_port is_match = 1
2025/10/09 06:21:11.565 [T:0xdc6a8] [DisplayControl] index of display_info_vec = 1
2025/10/09 06:21:11.565 [T:0xdc6a8] [DisplayControl] index of p_lpo_display_info_video_port = 0
2025/10/09 06:21:11.565 [T:0xdc6a8] [DisplayControl] VideoPortMatchingRule
2025/10/09 06:21:11.565 [T:0xdc6a8] [DisplayControl] monitor display_info_model_name = VG275
2025/10/09 06:21:11.565 [T:0xdc6a8] [DisplayControl] monitor video_port_model_name = VG2458
2025/10/09 06:21:11.566 [T:0xdc6a8] [DisplayControl] monitor display_info_sn = XF6232400003
2025/10/09 06:21:11.566 [T:0xdc6a8] [DisplayControl] monitor video_port_sn = YDJ243400006
2025/10/09 06:21:11.566 [T:0xdc6a8] [DisplayControl] model_name_match = 0
2025/10/09 06:21:11.566 [T:0xdc6a8] [DisplayControl] sn_match = 0
2025/10/09 06:21:11.566 [T:0xdc6a8] [DisplayControl] video_port is_match = 0
2025/10/09 06:21:11.566 [T:0xdc6a8] [DisplayControl] index of display_info_vec = 1
2025/10/09 06:21:11.566 [T:0xdc6a8] [DisplayControl] index of p_lpo_display_info_video_port = 1
2025/10/09 06:21:11.566 [T:0xdc6a8] [DisplayControl] VideoPortMatchingRule
2025/10/09 06:21:11.566 [T:0xdc6a8] [DisplayControl] monitor display_info_model_name = VG275
2025/10/09 06:21:11.566 [T:0xdc6a8] [DisplayControl] monitor video_port_model_name = VG275
2025/10/09 06:21:11.566 [T:0xdc6a8] [DisplayControl] monitor display_info_sn = XF6232400003
2025/10/09 06:21:11.566 [T:0xdc6a8] [DisplayControl] monitor video_port_sn = XF6232400003
2025/10/09 06:21:11.566 [T:0xdc6a8] [DisplayControl] model_name_match = 1
2025/10/09 06:21:11.566 [T:0xdc6a8] [DisplayControl] sn_match = 1
2025/10/09 06:21:11.566 [T:0xdc6a8] [DisplayControl] video_port is_match = 1
2025/10/09 06:21:11.566 [T:0xdc6a8] [DisplayControl] i = 0
2025/10/09 06:21:11.566 [T:0xdc6a8] [DisplayControl] Enter OperationThread::OperationThread()
2025/10/09 06:21:11.566 [T:0xdc6a8] [DisplayControl] Enter OperationThread::CreateThread
2025/10/09 06:21:11.566 [T:0xdc6a8] [DisplayControl] new DisplayFunctioner
2025/10/09 06:21:11.566 [T:0xdc6a8] [DisplayControl] insert displayer_vector
2025/10/09 06:21:11.566 [T:0xdc6a8] [DisplayControl] insert modelName_SN_to_Display_map
2025/10/09 06:21:11.566 [T:0xdc6a8] [DisplayControl] insert device_id_to_Displayer_map_
2025/10/09 06:21:11.566 [T:0xdc6a8] [DisplayControl] i = 1
2025/10/09 06:21:11.566 [T:0xdc6a8] [DisplayControl] Enter OperationThread::OperationThread()
2025/10/09 06:21:11.567 [T:0xdc6a8] [DisplayControl] Enter OperationThread::CreateThread
2025/10/09 06:21:11.567 [T:0xdc6a8] [DisplayControl] new DisplayFunctioner
2025/10/09 06:21:11.567 [T:0xdc6a8] [DisplayControl] insert displayer_vector
2025/10/09 06:21:11.567 [T:0xdc6a8] [DisplayControl] insert modelName_SN_to_Display_map
2025/10/09 06:21:11.567 [T:0xdc6a8] [DisplayControl] insert device_id_to_Displayer_map_
2025/10/09 06:21:11.567 [T:0xdc6a8] [DisplayControl] monitor size = 2
2025/10/09 06:21:11.567 [T:0xdc6a8] [DisplayControl] Exit ObtainControlHandler
2025/10/09 06:21:11.567 [T:0xdc6a8] [DisplayControl] Enter MCCSOtherSet::GetVCP(), vcp code = 16
2025/10/09 06:21:11.663 [T:0xdc6a8] [DisplayControl] Exit MCCSOtherSet::GetVCP()
2025/10/09 06:21:11.664 [T:0xdc6a8] [DisplayControl] Enter MCCSOtherSet::GetVCP(), vcp code = 16
2025/10/09 06:21:11.753 [T:0xdc6a8] [DisplayControl] Exit MCCSOtherSet::GetVCP()
2025/10/09 06:21:11.860 [T:0xdc6a8] [DisplayControl] Enter MCCSOtherSet::GetVCP(), vcp code = 97
2025/10/09 06:21:11.942 [T:0xdc6a8] [DisplayControl] Exit MCCSOtherSet::GetVCP()
2025/10/09 06:21:12.049 [T:0xdc6a8] [DisplayControl] Enter MCCSOtherSet::GetVCP(), vcp code = 141
2025/10/09 06:21:12.130 [T:0xdc6a8] [DisplayControl] Exit MCCSOtherSet::GetVCP()
2025/10/09 06:21:12.237 [T:0xdc6a8] [DisplayControl] Enter MCCSOtherSet::GetVCP(), vcp code = 225
2025/10/09 06:21:12.318 [T:0xdc6a8] [DisplayControl] Exit MCCSOtherSet::GetVCP()
2025/10/09 06:21:12.424 [T:0xdc6a8] [DisplayControl] Enter MCCSOtherSet::GetVCP(), vcp code = 220
2025/10/09 06:21:12.504 [T:0xdc6a8] [DisplayControl] Exit MCCSOtherSet::GetVCP()
2025/10/09 06:21:12.613 [T:0xdc6a8] [DisplayControl] Enter MCCSOtherSet::GetVCP(), vcp code = 96
2025/10/09 06:21:12.694 [T:0xdc6a8] [DisplayControl] Exit MCCSOtherSet::GetVCP()
2025/10/09 06:21:12.801 [T:0xdc6a8] [DisplayControl] Enter MCCSOtherSet::GetVCP(), vcp code = 43
2025/10/09 06:21:12.881 [T:0xdc6a8] [DisplayControl] Exit MCCSOtherSet::GetVCP()
2025/10/09 06:21:12.988 [T:0xdc6a8] [DisplayControl] Enter MCCSOtherSet::GetVCP(), vcp code = 51
2025/10/09 06:21:13.068 [T:0xdc6a8] [DisplayControl] Exit MCCSOtherSet::GetVCP()
2025/10/09 06:21:13.175 [T:0xdc6a8] [DisplayControl] Enter MCCSOtherSet::GetVCP(), vcp code = 135
2025/10/09 06:21:13.257 [T:0xdc6a8] [DisplayControl] Exit MCCSOtherSet::GetVCP()
2025/10/09 06:21:13.363 [T:0xdc6a8] [DisplayControl] Enter MCCSOtherSet::GetVCP(), vcp code = 20
2025/10/09 06:21:13.446 [T:0xdc6a8] [DisplayControl] Exit MCCSOtherSet::GetVCP()
2025/10/09 06:21:13.551 [T:0xdc6a8] [DisplayControl] Enter MCCSOtherSet::GetVCP(), vcp code = 4
2025/10/09 06:21:13.632 [T:0xdc6a8] [DisplayControl] Exit MCCSOtherSet::GetVCP()
2025/10/09 06:21:13.737 [T:0xdc6a8] [DisplayControl] Enter MCCSOtherSet::GetVCP(), vcp code = 98
2025/10/09 06:21:13.818 [T:0xdc6a8] [DisplayControl] Exit MCCSOtherSet::GetVCP()
2025/10/09 06:21:13.927 [T:0xdc6a8] [DisplayControl] Enter MCCSOtherSet::GetVCP(), vcp code = 18
2025/10/09 06:21:14.009 [T:0xdc6a8] [DisplayControl] Exit MCCSOtherSet::GetVCP()
2025/10/09 06:21:14.116 [T:0xdc6a8] [DisplayControl] Enter MCCSOtherSet::GetVCP(), vcp code = 245
2025/10/09 06:21:14.197 [T:0xdc6a8] [DisplayControl] Exit MCCSOtherSet::GetVCP()
2025/10/09 06:21:14.303 [T:0xdc6a8] [DisplayControl] Enter MCCSOtherSet::GetVCP(), vcp code = 16
2025/10/09 06:21:14.386 [T:0xdc6a8] [DisplayControl] Exit MCCSOtherSet::GetVCP()
2025/10/09 06:21:14.488 [T:0xdc6a8] [DisplayControl] Enter MCCSOtherSet::GetVCP(), vcp code = 97
2025/10/09 06:21:14.575 [T:0xdc6a8] [DisplayControl] Exit MCCSOtherSet::GetVCP()
2025/10/09 06:21:14.679 [T:0xdc6a8] [DisplayControl] Enter MCCSOtherSet::GetVCP(), vcp code = 141
2025/10/09 06:21:14.766 [T:0xdc6a8] [DisplayControl] Exit MCCSOtherSet::GetVCP()
2025/10/09 06:21:14.871 [T:0xdc6a8] [DisplayControl] Enter MCCSOtherSet::GetVCP(), vcp code = 225
2025/10/09 06:21:14.957 [T:0xdc6a8] [DisplayControl] Exit MCCSOtherSet::GetVCP()
2025/10/09 06:21:15.060 [T:0xdc6a8] [DisplayControl] Enter MCCSOtherSet::GetVCP(), vcp code = 220
2025/10/09 06:21:15.145 [T:0xdc6a8] [DisplayControl] Exit MCCSOtherSet::GetVCP()
2025/10/09 06:21:15.249 [T:0xdc6a8] [DisplayControl] Enter MCCSOtherSet::GetVCP(), vcp code = 96
2025/10/09 06:21:15.335 [T:0xdc6a8] [DisplayControl] Exit MCCSOtherSet::GetVCP()
2025/10/09 06:21:15.439 [T:0xdc6a8] [DisplayControl] Enter MCCSOtherSet::GetVCP(), vcp code = 43
2025/10/09 06:21:15.524 [T:0xdc6a8] [DisplayControl] Exit MCCSOtherSet::GetVCP()
2025/10/09 06:21:15.626 [T:0xdc6a8] [DisplayControl] Enter MCCSOtherSet::GetVCP(), vcp code = 51
2025/10/09 06:21:15.710 [T:0xdc6a8] [DisplayControl] Exit MCCSOtherSet::GetVCP()
2025/10/09 06:21:15.813 [T:0xdc6a8] [DisplayControl] Enter MCCSOtherSet::GetVCP(), vcp code = 135
2025/10/09 06:21:15.900 [T:0xdc6a8] [DisplayControl] Exit MCCSOtherSet::GetVCP()
2025/10/09 06:21:16.003 [T:0xdc6a8] [DisplayControl] Enter MCCSOtherSet::GetVCP(), vcp code = 4
2025/10/09 06:21:16.088 [T:0xdc6a8] [DisplayControl] Exit MCCSOtherSet::GetVCP()
2025/10/09 06:21:16.190 [T:0xdc6a8] [DisplayControl] Enter MCCSOtherSet::GetVCP(), vcp code = 98
2025/10/09 06:21:16.275 [T:0xdc6a8] [DisplayControl] Exit MCCSOtherSet::GetVCP()
2025/10/09 06:21:16.375 [T:0xdc6a8] [DisplayControl] Enter MCCSOtherSet::GetVCP(), vcp code = 226
2025/10/09 06:21:16.461 [T:0xdc6a8] [DisplayControl] Exit MCCSOtherSet::GetVCP()
2025/10/09 06:21:16.565 [T:0xdc6a8] [DisplayControl] Enter MCCSOtherSet::GetVCP(), vcp code = 236
2025/10/09 06:21:16.650 [T:0xdc6a8] [DisplayControl] Exit MCCSOtherSet::GetVCP()
2025/10/09 06:21:16.752 [T:0xdc6a8] [DisplayControl] Enter MCCSOtherSet::GetVCP(), vcp code = 18
2025/10/09 06:21:16.836 [T:0xdc6a8] [DisplayControl] Exit MCCSOtherSet::GetVCP()
