2025/10/15 05:01:37.971 [T:0x0cc5a] [DisplayControl] Enter ObtainControlHandler1
2025/10/15 05:01:37.971 [T:0x0cc5a] [DisplayControl] GetVideoPortCommander
2025/10/15 05:01:37.971 [T:0x0cc5a] [DisplayControl] GetUSBHubCommander
2025/10/15 05:01:37.971 [T:0x0cc5a] ====== List p_lpo_display_info_video_port, # of devices is ======2
2025/10/15 05:01:37.972 [T:0x0cc5a] [DisplayControl] index of p_lpo_display_info_video_port0
2025/10/15 05:01:37.972 [T:0x0cc5a] [DisplayControl] Model name from VideoPort = VG2458
2025/10/15 05:01:37.972 [T:0x0cc5a] [DisplayControl] SN from VideoPort = YDJ243400006
2025/10/15 05:01:37.972 [T:0x0cc5a] [DisplayControl] index of p_lpo_display_info_video_port1
2025/10/15 05:01:37.972 [T:0x0cc5a] [DisplayControl] Model name from VideoPort = VG275
2025/10/15 05:01:37.972 [T:0x0cc5a] [DisplayControl] SN from VideoPort = XF6232400003
2025/10/15 05:01:37.972 [T:0x0cc5a] ====== List p_lpo_display_info_rtd_scalar_rts_hub, # of devices is ======0
2025/10/15 05:01:37.972 [T:0x0cc5a] [DisplayControl] GetVSRtkHubControlClientListener
2025/10/15 05:01:37.972 [T:0x0cc5a] [DisplayControl] max monitor count = 2
2025/10/15 05:01:37.972 [T:0x0cc5a] [DisplayControl] index of display_info_vec = 0
2025/10/15 05:01:37.972 [T:0x0cc5a] [DisplayControl] index of p_lpo_display_info_video_port = 0
2025/10/15 05:01:37.972 [T:0x0cc5a] [DisplayControl] VideoPortMatchingRule
2025/10/15 05:01:37.972 [T:0x0cc5a] [DisplayControl] monitor display_info_model_name = VG2458
2025/10/15 05:01:37.972 [T:0x0cc5a] [DisplayControl] monitor video_port_model_name = VG2458
2025/10/15 05:01:37.972 [T:0x0cc5a] [DisplayControl] monitor display_info_sn = YDJ243400006
2025/10/15 05:01:37.972 [T:0x0cc5a] [DisplayControl] monitor video_port_sn = YDJ243400006
2025/10/15 05:01:37.972 [T:0x0cc5a] [DisplayControl] model_name_match = 1
2025/10/15 05:01:37.972 [T:0x0cc5a] [DisplayControl] sn_match = 1
2025/10/15 05:01:37.972 [T:0x0cc5a] [DisplayControl] video_port is_match = 1
2025/10/15 05:01:37.972 [T:0x0cc5a] [DisplayControl] index of display_info_vec = 1
2025/10/15 05:01:37.972 [T:0x0cc5a] [DisplayControl] index of p_lpo_display_info_video_port = 0
2025/10/15 05:01:37.972 [T:0x0cc5a] [DisplayControl] VideoPortMatchingRule
2025/10/15 05:01:37.972 [T:0x0cc5a] [DisplayControl] monitor display_info_model_name = VG275
2025/10/15 05:01:37.972 [T:0x0cc5a] [DisplayControl] monitor video_port_model_name = VG2458
2025/10/15 05:01:37.973 [T:0x0cc5a] [DisplayControl] monitor display_info_sn = XF6232400003
2025/10/15 05:01:37.973 [T:0x0cc5a] [DisplayControl] monitor video_port_sn = YDJ243400006
2025/10/15 05:01:37.973 [T:0x0cc5a] [DisplayControl] model_name_match = 0
2025/10/15 05:01:37.973 [T:0x0cc5a] [DisplayControl] sn_match = 0
2025/10/15 05:01:37.973 [T:0x0cc5a] [DisplayControl] video_port is_match = 0
2025/10/15 05:01:37.973 [T:0x0cc5a] [DisplayControl] index of display_info_vec = 1
2025/10/15 05:01:37.973 [T:0x0cc5a] [DisplayControl] index of p_lpo_display_info_video_port = 1
2025/10/15 05:01:37.973 [T:0x0cc5a] [DisplayControl] VideoPortMatchingRule
2025/10/15 05:01:37.973 [T:0x0cc5a] [DisplayControl] monitor display_info_model_name = VG275
2025/10/15 05:01:37.973 [T:0x0cc5a] [DisplayControl] monitor video_port_model_name = VG275
2025/10/15 05:01:37.973 [T:0x0cc5a] [DisplayControl] monitor display_info_sn = XF6232400003
2025/10/15 05:01:37.973 [T:0x0cc5a] [DisplayControl] monitor video_port_sn = XF6232400003
2025/10/15 05:01:37.973 [T:0x0cc5a] [DisplayControl] model_name_match = 1
2025/10/15 05:01:37.973 [T:0x0cc5a] [DisplayControl] sn_match = 1
2025/10/15 05:01:37.973 [T:0x0cc5a] [DisplayControl] video_port is_match = 1
2025/10/15 05:01:37.973 [T:0x0cc5a] [DisplayControl] i = 0
2025/10/15 05:01:37.973 [T:0x0cc5a] [DisplayControl] Enter OperationThread::OperationThread()
2025/10/15 05:01:37.973 [T:0x0cc5a] [DisplayControl] Enter OperationThread::CreateThread
2025/10/15 05:01:37.973 [T:0x0cc5a] [DisplayControl] new DisplayFunctioner
2025/10/15 05:01:37.973 [T:0x0cc5a] [DisplayControl] insert displayer_vector
2025/10/15 05:01:37.973 [T:0x0cc5a] [DisplayControl] insert modelName_SN_to_Display_map
2025/10/15 05:01:37.973 [T:0x0cc5a] [DisplayControl] insert device_id_to_Displayer_map_
2025/10/15 05:01:37.973 [T:0x0cc5a] [DisplayControl] i = 1
2025/10/15 05:01:37.973 [T:0x0cc5a] [DisplayControl] Enter OperationThread::OperationThread()
2025/10/15 05:01:37.973 [T:0x0cc5a] [DisplayControl] Enter OperationThread::CreateThread
2025/10/15 05:01:37.974 [T:0x0cc5a] [DisplayControl] new DisplayFunctioner
2025/10/15 05:01:37.974 [T:0x0cc5a] [DisplayControl] insert displayer_vector
2025/10/15 05:01:37.974 [T:0x0cc5a] [DisplayControl] insert modelName_SN_to_Display_map
2025/10/15 05:01:37.974 [T:0x0cc5a] [DisplayControl] insert device_id_to_Displayer_map_
2025/10/15 05:01:37.974 [T:0x0cc5a] [DisplayControl] monitor size = 2
2025/10/15 05:01:37.974 [T:0x0cc5a] [DisplayControl] Exit ObtainControlHandler
2025/10/15 05:01:37.974 [T:0x0cc5a] [DisplayControl] Enter MCCSOtherSet::GetVCP(), vcp code = 96
2025/10/15 05:01:38.061 [T:0x0cc5a] [DisplayControl] Exit MCCSOtherSet::GetVCP()
2025/10/15 05:01:38.436 [T:0x0cc5a] [DisplayControl] Enter MCCSOtherSet::GetVCP(), vcp code = 96
2025/10/15 05:01:38.569 [T:0x0cc5a] [DisplayControl] Exit MCCSOtherSet::GetVCP()
2025/10/15 05:01:38.964 [T:0x0cc5a] [DisplayControl] Enter MCCSOtherSet::SetVCP(), vcp code = 51
2025/10/15 05:01:39.173 [T:0x0cc5a] [DisplayControl] Exit MCCSOtherSet::SetVCP()
2025/10/15 05:01:39.174 [T:0x0cc5a] [DisplayControl] Enter MCCSOtherSet::SetVCP(), vcp code = 51
2025/10/15 05:01:39.396 [T:0x0cc5a] [DisplayControl] Exit MCCSOtherSet::SetVCP()
2025/10/15 05:01:39.398 [T:0x0cc5a] [DisplayControl] Enter MCCSOtherSet::GetVCP(), vcp code = 20
2025/10/15 05:01:39.532 [T:0x0cc5a] [DisplayControl] Exit MCCSOtherSet::GetVCP()
2025/10/15 05:01:39.648 [T:0x0cc5a] [DisplayControl] Enter MCCSOtherSet::GetVCP(), vcp code = 18
2025/10/15 05:01:39.735 [T:0x0cc5a] [DisplayControl] Exit MCCSOtherSet::GetVCP()
2025/10/15 05:01:39.850 [T:0x0cc5a] [DisplayControl] Enter MCCSOtherSet::GetVCP(), vcp code = 141
2025/10/15 05:01:39.979 [T:0x0cc5a] [DisplayControl] Exit MCCSOtherSet::GetVCP()
2025/10/15 05:01:40.086 [T:0x0cc5a] [DisplayControl] Enter MCCSOtherSet::GetVCP(), vcp code = 245
2025/10/15 05:01:40.230 [T:0x0cc5a] [DisplayControl] Exit MCCSOtherSet::GetVCP()
2025/10/15 05:01:40.338 [T:0x0cc5a] [DisplayControl] Enter MCCSOtherSet::GetVCP(), vcp code = 220
2025/10/15 05:01:40.420 [T:0x0cc5a] [DisplayControl] Exit MCCSOtherSet::GetVCP()
2025/10/15 05:01:40.528 [T:0x0cc5a] [DisplayControl] Enter MCCSOtherSet::GetVCP(), vcp code = 4
2025/10/15 05:01:40.610 [T:0x0cc5a] [DisplayControl] Exit MCCSOtherSet::GetVCP()
2025/10/15 05:01:40.717 [T:0x0cc5a] [DisplayControl] Enter MCCSOtherSet::GetVCP(), vcp code = 97
2025/10/15 05:01:40.851 [T:0x0cc5a] [DisplayControl] Exit MCCSOtherSet::GetVCP()
2025/10/15 05:01:40.965 [T:0x0cc5a] [DisplayControl] Enter MCCSOtherSet::GetVCP(), vcp code = 96
2025/10/15 05:01:41.100 [T:0x0cc5a] [DisplayControl] Exit MCCSOtherSet::GetVCP()
2025/10/15 05:01:41.215 [T:0x0cc5a] [DisplayControl] Enter MCCSOtherSet::GetVCP(), vcp code = 225
2025/10/15 05:01:41.349 [T:0x0cc5a] [DisplayControl] Exit MCCSOtherSet::GetVCP()
2025/10/15 05:01:41.462 [T:0x0cc5a] [DisplayControl] Enter MCCSOtherSet::GetVCP(), vcp code = 135
2025/10/15 05:01:41.613 [T:0x0cc5a] [DisplayControl] Exit MCCSOtherSet::GetVCP()
2025/10/15 05:01:41.729 [T:0x0cc5a] [DisplayControl] Enter MCCSOtherSet::GetVCP(), vcp code = 51
2025/10/15 05:01:41.831 [T:0x0cc5a] [DisplayControl] Exit MCCSOtherSet::GetVCP()
2025/10/15 05:01:41.947 [T:0x0cc5a] [DisplayControl] Enter MCCSOtherSet::GetVCP(), vcp code = 98
2025/10/15 05:01:42.098 [T:0x0cc5a] [DisplayControl] Exit MCCSOtherSet::GetVCP()
2025/10/15 05:01:42.211 [T:0x0cc5a] [DisplayControl] Enter MCCSOtherSet::GetVCP(), vcp code = 43
2025/10/15 05:01:42.347 [T:0x0cc5a] [DisplayControl] Exit MCCSOtherSet::GetVCP()
2025/10/15 05:01:42.463 [T:0x0cc5a] [DisplayControl] Enter MCCSOtherSet::GetVCP(), vcp code = 16
2025/10/15 05:01:42.592 [T:0x0cc5a] [DisplayControl] Exit MCCSOtherSet::GetVCP()
2025/10/15 05:01:42.698 [T:0x0cc5a] [DisplayControl] Enter MCCSOtherSet::GetVCP(), vcp code = 18
2025/10/15 05:01:42.839 [T:0x0cc5a] [DisplayControl] Exit MCCSOtherSet::GetVCP()
2025/10/15 05:01:42.950 [T:0x0cc5a] [DisplayControl] Enter MCCSOtherSet::GetVCP(), vcp code = 141
2025/10/15 05:01:43.090 [T:0x0cc5a] [DisplayControl] Exit MCCSOtherSet::GetVCP()
2025/10/15 05:01:43.200 [T:0x0cc5a] [DisplayControl] Enter MCCSOtherSet::GetVCP(), vcp code = 220
2025/10/15 05:01:43.337 [T:0x0cc5a] [DisplayControl] Exit MCCSOtherSet::GetVCP()
2025/10/15 05:01:43.449 [T:0x0cc5a] [DisplayControl] Enter MCCSOtherSet::GetVCP(), vcp code = 4
2025/10/15 05:01:43.606 [T:0x0cc5a] [DisplayControl] Exit MCCSOtherSet::GetVCP()
2025/10/15 05:01:43.716 [T:0x0cc5a] [DisplayControl] Enter MCCSOtherSet::GetVCP(), vcp code = 97
2025/10/15 05:01:43.858 [T:0x0cc5a] [DisplayControl] Exit MCCSOtherSet::GetVCP()
2025/10/15 05:01:43.970 [T:0x0cc5a] [DisplayControl] Enter MCCSOtherSet::GetVCP(), vcp code = 96
2025/10/15 05:01:44.112 [T:0x0cc5a] [DisplayControl] Exit MCCSOtherSet::GetVCP()
2025/10/15 05:01:44.222 [T:0x0cc5a] [DisplayControl] Enter MCCSOtherSet::GetVCP(), vcp code = 225
2025/10/15 05:01:44.363 [T:0x0cc5a] [DisplayControl] Exit MCCSOtherSet::GetVCP()
2025/10/15 05:01:44.471 [T:0x0cc5a] [DisplayControl] Enter MCCSOtherSet::GetVCP(), vcp code = 135
2025/10/15 05:01:44.613 [T:0x0cc5a] [DisplayControl] Exit MCCSOtherSet::GetVCP()
2025/10/15 05:01:44.723 [T:0x0cc5a] [DisplayControl] Enter MCCSOtherSet::GetVCP(), vcp code = 51
2025/10/15 05:01:44.825 [T:0x0cc5a] [DisplayControl] Exit MCCSOtherSet::GetVCP()
2025/10/15 05:01:44.927 [T:0x0cc5a] [DisplayControl] Enter MCCSOtherSet::GetVCP(), vcp code = 226
2025/10/15 05:01:45.083 [T:0x0cc5a] [DisplayControl] Exit MCCSOtherSet::GetVCP()
2025/10/15 05:01:45.194 [T:0x0cc5a] [DisplayControl] Enter MCCSOtherSet::GetVCP(), vcp code = 98
2025/10/15 05:01:45.332 [T:0x0cc5a] [DisplayControl] Exit MCCSOtherSet::GetVCP()
2025/10/15 05:01:45.443 [T:0x0cc5a] [DisplayControl] Enter MCCSOtherSet::GetVCP(), vcp code = 236
2025/10/15 05:01:45.585 [T:0x0cc5a] [DisplayControl] Exit MCCSOtherSet::GetVCP()
2025/10/15 05:01:45.692 [T:0x0cc5a] [DisplayControl] Enter MCCSOtherSet::GetVCP(), vcp code = 43
2025/10/15 05:01:45.802 [T:0x0cc5a] [DisplayControl] Exit MCCSOtherSet::GetVCP()
2025/10/15 05:01:45.912 [T:0x0cc5a] [DisplayControl] Enter MCCSOtherSet::GetVCP(), vcp code = 16
2025/10/15 05:01:46.068 [T:0x0cc5a] [DisplayControl] Exit MCCSOtherSet::GetVCP()
2025/10/15 05:01:46.204 [T:0x0cc5a] [DisplayControl] Enter MCCSOtherSet::GetVCP(), vcp code = 96
2025/10/15 05:01:46.339 [T:0x0cc5a] [DisplayControl] Exit MCCSOtherSet::GetVCP()
2025/10/15 05:01:46.340 [T:0x0cc5a] [DisplayControl] Enter MCCSOtherSet::GetVCP(), vcp code = 96
2025/10/15 05:01:46.475 [T:0x0cc5a] [DisplayControl] Exit MCCSOtherSet::GetVCP()
2025/10/15 05:01:47.198 [T:0xdf5ea] [DisplayControl] Enter MCCSOtherSet::SetVCP(), vcp code = 51
2025/10/15 05:01:47.374 [T:0xdf5ea] [DisplayControl] Exit MCCSOtherSet::SetVCP()
2025/10/15 05:02:25.648 [T:0x56d96] [DisplayControl] Enter MCCSOtherSet::SetVCP(), vcp code = 4
2025/10/15 05:02:26.596 [T:0x56d96] [DisplayControl] Exit MCCSOtherSet::SetVCP()
2025/10/15 05:02:31.722 [T:0x56d96] [DisplayControl] Enter OperationThread::ExitThread
2025/10/15 05:02:31.722 [T:0x56d96] [DisplayControl] Exit OperationThread::ExitThread
2025/10/15 05:02:31.722 [T:0x56d96] [DisplayControl] Enter OperationThread::~OperationThread()
2025/10/15 05:02:31.722 [T:0x56d96] [DisplayControl] Enter OperationThread::ExitThread
2025/10/15 05:02:31.722 [T:0x56d96] [DisplayControl] Enter OperationThread::ExitThread
2025/10/15 05:02:31.723 [T:0x56d96] [DisplayControl] Exit OperationThread::ExitThread
2025/10/15 05:02:31.723 [T:0x56d96] [DisplayControl] Enter OperationThread::~OperationThread()
2025/10/15 05:02:31.723 [T:0x56d96] [DisplayControl] Enter OperationThread::ExitThread
2025/10/15 05:02:31.763 [T:0x56d96] [DbgStr] After calling display_control_client_listener_video_port_.UpdateAllDisplayPath()
2025/10/15 05:02:31.789 [T:0x56d96] [DbgStr] After calling display_control_client_listener_.GetAllDisplayEDID()
2025/10/15 05:02:31.796 [T:0x56d96] [DisplayControl] Version = 3.0.6.0
2025/10/15 05:02:31.796 [T:0x56d96] [DisplayControl] Enter ObtainControlHandler1
2025/10/15 05:02:31.796 [T:0x56d96] [DisplayControl] GetVideoPortCommander
2025/10/15 05:02:31.796 [T:0x56d96] [DisplayControl] GetUSBHubCommander
2025/10/15 05:02:31.796 [T:0x56d96] ====== List p_lpo_display_info_video_port, # of devices is ======2
2025/10/15 05:02:31.796 [T:0x56d96] [DisplayControl] index of p_lpo_display_info_video_port0
2025/10/15 05:02:31.796 [T:0x56d96] [DisplayControl] Model name from VideoPort = VG2458
2025/10/15 05:02:31.796 [T:0x56d96] [DisplayControl] SN from VideoPort = YDJ243400006
2025/10/15 05:02:31.796 [T:0x56d96] [DisplayControl] index of p_lpo_display_info_video_port1
2025/10/15 05:02:31.796 [T:0x56d96] [DisplayControl] Model name from VideoPort = VG275
2025/10/15 05:02:31.796 [T:0x56d96] [DisplayControl] SN from VideoPort = XF6232400003
2025/10/15 05:02:31.796 [T:0x56d96] ====== List p_lpo_display_info_rtd_scalar_rts_hub, # of devices is ======0
2025/10/15 05:02:31.797 [T:0x56d96] [DisplayControl] GetVSRtkHubControlClientListener
2025/10/15 05:02:31.797 [T:0x56d96] [DisplayControl] max monitor count = 2
2025/10/15 05:02:31.797 [T:0x56d96] [DisplayControl] index of display_info_vec = 0
2025/10/15 05:02:31.797 [T:0x56d96] [DisplayControl] index of p_lpo_display_info_video_port = 0
2025/10/15 05:02:31.797 [T:0x56d96] [DisplayControl] VideoPortMatchingRule
2025/10/15 05:02:31.797 [T:0x56d96] [DisplayControl] monitor display_info_model_name = VG2458
2025/10/15 05:02:31.797 [T:0x56d96] [DisplayControl] monitor video_port_model_name = VG2458
2025/10/15 05:02:31.797 [T:0x56d96] [DisplayControl] monitor display_info_sn = YDJ243400006
2025/10/15 05:02:31.797 [T:0x56d96] [DisplayControl] monitor video_port_sn = YDJ243400006
2025/10/15 05:02:31.797 [T:0x56d96] [DisplayControl] model_name_match = 1
2025/10/15 05:02:31.797 [T:0x56d96] [DisplayControl] sn_match = 1
2025/10/15 05:02:31.797 [T:0x56d96] [DisplayControl] video_port is_match = 1
2025/10/15 05:02:31.797 [T:0x56d96] [DisplayControl] index of display_info_vec = 1
2025/10/15 05:02:31.797 [T:0x56d96] [DisplayControl] index of p_lpo_display_info_video_port = 0
2025/10/15 05:02:31.797 [T:0x56d96] [DisplayControl] VideoPortMatchingRule
2025/10/15 05:02:31.797 [T:0x56d96] [DisplayControl] monitor display_info_model_name = VG275
2025/10/15 05:02:31.797 [T:0x56d96] [DisplayControl] monitor video_port_model_name = VG2458
2025/10/15 05:02:31.797 [T:0x56d96] [DisplayControl] monitor display_info_sn = XF6232400003
2025/10/15 05:02:31.797 [T:0x56d96] [DisplayControl] monitor video_port_sn = YDJ243400006
2025/10/15 05:02:31.797 [T:0x56d96] [DisplayControl] model_name_match = 0
2025/10/15 05:02:31.797 [T:0x56d96] [DisplayControl] sn_match = 0
2025/10/15 05:02:31.797 [T:0x56d96] [DisplayControl] video_port is_match = 0
2025/10/15 05:02:31.797 [T:0x56d96] [DisplayControl] index of display_info_vec = 1
2025/10/15 05:02:31.797 [T:0x56d96] [DisplayControl] index of p_lpo_display_info_video_port = 1
2025/10/15 05:02:31.797 [T:0x56d96] [DisplayControl] VideoPortMatchingRule
2025/10/15 05:02:31.797 [T:0x56d96] [DisplayControl] monitor display_info_model_name = VG275
2025/10/15 05:02:31.797 [T:0x56d96] [DisplayControl] monitor video_port_model_name = VG275
2025/10/15 05:02:31.797 [T:0x56d96] [DisplayControl] monitor display_info_sn = XF6232400003
2025/10/15 05:02:31.798 [T:0x56d96] [DisplayControl] monitor video_port_sn = XF6232400003
2025/10/15 05:02:31.798 [T:0x56d96] [DisplayControl] model_name_match = 1
2025/10/15 05:02:31.798 [T:0x56d96] [DisplayControl] sn_match = 1
2025/10/15 05:02:31.798 [T:0x56d96] [DisplayControl] video_port is_match = 1
2025/10/15 05:02:31.798 [T:0x56d96] [DisplayControl] i = 0
2025/10/15 05:02:31.798 [T:0x56d96] [DisplayControl] Enter OperationThread::OperationThread()
2025/10/15 05:02:31.798 [T:0x56d96] [DisplayControl] Enter OperationThread::CreateThread
2025/10/15 05:02:31.798 [T:0x56d96] [DisplayControl] new DisplayFunctioner
2025/10/15 05:02:31.798 [T:0x56d96] [DisplayControl] insert displayer_vector
2025/10/15 05:02:31.798 [T:0x56d96] [DisplayControl] insert modelName_SN_to_Display_map
2025/10/15 05:02:31.798 [T:0x56d96] [DisplayControl] insert device_id_to_Displayer_map_
2025/10/15 05:02:31.798 [T:0x56d96] [DisplayControl] i = 1
2025/10/15 05:02:31.798 [T:0x56d96] [DisplayControl] Enter OperationThread::OperationThread()
2025/10/15 05:02:31.798 [T:0x56d96] [DisplayControl] Enter OperationThread::CreateThread
2025/10/15 05:02:31.798 [T:0x56d96] [DisplayControl] new DisplayFunctioner
2025/10/15 05:02:31.798 [T:0x56d96] [DisplayControl] insert displayer_vector
2025/10/15 05:02:31.798 [T:0x56d96] [DisplayControl] insert modelName_SN_to_Display_map
2025/10/15 05:02:31.798 [T:0x56d96] [DisplayControl] insert device_id_to_Displayer_map_
2025/10/15 05:02:31.798 [T:0x56d96] [DisplayControl] monitor size = 2
2025/10/15 05:02:31.798 [T:0x56d96] [DisplayControl] Exit ObtainControlHandler
2025/10/15 05:02:31.798 [T:0x56d96] [DisplayControl] Enter MCCSOtherSet::GetVCP(), vcp code = 16
2025/10/15 05:02:31.882 [T:0x56d96] [DisplayControl] Exit MCCSOtherSet::GetVCP()
2025/10/15 05:02:31.882 [T:0x56d96] [DisplayControl] Enter MCCSOtherSet::GetVCP(), vcp code = 20
2025/10/15 05:02:32.025 [T:0x56d96] [DisplayControl] Exit MCCSOtherSet::GetVCP()
2025/10/15 05:02:32.132 [T:0x56d96] [DisplayControl] Enter MCCSOtherSet::GetVCP(), vcp code = 18
2025/10/15 05:02:32.229 [T:0x56d96] [DisplayControl] Exit MCCSOtherSet::GetVCP()
2025/10/15 05:02:32.336 [T:0x56d96] [DisplayControl] Enter MCCSOtherSet::GetVCP(), vcp code = 141
2025/10/15 05:02:32.417 [T:0x56d96] [DisplayControl] Exit MCCSOtherSet::GetVCP()
2025/10/15 05:02:32.523 [T:0x56d96] [DisplayControl] Enter MCCSOtherSet::GetVCP(), vcp code = 245
2025/10/15 05:02:32.621 [T:0x56d96] [DisplayControl] Exit MCCSOtherSet::GetVCP()
2025/10/15 05:02:32.729 [T:0x56d96] [DisplayControl] Enter MCCSOtherSet::GetVCP(), vcp code = 220
2025/10/15 05:02:32.811 [T:0x56d96] [DisplayControl] Exit MCCSOtherSet::GetVCP()
2025/10/15 05:02:32.918 [T:0x56d96] [DisplayControl] Enter MCCSOtherSet::GetVCP(), vcp code = 4
2025/10/15 05:02:33.001 [T:0x56d96] [DisplayControl] Exit MCCSOtherSet::GetVCP()
2025/10/15 05:02:33.109 [T:0x56d96] [DisplayControl] Enter MCCSOtherSet::GetVCP(), vcp code = 97
2025/10/15 05:02:33.206 [T:0x56d96] [DisplayControl] Exit MCCSOtherSet::GetVCP()
2025/10/15 05:02:33.315 [T:0x56d96] [DisplayControl] Enter MCCSOtherSet::GetVCP(), vcp code = 96
2025/10/15 05:02:33.397 [T:0x56d96] [DisplayControl] Exit MCCSOtherSet::GetVCP()
2025/10/15 05:02:33.505 [T:0x56d96] [DisplayControl] Enter MCCSOtherSet::GetVCP(), vcp code = 225
2025/10/15 05:02:33.588 [T:0x56d96] [DisplayControl] Exit MCCSOtherSet::GetVCP()
2025/10/15 05:02:33.696 [T:0x56d96] [DisplayControl] Enter MCCSOtherSet::GetVCP(), vcp code = 135
2025/10/15 05:02:33.777 [T:0x56d96] [DisplayControl] Exit MCCSOtherSet::GetVCP()
2025/10/15 05:02:33.885 [T:0x56d96] [DisplayControl] Enter MCCSOtherSet::GetVCP(), vcp code = 51
2025/10/15 05:02:33.967 [T:0x56d96] [DisplayControl] Exit MCCSOtherSet::GetVCP()
2025/10/15 05:02:34.075 [T:0x56d96] [DisplayControl] Enter MCCSOtherSet::GetVCP(), vcp code = 98
2025/10/15 05:02:34.103 [T:0x0cc5a] [DisplayControl] Enter MCCSOtherSet::GetVCP(), vcp code = 96
2025/10/15 05:02:34.172 [T:0x56d96] [DisplayControl] Exit MCCSOtherSet::GetVCP()
2025/10/15 05:02:34.272 [T:0x56d96] [DisplayControl] Enter MCCSOtherSet::GetVCP(), vcp code = 43
2025/10/15 05:02:34.313 [T:0x0cc5a] [DisplayControl] Exit MCCSOtherSet::GetVCP()
2025/10/15 05:02:34.453 [T:0x56d96] [DisplayControl] Exit MCCSOtherSet::GetVCP()
2025/10/15 05:02:34.554 [T:0x56d96] [DisplayControl] Enter MCCSOtherSet::GetVCP(), vcp code = 16
2025/10/15 05:02:34.734 [T:0x56d96] [DisplayControl] Exit MCCSOtherSet::GetVCP()
2025/10/15 05:02:34.840 [T:0x56d96] [DisplayControl] Enter MCCSOtherSet::GetVCP(), vcp code = 18
2025/10/15 05:02:34.941 [T:0x56d96] [DisplayControl] Exit MCCSOtherSet::GetVCP()
2025/10/15 05:02:35.045 [T:0x56d96] [DisplayControl] Enter MCCSOtherSet::GetVCP(), vcp code = 141
2025/10/15 05:02:35.147 [T:0x56d96] [DisplayControl] Exit MCCSOtherSet::GetVCP()
2025/10/15 05:02:35.250 [T:0x56d96] [DisplayControl] Enter MCCSOtherSet::GetVCP(), vcp code = 220
2025/10/15 05:02:35.351 [T:0x56d96] [DisplayControl] Exit MCCSOtherSet::GetVCP()
2025/10/15 05:02:35.455 [T:0x56d96] [DisplayControl] Enter MCCSOtherSet::GetVCP(), vcp code = 4
2025/10/15 05:02:35.557 [T:0x56d96] [DisplayControl] Exit MCCSOtherSet::GetVCP()
2025/10/15 05:02:35.661 [T:0x56d96] [DisplayControl] Enter MCCSOtherSet::GetVCP(), vcp code = 97
2025/10/15 05:02:35.747 [T:0x56d96] [DisplayControl] Exit MCCSOtherSet::GetVCP()
2025/10/15 05:02:35.851 [T:0x56d96] [DisplayControl] Enter MCCSOtherSet::GetVCP(), vcp code = 96
2025/10/15 05:02:35.954 [T:0x56d96] [DisplayControl] Exit MCCSOtherSet::GetVCP()
2025/10/15 05:02:36.057 [T:0x56d96] [DisplayControl] Enter MCCSOtherSet::GetVCP(), vcp code = 225
2025/10/15 05:02:36.159 [T:0x56d96] [DisplayControl] Exit MCCSOtherSet::GetVCP()
2025/10/15 05:02:36.261 [T:0x56d96] [DisplayControl] Enter MCCSOtherSet::GetVCP(), vcp code = 135
2025/10/15 05:02:36.347 [T:0x56d96] [DisplayControl] Exit MCCSOtherSet::GetVCP()
2025/10/15 05:02:36.451 [T:0x56d96] [DisplayControl] Enter MCCSOtherSet::GetVCP(), vcp code = 51
2025/10/15 05:02:36.552 [T:0x56d96] [DisplayControl] Exit MCCSOtherSet::GetVCP()
2025/10/15 05:02:36.656 [T:0x56d96] [DisplayControl] Enter MCCSOtherSet::GetVCP(), vcp code = 226
2025/10/15 05:02:36.758 [T:0x56d96] [DisplayControl] Exit MCCSOtherSet::GetVCP()
2025/10/15 05:02:36.860 [T:0x56d96] [DisplayControl] Enter MCCSOtherSet::GetVCP(), vcp code = 98
2025/10/15 05:02:36.947 [T:0x56d96] [DisplayControl] Exit MCCSOtherSet::GetVCP()
2025/10/15 05:02:37.050 [T:0x56d96] [DisplayControl] Enter MCCSOtherSet::GetVCP(), vcp code = 236
2025/10/15 05:02:37.152 [T:0x56d96] [DisplayControl] Exit MCCSOtherSet::GetVCP()
2025/10/15 05:02:37.257 [T:0x56d96] [DisplayControl] Enter MCCSOtherSet::GetVCP(), vcp code = 43
2025/10/15 05:02:37.360 [T:0x56d96] [DisplayControl] Exit MCCSOtherSet::GetVCP()
2025/10/15 05:02:37.462 [T:0x56d96] [DisplayControl] Enter MCCSOtherSet::GetVCP(), vcp code = 16
2025/10/15 05:02:37.564 [T:0x56d96] [DisplayControl] Exit MCCSOtherSet::GetVCP()
2025/10/15 05:03:57.656 [T:0x0cc5a] [DisplayControl] Enter MCCSOtherSet::GetVCP(), vcp code = 96
2025/10/15 05:03:57.745 [T:0x0cc5a] [DisplayControl] Exit MCCSOtherSet::GetVCP()
2025/10/15 05:03:57.893 [T:0xa4a28] [DisplayControl] Enter MCCSOtherSet::GetVCP(), vcp code = 18
2025/10/15 05:03:58.043 [T:0xa4a28] [DisplayControl] Exit MCCSOtherSet::GetVCP()
2025/10/15 05:03:58.145 [T:0xa4a28] [DisplayControl] Enter MCCSOtherSet::GetVCP(), vcp code = 141
2025/10/15 05:03:58.232 [T:0xa4a28] [DisplayControl] Exit MCCSOtherSet::GetVCP()
2025/10/15 05:03:58.336 [T:0xa4a28] [DisplayControl] Enter MCCSOtherSet::GetVCP(), vcp code = 220
2025/10/15 05:03:58.438 [T:0xa4a28] [DisplayControl] Exit MCCSOtherSet::GetVCP()
2025/10/15 05:03:58.541 [T:0xa4a28] [DisplayControl] Enter MCCSOtherSet::GetVCP(), vcp code = 4
2025/10/15 05:03:58.643 [T:0xa4a28] [DisplayControl] Exit MCCSOtherSet::GetVCP()
2025/10/15 05:03:58.748 [T:0xa4a28] [DisplayControl] Enter MCCSOtherSet::GetVCP(), vcp code = 97
2025/10/15 05:03:58.850 [T:0xa4a28] [DisplayControl] Exit MCCSOtherSet::GetVCP()
2025/10/15 05:03:58.953 [T:0xa4a28] [DisplayControl] Enter MCCSOtherSet::GetVCP(), vcp code = 96
2025/10/15 05:03:59.055 [T:0xa4a28] [DisplayControl] Exit MCCSOtherSet::GetVCP()
2025/10/15 05:03:59.160 [T:0xa4a28] [DisplayControl] Enter MCCSOtherSet::GetVCP(), vcp code = 225
2025/10/15 05:03:59.246 [T:0xa4a28] [DisplayControl] Exit MCCSOtherSet::GetVCP()
2025/10/15 05:03:59.349 [T:0xa4a28] [DisplayControl] Enter MCCSOtherSet::GetVCP(), vcp code = 135
2025/10/15 05:03:59.450 [T:0xa4a28] [DisplayControl] Exit MCCSOtherSet::GetVCP()
2025/10/15 05:03:59.554 [T:0xa4a28] [DisplayControl] Enter MCCSOtherSet::GetVCP(), vcp code = 51
2025/10/15 05:03:59.655 [T:0xa4a28] [DisplayControl] Exit MCCSOtherSet::GetVCP()
2025/10/15 05:03:59.761 [T:0xa4a28] [DisplayControl] Enter MCCSOtherSet::GetVCP(), vcp code = 226
2025/10/15 05:03:59.862 [T:0xa4a28] [DisplayControl] Exit MCCSOtherSet::GetVCP()
2025/10/15 05:03:59.967 [T:0xa4a28] [DisplayControl] Enter MCCSOtherSet::GetVCP(), vcp code = 98
2025/10/15 05:04:00.069 [T:0xa4a28] [DisplayControl] Exit MCCSOtherSet::GetVCP()
2025/10/15 05:04:00.172 [T:0xa4a28] [DisplayControl] Enter MCCSOtherSet::GetVCP(), vcp code = 236
2025/10/15 05:04:00.274 [T:0xa4a28] [DisplayControl] Exit MCCSOtherSet::GetVCP()
2025/10/15 05:04:00.378 [T:0xa4a28] [DisplayControl] Enter MCCSOtherSet::GetVCP(), vcp code = 43
2025/10/15 05:04:00.480 [T:0xa4a28] [DisplayControl] Exit MCCSOtherSet::GetVCP()
2025/10/15 05:04:00.584 [T:0xa4a28] [DisplayControl] Enter MCCSOtherSet::GetVCP(), vcp code = 16
2025/10/15 05:04:00.685 [T:0xa4a28] [DisplayControl] Exit MCCSOtherSet::GetVCP()
2025/10/15 05:04:14.569 [T:0xa4a28] [DisplayControl] Enter MCCSOtherSet::SetVCP(), vcp code = 4
2025/10/15 05:04:15.538 [T:0xa4a28] [DisplayControl] Exit MCCSOtherSet::SetVCP()
2025/10/15 05:04:20.656 [T:0xa4a28] [DisplayControl] Enter OperationThread::ExitThread
2025/10/15 05:04:20.657 [T:0xa4a28] [DisplayControl] Exit OperationThread::ExitThread
2025/10/15 05:04:20.657 [T:0xa4a28] [DisplayControl] Enter OperationThread::~OperationThread()
2025/10/15 05:04:20.657 [T:0xa4a28] [DisplayControl] Enter OperationThread::ExitThread
2025/10/15 05:04:20.657 [T:0xa4a28] [DisplayControl] Enter OperationThread::ExitThread
2025/10/15 05:04:20.657 [T:0xa4a28] [DisplayControl] Exit OperationThread::ExitThread
2025/10/15 05:04:20.657 [T:0xa4a28] [DisplayControl] Enter OperationThread::~OperationThread()
2025/10/15 05:04:20.657 [T:0xa4a28] [DisplayControl] Enter OperationThread::ExitThread
2025/10/15 05:04:20.692 [T:0xa4a28] [DbgStr] After calling display_control_client_listener_video_port_.UpdateAllDisplayPath()
2025/10/15 05:04:20.718 [T:0xa4a28] [DbgStr] After calling display_control_client_listener_.GetAllDisplayEDID()
2025/10/15 05:04:20.720 [T:0xa4a28] [DisplayControl] Version = 3.0.6.0
2025/10/15 05:04:20.721 [T:0xa4a28] [DisplayControl] Enter ObtainControlHandler1
2025/10/15 05:04:20.721 [T:0xa4a28] [DisplayControl] GetVideoPortCommander
2025/10/15 05:04:20.721 [T:0xa4a28] [DisplayControl] GetUSBHubCommander
2025/10/15 05:04:20.721 [T:0xa4a28] ====== List p_lpo_display_info_video_port, # of devices is ======2
2025/10/15 05:04:20.721 [T:0xa4a28] [DisplayControl] index of p_lpo_display_info_video_port0
2025/10/15 05:04:20.721 [T:0xa4a28] [DisplayControl] Model name from VideoPort = VG2458
2025/10/15 05:04:20.721 [T:0xa4a28] [DisplayControl] SN from VideoPort = YDJ243400006
2025/10/15 05:04:20.721 [T:0xa4a28] [DisplayControl] index of p_lpo_display_info_video_port1
2025/10/15 05:04:20.721 [T:0xa4a28] [DisplayControl] Model name from VideoPort = VG275
2025/10/15 05:04:20.721 [T:0xa4a28] [DisplayControl] SN from VideoPort = XF6232400003
2025/10/15 05:04:20.721 [T:0xa4a28] ====== List p_lpo_display_info_rtd_scalar_rts_hub, # of devices is ======0
2025/10/15 05:04:20.721 [T:0xa4a28] [DisplayControl] GetVSRtkHubControlClientListener
2025/10/15 05:04:20.721 [T:0xa4a28] [DisplayControl] max monitor count = 2
2025/10/15 05:04:20.721 [T:0xa4a28] [DisplayControl] index of display_info_vec = 0
2025/10/15 05:04:20.721 [T:0xa4a28] [DisplayControl] index of p_lpo_display_info_video_port = 0
2025/10/15 05:04:20.721 [T:0xa4a28] [DisplayControl] VideoPortMatchingRule
2025/10/15 05:04:20.721 [T:0xa4a28] [DisplayControl] monitor display_info_model_name = VG2458
2025/10/15 05:04:20.721 [T:0xa4a28] [DisplayControl] monitor video_port_model_name = VG2458
2025/10/15 05:04:20.721 [T:0xa4a28] [DisplayControl] monitor display_info_sn = YDJ243400006
2025/10/15 05:04:20.721 [T:0xa4a28] [DisplayControl] monitor video_port_sn = YDJ243400006
2025/10/15 05:04:20.721 [T:0xa4a28] [DisplayControl] model_name_match = 1
2025/10/15 05:04:20.721 [T:0xa4a28] [DisplayControl] sn_match = 1
2025/10/15 05:04:20.721 [T:0xa4a28] [DisplayControl] video_port is_match = 1
2025/10/15 05:04:20.721 [T:0xa4a28] [DisplayControl] index of display_info_vec = 1
2025/10/15 05:04:20.721 [T:0xa4a28] [DisplayControl] index of p_lpo_display_info_video_port = 0
2025/10/15 05:04:20.722 [T:0xa4a28] [DisplayControl] VideoPortMatchingRule
2025/10/15 05:04:20.722 [T:0xa4a28] [DisplayControl] monitor display_info_model_name = VG275
2025/10/15 05:04:20.722 [T:0xa4a28] [DisplayControl] monitor video_port_model_name = VG2458
2025/10/15 05:04:20.722 [T:0xa4a28] [DisplayControl] monitor display_info_sn = XF6232400003
2025/10/15 05:04:20.722 [T:0xa4a28] [DisplayControl] monitor video_port_sn = YDJ243400006
2025/10/15 05:04:20.722 [T:0xa4a28] [DisplayControl] model_name_match = 0
2025/10/15 05:04:20.722 [T:0xa4a28] [DisplayControl] sn_match = 0
2025/10/15 05:04:20.722 [T:0xa4a28] [DisplayControl] video_port is_match = 0
2025/10/15 05:04:20.722 [T:0xa4a28] [DisplayControl] index of display_info_vec = 1
2025/10/15 05:04:20.722 [T:0xa4a28] [DisplayControl] index of p_lpo_display_info_video_port = 1
2025/10/15 05:04:20.722 [T:0xa4a28] [DisplayControl] VideoPortMatchingRule
2025/10/15 05:04:20.722 [T:0xa4a28] [DisplayControl] monitor display_info_model_name = VG275
2025/10/15 05:04:20.722 [T:0xa4a28] [DisplayControl] monitor video_port_model_name = VG275
2025/10/15 05:04:20.722 [T:0xa4a28] [DisplayControl] monitor display_info_sn = XF6232400003
2025/10/15 05:04:20.722 [T:0xa4a28] [DisplayControl] monitor video_port_sn = XF6232400003
2025/10/15 05:04:20.722 [T:0xa4a28] [DisplayControl] model_name_match = 1
2025/10/15 05:04:20.722 [T:0xa4a28] [DisplayControl] sn_match = 1
2025/10/15 05:04:20.722 [T:0xa4a28] [DisplayControl] video_port is_match = 1
2025/10/15 05:04:20.722 [T:0xa4a28] [DisplayControl] i = 0
2025/10/15 05:04:20.722 [T:0xa4a28] [DisplayControl] Enter OperationThread::OperationThread()
2025/10/15 05:04:20.722 [T:0xa4a28] [DisplayControl] Enter OperationThread::CreateThread
2025/10/15 05:04:20.722 [T:0xa4a28] [DisplayControl] new DisplayFunctioner
2025/10/15 05:04:20.722 [T:0xa4a28] [DisplayControl] insert displayer_vector
2025/10/15 05:04:20.722 [T:0xa4a28] [DisplayControl] insert modelName_SN_to_Display_map
2025/10/15 05:04:20.723 [T:0xa4a28] [DisplayControl] insert device_id_to_Displayer_map_
2025/10/15 05:04:20.723 [T:0xa4a28] [DisplayControl] i = 1
2025/10/15 05:04:20.723 [T:0xa4a28] [DisplayControl] Enter OperationThread::OperationThread()
2025/10/15 05:04:20.723 [T:0xa4a28] [DisplayControl] Enter OperationThread::CreateThread
2025/10/15 05:04:20.723 [T:0xa4a28] [DisplayControl] new DisplayFunctioner
2025/10/15 05:04:20.723 [T:0xa4a28] [DisplayControl] insert displayer_vector
2025/10/15 05:04:20.723 [T:0xa4a28] [DisplayControl] insert modelName_SN_to_Display_map
2025/10/15 05:04:20.723 [T:0xa4a28] [DisplayControl] insert device_id_to_Displayer_map_
2025/10/15 05:04:20.723 [T:0xa4a28] [DisplayControl] monitor size = 2
2025/10/15 05:04:20.723 [T:0xa4a28] [DisplayControl] Exit ObtainControlHandler
2025/10/15 05:04:20.723 [T:0xa4a28] [DisplayControl] Enter MCCSOtherSet::GetVCP(), vcp code = 16
2025/10/15 05:04:20.822 [T:0xa4a28] [DisplayControl] Exit MCCSOtherSet::GetVCP()
2025/10/15 05:04:20.822 [T:0xa4a28] [DisplayControl] Enter MCCSOtherSet::GetVCP(), vcp code = 20
2025/10/15 05:04:20.911 [T:0xa4a28] [DisplayControl] Exit MCCSOtherSet::GetVCP()
2025/10/15 05:04:21.020 [T:0xa4a28] [DisplayControl] Enter MCCSOtherSet::GetVCP(), vcp code = 18
2025/10/15 05:04:21.101 [T:0xa4a28] [DisplayControl] Exit MCCSOtherSet::GetVCP()
2025/10/15 05:04:21.208 [T:0xa4a28] [DisplayControl] Enter MCCSOtherSet::GetVCP(), vcp code = 141
2025/10/15 05:04:21.291 [T:0xa4a28] [DisplayControl] Exit MCCSOtherSet::GetVCP()
2025/10/15 05:04:21.399 [T:0xa4a28] [DisplayControl] Enter MCCSOtherSet::GetVCP(), vcp code = 245
2025/10/15 05:04:21.480 [T:0xa4a28] [DisplayControl] Exit MCCSOtherSet::GetVCP()
2025/10/15 05:04:21.588 [T:0xa4a28] [DisplayControl] Enter MCCSOtherSet::GetVCP(), vcp code = 220
2025/10/15 05:04:21.670 [T:0xa4a28] [DisplayControl] Exit MCCSOtherSet::GetVCP()
2025/10/15 05:04:21.779 [T:0xa4a28] [DisplayControl] Enter MCCSOtherSet::GetVCP(), vcp code = 4
2025/10/15 05:04:21.861 [T:0xa4a28] [DisplayControl] Exit MCCSOtherSet::GetVCP()
2025/10/15 05:04:21.967 [T:0xa4a28] [DisplayControl] Enter MCCSOtherSet::GetVCP(), vcp code = 97
2025/10/15 05:04:22.048 [T:0xa4a28] [DisplayControl] Exit MCCSOtherSet::GetVCP()
2025/10/15 05:04:22.156 [T:0xa4a28] [DisplayControl] Enter MCCSOtherSet::GetVCP(), vcp code = 96
2025/10/15 05:04:22.237 [T:0xa4a28] [DisplayControl] Exit MCCSOtherSet::GetVCP()
2025/10/15 05:04:22.344 [T:0xa4a28] [DisplayControl] Enter MCCSOtherSet::GetVCP(), vcp code = 225
2025/10/15 05:04:22.427 [T:0xa4a28] [DisplayControl] Exit MCCSOtherSet::GetVCP()
2025/10/15 05:04:22.535 [T:0xa4a28] [DisplayControl] Enter MCCSOtherSet::GetVCP(), vcp code = 135
2025/10/15 05:04:22.617 [T:0xa4a28] [DisplayControl] Exit MCCSOtherSet::GetVCP()
2025/10/15 05:04:22.725 [T:0xa4a28] [DisplayControl] Enter MCCSOtherSet::GetVCP(), vcp code = 51
2025/10/15 05:04:22.807 [T:0xa4a28] [DisplayControl] Exit MCCSOtherSet::GetVCP()
2025/10/15 05:04:22.915 [T:0xa4a28] [DisplayControl] Enter MCCSOtherSet::GetVCP(), vcp code = 98
2025/10/15 05:04:23.011 [T:0xa4a28] [DisplayControl] Exit MCCSOtherSet::GetVCP()
2025/10/15 05:04:23.121 [T:0xa4a28] [DisplayControl] Enter MCCSOtherSet::GetVCP(), vcp code = 43
2025/10/15 05:04:23.202 [T:0xa4a28] [DisplayControl] Exit MCCSOtherSet::GetVCP()
2025/10/15 05:04:23.310 [T:0xa4a28] [DisplayControl] Enter MCCSOtherSet::GetVCP(), vcp code = 16
2025/10/15 05:04:23.393 [T:0xa4a28] [DisplayControl] Exit MCCSOtherSet::GetVCP()
2025/10/15 05:04:23.499 [T:0xa4a28] [DisplayControl] Enter MCCSOtherSet::GetVCP(), vcp code = 18
2025/10/15 05:04:23.601 [T:0xa4a28] [DisplayControl] Exit MCCSOtherSet::GetVCP()
2025/10/15 05:04:23.704 [T:0xa4a28] [DisplayControl] Enter MCCSOtherSet::GetVCP(), vcp code = 141
2025/10/15 05:04:23.805 [T:0xa4a28] [DisplayControl] Exit MCCSOtherSet::GetVCP()
2025/10/15 05:04:23.910 [T:0xa4a28] [DisplayControl] Enter MCCSOtherSet::GetVCP(), vcp code = 220
2025/10/15 05:04:24.011 [T:0xa4a28] [DisplayControl] Exit MCCSOtherSet::GetVCP()
2025/10/15 05:04:24.115 [T:0xa4a28] [DisplayControl] Enter MCCSOtherSet::GetVCP(), vcp code = 4
2025/10/15 05:04:24.216 [T:0xa4a28] [DisplayControl] Exit MCCSOtherSet::GetVCP()
2025/10/15 05:04:24.319 [T:0xa4a28] [DisplayControl] Enter MCCSOtherSet::GetVCP(), vcp code = 97
2025/10/15 05:04:24.421 [T:0xa4a28] [DisplayControl] Exit MCCSOtherSet::GetVCP()
2025/10/15 05:04:24.524 [T:0xa4a28] [DisplayControl] Enter MCCSOtherSet::GetVCP(), vcp code = 96
2025/10/15 05:04:24.625 [T:0xa4a28] [DisplayControl] Exit MCCSOtherSet::GetVCP()
2025/10/15 05:04:24.729 [T:0xa4a28] [DisplayControl] Enter MCCSOtherSet::GetVCP(), vcp code = 225
2025/10/15 05:04:24.815 [T:0xa4a28] [DisplayControl] Exit MCCSOtherSet::GetVCP()
2025/10/15 05:04:24.920 [T:0xa4a28] [DisplayControl] Enter MCCSOtherSet::GetVCP(), vcp code = 135
2025/10/15 05:04:25.023 [T:0xa4a28] [DisplayControl] Exit MCCSOtherSet::GetVCP()
2025/10/15 05:04:25.126 [T:0xa4a28] [DisplayControl] Enter MCCSOtherSet::GetVCP(), vcp code = 51
2025/10/15 05:04:25.213 [T:0xa4a28] [DisplayControl] Exit MCCSOtherSet::GetVCP()
2025/10/15 05:04:25.316 [T:0xa4a28] [DisplayControl] Enter MCCSOtherSet::GetVCP(), vcp code = 226
2025/10/15 05:04:25.418 [T:0xa4a28] [DisplayControl] Exit MCCSOtherSet::GetVCP()
2025/10/15 05:04:25.520 [T:0xa4a28] [DisplayControl] Enter MCCSOtherSet::GetVCP(), vcp code = 98
2025/10/15 05:04:25.623 [T:0xa4a28] [DisplayControl] Exit MCCSOtherSet::GetVCP()
2025/10/15 05:04:25.724 [T:0xa4a28] [DisplayControl] Enter MCCSOtherSet::GetVCP(), vcp code = 236
2025/10/15 05:04:25.825 [T:0xa4a28] [DisplayControl] Exit MCCSOtherSet::GetVCP()
2025/10/15 05:04:25.928 [T:0xa4a28] [DisplayControl] Enter MCCSOtherSet::GetVCP(), vcp code = 43
2025/10/15 05:04:26.015 [T:0xa4a28] [DisplayControl] Exit MCCSOtherSet::GetVCP()
2025/10/15 05:04:26.119 [T:0xa4a28] [DisplayControl] Enter MCCSOtherSet::GetVCP(), vcp code = 16
2025/10/15 05:04:26.223 [T:0xa4a28] [DisplayControl] Exit MCCSOtherSet::GetVCP()
2025/10/15 05:05:46.247 [T:0x0cc5a] [DisplayControl] Enter MCCSOtherSet::GetVCP(), vcp code = 96
2025/10/15 05:05:46.345 [T:0x0cc5a] [DisplayControl] Exit MCCSOtherSet::GetVCP()
2025/10/15 05:05:46.506 [T:0x77a50] [DisplayControl] Enter MCCSOtherSet::GetVCP(), vcp code = 20
2025/10/15 05:05:46.659 [T:0x77a50] [DisplayControl] Exit MCCSOtherSet::GetVCP()
2025/10/15 05:05:46.760 [T:0x77a50] [DisplayControl] Enter MCCSOtherSet::GetVCP(), vcp code = 18
2025/10/15 05:05:46.846 [T:0x77a50] [DisplayControl] Exit MCCSOtherSet::GetVCP()
2025/10/15 05:05:46.953 [T:0x77a50] [DisplayControl] Enter MCCSOtherSet::GetVCP(), vcp code = 141
2025/10/15 05:05:47.050 [T:0x77a50] [DisplayControl] Exit MCCSOtherSet::GetVCP()
2025/10/15 05:05:47.158 [T:0x77a50] [DisplayControl] Enter MCCSOtherSet::GetVCP(), vcp code = 245
2025/10/15 05:05:47.240 [T:0x77a50] [DisplayControl] Exit MCCSOtherSet::GetVCP()
2025/10/15 05:05:47.348 [T:0x77a50] [DisplayControl] Enter MCCSOtherSet::GetVCP(), vcp code = 220
2025/10/15 05:05:47.430 [T:0x77a50] [DisplayControl] Exit MCCSOtherSet::GetVCP()
2025/10/15 05:05:47.537 [T:0x77a50] [DisplayControl] Enter MCCSOtherSet::GetVCP(), vcp code = 4
2025/10/15 05:05:47.620 [T:0x77a50] [DisplayControl] Exit MCCSOtherSet::GetVCP()
2025/10/15 05:05:47.727 [T:0x77a50] [DisplayControl] Enter MCCSOtherSet::GetVCP(), vcp code = 97
2025/10/15 05:05:47.825 [T:0x77a50] [DisplayControl] Exit MCCSOtherSet::GetVCP()
2025/10/15 05:05:47.933 [T:0x77a50] [DisplayControl] Enter MCCSOtherSet::GetVCP(), vcp code = 96
2025/10/15 05:05:48.030 [T:0x77a50] [DisplayControl] Exit MCCSOtherSet::GetVCP()
2025/10/15 05:05:48.139 [T:0x77a50] [DisplayControl] Enter MCCSOtherSet::GetVCP(), vcp code = 225
2025/10/15 05:05:48.221 [T:0x77a50] [DisplayControl] Exit MCCSOtherSet::GetVCP()
2025/10/15 05:05:48.328 [T:0x77a50] [DisplayControl] Enter MCCSOtherSet::GetVCP(), vcp code = 135
2025/10/15 05:05:48.426 [T:0x77a50] [DisplayControl] Exit MCCSOtherSet::GetVCP()
2025/10/15 05:05:48.533 [T:0x77a50] [DisplayControl] Enter MCCSOtherSet::GetVCP(), vcp code = 51
2025/10/15 05:05:48.632 [T:0x77a50] [DisplayControl] Exit MCCSOtherSet::GetVCP()
2025/10/15 05:05:48.739 [T:0x77a50] [DisplayControl] Enter MCCSOtherSet::GetVCP(), vcp code = 98
2025/10/15 05:05:48.821 [T:0x77a50] [DisplayControl] Exit MCCSOtherSet::GetVCP()
2025/10/15 05:05:48.930 [T:0x77a50] [DisplayControl] Enter MCCSOtherSet::GetVCP(), vcp code = 43
2025/10/15 05:05:49.028 [T:0x77a50] [DisplayControl] Exit MCCSOtherSet::GetVCP()
2025/10/15 05:05:49.136 [T:0x77a50] [DisplayControl] Enter MCCSOtherSet::GetVCP(), vcp code = 16
2025/10/15 05:05:49.218 [T:0x77a50] [DisplayControl] Exit MCCSOtherSet::GetVCP()
2025/10/15 05:06:03.012 [T:0x77a50] [DisplayControl] Enter MCCSOtherSet::SetVCP(), vcp code = 16
2025/10/15 05:06:03.180 [T:0x77a50] [DisplayControl] Exit MCCSOtherSet::SetVCP()
2025/10/15 05:06:46.833 [T:0xfe21b] [DisplayControl] Enter MCCSOtherSet::SetVCP(), vcp code = 18
2025/10/15 05:06:46.999 [T:0xfe21b] [DisplayControl] Exit MCCSOtherSet::SetVCP()
2025/10/15 05:07:27.373 [T:0x0cc5a] [DisplayControl] Enter MCCSOtherSet::GetVCP(), vcp code = 96
2025/10/15 05:07:27.463 [T:0x0cc5a] [DisplayControl] Exit MCCSOtherSet::GetVCP()
2025/10/15 05:07:27.612 [T:0x40d73] [DisplayControl] Enter MCCSOtherSet::GetVCP(), vcp code = 18
2025/10/15 05:07:27.746 [T:0x40d73] [DisplayControl] Exit MCCSOtherSet::GetVCP()
2025/10/15 05:07:27.846 [T:0x40d73] [DisplayControl] Enter MCCSOtherSet::GetVCP(), vcp code = 141
2025/10/15 05:07:27.934 [T:0x40d73] [DisplayControl] Exit MCCSOtherSet::GetVCP()
2025/10/15 05:07:28.038 [T:0x40d73] [DisplayControl] Enter MCCSOtherSet::GetVCP(), vcp code = 220
2025/10/15 05:07:28.140 [T:0x40d73] [DisplayControl] Exit MCCSOtherSet::GetVCP()
2025/10/15 05:07:28.243 [T:0x40d73] [DisplayControl] Enter MCCSOtherSet::GetVCP(), vcp code = 4
2025/10/15 05:07:28.345 [T:0x40d73] [DisplayControl] Exit MCCSOtherSet::GetVCP()
2025/10/15 05:07:28.449 [T:0x40d73] [DisplayControl] Enter MCCSOtherSet::GetVCP(), vcp code = 97
2025/10/15 05:07:28.552 [T:0x40d73] [DisplayControl] Exit MCCSOtherSet::GetVCP()
2025/10/15 05:07:28.654 [T:0x40d73] [DisplayControl] Enter MCCSOtherSet::GetVCP(), vcp code = 96
2025/10/15 05:07:28.755 [T:0x40d73] [DisplayControl] Exit MCCSOtherSet::GetVCP()
2025/10/15 05:07:28.858 [T:0x40d73] [DisplayControl] Enter MCCSOtherSet::GetVCP(), vcp code = 225
2025/10/15 05:07:28.944 [T:0x40d73] [DisplayControl] Exit MCCSOtherSet::GetVCP()
2025/10/15 05:07:29.047 [T:0x40d73] [DisplayControl] Enter MCCSOtherSet::GetVCP(), vcp code = 135
2025/10/15 05:07:29.149 [T:0x40d73] [DisplayControl] Exit MCCSOtherSet::GetVCP()
2025/10/15 05:07:29.253 [T:0x40d73] [DisplayControl] Enter MCCSOtherSet::GetVCP(), vcp code = 51
2025/10/15 05:07:29.354 [T:0x40d73] [DisplayControl] Exit MCCSOtherSet::GetVCP()
2025/10/15 05:07:29.459 [T:0x40d73] [DisplayControl] Enter MCCSOtherSet::GetVCP(), vcp code = 226
2025/10/15 05:07:29.560 [T:0x40d73] [DisplayControl] Exit MCCSOtherSet::GetVCP()
2025/10/15 05:07:29.663 [T:0x40d73] [DisplayControl] Enter MCCSOtherSet::GetVCP(), vcp code = 98
2025/10/15 05:07:29.750 [T:0x40d73] [DisplayControl] Exit MCCSOtherSet::GetVCP()
2025/10/15 05:07:29.853 [T:0x40d73] [DisplayControl] Enter MCCSOtherSet::GetVCP(), vcp code = 236
2025/10/15 05:07:29.955 [T:0x40d73] [DisplayControl] Exit MCCSOtherSet::GetVCP()
2025/10/15 05:07:30.059 [T:0x40d73] [DisplayControl] Enter MCCSOtherSet::GetVCP(), vcp code = 43
2025/10/15 05:07:30.145 [T:0x40d73] [DisplayControl] Exit MCCSOtherSet::GetVCP()
2025/10/15 05:07:30.250 [T:0x40d73] [DisplayControl] Enter MCCSOtherSet::GetVCP(), vcp code = 16
2025/10/15 05:07:30.353 [T:0x40d73] [DisplayControl] Exit MCCSOtherSet::GetVCP()
2025/10/15 05:07:44.626 [T:0x40d73] [DisplayControl] Enter MCCSOtherSet::SetVCP(), vcp code = 16
2025/10/15 05:07:44.803 [T:0x40d73] [DisplayControl] Exit MCCSOtherSet::SetVCP()
2025/10/15 05:08:28.460 [T:0x2b2dd] [DisplayControl] Enter MCCSOtherSet::SetVCP(), vcp code = 18
2025/10/15 05:08:28.638 [T:0x2b2dd] [DisplayControl] Exit MCCSOtherSet::SetVCP()
2025/10/15 05:13:58.698 [T:0xad81b] [DisplayControl] Enter MCCSOtherSet::SetVCP(), vcp code = 4
2025/10/15 05:13:59.663 [T:0xad81b] [DisplayControl] Exit MCCSOtherSet::SetVCP()
2025/10/15 05:14:04.785 [T:0xad81b] [DisplayControl] Enter OperationThread::ExitThread
2025/10/15 05:14:04.785 [T:0xad81b] [DisplayControl] Exit OperationThread::ExitThread
2025/10/15 05:14:04.785 [T:0xad81b] [DisplayControl] Enter OperationThread::~OperationThread()
2025/10/15 05:14:04.785 [T:0xad81b] [DisplayControl] Enter OperationThread::ExitThread
2025/10/15 05:14:04.786 [T:0xad81b] [DisplayControl] Enter OperationThread::ExitThread
2025/10/15 05:14:04.786 [T:0xad81b] [DisplayControl] Exit OperationThread::ExitThread
2025/10/15 05:14:04.786 [T:0xad81b] [DisplayControl] Enter OperationThread::~OperationThread()
2025/10/15 05:14:04.786 [T:0xad81b] [DisplayControl] Enter OperationThread::ExitThread
2025/10/15 05:14:04.818 [T:0xad81b] [DbgStr] After calling display_control_client_listener_video_port_.UpdateAllDisplayPath()
2025/10/15 05:14:04.844 [T:0xad81b] [DbgStr] After calling display_control_client_listener_.GetAllDisplayEDID()
2025/10/15 05:14:04.846 [T:0xad81b] [DisplayControl] Version = 3.0.6.0
2025/10/15 05:14:04.847 [T:0xad81b] [DisplayControl] Enter ObtainControlHandler1
2025/10/15 05:14:04.847 [T:0xad81b] [DisplayControl] GetVideoPortCommander
2025/10/15 05:14:04.847 [T:0xad81b] [DisplayControl] GetUSBHubCommander
2025/10/15 05:14:04.847 [T:0xad81b] ====== List p_lpo_display_info_video_port, # of devices is ======2
2025/10/15 05:14:04.847 [T:0xad81b] [DisplayControl] index of p_lpo_display_info_video_port0
2025/10/15 05:14:04.847 [T:0xad81b] [DisplayControl] Model name from VideoPort = VG2458
2025/10/15 05:14:04.847 [T:0xad81b] [DisplayControl] SN from VideoPort = YDJ243400006
2025/10/15 05:14:04.847 [T:0xad81b] [DisplayControl] index of p_lpo_display_info_video_port1
2025/10/15 05:14:04.847 [T:0xad81b] [DisplayControl] Model name from VideoPort = VG275
2025/10/15 05:14:04.847 [T:0xad81b] [DisplayControl] SN from VideoPort = XF6232400003
2025/10/15 05:14:04.847 [T:0xad81b] ====== List p_lpo_display_info_rtd_scalar_rts_hub, # of devices is ======0
2025/10/15 05:14:04.847 [T:0xad81b] [DisplayControl] GetVSRtkHubControlClientListener
2025/10/15 05:14:04.847 [T:0xad81b] [DisplayControl] max monitor count = 2
2025/10/15 05:14:04.847 [T:0xad81b] [DisplayControl] index of display_info_vec = 0
2025/10/15 05:14:04.847 [T:0xad81b] [DisplayControl] index of p_lpo_display_info_video_port = 0
2025/10/15 05:14:04.847 [T:0xad81b] [DisplayControl] VideoPortMatchingRule
2025/10/15 05:14:04.847 [T:0xad81b] [DisplayControl] monitor display_info_model_name = VG2458
2025/10/15 05:14:04.847 [T:0xad81b] [DisplayControl] monitor video_port_model_name = VG2458
2025/10/15 05:14:04.847 [T:0xad81b] [DisplayControl] monitor display_info_sn = YDJ243400006
2025/10/15 05:14:04.847 [T:0xad81b] [DisplayControl] monitor video_port_sn = YDJ243400006
2025/10/15 05:14:04.847 [T:0xad81b] [DisplayControl] model_name_match = 1
2025/10/15 05:14:04.847 [T:0xad81b] [DisplayControl] sn_match = 1
2025/10/15 05:14:04.847 [T:0xad81b] [DisplayControl] video_port is_match = 1
2025/10/15 05:14:04.847 [T:0xad81b] [DisplayControl] index of display_info_vec = 1
2025/10/15 05:14:04.847 [T:0xad81b] [DisplayControl] index of p_lpo_display_info_video_port = 0
2025/10/15 05:14:04.848 [T:0xad81b] [DisplayControl] VideoPortMatchingRule
2025/10/15 05:14:04.848 [T:0xad81b] [DisplayControl] monitor display_info_model_name = VG275
2025/10/15 05:14:04.848 [T:0xad81b] [DisplayControl] monitor video_port_model_name = VG2458
2025/10/15 05:14:04.848 [T:0xad81b] [DisplayControl] monitor display_info_sn = XF6232400003
2025/10/15 05:14:04.848 [T:0xad81b] [DisplayControl] monitor video_port_sn = YDJ243400006
2025/10/15 05:14:04.848 [T:0xad81b] [DisplayControl] model_name_match = 0
2025/10/15 05:14:04.848 [T:0xad81b] [DisplayControl] sn_match = 0
2025/10/15 05:14:04.848 [T:0xad81b] [DisplayControl] video_port is_match = 0
2025/10/15 05:14:04.848 [T:0xad81b] [DisplayControl] index of display_info_vec = 1
2025/10/15 05:14:04.848 [T:0xad81b] [DisplayControl] index of p_lpo_display_info_video_port = 1
2025/10/15 05:14:04.848 [T:0xad81b] [DisplayControl] VideoPortMatchingRule
2025/10/15 05:14:04.848 [T:0xad81b] [DisplayControl] monitor display_info_model_name = VG275
2025/10/15 05:14:04.848 [T:0xad81b] [DisplayControl] monitor video_port_model_name = VG275
2025/10/15 05:14:04.848 [T:0xad81b] [DisplayControl] monitor display_info_sn = XF6232400003
2025/10/15 05:14:04.848 [T:0xad81b] [DisplayControl] monitor video_port_sn = XF6232400003
2025/10/15 05:14:04.848 [T:0xad81b] [DisplayControl] model_name_match = 1
2025/10/15 05:14:04.848 [T:0xad81b] [DisplayControl] sn_match = 1
2025/10/15 05:14:04.848 [T:0xad81b] [DisplayControl] video_port is_match = 1
2025/10/15 05:14:04.848 [T:0xad81b] [DisplayControl] i = 0
2025/10/15 05:14:04.848 [T:0xad81b] [DisplayControl] Enter OperationThread::OperationThread()
2025/10/15 05:14:04.848 [T:0xad81b] [DisplayControl] Enter OperationThread::CreateThread
2025/10/15 05:14:04.848 [T:0xad81b] [DisplayControl] new DisplayFunctioner
2025/10/15 05:14:04.848 [T:0xad81b] [DisplayControl] insert displayer_vector
2025/10/15 05:14:04.848 [T:0xad81b] [DisplayControl] insert modelName_SN_to_Display_map
2025/10/15 05:14:04.848 [T:0xad81b] [DisplayControl] insert device_id_to_Displayer_map_
2025/10/15 05:14:04.849 [T:0xad81b] [DisplayControl] i = 1
2025/10/15 05:14:04.849 [T:0xad81b] [DisplayControl] Enter OperationThread::OperationThread()
2025/10/15 05:14:04.849 [T:0xad81b] [DisplayControl] Enter OperationThread::CreateThread
2025/10/15 05:14:04.849 [T:0xad81b] [DisplayControl] new DisplayFunctioner
2025/10/15 05:14:04.849 [T:0xad81b] [DisplayControl] insert displayer_vector
2025/10/15 05:14:04.849 [T:0xad81b] [DisplayControl] insert modelName_SN_to_Display_map
2025/10/15 05:14:04.849 [T:0xad81b] [DisplayControl] insert device_id_to_Displayer_map_
2025/10/15 05:14:04.849 [T:0xad81b] [DisplayControl] monitor size = 2
2025/10/15 05:14:04.849 [T:0xad81b] [DisplayControl] Exit ObtainControlHandler
2025/10/15 05:14:04.849 [T:0xad81b] [DisplayControl] Enter MCCSOtherSet::GetVCP(), vcp code = 16
2025/10/15 05:14:04.950 [T:0xad81b] [DisplayControl] Exit MCCSOtherSet::GetVCP()
2025/10/15 05:14:04.951 [T:0xad81b] [DisplayControl] Enter MCCSOtherSet::GetVCP(), vcp code = 20
2025/10/15 05:14:05.041 [T:0xad81b] [DisplayControl] Exit MCCSOtherSet::GetVCP()
2025/10/15 05:14:05.147 [T:0xad81b] [DisplayControl] Enter MCCSOtherSet::GetVCP(), vcp code = 18
2025/10/15 05:14:05.245 [T:0xad81b] [DisplayControl] Exit MCCSOtherSet::GetVCP()
2025/10/15 05:14:05.245 [T:0xad81b] [DisplayControl] Enter MCCSOtherSet::GetVCP(), vcp code = 18
2025/10/15 05:14:05.401 [T:0xad81b] [DisplayControl] Exit MCCSOtherSet::GetVCP()
2025/10/15 05:14:05.402 [T:0xad81b] [DisplayControl] Enter MCCSOtherSet::GetVCP(), vcp code = 18
2025/10/15 05:14:05.559 [T:0xad81b] [DisplayControl] Exit MCCSOtherSet::GetVCP()
2025/10/15 05:14:05.559 [T:0xad81b] [DisplayControl] Enter MCCSOtherSet::GetVCP(), vcp code = 18
2025/10/15 05:14:05.701 [T:0xad81b] [DisplayControl] Exit MCCSOtherSet::GetVCP()
2025/10/15 05:14:05.702 [T:0xad81b] [DisplayControl] Enter MCCSOtherSet::GetVCP(), vcp code = 18
2025/10/15 05:14:05.859 [T:0xad81b] [DisplayControl] Exit MCCSOtherSet::GetVCP()
2025/10/15 05:14:05.860 [T:0xad81b] [DisplayControl] Enter MCCSOtherSet::GetVCP(), vcp code = 18
2025/10/15 05:14:06.017 [T:0xad81b] [DisplayControl] Exit MCCSOtherSet::GetVCP()
2025/10/15 05:14:06.018 [T:0xad81b] [DisplayControl] Enter MCCSOtherSet::GetVCP(), vcp code = 18
2025/10/15 05:14:06.160 [T:0xad81b] [DisplayControl] Exit MCCSOtherSet::GetVCP()
2025/10/15 05:14:06.160 [T:0xad81b] [DisplayControl] Enter MCCSOtherSet::GetVCP(), vcp code = 18
2025/10/15 05:14:06.302 [T:0xad81b] [DisplayControl] Exit MCCSOtherSet::GetVCP()
2025/10/15 05:14:06.303 [T:0xad81b] [DisplayControl] Enter MCCSOtherSet::GetVCP(), vcp code = 18
2025/10/15 05:14:06.461 [T:0xad81b] [DisplayControl] Exit MCCSOtherSet::GetVCP()
2025/10/15 05:14:06.462 [T:0xad81b] [DisplayControl] Enter MCCSOtherSet::GetVCP(), vcp code = 18
2025/10/15 05:14:06.618 [T:0xad81b] [DisplayControl] Exit MCCSOtherSet::GetVCP()
2025/10/15 05:14:06.619 [T:0xad81b] [DisplayControl] Enter MCCSOtherSet::GetVCP(), vcp code = 18
2025/10/15 05:14:06.760 [T:0xad81b] [DisplayControl] Exit MCCSOtherSet::GetVCP()
2025/10/15 05:14:06.761 [T:0xad81b] [DisplayControl] Enter MCCSOtherSet::GetVCP(), vcp code = 18
2025/10/15 05:14:06.901 [T:0xad81b] [DisplayControl] Exit MCCSOtherSet::GetVCP()
2025/10/15 05:14:06.902 [T:0xad81b] [DisplayControl] Enter MCCSOtherSet::GetVCP(), vcp code = 18
2025/10/15 05:14:07.060 [T:0xad81b] [DisplayControl] Exit MCCSOtherSet::GetVCP()
2025/10/15 05:14:07.060 [T:0xad81b] [DisplayControl] Enter MCCSOtherSet::GetVCP(), vcp code = 18
2025/10/15 05:14:07.201 [T:0xad81b] [DisplayControl] Exit MCCSOtherSet::GetVCP()
2025/10/15 05:14:07.202 [T:0xad81b] [DisplayControl] Enter MCCSOtherSet::GetVCP(), vcp code = 18
2025/10/15 05:14:07.359 [T:0xad81b] [DisplayControl] Exit MCCSOtherSet::GetVCP()
2025/10/15 05:14:07.360 [T:0xad81b] [DisplayControl] Enter MCCSOtherSet::GetVCP(), vcp code = 18
2025/10/15 05:14:07.517 [T:0xad81b] [DisplayControl] Exit MCCSOtherSet::GetVCP()
2025/10/15 05:14:07.517 [T:0xad81b] [DisplayControl] Enter MCCSOtherSet::GetVCP(), vcp code = 18
2025/10/15 05:14:07.674 [T:0xad81b] [DisplayControl] Exit MCCSOtherSet::GetVCP()
2025/10/15 05:14:07.675 [T:0xad81b] [DisplayControl] Enter MCCSOtherSet::GetVCP(), vcp code = 18
2025/10/15 05:14:07.817 [T:0xad81b] [DisplayControl] Exit MCCSOtherSet::GetVCP()
2025/10/15 05:14:07.817 [T:0xad81b] [DisplayControl] Enter MCCSOtherSet::GetVCP(), vcp code = 18
2025/10/15 05:14:07.973 [T:0xad81b] [DisplayControl] Exit MCCSOtherSet::GetVCP()
2025/10/15 05:14:07.974 [T:0xad81b] [DisplayControl] Enter MCCSOtherSet::GetVCP(), vcp code = 18
2025/10/15 05:14:08.116 [T:0xad81b] [DisplayControl] Exit MCCSOtherSet::GetVCP()
2025/10/15 05:14:08.116 [T:0xad81b] [DisplayControl] Enter MCCSOtherSet::GetVCP(), vcp code = 18
2025/10/15 05:14:08.274 [T:0xad81b] [DisplayControl] Exit MCCSOtherSet::GetVCP()
2025/10/15 05:14:08.274 [T:0xad81b] [DisplayControl] Enter MCCSOtherSet::GetVCP(), vcp code = 18
2025/10/15 05:14:08.432 [T:0xad81b] [DisplayControl] Exit MCCSOtherSet::GetVCP()
2025/10/15 05:14:08.433 [T:0xad81b] [DisplayControl] Enter MCCSOtherSet::GetVCP(), vcp code = 18
2025/10/15 05:14:08.589 [T:0xad81b] [DisplayControl] Exit MCCSOtherSet::GetVCP()
2025/10/15 05:14:08.590 [T:0xad81b] [DisplayControl] Enter MCCSOtherSet::GetVCP(), vcp code = 18
2025/10/15 05:14:08.730 [T:0xad81b] [DisplayControl] Exit MCCSOtherSet::GetVCP()
2025/10/15 05:14:08.731 [T:0xad81b] [DisplayControl] Enter MCCSOtherSet::GetVCP(), vcp code = 18
2025/10/15 05:14:08.871 [T:0xad81b] [DisplayControl] Exit MCCSOtherSet::GetVCP()
2025/10/15 05:14:08.872 [T:0xad81b] [DisplayControl] Enter MCCSOtherSet::GetVCP(), vcp code = 18
2025/10/15 05:14:09.028 [T:0xad81b] [DisplayControl] Exit MCCSOtherSet::GetVCP()
2025/10/15 05:14:09.029 [T:0xad81b] [DisplayControl] Enter MCCSOtherSet::GetVCP(), vcp code = 18
2025/10/15 05:14:09.187 [T:0xad81b] [DisplayControl] Exit MCCSOtherSet::GetVCP()
2025/10/15 05:14:09.188 [T:0xad81b] [DisplayControl] Enter MCCSOtherSet::GetVCP(), vcp code = 18
2025/10/15 05:14:09.330 [T:0xad81b] [DisplayControl] Exit MCCSOtherSet::GetVCP()
2025/10/15 05:14:09.330 [T:0xad81b] [DisplayControl] Enter MCCSOtherSet::GetVCP(), vcp code = 18
2025/10/15 05:14:09.473 [T:0xad81b] [DisplayControl] Exit MCCSOtherSet::GetVCP()
2025/10/15 05:14:09.473 [T:0xad81b] [DisplayControl] Enter MCCSOtherSet::GetVCP(), vcp code = 18
2025/10/15 05:14:09.616 [T:0xad81b] [DisplayControl] Exit MCCSOtherSet::GetVCP()
2025/10/15 05:14:09.616 [T:0xad81b] [DisplayControl] Enter MCCSOtherSet::GetVCP(), vcp code = 18
2025/10/15 05:14:09.774 [T:0xad81b] [DisplayControl] Exit MCCSOtherSet::GetVCP()
2025/10/15 05:14:09.774 [T:0xad81b] [DisplayControl] Enter MCCSOtherSet::GetVCP(), vcp code = 18
2025/10/15 05:14:09.916 [T:0xad81b] [DisplayControl] Exit MCCSOtherSet::GetVCP()
2025/10/15 05:14:09.916 [T:0xad81b] [DisplayControl] Enter MCCSOtherSet::GetVCP(), vcp code = 18
2025/10/15 05:14:10.058 [T:0xad81b] [DisplayControl] Exit MCCSOtherSet::GetVCP()
2025/10/15 05:14:10.058 [T:0xad81b] [DisplayControl] Enter MCCSOtherSet::GetVCP(), vcp code = 18
2025/10/15 05:14:10.200 [T:0xad81b] [DisplayControl] Exit MCCSOtherSet::GetVCP()
2025/10/15 05:14:10.308 [T:0xad81b] [DisplayControl] Enter MCCSOtherSet::GetVCP(), vcp code = 141
2025/10/15 05:14:10.406 [T:0xad81b] [DisplayControl] Exit MCCSOtherSet::GetVCP()
2025/10/15 05:14:10.513 [T:0xad81b] [DisplayControl] Enter MCCSOtherSet::GetVCP(), vcp code = 245
2025/10/15 05:14:10.595 [T:0xad81b] [DisplayControl] Exit MCCSOtherSet::GetVCP()
2025/10/15 05:14:10.703 [T:0xad81b] [DisplayControl] Enter MCCSOtherSet::GetVCP(), vcp code = 220
2025/10/15 05:14:10.786 [T:0xad81b] [DisplayControl] Exit MCCSOtherSet::GetVCP()
2025/10/15 05:14:10.893 [T:0xad81b] [DisplayControl] Enter MCCSOtherSet::GetVCP(), vcp code = 4
2025/10/15 05:14:10.990 [T:0xad81b] [DisplayControl] Exit MCCSOtherSet::GetVCP()
2025/10/15 05:14:11.098 [T:0xad81b] [DisplayControl] Enter MCCSOtherSet::GetVCP(), vcp code = 97
2025/10/15 05:14:11.196 [T:0xad81b] [DisplayControl] Exit MCCSOtherSet::GetVCP()
2025/10/15 05:14:11.304 [T:0xad81b] [DisplayControl] Enter MCCSOtherSet::GetVCP(), vcp code = 96
2025/10/15 05:14:11.386 [T:0xad81b] [DisplayControl] Exit MCCSOtherSet::GetVCP()
2025/10/15 05:14:11.495 [T:0xad81b] [DisplayControl] Enter MCCSOtherSet::GetVCP(), vcp code = 225
2025/10/15 05:14:11.593 [T:0xad81b] [DisplayControl] Exit MCCSOtherSet::GetVCP()
2025/10/15 05:14:11.700 [T:0xad81b] [DisplayControl] Enter MCCSOtherSet::GetVCP(), vcp code = 135
2025/10/15 05:14:11.783 [T:0xad81b] [DisplayControl] Exit MCCSOtherSet::GetVCP()
2025/10/15 05:14:11.890 [T:0xad81b] [DisplayControl] Enter MCCSOtherSet::GetVCP(), vcp code = 51
2025/10/15 05:14:11.988 [T:0xad81b] [DisplayControl] Exit MCCSOtherSet::GetVCP()
2025/10/15 05:14:12.096 [T:0xad81b] [DisplayControl] Enter MCCSOtherSet::GetVCP(), vcp code = 98
2025/10/15 05:14:12.193 [T:0xad81b] [DisplayControl] Exit MCCSOtherSet::GetVCP()
2025/10/15 05:14:12.301 [T:0xad81b] [DisplayControl] Enter MCCSOtherSet::GetVCP(), vcp code = 43
2025/10/15 05:14:12.384 [T:0xad81b] [DisplayControl] Exit MCCSOtherSet::GetVCP()
2025/10/15 05:14:12.491 [T:0xad81b] [DisplayControl] Enter MCCSOtherSet::GetVCP(), vcp code = 16
2025/10/15 05:14:12.589 [T:0xad81b] [DisplayControl] Exit MCCSOtherSet::GetVCP()
2025/10/15 05:14:12.589 [T:0xad81b] [DisplayControl] Enter MCCSOtherSet::GetVCP(), vcp code = 16
2025/10/15 05:14:12.732 [T:0xad81b] [DisplayControl] Exit MCCSOtherSet::GetVCP()
2025/10/15 05:14:12.733 [T:0xad81b] [DisplayControl] Enter MCCSOtherSet::GetVCP(), vcp code = 16
2025/10/15 05:14:12.875 [T:0xad81b] [DisplayControl] Exit MCCSOtherSet::GetVCP()
2025/10/15 05:14:12.876 [T:0xad81b] [DisplayControl] Enter MCCSOtherSet::GetVCP(), vcp code = 16
2025/10/15 05:14:13.017 [T:0xad81b] [DisplayControl] Exit MCCSOtherSet::GetVCP()
2025/10/15 05:14:13.018 [T:0xad81b] [DisplayControl] Enter MCCSOtherSet::GetVCP(), vcp code = 16
2025/10/15 05:14:13.175 [T:0xad81b] [DisplayControl] Exit MCCSOtherSet::GetVCP()
2025/10/15 05:14:13.176 [T:0xad81b] [DisplayControl] Enter MCCSOtherSet::GetVCP(), vcp code = 16
2025/10/15 05:14:13.333 [T:0xad81b] [DisplayControl] Exit MCCSOtherSet::GetVCP()
2025/10/15 05:14:13.334 [T:0xad81b] [DisplayControl] Enter MCCSOtherSet::GetVCP(), vcp code = 16
2025/10/15 05:14:13.491 [T:0xad81b] [DisplayControl] Exit MCCSOtherSet::GetVCP()
2025/10/15 05:14:13.491 [T:0xad81b] [DisplayControl] Enter MCCSOtherSet::GetVCP(), vcp code = 16
2025/10/15 05:14:13.634 [T:0xad81b] [DisplayControl] Exit MCCSOtherSet::GetVCP()
2025/10/15 05:14:13.634 [T:0xad81b] [DisplayControl] Enter MCCSOtherSet::GetVCP(), vcp code = 16
2025/10/15 05:14:13.791 [T:0xad81b] [DisplayControl] Exit MCCSOtherSet::GetVCP()
2025/10/15 05:14:13.792 [T:0xad81b] [DisplayControl] Enter MCCSOtherSet::GetVCP(), vcp code = 16
2025/10/15 05:14:13.934 [T:0xad81b] [DisplayControl] Exit MCCSOtherSet::GetVCP()
2025/10/15 05:14:13.934 [T:0xad81b] [DisplayControl] Enter MCCSOtherSet::GetVCP(), vcp code = 16
2025/10/15 05:14:14.091 [T:0xad81b] [DisplayControl] Exit MCCSOtherSet::GetVCP()
2025/10/15 05:14:14.092 [T:0xad81b] [DisplayControl] Enter MCCSOtherSet::GetVCP(), vcp code = 16
2025/10/15 05:14:14.234 [T:0xad81b] [DisplayControl] Exit MCCSOtherSet::GetVCP()
2025/10/15 05:14:14.235 [T:0xad81b] [DisplayControl] Enter MCCSOtherSet::GetVCP(), vcp code = 16
2025/10/15 05:14:14.378 [T:0xad81b] [DisplayControl] Exit MCCSOtherSet::GetVCP()
2025/10/15 05:14:14.383 [T:0xad81b] [DisplayControl] Enter MCCSOtherSet::GetVCP(), vcp code = 16
2025/10/15 05:14:14.536 [T:0xad81b] [DisplayControl] Exit MCCSOtherSet::GetVCP()
2025/10/15 05:14:14.537 [T:0xad81b] [DisplayControl] Enter MCCSOtherSet::GetVCP(), vcp code = 16
2025/10/15 05:14:14.693 [T:0xad81b] [DisplayControl] Exit MCCSOtherSet::GetVCP()
2025/10/15 05:14:14.693 [T:0xad81b] [DisplayControl] Enter MCCSOtherSet::GetVCP(), vcp code = 16
2025/10/15 05:14:14.837 [T:0xad81b] [DisplayControl] Exit MCCSOtherSet::GetVCP()
2025/10/15 05:14:14.838 [T:0xad81b] [DisplayControl] Enter MCCSOtherSet::GetVCP(), vcp code = 16
2025/10/15 05:14:14.995 [T:0xad81b] [DisplayControl] Exit MCCSOtherSet::GetVCP()
2025/10/15 05:14:14.995 [T:0xad81b] [DisplayControl] Enter MCCSOtherSet::GetVCP(), vcp code = 16
2025/10/15 05:14:15.153 [T:0xad81b] [DisplayControl] Exit MCCSOtherSet::GetVCP()
2025/10/15 05:14:15.153 [T:0xad81b] [DisplayControl] Enter MCCSOtherSet::GetVCP(), vcp code = 16
2025/10/15 05:14:15.296 [T:0xad81b] [DisplayControl] Exit MCCSOtherSet::GetVCP()
2025/10/15 05:14:15.296 [T:0xad81b] [DisplayControl] Enter MCCSOtherSet::GetVCP(), vcp code = 16
2025/10/15 05:14:15.455 [T:0xad81b] [DisplayControl] Exit MCCSOtherSet::GetVCP()
2025/10/15 05:14:15.456 [T:0xad81b] [DisplayControl] Enter MCCSOtherSet::GetVCP(), vcp code = 16
2025/10/15 05:14:15.596 [T:0xad81b] [DisplayControl] Exit MCCSOtherSet::GetVCP()
2025/10/15 05:14:15.597 [T:0xad81b] [DisplayControl] Enter MCCSOtherSet::GetVCP(), vcp code = 16
2025/10/15 05:14:15.740 [T:0xad81b] [DisplayControl] Exit MCCSOtherSet::GetVCP()
2025/10/15 05:14:15.740 [T:0xad81b] [DisplayControl] Enter MCCSOtherSet::GetVCP(), vcp code = 16
2025/10/15 05:14:15.883 [T:0xad81b] [DisplayControl] Exit MCCSOtherSet::GetVCP()
2025/10/15 05:14:15.883 [T:0xad81b] [DisplayControl] Enter MCCSOtherSet::GetVCP(), vcp code = 16
2025/10/15 05:14:16.026 [T:0xad81b] [DisplayControl] Exit MCCSOtherSet::GetVCP()
2025/10/15 05:14:16.026 [T:0xad81b] [DisplayControl] Enter MCCSOtherSet::GetVCP(), vcp code = 16
2025/10/15 05:14:16.168 [T:0xad81b] [DisplayControl] Exit MCCSOtherSet::GetVCP()
2025/10/15 05:14:16.168 [T:0xad81b] [DisplayControl] Enter MCCSOtherSet::GetVCP(), vcp code = 16
2025/10/15 05:14:16.325 [T:0xad81b] [DisplayControl] Exit MCCSOtherSet::GetVCP()
2025/10/15 05:14:16.326 [T:0xad81b] [DisplayControl] Enter MCCSOtherSet::GetVCP(), vcp code = 16
2025/10/15 05:14:16.469 [T:0xad81b] [DisplayControl] Exit MCCSOtherSet::GetVCP()
2025/10/15 05:14:16.469 [T:0xad81b] [DisplayControl] Enter MCCSOtherSet::GetVCP(), vcp code = 16
2025/10/15 05:14:16.628 [T:0xad81b] [DisplayControl] Exit MCCSOtherSet::GetVCP()
2025/10/15 05:14:16.628 [T:0xad81b] [DisplayControl] Enter MCCSOtherSet::GetVCP(), vcp code = 16
2025/10/15 05:14:16.785 [T:0xad81b] [DisplayControl] Exit MCCSOtherSet::GetVCP()
2025/10/15 05:14:16.786 [T:0xad81b] [DisplayControl] Enter MCCSOtherSet::GetVCP(), vcp code = 16
2025/10/15 05:14:16.928 [T:0xad81b] [DisplayControl] Exit MCCSOtherSet::GetVCP()
2025/10/15 05:14:16.929 [T:0xad81b] [DisplayControl] Enter MCCSOtherSet::GetVCP(), vcp code = 16
2025/10/15 05:14:17.086 [T:0xad81b] [DisplayControl] Exit MCCSOtherSet::GetVCP()
2025/10/15 05:14:17.086 [T:0xad81b] [DisplayControl] Enter MCCSOtherSet::GetVCP(), vcp code = 16
2025/10/15 05:14:17.227 [T:0xad81b] [DisplayControl] Exit MCCSOtherSet::GetVCP()
2025/10/15 05:14:17.227 [T:0xad81b] [DisplayControl] Enter MCCSOtherSet::GetVCP(), vcp code = 16
2025/10/15 05:14:17.385 [T:0xad81b] [DisplayControl] Exit MCCSOtherSet::GetVCP()
2025/10/15 05:14:17.385 [T:0xad81b] [DisplayControl] Enter MCCSOtherSet::GetVCP(), vcp code = 16
2025/10/15 05:14:17.527 [T:0xad81b] [DisplayControl] Exit MCCSOtherSet::GetVCP()
2025/10/15 05:14:17.635 [T:0xad81b] [DisplayControl] Enter MCCSOtherSet::GetVCP(), vcp code = 18
2025/10/15 05:14:17.736 [T:0xad81b] [DisplayControl] Exit MCCSOtherSet::GetVCP()
2025/10/15 05:14:17.841 [T:0xad81b] [DisplayControl] Enter MCCSOtherSet::GetVCP(), vcp code = 141
2025/10/15 05:14:17.942 [T:0xad81b] [DisplayControl] Exit MCCSOtherSet::GetVCP()
2025/10/15 05:14:18.045 [T:0xad81b] [DisplayControl] Enter MCCSOtherSet::GetVCP(), vcp code = 220
2025/10/15 05:14:18.148 [T:0xad81b] [DisplayControl] Exit MCCSOtherSet::GetVCP()
2025/10/15 05:14:18.250 [T:0xad81b] [DisplayControl] Enter MCCSOtherSet::GetVCP(), vcp code = 4
2025/10/15 05:14:18.352 [T:0xad81b] [DisplayControl] Exit MCCSOtherSet::GetVCP()
2025/10/15 05:14:18.455 [T:0xad81b] [DisplayControl] Enter MCCSOtherSet::GetVCP(), vcp code = 97
2025/10/15 05:14:18.556 [T:0xad81b] [DisplayControl] Exit MCCSOtherSet::GetVCP()
2025/10/15 05:14:18.659 [T:0xad81b] [DisplayControl] Enter MCCSOtherSet::GetVCP(), vcp code = 96
2025/10/15 05:14:18.759 [T:0xad81b] [DisplayControl] Exit MCCSOtherSet::GetVCP()
2025/10/15 05:14:18.864 [T:0xad81b] [DisplayControl] Enter MCCSOtherSet::GetVCP(), vcp code = 225
2025/10/15 05:14:18.965 [T:0xad81b] [DisplayControl] Exit MCCSOtherSet::GetVCP()
2025/10/15 05:14:19.068 [T:0xad81b] [DisplayControl] Enter MCCSOtherSet::GetVCP(), vcp code = 135
2025/10/15 05:14:19.170 [T:0xad81b] [DisplayControl] Exit MCCSOtherSet::GetVCP()
2025/10/15 05:14:19.273 [T:0xad81b] [DisplayControl] Enter MCCSOtherSet::GetVCP(), vcp code = 51
2025/10/15 05:14:19.376 [T:0xad81b] [DisplayControl] Exit MCCSOtherSet::GetVCP()
2025/10/15 05:14:19.480 [T:0xad81b] [DisplayControl] Enter MCCSOtherSet::GetVCP(), vcp code = 226
2025/10/15 05:14:19.582 [T:0xad81b] [DisplayControl] Exit MCCSOtherSet::GetVCP()
2025/10/15 05:14:19.686 [T:0xad81b] [DisplayControl] Enter MCCSOtherSet::GetVCP(), vcp code = 98
2025/10/15 05:14:19.788 [T:0xad81b] [DisplayControl] Exit MCCSOtherSet::GetVCP()
2025/10/15 05:14:19.892 [T:0xad81b] [DisplayControl] Enter MCCSOtherSet::GetVCP(), vcp code = 236
2025/10/15 05:14:19.994 [T:0xad81b] [DisplayControl] Exit MCCSOtherSet::GetVCP()
2025/10/15 05:14:20.098 [T:0xad81b] [DisplayControl] Enter MCCSOtherSet::GetVCP(), vcp code = 43
2025/10/15 05:14:20.200 [T:0xad81b] [DisplayControl] Exit MCCSOtherSet::GetVCP()
2025/10/15 05:14:20.303 [T:0xad81b] [DisplayControl] Enter MCCSOtherSet::GetVCP(), vcp code = 16
2025/10/15 05:14:20.405 [T:0xad81b] [DisplayControl] Exit MCCSOtherSet::GetVCP()
2025/10/15 05:15:30.329 [T:0x0cc5a] [DisplayControl] Enter MCCSOtherSet::GetVCP(), vcp code = 96
2025/10/15 05:15:30.413 [T:0x0cc5a] [DisplayControl] Exit MCCSOtherSet::GetVCP()
2025/10/15 05:15:30.565 [T:0x5bf38] [DisplayControl] Enter MCCSOtherSet::GetVCP(), vcp code = 20
2025/10/15 05:15:30.696 [T:0x5bf38] [DisplayControl] Exit MCCSOtherSet::GetVCP()
2025/10/15 05:15:30.797 [T:0x5bf38] [DisplayControl] Enter MCCSOtherSet::GetVCP(), vcp code = 18
2025/10/15 05:15:30.883 [T:0x5bf38] [DisplayControl] Exit MCCSOtherSet::GetVCP()
2025/10/15 05:15:30.883 [T:0x5bf38] [DisplayControl] Enter MCCSOtherSet::GetVCP(), vcp code = 18
2025/10/15 05:15:31.026 [T:0x5bf38] [DisplayControl] Exit MCCSOtherSet::GetVCP()
2025/10/15 05:15:31.027 [T:0x5bf38] [DisplayControl] Enter MCCSOtherSet::GetVCP(), vcp code = 18
2025/10/15 05:15:31.169 [T:0x5bf38] [DisplayControl] Exit MCCSOtherSet::GetVCP()
2025/10/15 05:15:31.169 [T:0x5bf38] [DisplayControl] Enter MCCSOtherSet::GetVCP(), vcp code = 18
2025/10/15 05:15:31.311 [T:0x5bf38] [DisplayControl] Exit MCCSOtherSet::GetVCP()
2025/10/15 05:15:31.311 [T:0x5bf38] [DisplayControl] Enter MCCSOtherSet::GetVCP(), vcp code = 18
2025/10/15 05:15:31.469 [T:0x5bf38] [DisplayControl] Exit MCCSOtherSet::GetVCP()
2025/10/15 05:15:31.469 [T:0x5bf38] [DisplayControl] Enter MCCSOtherSet::GetVCP(), vcp code = 18
2025/10/15 05:15:31.626 [T:0x5bf38] [DisplayControl] Exit MCCSOtherSet::GetVCP()
2025/10/15 05:15:31.627 [T:0x5bf38] [DisplayControl] Enter MCCSOtherSet::GetVCP(), vcp code = 18
2025/10/15 05:15:31.782 [T:0x5bf38] [DisplayControl] Exit MCCSOtherSet::GetVCP()
2025/10/15 05:15:31.782 [T:0x5bf38] [DisplayControl] Enter MCCSOtherSet::GetVCP(), vcp code = 18
2025/10/15 05:15:31.940 [T:0x5bf38] [DisplayControl] Exit MCCSOtherSet::GetVCP()
2025/10/15 05:15:31.940 [T:0x5bf38] [DisplayControl] Enter MCCSOtherSet::GetVCP(), vcp code = 18
2025/10/15 05:15:32.099 [T:0x5bf38] [DisplayControl] Exit MCCSOtherSet::GetVCP()
2025/10/15 05:15:32.099 [T:0x5bf38] [DisplayControl] Enter MCCSOtherSet::GetVCP(), vcp code = 18
2025/10/15 05:15:32.256 [T:0x5bf38] [DisplayControl] Exit MCCSOtherSet::GetVCP()
2025/10/15 05:15:32.257 [T:0x5bf38] [DisplayControl] Enter MCCSOtherSet::GetVCP(), vcp code = 18
2025/10/15 05:15:32.414 [T:0x5bf38] [DisplayControl] Exit MCCSOtherSet::GetVCP()
2025/10/15 05:15:32.415 [T:0x5bf38] [DisplayControl] Enter MCCSOtherSet::GetVCP(), vcp code = 18
2025/10/15 05:15:32.572 [T:0x5bf38] [DisplayControl] Exit MCCSOtherSet::GetVCP()
2025/10/15 05:15:32.573 [T:0x5bf38] [DisplayControl] Enter MCCSOtherSet::GetVCP(), vcp code = 18
2025/10/15 05:15:32.715 [T:0x5bf38] [DisplayControl] Exit MCCSOtherSet::GetVCP()
2025/10/15 05:15:32.715 [T:0x5bf38] [DisplayControl] Enter MCCSOtherSet::GetVCP(), vcp code = 18
2025/10/15 05:15:32.874 [T:0x5bf38] [DisplayControl] Exit MCCSOtherSet::GetVCP()
2025/10/15 05:15:32.874 [T:0x5bf38] [DisplayControl] Enter MCCSOtherSet::GetVCP(), vcp code = 18
2025/10/15 05:15:33.016 [T:0x5bf38] [DisplayControl] Exit MCCSOtherSet::GetVCP()
2025/10/15 05:15:33.017 [T:0x5bf38] [DisplayControl] Enter MCCSOtherSet::GetVCP(), vcp code = 18
2025/10/15 05:15:33.173 [T:0x5bf38] [DisplayControl] Exit MCCSOtherSet::GetVCP()
2025/10/15 05:15:33.173 [T:0x5bf38] [DisplayControl] Enter MCCSOtherSet::GetVCP(), vcp code = 18
2025/10/15 05:15:33.315 [T:0x5bf38] [DisplayControl] Exit MCCSOtherSet::GetVCP()
2025/10/15 05:15:33.315 [T:0x5bf38] [DisplayControl] Enter MCCSOtherSet::GetVCP(), vcp code = 18
2025/10/15 05:15:33.474 [T:0x5bf38] [DisplayControl] Exit MCCSOtherSet::GetVCP()
2025/10/15 05:15:33.474 [T:0x5bf38] [DisplayControl] Enter MCCSOtherSet::GetVCP(), vcp code = 18
2025/10/15 05:15:33.631 [T:0x5bf38] [DisplayControl] Exit MCCSOtherSet::GetVCP()
2025/10/15 05:15:33.631 [T:0x5bf38] [DisplayControl] Enter MCCSOtherSet::GetVCP(), vcp code = 18
2025/10/15 05:15:33.790 [T:0x5bf38] [DisplayControl] Exit MCCSOtherSet::GetVCP()
2025/10/15 05:15:33.790 [T:0x5bf38] [DisplayControl] Enter MCCSOtherSet::GetVCP(), vcp code = 18
2025/10/15 05:15:33.948 [T:0x5bf38] [DisplayControl] Exit MCCSOtherSet::GetVCP()
2025/10/15 05:15:33.949 [T:0x5bf38] [DisplayControl] Enter MCCSOtherSet::GetVCP(), vcp code = 18
2025/10/15 05:15:34.107 [T:0x5bf38] [DisplayControl] Exit MCCSOtherSet::GetVCP()
2025/10/15 05:15:34.107 [T:0x5bf38] [DisplayControl] Enter MCCSOtherSet::GetVCP(), vcp code = 18
2025/10/15 05:15:34.265 [T:0x5bf38] [DisplayControl] Exit MCCSOtherSet::GetVCP()
2025/10/15 05:15:34.265 [T:0x5bf38] [DisplayControl] Enter MCCSOtherSet::GetVCP(), vcp code = 18
2025/10/15 05:15:34.424 [T:0x5bf38] [DisplayControl] Exit MCCSOtherSet::GetVCP()
2025/10/15 05:15:34.424 [T:0x5bf38] [DisplayControl] Enter MCCSOtherSet::GetVCP(), vcp code = 18
2025/10/15 05:15:34.580 [T:0x5bf38] [DisplayControl] Exit MCCSOtherSet::GetVCP()
2025/10/15 05:15:34.581 [T:0x5bf38] [DisplayControl] Enter MCCSOtherSet::GetVCP(), vcp code = 18
2025/10/15 05:15:34.738 [T:0x5bf38] [DisplayControl] Exit MCCSOtherSet::GetVCP()
2025/10/15 05:15:34.738 [T:0x5bf38] [DisplayControl] Enter MCCSOtherSet::GetVCP(), vcp code = 18
2025/10/15 05:15:34.896 [T:0x5bf38] [DisplayControl] Exit MCCSOtherSet::GetVCP()
2025/10/15 05:15:34.896 [T:0x5bf38] [DisplayControl] Enter MCCSOtherSet::GetVCP(), vcp code = 18
2025/10/15 05:15:35.052 [T:0x5bf38] [DisplayControl] Exit MCCSOtherSet::GetVCP()
2025/10/15 05:15:35.052 [T:0x5bf38] [DisplayControl] Enter MCCSOtherSet::GetVCP(), vcp code = 18
2025/10/15 05:15:35.210 [T:0x5bf38] [DisplayControl] Exit MCCSOtherSet::GetVCP()
2025/10/15 05:15:35.211 [T:0x5bf38] [DisplayControl] Enter MCCSOtherSet::GetVCP(), vcp code = 18
2025/10/15 05:15:35.368 [T:0x5bf38] [DisplayControl] Exit MCCSOtherSet::GetVCP()
2025/10/15 05:15:35.368 [T:0x5bf38] [DisplayControl] Enter MCCSOtherSet::GetVCP(), vcp code = 18
2025/10/15 05:15:35.511 [T:0x5bf38] [DisplayControl] Exit MCCSOtherSet::GetVCP()
2025/10/15 05:15:35.511 [T:0x5bf38] [DisplayControl] Enter MCCSOtherSet::GetVCP(), vcp code = 18
2025/10/15 05:15:35.668 [T:0x5bf38] [DisplayControl] Exit MCCSOtherSet::GetVCP()
2025/10/15 05:15:35.669 [T:0x5bf38] [DisplayControl] Enter MCCSOtherSet::GetVCP(), vcp code = 18
2025/10/15 05:15:35.825 [T:0x5bf38] [DisplayControl] Exit MCCSOtherSet::GetVCP()
2025/10/15 05:15:35.933 [T:0x5bf38] [DisplayControl] Enter MCCSOtherSet::GetVCP(), vcp code = 141
2025/10/15 05:15:36.031 [T:0x5bf38] [DisplayControl] Exit MCCSOtherSet::GetVCP()
2025/10/15 05:15:36.138 [T:0x5bf38] [DisplayControl] Enter MCCSOtherSet::GetVCP(), vcp code = 245
2025/10/15 05:15:36.235 [T:0x5bf38] [DisplayControl] Exit MCCSOtherSet::GetVCP()
2025/10/15 05:15:36.343 [T:0x5bf38] [DisplayControl] Enter MCCSOtherSet::GetVCP(), vcp code = 220
2025/10/15 05:15:36.441 [T:0x5bf38] [DisplayControl] Exit MCCSOtherSet::GetVCP()
2025/10/15 05:15:36.549 [T:0x5bf38] [DisplayControl] Enter MCCSOtherSet::GetVCP(), vcp code = 4
2025/10/15 05:15:36.632 [T:0x5bf38] [DisplayControl] Exit MCCSOtherSet::GetVCP()
2025/10/15 05:15:36.739 [T:0x5bf38] [DisplayControl] Enter MCCSOtherSet::GetVCP(), vcp code = 97
2025/10/15 05:15:36.836 [T:0x5bf38] [DisplayControl] Exit MCCSOtherSet::GetVCP()
2025/10/15 05:15:36.944 [T:0x5bf38] [DisplayControl] Enter MCCSOtherSet::GetVCP(), vcp code = 96
2025/10/15 05:15:37.041 [T:0x5bf38] [DisplayControl] Exit MCCSOtherSet::GetVCP()
2025/10/15 05:15:37.148 [T:0x5bf38] [DisplayControl] Enter MCCSOtherSet::GetVCP(), vcp code = 225
2025/10/15 05:15:37.231 [T:0x5bf38] [DisplayControl] Exit MCCSOtherSet::GetVCP()
2025/10/15 05:15:37.338 [T:0x5bf38] [DisplayControl] Enter MCCSOtherSet::GetVCP(), vcp code = 135
2025/10/15 05:15:37.435 [T:0x5bf38] [DisplayControl] Exit MCCSOtherSet::GetVCP()
2025/10/15 05:15:37.542 [T:0x5bf38] [DisplayControl] Enter MCCSOtherSet::GetVCP(), vcp code = 51
2025/10/15 05:15:37.639 [T:0x5bf38] [DisplayControl] Exit MCCSOtherSet::GetVCP()
2025/10/15 05:15:37.747 [T:0x5bf38] [DisplayControl] Enter MCCSOtherSet::GetVCP(), vcp code = 98
2025/10/15 05:15:37.845 [T:0x5bf38] [DisplayControl] Exit MCCSOtherSet::GetVCP()
2025/10/15 05:15:37.953 [T:0x5bf38] [DisplayControl] Enter MCCSOtherSet::GetVCP(), vcp code = 43
2025/10/15 05:15:38.051 [T:0x5bf38] [DisplayControl] Exit MCCSOtherSet::GetVCP()
2025/10/15 05:15:38.160 [T:0x5bf38] [DisplayControl] Enter MCCSOtherSet::GetVCP(), vcp code = 16
2025/10/15 05:15:38.257 [T:0x5bf38] [DisplayControl] Exit MCCSOtherSet::GetVCP()
2025/10/15 05:15:38.258 [T:0x5bf38] [DisplayControl] Enter MCCSOtherSet::GetVCP(), vcp code = 16
2025/10/15 05:15:38.416 [T:0x5bf38] [DisplayControl] Exit MCCSOtherSet::GetVCP()
2025/10/15 05:15:38.417 [T:0x5bf38] [DisplayControl] Enter MCCSOtherSet::GetVCP(), vcp code = 16
2025/10/15 05:15:38.575 [T:0x5bf38] [DisplayControl] Exit MCCSOtherSet::GetVCP()
2025/10/15 05:15:38.576 [T:0x5bf38] [DisplayControl] Enter MCCSOtherSet::GetVCP(), vcp code = 16
2025/10/15 05:15:38.734 [T:0x5bf38] [DisplayControl] Exit MCCSOtherSet::GetVCP()
2025/10/15 05:15:38.734 [T:0x5bf38] [DisplayControl] Enter MCCSOtherSet::GetVCP(), vcp code = 16
2025/10/15 05:15:38.892 [T:0x5bf38] [DisplayControl] Exit MCCSOtherSet::GetVCP()
2025/10/15 05:15:38.898 [T:0x5bf38] [DisplayControl] Enter MCCSOtherSet::GetVCP(), vcp code = 16
2025/10/15 05:15:39.035 [T:0x5bf38] [DisplayControl] Exit MCCSOtherSet::GetVCP()
2025/10/15 05:15:39.035 [T:0x5bf38] [DisplayControl] Enter MCCSOtherSet::GetVCP(), vcp code = 16
2025/10/15 05:15:39.177 [T:0x5bf38] [DisplayControl] Exit MCCSOtherSet::GetVCP()
2025/10/15 05:15:39.177 [T:0x5bf38] [DisplayControl] Enter MCCSOtherSet::GetVCP(), vcp code = 16
2025/10/15 05:15:39.321 [T:0x5bf38] [DisplayControl] Exit MCCSOtherSet::GetVCP()
2025/10/15 05:15:39.321 [T:0x5bf38] [DisplayControl] Enter MCCSOtherSet::GetVCP(), vcp code = 16
2025/10/15 05:15:39.478 [T:0x5bf38] [DisplayControl] Exit MCCSOtherSet::GetVCP()
2025/10/15 05:15:39.478 [T:0x5bf38] [DisplayControl] Enter MCCSOtherSet::GetVCP(), vcp code = 16
2025/10/15 05:15:39.637 [T:0x5bf38] [DisplayControl] Exit MCCSOtherSet::GetVCP()
2025/10/15 05:15:39.637 [T:0x5bf38] [DisplayControl] Enter MCCSOtherSet::GetVCP(), vcp code = 16
2025/10/15 05:15:39.778 [T:0x5bf38] [DisplayControl] Exit MCCSOtherSet::GetVCP()
2025/10/15 05:15:39.779 [T:0x5bf38] [DisplayControl] Enter MCCSOtherSet::GetVCP(), vcp code = 16
2025/10/15 05:15:39.921 [T:0x5bf38] [DisplayControl] Exit MCCSOtherSet::GetVCP()
2025/10/15 05:15:39.922 [T:0x5bf38] [DisplayControl] Enter MCCSOtherSet::GetVCP(), vcp code = 16
2025/10/15 05:15:40.064 [T:0x5bf38] [DisplayControl] Exit MCCSOtherSet::GetVCP()
2025/10/15 05:15:40.065 [T:0x5bf38] [DisplayControl] Enter MCCSOtherSet::GetVCP(), vcp code = 16
2025/10/15 05:15:40.221 [T:0x5bf38] [DisplayControl] Exit MCCSOtherSet::GetVCP()
2025/10/15 05:15:40.222 [T:0x5bf38] [DisplayControl] Enter MCCSOtherSet::GetVCP(), vcp code = 16
2025/10/15 05:15:40.378 [T:0x5bf38] [DisplayControl] Exit MCCSOtherSet::GetVCP()
2025/10/15 05:15:40.379 [T:0x5bf38] [DisplayControl] Enter MCCSOtherSet::GetVCP(), vcp code = 16
2025/10/15 05:15:40.521 [T:0x5bf38] [DisplayControl] Exit MCCSOtherSet::GetVCP()
2025/10/15 05:15:40.522 [T:0x5bf38] [DisplayControl] Enter MCCSOtherSet::GetVCP(), vcp code = 16
2025/10/15 05:15:40.678 [T:0x5bf38] [DisplayControl] Exit MCCSOtherSet::GetVCP()
2025/10/15 05:15:40.678 [T:0x5bf38] [DisplayControl] Enter MCCSOtherSet::GetVCP(), vcp code = 16
2025/10/15 05:15:40.820 [T:0x5bf38] [DisplayControl] Exit MCCSOtherSet::GetVCP()
2025/10/15 05:15:40.820 [T:0x5bf38] [DisplayControl] Enter MCCSOtherSet::GetVCP(), vcp code = 16
2025/10/15 05:15:40.978 [T:0x5bf38] [DisplayControl] Exit MCCSOtherSet::GetVCP()
2025/10/15 05:15:40.979 [T:0x5bf38] [DisplayControl] Enter MCCSOtherSet::GetVCP(), vcp code = 16
2025/10/15 05:15:41.120 [T:0x5bf38] [DisplayControl] Exit MCCSOtherSet::GetVCP()
2025/10/15 05:15:41.121 [T:0x5bf38] [DisplayControl] Enter MCCSOtherSet::GetVCP(), vcp code = 16
2025/10/15 05:15:41.264 [T:0x5bf38] [DisplayControl] Exit MCCSOtherSet::GetVCP()
2025/10/15 05:15:41.264 [T:0x5bf38] [DisplayControl] Enter MCCSOtherSet::GetVCP(), vcp code = 16
2025/10/15 05:15:41.420 [T:0x5bf38] [DisplayControl] Exit MCCSOtherSet::GetVCP()
2025/10/15 05:15:41.420 [T:0x5bf38] [DisplayControl] Enter MCCSOtherSet::GetVCP(), vcp code = 16
2025/10/15 05:15:41.577 [T:0x5bf38] [DisplayControl] Exit MCCSOtherSet::GetVCP()
2025/10/15 05:15:41.577 [T:0x5bf38] [DisplayControl] Enter MCCSOtherSet::GetVCP(), vcp code = 16
2025/10/15 05:15:41.734 [T:0x5bf38] [DisplayControl] Exit MCCSOtherSet::GetVCP()
2025/10/15 05:15:41.735 [T:0x5bf38] [DisplayControl] Enter MCCSOtherSet::GetVCP(), vcp code = 16
2025/10/15 05:15:41.892 [T:0x5bf38] [DisplayControl] Exit MCCSOtherSet::GetVCP()
2025/10/15 05:15:41.892 [T:0x5bf38] [DisplayControl] Enter MCCSOtherSet::GetVCP(), vcp code = 16
2025/10/15 05:15:42.032 [T:0x5bf38] [DisplayControl] Exit MCCSOtherSet::GetVCP()
2025/10/15 05:15:42.033 [T:0x5bf38] [DisplayControl] Enter MCCSOtherSet::GetVCP(), vcp code = 16
2025/10/15 05:15:42.191 [T:0x5bf38] [DisplayControl] Exit MCCSOtherSet::GetVCP()
2025/10/15 05:15:42.191 [T:0x5bf38] [DisplayControl] Enter MCCSOtherSet::GetVCP(), vcp code = 16
2025/10/15 05:15:42.334 [T:0x5bf38] [DisplayControl] Exit MCCSOtherSet::GetVCP()
2025/10/15 05:15:42.334 [T:0x5bf38] [DisplayControl] Enter MCCSOtherSet::GetVCP(), vcp code = 16
2025/10/15 05:15:42.477 [T:0x5bf38] [DisplayControl] Exit MCCSOtherSet::GetVCP()
2025/10/15 05:15:42.477 [T:0x5bf38] [DisplayControl] Enter MCCSOtherSet::GetVCP(), vcp code = 16
2025/10/15 05:15:42.634 [T:0x5bf38] [DisplayControl] Exit MCCSOtherSet::GetVCP()
2025/10/15 05:15:42.635 [T:0x5bf38] [DisplayControl] Enter MCCSOtherSet::GetVCP(), vcp code = 16
2025/10/15 05:15:42.792 [T:0x5bf38] [DisplayControl] Exit MCCSOtherSet::GetVCP()
2025/10/15 05:15:42.792 [T:0x5bf38] [DisplayControl] Enter MCCSOtherSet::GetVCP(), vcp code = 16
2025/10/15 05:15:42.934 [T:0x5bf38] [DisplayControl] Exit MCCSOtherSet::GetVCP()
2025/10/15 05:15:42.935 [T:0x5bf38] [DisplayControl] Enter MCCSOtherSet::GetVCP(), vcp code = 16
2025/10/15 05:15:43.092 [T:0x5bf38] [DisplayControl] Exit MCCSOtherSet::GetVCP()
2025/10/15 05:15:43.093 [T:0x5bf38] [DisplayControl] Enter MCCSOtherSet::GetVCP(), vcp code = 16
2025/10/15 05:15:43.249 [T:0x5bf38] [DisplayControl] Exit MCCSOtherSet::GetVCP()
2025/10/15 05:15:46.284 [T:0x5bf38] [DisplayControl] Enter MCCSOtherSet::SetVCP(), vcp code = 4
2025/10/15 05:15:47.232 [T:0x5bf38] [DisplayControl] Exit MCCSOtherSet::SetVCP()
2025/10/15 05:15:52.360 [T:0x5bf38] [DisplayControl] Enter OperationThread::ExitThread
2025/10/15 05:15:52.360 [T:0x5bf38] [DisplayControl] Exit OperationThread::ExitThread
2025/10/15 05:15:52.360 [T:0x5bf38] [DisplayControl] Enter OperationThread::~OperationThread()
2025/10/15 05:15:52.360 [T:0x5bf38] [DisplayControl] Enter OperationThread::ExitThread
2025/10/15 05:15:52.360 [T:0x5bf38] [DisplayControl] Enter OperationThread::ExitThread
2025/10/15 05:15:52.360 [T:0x5bf38] [DisplayControl] Exit OperationThread::ExitThread
2025/10/15 05:15:52.360 [T:0x5bf38] [DisplayControl] Enter OperationThread::~OperationThread()
2025/10/15 05:15:52.361 [T:0x5bf38] [DisplayControl] Enter OperationThread::ExitThread
2025/10/15 05:15:52.392 [T:0x5bf38] [DbgStr] After calling display_control_client_listener_video_port_.UpdateAllDisplayPath()
2025/10/15 05:15:52.416 [T:0x5bf38] [DbgStr] After calling display_control_client_listener_.GetAllDisplayEDID()
2025/10/15 05:15:52.418 [T:0x5bf38] [DisplayControl] Version = 3.0.6.0
2025/10/15 05:15:52.418 [T:0x5bf38] [DisplayControl] Enter ObtainControlHandler1
2025/10/15 05:15:52.418 [T:0x5bf38] [DisplayControl] GetVideoPortCommander
2025/10/15 05:15:52.418 [T:0x5bf38] [DisplayControl] GetUSBHubCommander
2025/10/15 05:15:52.418 [T:0x5bf38] ====== List p_lpo_display_info_video_port, # of devices is ======2
2025/10/15 05:15:52.418 [T:0x5bf38] [DisplayControl] index of p_lpo_display_info_video_port0
2025/10/15 05:15:52.418 [T:0x5bf38] [DisplayControl] Model name from VideoPort = VG2458
2025/10/15 05:15:52.418 [T:0x5bf38] [DisplayControl] SN from VideoPort = YDJ243400006
2025/10/15 05:15:52.418 [T:0x5bf38] [DisplayControl] index of p_lpo_display_info_video_port1
2025/10/15 05:15:52.419 [T:0x5bf38] [DisplayControl] Model name from VideoPort = VG275
2025/10/15 05:15:52.419 [T:0x5bf38] [DisplayControl] SN from VideoPort = XF6232400003
2025/10/15 05:15:52.419 [T:0x5bf38] ====== List p_lpo_display_info_rtd_scalar_rts_hub, # of devices is ======0
2025/10/15 05:15:52.419 [T:0x5bf38] [DisplayControl] GetVSRtkHubControlClientListener
2025/10/15 05:15:52.419 [T:0x5bf38] [DisplayControl] max monitor count = 2
2025/10/15 05:15:52.419 [T:0x5bf38] [DisplayControl] index of display_info_vec = 0
2025/10/15 05:15:52.419 [T:0x5bf38] [DisplayControl] index of p_lpo_display_info_video_port = 0
2025/10/15 05:15:52.419 [T:0x5bf38] [DisplayControl] VideoPortMatchingRule
2025/10/15 05:15:52.419 [T:0x5bf38] [DisplayControl] monitor display_info_model_name = VG2458
2025/10/15 05:15:52.419 [T:0x5bf38] [DisplayControl] monitor video_port_model_name = VG2458
2025/10/15 05:15:52.419 [T:0x5bf38] [DisplayControl] monitor display_info_sn = YDJ243400006
2025/10/15 05:15:52.419 [T:0x5bf38] [DisplayControl] monitor video_port_sn = YDJ243400006
2025/10/15 05:15:52.419 [T:0x5bf38] [DisplayControl] model_name_match = 1
2025/10/15 05:15:52.419 [T:0x5bf38] [DisplayControl] sn_match = 1
2025/10/15 05:15:52.419 [T:0x5bf38] [DisplayControl] video_port is_match = 1
2025/10/15 05:15:52.419 [T:0x5bf38] [DisplayControl] index of display_info_vec = 1
2025/10/15 05:15:52.419 [T:0x5bf38] [DisplayControl] index of p_lpo_display_info_video_port = 0
2025/10/15 05:15:52.419 [T:0x5bf38] [DisplayControl] VideoPortMatchingRule
2025/10/15 05:15:52.419 [T:0x5bf38] [DisplayControl] monitor display_info_model_name = VG275
2025/10/15 05:15:52.419 [T:0x5bf38] [DisplayControl] monitor video_port_model_name = VG2458
2025/10/15 05:15:52.419 [T:0x5bf38] [DisplayControl] monitor display_info_sn = XF6232400003
2025/10/15 05:15:52.419 [T:0x5bf38] [DisplayControl] monitor video_port_sn = YDJ243400006
2025/10/15 05:15:52.419 [T:0x5bf38] [DisplayControl] model_name_match = 0
2025/10/15 05:15:52.419 [T:0x5bf38] [DisplayControl] sn_match = 0
2025/10/15 05:15:52.419 [T:0x5bf38] [DisplayControl] video_port is_match = 0
2025/10/15 05:15:52.419 [T:0x5bf38] [DisplayControl] index of display_info_vec = 1
2025/10/15 05:15:52.419 [T:0x5bf38] [DisplayControl] index of p_lpo_display_info_video_port = 1
2025/10/15 05:15:52.419 [T:0x5bf38] [DisplayControl] VideoPortMatchingRule
2025/10/15 05:15:52.420 [T:0x5bf38] [DisplayControl] monitor display_info_model_name = VG275
2025/10/15 05:15:52.420 [T:0x5bf38] [DisplayControl] monitor video_port_model_name = VG275
2025/10/15 05:15:52.420 [T:0x5bf38] [DisplayControl] monitor display_info_sn = XF6232400003
2025/10/15 05:15:52.420 [T:0x5bf38] [DisplayControl] monitor video_port_sn = XF6232400003
2025/10/15 05:15:52.420 [T:0x5bf38] [DisplayControl] model_name_match = 1
2025/10/15 05:15:52.420 [T:0x5bf38] [DisplayControl] sn_match = 1
2025/10/15 05:15:52.420 [T:0x5bf38] [DisplayControl] video_port is_match = 1
2025/10/15 05:15:52.420 [T:0x5bf38] [DisplayControl] i = 0
2025/10/15 05:15:52.420 [T:0x5bf38] [DisplayControl] Enter OperationThread::OperationThread()
2025/10/15 05:15:52.420 [T:0x5bf38] [DisplayControl] Enter OperationThread::CreateThread
2025/10/15 05:15:52.420 [T:0x5bf38] [DisplayControl] new DisplayFunctioner
2025/10/15 05:15:52.420 [T:0x5bf38] [DisplayControl] insert displayer_vector
2025/10/15 05:15:52.420 [T:0x5bf38] [DisplayControl] insert modelName_SN_to_Display_map
2025/10/15 05:15:52.420 [T:0x5bf38] [DisplayControl] insert device_id_to_Displayer_map_
2025/10/15 05:15:52.420 [T:0x5bf38] [DisplayControl] i = 1
2025/10/15 05:15:52.420 [T:0x5bf38] [DisplayControl] Enter OperationThread::OperationThread()
2025/10/15 05:15:52.420 [T:0x5bf38] [DisplayControl] Enter OperationThread::CreateThread
2025/10/15 05:15:52.420 [T:0x5bf38] [DisplayControl] new DisplayFunctioner
2025/10/15 05:15:52.420 [T:0x5bf38] [DisplayControl] insert displayer_vector
2025/10/15 05:15:52.420 [T:0x5bf38] [DisplayControl] insert modelName_SN_to_Display_map
2025/10/15 05:15:52.420 [T:0x5bf38] [DisplayControl] insert device_id_to_Displayer_map_
2025/10/15 05:15:52.420 [T:0x5bf38] [DisplayControl] monitor size = 2
2025/10/15 05:15:52.420 [T:0x5bf38] [DisplayControl] Exit ObtainControlHandler
2025/10/15 05:15:52.420 [T:0x5bf38] [DisplayControl] Enter MCCSOtherSet::GetVCP(), vcp code = 16
2025/10/15 05:15:52.504 [T:0x5bf38] [DisplayControl] Exit MCCSOtherSet::GetVCP()
2025/10/15 05:15:52.504 [T:0x5bf38] [DisplayControl] Enter MCCSOtherSet::GetVCP(), vcp code = 20
2025/10/15 05:15:52.644 [T:0x5bf38] [DisplayControl] Exit MCCSOtherSet::GetVCP()
2025/10/15 05:15:52.752 [T:0x5bf38] [DisplayControl] Enter MCCSOtherSet::GetVCP(), vcp code = 18
2025/10/15 05:15:52.834 [T:0x5bf38] [DisplayControl] Exit MCCSOtherSet::GetVCP()
2025/10/15 05:15:52.943 [T:0x5bf38] [DisplayControl] Enter MCCSOtherSet::GetVCP(), vcp code = 141
2025/10/15 05:15:53.024 [T:0x5bf38] [DisplayControl] Exit MCCSOtherSet::GetVCP()
2025/10/15 05:15:53.133 [T:0x5bf38] [DisplayControl] Enter MCCSOtherSet::GetVCP(), vcp code = 245
2025/10/15 05:15:53.215 [T:0x5bf38] [DisplayControl] Exit MCCSOtherSet::GetVCP()
2025/10/15 05:15:53.323 [T:0x5bf38] [DisplayControl] Enter MCCSOtherSet::GetVCP(), vcp code = 220
2025/10/15 05:15:53.404 [T:0x5bf38] [DisplayControl] Exit MCCSOtherSet::GetVCP()
2025/10/15 05:15:53.513 [T:0x5bf38] [DisplayControl] Enter MCCSOtherSet::GetVCP(), vcp code = 4
2025/10/15 05:15:53.595 [T:0x5bf38] [DisplayControl] Exit MCCSOtherSet::GetVCP()
2025/10/15 05:15:53.700 [T:0x5bf38] [DisplayControl] Enter MCCSOtherSet::GetVCP(), vcp code = 97
2025/10/15 05:15:53.783 [T:0x5bf38] [DisplayControl] Exit MCCSOtherSet::GetVCP()
2025/10/15 05:15:53.891 [T:0x5bf38] [DisplayControl] Enter MCCSOtherSet::GetVCP(), vcp code = 96
2025/10/15 05:15:53.971 [T:0x5bf38] [DisplayControl] Exit MCCSOtherSet::GetVCP()
2025/10/15 05:15:54.079 [T:0x5bf38] [DisplayControl] Enter MCCSOtherSet::GetVCP(), vcp code = 225
2025/10/15 05:15:54.161 [T:0x5bf38] [DisplayControl] Exit MCCSOtherSet::GetVCP()
2025/10/15 05:15:54.268 [T:0x5bf38] [DisplayControl] Enter MCCSOtherSet::GetVCP(), vcp code = 135
2025/10/15 05:15:54.351 [T:0x5bf38] [DisplayControl] Exit MCCSOtherSet::GetVCP()
2025/10/15 05:15:54.456 [T:0x5bf38] [DisplayControl] Enter MCCSOtherSet::GetVCP(), vcp code = 51
2025/10/15 05:15:54.538 [T:0x5bf38] [DisplayControl] Exit MCCSOtherSet::GetVCP()
2025/10/15 05:15:54.646 [T:0x5bf38] [DisplayControl] Enter MCCSOtherSet::GetVCP(), vcp code = 98
2025/10/15 05:15:54.717 [T:0x0cc5a] [DisplayControl] Enter MCCSOtherSet::GetVCP(), vcp code = 96
2025/10/15 05:15:54.726 [T:0x5bf38] [DisplayControl] Exit MCCSOtherSet::GetVCP()
2025/10/15 05:15:54.828 [T:0x5bf38] [DisplayControl] Enter MCCSOtherSet::GetVCP(), vcp code = 43
2025/10/15 05:15:54.906 [T:0x0cc5a] [DisplayControl] Exit MCCSOtherSet::GetVCP()
2025/10/15 05:15:55.080 [T:0x5bf38] [DisplayControl] Exit MCCSOtherSet::GetVCP()
2025/10/15 05:15:55.182 [T:0x5bf38] [DisplayControl] Enter MCCSOtherSet::GetVCP(), vcp code = 16
2025/10/15 05:15:55.403 [T:0x5bf38] [DisplayControl] Exit MCCSOtherSet::GetVCP()
2025/10/15 05:15:55.510 [T:0x5bf38] [DisplayControl] Enter MCCSOtherSet::GetVCP(), vcp code = 18
2025/10/15 05:15:55.596 [T:0x5bf38] [DisplayControl] Exit MCCSOtherSet::GetVCP()
2025/10/15 05:15:55.700 [T:0x5bf38] [DisplayControl] Enter MCCSOtherSet::GetVCP(), vcp code = 141
2025/10/15 05:15:55.786 [T:0x5bf38] [DisplayControl] Exit MCCSOtherSet::GetVCP()
2025/10/15 05:15:55.891 [T:0x5bf38] [DisplayControl] Enter MCCSOtherSet::GetVCP(), vcp code = 220
2025/10/15 05:15:55.977 [T:0x5bf38] [DisplayControl] Exit MCCSOtherSet::GetVCP()
2025/10/15 05:15:56.080 [T:0x5bf38] [DisplayControl] Enter MCCSOtherSet::GetVCP(), vcp code = 4
2025/10/15 05:15:56.167 [T:0x5bf38] [DisplayControl] Exit MCCSOtherSet::GetVCP()
2025/10/15 05:15:56.271 [T:0x5bf38] [DisplayControl] Enter MCCSOtherSet::GetVCP(), vcp code = 97
2025/10/15 05:15:56.357 [T:0x5bf38] [DisplayControl] Exit MCCSOtherSet::GetVCP()
2025/10/15 05:15:56.460 [T:0x5bf38] [DisplayControl] Enter MCCSOtherSet::GetVCP(), vcp code = 96
2025/10/15 05:15:56.546 [T:0x5bf38] [DisplayControl] Exit MCCSOtherSet::GetVCP()
2025/10/15 05:15:56.649 [T:0x5bf38] [DisplayControl] Enter MCCSOtherSet::GetVCP(), vcp code = 225
2025/10/15 05:15:56.734 [T:0x5bf38] [DisplayControl] Exit MCCSOtherSet::GetVCP()
2025/10/15 05:15:56.837 [T:0x5bf38] [DisplayControl] Enter MCCSOtherSet::GetVCP(), vcp code = 135
2025/10/15 05:15:56.936 [T:0x5bf38] [DisplayControl] Exit MCCSOtherSet::GetVCP()
2025/10/15 05:15:57.040 [T:0x5bf38] [DisplayControl] Enter MCCSOtherSet::GetVCP(), vcp code = 51
2025/10/15 05:15:57.125 [T:0x5bf38] [DisplayControl] Exit MCCSOtherSet::GetVCP()
2025/10/15 05:15:57.229 [T:0x5bf38] [DisplayControl] Enter MCCSOtherSet::GetVCP(), vcp code = 226
2025/10/15 05:15:57.314 [T:0x5bf38] [DisplayControl] Exit MCCSOtherSet::GetVCP()
2025/10/15 05:15:57.419 [T:0x5bf38] [DisplayControl] Enter MCCSOtherSet::GetVCP(), vcp code = 98
2025/10/15 05:15:57.503 [T:0x5bf38] [DisplayControl] Exit MCCSOtherSet::GetVCP()
2025/10/15 05:15:57.608 [T:0x5bf38] [DisplayControl] Enter MCCSOtherSet::GetVCP(), vcp code = 236
2025/10/15 05:15:57.693 [T:0x5bf38] [DisplayControl] Exit MCCSOtherSet::GetVCP()
2025/10/15 05:15:57.797 [T:0x5bf38] [DisplayControl] Enter MCCSOtherSet::GetVCP(), vcp code = 43
2025/10/15 05:15:57.882 [T:0x5bf38] [DisplayControl] Exit MCCSOtherSet::GetVCP()
2025/10/15 05:15:57.988 [T:0x5bf38] [DisplayControl] Enter MCCSOtherSet::GetVCP(), vcp code = 16
2025/10/15 05:15:58.073 [T:0x5bf38] [DisplayControl] Exit MCCSOtherSet::GetVCP()
2025/10/15 05:19:23.367 [T:0x531fa] [DisplayControl] Enter MCCSOtherSet::SetVCP(), vcp code = 51
2025/10/15 05:19:23.718 [T:0x531fa] [DisplayControl] Exit MCCSOtherSet::SetVCP()
2025/10/15 05:21:04.208 [T:0x786a7] [DisplayControl] Enter MCCSOtherSet::SetVCP(), vcp code = 96
2025/10/15 05:21:05.049 [T:0x786a7] [DisplayControl] Exit MCCSOtherSet::SetVCP()
2025/10/15 05:21:12.570 [T:0x786a7] [DisplayControl] Enter OperationThread::ExitThread
2025/10/15 05:21:12.571 [T:0x786a7] [DisplayControl] Exit OperationThread::ExitThread
2025/10/15 05:21:12.571 [T:0x786a7] [DisplayControl] Enter OperationThread::~OperationThread()
2025/10/15 05:21:12.571 [T:0x786a7] [DisplayControl] Enter OperationThread::ExitThread
2025/10/15 05:21:12.572 [T:0x786a7] [DisplayControl] Enter OperationThread::ExitThread
2025/10/15 05:21:12.572 [T:0x786a7] [DisplayControl] Exit OperationThread::ExitThread
2025/10/15 05:21:12.573 [T:0x786a7] [DisplayControl] Enter OperationThread::~OperationThread()
2025/10/15 05:21:12.573 [T:0x786a7] [DisplayControl] Enter OperationThread::ExitThread
2025/10/15 05:21:12.636 [T:0x786a7] [DbgStr] After calling display_control_client_listener_video_port_.UpdateAllDisplayPath()
2025/10/15 05:21:12.661 [T:0x786a7] [DbgStr] After calling display_control_client_listener_.GetAllDisplayEDID()
2025/10/15 05:21:12.663 [T:0x786a7] [DisplayControl] Version = 3.0.6.0
2025/10/15 05:21:12.663 [T:0x786a7] [DisplayControl] Enter ObtainControlHandler1
2025/10/15 05:21:12.663 [T:0x786a7] [DisplayControl] GetVideoPortCommander
2025/10/15 05:21:12.663 [T:0x786a7] [DisplayControl] GetUSBHubCommander
2025/10/15 05:21:12.663 [T:0x786a7] ====== List p_lpo_display_info_video_port, # of devices is ======2
2025/10/15 05:21:12.663 [T:0x786a7] [DisplayControl] index of p_lpo_display_info_video_port0
2025/10/15 05:21:12.663 [T:0x786a7] [DisplayControl] Model name from VideoPort = VG2458
2025/10/15 05:21:12.663 [T:0x786a7] [DisplayControl] SN from VideoPort = YDJ243400006
2025/10/15 05:21:12.663 [T:0x786a7] [DisplayControl] index of p_lpo_display_info_video_port1
2025/10/15 05:21:12.663 [T:0x786a7] [DisplayControl] Model name from VideoPort = VG275
2025/10/15 05:21:12.663 [T:0x786a7] [DisplayControl] SN from VideoPort = XF6232400003
2025/10/15 05:21:12.664 [T:0x786a7] ====== List p_lpo_display_info_rtd_scalar_rts_hub, # of devices is ======0
2025/10/15 05:21:12.664 [T:0x786a7] [DisplayControl] GetVSRtkHubControlClientListener
2025/10/15 05:21:12.664 [T:0x786a7] [DisplayControl] max monitor count = 2
2025/10/15 05:21:12.664 [T:0x786a7] [DisplayControl] index of display_info_vec = 0
2025/10/15 05:21:12.664 [T:0x786a7] [DisplayControl] index of p_lpo_display_info_video_port = 0
2025/10/15 05:21:12.664 [T:0x786a7] [DisplayControl] VideoPortMatchingRule
2025/10/15 05:21:12.664 [T:0x786a7] [DisplayControl] monitor display_info_model_name = VG2458
2025/10/15 05:21:12.664 [T:0x786a7] [DisplayControl] monitor video_port_model_name = VG2458
2025/10/15 05:21:12.664 [T:0x786a7] [DisplayControl] monitor display_info_sn = YDJ243400006
2025/10/15 05:21:12.664 [T:0x786a7] [DisplayControl] monitor video_port_sn = YDJ243400006
2025/10/15 05:21:12.664 [T:0x786a7] [DisplayControl] model_name_match = 1
2025/10/15 05:21:12.664 [T:0x786a7] [DisplayControl] sn_match = 1
2025/10/15 05:21:12.664 [T:0x786a7] [DisplayControl] video_port is_match = 1
2025/10/15 05:21:12.664 [T:0x786a7] [DisplayControl] index of display_info_vec = 1
2025/10/15 05:21:12.664 [T:0x786a7] [DisplayControl] index of p_lpo_display_info_video_port = 0
2025/10/15 05:21:12.664 [T:0x786a7] [DisplayControl] VideoPortMatchingRule
2025/10/15 05:21:12.664 [T:0x786a7] [DisplayControl] monitor display_info_model_name = VG275
2025/10/15 05:21:12.664 [T:0x786a7] [DisplayControl] monitor video_port_model_name = VG2458
2025/10/15 05:21:12.664 [T:0x786a7] [DisplayControl] monitor display_info_sn = XF6232400003
2025/10/15 05:21:12.664 [T:0x786a7] [DisplayControl] monitor video_port_sn = YDJ243400006
2025/10/15 05:21:12.664 [T:0x786a7] [DisplayControl] model_name_match = 0
2025/10/15 05:21:12.664 [T:0x786a7] [DisplayControl] sn_match = 0
2025/10/15 05:21:12.664 [T:0x786a7] [DisplayControl] video_port is_match = 0
2025/10/15 05:21:12.664 [T:0x786a7] [DisplayControl] index of display_info_vec = 1
2025/10/15 05:21:12.664 [T:0x786a7] [DisplayControl] index of p_lpo_display_info_video_port = 1
2025/10/15 05:21:12.664 [T:0x786a7] [DisplayControl] VideoPortMatchingRule
2025/10/15 05:21:12.664 [T:0x786a7] [DisplayControl] monitor display_info_model_name = VG275
2025/10/15 05:21:12.664 [T:0x786a7] [DisplayControl] monitor video_port_model_name = VG275
2025/10/15 05:21:12.665 [T:0x786a7] [DisplayControl] monitor display_info_sn = XF6232400003
2025/10/15 05:21:12.665 [T:0x786a7] [DisplayControl] monitor video_port_sn = XF6232400003
2025/10/15 05:21:12.665 [T:0x786a7] [DisplayControl] model_name_match = 1
2025/10/15 05:21:12.665 [T:0x786a7] [DisplayControl] sn_match = 1
2025/10/15 05:21:12.665 [T:0x786a7] [DisplayControl] video_port is_match = 1
2025/10/15 05:21:12.665 [T:0x786a7] [DisplayControl] i = 0
2025/10/15 05:21:12.665 [T:0x786a7] [DisplayControl] Enter OperationThread::OperationThread()
2025/10/15 05:21:12.665 [T:0x786a7] [DisplayControl] Enter OperationThread::CreateThread
2025/10/15 05:21:12.665 [T:0x786a7] [DisplayControl] new DisplayFunctioner
2025/10/15 05:21:12.665 [T:0x786a7] [DisplayControl] insert displayer_vector
2025/10/15 05:21:12.665 [T:0x786a7] [DisplayControl] insert modelName_SN_to_Display_map
2025/10/15 05:21:12.665 [T:0x786a7] [DisplayControl] insert device_id_to_Displayer_map_
2025/10/15 05:21:12.665 [T:0x786a7] [DisplayControl] i = 1
2025/10/15 05:21:12.665 [T:0x786a7] [DisplayControl] Enter OperationThread::OperationThread()
2025/10/15 05:21:12.665 [T:0x786a7] [DisplayControl] Enter OperationThread::CreateThread
2025/10/15 05:21:12.665 [T:0x786a7] [DisplayControl] new DisplayFunctioner
2025/10/15 05:21:12.665 [T:0x786a7] [DisplayControl] insert displayer_vector
2025/10/15 05:21:12.665 [T:0x786a7] [DisplayControl] insert modelName_SN_to_Display_map
2025/10/15 05:21:12.665 [T:0x786a7] [DisplayControl] insert device_id_to_Displayer_map_
2025/10/15 05:21:12.665 [T:0x786a7] [DisplayControl] monitor size = 2
2025/10/15 05:21:12.665 [T:0x786a7] [DisplayControl] Exit ObtainControlHandler
2025/10/15 05:21:12.666 [T:0x786a7] [DisplayControl] Enter MCCSOtherSet::GetVCP(), vcp code = 96
2025/10/15 05:21:12.758 [T:0x786a7] [DisplayControl] Exit MCCSOtherSet::GetVCP()
2025/10/15 05:21:13.045 [T:0x786a7] [DisplayControl] Enter MCCSOtherSet::GetVCP(), vcp code = 96
2025/10/15 05:21:13.142 [T:0x786a7] [DisplayControl] Exit MCCSOtherSet::GetVCP()
2025/10/15 05:21:13.443 [T:0x786a7] [DisplayControl] Enter MCCSOtherSet::SetVCP(), vcp code = 51
2025/10/15 05:21:13.609 [T:0x786a7] [DisplayControl] Exit MCCSOtherSet::SetVCP()
2025/10/15 05:21:13.609 [T:0x786a7] [DisplayControl] Enter MCCSOtherSet::SetVCP(), vcp code = 51
2025/10/15 05:21:13.786 [T:0x786a7] [DisplayControl] Exit MCCSOtherSet::SetVCP()
2025/10/15 05:21:13.787 [T:0x786a7] [DisplayControl] Enter MCCSOtherSet::GetVCP(), vcp code = 20
2025/10/15 05:21:13.877 [T:0x786a7] [DisplayControl] Exit MCCSOtherSet::GetVCP()
2025/10/15 05:21:13.985 [T:0x786a7] [DisplayControl] Enter MCCSOtherSet::GetVCP(), vcp code = 18
2025/10/15 05:21:14.066 [T:0x786a7] [DisplayControl] Exit MCCSOtherSet::GetVCP()
2025/10/15 05:21:14.175 [T:0x786a7] [DisplayControl] Enter MCCSOtherSet::GetVCP(), vcp code = 141
2025/10/15 05:21:14.256 [T:0x786a7] [DisplayControl] Exit MCCSOtherSet::GetVCP()
2025/10/15 05:21:14.363 [T:0x786a7] [DisplayControl] Enter MCCSOtherSet::GetVCP(), vcp code = 245
2025/10/15 05:21:14.445 [T:0x786a7] [DisplayControl] Exit MCCSOtherSet::GetVCP()
2025/10/15 05:21:14.551 [T:0x786a7] [DisplayControl] Enter MCCSOtherSet::GetVCP(), vcp code = 220
2025/10/15 05:21:14.633 [T:0x786a7] [DisplayControl] Exit MCCSOtherSet::GetVCP()
2025/10/15 05:21:14.740 [T:0x786a7] [DisplayControl] Enter MCCSOtherSet::GetVCP(), vcp code = 4
2025/10/15 05:21:14.822 [T:0x786a7] [DisplayControl] Exit MCCSOtherSet::GetVCP()
2025/10/15 05:21:14.930 [T:0x786a7] [DisplayControl] Enter MCCSOtherSet::GetVCP(), vcp code = 97
2025/10/15 05:21:15.011 [T:0x786a7] [DisplayControl] Exit MCCSOtherSet::GetVCP()
2025/10/15 05:21:15.117 [T:0x786a7] [DisplayControl] Enter MCCSOtherSet::GetVCP(), vcp code = 96
2025/10/15 05:21:15.198 [T:0x786a7] [DisplayControl] Exit MCCSOtherSet::GetVCP()
2025/10/15 05:21:15.306 [T:0x786a7] [DisplayControl] Enter MCCSOtherSet::GetVCP(), vcp code = 225
2025/10/15 05:21:15.387 [T:0x786a7] [DisplayControl] Exit MCCSOtherSet::GetVCP()
2025/10/15 05:21:15.494 [T:0x786a7] [DisplayControl] Enter MCCSOtherSet::GetVCP(), vcp code = 135
2025/10/15 05:21:15.574 [T:0x786a7] [DisplayControl] Exit MCCSOtherSet::GetVCP()
2025/10/15 05:21:15.683 [T:0x786a7] [DisplayControl] Enter MCCSOtherSet::GetVCP(), vcp code = 51
2025/10/15 05:21:15.764 [T:0x786a7] [DisplayControl] Exit MCCSOtherSet::GetVCP()
2025/10/15 05:21:15.873 [T:0x786a7] [DisplayControl] Enter MCCSOtherSet::GetVCP(), vcp code = 98
2025/10/15 05:21:15.954 [T:0x786a7] [DisplayControl] Exit MCCSOtherSet::GetVCP()
2025/10/15 05:21:16.060 [T:0x786a7] [DisplayControl] Enter MCCSOtherSet::GetVCP(), vcp code = 43
2025/10/15 05:21:16.142 [T:0x786a7] [DisplayControl] Exit MCCSOtherSet::GetVCP()
2025/10/15 05:21:16.250 [T:0x786a7] [DisplayControl] Enter MCCSOtherSet::GetVCP(), vcp code = 16
2025/10/15 05:21:16.331 [T:0x786a7] [DisplayControl] Exit MCCSOtherSet::GetVCP()
2025/10/15 05:21:16.439 [T:0x786a7] [DisplayControl] Enter MCCSOtherSet::GetVCP(), vcp code = 18
2025/10/15 05:21:16.524 [T:0x786a7] [DisplayControl] Exit MCCSOtherSet::GetVCP()
2025/10/15 05:21:16.628 [T:0x786a7] [DisplayControl] Enter MCCSOtherSet::GetVCP(), vcp code = 141
2025/10/15 05:21:16.715 [T:0x786a7] [DisplayControl] Exit MCCSOtherSet::GetVCP()
2025/10/15 05:21:16.819 [T:0x786a7] [DisplayControl] Enter MCCSOtherSet::GetVCP(), vcp code = 220
2025/10/15 05:21:16.905 [T:0x786a7] [DisplayControl] Exit MCCSOtherSet::GetVCP()
2025/10/15 05:21:17.008 [T:0x786a7] [DisplayControl] Enter MCCSOtherSet::GetVCP(), vcp code = 4
2025/10/15 05:21:17.094 [T:0x786a7] [DisplayControl] Exit MCCSOtherSet::GetVCP()
2025/10/15 05:21:17.196 [T:0x786a7] [DisplayControl] Enter MCCSOtherSet::GetVCP(), vcp code = 97
2025/10/15 05:21:17.297 [T:0x786a7] [DisplayControl] Exit MCCSOtherSet::GetVCP()
2025/10/15 05:21:17.401 [T:0x786a7] [DisplayControl] Enter MCCSOtherSet::GetVCP(), vcp code = 96
2025/10/15 05:21:17.501 [T:0x786a7] [DisplayControl] Exit MCCSOtherSet::GetVCP()
2025/10/15 05:21:17.604 [T:0x786a7] [DisplayControl] Enter MCCSOtherSet::GetVCP(), vcp code = 225
2025/10/15 05:21:17.691 [T:0x786a7] [DisplayControl] Exit MCCSOtherSet::GetVCP()
2025/10/15 05:21:17.794 [T:0x786a7] [DisplayControl] Enter MCCSOtherSet::GetVCP(), vcp code = 135
2025/10/15 05:21:17.881 [T:0x786a7] [DisplayControl] Exit MCCSOtherSet::GetVCP()
2025/10/15 05:21:17.985 [T:0x786a7] [DisplayControl] Enter MCCSOtherSet::GetVCP(), vcp code = 51
2025/10/15 05:21:18.085 [T:0x786a7] [DisplayControl] Exit MCCSOtherSet::GetVCP()
2025/10/15 05:21:18.188 [T:0x786a7] [DisplayControl] Enter MCCSOtherSet::GetVCP(), vcp code = 226
2025/10/15 05:21:18.288 [T:0x786a7] [DisplayControl] Exit MCCSOtherSet::GetVCP()
2025/10/15 05:21:18.392 [T:0x786a7] [DisplayControl] Enter MCCSOtherSet::GetVCP(), vcp code = 98
2025/10/15 05:21:18.491 [T:0x786a7] [DisplayControl] Exit MCCSOtherSet::GetVCP()
2025/10/15 05:21:18.594 [T:0x786a7] [DisplayControl] Enter MCCSOtherSet::GetVCP(), vcp code = 236
2025/10/15 05:21:18.695 [T:0x786a7] [DisplayControl] Exit MCCSOtherSet::GetVCP()
2025/10/15 05:21:18.797 [T:0x786a7] [DisplayControl] Enter MCCSOtherSet::GetVCP(), vcp code = 43
2025/10/15 05:21:18.897 [T:0x786a7] [DisplayControl] Exit MCCSOtherSet::GetVCP()
2025/10/15 05:21:19.001 [T:0x786a7] [DisplayControl] Enter MCCSOtherSet::GetVCP(), vcp code = 16
2025/10/15 05:21:19.086 [T:0x786a7] [DisplayControl] Exit MCCSOtherSet::GetVCP()
2025/10/15 05:21:19.198 [T:0x786a7] [DisplayControl] Enter MCCSOtherSet::SetVCP(), vcp code = 51
2025/10/15 05:21:19.364 [T:0x786a7] [DisplayControl] Exit MCCSOtherSet::SetVCP()
2025/10/15 05:21:19.376 [T:0x0cc5a] [DisplayControl] Enter MCCSOtherSet::GetVCP(), vcp code = 96
2025/10/15 05:21:19.512 [T:0x0cc5a] [DisplayControl] Exit MCCSOtherSet::GetVCP()
2025/10/15 05:23:04.264 [T:0x8360d] [DisplayControl] Enter MCCSOtherSet::SetVCP(), vcp code = 51
2025/10/15 05:23:04.490 [T:0x8360d] [DisplayControl] Exit MCCSOtherSet::SetVCP()
2025/10/15 05:23:22.740 [T:0x8360d] [DisplayControl] Enter MCCSOtherSet::SetVCP(), vcp code = 96
2025/10/15 05:23:23.383 [T:0x8360d] [DisplayControl] Exit MCCSOtherSet::SetVCP()
2025/10/15 05:23:30.137 [T:0x8360d] [DisplayControl] Enter OperationThread::ExitThread
2025/10/15 05:23:30.138 [T:0x8360d] [DisplayControl] Exit OperationThread::ExitThread
2025/10/15 05:23:30.138 [T:0x8360d] [DisplayControl] Enter OperationThread::~OperationThread()
2025/10/15 05:23:30.138 [T:0x8360d] [DisplayControl] Enter OperationThread::ExitThread
2025/10/15 05:23:30.138 [T:0x8360d] [DisplayControl] Enter OperationThread::ExitThread
2025/10/15 05:23:30.139 [T:0x8360d] [DisplayControl] Exit OperationThread::ExitThread
2025/10/15 05:23:30.139 [T:0x8360d] [DisplayControl] Enter OperationThread::~OperationThread()
2025/10/15 05:23:30.140 [T:0x8360d] [DisplayControl] Enter OperationThread::ExitThread
2025/10/15 05:23:30.209 [T:0x8360d] [DbgStr] After calling display_control_client_listener_video_port_.UpdateAllDisplayPath()
2025/10/15 05:23:30.235 [T:0x8360d] [DbgStr] After calling display_control_client_listener_.GetAllDisplayEDID()
2025/10/15 05:23:30.237 [T:0x8360d] [DisplayControl] Version = 3.0.6.0
2025/10/15 05:23:30.237 [T:0x8360d] [DisplayControl] Enter ObtainControlHandler1
2025/10/15 05:23:30.237 [T:0x8360d] [DisplayControl] GetVideoPortCommander
2025/10/15 05:23:30.237 [T:0x8360d] [DisplayControl] GetUSBHubCommander
2025/10/15 05:23:30.237 [T:0x8360d] ====== List p_lpo_display_info_video_port, # of devices is ======2
2025/10/15 05:23:30.237 [T:0x8360d] [DisplayControl] index of p_lpo_display_info_video_port0
2025/10/15 05:23:30.237 [T:0x8360d] [DisplayControl] Model name from VideoPort = VG2458
2025/10/15 05:23:30.237 [T:0x8360d] [DisplayControl] SN from VideoPort = YDJ243400006
2025/10/15 05:23:30.237 [T:0x8360d] [DisplayControl] index of p_lpo_display_info_video_port1
2025/10/15 05:23:30.237 [T:0x8360d] [DisplayControl] Model name from VideoPort = VG275
2025/10/15 05:23:30.237 [T:0x8360d] [DisplayControl] SN from VideoPort = XF6232400003
2025/10/15 05:23:30.237 [T:0x8360d] ====== List p_lpo_display_info_rtd_scalar_rts_hub, # of devices is ======0
2025/10/15 05:23:30.237 [T:0x8360d] [DisplayControl] GetVSRtkHubControlClientListener
2025/10/15 05:23:30.237 [T:0x8360d] [DisplayControl] max monitor count = 2
2025/10/15 05:23:30.237 [T:0x8360d] [DisplayControl] index of display_info_vec = 0
2025/10/15 05:23:30.237 [T:0x8360d] [DisplayControl] index of p_lpo_display_info_video_port = 0
2025/10/15 05:23:30.237 [T:0x8360d] [DisplayControl] VideoPortMatchingRule
2025/10/15 05:23:30.237 [T:0x8360d] [DisplayControl] monitor display_info_model_name = VG2458
2025/10/15 05:23:30.237 [T:0x8360d] [DisplayControl] monitor video_port_model_name = VG2458
2025/10/15 05:23:30.237 [T:0x8360d] [DisplayControl] monitor display_info_sn = YDJ243400006
2025/10/15 05:23:30.237 [T:0x8360d] [DisplayControl] monitor video_port_sn = YDJ243400006
2025/10/15 05:23:30.237 [T:0x8360d] [DisplayControl] model_name_match = 1
2025/10/15 05:23:30.237 [T:0x8360d] [DisplayControl] sn_match = 1
2025/10/15 05:23:30.237 [T:0x8360d] [DisplayControl] video_port is_match = 1
2025/10/15 05:23:30.238 [T:0x8360d] [DisplayControl] index of display_info_vec = 1
2025/10/15 05:23:30.238 [T:0x8360d] [DisplayControl] index of p_lpo_display_info_video_port = 0
2025/10/15 05:23:30.238 [T:0x8360d] [DisplayControl] VideoPortMatchingRule
2025/10/15 05:23:30.238 [T:0x8360d] [DisplayControl] monitor display_info_model_name = VG275
2025/10/15 05:23:30.238 [T:0x8360d] [DisplayControl] monitor video_port_model_name = VG2458
2025/10/15 05:23:30.238 [T:0x8360d] [DisplayControl] monitor display_info_sn = XF6232400003
2025/10/15 05:23:30.238 [T:0x8360d] [DisplayControl] monitor video_port_sn = YDJ243400006
2025/10/15 05:23:30.238 [T:0x8360d] [DisplayControl] model_name_match = 0
2025/10/15 05:23:30.238 [T:0x8360d] [DisplayControl] sn_match = 0
2025/10/15 05:23:30.238 [T:0x8360d] [DisplayControl] video_port is_match = 0
2025/10/15 05:23:30.238 [T:0x8360d] [DisplayControl] index of display_info_vec = 1
2025/10/15 05:23:30.238 [T:0x8360d] [DisplayControl] index of p_lpo_display_info_video_port = 1
2025/10/15 05:23:30.238 [T:0x8360d] [DisplayControl] VideoPortMatchingRule
2025/10/15 05:23:30.238 [T:0x8360d] [DisplayControl] monitor display_info_model_name = VG275
2025/10/15 05:23:30.238 [T:0x8360d] [DisplayControl] monitor video_port_model_name = VG275
2025/10/15 05:23:30.238 [T:0x8360d] [DisplayControl] monitor display_info_sn = XF6232400003
2025/10/15 05:23:30.238 [T:0x8360d] [DisplayControl] monitor video_port_sn = XF6232400003
2025/10/15 05:23:30.238 [T:0x8360d] [DisplayControl] model_name_match = 1
2025/10/15 05:23:30.238 [T:0x8360d] [DisplayControl] sn_match = 1
2025/10/15 05:23:30.238 [T:0x8360d] [DisplayControl] video_port is_match = 1
2025/10/15 05:23:30.238 [T:0x8360d] [DisplayControl] i = 0
2025/10/15 05:23:30.238 [T:0x8360d] [DisplayControl] Enter OperationThread::OperationThread()
2025/10/15 05:23:30.238 [T:0x8360d] [DisplayControl] Enter OperationThread::CreateThread
2025/10/15 05:23:30.238 [T:0x8360d] [DisplayControl] new DisplayFunctioner
2025/10/15 05:23:30.238 [T:0x8360d] [DisplayControl] insert displayer_vector
2025/10/15 05:23:30.238 [T:0x8360d] [DisplayControl] insert modelName_SN_to_Display_map
2025/10/15 05:23:30.239 [T:0x8360d] [DisplayControl] insert device_id_to_Displayer_map_
2025/10/15 05:23:30.239 [T:0x8360d] [DisplayControl] i = 1
2025/10/15 05:23:30.239 [T:0x8360d] [DisplayControl] Enter OperationThread::OperationThread()
2025/10/15 05:23:30.239 [T:0x8360d] [DisplayControl] Enter OperationThread::CreateThread
2025/10/15 05:23:30.239 [T:0x8360d] [DisplayControl] new DisplayFunctioner
2025/10/15 05:23:30.239 [T:0x8360d] [DisplayControl] insert displayer_vector
2025/10/15 05:23:30.239 [T:0x8360d] [DisplayControl] insert modelName_SN_to_Display_map
2025/10/15 05:23:30.239 [T:0x8360d] [DisplayControl] insert device_id_to_Displayer_map_
2025/10/15 05:23:30.239 [T:0x8360d] [DisplayControl] monitor size = 2
2025/10/15 05:23:30.239 [T:0x8360d] [DisplayControl] Exit ObtainControlHandler
2025/10/15 05:23:30.239 [T:0x8360d] [DisplayControl] Enter MCCSOtherSet::GetVCP(), vcp code = 96
2025/10/15 05:23:30.326 [T:0x8360d] [DisplayControl] Exit MCCSOtherSet::GetVCP()
2025/10/15 05:23:30.611 [T:0x8360d] [DisplayControl] Enter MCCSOtherSet::GetVCP(), vcp code = 96
2025/10/15 05:23:30.709 [T:0x8360d] [DisplayControl] Exit MCCSOtherSet::GetVCP()
2025/10/15 05:23:30.993 [T:0x8360d] [DisplayControl] Enter MCCSOtherSet::SetVCP(), vcp code = 51
2025/10/15 05:23:31.162 [T:0x8360d] [DisplayControl] Exit MCCSOtherSet::SetVCP()
2025/10/15 05:23:31.162 [T:0x8360d] [DisplayControl] Enter MCCSOtherSet::SetVCP(), vcp code = 51
2025/10/15 05:23:31.338 [T:0x8360d] [DisplayControl] Exit MCCSOtherSet::SetVCP()
2025/10/15 05:23:31.339 [T:0x8360d] [DisplayControl] Enter MCCSOtherSet::GetVCP(), vcp code = 20
2025/10/15 05:23:31.429 [T:0x8360d] [DisplayControl] Exit MCCSOtherSet::GetVCP()
2025/10/15 05:23:31.538 [T:0x8360d] [DisplayControl] Enter MCCSOtherSet::GetVCP(), vcp code = 18
2025/10/15 05:23:31.620 [T:0x8360d] [DisplayControl] Exit MCCSOtherSet::GetVCP()
2025/10/15 05:23:31.728 [T:0x8360d] [DisplayControl] Enter MCCSOtherSet::GetVCP(), vcp code = 141
2025/10/15 05:23:31.809 [T:0x8360d] [DisplayControl] Exit MCCSOtherSet::GetVCP()
2025/10/15 05:23:31.917 [T:0x8360d] [DisplayControl] Enter MCCSOtherSet::GetVCP(), vcp code = 245
2025/10/15 05:23:31.998 [T:0x8360d] [DisplayControl] Exit MCCSOtherSet::GetVCP()
2025/10/15 05:23:32.107 [T:0x8360d] [DisplayControl] Enter MCCSOtherSet::GetVCP(), vcp code = 220
2025/10/15 05:23:32.189 [T:0x8360d] [DisplayControl] Exit MCCSOtherSet::GetVCP()
2025/10/15 05:23:32.296 [T:0x8360d] [DisplayControl] Enter MCCSOtherSet::GetVCP(), vcp code = 4
2025/10/15 05:23:32.377 [T:0x8360d] [DisplayControl] Exit MCCSOtherSet::GetVCP()
2025/10/15 05:23:32.485 [T:0x8360d] [DisplayControl] Enter MCCSOtherSet::GetVCP(), vcp code = 97
2025/10/15 05:23:32.567 [T:0x8360d] [DisplayControl] Exit MCCSOtherSet::GetVCP()
2025/10/15 05:23:32.675 [T:0x8360d] [DisplayControl] Enter MCCSOtherSet::GetVCP(), vcp code = 96
2025/10/15 05:23:32.756 [T:0x8360d] [DisplayControl] Exit MCCSOtherSet::GetVCP()
2025/10/15 05:23:32.863 [T:0x8360d] [DisplayControl] Enter MCCSOtherSet::GetVCP(), vcp code = 225
2025/10/15 05:23:32.945 [T:0x8360d] [DisplayControl] Exit MCCSOtherSet::GetVCP()
2025/10/15 05:23:33.051 [T:0x8360d] [DisplayControl] Enter MCCSOtherSet::GetVCP(), vcp code = 135
2025/10/15 05:23:33.132 [T:0x8360d] [DisplayControl] Exit MCCSOtherSet::GetVCP()
2025/10/15 05:23:33.239 [T:0x8360d] [DisplayControl] Enter MCCSOtherSet::GetVCP(), vcp code = 51
2025/10/15 05:23:33.320 [T:0x8360d] [DisplayControl] Exit MCCSOtherSet::GetVCP()
2025/10/15 05:23:33.428 [T:0x8360d] [DisplayControl] Enter MCCSOtherSet::GetVCP(), vcp code = 98
2025/10/15 05:23:33.509 [T:0x8360d] [DisplayControl] Exit MCCSOtherSet::GetVCP()
2025/10/15 05:23:33.616 [T:0x8360d] [DisplayControl] Enter MCCSOtherSet::GetVCP(), vcp code = 43
2025/10/15 05:23:33.698 [T:0x8360d] [DisplayControl] Exit MCCSOtherSet::GetVCP()
2025/10/15 05:23:33.806 [T:0x8360d] [DisplayControl] Enter MCCSOtherSet::GetVCP(), vcp code = 16
2025/10/15 05:23:33.888 [T:0x8360d] [DisplayControl] Exit MCCSOtherSet::GetVCP()
2025/10/15 05:23:33.993 [T:0x8360d] [DisplayControl] Enter MCCSOtherSet::GetVCP(), vcp code = 18
2025/10/15 05:23:34.079 [T:0x8360d] [DisplayControl] Exit MCCSOtherSet::GetVCP()
2025/10/15 05:23:34.182 [T:0x8360d] [DisplayControl] Enter MCCSOtherSet::GetVCP(), vcp code = 141
2025/10/15 05:23:34.267 [T:0x8360d] [DisplayControl] Exit MCCSOtherSet::GetVCP()
2025/10/15 05:23:34.371 [T:0x8360d] [DisplayControl] Enter MCCSOtherSet::GetVCP(), vcp code = 220
2025/10/15 05:23:34.457 [T:0x8360d] [DisplayControl] Exit MCCSOtherSet::GetVCP()
2025/10/15 05:23:34.561 [T:0x8360d] [DisplayControl] Enter MCCSOtherSet::GetVCP(), vcp code = 4
2025/10/15 05:23:34.647 [T:0x8360d] [DisplayControl] Exit MCCSOtherSet::GetVCP()
2025/10/15 05:23:34.751 [T:0x8360d] [DisplayControl] Enter MCCSOtherSet::GetVCP(), vcp code = 97
2025/10/15 05:23:34.838 [T:0x8360d] [DisplayControl] Exit MCCSOtherSet::GetVCP()
2025/10/15 05:23:34.941 [T:0x8360d] [DisplayControl] Enter MCCSOtherSet::GetVCP(), vcp code = 96
2025/10/15 05:23:35.027 [T:0x8360d] [DisplayControl] Exit MCCSOtherSet::GetVCP()
2025/10/15 05:23:35.131 [T:0x8360d] [DisplayControl] Enter MCCSOtherSet::GetVCP(), vcp code = 225
2025/10/15 05:23:35.216 [T:0x8360d] [DisplayControl] Exit MCCSOtherSet::GetVCP()
2025/10/15 05:23:35.320 [T:0x8360d] [DisplayControl] Enter MCCSOtherSet::GetVCP(), vcp code = 135
2025/10/15 05:23:35.405 [T:0x8360d] [DisplayControl] Exit MCCSOtherSet::GetVCP()
2025/10/15 05:23:35.509 [T:0x8360d] [DisplayControl] Enter MCCSOtherSet::GetVCP(), vcp code = 51
2025/10/15 05:23:35.593 [T:0x8360d] [DisplayControl] Exit MCCSOtherSet::GetVCP()
2025/10/15 05:23:35.697 [T:0x8360d] [DisplayControl] Enter MCCSOtherSet::GetVCP(), vcp code = 226
2025/10/15 05:23:35.782 [T:0x8360d] [DisplayControl] Exit MCCSOtherSet::GetVCP()
2025/10/15 05:23:35.886 [T:0x8360d] [DisplayControl] Enter MCCSOtherSet::GetVCP(), vcp code = 98
2025/10/15 05:23:35.972 [T:0x8360d] [DisplayControl] Exit MCCSOtherSet::GetVCP()
2025/10/15 05:23:36.076 [T:0x8360d] [DisplayControl] Enter MCCSOtherSet::GetVCP(), vcp code = 236
2025/10/15 05:23:36.161 [T:0x8360d] [DisplayControl] Exit MCCSOtherSet::GetVCP()
2025/10/15 05:23:36.266 [T:0x8360d] [DisplayControl] Enter MCCSOtherSet::GetVCP(), vcp code = 43
2025/10/15 05:23:36.351 [T:0x8360d] [DisplayControl] Exit MCCSOtherSet::GetVCP()
2025/10/15 05:23:36.454 [T:0x8360d] [DisplayControl] Enter MCCSOtherSet::GetVCP(), vcp code = 16
2025/10/15 05:23:36.540 [T:0x8360d] [DisplayControl] Exit MCCSOtherSet::GetVCP()
2025/10/15 05:23:36.654 [T:0x8360d] [DisplayControl] Enter MCCSOtherSet::SetVCP(), vcp code = 51
2025/10/15 05:23:36.816 [T:0x8360d] [DisplayControl] Exit MCCSOtherSet::SetVCP()
2025/10/15 05:23:36.824 [T:0x0cc5a] [DisplayControl] Enter MCCSOtherSet::GetVCP(), vcp code = 96
2025/10/15 05:23:36.992 [T:0x0cc5a] [DisplayControl] Exit MCCSOtherSet::GetVCP()
2025/10/15 05:25:22.777 [T:0x0a8de] [DisplayControl] Enter MCCSOtherSet::SetVCP(), vcp code = 51
2025/10/15 05:25:23.004 [T:0x0a8de] [DisplayControl] Exit MCCSOtherSet::SetVCP()
2025/10/15 05:25:41.233 [T:0x0a8de] [DisplayControl] Enter MCCSOtherSet::SetVCP(), vcp code = 96
2025/10/15 05:25:41.607 [T:0x0a8de] [DisplayControl] Exit MCCSOtherSet::SetVCP()
2025/10/15 05:25:48.397 [T:0x0a8de] [DisplayControl] Enter OperationThread::ExitThread
2025/10/15 05:25:48.398 [T:0x0a8de] [DisplayControl] Exit OperationThread::ExitThread
2025/10/15 05:25:48.398 [T:0x0a8de] [DisplayControl] Enter OperationThread::~OperationThread()
2025/10/15 05:25:48.398 [T:0x0a8de] [DisplayControl] Enter OperationThread::ExitThread
2025/10/15 05:25:48.398 [T:0x0a8de] [DisplayControl] Enter OperationThread::ExitThread
2025/10/15 05:25:48.399 [T:0x0a8de] [DisplayControl] Exit OperationThread::ExitThread
2025/10/15 05:25:48.399 [T:0x0a8de] [DisplayControl] Enter OperationThread::~OperationThread()
2025/10/15 05:25:48.400 [T:0x0a8de] [DisplayControl] Enter OperationThread::ExitThread
2025/10/15 05:25:48.467 [T:0x0a8de] [DbgStr] After calling display_control_client_listener_video_port_.UpdateAllDisplayPath()
2025/10/15 05:25:48.493 [T:0x0a8de] [DbgStr] After calling display_control_client_listener_.GetAllDisplayEDID()
2025/10/15 05:25:48.494 [T:0x0a8de] [DisplayControl] Version = 3.0.6.0
2025/10/15 05:25:48.494 [T:0x0a8de] [DisplayControl] Enter ObtainControlHandler1
2025/10/15 05:25:48.494 [T:0x0a8de] [DisplayControl] GetVideoPortCommander
2025/10/15 05:25:48.494 [T:0x0a8de] [DisplayControl] GetUSBHubCommander
2025/10/15 05:25:48.494 [T:0x0a8de] ====== List p_lpo_display_info_video_port, # of devices is ======2
2025/10/15 05:25:48.494 [T:0x0a8de] [DisplayControl] index of p_lpo_display_info_video_port0
2025/10/15 05:25:48.495 [T:0x0a8de] [DisplayControl] Model name from VideoPort = VG2458
2025/10/15 05:25:48.495 [T:0x0a8de] [DisplayControl] SN from VideoPort = YDJ243400006
2025/10/15 05:25:48.495 [T:0x0a8de] [DisplayControl] index of p_lpo_display_info_video_port1
2025/10/15 05:25:48.495 [T:0x0a8de] [DisplayControl] Model name from VideoPort = VG275
2025/10/15 05:25:48.495 [T:0x0a8de] [DisplayControl] SN from VideoPort = XF6232400003
2025/10/15 05:25:48.495 [T:0x0a8de] ====== List p_lpo_display_info_rtd_scalar_rts_hub, # of devices is ======0
2025/10/15 05:25:48.495 [T:0x0a8de] [DisplayControl] GetVSRtkHubControlClientListener
2025/10/15 05:25:48.495 [T:0x0a8de] [DisplayControl] max monitor count = 2
2025/10/15 05:25:48.495 [T:0x0a8de] [DisplayControl] index of display_info_vec = 0
2025/10/15 05:25:48.495 [T:0x0a8de] [DisplayControl] index of p_lpo_display_info_video_port = 0
2025/10/15 05:25:48.495 [T:0x0a8de] [DisplayControl] VideoPortMatchingRule
2025/10/15 05:25:48.495 [T:0x0a8de] [DisplayControl] monitor display_info_model_name = VG2458
2025/10/15 05:25:48.495 [T:0x0a8de] [DisplayControl] monitor video_port_model_name = VG2458
2025/10/15 05:25:48.495 [T:0x0a8de] [DisplayControl] monitor display_info_sn = YDJ243400006
2025/10/15 05:25:48.495 [T:0x0a8de] [DisplayControl] monitor video_port_sn = YDJ243400006
2025/10/15 05:25:48.495 [T:0x0a8de] [DisplayControl] model_name_match = 1
2025/10/15 05:25:48.495 [T:0x0a8de] [DisplayControl] sn_match = 1
2025/10/15 05:25:48.495 [T:0x0a8de] [DisplayControl] video_port is_match = 1
2025/10/15 05:25:48.495 [T:0x0a8de] [DisplayControl] index of display_info_vec = 1
2025/10/15 05:25:48.495 [T:0x0a8de] [DisplayControl] index of p_lpo_display_info_video_port = 0
2025/10/15 05:25:48.495 [T:0x0a8de] [DisplayControl] VideoPortMatchingRule
2025/10/15 05:25:48.495 [T:0x0a8de] [DisplayControl] monitor display_info_model_name = VG275
2025/10/15 05:25:48.495 [T:0x0a8de] [DisplayControl] monitor video_port_model_name = VG2458
2025/10/15 05:25:48.495 [T:0x0a8de] [DisplayControl] monitor display_info_sn = XF6232400003
2025/10/15 05:25:48.495 [T:0x0a8de] [DisplayControl] monitor video_port_sn = YDJ243400006
2025/10/15 05:25:48.495 [T:0x0a8de] [DisplayControl] model_name_match = 0
2025/10/15 05:25:48.495 [T:0x0a8de] [DisplayControl] sn_match = 0
2025/10/15 05:25:48.496 [T:0x0a8de] [DisplayControl] video_port is_match = 0
2025/10/15 05:25:48.496 [T:0x0a8de] [DisplayControl] index of display_info_vec = 1
2025/10/15 05:25:48.496 [T:0x0a8de] [DisplayControl] index of p_lpo_display_info_video_port = 1
2025/10/15 05:25:48.496 [T:0x0a8de] [DisplayControl] VideoPortMatchingRule
2025/10/15 05:25:48.496 [T:0x0a8de] [DisplayControl] monitor display_info_model_name = VG275
2025/10/15 05:25:48.496 [T:0x0a8de] [DisplayControl] monitor video_port_model_name = VG275
2025/10/15 05:25:48.496 [T:0x0a8de] [DisplayControl] monitor display_info_sn = XF6232400003
2025/10/15 05:25:48.496 [T:0x0a8de] [DisplayControl] monitor video_port_sn = XF6232400003
2025/10/15 05:25:48.496 [T:0x0a8de] [DisplayControl] model_name_match = 1
2025/10/15 05:25:48.496 [T:0x0a8de] [DisplayControl] sn_match = 1
2025/10/15 05:25:48.496 [T:0x0a8de] [DisplayControl] video_port is_match = 1
2025/10/15 05:25:48.496 [T:0x0a8de] [DisplayControl] i = 0
2025/10/15 05:25:48.496 [T:0x0a8de] [DisplayControl] Enter OperationThread::OperationThread()
2025/10/15 05:25:48.496 [T:0x0a8de] [DisplayControl] Enter OperationThread::CreateThread
2025/10/15 05:25:48.496 [T:0x0a8de] [DisplayControl] new DisplayFunctioner
2025/10/15 05:25:48.496 [T:0x0a8de] [DisplayControl] insert displayer_vector
2025/10/15 05:25:48.496 [T:0x0a8de] [DisplayControl] insert modelName_SN_to_Display_map
2025/10/15 05:25:48.496 [T:0x0a8de] [DisplayControl] insert device_id_to_Displayer_map_
2025/10/15 05:25:48.496 [T:0x0a8de] [DisplayControl] i = 1
2025/10/15 05:25:48.496 [T:0x0a8de] [DisplayControl] Enter OperationThread::OperationThread()
2025/10/15 05:25:48.496 [T:0x0a8de] [DisplayControl] Enter OperationThread::CreateThread
2025/10/15 05:25:48.496 [T:0x0a8de] [DisplayControl] new DisplayFunctioner
2025/10/15 05:25:48.496 [T:0x0a8de] [DisplayControl] insert displayer_vector
2025/10/15 05:25:48.496 [T:0x0a8de] [DisplayControl] insert modelName_SN_to_Display_map
2025/10/15 05:25:48.497 [T:0x0a8de] [DisplayControl] insert device_id_to_Displayer_map_
2025/10/15 05:25:48.497 [T:0x0a8de] [DisplayControl] monitor size = 2
2025/10/15 05:25:48.497 [T:0x0a8de] [DisplayControl] Exit ObtainControlHandler
2025/10/15 05:25:48.497 [T:0x0a8de] [DisplayControl] Enter MCCSOtherSet::GetVCP(), vcp code = 96
2025/10/15 05:25:48.584 [T:0x0a8de] [DisplayControl] Exit MCCSOtherSet::GetVCP()
2025/10/15 05:25:48.869 [T:0x0a8de] [DisplayControl] Enter MCCSOtherSet::GetVCP(), vcp code = 96
2025/10/15 05:25:48.967 [T:0x0a8de] [DisplayControl] Exit MCCSOtherSet::GetVCP()
2025/10/15 05:25:49.251 [T:0x0a8de] [DisplayControl] Enter MCCSOtherSet::SetVCP(), vcp code = 51
2025/10/15 05:25:49.575 [T:0x0a8de] [DisplayControl] Exit MCCSOtherSet::SetVCP()
2025/10/15 05:25:49.580 [T:0x0a8de] [DisplayControl] Enter MCCSOtherSet::SetVCP(), vcp code = 51
2025/10/15 05:25:49.751 [T:0x0a8de] [DisplayControl] Exit MCCSOtherSet::SetVCP()
2025/10/15 05:25:49.752 [T:0x0a8de] [DisplayControl] Enter MCCSOtherSet::GetVCP(), vcp code = 20
2025/10/15 05:25:49.842 [T:0x0a8de] [DisplayControl] Exit MCCSOtherSet::GetVCP()
2025/10/15 05:25:49.949 [T:0x0a8de] [DisplayControl] Enter MCCSOtherSet::GetVCP(), vcp code = 18
2025/10/15 05:25:50.032 [T:0x0a8de] [DisplayControl] Exit MCCSOtherSet::GetVCP()
2025/10/15 05:25:50.139 [T:0x0a8de] [DisplayControl] Enter MCCSOtherSet::GetVCP(), vcp code = 141
2025/10/15 05:25:50.221 [T:0x0a8de] [DisplayControl] Exit MCCSOtherSet::GetVCP()
2025/10/15 05:25:50.328 [T:0x0a8de] [DisplayControl] Enter MCCSOtherSet::GetVCP(), vcp code = 245
2025/10/15 05:25:50.410 [T:0x0a8de] [DisplayControl] Exit MCCSOtherSet::GetVCP()
2025/10/15 05:25:50.518 [T:0x0a8de] [DisplayControl] Enter MCCSOtherSet::GetVCP(), vcp code = 220
2025/10/15 05:25:50.600 [T:0x0a8de] [DisplayControl] Exit MCCSOtherSet::GetVCP()
2025/10/15 05:25:50.706 [T:0x0a8de] [DisplayControl] Enter MCCSOtherSet::GetVCP(), vcp code = 4
2025/10/15 05:25:50.787 [T:0x0a8de] [DisplayControl] Exit MCCSOtherSet::GetVCP()
2025/10/15 05:25:50.895 [T:0x0a8de] [DisplayControl] Enter MCCSOtherSet::GetVCP(), vcp code = 97
2025/10/15 05:25:50.976 [T:0x0a8de] [DisplayControl] Exit MCCSOtherSet::GetVCP()
2025/10/15 05:25:51.085 [T:0x0a8de] [DisplayControl] Enter MCCSOtherSet::GetVCP(), vcp code = 96
2025/10/15 05:25:51.166 [T:0x0a8de] [DisplayControl] Exit MCCSOtherSet::GetVCP()
2025/10/15 05:25:51.273 [T:0x0a8de] [DisplayControl] Enter MCCSOtherSet::GetVCP(), vcp code = 225
2025/10/15 05:25:51.355 [T:0x0a8de] [DisplayControl] Exit MCCSOtherSet::GetVCP()
2025/10/15 05:25:51.463 [T:0x0a8de] [DisplayControl] Enter MCCSOtherSet::GetVCP(), vcp code = 135
2025/10/15 05:25:51.544 [T:0x0a8de] [DisplayControl] Exit MCCSOtherSet::GetVCP()
2025/10/15 05:25:51.651 [T:0x0a8de] [DisplayControl] Enter MCCSOtherSet::GetVCP(), vcp code = 51
2025/10/15 05:25:51.732 [T:0x0a8de] [DisplayControl] Exit MCCSOtherSet::GetVCP()
2025/10/15 05:25:51.841 [T:0x0a8de] [DisplayControl] Enter MCCSOtherSet::GetVCP(), vcp code = 98
2025/10/15 05:25:51.922 [T:0x0a8de] [DisplayControl] Exit MCCSOtherSet::GetVCP()
2025/10/15 05:25:52.029 [T:0x0a8de] [DisplayControl] Enter MCCSOtherSet::GetVCP(), vcp code = 43
2025/10/15 05:25:52.111 [T:0x0a8de] [DisplayControl] Exit MCCSOtherSet::GetVCP()
2025/10/15 05:25:52.220 [T:0x0a8de] [DisplayControl] Enter MCCSOtherSet::GetVCP(), vcp code = 16
2025/10/15 05:25:52.303 [T:0x0a8de] [DisplayControl] Exit MCCSOtherSet::GetVCP()
2025/10/15 05:25:52.409 [T:0x0a8de] [DisplayControl] Enter MCCSOtherSet::GetVCP(), vcp code = 18
2025/10/15 05:25:52.510 [T:0x0a8de] [DisplayControl] Exit MCCSOtherSet::GetVCP()
2025/10/15 05:25:52.613 [T:0x0a8de] [DisplayControl] Enter MCCSOtherSet::GetVCP(), vcp code = 141
2025/10/15 05:25:52.698 [T:0x0a8de] [DisplayControl] Exit MCCSOtherSet::GetVCP()
2025/10/15 05:25:52.803 [T:0x0a8de] [DisplayControl] Enter MCCSOtherSet::GetVCP(), vcp code = 220
2025/10/15 05:25:52.904 [T:0x0a8de] [DisplayControl] Exit MCCSOtherSet::GetVCP()
2025/10/15 05:25:53.007 [T:0x0a8de] [DisplayControl] Enter MCCSOtherSet::GetVCP(), vcp code = 4
2025/10/15 05:25:53.108 [T:0x0a8de] [DisplayControl] Exit MCCSOtherSet::GetVCP()
2025/10/15 05:25:53.213 [T:0x0a8de] [DisplayControl] Enter MCCSOtherSet::GetVCP(), vcp code = 97
2025/10/15 05:25:53.314 [T:0x0a8de] [DisplayControl] Exit MCCSOtherSet::GetVCP()
2025/10/15 05:25:53.417 [T:0x0a8de] [DisplayControl] Enter MCCSOtherSet::GetVCP(), vcp code = 96
2025/10/15 05:25:53.519 [T:0x0a8de] [DisplayControl] Exit MCCSOtherSet::GetVCP()
2025/10/15 05:25:53.623 [T:0x0a8de] [DisplayControl] Enter MCCSOtherSet::GetVCP(), vcp code = 225
2025/10/15 05:25:53.724 [T:0x0a8de] [DisplayControl] Exit MCCSOtherSet::GetVCP()
2025/10/15 05:25:53.827 [T:0x0a8de] [DisplayControl] Enter MCCSOtherSet::GetVCP(), vcp code = 135
2025/10/15 05:25:53.929 [T:0x0a8de] [DisplayControl] Exit MCCSOtherSet::GetVCP()
2025/10/15 05:25:54.032 [T:0x0a8de] [DisplayControl] Enter MCCSOtherSet::GetVCP(), vcp code = 51
2025/10/15 05:25:54.132 [T:0x0a8de] [DisplayControl] Exit MCCSOtherSet::GetVCP()
2025/10/15 05:25:54.236 [T:0x0a8de] [DisplayControl] Enter MCCSOtherSet::GetVCP(), vcp code = 226
2025/10/15 05:25:54.337 [T:0x0a8de] [DisplayControl] Exit MCCSOtherSet::GetVCP()
2025/10/15 05:25:54.441 [T:0x0a8de] [DisplayControl] Enter MCCSOtherSet::GetVCP(), vcp code = 98
2025/10/15 05:25:54.541 [T:0x0a8de] [DisplayControl] Exit MCCSOtherSet::GetVCP()
2025/10/15 05:25:54.644 [T:0x0a8de] [DisplayControl] Enter MCCSOtherSet::GetVCP(), vcp code = 236
2025/10/15 05:25:54.745 [T:0x0a8de] [DisplayControl] Exit MCCSOtherSet::GetVCP()
2025/10/15 05:25:54.848 [T:0x0a8de] [DisplayControl] Enter MCCSOtherSet::GetVCP(), vcp code = 43
2025/10/15 05:25:54.950 [T:0x0a8de] [DisplayControl] Exit MCCSOtherSet::GetVCP()
2025/10/15 05:25:55.052 [T:0x0a8de] [DisplayControl] Enter MCCSOtherSet::GetVCP(), vcp code = 16
2025/10/15 05:25:55.138 [T:0x0a8de] [DisplayControl] Exit MCCSOtherSet::GetVCP()
2025/10/15 05:25:55.251 [T:0x0a8de] [DisplayControl] Enter MCCSOtherSet::SetVCP(), vcp code = 51
2025/10/15 05:25:55.417 [T:0x0a8de] [DisplayControl] Exit MCCSOtherSet::SetVCP()
2025/10/15 05:25:55.422 [T:0x0cc5a] [DisplayControl] Enter MCCSOtherSet::GetVCP(), vcp code = 96
2025/10/15 05:25:55.565 [T:0x0cc5a] [DisplayControl] Exit MCCSOtherSet::GetVCP()
2025/10/15 05:27:45.169 [T:0x0cc5a] [DisplayControl] Enter OperationThread::ExitThread
2025/10/15 05:27:45.170 [T:0x0cc5a] [DisplayControl] Exit OperationThread::ExitThread
2025/10/15 05:27:45.170 [T:0x0cc5a] [DisplayControl] Enter OperationThread::~OperationThread()
2025/10/15 05:27:45.170 [T:0x0cc5a] [DisplayControl] Enter OperationThread::ExitThread
2025/10/15 05:27:45.170 [T:0x0cc5a] [DisplayControl] Enter OperationThread::ExitThread
2025/10/15 05:27:45.170 [T:0x0cc5a] [DisplayControl] Exit OperationThread::ExitThread
2025/10/15 05:27:45.170 [T:0x0cc5a] [DisplayControl] Enter OperationThread::~OperationThread()
2025/10/15 05:27:45.170 [T:0x0cc5a] [DisplayControl] Enter OperationThread::ExitThread
2025/10/15 05:27:45.202 [T:0x0cc5a] [DbgStr] After calling display_control_client_listener_video_port_.UpdateAllDisplayPath()
2025/10/15 05:27:45.228 [T:0x0cc5a] [DbgStr] After calling display_control_client_listener_.GetAllDisplayEDID()
2025/10/15 05:27:45.232 [T:0x0cc5a] [DisplayControl] Version = 3.0.6.0
2025/10/15 05:27:45.232 [T:0x0cc5a] [DisplayControl] Enter ObtainControlHandler1
2025/10/15 05:27:45.233 [T:0x0cc5a] [DisplayControl] GetVideoPortCommander
2025/10/15 05:27:45.233 [T:0x0cc5a] [DisplayControl] GetUSBHubCommander
2025/10/15 05:27:45.233 [T:0x0cc5a] ====== List p_lpo_display_info_video_port, # of devices is ======2
2025/10/15 05:27:45.233 [T:0x0cc5a] [DisplayControl] index of p_lpo_display_info_video_port0
2025/10/15 05:27:45.233 [T:0x0cc5a] [DisplayControl] Model name from VideoPort = VG2458
2025/10/15 05:27:45.233 [T:0x0cc5a] [DisplayControl] SN from VideoPort = YDJ243400006
2025/10/15 05:27:45.233 [T:0x0cc5a] [DisplayControl] index of p_lpo_display_info_video_port1
2025/10/15 05:27:45.233 [T:0x0cc5a] [DisplayControl] Model name from VideoPort = VG275
2025/10/15 05:27:45.233 [T:0x0cc5a] [DisplayControl] SN from VideoPort = XF6232400003
2025/10/15 05:27:45.233 [T:0x0cc5a] ====== List p_lpo_display_info_rtd_scalar_rts_hub, # of devices is ======0
2025/10/15 05:27:45.233 [T:0x0cc5a] [DisplayControl] GetVSRtkHubControlClientListener
2025/10/15 05:27:45.233 [T:0x0cc5a] [DisplayControl] max monitor count = 2
2025/10/15 05:27:45.233 [T:0x0cc5a] [DisplayControl] index of display_info_vec = 0
2025/10/15 05:27:45.233 [T:0x0cc5a] [DisplayControl] index of p_lpo_display_info_video_port = 0
2025/10/15 05:27:45.233 [T:0x0cc5a] [DisplayControl] VideoPortMatchingRule
2025/10/15 05:27:45.233 [T:0x0cc5a] [DisplayControl] monitor display_info_model_name = VG2458
2025/10/15 05:27:45.233 [T:0x0cc5a] [DisplayControl] monitor video_port_model_name = VG2458
2025/10/15 05:27:45.233 [T:0x0cc5a] [DisplayControl] monitor display_info_sn = YDJ243400006
2025/10/15 05:27:45.233 [T:0x0cc5a] [DisplayControl] monitor video_port_sn = YDJ243400006
2025/10/15 05:27:45.233 [T:0x0cc5a] [DisplayControl] model_name_match = 1
2025/10/15 05:27:45.233 [T:0x0cc5a] [DisplayControl] sn_match = 1
2025/10/15 05:27:45.233 [T:0x0cc5a] [DisplayControl] video_port is_match = 1
2025/10/15 05:27:45.233 [T:0x0cc5a] [DisplayControl] index of display_info_vec = 1
2025/10/15 05:27:45.233 [T:0x0cc5a] [DisplayControl] index of p_lpo_display_info_video_port = 0
2025/10/15 05:27:45.233 [T:0x0cc5a] [DisplayControl] VideoPortMatchingRule
2025/10/15 05:27:45.233 [T:0x0cc5a] [DisplayControl] monitor display_info_model_name = VG275
2025/10/15 05:27:45.233 [T:0x0cc5a] [DisplayControl] monitor video_port_model_name = VG2458
2025/10/15 05:27:45.233 [T:0x0cc5a] [DisplayControl] monitor display_info_sn = XF6232400003
2025/10/15 05:27:45.233 [T:0x0cc5a] [DisplayControl] monitor video_port_sn = YDJ243400006
2025/10/15 05:27:45.234 [T:0x0cc5a] [DisplayControl] model_name_match = 0
2025/10/15 05:27:45.234 [T:0x0cc5a] [DisplayControl] sn_match = 0
2025/10/15 05:27:45.234 [T:0x0cc5a] [DisplayControl] video_port is_match = 0
2025/10/15 05:27:45.234 [T:0x0cc5a] [DisplayControl] index of display_info_vec = 1
2025/10/15 05:27:45.234 [T:0x0cc5a] [DisplayControl] index of p_lpo_display_info_video_port = 1
2025/10/15 05:27:45.234 [T:0x0cc5a] [DisplayControl] VideoPortMatchingRule
2025/10/15 05:27:45.234 [T:0x0cc5a] [DisplayControl] monitor display_info_model_name = VG275
2025/10/15 05:27:45.234 [T:0x0cc5a] [DisplayControl] monitor video_port_model_name = VG275
2025/10/15 05:27:45.234 [T:0x0cc5a] [DisplayControl] monitor display_info_sn = XF6232400003
2025/10/15 05:27:45.234 [T:0x0cc5a] [DisplayControl] monitor video_port_sn = XF6232400003
2025/10/15 05:27:45.234 [T:0x0cc5a] [DisplayControl] model_name_match = 1
2025/10/15 05:27:45.234 [T:0x0cc5a] [DisplayControl] sn_match = 1
2025/10/15 05:27:45.234 [T:0x0cc5a] [DisplayControl] video_port is_match = 1
2025/10/15 05:27:45.234 [T:0x0cc5a] [DisplayControl] i = 0
2025/10/15 05:27:45.234 [T:0x0cc5a] [DisplayControl] Enter OperationThread::OperationThread()
2025/10/15 05:27:45.234 [T:0x0cc5a] [DisplayControl] Enter OperationThread::CreateThread
2025/10/15 05:27:45.234 [T:0x0cc5a] [DisplayControl] new DisplayFunctioner
2025/10/15 05:27:45.234 [T:0x0cc5a] [DisplayControl] insert displayer_vector
2025/10/15 05:27:45.234 [T:0x0cc5a] [DisplayControl] insert modelName_SN_to_Display_map
2025/10/15 05:27:45.234 [T:0x0cc5a] [DisplayControl] insert device_id_to_Displayer_map_
2025/10/15 05:27:45.234 [T:0x0cc5a] [DisplayControl] i = 1
2025/10/15 05:27:45.234 [T:0x0cc5a] [DisplayControl] Enter OperationThread::OperationThread()
2025/10/15 05:27:45.234 [T:0x0cc5a] [DisplayControl] Enter OperationThread::CreateThread
2025/10/15 05:27:45.235 [T:0x0cc5a] [DisplayControl] new DisplayFunctioner
2025/10/15 05:27:45.235 [T:0x0cc5a] [DisplayControl] insert displayer_vector
2025/10/15 05:27:45.235 [T:0x0cc5a] [DisplayControl] insert modelName_SN_to_Display_map
2025/10/15 05:27:45.235 [T:0x0cc5a] [DisplayControl] insert device_id_to_Displayer_map_
2025/10/15 05:27:45.235 [T:0x0cc5a] [DisplayControl] monitor size = 2
2025/10/15 05:27:45.235 [T:0x0cc5a] [DisplayControl] Exit ObtainControlHandler
2025/10/15 05:30:00.118 [T:0x0cc5a] [DisplayControl] Enter OperationThread::ExitThread
2025/10/15 05:30:00.119 [T:0x0cc5a] [DisplayControl] Exit OperationThread::ExitThread
2025/10/15 05:30:00.119 [T:0x0cc5a] [DisplayControl] Enter OperationThread::~OperationThread()
2025/10/15 05:30:00.119 [T:0x0cc5a] [DisplayControl] Enter OperationThread::ExitThread
2025/10/15 05:30:00.119 [T:0x0cc5a] [DisplayControl] Enter OperationThread::ExitThread
2025/10/15 05:30:00.119 [T:0x0cc5a] [DisplayControl] Exit OperationThread::ExitThread
2025/10/15 05:30:00.119 [T:0x0cc5a] [DisplayControl] Enter OperationThread::~OperationThread()
2025/10/15 05:30:00.119 [T:0x0cc5a] [DisplayControl] Enter OperationThread::ExitThread
2025/10/15 05:30:00.149 [T:0x0cc5a] [DbgStr] After calling display_control_client_listener_video_port_.UpdateAllDisplayPath()
2025/10/15 05:30:00.175 [T:0x0cc5a] [DbgStr] After calling display_control_client_listener_.GetAllDisplayEDID()
2025/10/15 05:30:00.180 [T:0x0cc5a] [DisplayControl] Version = 3.0.6.0
2025/10/15 05:30:00.180 [T:0x0cc5a] [DisplayControl] Enter ObtainControlHandler1
2025/10/15 05:30:00.180 [T:0x0cc5a] [DisplayControl] GetVideoPortCommander
2025/10/15 05:30:00.180 [T:0x0cc5a] [DisplayControl] GetUSBHubCommander
2025/10/15 05:30:00.180 [T:0x0cc5a] ====== List p_lpo_display_info_video_port, # of devices is ======2
2025/10/15 05:30:00.180 [T:0x0cc5a] [DisplayControl] index of p_lpo_display_info_video_port0
2025/10/15 05:30:00.180 [T:0x0cc5a] [DisplayControl] Model name from VideoPort = VG2458
2025/10/15 05:30:00.180 [T:0x0cc5a] [DisplayControl] SN from VideoPort = YDJ243400006
2025/10/15 05:30:00.180 [T:0x0cc5a] [DisplayControl] index of p_lpo_display_info_video_port1
2025/10/15 05:30:00.180 [T:0x0cc5a] [DisplayControl] Model name from VideoPort = VG275
2025/10/15 05:30:00.181 [T:0x0cc5a] [DisplayControl] SN from VideoPort = XF6232400003
2025/10/15 05:30:00.181 [T:0x0cc5a] ====== List p_lpo_display_info_rtd_scalar_rts_hub, # of devices is ======0
2025/10/15 05:30:00.181 [T:0x0cc5a] [DisplayControl] GetVSRtkHubControlClientListener
2025/10/15 05:30:00.181 [T:0x0cc5a] [DisplayControl] max monitor count = 2
2025/10/15 05:30:00.181 [T:0x0cc5a] [DisplayControl] index of display_info_vec = 0
2025/10/15 05:30:00.181 [T:0x0cc5a] [DisplayControl] index of p_lpo_display_info_video_port = 0
2025/10/15 05:30:00.181 [T:0x0cc5a] [DisplayControl] VideoPortMatchingRule
2025/10/15 05:30:00.181 [T:0x0cc5a] [DisplayControl] monitor display_info_model_name = VG2458
2025/10/15 05:30:00.181 [T:0x0cc5a] [DisplayControl] monitor video_port_model_name = VG2458
2025/10/15 05:30:00.181 [T:0x0cc5a] [DisplayControl] monitor display_info_sn = YDJ243400006
2025/10/15 05:30:00.181 [T:0x0cc5a] [DisplayControl] monitor video_port_sn = YDJ243400006
2025/10/15 05:30:00.181 [T:0x0cc5a] [DisplayControl] model_name_match = 1
2025/10/15 05:30:00.181 [T:0x0cc5a] [DisplayControl] sn_match = 1
2025/10/15 05:30:00.181 [T:0x0cc5a] [DisplayControl] video_port is_match = 1
2025/10/15 05:30:00.181 [T:0x0cc5a] [DisplayControl] index of display_info_vec = 1
2025/10/15 05:30:00.181 [T:0x0cc5a] [DisplayControl] index of p_lpo_display_info_video_port = 0
2025/10/15 05:30:00.181 [T:0x0cc5a] [DisplayControl] VideoPortMatchingRule
2025/10/15 05:30:00.181 [T:0x0cc5a] [DisplayControl] monitor display_info_model_name = VG275
2025/10/15 05:30:00.181 [T:0x0cc5a] [DisplayControl] monitor video_port_model_name = VG2458
2025/10/15 05:30:00.181 [T:0x0cc5a] [DisplayControl] monitor display_info_sn = XF6232400003
2025/10/15 05:30:00.181 [T:0x0cc5a] [DisplayControl] monitor video_port_sn = YDJ243400006
2025/10/15 05:30:00.181 [T:0x0cc5a] [DisplayControl] model_name_match = 0
2025/10/15 05:30:00.181 [T:0x0cc5a] [DisplayControl] sn_match = 0
2025/10/15 05:30:00.181 [T:0x0cc5a] [DisplayControl] video_port is_match = 0
2025/10/15 05:30:00.181 [T:0x0cc5a] [DisplayControl] index of display_info_vec = 1
2025/10/15 05:30:00.181 [T:0x0cc5a] [DisplayControl] index of p_lpo_display_info_video_port = 1
2025/10/15 05:30:00.181 [T:0x0cc5a] [DisplayControl] VideoPortMatchingRule
2025/10/15 05:30:00.181 [T:0x0cc5a] [DisplayControl] monitor display_info_model_name = VG275
2025/10/15 05:30:00.182 [T:0x0cc5a] [DisplayControl] monitor video_port_model_name = VG275
2025/10/15 05:30:00.182 [T:0x0cc5a] [DisplayControl] monitor display_info_sn = XF6232400003
2025/10/15 05:30:00.182 [T:0x0cc5a] [DisplayControl] monitor video_port_sn = XF6232400003
2025/10/15 05:30:00.182 [T:0x0cc5a] [DisplayControl] model_name_match = 1
2025/10/15 05:30:00.182 [T:0x0cc5a] [DisplayControl] sn_match = 1
2025/10/15 05:30:00.182 [T:0x0cc5a] [DisplayControl] video_port is_match = 1
2025/10/15 05:30:00.182 [T:0x0cc5a] [DisplayControl] i = 0
2025/10/15 05:30:00.182 [T:0x0cc5a] [DisplayControl] Enter OperationThread::OperationThread()
2025/10/15 05:30:00.182 [T:0x0cc5a] [DisplayControl] Enter OperationThread::CreateThread
2025/10/15 05:30:00.182 [T:0x0cc5a] [DisplayControl] new DisplayFunctioner
2025/10/15 05:30:00.182 [T:0x0cc5a] [DisplayControl] insert displayer_vector
2025/10/15 05:30:00.182 [T:0x0cc5a] [DisplayControl] insert modelName_SN_to_Display_map
2025/10/15 05:30:00.182 [T:0x0cc5a] [DisplayControl] insert device_id_to_Displayer_map_
2025/10/15 05:30:00.182 [T:0x0cc5a] [DisplayControl] i = 1
2025/10/15 05:30:00.182 [T:0x0cc5a] [DisplayControl] Enter OperationThread::OperationThread()
2025/10/15 05:30:00.182 [T:0x0cc5a] [DisplayControl] Enter OperationThread::CreateThread
2025/10/15 05:30:00.182 [T:0x0cc5a] [DisplayControl] new DisplayFunctioner
2025/10/15 05:30:00.182 [T:0x0cc5a] [DisplayControl] insert displayer_vector
2025/10/15 05:30:00.182 [T:0x0cc5a] [DisplayControl] insert modelName_SN_to_Display_map
2025/10/15 05:30:00.182 [T:0x0cc5a] [DisplayControl] insert device_id_to_Displayer_map_
2025/10/15 05:30:00.182 [T:0x0cc5a] [DisplayControl] monitor size = 2
2025/10/15 05:30:00.182 [T:0x0cc5a] [DisplayControl] Exit ObtainControlHandler
2025/10/15 05:32:01.402 [T:0x0cc5a] [DisplayControl] Enter OperationThread::ExitThread
2025/10/15 05:32:01.402 [T:0x0cc5a] [DisplayControl] Exit OperationThread::ExitThread
2025/10/15 05:32:01.402 [T:0x0cc5a] [DisplayControl] Enter OperationThread::~OperationThread()
2025/10/15 05:32:01.402 [T:0x0cc5a] [DisplayControl] Enter OperationThread::ExitThread
2025/10/15 05:32:01.402 [T:0x0cc5a] [DisplayControl] Enter OperationThread::ExitThread
2025/10/15 05:32:01.402 [T:0x0cc5a] [DisplayControl] Exit OperationThread::ExitThread
2025/10/15 05:32:01.402 [T:0x0cc5a] [DisplayControl] Enter OperationThread::~OperationThread()
2025/10/15 05:32:01.402 [T:0x0cc5a] [DisplayControl] Enter OperationThread::ExitThread
2025/10/15 05:32:01.431 [T:0x0cc5a] [DbgStr] After calling display_control_client_listener_video_port_.UpdateAllDisplayPath()
2025/10/15 05:32:01.455 [T:0x0cc5a] [DbgStr] After calling display_control_client_listener_.GetAllDisplayEDID()
2025/10/15 05:32:01.460 [T:0x0cc5a] [DisplayControl] Version = 3.0.6.0
2025/10/15 05:32:01.460 [T:0x0cc5a] [DisplayControl] Enter ObtainControlHandler1
2025/10/15 05:32:01.460 [T:0x0cc5a] [DisplayControl] GetVideoPortCommander
2025/10/15 05:32:01.460 [T:0x0cc5a] [DisplayControl] GetUSBHubCommander
2025/10/15 05:32:01.460 [T:0x0cc5a] ====== List p_lpo_display_info_video_port, # of devices is ======2
2025/10/15 05:32:01.460 [T:0x0cc5a] [DisplayControl] index of p_lpo_display_info_video_port0
2025/10/15 05:32:01.460 [T:0x0cc5a] [DisplayControl] Model name from VideoPort = VG2458
2025/10/15 05:32:01.460 [T:0x0cc5a] [DisplayControl] SN from VideoPort = YDJ243400006
2025/10/15 05:32:01.460 [T:0x0cc5a] [DisplayControl] index of p_lpo_display_info_video_port1
2025/10/15 05:32:01.460 [T:0x0cc5a] [DisplayControl] Model name from VideoPort = VG275
2025/10/15 05:32:01.460 [T:0x0cc5a] [DisplayControl] SN from VideoPort = XF6232400003
2025/10/15 05:32:01.460 [T:0x0cc5a] ====== List p_lpo_display_info_rtd_scalar_rts_hub, # of devices is ======0
2025/10/15 05:32:01.460 [T:0x0cc5a] [DisplayControl] GetVSRtkHubControlClientListener
2025/10/15 05:32:01.460 [T:0x0cc5a] [DisplayControl] max monitor count = 2
2025/10/15 05:32:01.460 [T:0x0cc5a] [DisplayControl] index of display_info_vec = 0
2025/10/15 05:32:01.460 [T:0x0cc5a] [DisplayControl] index of p_lpo_display_info_video_port = 0
2025/10/15 05:32:01.460 [T:0x0cc5a] [DisplayControl] VideoPortMatchingRule
2025/10/15 05:32:01.460 [T:0x0cc5a] [DisplayControl] monitor display_info_model_name = VG2458
2025/10/15 05:32:01.460 [T:0x0cc5a] [DisplayControl] monitor video_port_model_name = VG2458
2025/10/15 05:32:01.460 [T:0x0cc5a] [DisplayControl] monitor display_info_sn = YDJ243400006
2025/10/15 05:32:01.460 [T:0x0cc5a] [DisplayControl] monitor video_port_sn = YDJ243400006
2025/10/15 05:32:01.461 [T:0x0cc5a] [DisplayControl] model_name_match = 1
2025/10/15 05:32:01.461 [T:0x0cc5a] [DisplayControl] sn_match = 1
2025/10/15 05:32:01.461 [T:0x0cc5a] [DisplayControl] video_port is_match = 1
2025/10/15 05:32:01.461 [T:0x0cc5a] [DisplayControl] index of display_info_vec = 1
2025/10/15 05:32:01.461 [T:0x0cc5a] [DisplayControl] index of p_lpo_display_info_video_port = 0
2025/10/15 05:32:01.461 [T:0x0cc5a] [DisplayControl] VideoPortMatchingRule
2025/10/15 05:32:01.461 [T:0x0cc5a] [DisplayControl] monitor display_info_model_name = VG275
2025/10/15 05:32:01.461 [T:0x0cc5a] [DisplayControl] monitor video_port_model_name = VG2458
2025/10/15 05:32:01.461 [T:0x0cc5a] [DisplayControl] monitor display_info_sn = XF6232400003
2025/10/15 05:32:01.461 [T:0x0cc5a] [DisplayControl] monitor video_port_sn = YDJ243400006
2025/10/15 05:32:01.461 [T:0x0cc5a] [DisplayControl] model_name_match = 0
2025/10/15 05:32:01.461 [T:0x0cc5a] [DisplayControl] sn_match = 0
2025/10/15 05:32:01.461 [T:0x0cc5a] [DisplayControl] video_port is_match = 0
2025/10/15 05:32:01.461 [T:0x0cc5a] [DisplayControl] index of display_info_vec = 1
2025/10/15 05:32:01.461 [T:0x0cc5a] [DisplayControl] index of p_lpo_display_info_video_port = 1
2025/10/15 05:32:01.461 [T:0x0cc5a] [DisplayControl] VideoPortMatchingRule
2025/10/15 05:32:01.461 [T:0x0cc5a] [DisplayControl] monitor display_info_model_name = VG275
2025/10/15 05:32:01.461 [T:0x0cc5a] [DisplayControl] monitor video_port_model_name = VG275
2025/10/15 05:32:01.461 [T:0x0cc5a] [DisplayControl] monitor display_info_sn = XF6232400003
2025/10/15 05:32:01.461 [T:0x0cc5a] [DisplayControl] monitor video_port_sn = XF6232400003
2025/10/15 05:32:01.461 [T:0x0cc5a] [DisplayControl] model_name_match = 1
2025/10/15 05:32:01.461 [T:0x0cc5a] [DisplayControl] sn_match = 1
2025/10/15 05:32:01.461 [T:0x0cc5a] [DisplayControl] video_port is_match = 1
2025/10/15 05:32:01.461 [T:0x0cc5a] [DisplayControl] i = 0
2025/10/15 05:32:01.461 [T:0x0cc5a] [DisplayControl] Enter OperationThread::OperationThread()
2025/10/15 05:32:01.461 [T:0x0cc5a] [DisplayControl] Enter OperationThread::CreateThread
2025/10/15 05:32:01.462 [T:0x0cc5a] [DisplayControl] new DisplayFunctioner
2025/10/15 05:32:01.462 [T:0x0cc5a] [DisplayControl] insert displayer_vector
2025/10/15 05:32:01.462 [T:0x0cc5a] [DisplayControl] insert modelName_SN_to_Display_map
2025/10/15 05:32:01.462 [T:0x0cc5a] [DisplayControl] insert device_id_to_Displayer_map_
2025/10/15 05:32:01.462 [T:0x0cc5a] [DisplayControl] i = 1
2025/10/15 05:32:01.462 [T:0x0cc5a] [DisplayControl] Enter OperationThread::OperationThread()
2025/10/15 05:32:01.462 [T:0x0cc5a] [DisplayControl] Enter OperationThread::CreateThread
2025/10/15 05:32:01.462 [T:0x0cc5a] [DisplayControl] new DisplayFunctioner
2025/10/15 05:32:01.462 [T:0x0cc5a] [DisplayControl] insert displayer_vector
2025/10/15 05:32:01.462 [T:0x0cc5a] [DisplayControl] insert modelName_SN_to_Display_map
2025/10/15 05:32:01.462 [T:0x0cc5a] [DisplayControl] insert device_id_to_Displayer_map_
2025/10/15 05:32:01.462 [T:0x0cc5a] [DisplayControl] monitor size = 2
2025/10/15 05:32:01.462 [T:0x0cc5a] [DisplayControl] Exit ObtainControlHandler
2025/10/15 05:34:16.705 [T:0x0cc5a] [DisplayControl] Enter OperationThread::ExitThread
2025/10/15 05:34:16.705 [T:0x0cc5a] [DisplayControl] Exit OperationThread::ExitThread
2025/10/15 05:34:16.705 [T:0x0cc5a] [DisplayControl] Enter OperationThread::~OperationThread()
2025/10/15 05:34:16.705 [T:0x0cc5a] [DisplayControl] Enter OperationThread::ExitThread
2025/10/15 05:34:16.705 [T:0x0cc5a] [DisplayControl] Enter OperationThread::ExitThread
2025/10/15 05:34:16.705 [T:0x0cc5a] [DisplayControl] Exit OperationThread::ExitThread
2025/10/15 05:34:16.705 [T:0x0cc5a] [DisplayControl] Enter OperationThread::~OperationThread()
2025/10/15 05:34:16.705 [T:0x0cc5a] [DisplayControl] Enter OperationThread::ExitThread
2025/10/15 05:34:16.738 [T:0x0cc5a] [DbgStr] After calling display_control_client_listener_video_port_.UpdateAllDisplayPath()
2025/10/15 05:34:16.764 [T:0x0cc5a] [DbgStr] After calling display_control_client_listener_.GetAllDisplayEDID()
2025/10/15 05:34:16.769 [T:0x0cc5a] [DisplayControl] Version = 3.0.6.0
2025/10/15 05:34:16.769 [T:0x0cc5a] [DisplayControl] Enter ObtainControlHandler1
2025/10/15 05:34:16.769 [T:0x0cc5a] [DisplayControl] GetVideoPortCommander
2025/10/15 05:34:16.769 [T:0x0cc5a] [DisplayControl] GetUSBHubCommander
2025/10/15 05:34:16.770 [T:0x0cc5a] ====== List p_lpo_display_info_video_port, # of devices is ======2
2025/10/15 05:34:16.770 [T:0x0cc5a] [DisplayControl] index of p_lpo_display_info_video_port0
2025/10/15 05:34:16.770 [T:0x0cc5a] [DisplayControl] Model name from VideoPort = VG2458
2025/10/15 05:34:16.770 [T:0x0cc5a] [DisplayControl] SN from VideoPort = YDJ243400006
2025/10/15 05:34:16.770 [T:0x0cc5a] [DisplayControl] index of p_lpo_display_info_video_port1
2025/10/15 05:34:16.770 [T:0x0cc5a] [DisplayControl] Model name from VideoPort = VG275
2025/10/15 05:34:16.770 [T:0x0cc5a] [DisplayControl] SN from VideoPort = XF6232400003
2025/10/15 05:34:16.770 [T:0x0cc5a] ====== List p_lpo_display_info_rtd_scalar_rts_hub, # of devices is ======0
2025/10/15 05:34:16.770 [T:0x0cc5a] [DisplayControl] GetVSRtkHubControlClientListener
2025/10/15 05:34:16.770 [T:0x0cc5a] [DisplayControl] max monitor count = 2
2025/10/15 05:34:16.770 [T:0x0cc5a] [DisplayControl] index of display_info_vec = 0
2025/10/15 05:34:16.770 [T:0x0cc5a] [DisplayControl] index of p_lpo_display_info_video_port = 0
2025/10/15 05:34:16.770 [T:0x0cc5a] [DisplayControl] VideoPortMatchingRule
2025/10/15 05:34:16.770 [T:0x0cc5a] [DisplayControl] monitor display_info_model_name = VG2458
2025/10/15 05:34:16.770 [T:0x0cc5a] [DisplayControl] monitor video_port_model_name = VG2458
2025/10/15 05:34:16.770 [T:0x0cc5a] [DisplayControl] monitor display_info_sn = YDJ243400006
2025/10/15 05:34:16.770 [T:0x0cc5a] [DisplayControl] monitor video_port_sn = YDJ243400006
2025/10/15 05:34:16.770 [T:0x0cc5a] [DisplayControl] model_name_match = 1
2025/10/15 05:34:16.770 [T:0x0cc5a] [DisplayControl] sn_match = 1
2025/10/15 05:34:16.770 [T:0x0cc5a] [DisplayControl] video_port is_match = 1
2025/10/15 05:34:16.770 [T:0x0cc5a] [DisplayControl] index of display_info_vec = 1
2025/10/15 05:34:16.770 [T:0x0cc5a] [DisplayControl] index of p_lpo_display_info_video_port = 0
2025/10/15 05:34:16.770 [T:0x0cc5a] [DisplayControl] VideoPortMatchingRule
2025/10/15 05:34:16.770 [T:0x0cc5a] [DisplayControl] monitor display_info_model_name = VG275
2025/10/15 05:34:16.770 [T:0x0cc5a] [DisplayControl] monitor video_port_model_name = VG2458
2025/10/15 05:34:16.770 [T:0x0cc5a] [DisplayControl] monitor display_info_sn = XF6232400003
2025/10/15 05:34:16.770 [T:0x0cc5a] [DisplayControl] monitor video_port_sn = YDJ243400006
2025/10/15 05:34:16.770 [T:0x0cc5a] [DisplayControl] model_name_match = 0
2025/10/15 05:34:16.771 [T:0x0cc5a] [DisplayControl] sn_match = 0
2025/10/15 05:34:16.771 [T:0x0cc5a] [DisplayControl] video_port is_match = 0
2025/10/15 05:34:16.771 [T:0x0cc5a] [DisplayControl] index of display_info_vec = 1
2025/10/15 05:34:16.771 [T:0x0cc5a] [DisplayControl] index of p_lpo_display_info_video_port = 1
2025/10/15 05:34:16.771 [T:0x0cc5a] [DisplayControl] VideoPortMatchingRule
2025/10/15 05:34:16.771 [T:0x0cc5a] [DisplayControl] monitor display_info_model_name = VG275
2025/10/15 05:34:16.771 [T:0x0cc5a] [DisplayControl] monitor video_port_model_name = VG275
2025/10/15 05:34:16.771 [T:0x0cc5a] [DisplayControl] monitor display_info_sn = XF6232400003
2025/10/15 05:34:16.771 [T:0x0cc5a] [DisplayControl] monitor video_port_sn = XF6232400003
2025/10/15 05:34:16.771 [T:0x0cc5a] [DisplayControl] model_name_match = 1
2025/10/15 05:34:16.771 [T:0x0cc5a] [DisplayControl] sn_match = 1
2025/10/15 05:34:16.771 [T:0x0cc5a] [DisplayControl] video_port is_match = 1
2025/10/15 05:34:16.771 [T:0x0cc5a] [DisplayControl] i = 0
2025/10/15 05:34:16.771 [T:0x0cc5a] [DisplayControl] Enter OperationThread::OperationThread()
2025/10/15 05:34:16.771 [T:0x0cc5a] [DisplayControl] Enter OperationThread::CreateThread
2025/10/15 05:34:16.771 [T:0x0cc5a] [DisplayControl] new DisplayFunctioner
2025/10/15 05:34:16.771 [T:0x0cc5a] [DisplayControl] insert displayer_vector
2025/10/15 05:34:16.771 [T:0x0cc5a] [DisplayControl] insert modelName_SN_to_Display_map
2025/10/15 05:34:16.771 [T:0x0cc5a] [DisplayControl] insert device_id_to_Displayer_map_
2025/10/15 05:34:16.771 [T:0x0cc5a] [DisplayControl] i = 1
2025/10/15 05:34:16.771 [T:0x0cc5a] [DisplayControl] Enter OperationThread::OperationThread()
2025/10/15 05:34:16.771 [T:0x0cc5a] [DisplayControl] Enter OperationThread::CreateThread
2025/10/15 05:34:16.771 [T:0x0cc5a] [DisplayControl] new DisplayFunctioner
2025/10/15 05:34:16.772 [T:0x0cc5a] [DisplayControl] insert displayer_vector
2025/10/15 05:34:16.772 [T:0x0cc5a] [DisplayControl] insert modelName_SN_to_Display_map
2025/10/15 05:34:16.772 [T:0x0cc5a] [DisplayControl] insert device_id_to_Displayer_map_
2025/10/15 05:34:16.772 [T:0x0cc5a] [DisplayControl] monitor size = 2
2025/10/15 05:34:16.772 [T:0x0cc5a] [DisplayControl] Exit ObtainControlHandler
2025/10/15 05:36:31.917 [T:0x0cc5a] [DisplayControl] Enter OperationThread::ExitThread
2025/10/15 05:36:31.917 [T:0x0cc5a] [DisplayControl] Exit OperationThread::ExitThread
2025/10/15 05:36:31.917 [T:0x0cc5a] [DisplayControl] Enter OperationThread::~OperationThread()
2025/10/15 05:36:31.917 [T:0x0cc5a] [DisplayControl] Enter OperationThread::ExitThread
2025/10/15 05:36:31.917 [T:0x0cc5a] [DisplayControl] Enter OperationThread::ExitThread
2025/10/15 05:36:31.917 [T:0x0cc5a] [DisplayControl] Exit OperationThread::ExitThread
2025/10/15 05:36:31.917 [T:0x0cc5a] [DisplayControl] Enter OperationThread::~OperationThread()
2025/10/15 05:36:31.917 [T:0x0cc5a] [DisplayControl] Enter OperationThread::ExitThread
2025/10/15 05:36:31.948 [T:0x0cc5a] [DbgStr] After calling display_control_client_listener_video_port_.UpdateAllDisplayPath()
2025/10/15 05:36:31.972 [T:0x0cc5a] [DbgStr] After calling display_control_client_listener_.GetAllDisplayEDID()
2025/10/15 05:36:31.976 [T:0x0cc5a] [DisplayControl] Version = 3.0.6.0
2025/10/15 05:36:31.976 [T:0x0cc5a] [DisplayControl] Enter ObtainControlHandler1
2025/10/15 05:36:31.976 [T:0x0cc5a] [DisplayControl] GetVideoPortCommander
2025/10/15 05:36:31.976 [T:0x0cc5a] [DisplayControl] GetUSBHubCommander
2025/10/15 05:36:31.976 [T:0x0cc5a] ====== List p_lpo_display_info_video_port, # of devices is ======2
2025/10/15 05:36:31.976 [T:0x0cc5a] [DisplayControl] index of p_lpo_display_info_video_port0
2025/10/15 05:36:31.976 [T:0x0cc5a] [DisplayControl] Model name from VideoPort = VG2458
2025/10/15 05:36:31.976 [T:0x0cc5a] [DisplayControl] SN from VideoPort = YDJ243400006
2025/10/15 05:36:31.976 [T:0x0cc5a] [DisplayControl] index of p_lpo_display_info_video_port1
2025/10/15 05:36:31.976 [T:0x0cc5a] [DisplayControl] Model name from VideoPort = VG275
2025/10/15 05:36:31.976 [T:0x0cc5a] [DisplayControl] SN from VideoPort = XF6232400003
2025/10/15 05:36:31.976 [T:0x0cc5a] ====== List p_lpo_display_info_rtd_scalar_rts_hub, # of devices is ======0
2025/10/15 05:36:31.976 [T:0x0cc5a] [DisplayControl] GetVSRtkHubControlClientListener
2025/10/15 05:36:31.976 [T:0x0cc5a] [DisplayControl] max monitor count = 2
2025/10/15 05:36:31.976 [T:0x0cc5a] [DisplayControl] index of display_info_vec = 0
2025/10/15 05:36:31.977 [T:0x0cc5a] [DisplayControl] index of p_lpo_display_info_video_port = 0
2025/10/15 05:36:31.977 [T:0x0cc5a] [DisplayControl] VideoPortMatchingRule
2025/10/15 05:36:31.977 [T:0x0cc5a] [DisplayControl] monitor display_info_model_name = VG2458
2025/10/15 05:36:31.977 [T:0x0cc5a] [DisplayControl] monitor video_port_model_name = VG2458
2025/10/15 05:36:31.977 [T:0x0cc5a] [DisplayControl] monitor display_info_sn = YDJ243400006
2025/10/15 05:36:31.977 [T:0x0cc5a] [DisplayControl] monitor video_port_sn = YDJ243400006
2025/10/15 05:36:31.977 [T:0x0cc5a] [DisplayControl] model_name_match = 1
2025/10/15 05:36:31.977 [T:0x0cc5a] [DisplayControl] sn_match = 1
2025/10/15 05:36:31.977 [T:0x0cc5a] [DisplayControl] video_port is_match = 1
2025/10/15 05:36:31.977 [T:0x0cc5a] [DisplayControl] index of display_info_vec = 1
2025/10/15 05:36:31.977 [T:0x0cc5a] [DisplayControl] index of p_lpo_display_info_video_port = 0
2025/10/15 05:36:31.977 [T:0x0cc5a] [DisplayControl] VideoPortMatchingRule
2025/10/15 05:36:31.977 [T:0x0cc5a] [DisplayControl] monitor display_info_model_name = VG275
2025/10/15 05:36:31.977 [T:0x0cc5a] [DisplayControl] monitor video_port_model_name = VG2458
2025/10/15 05:36:31.977 [T:0x0cc5a] [DisplayControl] monitor display_info_sn = XF6232400003
2025/10/15 05:36:31.977 [T:0x0cc5a] [DisplayControl] monitor video_port_sn = YDJ243400006
2025/10/15 05:36:31.977 [T:0x0cc5a] [DisplayControl] model_name_match = 0
2025/10/15 05:36:31.977 [T:0x0cc5a] [DisplayControl] sn_match = 0
2025/10/15 05:36:31.977 [T:0x0cc5a] [DisplayControl] video_port is_match = 0
2025/10/15 05:36:31.977 [T:0x0cc5a] [DisplayControl] index of display_info_vec = 1
2025/10/15 05:36:31.977 [T:0x0cc5a] [DisplayControl] index of p_lpo_display_info_video_port = 1
2025/10/15 05:36:31.977 [T:0x0cc5a] [DisplayControl] VideoPortMatchingRule
2025/10/15 05:36:31.977 [T:0x0cc5a] [DisplayControl] monitor display_info_model_name = VG275
2025/10/15 05:36:31.977 [T:0x0cc5a] [DisplayControl] monitor video_port_model_name = VG275
2025/10/15 05:36:31.977 [T:0x0cc5a] [DisplayControl] monitor display_info_sn = XF6232400003
2025/10/15 05:36:31.977 [T:0x0cc5a] [DisplayControl] monitor video_port_sn = XF6232400003
2025/10/15 05:36:31.977 [T:0x0cc5a] [DisplayControl] model_name_match = 1
2025/10/15 05:36:31.977 [T:0x0cc5a] [DisplayControl] sn_match = 1
2025/10/15 05:36:31.978 [T:0x0cc5a] [DisplayControl] video_port is_match = 1
2025/10/15 05:36:31.978 [T:0x0cc5a] [DisplayControl] i = 0
2025/10/15 05:36:31.978 [T:0x0cc5a] [DisplayControl] Enter OperationThread::OperationThread()
2025/10/15 05:36:31.978 [T:0x0cc5a] [DisplayControl] Enter OperationThread::CreateThread
2025/10/15 05:36:31.978 [T:0x0cc5a] [DisplayControl] new DisplayFunctioner
2025/10/15 05:36:31.978 [T:0x0cc5a] [DisplayControl] insert displayer_vector
2025/10/15 05:36:31.978 [T:0x0cc5a] [DisplayControl] insert modelName_SN_to_Display_map
2025/10/15 05:36:31.978 [T:0x0cc5a] [DisplayControl] insert device_id_to_Displayer_map_
2025/10/15 05:36:31.978 [T:0x0cc5a] [DisplayControl] i = 1
2025/10/15 05:36:31.978 [T:0x0cc5a] [DisplayControl] Enter OperationThread::OperationThread()
2025/10/15 05:36:31.978 [T:0x0cc5a] [DisplayControl] Enter OperationThread::CreateThread
2025/10/15 05:36:31.978 [T:0x0cc5a] [DisplayControl] new DisplayFunctioner
2025/10/15 05:36:31.978 [T:0x0cc5a] [DisplayControl] insert displayer_vector
2025/10/15 05:36:31.978 [T:0x0cc5a] [DisplayControl] insert modelName_SN_to_Display_map
2025/10/15 05:36:31.978 [T:0x0cc5a] [DisplayControl] insert device_id_to_Displayer_map_
2025/10/15 05:36:31.978 [T:0x0cc5a] [DisplayControl] monitor size = 2
2025/10/15 05:36:31.978 [T:0x0cc5a] [DisplayControl] Exit ObtainControlHandler
2025/10/15 05:38:33.248 [T:0x0cc5a] [DisplayControl] Enter OperationThread::ExitThread
2025/10/15 05:38:33.248 [T:0x0cc5a] [DisplayControl] Exit OperationThread::ExitThread
2025/10/15 05:38:33.248 [T:0x0cc5a] [DisplayControl] Enter OperationThread::~OperationThread()
2025/10/15 05:38:33.249 [T:0x0cc5a] [DisplayControl] Enter OperationThread::ExitThread
2025/10/15 05:38:33.249 [T:0x0cc5a] [DisplayControl] Enter OperationThread::ExitThread
2025/10/15 05:38:33.249 [T:0x0cc5a] [DisplayControl] Exit OperationThread::ExitThread
2025/10/15 05:38:33.249 [T:0x0cc5a] [DisplayControl] Enter OperationThread::~OperationThread()
2025/10/15 05:38:33.249 [T:0x0cc5a] [DisplayControl] Enter OperationThread::ExitThread
2025/10/15 05:38:33.278 [T:0x0cc5a] [DbgStr] After calling display_control_client_listener_video_port_.UpdateAllDisplayPath()
2025/10/15 05:38:33.301 [T:0x0cc5a] [DbgStr] After calling display_control_client_listener_.GetAllDisplayEDID()
2025/10/15 05:38:33.303 [T:0x0cc5a] [DisplayControl] Version = 3.0.6.0
2025/10/15 05:38:33.303 [T:0x0cc5a] [DisplayControl] Enter ObtainControlHandler1
2025/10/15 05:38:33.303 [T:0x0cc5a] [DisplayControl] GetVideoPortCommander
2025/10/15 05:38:33.303 [T:0x0cc5a] [DisplayControl] GetUSBHubCommander
2025/10/15 05:38:33.303 [T:0x0cc5a] ====== List p_lpo_display_info_video_port, # of devices is ======2
2025/10/15 05:38:33.303 [T:0x0cc5a] [DisplayControl] index of p_lpo_display_info_video_port0
2025/10/15 05:38:33.303 [T:0x0cc5a] [DisplayControl] Model name from VideoPort = VG2458
2025/10/15 05:38:33.303 [T:0x0cc5a] [DisplayControl] SN from VideoPort = YDJ243400006
2025/10/15 05:38:33.303 [T:0x0cc5a] [DisplayControl] index of p_lpo_display_info_video_port1
2025/10/15 05:38:33.303 [T:0x0cc5a] [DisplayControl] Model name from VideoPort = VG275
2025/10/15 05:38:33.303 [T:0x0cc5a] [DisplayControl] SN from VideoPort = XF6232400003
2025/10/15 05:38:33.303 [T:0x0cc5a] ====== List p_lpo_display_info_rtd_scalar_rts_hub, # of devices is ======0
2025/10/15 05:38:33.303 [T:0x0cc5a] [DisplayControl] GetVSRtkHubControlClientListener
2025/10/15 05:38:33.303 [T:0x0cc5a] [DisplayControl] max monitor count = 2
2025/10/15 05:38:33.303 [T:0x0cc5a] [DisplayControl] index of display_info_vec = 0
2025/10/15 05:38:33.303 [T:0x0cc5a] [DisplayControl] index of p_lpo_display_info_video_port = 0
2025/10/15 05:38:33.303 [T:0x0cc5a] [DisplayControl] VideoPortMatchingRule
2025/10/15 05:38:33.304 [T:0x0cc5a] [DisplayControl] monitor display_info_model_name = VG2458
2025/10/15 05:38:33.304 [T:0x0cc5a] [DisplayControl] monitor video_port_model_name = VG2458
2025/10/15 05:38:33.304 [T:0x0cc5a] [DisplayControl] monitor display_info_sn = YDJ243400006
2025/10/15 05:38:33.304 [T:0x0cc5a] [DisplayControl] monitor video_port_sn = YDJ243400006
2025/10/15 05:38:33.304 [T:0x0cc5a] [DisplayControl] model_name_match = 1
2025/10/15 05:38:33.304 [T:0x0cc5a] [DisplayControl] sn_match = 1
2025/10/15 05:38:33.304 [T:0x0cc5a] [DisplayControl] video_port is_match = 1
2025/10/15 05:38:33.304 [T:0x0cc5a] [DisplayControl] index of display_info_vec = 1
2025/10/15 05:38:33.304 [T:0x0cc5a] [DisplayControl] index of p_lpo_display_info_video_port = 0
2025/10/15 05:38:33.304 [T:0x0cc5a] [DisplayControl] VideoPortMatchingRule
2025/10/15 05:38:33.304 [T:0x0cc5a] [DisplayControl] monitor display_info_model_name = VG275
2025/10/15 05:38:33.304 [T:0x0cc5a] [DisplayControl] monitor video_port_model_name = VG2458
2025/10/15 05:38:33.304 [T:0x0cc5a] [DisplayControl] monitor display_info_sn = XF6232400003
2025/10/15 05:38:33.304 [T:0x0cc5a] [DisplayControl] monitor video_port_sn = YDJ243400006
2025/10/15 05:38:33.304 [T:0x0cc5a] [DisplayControl] model_name_match = 0
2025/10/15 05:38:33.304 [T:0x0cc5a] [DisplayControl] sn_match = 0
2025/10/15 05:38:33.304 [T:0x0cc5a] [DisplayControl] video_port is_match = 0
2025/10/15 05:38:33.304 [T:0x0cc5a] [DisplayControl] index of display_info_vec = 1
2025/10/15 05:38:33.304 [T:0x0cc5a] [DisplayControl] index of p_lpo_display_info_video_port = 1
2025/10/15 05:38:33.304 [T:0x0cc5a] [DisplayControl] VideoPortMatchingRule
2025/10/15 05:38:33.304 [T:0x0cc5a] [DisplayControl] monitor display_info_model_name = VG275
2025/10/15 05:38:33.304 [T:0x0cc5a] [DisplayControl] monitor video_port_model_name = VG275
2025/10/15 05:38:33.304 [T:0x0cc5a] [DisplayControl] monitor display_info_sn = XF6232400003
2025/10/15 05:38:33.304 [T:0x0cc5a] [DisplayControl] monitor video_port_sn = XF6232400003
2025/10/15 05:38:33.304 [T:0x0cc5a] [DisplayControl] model_name_match = 1
2025/10/15 05:38:33.304 [T:0x0cc5a] [DisplayControl] sn_match = 1
2025/10/15 05:38:33.304 [T:0x0cc5a] [DisplayControl] video_port is_match = 1
2025/10/15 05:38:33.304 [T:0x0cc5a] [DisplayControl] i = 0
2025/10/15 05:38:33.304 [T:0x0cc5a] [DisplayControl] Enter OperationThread::OperationThread()
2025/10/15 05:38:33.305 [T:0x0cc5a] [DisplayControl] Enter OperationThread::CreateThread
2025/10/15 05:38:33.305 [T:0x0cc5a] [DisplayControl] new DisplayFunctioner
2025/10/15 05:38:33.305 [T:0x0cc5a] [DisplayControl] insert displayer_vector
2025/10/15 05:38:33.305 [T:0x0cc5a] [DisplayControl] insert modelName_SN_to_Display_map
2025/10/15 05:38:33.305 [T:0x0cc5a] [DisplayControl] insert device_id_to_Displayer_map_
2025/10/15 05:38:33.305 [T:0x0cc5a] [DisplayControl] i = 1
2025/10/15 05:38:33.305 [T:0x0cc5a] [DisplayControl] Enter OperationThread::OperationThread()
2025/10/15 05:38:33.305 [T:0x0cc5a] [DisplayControl] Enter OperationThread::CreateThread
2025/10/15 05:38:33.305 [T:0x0cc5a] [DisplayControl] new DisplayFunctioner
2025/10/15 05:38:33.305 [T:0x0cc5a] [DisplayControl] insert displayer_vector
2025/10/15 05:38:33.305 [T:0x0cc5a] [DisplayControl] insert modelName_SN_to_Display_map
2025/10/15 05:38:33.305 [T:0x0cc5a] [DisplayControl] insert device_id_to_Displayer_map_
2025/10/15 05:38:33.305 [T:0x0cc5a] [DisplayControl] monitor size = 2
2025/10/15 05:38:33.305 [T:0x0cc5a] [DisplayControl] Exit ObtainControlHandler
2025/10/15 05:40:37.567 [T:0x8ef36] [DisplayControl] Enter MCCSOtherSet::SetVCP(), vcp code = 16
2025/10/15 05:40:37.784 [T:0x8ef36] [DisplayControl] Exit MCCSOtherSet::SetVCP()
2025/10/15 05:42:10.932 [T:0x5883c] [DisplayControl] Enter MCCSOtherSet::SetVCP(), vcp code = 16
2025/10/15 05:42:11.153 [T:0x5883c] [DisplayControl] Exit MCCSOtherSet::SetVCP()
2025/10/15 05:43:42.299 [T:0xc2982] [DisplayControl] Enter MCCSOtherSet::SetVCP(), vcp code = 18
2025/10/15 05:43:42.497 [T:0xc2982] [DisplayControl] Exit MCCSOtherSet::SetVCP()
2025/10/15 05:45:14.512 [T:0x73970] [DisplayControl] Enter MCCSOtherSet::SetVCP(), vcp code = 18
2025/10/15 05:45:14.733 [T:0x73970] [DisplayControl] Exit MCCSOtherSet::SetVCP()
2025/10/15 05:46:46.811 [T:0xc1518] [DisplayControl] Enter MCCSOtherSet::SetVCP(), vcp code = 135
2025/10/15 05:46:47.024 [T:0xc1518] [DisplayControl] Exit MCCSOtherSet::SetVCP()
2025/10/15 05:48:19.109 [T:0x3e0c8] [DisplayControl] Enter MCCSOtherSet::SetVCP(), vcp code = 135
2025/10/15 05:48:19.304 [T:0x3e0c8] [DisplayControl] Exit MCCSOtherSet::SetVCP()
2025/10/15 05:49:51.279 [T:0x0cc5a] [DisplayControl] Enter MCCSOtherSet::SetVCP(), vcp code = 98
2025/10/15 05:49:51.807 [T:0x0cc5a] [DisplayControl] Exit MCCSOtherSet::SetVCP()
2025/10/15 05:49:51.917 [T:0x53bef] [DisplayControl] Enter MCCSOtherSet::SetVCP(), vcp code = 98
2025/10/15 05:49:52.131 [T:0x53bef] [DisplayControl] Exit MCCSOtherSet::SetVCP()
2025/10/15 05:51:23.645 [T:0x0cc5a] [DisplayControl] Enter MCCSOtherSet::SetVCP(), vcp code = 98
2025/10/15 05:51:23.849 [T:0x0cc5a] [DisplayControl] Exit MCCSOtherSet::SetVCP()
2025/10/15 05:51:23.964 [T:0x69304] [DisplayControl] Enter MCCSOtherSet::SetVCP(), vcp code = 98
2025/10/15 05:51:24.172 [T:0x69304] [DisplayControl] Exit MCCSOtherSet::SetVCP()
2025/10/15 05:52:59.654 [T:0x85783] [DisplayControl] Enter MCCSOtherSet::SetVCP(), vcp code = 220
2025/10/15 05:53:00.662 [T:0x85783] [DisplayControl] Exit MCCSOtherSet::SetVCP()
2025/10/15 05:53:06.283 [T:0x85783] [DisplayControl] Enter MCCSOtherSet::GetVCP(), vcp code = 20
2025/10/15 05:53:06.363 [T:0x85783] [DisplayControl] Exit MCCSOtherSet::GetVCP()
2025/10/15 05:53:07.084 [T:0x85783] [DisplayControl] Enter MCCSOtherSet::GetVCP(), vcp code = 18
2025/10/15 05:53:07.166 [T:0x85783] [DisplayControl] Exit MCCSOtherSet::GetVCP()
2025/10/15 05:53:07.887 [T:0x85783] [DisplayControl] Enter MCCSOtherSet::GetVCP(), vcp code = 135
2025/10/15 05:53:07.967 [T:0x85783] [DisplayControl] Exit MCCSOtherSet::GetVCP()
2025/10/15 05:53:08.677 [T:0x85783] [DisplayControl] Enter MCCSOtherSet::GetVCP(), vcp code = 16
2025/10/15 05:53:08.758 [T:0x85783] [DisplayControl] Exit MCCSOtherSet::GetVCP()
2025/10/15 05:54:53.173 [T:0xa48ad] [DisplayControl] Enter MCCSOtherSet::SetVCP(), vcp code = 220
2025/10/15 05:54:54.155 [T:0xa48ad] [DisplayControl] Exit MCCSOtherSet::SetVCP()
2025/10/15 05:54:59.781 [T:0xa48ad] [DisplayControl] Enter MCCSOtherSet::GetVCP(), vcp code = 20
2025/10/15 05:54:59.863 [T:0xa48ad] [DisplayControl] Exit MCCSOtherSet::GetVCP()
2025/10/15 05:55:00.582 [T:0xa48ad] [DisplayControl] Enter MCCSOtherSet::GetVCP(), vcp code = 18
2025/10/15 05:55:00.664 [T:0xa48ad] [DisplayControl] Exit MCCSOtherSet::GetVCP()
2025/10/15 05:55:01.384 [T:0xa48ad] [DisplayControl] Enter MCCSOtherSet::GetVCP(), vcp code = 135
2025/10/15 05:55:01.478 [T:0xa48ad] [DisplayControl] Exit MCCSOtherSet::GetVCP()
2025/10/15 05:55:02.198 [T:0xa48ad] [DisplayControl] Enter MCCSOtherSet::GetVCP(), vcp code = 16
2025/10/15 05:55:02.280 [T:0xa48ad] [DisplayControl] Exit MCCSOtherSet::GetVCP()
2025/10/15 05:56:46.659 [T:0xd5ec8] [DisplayControl] Enter MCCSOtherSet::SetVCP(), vcp code = 220
2025/10/15 05:56:47.638 [T:0xd5ec8] [DisplayControl] Exit MCCSOtherSet::SetVCP()
2025/10/15 05:56:53.268 [T:0xd5ec8] [DisplayControl] Enter MCCSOtherSet::GetVCP(), vcp code = 20
2025/10/15 05:56:53.350 [T:0xd5ec8] [DisplayControl] Exit MCCSOtherSet::GetVCP()
2025/10/15 05:56:54.070 [T:0xd5ec8] [DisplayControl] Enter MCCSOtherSet::GetVCP(), vcp code = 18
2025/10/15 05:56:54.151 [T:0xd5ec8] [DisplayControl] Exit MCCSOtherSet::GetVCP()
2025/10/15 05:56:54.873 [T:0xd5ec8] [DisplayControl] Enter MCCSOtherSet::GetVCP(), vcp code = 135
2025/10/15 05:56:54.956 [T:0xd5ec8] [DisplayControl] Exit MCCSOtherSet::GetVCP()
2025/10/15 05:56:55.677 [T:0xd5ec8] [DisplayControl] Enter MCCSOtherSet::GetVCP(), vcp code = 16
2025/10/15 05:56:55.758 [T:0xd5ec8] [DisplayControl] Exit MCCSOtherSet::GetVCP()
2025/10/15 05:58:40.231 [T:0x75095] [DisplayControl] Enter MCCSOtherSet::SetVCP(), vcp code = 220
2025/10/15 05:58:41.236 [T:0x75095] [DisplayControl] Exit MCCSOtherSet::SetVCP()
2025/10/15 05:58:46.861 [T:0x75095] [DisplayControl] Enter MCCSOtherSet::GetVCP(), vcp code = 20
2025/10/15 05:58:46.943 [T:0x75095] [DisplayControl] Exit MCCSOtherSet::GetVCP()
2025/10/15 05:58:47.663 [T:0x75095] [DisplayControl] Enter MCCSOtherSet::GetVCP(), vcp code = 18
2025/10/15 05:58:47.745 [T:0x75095] [DisplayControl] Exit MCCSOtherSet::GetVCP()
2025/10/15 05:58:48.462 [T:0x75095] [DisplayControl] Enter MCCSOtherSet::GetVCP(), vcp code = 135
2025/10/15 05:58:48.543 [T:0x75095] [DisplayControl] Exit MCCSOtherSet::GetVCP()
2025/10/15 05:58:49.264 [T:0x75095] [DisplayControl] Enter MCCSOtherSet::GetVCP(), vcp code = 16
2025/10/15 05:58:49.346 [T:0x75095] [DisplayControl] Exit MCCSOtherSet::GetVCP()
2025/10/15 06:00:33.761 [T:0xd4a85] [DisplayControl] Enter MCCSOtherSet::SetVCP(), vcp code = 220
2025/10/15 06:00:34.749 [T:0xd4a85] [DisplayControl] Exit MCCSOtherSet::SetVCP()
2025/10/15 06:00:40.375 [T:0xd4a85] [DisplayControl] Enter MCCSOtherSet::GetVCP(), vcp code = 20
2025/10/15 06:00:40.457 [T:0xd4a85] [DisplayControl] Exit MCCSOtherSet::GetVCP()
2025/10/15 06:00:41.178 [T:0xd4a85] [DisplayControl] Enter MCCSOtherSet::GetVCP(), vcp code = 18
2025/10/15 06:00:41.259 [T:0xd4a85] [DisplayControl] Exit MCCSOtherSet::GetVCP()
2025/10/15 06:00:41.978 [T:0xd4a85] [DisplayControl] Enter MCCSOtherSet::GetVCP(), vcp code = 135
2025/10/15 06:00:42.059 [T:0xd4a85] [DisplayControl] Exit MCCSOtherSet::GetVCP()
2025/10/15 06:00:42.780 [T:0xd4a85] [DisplayControl] Enter MCCSOtherSet::GetVCP(), vcp code = 16
2025/10/15 06:00:42.863 [T:0xd4a85] [DisplayControl] Exit MCCSOtherSet::GetVCP()
2025/10/15 06:02:27.299 [T:0xcbc92] [DisplayControl] Enter MCCSOtherSet::SetVCP(), vcp code = 220
2025/10/15 06:02:28.295 [T:0xcbc92] [DisplayControl] Exit MCCSOtherSet::SetVCP()
2025/10/15 06:02:33.921 [T:0xcbc92] [DisplayControl] Enter MCCSOtherSet::GetVCP(), vcp code = 20
2025/10/15 06:02:34.003 [T:0xcbc92] [DisplayControl] Exit MCCSOtherSet::GetVCP()
2025/10/15 06:02:34.725 [T:0xcbc92] [DisplayControl] Enter MCCSOtherSet::GetVCP(), vcp code = 18
2025/10/15 06:02:34.807 [T:0xcbc92] [DisplayControl] Exit MCCSOtherSet::GetVCP()
2025/10/15 06:02:35.529 [T:0xcbc92] [DisplayControl] Enter MCCSOtherSet::GetVCP(), vcp code = 135
2025/10/15 06:02:35.611 [T:0xcbc92] [DisplayControl] Exit MCCSOtherSet::GetVCP()
2025/10/15 06:02:36.333 [T:0xcbc92] [DisplayControl] Enter MCCSOtherSet::GetVCP(), vcp code = 16
2025/10/15 06:02:36.415 [T:0xcbc92] [DisplayControl] Exit MCCSOtherSet::GetVCP()
2025/10/15 06:04:20.842 [T:0x7d3a9] [DisplayControl] Enter MCCSOtherSet::SetVCP(), vcp code = 220
2025/10/15 06:04:21.831 [T:0x7d3a9] [DisplayControl] Exit MCCSOtherSet::SetVCP()
2025/10/15 06:04:27.446 [T:0x7d3a9] [DisplayControl] Enter MCCSOtherSet::GetVCP(), vcp code = 20
2025/10/15 06:04:27.528 [T:0x7d3a9] [DisplayControl] Exit MCCSOtherSet::GetVCP()
2025/10/15 06:04:28.236 [T:0x7d3a9] [DisplayControl] Enter MCCSOtherSet::GetVCP(), vcp code = 18
2025/10/15 06:04:28.318 [T:0x7d3a9] [DisplayControl] Exit MCCSOtherSet::GetVCP()
2025/10/15 06:04:29.038 [T:0x7d3a9] [DisplayControl] Enter MCCSOtherSet::GetVCP(), vcp code = 135
2025/10/15 06:04:29.120 [T:0x7d3a9] [DisplayControl] Exit MCCSOtherSet::GetVCP()
2025/10/15 06:04:29.842 [T:0x7d3a9] [DisplayControl] Enter MCCSOtherSet::GetVCP(), vcp code = 16
2025/10/15 06:04:29.925 [T:0x7d3a9] [DisplayControl] Exit MCCSOtherSet::GetVCP()
2025/10/15 06:06:14.371 [T:0x8cb29] [DisplayControl] Enter MCCSOtherSet::SetVCP(), vcp code = 220
2025/10/15 06:06:15.377 [T:0x8cb29] [DisplayControl] Exit MCCSOtherSet::SetVCP()
2025/10/15 06:06:20.997 [T:0x8cb29] [DisplayControl] Enter MCCSOtherSet::GetVCP(), vcp code = 20
2025/10/15 06:06:21.079 [T:0x8cb29] [DisplayControl] Exit MCCSOtherSet::GetVCP()
2025/10/15 06:06:21.803 [T:0x8cb29] [DisplayControl] Enter MCCSOtherSet::GetVCP(), vcp code = 18
2025/10/15 06:06:21.884 [T:0x8cb29] [DisplayControl] Exit MCCSOtherSet::GetVCP()
2025/10/15 06:06:22.607 [T:0x8cb29] [DisplayControl] Enter MCCSOtherSet::GetVCP(), vcp code = 135
2025/10/15 06:06:22.689 [T:0x8cb29] [DisplayControl] Exit MCCSOtherSet::GetVCP()
2025/10/15 06:06:23.411 [T:0x8cb29] [DisplayControl] Enter MCCSOtherSet::GetVCP(), vcp code = 16
2025/10/15 06:06:23.493 [T:0x8cb29] [DisplayControl] Exit MCCSOtherSet::GetVCP()
2025/10/15 06:08:07.954 [T:0x2774f] [DisplayControl] Enter MCCSOtherSet::SetVCP(), vcp code = 220
2025/10/15 06:08:08.938 [T:0x2774f] [DisplayControl] Exit MCCSOtherSet::SetVCP()
2025/10/15 06:08:14.568 [T:0x2774f] [DisplayControl] Enter MCCSOtherSet::GetVCP(), vcp code = 20
2025/10/15 06:08:14.649 [T:0x2774f] [DisplayControl] Exit MCCSOtherSet::GetVCP()
2025/10/15 06:08:15.368 [T:0x2774f] [DisplayControl] Enter MCCSOtherSet::GetVCP(), vcp code = 18
2025/10/15 06:08:15.450 [T:0x2774f] [DisplayControl] Exit MCCSOtherSet::GetVCP()
2025/10/15 06:08:16.172 [T:0x2774f] [DisplayControl] Enter MCCSOtherSet::GetVCP(), vcp code = 135
2025/10/15 06:08:16.254 [T:0x2774f] [DisplayControl] Exit MCCSOtherSet::GetVCP()
2025/10/15 06:08:16.978 [T:0x2774f] [DisplayControl] Enter MCCSOtherSet::GetVCP(), vcp code = 16
2025/10/15 06:08:17.059 [T:0x2774f] [DisplayControl] Exit MCCSOtherSet::GetVCP()
2025/10/15 06:10:01.540 [T:0x97743] [DisplayControl] Enter MCCSOtherSet::SetVCP(), vcp code = 220
2025/10/15 06:10:02.532 [T:0x97743] [DisplayControl] Exit MCCSOtherSet::SetVCP()
2025/10/15 06:10:08.146 [T:0x97743] [DisplayControl] Enter MCCSOtherSet::GetVCP(), vcp code = 20
2025/10/15 06:10:08.229 [T:0x97743] [DisplayControl] Exit MCCSOtherSet::GetVCP()
2025/10/15 06:10:08.945 [T:0x97743] [DisplayControl] Enter MCCSOtherSet::GetVCP(), vcp code = 18
2025/10/15 06:10:09.026 [T:0x97743] [DisplayControl] Exit MCCSOtherSet::GetVCP()
2025/10/15 06:10:09.746 [T:0x97743] [DisplayControl] Enter MCCSOtherSet::GetVCP(), vcp code = 135
2025/10/15 06:10:09.827 [T:0x97743] [DisplayControl] Exit MCCSOtherSet::GetVCP()
2025/10/15 06:10:10.551 [T:0x97743] [DisplayControl] Enter MCCSOtherSet::GetVCP(), vcp code = 16
2025/10/15 06:10:10.633 [T:0x97743] [DisplayControl] Exit MCCSOtherSet::GetVCP()
2025/10/15 06:11:55.092 [T:0x4dfc7] [DisplayControl] Enter MCCSOtherSet::SetVCP(), vcp code = 220
2025/10/15 06:11:56.084 [T:0x4dfc7] [DisplayControl] Exit MCCSOtherSet::SetVCP()
2025/10/15 06:12:01.704 [T:0x4dfc7] [DisplayControl] Enter MCCSOtherSet::GetVCP(), vcp code = 20
2025/10/15 06:12:01.786 [T:0x4dfc7] [DisplayControl] Exit MCCSOtherSet::GetVCP()
2025/10/15 06:12:02.505 [T:0x4dfc7] [DisplayControl] Enter MCCSOtherSet::GetVCP(), vcp code = 18
2025/10/15 06:12:02.586 [T:0x4dfc7] [DisplayControl] Exit MCCSOtherSet::GetVCP()
2025/10/15 06:12:03.307 [T:0x4dfc7] [DisplayControl] Enter MCCSOtherSet::GetVCP(), vcp code = 135
2025/10/15 06:12:03.389 [T:0x4dfc7] [DisplayControl] Exit MCCSOtherSet::GetVCP()
2025/10/15 06:12:04.098 [T:0x4dfc7] [DisplayControl] Enter MCCSOtherSet::GetVCP(), vcp code = 16
2025/10/15 06:12:04.179 [T:0x4dfc7] [DisplayControl] Exit MCCSOtherSet::GetVCP()
2025/10/15 06:13:48.684 [T:0xd5187] [DisplayControl] Enter MCCSOtherSet::SetVCP(), vcp code = 220
2025/10/15 06:13:49.675 [T:0xd5187] [DisplayControl] Exit MCCSOtherSet::SetVCP()
2025/10/15 06:13:55.293 [T:0xd5187] [DisplayControl] Enter MCCSOtherSet::GetVCP(), vcp code = 20
2025/10/15 06:13:55.375 [T:0xd5187] [DisplayControl] Exit MCCSOtherSet::GetVCP()
2025/10/15 06:13:56.082 [T:0xd5187] [DisplayControl] Enter MCCSOtherSet::GetVCP(), vcp code = 18
2025/10/15 06:13:56.178 [T:0xd5187] [DisplayControl] Exit MCCSOtherSet::GetVCP()
2025/10/15 06:13:56.899 [T:0xd5187] [DisplayControl] Enter MCCSOtherSet::GetVCP(), vcp code = 135
2025/10/15 06:13:56.981 [T:0xd5187] [DisplayControl] Exit MCCSOtherSet::GetVCP()
2025/10/15 06:13:57.702 [T:0xd5187] [DisplayControl] Enter MCCSOtherSet::GetVCP(), vcp code = 16
2025/10/15 06:13:57.783 [T:0xd5187] [DisplayControl] Exit MCCSOtherSet::GetVCP()
2025/10/15 06:15:42.184 [T:0xa3d1c] [DisplayControl] Enter MCCSOtherSet::SetVCP(), vcp code = 220
2025/10/15 06:15:43.171 [T:0xa3d1c] [DisplayControl] Exit MCCSOtherSet::SetVCP()
2025/10/15 06:15:48.800 [T:0xa3d1c] [DisplayControl] Enter MCCSOtherSet::GetVCP(), vcp code = 20
2025/10/15 06:15:48.881 [T:0xa3d1c] [DisplayControl] Exit MCCSOtherSet::GetVCP()
2025/10/15 06:15:49.603 [T:0xa3d1c] [DisplayControl] Enter MCCSOtherSet::GetVCP(), vcp code = 18
2025/10/15 06:15:49.685 [T:0xa3d1c] [DisplayControl] Exit MCCSOtherSet::GetVCP()
2025/10/15 06:15:50.407 [T:0xa3d1c] [DisplayControl] Enter MCCSOtherSet::GetVCP(), vcp code = 135
2025/10/15 06:15:50.489 [T:0xa3d1c] [DisplayControl] Exit MCCSOtherSet::GetVCP()
2025/10/15 06:15:51.199 [T:0xa3d1c] [DisplayControl] Enter MCCSOtherSet::GetVCP(), vcp code = 16
2025/10/15 06:15:51.280 [T:0xa3d1c] [DisplayControl] Exit MCCSOtherSet::GetVCP()
2025/10/15 06:17:50.113 [T:0xb4788] [DisplayControl] Enter MCCSOtherSet::SetVCP(), vcp code = 4
2025/10/15 06:17:51.059 [T:0xb4788] [DisplayControl] Exit MCCSOtherSet::SetVCP()
2025/10/15 06:17:56.178 [T:0xb4788] [DisplayControl] Enter OperationThread::ExitThread
2025/10/15 06:17:56.179 [T:0xb4788] [DisplayControl] Exit OperationThread::ExitThread
2025/10/15 06:17:56.179 [T:0xb4788] [DisplayControl] Enter OperationThread::~OperationThread()
2025/10/15 06:17:56.179 [T:0xb4788] [DisplayControl] Enter OperationThread::ExitThread
2025/10/15 06:17:56.179 [T:0xb4788] [DisplayControl] Enter OperationThread::ExitThread
2025/10/15 06:17:56.179 [T:0xb4788] [DisplayControl] Exit OperationThread::ExitThread
2025/10/15 06:17:56.179 [T:0xb4788] [DisplayControl] Enter OperationThread::~OperationThread()
2025/10/15 06:17:56.179 [T:0xb4788] [DisplayControl] Enter OperationThread::ExitThread
2025/10/15 06:17:56.211 [T:0xb4788] [DbgStr] After calling display_control_client_listener_video_port_.UpdateAllDisplayPath()
2025/10/15 06:17:56.235 [T:0xb4788] [DbgStr] After calling display_control_client_listener_.GetAllDisplayEDID()
2025/10/15 06:17:56.237 [T:0xb4788] [DisplayControl] Version = 3.0.6.0
2025/10/15 06:17:56.237 [T:0xb4788] [DisplayControl] Enter ObtainControlHandler1
2025/10/15 06:17:56.237 [T:0xb4788] [DisplayControl] GetVideoPortCommander
2025/10/15 06:17:56.237 [T:0xb4788] [DisplayControl] GetUSBHubCommander
2025/10/15 06:17:56.237 [T:0xb4788] ====== List p_lpo_display_info_video_port, # of devices is ======2
2025/10/15 06:17:56.237 [T:0xb4788] [DisplayControl] index of p_lpo_display_info_video_port0
2025/10/15 06:17:56.237 [T:0xb4788] [DisplayControl] Model name from VideoPort = VG2458
2025/10/15 06:17:56.238 [T:0xb4788] [DisplayControl] SN from VideoPort = YDJ243400006
2025/10/15 06:17:56.238 [T:0xb4788] [DisplayControl] index of p_lpo_display_info_video_port1
2025/10/15 06:17:56.238 [T:0xb4788] [DisplayControl] Model name from VideoPort = VG275
2025/10/15 06:17:56.238 [T:0xb4788] [DisplayControl] SN from VideoPort = XF6232400003
2025/10/15 06:17:56.238 [T:0xb4788] ====== List p_lpo_display_info_rtd_scalar_rts_hub, # of devices is ======0
2025/10/15 06:17:56.238 [T:0xb4788] [DisplayControl] GetVSRtkHubControlClientListener
2025/10/15 06:17:56.238 [T:0xb4788] [DisplayControl] max monitor count = 2
2025/10/15 06:17:56.238 [T:0xb4788] [DisplayControl] index of display_info_vec = 0
2025/10/15 06:17:56.238 [T:0xb4788] [DisplayControl] index of p_lpo_display_info_video_port = 0
2025/10/15 06:17:56.238 [T:0xb4788] [DisplayControl] VideoPortMatchingRule
2025/10/15 06:17:56.238 [T:0xb4788] [DisplayControl] monitor display_info_model_name = VG2458
2025/10/15 06:17:56.238 [T:0xb4788] [DisplayControl] monitor video_port_model_name = VG2458
2025/10/15 06:17:56.238 [T:0xb4788] [DisplayControl] monitor display_info_sn = YDJ243400006
2025/10/15 06:17:56.238 [T:0xb4788] [DisplayControl] monitor video_port_sn = YDJ243400006
2025/10/15 06:17:56.238 [T:0xb4788] [DisplayControl] model_name_match = 1
2025/10/15 06:17:56.238 [T:0xb4788] [DisplayControl] sn_match = 1
2025/10/15 06:17:56.238 [T:0xb4788] [DisplayControl] video_port is_match = 1
2025/10/15 06:17:56.238 [T:0xb4788] [DisplayControl] index of display_info_vec = 1
2025/10/15 06:17:56.238 [T:0xb4788] [DisplayControl] index of p_lpo_display_info_video_port = 0
2025/10/15 06:17:56.238 [T:0xb4788] [DisplayControl] VideoPortMatchingRule
2025/10/15 06:17:56.238 [T:0xb4788] [DisplayControl] monitor display_info_model_name = VG275
2025/10/15 06:17:56.238 [T:0xb4788] [DisplayControl] monitor video_port_model_name = VG2458
2025/10/15 06:17:56.238 [T:0xb4788] [DisplayControl] monitor display_info_sn = XF6232400003
2025/10/15 06:17:56.238 [T:0xb4788] [DisplayControl] monitor video_port_sn = YDJ243400006
2025/10/15 06:17:56.238 [T:0xb4788] [DisplayControl] model_name_match = 0
2025/10/15 06:17:56.238 [T:0xb4788] [DisplayControl] sn_match = 0
2025/10/15 06:17:56.238 [T:0xb4788] [DisplayControl] video_port is_match = 0
2025/10/15 06:17:56.238 [T:0xb4788] [DisplayControl] index of display_info_vec = 1
2025/10/15 06:17:56.239 [T:0xb4788] [DisplayControl] index of p_lpo_display_info_video_port = 1
2025/10/15 06:17:56.239 [T:0xb4788] [DisplayControl] VideoPortMatchingRule
2025/10/15 06:17:56.239 [T:0xb4788] [DisplayControl] monitor display_info_model_name = VG275
2025/10/15 06:17:56.239 [T:0xb4788] [DisplayControl] monitor video_port_model_name = VG275
2025/10/15 06:17:56.239 [T:0xb4788] [DisplayControl] monitor display_info_sn = XF6232400003
2025/10/15 06:17:56.239 [T:0xb4788] [DisplayControl] monitor video_port_sn = XF6232400003
2025/10/15 06:17:56.239 [T:0xb4788] [DisplayControl] model_name_match = 1
2025/10/15 06:17:56.239 [T:0xb4788] [DisplayControl] sn_match = 1
2025/10/15 06:17:56.239 [T:0xb4788] [DisplayControl] video_port is_match = 1
2025/10/15 06:17:56.239 [T:0xb4788] [DisplayControl] i = 0
2025/10/15 06:17:56.239 [T:0xb4788] [DisplayControl] Enter OperationThread::OperationThread()
2025/10/15 06:17:56.239 [T:0xb4788] [DisplayControl] Enter OperationThread::CreateThread
2025/10/15 06:17:56.239 [T:0xb4788] [DisplayControl] new DisplayFunctioner
2025/10/15 06:17:56.239 [T:0xb4788] [DisplayControl] insert displayer_vector
2025/10/15 06:17:56.239 [T:0xb4788] [DisplayControl] insert modelName_SN_to_Display_map
2025/10/15 06:17:56.239 [T:0xb4788] [DisplayControl] insert device_id_to_Displayer_map_
2025/10/15 06:17:56.239 [T:0xb4788] [DisplayControl] i = 1
2025/10/15 06:17:56.239 [T:0xb4788] [DisplayControl] Enter OperationThread::OperationThread()
2025/10/15 06:17:56.239 [T:0xb4788] [DisplayControl] Enter OperationThread::CreateThread
2025/10/15 06:17:56.239 [T:0xb4788] [DisplayControl] new DisplayFunctioner
2025/10/15 06:17:56.239 [T:0xb4788] [DisplayControl] insert displayer_vector
2025/10/15 06:17:56.239 [T:0xb4788] [DisplayControl] insert modelName_SN_to_Display_map
2025/10/15 06:17:56.239 [T:0xb4788] [DisplayControl] insert device_id_to_Displayer_map_
2025/10/15 06:17:56.240 [T:0xb4788] [DisplayControl] monitor size = 2
2025/10/15 06:17:56.240 [T:0xb4788] [DisplayControl] Exit ObtainControlHandler
2025/10/15 06:17:56.240 [T:0xb4788] [DisplayControl] Enter MCCSOtherSet::GetVCP(), vcp code = 16
2025/10/15 06:17:56.323 [T:0xb4788] [DisplayControl] Exit MCCSOtherSet::GetVCP()
2025/10/15 06:17:56.323 [T:0xb4788] [DisplayControl] Enter MCCSOtherSet::GetVCP(), vcp code = 20
2025/10/15 06:17:56.464 [T:0xb4788] [DisplayControl] Exit MCCSOtherSet::GetVCP()
2025/10/15 06:17:56.571 [T:0xb4788] [DisplayControl] Enter MCCSOtherSet::GetVCP(), vcp code = 18
2025/10/15 06:17:56.653 [T:0xb4788] [DisplayControl] Exit MCCSOtherSet::GetVCP()
2025/10/15 06:17:56.761 [T:0xb4788] [DisplayControl] Enter MCCSOtherSet::GetVCP(), vcp code = 141
2025/10/15 06:17:56.843 [T:0xb4788] [DisplayControl] Exit MCCSOtherSet::GetVCP()
2025/10/15 06:17:56.951 [T:0xb4788] [DisplayControl] Enter MCCSOtherSet::GetVCP(), vcp code = 245
2025/10/15 06:17:57.033 [T:0xb4788] [DisplayControl] Exit MCCSOtherSet::GetVCP()
2025/10/15 06:17:57.142 [T:0xb4788] [DisplayControl] Enter MCCSOtherSet::GetVCP(), vcp code = 220
2025/10/15 06:17:57.222 [T:0xb4788] [DisplayControl] Exit MCCSOtherSet::GetVCP()
2025/10/15 06:17:57.331 [T:0xb4788] [DisplayControl] Enter MCCSOtherSet::GetVCP(), vcp code = 4
2025/10/15 06:17:57.414 [T:0xb4788] [DisplayControl] Exit MCCSOtherSet::GetVCP()
2025/10/15 06:17:57.522 [T:0xb4788] [DisplayControl] Enter MCCSOtherSet::GetVCP(), vcp code = 97
2025/10/15 06:17:57.603 [T:0xb4788] [DisplayControl] Exit MCCSOtherSet::GetVCP()
2025/10/15 06:17:57.711 [T:0xb4788] [DisplayControl] Enter MCCSOtherSet::GetVCP(), vcp code = 96
2025/10/15 06:17:57.794 [T:0xb4788] [DisplayControl] Exit MCCSOtherSet::GetVCP()
2025/10/15 06:17:57.902 [T:0xb4788] [DisplayControl] Enter MCCSOtherSet::GetVCP(), vcp code = 225
2025/10/15 06:17:57.983 [T:0xb4788] [DisplayControl] Exit MCCSOtherSet::GetVCP()
2025/10/15 06:17:58.091 [T:0xb4788] [DisplayControl] Enter MCCSOtherSet::GetVCP(), vcp code = 135
2025/10/15 06:17:58.173 [T:0xb4788] [DisplayControl] Exit MCCSOtherSet::GetVCP()
2025/10/15 06:17:58.279 [T:0xb4788] [DisplayControl] Enter MCCSOtherSet::GetVCP(), vcp code = 51
2025/10/15 06:17:58.360 [T:0xb4788] [DisplayControl] Exit MCCSOtherSet::GetVCP()
2025/10/15 06:17:58.468 [T:0xb4788] [DisplayControl] Enter MCCSOtherSet::GetVCP(), vcp code = 98
2025/10/15 06:17:58.541 [T:0x0cc5a] [DisplayControl] Enter MCCSOtherSet::GetVCP(), vcp code = 96
2025/10/15 06:17:58.549 [T:0xb4788] [DisplayControl] Exit MCCSOtherSet::GetVCP()
2025/10/15 06:17:58.650 [T:0xb4788] [DisplayControl] Enter MCCSOtherSet::GetVCP(), vcp code = 43
2025/10/15 06:17:58.737 [T:0x0cc5a] [DisplayControl] Exit MCCSOtherSet::GetVCP()
2025/10/15 06:17:58.930 [T:0xb4788] [DisplayControl] Exit MCCSOtherSet::GetVCP()
2025/10/15 06:17:59.032 [T:0xb4788] [DisplayControl] Enter MCCSOtherSet::GetVCP(), vcp code = 16
2025/10/15 06:17:59.238 [T:0xb4788] [DisplayControl] Exit MCCSOtherSet::GetVCP()
2025/10/15 06:17:59.345 [T:0xb4788] [DisplayControl] Enter MCCSOtherSet::GetVCP(), vcp code = 18
2025/10/15 06:17:59.431 [T:0xb4788] [DisplayControl] Exit MCCSOtherSet::GetVCP()
2025/10/15 06:17:59.534 [T:0xb4788] [DisplayControl] Enter MCCSOtherSet::GetVCP(), vcp code = 141
2025/10/15 06:17:59.620 [T:0xb4788] [DisplayControl] Exit MCCSOtherSet::GetVCP()
2025/10/15 06:17:59.723 [T:0xb4788] [DisplayControl] Enter MCCSOtherSet::GetVCP(), vcp code = 220
2025/10/15 06:17:59.824 [T:0xb4788] [DisplayControl] Exit MCCSOtherSet::GetVCP()
2025/10/15 06:17:59.927 [T:0xb4788] [DisplayControl] Enter MCCSOtherSet::GetVCP(), vcp code = 4
2025/10/15 06:18:00.029 [T:0xb4788] [DisplayControl] Exit MCCSOtherSet::GetVCP()
2025/10/15 06:18:00.132 [T:0xb4788] [DisplayControl] Enter MCCSOtherSet::GetVCP(), vcp code = 97
2025/10/15 06:18:00.232 [T:0xb4788] [DisplayControl] Exit MCCSOtherSet::GetVCP()
2025/10/15 06:18:00.334 [T:0xb4788] [DisplayControl] Enter MCCSOtherSet::GetVCP(), vcp code = 96
2025/10/15 06:18:00.420 [T:0xb4788] [DisplayControl] Exit MCCSOtherSet::GetVCP()
2025/10/15 06:18:00.523 [T:0xb4788] [DisplayControl] Enter MCCSOtherSet::GetVCP(), vcp code = 225
2025/10/15 06:18:00.609 [T:0xb4788] [DisplayControl] Exit MCCSOtherSet::GetVCP()
2025/10/15 06:18:00.713 [T:0xb4788] [DisplayControl] Enter MCCSOtherSet::GetVCP(), vcp code = 135
2025/10/15 06:18:00.798 [T:0xb4788] [DisplayControl] Exit MCCSOtherSet::GetVCP()
2025/10/15 06:18:00.902 [T:0xb4788] [DisplayControl] Enter MCCSOtherSet::GetVCP(), vcp code = 51
2025/10/15 06:18:00.988 [T:0xb4788] [DisplayControl] Exit MCCSOtherSet::GetVCP()
2025/10/15 06:18:01.092 [T:0xb4788] [DisplayControl] Enter MCCSOtherSet::GetVCP(), vcp code = 226
2025/10/15 06:18:01.178 [T:0xb4788] [DisplayControl] Exit MCCSOtherSet::GetVCP()
2025/10/15 06:18:01.281 [T:0xb4788] [DisplayControl] Enter MCCSOtherSet::GetVCP(), vcp code = 98
2025/10/15 06:18:01.367 [T:0xb4788] [DisplayControl] Exit MCCSOtherSet::GetVCP()
2025/10/15 06:18:01.471 [T:0xb4788] [DisplayControl] Enter MCCSOtherSet::GetVCP(), vcp code = 236
2025/10/15 06:18:01.557 [T:0xb4788] [DisplayControl] Exit MCCSOtherSet::GetVCP()
2025/10/15 06:18:01.660 [T:0xb4788] [DisplayControl] Enter MCCSOtherSet::GetVCP(), vcp code = 43
2025/10/15 06:18:01.762 [T:0xb4788] [DisplayControl] Exit MCCSOtherSet::GetVCP()
2025/10/15 06:18:01.865 [T:0xb4788] [DisplayControl] Enter MCCSOtherSet::GetVCP(), vcp code = 16
2025/10/15 06:18:01.966 [T:0xb4788] [DisplayControl] Exit MCCSOtherSet::GetVCP()
2025/10/15 06:19:07.422 [T:0xe695b] [DisplayControl] Enter MCCSOtherSet::SetVCP(), vcp code = 20
2025/10/15 06:19:07.643 [T:0xe695b] [DisplayControl] Exit MCCSOtherSet::SetVCP()
2025/10/15 06:19:08.253 [T:0xe695b] [DisplayControl] Enter MCCSOtherSet::GetVCP(), vcp code = 20
2025/10/15 06:19:08.334 [T:0xe695b] [DisplayControl] Exit MCCSOtherSet::GetVCP()
2025/10/15 06:19:09.052 [T:0xe695b] [DisplayControl] Enter MCCSOtherSet::GetVCP(), vcp code = 18
2025/10/15 06:19:09.134 [T:0xe695b] [DisplayControl] Exit MCCSOtherSet::GetVCP()
2025/10/15 06:19:09.856 [T:0xe695b] [DisplayControl] Enter MCCSOtherSet::GetVCP(), vcp code = 135
2025/10/15 06:19:09.939 [T:0xe695b] [DisplayControl] Exit MCCSOtherSet::GetVCP()
2025/10/15 06:19:10.661 [T:0xe695b] [DisplayControl] Enter MCCSOtherSet::GetVCP(), vcp code = 16
2025/10/15 06:19:10.742 [T:0xe695b] [DisplayControl] Exit MCCSOtherSet::GetVCP()
2025/10/15 06:20:54.621 [T:0x75936] [DisplayControl] Enter MCCSOtherSet::SetVCP(), vcp code = 20
2025/10/15 06:20:54.827 [T:0x75936] [DisplayControl] Exit MCCSOtherSet::SetVCP()
2025/10/15 06:20:55.435 [T:0x75936] [DisplayControl] Enter MCCSOtherSet::GetVCP(), vcp code = 20
2025/10/15 06:20:55.517 [T:0x75936] [DisplayControl] Exit MCCSOtherSet::GetVCP()
2025/10/15 06:20:56.241 [T:0x75936] [DisplayControl] Enter MCCSOtherSet::GetVCP(), vcp code = 18
2025/10/15 06:20:56.322 [T:0x75936] [DisplayControl] Exit MCCSOtherSet::GetVCP()
2025/10/15 06:20:57.031 [T:0x75936] [DisplayControl] Enter MCCSOtherSet::GetVCP(), vcp code = 135
2025/10/15 06:20:57.113 [T:0x75936] [DisplayControl] Exit MCCSOtherSet::GetVCP()
2025/10/15 06:20:57.835 [T:0x75936] [DisplayControl] Enter MCCSOtherSet::GetVCP(), vcp code = 16
2025/10/15 06:20:57.916 [T:0x75936] [DisplayControl] Exit MCCSOtherSet::GetVCP()
2025/10/15 06:22:41.898 [T:0x50caa] [DisplayControl] Enter MCCSOtherSet::SetVCP(), vcp code = 20
2025/10/15 06:22:42.104 [T:0x50caa] [DisplayControl] Exit MCCSOtherSet::SetVCP()
2025/10/15 06:22:42.714 [T:0x50caa] [DisplayControl] Enter MCCSOtherSet::GetVCP(), vcp code = 20
2025/10/15 06:22:42.797 [T:0x50caa] [DisplayControl] Exit MCCSOtherSet::GetVCP()
2025/10/15 06:22:43.518 [T:0x50caa] [DisplayControl] Enter MCCSOtherSet::GetVCP(), vcp code = 18
2025/10/15 06:22:43.601 [T:0x50caa] [DisplayControl] Exit MCCSOtherSet::GetVCP()
2025/10/15 06:22:44.320 [T:0x50caa] [DisplayControl] Enter MCCSOtherSet::GetVCP(), vcp code = 135
2025/10/15 06:22:44.401 [T:0x50caa] [DisplayControl] Exit MCCSOtherSet::GetVCP()
2025/10/15 06:22:45.121 [T:0x50caa] [DisplayControl] Enter MCCSOtherSet::GetVCP(), vcp code = 16
2025/10/15 06:22:45.203 [T:0x50caa] [DisplayControl] Exit MCCSOtherSet::GetVCP()
2025/10/15 06:24:29.182 [T:0xed376] [DisplayControl] Enter MCCSOtherSet::SetVCP(), vcp code = 20
2025/10/15 06:24:29.384 [T:0xed376] [DisplayControl] Exit MCCSOtherSet::SetVCP()
2025/10/15 06:24:29.995 [T:0xed376] [DisplayControl] Enter MCCSOtherSet::GetVCP(), vcp code = 20
2025/10/15 06:24:30.077 [T:0xed376] [DisplayControl] Exit MCCSOtherSet::GetVCP()
2025/10/15 06:24:30.798 [T:0xed376] [DisplayControl] Enter MCCSOtherSet::GetVCP(), vcp code = 18
2025/10/15 06:24:30.879 [T:0xed376] [DisplayControl] Exit MCCSOtherSet::GetVCP()
2025/10/15 06:24:31.600 [T:0xed376] [DisplayControl] Enter MCCSOtherSet::GetVCP(), vcp code = 135
2025/10/15 06:24:31.681 [T:0xed376] [DisplayControl] Exit MCCSOtherSet::GetVCP()
2025/10/15 06:24:32.390 [T:0xed376] [DisplayControl] Enter MCCSOtherSet::GetVCP(), vcp code = 16
2025/10/15 06:24:32.472 [T:0xed376] [DisplayControl] Exit MCCSOtherSet::GetVCP()
2025/10/15 06:26:16.361 [T:0x85fc8] [DisplayControl] Enter MCCSOtherSet::SetVCP(), vcp code = 20
2025/10/15 06:26:16.567 [T:0x85fc8] [DisplayControl] Exit MCCSOtherSet::SetVCP()
2025/10/15 06:26:17.177 [T:0x85fc8] [DisplayControl] Enter MCCSOtherSet::GetVCP(), vcp code = 20
2025/10/15 06:26:17.259 [T:0x85fc8] [DisplayControl] Exit MCCSOtherSet::GetVCP()
2025/10/15 06:26:17.980 [T:0x85fc8] [DisplayControl] Enter MCCSOtherSet::GetVCP(), vcp code = 18
2025/10/15 06:26:18.061 [T:0x85fc8] [DisplayControl] Exit MCCSOtherSet::GetVCP()
2025/10/15 06:26:18.780 [T:0x85fc8] [DisplayControl] Enter MCCSOtherSet::GetVCP(), vcp code = 135
2025/10/15 06:26:18.862 [T:0x85fc8] [DisplayControl] Exit MCCSOtherSet::GetVCP()
2025/10/15 06:26:19.570 [T:0x85fc8] [DisplayControl] Enter MCCSOtherSet::GetVCP(), vcp code = 16
2025/10/15 06:26:19.652 [T:0x85fc8] [DisplayControl] Exit MCCSOtherSet::GetVCP()
2025/10/15 06:28:21.228 [T:0x47f45] [DisplayControl] Enter MCCSOtherSet::SetVCP(), vcp code = 4
2025/10/15 06:28:22.179 [T:0x47f45] [DisplayControl] Exit MCCSOtherSet::SetVCP()
2025/10/15 06:28:27.298 [T:0x47f45] [DisplayControl] Enter OperationThread::ExitThread
2025/10/15 06:28:27.298 [T:0x47f45] [DisplayControl] Exit OperationThread::ExitThread
2025/10/15 06:28:27.298 [T:0x47f45] [DisplayControl] Enter OperationThread::~OperationThread()
2025/10/15 06:28:27.298 [T:0x47f45] [DisplayControl] Enter OperationThread::ExitThread
2025/10/15 06:28:27.298 [T:0x47f45] [DisplayControl] Enter OperationThread::ExitThread
2025/10/15 06:28:27.299 [T:0x47f45] [DisplayControl] Exit OperationThread::ExitThread
2025/10/15 06:28:27.299 [T:0x47f45] [DisplayControl] Enter OperationThread::~OperationThread()
2025/10/15 06:28:27.299 [T:0x47f45] [DisplayControl] Enter OperationThread::ExitThread
2025/10/15 06:28:27.331 [T:0x47f45] [DbgStr] After calling display_control_client_listener_video_port_.UpdateAllDisplayPath()
2025/10/15 06:28:27.355 [T:0x47f45] [DbgStr] After calling display_control_client_listener_.GetAllDisplayEDID()
2025/10/15 06:28:27.357 [T:0x47f45] [DisplayControl] Version = 3.0.6.0
2025/10/15 06:28:27.357 [T:0x47f45] [DisplayControl] Enter ObtainControlHandler1
2025/10/15 06:28:27.357 [T:0x47f45] [DisplayControl] GetVideoPortCommander
2025/10/15 06:28:27.357 [T:0x47f45] [DisplayControl] GetUSBHubCommander
2025/10/15 06:28:27.358 [T:0x47f45] ====== List p_lpo_display_info_video_port, # of devices is ======2
2025/10/15 06:28:27.358 [T:0x47f45] [DisplayControl] index of p_lpo_display_info_video_port0
2025/10/15 06:28:27.358 [T:0x47f45] [DisplayControl] Model name from VideoPort = VG2458
2025/10/15 06:28:27.358 [T:0x47f45] [DisplayControl] SN from VideoPort = YDJ243400006
2025/10/15 06:28:27.358 [T:0x47f45] [DisplayControl] index of p_lpo_display_info_video_port1
2025/10/15 06:28:27.358 [T:0x47f45] [DisplayControl] Model name from VideoPort = VG275
2025/10/15 06:28:27.358 [T:0x47f45] [DisplayControl] SN from VideoPort = XF6232400003
2025/10/15 06:28:27.358 [T:0x47f45] ====== List p_lpo_display_info_rtd_scalar_rts_hub, # of devices is ======0
2025/10/15 06:28:27.358 [T:0x47f45] [DisplayControl] GetVSRtkHubControlClientListener
2025/10/15 06:28:27.358 [T:0x47f45] [DisplayControl] max monitor count = 2
2025/10/15 06:28:27.358 [T:0x47f45] [DisplayControl] index of display_info_vec = 0
2025/10/15 06:28:27.358 [T:0x47f45] [DisplayControl] index of p_lpo_display_info_video_port = 0
2025/10/15 06:28:27.358 [T:0x47f45] [DisplayControl] VideoPortMatchingRule
2025/10/15 06:28:27.358 [T:0x47f45] [DisplayControl] monitor display_info_model_name = VG2458
2025/10/15 06:28:27.358 [T:0x47f45] [DisplayControl] monitor video_port_model_name = VG2458
2025/10/15 06:28:27.358 [T:0x47f45] [DisplayControl] monitor display_info_sn = YDJ243400006
2025/10/15 06:28:27.358 [T:0x47f45] [DisplayControl] monitor video_port_sn = YDJ243400006
2025/10/15 06:28:27.358 [T:0x47f45] [DisplayControl] model_name_match = 1
2025/10/15 06:28:27.358 [T:0x47f45] [DisplayControl] sn_match = 1
2025/10/15 06:28:27.358 [T:0x47f45] [DisplayControl] video_port is_match = 1
2025/10/15 06:28:27.358 [T:0x47f45] [DisplayControl] index of display_info_vec = 1
2025/10/15 06:28:27.358 [T:0x47f45] [DisplayControl] index of p_lpo_display_info_video_port = 0
2025/10/15 06:28:27.358 [T:0x47f45] [DisplayControl] VideoPortMatchingRule
2025/10/15 06:28:27.358 [T:0x47f45] [DisplayControl] monitor display_info_model_name = VG275
2025/10/15 06:28:27.358 [T:0x47f45] [DisplayControl] monitor video_port_model_name = VG2458
2025/10/15 06:28:27.358 [T:0x47f45] [DisplayControl] monitor display_info_sn = XF6232400003
2025/10/15 06:28:27.358 [T:0x47f45] [DisplayControl] monitor video_port_sn = YDJ243400006
2025/10/15 06:28:27.359 [T:0x47f45] [DisplayControl] model_name_match = 0
2025/10/15 06:28:27.359 [T:0x47f45] [DisplayControl] sn_match = 0
2025/10/15 06:28:27.359 [T:0x47f45] [DisplayControl] video_port is_match = 0
2025/10/15 06:28:27.359 [T:0x47f45] [DisplayControl] index of display_info_vec = 1
2025/10/15 06:28:27.359 [T:0x47f45] [DisplayControl] index of p_lpo_display_info_video_port = 1
2025/10/15 06:28:27.359 [T:0x47f45] [DisplayControl] VideoPortMatchingRule
2025/10/15 06:28:27.359 [T:0x47f45] [DisplayControl] monitor display_info_model_name = VG275
2025/10/15 06:28:27.359 [T:0x47f45] [DisplayControl] monitor video_port_model_name = VG275
2025/10/15 06:28:27.359 [T:0x47f45] [DisplayControl] monitor display_info_sn = XF6232400003
2025/10/15 06:28:27.359 [T:0x47f45] [DisplayControl] monitor video_port_sn = XF6232400003
2025/10/15 06:28:27.359 [T:0x47f45] [DisplayControl] model_name_match = 1
2025/10/15 06:28:27.359 [T:0x47f45] [DisplayControl] sn_match = 1
2025/10/15 06:28:27.359 [T:0x47f45] [DisplayControl] video_port is_match = 1
2025/10/15 06:28:27.359 [T:0x47f45] [DisplayControl] i = 0
2025/10/15 06:28:27.359 [T:0x47f45] [DisplayControl] Enter OperationThread::OperationThread()
2025/10/15 06:28:27.359 [T:0x47f45] [DisplayControl] Enter OperationThread::CreateThread
2025/10/15 06:28:27.359 [T:0x47f45] [DisplayControl] new DisplayFunctioner
2025/10/15 06:28:27.359 [T:0x47f45] [DisplayControl] insert displayer_vector
2025/10/15 06:28:27.359 [T:0x47f45] [DisplayControl] insert modelName_SN_to_Display_map
2025/10/15 06:28:27.359 [T:0x47f45] [DisplayControl] insert device_id_to_Displayer_map_
2025/10/15 06:28:27.359 [T:0x47f45] [DisplayControl] i = 1
2025/10/15 06:28:27.359 [T:0x47f45] [DisplayControl] Enter OperationThread::OperationThread()
2025/10/15 06:28:27.359 [T:0x47f45] [DisplayControl] Enter OperationThread::CreateThread
2025/10/15 06:28:27.360 [T:0x47f45] [DisplayControl] new DisplayFunctioner
2025/10/15 06:28:27.360 [T:0x47f45] [DisplayControl] insert displayer_vector
2025/10/15 06:28:27.360 [T:0x47f45] [DisplayControl] insert modelName_SN_to_Display_map
2025/10/15 06:28:27.360 [T:0x47f45] [DisplayControl] insert device_id_to_Displayer_map_
2025/10/15 06:28:27.360 [T:0x47f45] [DisplayControl] monitor size = 2
2025/10/15 06:28:27.360 [T:0x47f45] [DisplayControl] Exit ObtainControlHandler
2025/10/15 06:28:27.360 [T:0x47f45] [DisplayControl] Enter MCCSOtherSet::GetVCP(), vcp code = 16
2025/10/15 06:28:27.442 [T:0x47f45] [DisplayControl] Exit MCCSOtherSet::GetVCP()
2025/10/15 06:28:27.442 [T:0x47f45] [DisplayControl] Enter MCCSOtherSet::GetVCP(), vcp code = 20
2025/10/15 06:28:27.582 [T:0x47f45] [DisplayControl] Exit MCCSOtherSet::GetVCP()
2025/10/15 06:28:27.689 [T:0x47f45] [DisplayControl] Enter MCCSOtherSet::GetVCP(), vcp code = 18
2025/10/15 06:28:27.771 [T:0x47f45] [DisplayControl] Exit MCCSOtherSet::GetVCP()
2025/10/15 06:28:27.879 [T:0x47f45] [DisplayControl] Enter MCCSOtherSet::GetVCP(), vcp code = 141
2025/10/15 06:28:27.962 [T:0x47f45] [DisplayControl] Exit MCCSOtherSet::GetVCP()
2025/10/15 06:28:28.069 [T:0x47f45] [DisplayControl] Enter MCCSOtherSet::GetVCP(), vcp code = 245
2025/10/15 06:28:28.150 [T:0x47f45] [DisplayControl] Exit MCCSOtherSet::GetVCP()
2025/10/15 06:28:28.259 [T:0x47f45] [DisplayControl] Enter MCCSOtherSet::GetVCP(), vcp code = 220
2025/10/15 06:28:28.340 [T:0x47f45] [DisplayControl] Exit MCCSOtherSet::GetVCP()
2025/10/15 06:28:28.448 [T:0x47f45] [DisplayControl] Enter MCCSOtherSet::GetVCP(), vcp code = 4
2025/10/15 06:28:28.530 [T:0x47f45] [DisplayControl] Exit MCCSOtherSet::GetVCP()
2025/10/15 06:28:28.639 [T:0x47f45] [DisplayControl] Enter MCCSOtherSet::GetVCP(), vcp code = 97
2025/10/15 06:28:28.720 [T:0x47f45] [DisplayControl] Exit MCCSOtherSet::GetVCP()
2025/10/15 06:28:28.828 [T:0x47f45] [DisplayControl] Enter MCCSOtherSet::GetVCP(), vcp code = 96
2025/10/15 06:28:28.910 [T:0x47f45] [DisplayControl] Exit MCCSOtherSet::GetVCP()
2025/10/15 06:28:29.017 [T:0x47f45] [DisplayControl] Enter MCCSOtherSet::GetVCP(), vcp code = 225
2025/10/15 06:28:29.099 [T:0x47f45] [DisplayControl] Exit MCCSOtherSet::GetVCP()
2025/10/15 06:28:29.208 [T:0x47f45] [DisplayControl] Enter MCCSOtherSet::GetVCP(), vcp code = 135
2025/10/15 06:28:29.289 [T:0x47f45] [DisplayControl] Exit MCCSOtherSet::GetVCP()
2025/10/15 06:28:29.398 [T:0x47f45] [DisplayControl] Enter MCCSOtherSet::GetVCP(), vcp code = 51
2025/10/15 06:28:29.480 [T:0x47f45] [DisplayControl] Exit MCCSOtherSet::GetVCP()
2025/10/15 06:28:29.588 [T:0x47f45] [DisplayControl] Enter MCCSOtherSet::GetVCP(), vcp code = 98
2025/10/15 06:28:29.660 [T:0x0cc5a] [DisplayControl] Enter MCCSOtherSet::GetVCP(), vcp code = 96
2025/10/15 06:28:29.669 [T:0x47f45] [DisplayControl] Exit MCCSOtherSet::GetVCP()
2025/10/15 06:28:29.770 [T:0x47f45] [DisplayControl] Enter MCCSOtherSet::GetVCP(), vcp code = 43
2025/10/15 06:28:29.848 [T:0x0cc5a] [DisplayControl] Exit MCCSOtherSet::GetVCP()
2025/10/15 06:28:30.037 [T:0x47f45] [DisplayControl] Exit MCCSOtherSet::GetVCP()
2025/10/15 06:28:30.140 [T:0x47f45] [DisplayControl] Enter MCCSOtherSet::GetVCP(), vcp code = 16
2025/10/15 06:28:30.343 [T:0x47f45] [DisplayControl] Exit MCCSOtherSet::GetVCP()
2025/10/15 06:28:30.450 [T:0x47f45] [DisplayControl] Enter MCCSOtherSet::GetVCP(), vcp code = 18
2025/10/15 06:28:30.535 [T:0x47f45] [DisplayControl] Exit MCCSOtherSet::GetVCP()
2025/10/15 06:28:30.639 [T:0x47f45] [DisplayControl] Enter MCCSOtherSet::GetVCP(), vcp code = 141
2025/10/15 06:28:30.724 [T:0x47f45] [DisplayControl] Exit MCCSOtherSet::GetVCP()
2025/10/15 06:28:30.828 [T:0x47f45] [DisplayControl] Enter MCCSOtherSet::GetVCP(), vcp code = 220
2025/10/15 06:28:30.914 [T:0x47f45] [DisplayControl] Exit MCCSOtherSet::GetVCP()
2025/10/15 06:28:31.017 [T:0x47f45] [DisplayControl] Enter MCCSOtherSet::GetVCP(), vcp code = 4
2025/10/15 06:28:31.102 [T:0x47f45] [DisplayControl] Exit MCCSOtherSet::GetVCP()
2025/10/15 06:28:31.204 [T:0x47f45] [DisplayControl] Enter MCCSOtherSet::GetVCP(), vcp code = 97
2025/10/15 06:28:31.290 [T:0x47f45] [DisplayControl] Exit MCCSOtherSet::GetVCP()
2025/10/15 06:28:31.393 [T:0x47f45] [DisplayControl] Enter MCCSOtherSet::GetVCP(), vcp code = 96
2025/10/15 06:28:31.479 [T:0x47f45] [DisplayControl] Exit MCCSOtherSet::GetVCP()
2025/10/15 06:28:31.583 [T:0x47f45] [DisplayControl] Enter MCCSOtherSet::GetVCP(), vcp code = 225
2025/10/15 06:28:31.668 [T:0x47f45] [DisplayControl] Exit MCCSOtherSet::GetVCP()
2025/10/15 06:28:31.771 [T:0x47f45] [DisplayControl] Enter MCCSOtherSet::GetVCP(), vcp code = 135
2025/10/15 06:28:31.857 [T:0x47f45] [DisplayControl] Exit MCCSOtherSet::GetVCP()
2025/10/15 06:28:31.962 [T:0x47f45] [DisplayControl] Enter MCCSOtherSet::GetVCP(), vcp code = 51
2025/10/15 06:28:32.046 [T:0x47f45] [DisplayControl] Exit MCCSOtherSet::GetVCP()
2025/10/15 06:28:32.149 [T:0x47f45] [DisplayControl] Enter MCCSOtherSet::GetVCP(), vcp code = 226
2025/10/15 06:28:32.235 [T:0x47f45] [DisplayControl] Exit MCCSOtherSet::GetVCP()
2025/10/15 06:28:32.338 [T:0x47f45] [DisplayControl] Enter MCCSOtherSet::GetVCP(), vcp code = 98
2025/10/15 06:28:32.422 [T:0x47f45] [DisplayControl] Exit MCCSOtherSet::GetVCP()
2025/10/15 06:28:32.527 [T:0x47f45] [DisplayControl] Enter MCCSOtherSet::GetVCP(), vcp code = 236
2025/10/15 06:28:32.612 [T:0x47f45] [DisplayControl] Exit MCCSOtherSet::GetVCP()
2025/10/15 06:28:32.717 [T:0x47f45] [DisplayControl] Enter MCCSOtherSet::GetVCP(), vcp code = 43
2025/10/15 06:28:32.802 [T:0x47f45] [DisplayControl] Exit MCCSOtherSet::GetVCP()
2025/10/15 06:28:32.906 [T:0x47f45] [DisplayControl] Enter MCCSOtherSet::GetVCP(), vcp code = 16
2025/10/15 06:28:32.992 [T:0x47f45] [DisplayControl] Exit MCCSOtherSet::GetVCP()
2025/10/15 06:29:38.012 [T:0x0cc5a] [DisplayControl] Enter MCCSOtherSet::GetVCP(), vcp code = 96
2025/10/15 06:29:38.136 [T:0x0cc5a] [DisplayControl] Exit MCCSOtherSet::GetVCP()
2025/10/15 06:29:38.403 [T:0x4dfc7] [DisplayControl] Enter MCCSOtherSet::GetVCP(), vcp code = 18
2025/10/15 06:29:38.504 [T:0x4dfc7] [DisplayControl] Exit MCCSOtherSet::GetVCP()
2025/10/15 06:29:38.606 [T:0x4dfc7] [DisplayControl] Enter MCCSOtherSet::GetVCP(), vcp code = 141
2025/10/15 06:29:38.692 [T:0x4dfc7] [DisplayControl] Exit MCCSOtherSet::GetVCP()
2025/10/15 06:29:38.795 [T:0x4dfc7] [DisplayControl] Enter MCCSOtherSet::GetVCP(), vcp code = 220
2025/10/15 06:29:38.880 [T:0x4dfc7] [DisplayControl] Exit MCCSOtherSet::GetVCP()
2025/10/15 06:29:38.984 [T:0x4dfc7] [DisplayControl] Enter MCCSOtherSet::GetVCP(), vcp code = 4
2025/10/15 06:29:39.070 [T:0x4dfc7] [DisplayControl] Exit MCCSOtherSet::GetVCP()
2025/10/15 06:29:39.173 [T:0x4dfc7] [DisplayControl] Enter MCCSOtherSet::GetVCP(), vcp code = 97
2025/10/15 06:29:39.259 [T:0x4dfc7] [DisplayControl] Exit MCCSOtherSet::GetVCP()
2025/10/15 06:29:39.363 [T:0x4dfc7] [DisplayControl] Enter MCCSOtherSet::GetVCP(), vcp code = 96
2025/10/15 06:29:39.448 [T:0x4dfc7] [DisplayControl] Exit MCCSOtherSet::GetVCP()
2025/10/15 06:29:39.552 [T:0x4dfc7] [DisplayControl] Enter MCCSOtherSet::GetVCP(), vcp code = 225
2025/10/15 06:29:39.637 [T:0x4dfc7] [DisplayControl] Exit MCCSOtherSet::GetVCP()
2025/10/15 06:29:39.740 [T:0x4dfc7] [DisplayControl] Enter MCCSOtherSet::GetVCP(), vcp code = 135
2025/10/15 06:29:39.826 [T:0x4dfc7] [DisplayControl] Exit MCCSOtherSet::GetVCP()
2025/10/15 06:29:39.928 [T:0x4dfc7] [DisplayControl] Enter MCCSOtherSet::GetVCP(), vcp code = 51
2025/10/15 06:29:40.013 [T:0x4dfc7] [DisplayControl] Exit MCCSOtherSet::GetVCP()
2025/10/15 06:29:40.115 [T:0x4dfc7] [DisplayControl] Enter MCCSOtherSet::GetVCP(), vcp code = 226
2025/10/15 06:29:40.201 [T:0x4dfc7] [DisplayControl] Exit MCCSOtherSet::GetVCP()
2025/10/15 06:29:40.304 [T:0x4dfc7] [DisplayControl] Enter MCCSOtherSet::GetVCP(), vcp code = 98
2025/10/15 06:29:40.390 [T:0x4dfc7] [DisplayControl] Exit MCCSOtherSet::GetVCP()
2025/10/15 06:29:40.494 [T:0x4dfc7] [DisplayControl] Enter MCCSOtherSet::GetVCP(), vcp code = 236
2025/10/15 06:29:40.579 [T:0x4dfc7] [DisplayControl] Exit MCCSOtherSet::GetVCP()
2025/10/15 06:29:40.684 [T:0x4dfc7] [DisplayControl] Enter MCCSOtherSet::GetVCP(), vcp code = 43
2025/10/15 06:29:40.770 [T:0x4dfc7] [DisplayControl] Exit MCCSOtherSet::GetVCP()
2025/10/15 06:29:40.874 [T:0x4dfc7] [DisplayControl] Enter MCCSOtherSet::GetVCP(), vcp code = 16
2025/10/15 06:29:40.974 [T:0x4dfc7] [DisplayControl] Exit MCCSOtherSet::GetVCP()
2025/10/15 06:29:53.976 [T:0x4dfc7] [DisplayControl] Enter MCCSOtherSet::SetVCP(), vcp code = 4
2025/10/15 06:29:54.926 [T:0x4dfc7] [DisplayControl] Exit MCCSOtherSet::SetVCP()
2025/10/15 06:30:00.042 [T:0x4dfc7] [DisplayControl] Enter OperationThread::ExitThread
2025/10/15 06:30:00.042 [T:0x4dfc7] [DisplayControl] Exit OperationThread::ExitThread
2025/10/15 06:30:00.042 [T:0x4dfc7] [DisplayControl] Enter OperationThread::~OperationThread()
2025/10/15 06:30:00.042 [T:0x4dfc7] [DisplayControl] Enter OperationThread::ExitThread
2025/10/15 06:30:00.042 [T:0x4dfc7] [DisplayControl] Enter OperationThread::ExitThread
2025/10/15 06:30:00.042 [T:0x4dfc7] [DisplayControl] Exit OperationThread::ExitThread
2025/10/15 06:30:00.043 [T:0x4dfc7] [DisplayControl] Enter OperationThread::~OperationThread()
2025/10/15 06:30:00.043 [T:0x4dfc7] [DisplayControl] Enter OperationThread::ExitThread
2025/10/15 06:30:00.074 [T:0x4dfc7] [DbgStr] After calling display_control_client_listener_video_port_.UpdateAllDisplayPath()
2025/10/15 06:30:00.099 [T:0x4dfc7] [DbgStr] After calling display_control_client_listener_.GetAllDisplayEDID()
2025/10/15 06:30:00.101 [T:0x4dfc7] [DisplayControl] Version = 3.0.6.0
2025/10/15 06:30:00.101 [T:0x4dfc7] [DisplayControl] Enter ObtainControlHandler1
2025/10/15 06:30:00.101 [T:0x4dfc7] [DisplayControl] GetVideoPortCommander
2025/10/15 06:30:00.101 [T:0x4dfc7] [DisplayControl] GetUSBHubCommander
2025/10/15 06:30:00.101 [T:0x4dfc7] ====== List p_lpo_display_info_video_port, # of devices is ======2
2025/10/15 06:30:00.101 [T:0x4dfc7] [DisplayControl] index of p_lpo_display_info_video_port0
2025/10/15 06:30:00.101 [T:0x4dfc7] [DisplayControl] Model name from VideoPort = VG2458
2025/10/15 06:30:00.101 [T:0x4dfc7] [DisplayControl] SN from VideoPort = YDJ243400006
2025/10/15 06:30:00.101 [T:0x4dfc7] [DisplayControl] index of p_lpo_display_info_video_port1
2025/10/15 06:30:00.101 [T:0x4dfc7] [DisplayControl] Model name from VideoPort = VG275
2025/10/15 06:30:00.101 [T:0x4dfc7] [DisplayControl] SN from VideoPort = XF6232400003
2025/10/15 06:30:00.101 [T:0x4dfc7] ====== List p_lpo_display_info_rtd_scalar_rts_hub, # of devices is ======0
2025/10/15 06:30:00.101 [T:0x4dfc7] [DisplayControl] GetVSRtkHubControlClientListener
2025/10/15 06:30:00.101 [T:0x4dfc7] [DisplayControl] max monitor count = 2
2025/10/15 06:30:00.101 [T:0x4dfc7] [DisplayControl] index of display_info_vec = 0
2025/10/15 06:30:00.101 [T:0x4dfc7] [DisplayControl] index of p_lpo_display_info_video_port = 0
2025/10/15 06:30:00.101 [T:0x4dfc7] [DisplayControl] VideoPortMatchingRule
2025/10/15 06:30:00.101 [T:0x4dfc7] [DisplayControl] monitor display_info_model_name = VG2458
2025/10/15 06:30:00.101 [T:0x4dfc7] [DisplayControl] monitor video_port_model_name = VG2458
2025/10/15 06:30:00.101 [T:0x4dfc7] [DisplayControl] monitor display_info_sn = YDJ243400006
2025/10/15 06:30:00.101 [T:0x4dfc7] [DisplayControl] monitor video_port_sn = YDJ243400006
2025/10/15 06:30:00.102 [T:0x4dfc7] [DisplayControl] model_name_match = 1
2025/10/15 06:30:00.102 [T:0x4dfc7] [DisplayControl] sn_match = 1
2025/10/15 06:30:00.102 [T:0x4dfc7] [DisplayControl] video_port is_match = 1
2025/10/15 06:30:00.102 [T:0x4dfc7] [DisplayControl] index of display_info_vec = 1
2025/10/15 06:30:00.102 [T:0x4dfc7] [DisplayControl] index of p_lpo_display_info_video_port = 0
2025/10/15 06:30:00.102 [T:0x4dfc7] [DisplayControl] VideoPortMatchingRule
2025/10/15 06:30:00.102 [T:0x4dfc7] [DisplayControl] monitor display_info_model_name = VG275
2025/10/15 06:30:00.102 [T:0x4dfc7] [DisplayControl] monitor video_port_model_name = VG2458
2025/10/15 06:30:00.102 [T:0x4dfc7] [DisplayControl] monitor display_info_sn = XF6232400003
2025/10/15 06:30:00.102 [T:0x4dfc7] [DisplayControl] monitor video_port_sn = YDJ243400006
2025/10/15 06:30:00.102 [T:0x4dfc7] [DisplayControl] model_name_match = 0
2025/10/15 06:30:00.102 [T:0x4dfc7] [DisplayControl] sn_match = 0
2025/10/15 06:30:00.102 [T:0x4dfc7] [DisplayControl] video_port is_match = 0
2025/10/15 06:30:00.102 [T:0x4dfc7] [DisplayControl] index of display_info_vec = 1
2025/10/15 06:30:00.102 [T:0x4dfc7] [DisplayControl] index of p_lpo_display_info_video_port = 1
2025/10/15 06:30:00.102 [T:0x4dfc7] [DisplayControl] VideoPortMatchingRule
2025/10/15 06:30:00.102 [T:0x4dfc7] [DisplayControl] monitor display_info_model_name = VG275
2025/10/15 06:30:00.102 [T:0x4dfc7] [DisplayControl] monitor video_port_model_name = VG275
2025/10/15 06:30:00.102 [T:0x4dfc7] [DisplayControl] monitor display_info_sn = XF6232400003
2025/10/15 06:30:00.102 [T:0x4dfc7] [DisplayControl] monitor video_port_sn = XF6232400003
2025/10/15 06:30:00.102 [T:0x4dfc7] [DisplayControl] model_name_match = 1
2025/10/15 06:30:00.102 [T:0x4dfc7] [DisplayControl] sn_match = 1
2025/10/15 06:30:00.102 [T:0x4dfc7] [DisplayControl] video_port is_match = 1
2025/10/15 06:30:00.102 [T:0x4dfc7] [DisplayControl] i = 0
2025/10/15 06:30:00.102 [T:0x4dfc7] [DisplayControl] Enter OperationThread::OperationThread()
2025/10/15 06:30:00.102 [T:0x4dfc7] [DisplayControl] Enter OperationThread::CreateThread
2025/10/15 06:30:00.103 [T:0x4dfc7] [DisplayControl] new DisplayFunctioner
2025/10/15 06:30:00.103 [T:0x4dfc7] [DisplayControl] insert displayer_vector
2025/10/15 06:30:00.103 [T:0x4dfc7] [DisplayControl] insert modelName_SN_to_Display_map
2025/10/15 06:30:00.103 [T:0x4dfc7] [DisplayControl] insert device_id_to_Displayer_map_
2025/10/15 06:30:00.103 [T:0x4dfc7] [DisplayControl] i = 1
2025/10/15 06:30:00.103 [T:0x4dfc7] [DisplayControl] Enter OperationThread::OperationThread()
2025/10/15 06:30:00.103 [T:0x4dfc7] [DisplayControl] Enter OperationThread::CreateThread
2025/10/15 06:30:00.103 [T:0x4dfc7] [DisplayControl] new DisplayFunctioner
2025/10/15 06:30:00.103 [T:0x4dfc7] [DisplayControl] insert displayer_vector
2025/10/15 06:30:00.103 [T:0x4dfc7] [DisplayControl] insert modelName_SN_to_Display_map
2025/10/15 06:30:00.103 [T:0x4dfc7] [DisplayControl] insert device_id_to_Displayer_map_
2025/10/15 06:30:00.103 [T:0x4dfc7] [DisplayControl] monitor size = 2
2025/10/15 06:30:00.103 [T:0x4dfc7] [DisplayControl] Exit ObtainControlHandler
2025/10/15 06:30:00.103 [T:0x4dfc7] [DisplayControl] Enter MCCSOtherSet::GetVCP(), vcp code = 16
2025/10/15 06:30:00.190 [T:0x4dfc7] [DisplayControl] Exit MCCSOtherSet::GetVCP()
2025/10/15 06:30:00.191 [T:0x4dfc7] [DisplayControl] Enter MCCSOtherSet::GetVCP(), vcp code = 20
2025/10/15 06:30:00.281 [T:0x4dfc7] [DisplayControl] Exit MCCSOtherSet::GetVCP()
2025/10/15 06:30:00.389 [T:0x4dfc7] [DisplayControl] Enter MCCSOtherSet::GetVCP(), vcp code = 18
2025/10/15 06:30:00.471 [T:0x4dfc7] [DisplayControl] Exit MCCSOtherSet::GetVCP()
2025/10/15 06:30:00.579 [T:0x4dfc7] [DisplayControl] Enter MCCSOtherSet::GetVCP(), vcp code = 141
2025/10/15 06:30:00.660 [T:0x4dfc7] [DisplayControl] Exit MCCSOtherSet::GetVCP()
2025/10/15 06:30:00.766 [T:0x4dfc7] [DisplayControl] Enter MCCSOtherSet::GetVCP(), vcp code = 245
2025/10/15 06:30:00.848 [T:0x4dfc7] [DisplayControl] Exit MCCSOtherSet::GetVCP()
2025/10/15 06:30:00.956 [T:0x4dfc7] [DisplayControl] Enter MCCSOtherSet::GetVCP(), vcp code = 220
2025/10/15 06:30:01.038 [T:0x4dfc7] [DisplayControl] Exit MCCSOtherSet::GetVCP()
2025/10/15 06:30:01.145 [T:0x4dfc7] [DisplayControl] Enter MCCSOtherSet::GetVCP(), vcp code = 4
2025/10/15 06:30:01.227 [T:0x4dfc7] [DisplayControl] Exit MCCSOtherSet::GetVCP()
2025/10/15 06:30:01.333 [T:0x4dfc7] [DisplayControl] Enter MCCSOtherSet::GetVCP(), vcp code = 97
2025/10/15 06:30:01.414 [T:0x4dfc7] [DisplayControl] Exit MCCSOtherSet::GetVCP()
2025/10/15 06:30:01.520 [T:0x4dfc7] [DisplayControl] Enter MCCSOtherSet::GetVCP(), vcp code = 96
2025/10/15 06:30:01.603 [T:0x4dfc7] [DisplayControl] Exit MCCSOtherSet::GetVCP()
2025/10/15 06:30:01.711 [T:0x4dfc7] [DisplayControl] Enter MCCSOtherSet::GetVCP(), vcp code = 225
2025/10/15 06:30:01.792 [T:0x4dfc7] [DisplayControl] Exit MCCSOtherSet::GetVCP()
2025/10/15 06:30:01.900 [T:0x4dfc7] [DisplayControl] Enter MCCSOtherSet::GetVCP(), vcp code = 135
2025/10/15 06:30:01.981 [T:0x4dfc7] [DisplayControl] Exit MCCSOtherSet::GetVCP()
2025/10/15 06:30:02.089 [T:0x4dfc7] [DisplayControl] Enter MCCSOtherSet::GetVCP(), vcp code = 51
2025/10/15 06:30:02.169 [T:0x4dfc7] [DisplayControl] Exit MCCSOtherSet::GetVCP()
2025/10/15 06:30:02.276 [T:0x4dfc7] [DisplayControl] Enter MCCSOtherSet::GetVCP(), vcp code = 98
2025/10/15 06:30:02.359 [T:0x4dfc7] [DisplayControl] Exit MCCSOtherSet::GetVCP()
2025/10/15 06:30:02.467 [T:0x4dfc7] [DisplayControl] Enter MCCSOtherSet::GetVCP(), vcp code = 43
2025/10/15 06:30:02.548 [T:0x4dfc7] [DisplayControl] Exit MCCSOtherSet::GetVCP()
2025/10/15 06:30:02.655 [T:0x4dfc7] [DisplayControl] Enter MCCSOtherSet::GetVCP(), vcp code = 16
2025/10/15 06:30:02.737 [T:0x4dfc7] [DisplayControl] Exit MCCSOtherSet::GetVCP()
2025/10/15 06:30:02.844 [T:0x4dfc7] [DisplayControl] Enter MCCSOtherSet::GetVCP(), vcp code = 18
2025/10/15 06:30:02.930 [T:0x4dfc7] [DisplayControl] Exit MCCSOtherSet::GetVCP()
2025/10/15 06:30:03.034 [T:0x4dfc7] [DisplayControl] Enter MCCSOtherSet::GetVCP(), vcp code = 141
2025/10/15 06:30:03.119 [T:0x4dfc7] [DisplayControl] Exit MCCSOtherSet::GetVCP()
2025/10/15 06:30:03.224 [T:0x4dfc7] [DisplayControl] Enter MCCSOtherSet::GetVCP(), vcp code = 220
2025/10/15 06:30:03.310 [T:0x4dfc7] [DisplayControl] Exit MCCSOtherSet::GetVCP()
2025/10/15 06:30:03.415 [T:0x4dfc7] [DisplayControl] Enter MCCSOtherSet::GetVCP(), vcp code = 4
2025/10/15 06:30:03.515 [T:0x4dfc7] [DisplayControl] Exit MCCSOtherSet::GetVCP()
2025/10/15 06:30:03.619 [T:0x4dfc7] [DisplayControl] Enter MCCSOtherSet::GetVCP(), vcp code = 97
2025/10/15 06:30:03.705 [T:0x4dfc7] [DisplayControl] Exit MCCSOtherSet::GetVCP()
2025/10/15 06:30:03.809 [T:0x4dfc7] [DisplayControl] Enter MCCSOtherSet::GetVCP(), vcp code = 96
2025/10/15 06:30:03.895 [T:0x4dfc7] [DisplayControl] Exit MCCSOtherSet::GetVCP()
2025/10/15 06:30:03.998 [T:0x4dfc7] [DisplayControl] Enter MCCSOtherSet::GetVCP(), vcp code = 225
2025/10/15 06:30:04.098 [T:0x4dfc7] [DisplayControl] Exit MCCSOtherSet::GetVCP()
2025/10/15 06:30:04.202 [T:0x4dfc7] [DisplayControl] Enter MCCSOtherSet::GetVCP(), vcp code = 135
2025/10/15 06:30:04.288 [T:0x4dfc7] [DisplayControl] Exit MCCSOtherSet::GetVCP()
2025/10/15 06:30:04.391 [T:0x4dfc7] [DisplayControl] Enter MCCSOtherSet::GetVCP(), vcp code = 51
2025/10/15 06:30:04.490 [T:0x4dfc7] [DisplayControl] Exit MCCSOtherSet::GetVCP()
2025/10/15 06:30:04.593 [T:0x4dfc7] [DisplayControl] Enter MCCSOtherSet::GetVCP(), vcp code = 226
2025/10/15 06:30:04.679 [T:0x4dfc7] [DisplayControl] Exit MCCSOtherSet::GetVCP()
2025/10/15 06:30:04.781 [T:0x4dfc7] [DisplayControl] Enter MCCSOtherSet::GetVCP(), vcp code = 98
2025/10/15 06:30:04.882 [T:0x4dfc7] [DisplayControl] Exit MCCSOtherSet::GetVCP()
2025/10/15 06:30:04.986 [T:0x4dfc7] [DisplayControl] Enter MCCSOtherSet::GetVCP(), vcp code = 236
2025/10/15 06:30:05.086 [T:0x4dfc7] [DisplayControl] Exit MCCSOtherSet::GetVCP()
2025/10/15 06:30:05.190 [T:0x4dfc7] [DisplayControl] Enter MCCSOtherSet::GetVCP(), vcp code = 43
2025/10/15 06:30:05.275 [T:0x4dfc7] [DisplayControl] Exit MCCSOtherSet::GetVCP()
2025/10/15 06:30:05.379 [T:0x4dfc7] [DisplayControl] Enter MCCSOtherSet::GetVCP(), vcp code = 16
2025/10/15 06:30:05.466 [T:0x4dfc7] [DisplayControl] Exit MCCSOtherSet::GetVCP()
