2025/10/10 05:01:38.995 [T:0x4a5b4] [DisplayControl] Enter ObtainControlHandler1
2025/10/10 05:01:38.995 [T:0x4a5b4] [DisplayControl] GetVideoPortCommander
2025/10/10 05:01:38.995 [T:0x4a5b4] [DisplayControl] GetUSBHubCommander
2025/10/10 05:01:38.995 [T:0x4a5b4] ====== List p_lpo_display_info_video_port, # of devices is ======2
2025/10/10 05:01:38.995 [T:0x4a5b4] [DisplayControl] index of p_lpo_display_info_video_port0
2025/10/10 05:01:38.995 [T:0x4a5b4] [DisplayControl] Model name from VideoPort = VG2458
2025/10/10 05:01:38.995 [T:0x4a5b4] [DisplayControl] SN from VideoPort = YDJ243400006
2025/10/10 05:01:38.996 [T:0x4a5b4] [DisplayControl] index of p_lpo_display_info_video_port1
2025/10/10 05:01:38.996 [T:0x4a5b4] [DisplayControl] Model name from VideoPort = VG275
2025/10/10 05:01:38.996 [T:0x4a5b4] [DisplayControl] SN from VideoPort = XF6232400003
2025/10/10 05:01:38.996 [T:0x4a5b4] ====== List p_lpo_display_info_rtd_scalar_rts_hub, # of devices is ======0
2025/10/10 05:01:38.996 [T:0x4a5b4] [DisplayControl] GetVSRtkHubControlClientListener
2025/10/10 05:01:38.996 [T:0x4a5b4] [DisplayControl] max monitor count = 2
2025/10/10 05:01:38.996 [T:0x4a5b4] [DisplayControl] index of display_info_vec = 0
2025/10/10 05:01:38.996 [T:0x4a5b4] [DisplayControl] index of p_lpo_display_info_video_port = 0
2025/10/10 05:01:38.996 [T:0x4a5b4] [DisplayControl] VideoPortMatchingRule
2025/10/10 05:01:38.996 [T:0x4a5b4] [DisplayControl] monitor display_info_model_name = VG2458
2025/10/10 05:01:38.996 [T:0x4a5b4] [DisplayControl] monitor video_port_model_name = VG2458
2025/10/10 05:01:38.997 [T:0x4a5b4] [DisplayControl] monitor display_info_sn = YDJ243400006
2025/10/10 05:01:38.997 [T:0x4a5b4] [DisplayControl] monitor video_port_sn = YDJ243400006
2025/10/10 05:01:38.997 [T:0x4a5b4] [DisplayControl] model_name_match = 1
2025/10/10 05:01:38.997 [T:0x4a5b4] [DisplayControl] sn_match = 1
2025/10/10 05:01:38.997 [T:0x4a5b4] [DisplayControl] video_port is_match = 1
2025/10/10 05:01:38.997 [T:0x4a5b4] [DisplayControl] index of display_info_vec = 1
2025/10/10 05:01:38.997 [T:0x4a5b4] [DisplayControl] index of p_lpo_display_info_video_port = 0
2025/10/10 05:01:38.997 [T:0x4a5b4] [DisplayControl] VideoPortMatchingRule
2025/10/10 05:01:38.997 [T:0x4a5b4] [DisplayControl] monitor display_info_model_name = VG275
2025/10/10 05:01:38.997 [T:0x4a5b4] [DisplayControl] monitor video_port_model_name = VG2458
2025/10/10 05:01:38.997 [T:0x4a5b4] [DisplayControl] monitor display_info_sn = XF6232400003
2025/10/10 05:01:38.997 [T:0x4a5b4] [DisplayControl] monitor video_port_sn = YDJ243400006
2025/10/10 05:01:38.997 [T:0x4a5b4] [DisplayControl] model_name_match = 0
2025/10/10 05:01:38.997 [T:0x4a5b4] [DisplayControl] sn_match = 0
2025/10/10 05:01:38.997 [T:0x4a5b4] [DisplayControl] video_port is_match = 0
2025/10/10 05:01:38.997 [T:0x4a5b4] [DisplayControl] index of display_info_vec = 1
2025/10/10 05:01:38.997 [T:0x4a5b4] [DisplayControl] index of p_lpo_display_info_video_port = 1
2025/10/10 05:01:38.997 [T:0x4a5b4] [DisplayControl] VideoPortMatchingRule
2025/10/10 05:01:38.997 [T:0x4a5b4] [DisplayControl] monitor display_info_model_name = VG275
2025/10/10 05:01:38.997 [T:0x4a5b4] [DisplayControl] monitor video_port_model_name = VG275
2025/10/10 05:01:38.997 [T:0x4a5b4] [DisplayControl] monitor display_info_sn = XF6232400003
2025/10/10 05:01:38.997 [T:0x4a5b4] [DisplayControl] monitor video_port_sn = XF6232400003
2025/10/10 05:01:38.997 [T:0x4a5b4] [DisplayControl] model_name_match = 1
2025/10/10 05:01:38.997 [T:0x4a5b4] [DisplayControl] sn_match = 1
2025/10/10 05:01:38.998 [T:0x4a5b4] [DisplayControl] video_port is_match = 1
2025/10/10 05:01:38.998 [T:0x4a5b4] [DisplayControl] i = 0
2025/10/10 05:01:38.998 [T:0x4a5b4] [DisplayControl] Enter OperationThread::OperationThread()
2025/10/10 05:01:38.998 [T:0x4a5b4] [DisplayControl] Enter OperationThread::CreateThread
2025/10/10 05:01:38.998 [T:0x4a5b4] [DisplayControl] new DisplayFunctioner
2025/10/10 05:01:38.998 [T:0x4a5b4] [DisplayControl] insert displayer_vector
2025/10/10 05:01:38.998 [T:0x4a5b4] [DisplayControl] insert modelName_SN_to_Display_map
2025/10/10 05:01:38.998 [T:0x4a5b4] [DisplayControl] insert device_id_to_Displayer_map_
2025/10/10 05:01:38.998 [T:0x4a5b4] [DisplayControl] i = 1
2025/10/10 05:01:38.998 [T:0x4a5b4] [DisplayControl] Enter OperationThread::OperationThread()
2025/10/10 05:01:38.998 [T:0x4a5b4] [DisplayControl] Enter OperationThread::CreateThread
2025/10/10 05:01:38.998 [T:0x4a5b4] [DisplayControl] new DisplayFunctioner
2025/10/10 05:01:38.998 [T:0x4a5b4] [DisplayControl] insert displayer_vector
2025/10/10 05:01:38.998 [T:0x4a5b4] [DisplayControl] insert modelName_SN_to_Display_map
2025/10/10 05:01:38.998 [T:0x4a5b4] [DisplayControl] insert device_id_to_Displayer_map_
2025/10/10 05:01:38.998 [T:0x4a5b4] [DisplayControl] monitor size = 2
2025/10/10 05:01:38.998 [T:0x4a5b4] [DisplayControl] Exit ObtainControlHandler
2025/10/10 05:01:38.998 [T:0x4a5b4] [DisplayControl] Enter MCCSOtherSet::GetVCP(), vcp code = 16
2025/10/10 05:01:39.082 [T:0x4a5b4] [DisplayControl] Exit MCCSOtherSet::GetVCP()
2025/10/10 05:01:39.083 [T:0x4a5b4] [DisplayControl] Enter MCCSOtherSet::GetVCP(), vcp code = 16
2025/10/10 05:01:39.213 [T:0x4a5b4] [DisplayControl] Exit MCCSOtherSet::GetVCP()
2025/10/10 05:01:39.455 [T:0x4a5b4] [DisplayControl] Enter MCCSOtherSet::SetVCP(), vcp code = 51
2025/10/10 05:01:39.629 [T:0x4a5b4] [DisplayControl] Exit MCCSOtherSet::SetVCP()
2025/10/10 05:01:39.631 [T:0x4a5b4] [DisplayControl] Enter MCCSOtherSet::SetVCP(), vcp code = 51
2025/10/10 05:01:39.838 [T:0x4a5b4] [DisplayControl] Exit MCCSOtherSet::SetVCP()
2025/10/10 05:01:39.841 [T:0x4a5b4] [DisplayControl] Enter MCCSOtherSet::GetVCP(), vcp code = 96
2025/10/10 05:01:39.957 [T:0x4a5b4] [DisplayControl] Exit MCCSOtherSet::GetVCP()
2025/10/10 05:01:40.073 [T:0x4a5b4] [DisplayControl] Enter MCCSOtherSet::GetVCP(), vcp code = 18
2025/10/10 05:01:40.192 [T:0x4a5b4] [DisplayControl] Exit MCCSOtherSet::GetVCP()
2025/10/10 05:01:40.307 [T:0x4a5b4] [DisplayControl] Enter MCCSOtherSet::GetVCP(), vcp code = 20
2025/10/10 05:01:40.436 [T:0x4a5b4] [DisplayControl] Exit MCCSOtherSet::GetVCP()
2025/10/10 05:01:40.542 [T:0x4a5b4] [DisplayControl] Enter MCCSOtherSet::GetVCP(), vcp code = 220
2025/10/10 05:01:40.661 [T:0x4a5b4] [DisplayControl] Exit MCCSOtherSet::GetVCP()
2025/10/10 05:01:40.777 [T:0x4a5b4] [DisplayControl] Enter MCCSOtherSet::GetVCP(), vcp code = 225
2025/10/10 05:01:40.928 [T:0x4a5b4] [DisplayControl] Exit MCCSOtherSet::GetVCP()
2025/10/10 05:01:41.042 [T:0x4a5b4] [DisplayControl] Enter MCCSOtherSet::GetVCP(), vcp code = 245
2025/10/10 05:01:41.187 [T:0x4a5b4] [DisplayControl] Exit MCCSOtherSet::GetVCP()
2025/10/10 05:01:41.293 [T:0x4a5b4] [DisplayControl] Enter MCCSOtherSet::GetVCP(), vcp code = 4
2025/10/10 05:01:41.373 [T:0x4a5b4] [DisplayControl] Exit MCCSOtherSet::GetVCP()
2025/10/10 05:01:41.480 [T:0x4a5b4] [DisplayControl] Enter MCCSOtherSet::GetVCP(), vcp code = 97
2025/10/10 05:01:41.561 [T:0x4a5b4] [DisplayControl] Exit MCCSOtherSet::GetVCP()
2025/10/10 05:01:41.668 [T:0x4a5b4] [DisplayControl] Enter MCCSOtherSet::GetVCP(), vcp code = 98
2025/10/10 05:01:41.749 [T:0x4a5b4] [DisplayControl] Exit MCCSOtherSet::GetVCP()
2025/10/10 05:01:41.856 [T:0x4a5b4] [DisplayControl] Enter MCCSOtherSet::GetVCP(), vcp code = 135
2025/10/10 05:01:41.944 [T:0x4a5b4] [DisplayControl] Exit MCCSOtherSet::GetVCP()
2025/10/10 05:01:42.059 [T:0x4a5b4] [DisplayControl] Enter MCCSOtherSet::GetVCP(), vcp code = 43
2025/10/10 05:01:42.209 [T:0x4a5b4] [DisplayControl] Exit MCCSOtherSet::GetVCP()
2025/10/10 05:01:42.325 [T:0x4a5b4] [DisplayControl] Enter MCCSOtherSet::GetVCP(), vcp code = 16
2025/10/10 05:01:42.453 [T:0x4a5b4] [DisplayControl] Exit MCCSOtherSet::GetVCP()
2025/10/10 05:01:42.559 [T:0x4a5b4] [DisplayControl] Enter MCCSOtherSet::GetVCP(), vcp code = 51
2025/10/10 05:01:42.678 [T:0x4a5b4] [DisplayControl] Exit MCCSOtherSet::GetVCP()
2025/10/10 05:01:42.794 [T:0x4a5b4] [DisplayControl] Enter MCCSOtherSet::GetVCP(), vcp code = 141
2025/10/10 05:01:42.913 [T:0x4a5b4] [DisplayControl] Exit MCCSOtherSet::GetVCP()
2025/10/10 05:01:43.030 [T:0x4a5b4] [DisplayControl] Enter MCCSOtherSet::GetVCP(), vcp code = 96
2025/10/10 05:01:43.130 [T:0x4a5b4] [DisplayControl] Exit MCCSOtherSet::GetVCP()
2025/10/10 05:01:43.232 [T:0x4a5b4] [DisplayControl] Enter MCCSOtherSet::GetVCP(), vcp code = 226
2025/10/10 05:01:43.341 [T:0x4a5b4] [DisplayControl] Exit MCCSOtherSet::GetVCP()
2025/10/10 05:01:43.451 [T:0x4a5b4] [DisplayControl] Enter MCCSOtherSet::GetVCP(), vcp code = 18
2025/10/10 05:01:43.560 [T:0x4a5b4] [DisplayControl] Exit MCCSOtherSet::GetVCP()
2025/10/10 05:01:43.670 [T:0x4a5b4] [DisplayControl] Enter MCCSOtherSet::GetVCP(), vcp code = 220
2025/10/10 05:01:43.792 [T:0x4a5b4] [DisplayControl] Exit MCCSOtherSet::GetVCP()
2025/10/10 05:01:43.904 [T:0x4a5b4] [DisplayControl] Enter MCCSOtherSet::GetVCP(), vcp code = 225
2025/10/10 05:01:44.029 [T:0x4a5b4] [DisplayControl] Exit MCCSOtherSet::GetVCP()
2025/10/10 05:01:44.138 [T:0x4a5b4] [DisplayControl] Enter MCCSOtherSet::GetVCP(), vcp code = 236
2025/10/10 05:01:44.296 [T:0x4a5b4] [DisplayControl] Exit MCCSOtherSet::GetVCP()
2025/10/10 05:01:44.404 [T:0x4a5b4] [DisplayControl] Enter MCCSOtherSet::GetVCP(), vcp code = 4
2025/10/10 05:01:44.505 [T:0x4a5b4] [DisplayControl] Exit MCCSOtherSet::GetVCP()
2025/10/10 05:01:44.607 [T:0x4a5b4] [DisplayControl] Enter MCCSOtherSet::GetVCP(), vcp code = 97
2025/10/10 05:01:44.732 [T:0x4a5b4] [DisplayControl] Exit MCCSOtherSet::GetVCP()
2025/10/10 05:01:44.842 [T:0x4a5b4] [DisplayControl] Enter MCCSOtherSet::GetVCP(), vcp code = 98
2025/10/10 05:01:44.982 [T:0x4a5b4] [DisplayControl] Exit MCCSOtherSet::GetVCP()
2025/10/10 05:01:45.092 [T:0x4a5b4] [DisplayControl] Enter MCCSOtherSet::GetVCP(), vcp code = 135
2025/10/10 05:01:45.248 [T:0x4a5b4] [DisplayControl] Exit MCCSOtherSet::GetVCP()
2025/10/10 05:01:45.357 [T:0x4a5b4] [DisplayControl] Enter MCCSOtherSet::GetVCP(), vcp code = 43
2025/10/10 05:01:45.481 [T:0x4a5b4] [DisplayControl] Exit MCCSOtherSet::GetVCP()
2025/10/10 05:01:45.592 [T:0x4a5b4] [DisplayControl] Enter MCCSOtherSet::GetVCP(), vcp code = 16
2025/10/10 05:01:45.716 [T:0x4a5b4] [DisplayControl] Exit MCCSOtherSet::GetVCP()
2025/10/10 05:01:45.826 [T:0x4a5b4] [DisplayControl] Enter MCCSOtherSet::GetVCP(), vcp code = 51
2025/10/10 05:01:45.951 [T:0x4a5b4] [DisplayControl] Exit MCCSOtherSet::GetVCP()
2025/10/10 05:01:46.061 [T:0x4a5b4] [DisplayControl] Enter MCCSOtherSet::GetVCP(), vcp code = 141
2025/10/10 05:01:46.185 [T:0x4a5b4] [DisplayControl] Exit MCCSOtherSet::GetVCP()
2025/10/10 05:01:46.322 [T:0x4a5b4] [DisplayControl] Enter MCCSOtherSet::GetVCP(), vcp code = 96
2025/10/10 05:01:46.446 [T:0x4a5b4] [DisplayControl] Exit MCCSOtherSet::GetVCP()
2025/10/10 05:01:46.447 [T:0x4a5b4] [DisplayControl] Enter MCCSOtherSet::GetVCP(), vcp code = 96
2025/10/10 05:01:46.592 [T:0x4a5b4] [DisplayControl] Exit MCCSOtherSet::GetVCP()
2025/10/10 05:01:47.265 [T:0x87725] [DisplayControl] Enter MCCSOtherSet::SetVCP(), vcp code = 51
2025/10/10 05:01:47.414 [T:0x87725] [DisplayControl] Exit MCCSOtherSet::SetVCP()
2025/10/10 05:02:25.949 [T:0xf31cb] [DisplayControl] Enter MCCSOtherSet::SetVCP(), vcp code = 4
2025/10/10 05:02:26.896 [T:0xf31cb] [DisplayControl] Exit MCCSOtherSet::SetVCP()
2025/10/10 05:02:32.022 [T:0xf31cb] [DisplayControl] Enter OperationThread::ExitThread
2025/10/10 05:02:32.022 [T:0xf31cb] [DisplayControl] Exit OperationThread::ExitThread
2025/10/10 05:02:32.022 [T:0xf31cb] [DisplayControl] Enter OperationThread::~OperationThread()
2025/10/10 05:02:32.022 [T:0xf31cb] [DisplayControl] Enter OperationThread::ExitThread
2025/10/10 05:02:32.022 [T:0xf31cb] [DisplayControl] Enter OperationThread::ExitThread
2025/10/10 05:02:32.022 [T:0xf31cb] [DisplayControl] Exit OperationThread::ExitThread
2025/10/10 05:02:32.022 [T:0xf31cb] [DisplayControl] Enter OperationThread::~OperationThread()
2025/10/10 05:02:32.023 [T:0xf31cb] [DisplayControl] Enter OperationThread::ExitThread
2025/10/10 05:02:32.048 [T:0xf31cb] [DbgStr] After calling display_control_client_listener_video_port_.UpdateAllDisplayPath()
2025/10/10 05:02:32.067 [T:0xf31cb] [DbgStr] After calling display_control_client_listener_.GetAllDisplayEDID()
2025/10/10 05:02:32.069 [T:0xf31cb] [DisplayControl] Version = 3.0.6.0
2025/10/10 05:02:32.069 [T:0xf31cb] [DisplayControl] Enter ObtainControlHandler1
2025/10/10 05:02:32.069 [T:0xf31cb] [DisplayControl] GetVideoPortCommander
2025/10/10 05:02:32.069 [T:0xf31cb] [DisplayControl] GetUSBHubCommander
2025/10/10 05:02:32.069 [T:0xf31cb] ====== List p_lpo_display_info_video_port, # of devices is ======2
2025/10/10 05:02:32.069 [T:0xf31cb] [DisplayControl] index of p_lpo_display_info_video_port0
2025/10/10 05:02:32.070 [T:0xf31cb] [DisplayControl] Model name from VideoPort = VG2458
2025/10/10 05:02:32.070 [T:0xf31cb] [DisplayControl] SN from VideoPort = YDJ243400006
2025/10/10 05:02:32.070 [T:0xf31cb] [DisplayControl] index of p_lpo_display_info_video_port1
2025/10/10 05:02:32.070 [T:0xf31cb] [DisplayControl] Model name from VideoPort = VG275
2025/10/10 05:02:32.070 [T:0xf31cb] [DisplayControl] SN from VideoPort = XF6232400003
2025/10/10 05:02:32.070 [T:0xf31cb] ====== List p_lpo_display_info_rtd_scalar_rts_hub, # of devices is ======0
2025/10/10 05:02:32.070 [T:0xf31cb] [DisplayControl] GetVSRtkHubControlClientListener
2025/10/10 05:02:32.070 [T:0xf31cb] [DisplayControl] max monitor count = 2
2025/10/10 05:02:32.070 [T:0xf31cb] [DisplayControl] index of display_info_vec = 0
2025/10/10 05:02:32.070 [T:0xf31cb] [DisplayControl] index of p_lpo_display_info_video_port = 0
2025/10/10 05:02:32.070 [T:0xf31cb] [DisplayControl] VideoPortMatchingRule
2025/10/10 05:02:32.070 [T:0xf31cb] [DisplayControl] monitor display_info_model_name = VG2458
2025/10/10 05:02:32.070 [T:0xf31cb] [DisplayControl] monitor video_port_model_name = VG2458
2025/10/10 05:02:32.070 [T:0xf31cb] [DisplayControl] monitor display_info_sn = YDJ243400006
2025/10/10 05:02:32.070 [T:0xf31cb] [DisplayControl] monitor video_port_sn = YDJ243400006
2025/10/10 05:02:32.070 [T:0xf31cb] [DisplayControl] model_name_match = 1
2025/10/10 05:02:32.070 [T:0xf31cb] [DisplayControl] sn_match = 1
2025/10/10 05:02:32.070 [T:0xf31cb] [DisplayControl] video_port is_match = 1
2025/10/10 05:02:32.070 [T:0xf31cb] [DisplayControl] index of display_info_vec = 1
2025/10/10 05:02:32.070 [T:0xf31cb] [DisplayControl] index of p_lpo_display_info_video_port = 0
2025/10/10 05:02:32.070 [T:0xf31cb] [DisplayControl] VideoPortMatchingRule
2025/10/10 05:02:32.070 [T:0xf31cb] [DisplayControl] monitor display_info_model_name = VG275
2025/10/10 05:02:32.070 [T:0xf31cb] [DisplayControl] monitor video_port_model_name = VG2458
2025/10/10 05:02:32.070 [T:0xf31cb] [DisplayControl] monitor display_info_sn = XF6232400003
2025/10/10 05:02:32.070 [T:0xf31cb] [DisplayControl] monitor video_port_sn = YDJ243400006
2025/10/10 05:02:32.070 [T:0xf31cb] [DisplayControl] model_name_match = 0
2025/10/10 05:02:32.070 [T:0xf31cb] [DisplayControl] sn_match = 0
2025/10/10 05:02:32.070 [T:0xf31cb] [DisplayControl] video_port is_match = 0
2025/10/10 05:02:32.070 [T:0xf31cb] [DisplayControl] index of display_info_vec = 1
2025/10/10 05:02:32.071 [T:0xf31cb] [DisplayControl] index of p_lpo_display_info_video_port = 1
2025/10/10 05:02:32.071 [T:0xf31cb] [DisplayControl] VideoPortMatchingRule
2025/10/10 05:02:32.071 [T:0xf31cb] [DisplayControl] monitor display_info_model_name = VG275
2025/10/10 05:02:32.071 [T:0xf31cb] [DisplayControl] monitor video_port_model_name = VG275
2025/10/10 05:02:32.071 [T:0xf31cb] [DisplayControl] monitor display_info_sn = XF6232400003
2025/10/10 05:02:32.071 [T:0xf31cb] [DisplayControl] monitor video_port_sn = XF6232400003
2025/10/10 05:02:32.071 [T:0xf31cb] [DisplayControl] model_name_match = 1
2025/10/10 05:02:32.071 [T:0xf31cb] [DisplayControl] sn_match = 1
2025/10/10 05:02:32.071 [T:0xf31cb] [DisplayControl] video_port is_match = 1
2025/10/10 05:02:32.071 [T:0xf31cb] [DisplayControl] i = 0
2025/10/10 05:02:32.071 [T:0xf31cb] [DisplayControl] Enter OperationThread::OperationThread()
2025/10/10 05:02:32.071 [T:0xf31cb] [DisplayControl] Enter OperationThread::CreateThread
2025/10/10 05:02:32.071 [T:0xf31cb] [DisplayControl] new DisplayFunctioner
2025/10/10 05:02:32.071 [T:0xf31cb] [DisplayControl] insert displayer_vector
2025/10/10 05:02:32.071 [T:0xf31cb] [DisplayControl] insert modelName_SN_to_Display_map
2025/10/10 05:02:32.071 [T:0xf31cb] [DisplayControl] insert device_id_to_Displayer_map_
2025/10/10 05:02:32.071 [T:0xf31cb] [DisplayControl] i = 1
2025/10/10 05:02:32.071 [T:0xf31cb] [DisplayControl] Enter OperationThread::OperationThread()
2025/10/10 05:02:32.071 [T:0xf31cb] [DisplayControl] Enter OperationThread::CreateThread
2025/10/10 05:02:32.071 [T:0xf31cb] [DisplayControl] new DisplayFunctioner
2025/10/10 05:02:32.071 [T:0xf31cb] [DisplayControl] insert displayer_vector
2025/10/10 05:02:32.071 [T:0xf31cb] [DisplayControl] insert modelName_SN_to_Display_map
2025/10/10 05:02:32.071 [T:0xf31cb] [DisplayControl] insert device_id_to_Displayer_map_
2025/10/10 05:02:32.072 [T:0xf31cb] [DisplayControl] monitor size = 2
2025/10/10 05:02:32.072 [T:0xf31cb] [DisplayControl] Exit ObtainControlHandler
2025/10/10 05:02:32.072 [T:0xf31cb] [DisplayControl] Enter MCCSOtherSet::GetVCP(), vcp code = 16
2025/10/10 05:02:32.151 [T:0xf31cb] [DisplayControl] Exit MCCSOtherSet::GetVCP()
2025/10/10 05:02:32.151 [T:0xf31cb] [DisplayControl] Enter MCCSOtherSet::GetVCP(), vcp code = 96
2025/10/10 05:02:32.292 [T:0xf31cb] [DisplayControl] Exit MCCSOtherSet::GetVCP()
2025/10/10 05:02:32.401 [T:0xf31cb] [DisplayControl] Enter MCCSOtherSet::GetVCP(), vcp code = 18
2025/10/10 05:02:32.483 [T:0xf31cb] [DisplayControl] Exit MCCSOtherSet::GetVCP()
2025/10/10 05:02:32.592 [T:0xf31cb] [DisplayControl] Enter MCCSOtherSet::GetVCP(), vcp code = 20
2025/10/10 05:02:32.675 [T:0xf31cb] [DisplayControl] Exit MCCSOtherSet::GetVCP()
2025/10/10 05:02:32.784 [T:0xf31cb] [DisplayControl] Enter MCCSOtherSet::GetVCP(), vcp code = 220
2025/10/10 05:02:32.866 [T:0xf31cb] [DisplayControl] Exit MCCSOtherSet::GetVCP()
2025/10/10 05:02:32.974 [T:0xf31cb] [DisplayControl] Enter MCCSOtherSet::GetVCP(), vcp code = 225
2025/10/10 05:02:33.056 [T:0xf31cb] [DisplayControl] Exit MCCSOtherSet::GetVCP()
2025/10/10 05:02:33.166 [T:0xf31cb] [DisplayControl] Enter MCCSOtherSet::GetVCP(), vcp code = 245
2025/10/10 05:02:33.248 [T:0xf31cb] [DisplayControl] Exit MCCSOtherSet::GetVCP()
2025/10/10 05:02:33.356 [T:0xf31cb] [DisplayControl] Enter MCCSOtherSet::GetVCP(), vcp code = 4
2025/10/10 05:02:33.438 [T:0xf31cb] [DisplayControl] Exit MCCSOtherSet::GetVCP()
2025/10/10 05:02:33.546 [T:0xf31cb] [DisplayControl] Enter MCCSOtherSet::GetVCP(), vcp code = 97
2025/10/10 05:02:33.628 [T:0xf31cb] [DisplayControl] Exit MCCSOtherSet::GetVCP()
2025/10/10 05:02:33.735 [T:0xf31cb] [DisplayControl] Enter MCCSOtherSet::GetVCP(), vcp code = 98
2025/10/10 05:02:33.815 [T:0xf31cb] [DisplayControl] Exit MCCSOtherSet::GetVCP()
2025/10/10 05:02:33.923 [T:0xf31cb] [DisplayControl] Enter MCCSOtherSet::GetVCP(), vcp code = 135
2025/10/10 05:02:34.005 [T:0xf31cb] [DisplayControl] Exit MCCSOtherSet::GetVCP()
2025/10/10 05:02:34.110 [T:0xf31cb] [DisplayControl] Enter MCCSOtherSet::GetVCP(), vcp code = 43
2025/10/10 05:02:34.190 [T:0xf31cb] [DisplayControl] Exit MCCSOtherSet::GetVCP()
2025/10/10 05:02:34.299 [T:0xf31cb] [DisplayControl] Enter MCCSOtherSet::GetVCP(), vcp code = 16
2025/10/10 05:02:34.381 [T:0xf31cb] [DisplayControl] Exit MCCSOtherSet::GetVCP()
2025/10/10 05:02:34.390 [T:0x4a5b4] [DisplayControl] Enter MCCSOtherSet::GetVCP(), vcp code = 96
2025/10/10 05:02:34.482 [T:0xf31cb] [DisplayControl] Enter MCCSOtherSet::GetVCP(), vcp code = 51
2025/10/10 05:02:34.554 [T:0x4a5b4] [DisplayControl] Exit MCCSOtherSet::GetVCP()
2025/10/10 05:02:34.712 [T:0xf31cb] [DisplayControl] Exit MCCSOtherSet::GetVCP()
2025/10/10 05:02:34.813 [T:0xf31cb] [DisplayControl] Enter MCCSOtherSet::GetVCP(), vcp code = 141
2025/10/10 05:02:35.061 [T:0xf31cb] [DisplayControl] Exit MCCSOtherSet::GetVCP()
2025/10/10 05:02:35.164 [T:0xf31cb] [DisplayControl] Enter MCCSOtherSet::GetVCP(), vcp code = 96
2025/10/10 05:02:35.250 [T:0xf31cb] [DisplayControl] Exit MCCSOtherSet::GetVCP()
2025/10/10 05:02:35.351 [T:0xf31cb] [DisplayControl] Enter MCCSOtherSet::GetVCP(), vcp code = 226
2025/10/10 05:02:35.436 [T:0xf31cb] [DisplayControl] Exit MCCSOtherSet::GetVCP()
2025/10/10 05:02:35.538 [T:0xf31cb] [DisplayControl] Enter MCCSOtherSet::GetVCP(), vcp code = 18
2025/10/10 05:02:35.622 [T:0xf31cb] [DisplayControl] Exit MCCSOtherSet::GetVCP()
2025/10/10 05:02:35.724 [T:0xf31cb] [DisplayControl] Enter MCCSOtherSet::GetVCP(), vcp code = 220
2025/10/10 05:02:35.810 [T:0xf31cb] [DisplayControl] Exit MCCSOtherSet::GetVCP()
2025/10/10 05:02:35.914 [T:0xf31cb] [DisplayControl] Enter MCCSOtherSet::GetVCP(), vcp code = 225
2025/10/10 05:02:35.998 [T:0xf31cb] [DisplayControl] Exit MCCSOtherSet::GetVCP()
2025/10/10 05:02:36.099 [T:0xf31cb] [DisplayControl] Enter MCCSOtherSet::GetVCP(), vcp code = 236
2025/10/10 05:02:36.185 [T:0xf31cb] [DisplayControl] Exit MCCSOtherSet::GetVCP()
2025/10/10 05:02:36.287 [T:0xf31cb] [DisplayControl] Enter MCCSOtherSet::GetVCP(), vcp code = 4
2025/10/10 05:02:36.372 [T:0xf31cb] [DisplayControl] Exit MCCSOtherSet::GetVCP()
2025/10/10 05:02:36.475 [T:0xf31cb] [DisplayControl] Enter MCCSOtherSet::GetVCP(), vcp code = 97
2025/10/10 05:02:36.560 [T:0xf31cb] [DisplayControl] Exit MCCSOtherSet::GetVCP()
2025/10/10 05:02:36.665 [T:0xf31cb] [DisplayControl] Enter MCCSOtherSet::GetVCP(), vcp code = 98
2025/10/10 05:02:36.749 [T:0xf31cb] [DisplayControl] Exit MCCSOtherSet::GetVCP()
2025/10/10 05:02:36.850 [T:0xf31cb] [DisplayControl] Enter MCCSOtherSet::GetVCP(), vcp code = 135
2025/10/10 05:02:36.934 [T:0xf31cb] [DisplayControl] Exit MCCSOtherSet::GetVCP()
2025/10/10 05:02:37.036 [T:0xf31cb] [DisplayControl] Enter MCCSOtherSet::GetVCP(), vcp code = 43
2025/10/10 05:02:37.122 [T:0xf31cb] [DisplayControl] Exit MCCSOtherSet::GetVCP()
2025/10/10 05:02:37.227 [T:0xf31cb] [DisplayControl] Enter MCCSOtherSet::GetVCP(), vcp code = 16
2025/10/10 05:02:37.314 [T:0xf31cb] [DisplayControl] Exit MCCSOtherSet::GetVCP()
2025/10/10 05:02:37.416 [T:0xf31cb] [DisplayControl] Enter MCCSOtherSet::GetVCP(), vcp code = 51
2025/10/10 05:02:37.503 [T:0xf31cb] [DisplayControl] Exit MCCSOtherSet::GetVCP()
2025/10/10 05:02:37.606 [T:0xf31cb] [DisplayControl] Enter MCCSOtherSet::GetVCP(), vcp code = 141
2025/10/10 05:02:37.692 [T:0xf31cb] [DisplayControl] Exit MCCSOtherSet::GetVCP()
2025/10/10 05:03:41.577 [T:0x4a5b4] [DisplayControl] Enter MCCSOtherSet::GetVCP(), vcp code = 96
2025/10/10 05:03:41.670 [T:0x4a5b4] [DisplayControl] Exit MCCSOtherSet::GetVCP()
2025/10/10 05:03:41.846 [T:0x690a2] [DisplayControl] Enter MCCSOtherSet::GetVCP(), vcp code = 96
2025/10/10 05:03:41.965 [T:0x690a2] [DisplayControl] Exit MCCSOtherSet::GetVCP()
2025/10/10 05:03:42.067 [T:0x690a2] [DisplayControl] Enter MCCSOtherSet::GetVCP(), vcp code = 226
2025/10/10 05:03:42.151 [T:0x690a2] [DisplayControl] Exit MCCSOtherSet::GetVCP()
2025/10/10 05:03:42.252 [T:0x690a2] [DisplayControl] Enter MCCSOtherSet::GetVCP(), vcp code = 18
2025/10/10 05:03:42.338 [T:0x690a2] [DisplayControl] Exit MCCSOtherSet::GetVCP()
2025/10/10 05:03:42.442 [T:0x690a2] [DisplayControl] Enter MCCSOtherSet::GetVCP(), vcp code = 220
2025/10/10 05:03:42.527 [T:0x690a2] [DisplayControl] Exit MCCSOtherSet::GetVCP()
2025/10/10 05:03:42.632 [T:0x690a2] [DisplayControl] Enter MCCSOtherSet::GetVCP(), vcp code = 225
2025/10/10 05:03:42.717 [T:0x690a2] [DisplayControl] Exit MCCSOtherSet::GetVCP()
2025/10/10 05:03:42.818 [T:0x690a2] [DisplayControl] Enter MCCSOtherSet::GetVCP(), vcp code = 236
2025/10/10 05:03:42.901 [T:0x690a2] [DisplayControl] Exit MCCSOtherSet::GetVCP()
2025/10/10 05:03:43.004 [T:0x690a2] [DisplayControl] Enter MCCSOtherSet::GetVCP(), vcp code = 4
2025/10/10 05:03:43.089 [T:0x690a2] [DisplayControl] Exit MCCSOtherSet::GetVCP()
2025/10/10 05:03:43.193 [T:0x690a2] [DisplayControl] Enter MCCSOtherSet::GetVCP(), vcp code = 97
2025/10/10 05:03:43.278 [T:0x690a2] [DisplayControl] Exit MCCSOtherSet::GetVCP()
2025/10/10 05:03:43.379 [T:0x690a2] [DisplayControl] Enter MCCSOtherSet::GetVCP(), vcp code = 98
2025/10/10 05:03:43.463 [T:0x690a2] [DisplayControl] Exit MCCSOtherSet::GetVCP()
2025/10/10 05:03:43.565 [T:0x690a2] [DisplayControl] Enter MCCSOtherSet::GetVCP(), vcp code = 135
2025/10/10 05:03:43.650 [T:0x690a2] [DisplayControl] Exit MCCSOtherSet::GetVCP()
2025/10/10 05:03:43.755 [T:0x690a2] [DisplayControl] Enter MCCSOtherSet::GetVCP(), vcp code = 43
2025/10/10 05:03:43.840 [T:0x690a2] [DisplayControl] Exit MCCSOtherSet::GetVCP()
2025/10/10 05:03:43.943 [T:0x690a2] [DisplayControl] Enter MCCSOtherSet::GetVCP(), vcp code = 16
2025/10/10 05:03:44.028 [T:0x690a2] [DisplayControl] Exit MCCSOtherSet::GetVCP()
2025/10/10 05:03:44.131 [T:0x690a2] [DisplayControl] Enter MCCSOtherSet::GetVCP(), vcp code = 51
2025/10/10 05:03:44.214 [T:0x690a2] [DisplayControl] Exit MCCSOtherSet::GetVCP()
2025/10/10 05:03:44.316 [T:0x690a2] [DisplayControl] Enter MCCSOtherSet::GetVCP(), vcp code = 141
2025/10/10 05:03:44.402 [T:0x690a2] [DisplayControl] Exit MCCSOtherSet::GetVCP()
2025/10/10 05:03:58.297 [T:0x690a2] [DisplayControl] Enter MCCSOtherSet::SetVCP(), vcp code = 4
2025/10/10 05:03:59.256 [T:0x690a2] [DisplayControl] Exit MCCSOtherSet::SetVCP()
2025/10/10 05:04:04.378 [T:0x690a2] [DisplayControl] Enter OperationThread::ExitThread
2025/10/10 05:04:04.378 [T:0x690a2] [DisplayControl] Exit OperationThread::ExitThread
2025/10/10 05:04:04.378 [T:0x690a2] [DisplayControl] Enter OperationThread::~OperationThread()
2025/10/10 05:04:04.378 [T:0x690a2] [DisplayControl] Enter OperationThread::ExitThread
2025/10/10 05:04:04.379 [T:0x690a2] [DisplayControl] Enter OperationThread::ExitThread
2025/10/10 05:04:04.379 [T:0x690a2] [DisplayControl] Exit OperationThread::ExitThread
2025/10/10 05:04:04.379 [T:0x690a2] [DisplayControl] Enter OperationThread::~OperationThread()
2025/10/10 05:04:04.379 [T:0x690a2] [DisplayControl] Enter OperationThread::ExitThread
2025/10/10 05:04:04.405 [T:0x690a2] [DbgStr] After calling display_control_client_listener_video_port_.UpdateAllDisplayPath()
2025/10/10 05:04:04.424 [T:0x690a2] [DbgStr] After calling display_control_client_listener_.GetAllDisplayEDID()
2025/10/10 05:04:04.426 [T:0x690a2] [DisplayControl] Version = 3.0.6.0
2025/10/10 05:04:04.426 [T:0x690a2] [DisplayControl] Enter ObtainControlHandler1
2025/10/10 05:04:04.426 [T:0x690a2] [DisplayControl] GetVideoPortCommander
2025/10/10 05:04:04.426 [T:0x690a2] [DisplayControl] GetUSBHubCommander
2025/10/10 05:04:04.426 [T:0x690a2] ====== List p_lpo_display_info_video_port, # of devices is ======2
2025/10/10 05:04:04.426 [T:0x690a2] [DisplayControl] index of p_lpo_display_info_video_port0
2025/10/10 05:04:04.426 [T:0x690a2] [DisplayControl] Model name from VideoPort = VG2458
2025/10/10 05:04:04.426 [T:0x690a2] [DisplayControl] SN from VideoPort = YDJ243400006
2025/10/10 05:04:04.426 [T:0x690a2] [DisplayControl] index of p_lpo_display_info_video_port1
2025/10/10 05:04:04.426 [T:0x690a2] [DisplayControl] Model name from VideoPort = VG275
2025/10/10 05:04:04.426 [T:0x690a2] [DisplayControl] SN from VideoPort = XF6232400003
2025/10/10 05:04:04.426 [T:0x690a2] ====== List p_lpo_display_info_rtd_scalar_rts_hub, # of devices is ======0
2025/10/10 05:04:04.426 [T:0x690a2] [DisplayControl] GetVSRtkHubControlClientListener
2025/10/10 05:04:04.427 [T:0x690a2] [DisplayControl] max monitor count = 2
2025/10/10 05:04:04.427 [T:0x690a2] [DisplayControl] index of display_info_vec = 0
2025/10/10 05:04:04.427 [T:0x690a2] [DisplayControl] index of p_lpo_display_info_video_port = 0
2025/10/10 05:04:04.427 [T:0x690a2] [DisplayControl] VideoPortMatchingRule
2025/10/10 05:04:04.427 [T:0x690a2] [DisplayControl] monitor display_info_model_name = VG2458
2025/10/10 05:04:04.427 [T:0x690a2] [DisplayControl] monitor video_port_model_name = VG2458
2025/10/10 05:04:04.427 [T:0x690a2] [DisplayControl] monitor display_info_sn = YDJ243400006
2025/10/10 05:04:04.427 [T:0x690a2] [DisplayControl] monitor video_port_sn = YDJ243400006
2025/10/10 05:04:04.427 [T:0x690a2] [DisplayControl] model_name_match = 1
2025/10/10 05:04:04.427 [T:0x690a2] [DisplayControl] sn_match = 1
2025/10/10 05:04:04.427 [T:0x690a2] [DisplayControl] video_port is_match = 1
2025/10/10 05:04:04.427 [T:0x690a2] [DisplayControl] index of display_info_vec = 1
2025/10/10 05:04:04.427 [T:0x690a2] [DisplayControl] index of p_lpo_display_info_video_port = 0
2025/10/10 05:04:04.427 [T:0x690a2] [DisplayControl] VideoPortMatchingRule
2025/10/10 05:04:04.427 [T:0x690a2] [DisplayControl] monitor display_info_model_name = VG275
2025/10/10 05:04:04.427 [T:0x690a2] [DisplayControl] monitor video_port_model_name = VG2458
2025/10/10 05:04:04.427 [T:0x690a2] [DisplayControl] monitor display_info_sn = XF6232400003
2025/10/10 05:04:04.427 [T:0x690a2] [DisplayControl] monitor video_port_sn = YDJ243400006
2025/10/10 05:04:04.427 [T:0x690a2] [DisplayControl] model_name_match = 0
2025/10/10 05:04:04.427 [T:0x690a2] [DisplayControl] sn_match = 0
2025/10/10 05:04:04.427 [T:0x690a2] [DisplayControl] video_port is_match = 0
2025/10/10 05:04:04.427 [T:0x690a2] [DisplayControl] index of display_info_vec = 1
2025/10/10 05:04:04.427 [T:0x690a2] [DisplayControl] index of p_lpo_display_info_video_port = 1
2025/10/10 05:04:04.427 [T:0x690a2] [DisplayControl] VideoPortMatchingRule
2025/10/10 05:04:04.427 [T:0x690a2] [DisplayControl] monitor display_info_model_name = VG275
2025/10/10 05:04:04.427 [T:0x690a2] [DisplayControl] monitor video_port_model_name = VG275
2025/10/10 05:04:04.428 [T:0x690a2] [DisplayControl] monitor display_info_sn = XF6232400003
2025/10/10 05:04:04.428 [T:0x690a2] [DisplayControl] monitor video_port_sn = XF6232400003
2025/10/10 05:04:04.428 [T:0x690a2] [DisplayControl] model_name_match = 1
2025/10/10 05:04:04.428 [T:0x690a2] [DisplayControl] sn_match = 1
2025/10/10 05:04:04.428 [T:0x690a2] [DisplayControl] video_port is_match = 1
2025/10/10 05:04:04.428 [T:0x690a2] [DisplayControl] i = 0
2025/10/10 05:04:04.428 [T:0x690a2] [DisplayControl] Enter OperationThread::OperationThread()
2025/10/10 05:04:04.428 [T:0x690a2] [DisplayControl] Enter OperationThread::CreateThread
2025/10/10 05:04:04.428 [T:0x690a2] [DisplayControl] new DisplayFunctioner
2025/10/10 05:04:04.428 [T:0x690a2] [DisplayControl] insert displayer_vector
2025/10/10 05:04:04.428 [T:0x690a2] [DisplayControl] insert modelName_SN_to_Display_map
2025/10/10 05:04:04.428 [T:0x690a2] [DisplayControl] insert device_id_to_Displayer_map_
2025/10/10 05:04:04.428 [T:0x690a2] [DisplayControl] i = 1
2025/10/10 05:04:04.428 [T:0x690a2] [DisplayControl] Enter OperationThread::OperationThread()
2025/10/10 05:04:04.428 [T:0x690a2] [DisplayControl] Enter OperationThread::CreateThread
2025/10/10 05:04:04.428 [T:0x690a2] [DisplayControl] new DisplayFunctioner
2025/10/10 05:04:04.428 [T:0x690a2] [DisplayControl] insert displayer_vector
2025/10/10 05:04:04.428 [T:0x690a2] [DisplayControl] insert modelName_SN_to_Display_map
2025/10/10 05:04:04.428 [T:0x690a2] [DisplayControl] insert device_id_to_Displayer_map_
2025/10/10 05:04:04.428 [T:0x690a2] [DisplayControl] monitor size = 2
2025/10/10 05:04:04.428 [T:0x690a2] [DisplayControl] Exit ObtainControlHandler
2025/10/10 05:04:04.428 [T:0x690a2] [DisplayControl] Enter MCCSOtherSet::GetVCP(), vcp code = 16
2025/10/10 05:04:04.511 [T:0x690a2] [DisplayControl] Exit MCCSOtherSet::GetVCP()
2025/10/10 05:04:04.512 [T:0x690a2] [DisplayControl] Enter MCCSOtherSet::GetVCP(), vcp code = 96
2025/10/10 05:04:04.587 [T:0x690a2] [DisplayControl] Exit MCCSOtherSet::GetVCP()
2025/10/10 05:04:04.692 [T:0x690a2] [DisplayControl] Enter MCCSOtherSet::GetVCP(), vcp code = 18
2025/10/10 05:04:04.773 [T:0x690a2] [DisplayControl] Exit MCCSOtherSet::GetVCP()
2025/10/10 05:04:04.879 [T:0x690a2] [DisplayControl] Enter MCCSOtherSet::GetVCP(), vcp code = 20
2025/10/10 05:04:04.959 [T:0x690a2] [DisplayControl] Exit MCCSOtherSet::GetVCP()
2025/10/10 05:04:05.068 [T:0x690a2] [DisplayControl] Enter MCCSOtherSet::GetVCP(), vcp code = 220
2025/10/10 05:04:05.150 [T:0x690a2] [DisplayControl] Exit MCCSOtherSet::GetVCP()
2025/10/10 05:04:05.258 [T:0x690a2] [DisplayControl] Enter MCCSOtherSet::GetVCP(), vcp code = 225
2025/10/10 05:04:05.340 [T:0x690a2] [DisplayControl] Exit MCCSOtherSet::GetVCP()
2025/10/10 05:04:05.448 [T:0x690a2] [DisplayControl] Enter MCCSOtherSet::GetVCP(), vcp code = 245
2025/10/10 05:04:05.530 [T:0x690a2] [DisplayControl] Exit MCCSOtherSet::GetVCP()
2025/10/10 05:04:05.638 [T:0x690a2] [DisplayControl] Enter MCCSOtherSet::GetVCP(), vcp code = 4
2025/10/10 05:04:05.721 [T:0x690a2] [DisplayControl] Exit MCCSOtherSet::GetVCP()
2025/10/10 05:04:05.827 [T:0x690a2] [DisplayControl] Enter MCCSOtherSet::GetVCP(), vcp code = 97
2025/10/10 05:04:05.907 [T:0x690a2] [DisplayControl] Exit MCCSOtherSet::GetVCP()
2025/10/10 05:04:06.013 [T:0x690a2] [DisplayControl] Enter MCCSOtherSet::GetVCP(), vcp code = 98
2025/10/10 05:04:06.095 [T:0x690a2] [DisplayControl] Exit MCCSOtherSet::GetVCP()
2025/10/10 05:04:06.204 [T:0x690a2] [DisplayControl] Enter MCCSOtherSet::GetVCP(), vcp code = 135
2025/10/10 05:04:06.285 [T:0x690a2] [DisplayControl] Exit MCCSOtherSet::GetVCP()
2025/10/10 05:04:06.392 [T:0x690a2] [DisplayControl] Enter MCCSOtherSet::GetVCP(), vcp code = 43
2025/10/10 05:04:06.473 [T:0x690a2] [DisplayControl] Exit MCCSOtherSet::GetVCP()
2025/10/10 05:04:06.580 [T:0x690a2] [DisplayControl] Enter MCCSOtherSet::GetVCP(), vcp code = 16
2025/10/10 05:04:06.660 [T:0x690a2] [DisplayControl] Exit MCCSOtherSet::GetVCP()
2025/10/10 05:04:06.767 [T:0x690a2] [DisplayControl] Enter MCCSOtherSet::GetVCP(), vcp code = 51
2025/10/10 05:04:06.847 [T:0x690a2] [DisplayControl] Exit MCCSOtherSet::GetVCP()
2025/10/10 05:04:06.956 [T:0x690a2] [DisplayControl] Enter MCCSOtherSet::GetVCP(), vcp code = 141
2025/10/10 05:04:07.036 [T:0x690a2] [DisplayControl] Exit MCCSOtherSet::GetVCP()
2025/10/10 05:04:07.145 [T:0x690a2] [DisplayControl] Enter MCCSOtherSet::GetVCP(), vcp code = 96
2025/10/10 05:04:07.230 [T:0x690a2] [DisplayControl] Exit MCCSOtherSet::GetVCP()
2025/10/10 05:04:07.331 [T:0x690a2] [DisplayControl] Enter MCCSOtherSet::GetVCP(), vcp code = 226
2025/10/10 05:04:07.416 [T:0x690a2] [DisplayControl] Exit MCCSOtherSet::GetVCP()
2025/10/10 05:04:07.517 [T:0x690a2] [DisplayControl] Enter MCCSOtherSet::GetVCP(), vcp code = 18
2025/10/10 05:04:07.602 [T:0x690a2] [DisplayControl] Exit MCCSOtherSet::GetVCP()
2025/10/10 05:04:07.706 [T:0x690a2] [DisplayControl] Enter MCCSOtherSet::GetVCP(), vcp code = 220
2025/10/10 05:04:07.793 [T:0x690a2] [DisplayControl] Exit MCCSOtherSet::GetVCP()
2025/10/10 05:04:07.897 [T:0x690a2] [DisplayControl] Enter MCCSOtherSet::GetVCP(), vcp code = 225
2025/10/10 05:04:07.982 [T:0x690a2] [DisplayControl] Exit MCCSOtherSet::GetVCP()
2025/10/10 05:04:08.083 [T:0x690a2] [DisplayControl] Enter MCCSOtherSet::GetVCP(), vcp code = 236
2025/10/10 05:04:08.168 [T:0x690a2] [DisplayControl] Exit MCCSOtherSet::GetVCP()
2025/10/10 05:04:08.268 [T:0x690a2] [DisplayControl] Enter MCCSOtherSet::GetVCP(), vcp code = 4
2025/10/10 05:04:08.354 [T:0x690a2] [DisplayControl] Exit MCCSOtherSet::GetVCP()
2025/10/10 05:04:08.458 [T:0x690a2] [DisplayControl] Enter MCCSOtherSet::GetVCP(), vcp code = 97
2025/10/10 05:04:08.544 [T:0x690a2] [DisplayControl] Exit MCCSOtherSet::GetVCP()
2025/10/10 05:04:08.647 [T:0x690a2] [DisplayControl] Enter MCCSOtherSet::GetVCP(), vcp code = 98
2025/10/10 05:04:08.733 [T:0x690a2] [DisplayControl] Exit MCCSOtherSet::GetVCP()
2025/10/10 05:04:08.849 [T:0x690a2] [DisplayControl] Enter MCCSOtherSet::GetVCP(), vcp code = 135
2025/10/10 05:04:08.933 [T:0x690a2] [DisplayControl] Exit MCCSOtherSet::GetVCP()
2025/10/10 05:04:09.036 [T:0x690a2] [DisplayControl] Enter MCCSOtherSet::GetVCP(), vcp code = 43
2025/10/10 05:04:09.122 [T:0x690a2] [DisplayControl] Exit MCCSOtherSet::GetVCP()
2025/10/10 05:04:09.225 [T:0x690a2] [DisplayControl] Enter MCCSOtherSet::GetVCP(), vcp code = 16
2025/10/10 05:04:09.312 [T:0x690a2] [DisplayControl] Exit MCCSOtherSet::GetVCP()
2025/10/10 05:04:09.415 [T:0x690a2] [DisplayControl] Enter MCCSOtherSet::GetVCP(), vcp code = 51
2025/10/10 05:04:09.502 [T:0x690a2] [DisplayControl] Exit MCCSOtherSet::GetVCP()
2025/10/10 05:04:09.605 [T:0x690a2] [DisplayControl] Enter MCCSOtherSet::GetVCP(), vcp code = 141
2025/10/10 05:04:09.690 [T:0x690a2] [DisplayControl] Exit MCCSOtherSet::GetVCP()
2025/10/10 05:05:08.620 [T:0x4a5b4] [DisplayControl] Enter MCCSOtherSet::GetVCP(), vcp code = 96
2025/10/10 05:05:08.728 [T:0x4a5b4] [DisplayControl] Exit MCCSOtherSet::GetVCP()
2025/10/10 05:05:08.889 [T:0xe7bf1] [DisplayControl] Enter MCCSOtherSet::GetVCP(), vcp code = 96
2025/10/10 05:05:09.016 [T:0xe7bf1] [DisplayControl] Exit MCCSOtherSet::GetVCP()
2025/10/10 05:05:09.117 [T:0xe7bf1] [DisplayControl] Enter MCCSOtherSet::GetVCP(), vcp code = 18
2025/10/10 05:05:09.204 [T:0xe7bf1] [DisplayControl] Exit MCCSOtherSet::GetVCP()
2025/10/10 05:05:09.310 [T:0xe7bf1] [DisplayControl] Enter MCCSOtherSet::GetVCP(), vcp code = 20
2025/10/10 05:05:09.392 [T:0xe7bf1] [DisplayControl] Exit MCCSOtherSet::GetVCP()
2025/10/10 05:05:09.500 [T:0xe7bf1] [DisplayControl] Enter MCCSOtherSet::GetVCP(), vcp code = 220
2025/10/10 05:05:09.582 [T:0xe7bf1] [DisplayControl] Exit MCCSOtherSet::GetVCP()
2025/10/10 05:05:09.691 [T:0xe7bf1] [DisplayControl] Enter MCCSOtherSet::GetVCP(), vcp code = 225
2025/10/10 05:05:09.773 [T:0xe7bf1] [DisplayControl] Exit MCCSOtherSet::GetVCP()
2025/10/10 05:05:09.881 [T:0xe7bf1] [DisplayControl] Enter MCCSOtherSet::GetVCP(), vcp code = 245
2025/10/10 05:05:09.962 [T:0xe7bf1] [DisplayControl] Exit MCCSOtherSet::GetVCP()
2025/10/10 05:05:10.069 [T:0xe7bf1] [DisplayControl] Enter MCCSOtherSet::GetVCP(), vcp code = 4
2025/10/10 05:05:10.149 [T:0xe7bf1] [DisplayControl] Exit MCCSOtherSet::GetVCP()
2025/10/10 05:05:10.256 [T:0xe7bf1] [DisplayControl] Enter MCCSOtherSet::GetVCP(), vcp code = 97
2025/10/10 05:05:10.336 [T:0xe7bf1] [DisplayControl] Exit MCCSOtherSet::GetVCP()
2025/10/10 05:05:10.444 [T:0xe7bf1] [DisplayControl] Enter MCCSOtherSet::GetVCP(), vcp code = 98
2025/10/10 05:05:10.526 [T:0xe7bf1] [DisplayControl] Exit MCCSOtherSet::GetVCP()
2025/10/10 05:05:10.632 [T:0xe7bf1] [DisplayControl] Enter MCCSOtherSet::GetVCP(), vcp code = 135
2025/10/10 05:05:10.713 [T:0xe7bf1] [DisplayControl] Exit MCCSOtherSet::GetVCP()
2025/10/10 05:05:10.818 [T:0xe7bf1] [DisplayControl] Enter MCCSOtherSet::GetVCP(), vcp code = 43
2025/10/10 05:05:10.900 [T:0xe7bf1] [DisplayControl] Exit MCCSOtherSet::GetVCP()
2025/10/10 05:05:11.006 [T:0xe7bf1] [DisplayControl] Enter MCCSOtherSet::GetVCP(), vcp code = 16
2025/10/10 05:05:11.086 [T:0xe7bf1] [DisplayControl] Exit MCCSOtherSet::GetVCP()
2025/10/10 05:05:11.195 [T:0xe7bf1] [DisplayControl] Enter MCCSOtherSet::GetVCP(), vcp code = 51
2025/10/10 05:05:11.276 [T:0xe7bf1] [DisplayControl] Exit MCCSOtherSet::GetVCP()
2025/10/10 05:05:11.381 [T:0xe7bf1] [DisplayControl] Enter MCCSOtherSet::GetVCP(), vcp code = 141
2025/10/10 05:05:11.459 [T:0xe7bf1] [DisplayControl] Exit MCCSOtherSet::GetVCP()
2025/10/10 05:05:25.739 [T:0xe7bf1] [DisplayControl] Enter MCCSOtherSet::SetVCP(), vcp code = 16
2025/10/10 05:05:25.941 [T:0xe7bf1] [DisplayControl] Exit MCCSOtherSet::SetVCP()
2025/10/10 05:06:01.000 [T:0xf30e1] [DisplayControl] Enter MCCSOtherSet::SetVCP(), vcp code = 18
2025/10/10 05:06:01.184 [T:0xf30e1] [DisplayControl] Exit MCCSOtherSet::SetVCP()
2025/10/10 05:06:30.485 [T:0x4a5b4] [DisplayControl] Enter MCCSOtherSet::GetVCP(), vcp code = 96
2025/10/10 05:06:30.590 [T:0x4a5b4] [DisplayControl] Exit MCCSOtherSet::GetVCP()
2025/10/10 05:06:30.770 [T:0xf30e1] [DisplayControl] Enter MCCSOtherSet::GetVCP(), vcp code = 96
2025/10/10 05:06:30.891 [T:0xf30e1] [DisplayControl] Exit MCCSOtherSet::GetVCP()
2025/10/10 05:06:30.995 [T:0xf30e1] [DisplayControl] Enter MCCSOtherSet::GetVCP(), vcp code = 226
2025/10/10 05:06:31.081 [T:0xf30e1] [DisplayControl] Exit MCCSOtherSet::GetVCP()
2025/10/10 05:06:31.184 [T:0xf30e1] [DisplayControl] Enter MCCSOtherSet::GetVCP(), vcp code = 18
2025/10/10 05:06:31.271 [T:0xf30e1] [DisplayControl] Exit MCCSOtherSet::GetVCP()
2025/10/10 05:06:31.373 [T:0xf30e1] [DisplayControl] Enter MCCSOtherSet::GetVCP(), vcp code = 220
2025/10/10 05:06:31.458 [T:0xf30e1] [DisplayControl] Exit MCCSOtherSet::GetVCP()
2025/10/10 05:06:31.561 [T:0xf30e1] [DisplayControl] Enter MCCSOtherSet::GetVCP(), vcp code = 225
2025/10/10 05:06:31.647 [T:0xf30e1] [DisplayControl] Exit MCCSOtherSet::GetVCP()
2025/10/10 05:06:31.749 [T:0xf30e1] [DisplayControl] Enter MCCSOtherSet::GetVCP(), vcp code = 236
2025/10/10 05:06:31.836 [T:0xf30e1] [DisplayControl] Exit MCCSOtherSet::GetVCP()
2025/10/10 05:06:31.938 [T:0xf30e1] [DisplayControl] Enter MCCSOtherSet::GetVCP(), vcp code = 4
2025/10/10 05:06:32.023 [T:0xf30e1] [DisplayControl] Exit MCCSOtherSet::GetVCP()
2025/10/10 05:06:32.126 [T:0xf30e1] [DisplayControl] Enter MCCSOtherSet::GetVCP(), vcp code = 97
2025/10/10 05:06:32.210 [T:0xf30e1] [DisplayControl] Exit MCCSOtherSet::GetVCP()
2025/10/10 05:06:32.314 [T:0xf30e1] [DisplayControl] Enter MCCSOtherSet::GetVCP(), vcp code = 98
2025/10/10 05:06:32.400 [T:0xf30e1] [DisplayControl] Exit MCCSOtherSet::GetVCP()
2025/10/10 05:06:32.504 [T:0xf30e1] [DisplayControl] Enter MCCSOtherSet::GetVCP(), vcp code = 135
2025/10/10 05:06:32.590 [T:0xf30e1] [DisplayControl] Exit MCCSOtherSet::GetVCP()
2025/10/10 05:06:32.693 [T:0xf30e1] [DisplayControl] Enter MCCSOtherSet::GetVCP(), vcp code = 43
2025/10/10 05:06:32.778 [T:0xf30e1] [DisplayControl] Exit MCCSOtherSet::GetVCP()
2025/10/10 05:06:32.879 [T:0xf30e1] [DisplayControl] Enter MCCSOtherSet::GetVCP(), vcp code = 16
2025/10/10 05:06:32.964 [T:0xf30e1] [DisplayControl] Exit MCCSOtherSet::GetVCP()
2025/10/10 05:06:33.068 [T:0xf30e1] [DisplayControl] Enter MCCSOtherSet::GetVCP(), vcp code = 51
2025/10/10 05:06:33.153 [T:0xf30e1] [DisplayControl] Exit MCCSOtherSet::GetVCP()
2025/10/10 05:06:33.258 [T:0xf30e1] [DisplayControl] Enter MCCSOtherSet::GetVCP(), vcp code = 141
2025/10/10 05:06:33.343 [T:0xf30e1] [DisplayControl] Exit MCCSOtherSet::GetVCP()
2025/10/10 05:06:47.610 [T:0xf30e1] [DisplayControl] Enter MCCSOtherSet::SetVCP(), vcp code = 16
2025/10/10 05:06:47.816 [T:0xf30e1] [DisplayControl] Exit MCCSOtherSet::SetVCP()
2025/10/10 05:07:22.863 [T:0x2e5fc] [DisplayControl] Enter MCCSOtherSet::SetVCP(), vcp code = 18
2025/10/10 05:07:23.072 [T:0x2e5fc] [DisplayControl] Exit MCCSOtherSet::SetVCP()
2025/10/10 05:12:37.828 [T:0x3a854] [DisplayControl] Enter MCCSOtherSet::SetVCP(), vcp code = 4
2025/10/10 05:12:38.800 [T:0x3a854] [DisplayControl] Exit MCCSOtherSet::SetVCP()
2025/10/10 05:12:43.915 [T:0x3a854] [DisplayControl] Enter OperationThread::ExitThread
2025/10/10 05:12:43.915 [T:0x3a854] [DisplayControl] Exit OperationThread::ExitThread
2025/10/10 05:12:43.915 [T:0x3a854] [DisplayControl] Enter OperationThread::~OperationThread()
2025/10/10 05:12:43.915 [T:0x3a854] [DisplayControl] Enter OperationThread::ExitThread
2025/10/10 05:12:43.915 [T:0x3a854] [DisplayControl] Enter OperationThread::ExitThread
2025/10/10 05:12:43.916 [T:0x3a854] [DisplayControl] Exit OperationThread::ExitThread
2025/10/10 05:12:43.916 [T:0x3a854] [DisplayControl] Enter OperationThread::~OperationThread()
2025/10/10 05:12:43.916 [T:0x3a854] [DisplayControl] Enter OperationThread::ExitThread
2025/10/10 05:12:43.941 [T:0x3a854] [DbgStr] After calling display_control_client_listener_video_port_.UpdateAllDisplayPath()
2025/10/10 05:12:43.961 [T:0x3a854] [DbgStr] After calling display_control_client_listener_.GetAllDisplayEDID()
2025/10/10 05:12:43.963 [T:0x3a854] [DisplayControl] Version = 3.0.6.0
2025/10/10 05:12:43.963 [T:0x3a854] [DisplayControl] Enter ObtainControlHandler1
2025/10/10 05:12:43.963 [T:0x3a854] [DisplayControl] GetVideoPortCommander
2025/10/10 05:12:43.963 [T:0x3a854] [DisplayControl] GetUSBHubCommander
2025/10/10 05:12:43.963 [T:0x3a854] ====== List p_lpo_display_info_video_port, # of devices is ======2
2025/10/10 05:12:43.963 [T:0x3a854] [DisplayControl] index of p_lpo_display_info_video_port0
2025/10/10 05:12:43.963 [T:0x3a854] [DisplayControl] Model name from VideoPort = VG2458
2025/10/10 05:12:43.963 [T:0x3a854] [DisplayControl] SN from VideoPort = YDJ243400006
2025/10/10 05:12:43.963 [T:0x3a854] [DisplayControl] index of p_lpo_display_info_video_port1
2025/10/10 05:12:43.963 [T:0x3a854] [DisplayControl] Model name from VideoPort = VG275
2025/10/10 05:12:43.963 [T:0x3a854] [DisplayControl] SN from VideoPort = XF6232400003
2025/10/10 05:12:43.963 [T:0x3a854] ====== List p_lpo_display_info_rtd_scalar_rts_hub, # of devices is ======0
2025/10/10 05:12:43.963 [T:0x3a854] [DisplayControl] GetVSRtkHubControlClientListener
2025/10/10 05:12:43.963 [T:0x3a854] [DisplayControl] max monitor count = 2
2025/10/10 05:12:43.963 [T:0x3a854] [DisplayControl] index of display_info_vec = 0
2025/10/10 05:12:43.963 [T:0x3a854] [DisplayControl] index of p_lpo_display_info_video_port = 0
2025/10/10 05:12:43.964 [T:0x3a854] [DisplayControl] VideoPortMatchingRule
2025/10/10 05:12:43.964 [T:0x3a854] [DisplayControl] monitor display_info_model_name = VG2458
2025/10/10 05:12:43.964 [T:0x3a854] [DisplayControl] monitor video_port_model_name = VG2458
2025/10/10 05:12:43.964 [T:0x3a854] [DisplayControl] monitor display_info_sn = YDJ243400006
2025/10/10 05:12:43.964 [T:0x3a854] [DisplayControl] monitor video_port_sn = YDJ243400006
2025/10/10 05:12:43.964 [T:0x3a854] [DisplayControl] model_name_match = 1
2025/10/10 05:12:43.964 [T:0x3a854] [DisplayControl] sn_match = 1
2025/10/10 05:12:43.964 [T:0x3a854] [DisplayControl] video_port is_match = 1
2025/10/10 05:12:43.964 [T:0x3a854] [DisplayControl] index of display_info_vec = 1
2025/10/10 05:12:43.964 [T:0x3a854] [DisplayControl] index of p_lpo_display_info_video_port = 0
2025/10/10 05:12:43.964 [T:0x3a854] [DisplayControl] VideoPortMatchingRule
2025/10/10 05:12:43.964 [T:0x3a854] [DisplayControl] monitor display_info_model_name = VG275
2025/10/10 05:12:43.964 [T:0x3a854] [DisplayControl] monitor video_port_model_name = VG2458
2025/10/10 05:12:43.964 [T:0x3a854] [DisplayControl] monitor display_info_sn = XF6232400003
2025/10/10 05:12:43.964 [T:0x3a854] [DisplayControl] monitor video_port_sn = YDJ243400006
2025/10/10 05:12:43.964 [T:0x3a854] [DisplayControl] model_name_match = 0
2025/10/10 05:12:43.964 [T:0x3a854] [DisplayControl] sn_match = 0
2025/10/10 05:12:43.964 [T:0x3a854] [DisplayControl] video_port is_match = 0
2025/10/10 05:12:43.964 [T:0x3a854] [DisplayControl] index of display_info_vec = 1
2025/10/10 05:12:43.964 [T:0x3a854] [DisplayControl] index of p_lpo_display_info_video_port = 1
2025/10/10 05:12:43.964 [T:0x3a854] [DisplayControl] VideoPortMatchingRule
2025/10/10 05:12:43.964 [T:0x3a854] [DisplayControl] monitor display_info_model_name = VG275
2025/10/10 05:12:43.964 [T:0x3a854] [DisplayControl] monitor video_port_model_name = VG275
2025/10/10 05:12:43.964 [T:0x3a854] [DisplayControl] monitor display_info_sn = XF6232400003
2025/10/10 05:12:43.964 [T:0x3a854] [DisplayControl] monitor video_port_sn = XF6232400003
2025/10/10 05:12:43.964 [T:0x3a854] [DisplayControl] model_name_match = 1
2025/10/10 05:12:43.964 [T:0x3a854] [DisplayControl] sn_match = 1
2025/10/10 05:12:43.964 [T:0x3a854] [DisplayControl] video_port is_match = 1
2025/10/10 05:12:43.964 [T:0x3a854] [DisplayControl] i = 0
2025/10/10 05:12:43.965 [T:0x3a854] [DisplayControl] Enter OperationThread::OperationThread()
2025/10/10 05:12:43.965 [T:0x3a854] [DisplayControl] Enter OperationThread::CreateThread
2025/10/10 05:12:43.965 [T:0x3a854] [DisplayControl] new DisplayFunctioner
2025/10/10 05:12:43.965 [T:0x3a854] [DisplayControl] insert displayer_vector
2025/10/10 05:12:43.965 [T:0x3a854] [DisplayControl] insert modelName_SN_to_Display_map
2025/10/10 05:12:43.965 [T:0x3a854] [DisplayControl] insert device_id_to_Displayer_map_
2025/10/10 05:12:43.965 [T:0x3a854] [DisplayControl] i = 1
2025/10/10 05:12:43.965 [T:0x3a854] [DisplayControl] Enter OperationThread::OperationThread()
2025/10/10 05:12:43.965 [T:0x3a854] [DisplayControl] Enter OperationThread::CreateThread
2025/10/10 05:12:43.965 [T:0x3a854] [DisplayControl] new DisplayFunctioner
2025/10/10 05:12:43.965 [T:0x3a854] [DisplayControl] insert displayer_vector
2025/10/10 05:12:43.965 [T:0x3a854] [DisplayControl] insert modelName_SN_to_Display_map
2025/10/10 05:12:43.965 [T:0x3a854] [DisplayControl] insert device_id_to_Displayer_map_
2025/10/10 05:12:43.965 [T:0x3a854] [DisplayControl] monitor size = 2
2025/10/10 05:12:43.965 [T:0x3a854] [DisplayControl] Exit ObtainControlHandler
2025/10/10 05:12:43.965 [T:0x3a854] [DisplayControl] Enter MCCSOtherSet::GetVCP(), vcp code = 16
2025/10/10 05:12:44.048 [T:0x3a854] [DisplayControl] Exit MCCSOtherSet::GetVCP()
2025/10/10 05:12:44.049 [T:0x3a854] [DisplayControl] Enter MCCSOtherSet::GetVCP(), vcp code = 96
2025/10/10 05:12:44.123 [T:0x3a854] [DisplayControl] Exit MCCSOtherSet::GetVCP()
2025/10/10 05:12:44.231 [T:0x3a854] [DisplayControl] Enter MCCSOtherSet::GetVCP(), vcp code = 18
2025/10/10 05:12:44.313 [T:0x3a854] [DisplayControl] Exit MCCSOtherSet::GetVCP()
2025/10/10 05:12:44.314 [T:0x3a854] [DisplayControl] Enter MCCSOtherSet::GetVCP(), vcp code = 18
2025/10/10 05:12:44.454 [T:0x3a854] [DisplayControl] Exit MCCSOtherSet::GetVCP()
2025/10/10 05:12:44.455 [T:0x3a854] [DisplayControl] Enter MCCSOtherSet::GetVCP(), vcp code = 18
2025/10/10 05:12:44.595 [T:0x3a854] [DisplayControl] Exit MCCSOtherSet::GetVCP()
2025/10/10 05:12:44.595 [T:0x3a854] [DisplayControl] Enter MCCSOtherSet::GetVCP(), vcp code = 18
2025/10/10 05:12:44.734 [T:0x3a854] [DisplayControl] Exit MCCSOtherSet::GetVCP()
2025/10/10 05:12:44.735 [T:0x3a854] [DisplayControl] Enter MCCSOtherSet::GetVCP(), vcp code = 18
2025/10/10 05:12:44.876 [T:0x3a854] [DisplayControl] Exit MCCSOtherSet::GetVCP()
2025/10/10 05:12:44.876 [T:0x3a854] [DisplayControl] Enter MCCSOtherSet::GetVCP(), vcp code = 18
2025/10/10 05:12:45.018 [T:0x3a854] [DisplayControl] Exit MCCSOtherSet::GetVCP()
2025/10/10 05:12:45.018 [T:0x3a854] [DisplayControl] Enter MCCSOtherSet::GetVCP(), vcp code = 18
2025/10/10 05:12:45.158 [T:0x3a854] [DisplayControl] Exit MCCSOtherSet::GetVCP()
2025/10/10 05:12:45.159 [T:0x3a854] [DisplayControl] Enter MCCSOtherSet::GetVCP(), vcp code = 18
2025/10/10 05:12:45.300 [T:0x3a854] [DisplayControl] Exit MCCSOtherSet::GetVCP()
2025/10/10 05:12:45.300 [T:0x3a854] [DisplayControl] Enter MCCSOtherSet::GetVCP(), vcp code = 18
2025/10/10 05:12:45.440 [T:0x3a854] [DisplayControl] Exit MCCSOtherSet::GetVCP()
2025/10/10 05:12:45.440 [T:0x3a854] [DisplayControl] Enter MCCSOtherSet::GetVCP(), vcp code = 18
2025/10/10 05:12:45.580 [T:0x3a854] [DisplayControl] Exit MCCSOtherSet::GetVCP()
2025/10/10 05:12:45.585 [T:0x3a854] [DisplayControl] Enter MCCSOtherSet::GetVCP(), vcp code = 18
2025/10/10 05:12:45.723 [T:0x3a854] [DisplayControl] Exit MCCSOtherSet::GetVCP()
2025/10/10 05:12:45.723 [T:0x3a854] [DisplayControl] Enter MCCSOtherSet::GetVCP(), vcp code = 18
2025/10/10 05:12:45.866 [T:0x3a854] [DisplayControl] Exit MCCSOtherSet::GetVCP()
2025/10/10 05:12:45.866 [T:0x3a854] [DisplayControl] Enter MCCSOtherSet::GetVCP(), vcp code = 18
2025/10/10 05:12:46.007 [T:0x3a854] [DisplayControl] Exit MCCSOtherSet::GetVCP()
2025/10/10 05:12:46.008 [T:0x3a854] [DisplayControl] Enter MCCSOtherSet::GetVCP(), vcp code = 18
2025/10/10 05:12:46.146 [T:0x3a854] [DisplayControl] Exit MCCSOtherSet::GetVCP()
2025/10/10 05:12:46.147 [T:0x3a854] [DisplayControl] Enter MCCSOtherSet::GetVCP(), vcp code = 18
2025/10/10 05:12:46.288 [T:0x3a854] [DisplayControl] Exit MCCSOtherSet::GetVCP()
2025/10/10 05:12:46.288 [T:0x3a854] [DisplayControl] Enter MCCSOtherSet::GetVCP(), vcp code = 18
2025/10/10 05:12:46.430 [T:0x3a854] [DisplayControl] Exit MCCSOtherSet::GetVCP()
2025/10/10 05:12:46.431 [T:0x3a854] [DisplayControl] Enter MCCSOtherSet::GetVCP(), vcp code = 18
2025/10/10 05:12:46.574 [T:0x3a854] [DisplayControl] Exit MCCSOtherSet::GetVCP()
2025/10/10 05:12:46.575 [T:0x3a854] [DisplayControl] Enter MCCSOtherSet::GetVCP(), vcp code = 18
2025/10/10 05:12:46.716 [T:0x3a854] [DisplayControl] Exit MCCSOtherSet::GetVCP()
2025/10/10 05:12:46.717 [T:0x3a854] [DisplayControl] Enter MCCSOtherSet::GetVCP(), vcp code = 18
2025/10/10 05:12:46.858 [T:0x3a854] [DisplayControl] Exit MCCSOtherSet::GetVCP()
2025/10/10 05:12:46.858 [T:0x3a854] [DisplayControl] Enter MCCSOtherSet::GetVCP(), vcp code = 18
2025/10/10 05:12:46.998 [T:0x3a854] [DisplayControl] Exit MCCSOtherSet::GetVCP()
2025/10/10 05:12:46.998 [T:0x3a854] [DisplayControl] Enter MCCSOtherSet::GetVCP(), vcp code = 18
2025/10/10 05:12:47.139 [T:0x3a854] [DisplayControl] Exit MCCSOtherSet::GetVCP()
2025/10/10 05:12:47.139 [T:0x3a854] [DisplayControl] Enter MCCSOtherSet::GetVCP(), vcp code = 18
2025/10/10 05:12:47.280 [T:0x3a854] [DisplayControl] Exit MCCSOtherSet::GetVCP()
2025/10/10 05:12:47.281 [T:0x3a854] [DisplayControl] Enter MCCSOtherSet::GetVCP(), vcp code = 18
2025/10/10 05:12:47.422 [T:0x3a854] [DisplayControl] Exit MCCSOtherSet::GetVCP()
2025/10/10 05:12:47.422 [T:0x3a854] [DisplayControl] Enter MCCSOtherSet::GetVCP(), vcp code = 18
2025/10/10 05:12:47.565 [T:0x3a854] [DisplayControl] Exit MCCSOtherSet::GetVCP()
2025/10/10 05:12:47.565 [T:0x3a854] [DisplayControl] Enter MCCSOtherSet::GetVCP(), vcp code = 18
2025/10/10 05:12:47.708 [T:0x3a854] [DisplayControl] Exit MCCSOtherSet::GetVCP()
2025/10/10 05:12:47.709 [T:0x3a854] [DisplayControl] Enter MCCSOtherSet::GetVCP(), vcp code = 18
2025/10/10 05:12:47.850 [T:0x3a854] [DisplayControl] Exit MCCSOtherSet::GetVCP()
2025/10/10 05:12:47.850 [T:0x3a854] [DisplayControl] Enter MCCSOtherSet::GetVCP(), vcp code = 18
2025/10/10 05:12:47.991 [T:0x3a854] [DisplayControl] Exit MCCSOtherSet::GetVCP()
2025/10/10 05:12:47.991 [T:0x3a854] [DisplayControl] Enter MCCSOtherSet::GetVCP(), vcp code = 18
2025/10/10 05:12:48.130 [T:0x3a854] [DisplayControl] Exit MCCSOtherSet::GetVCP()
2025/10/10 05:12:48.130 [T:0x3a854] [DisplayControl] Enter MCCSOtherSet::GetVCP(), vcp code = 18
2025/10/10 05:12:48.270 [T:0x3a854] [DisplayControl] Exit MCCSOtherSet::GetVCP()
2025/10/10 05:12:48.270 [T:0x3a854] [DisplayControl] Enter MCCSOtherSet::GetVCP(), vcp code = 18
2025/10/10 05:12:48.412 [T:0x3a854] [DisplayControl] Exit MCCSOtherSet::GetVCP()
2025/10/10 05:12:48.412 [T:0x3a854] [DisplayControl] Enter MCCSOtherSet::GetVCP(), vcp code = 18
2025/10/10 05:12:48.554 [T:0x3a854] [DisplayControl] Exit MCCSOtherSet::GetVCP()
2025/10/10 05:12:48.555 [T:0x3a854] [DisplayControl] Enter MCCSOtherSet::GetVCP(), vcp code = 18
2025/10/10 05:12:48.696 [T:0x3a854] [DisplayControl] Exit MCCSOtherSet::GetVCP()
2025/10/10 05:12:48.696 [T:0x3a854] [DisplayControl] Enter MCCSOtherSet::GetVCP(), vcp code = 18
2025/10/10 05:12:48.835 [T:0x3a854] [DisplayControl] Exit MCCSOtherSet::GetVCP()
2025/10/10 05:12:48.836 [T:0x3a854] [DisplayControl] Enter MCCSOtherSet::GetVCP(), vcp code = 18
2025/10/10 05:12:48.976 [T:0x3a854] [DisplayControl] Exit MCCSOtherSet::GetVCP()
2025/10/10 05:12:48.976 [T:0x3a854] [DisplayControl] Enter MCCSOtherSet::GetVCP(), vcp code = 18
2025/10/10 05:12:49.118 [T:0x3a854] [DisplayControl] Exit MCCSOtherSet::GetVCP()
2025/10/10 05:12:49.118 [T:0x3a854] [DisplayControl] Enter MCCSOtherSet::GetVCP(), vcp code = 18
2025/10/10 05:12:49.260 [T:0x3a854] [DisplayControl] Exit MCCSOtherSet::GetVCP()
2025/10/10 05:12:49.367 [T:0x3a854] [DisplayControl] Enter MCCSOtherSet::GetVCP(), vcp code = 20
2025/10/10 05:12:49.449 [T:0x3a854] [DisplayControl] Exit MCCSOtherSet::GetVCP()
2025/10/10 05:12:49.556 [T:0x3a854] [DisplayControl] Enter MCCSOtherSet::GetVCP(), vcp code = 220
2025/10/10 05:12:49.638 [T:0x3a854] [DisplayControl] Exit MCCSOtherSet::GetVCP()
2025/10/10 05:12:49.746 [T:0x3a854] [DisplayControl] Enter MCCSOtherSet::GetVCP(), vcp code = 225
2025/10/10 05:12:49.828 [T:0x3a854] [DisplayControl] Exit MCCSOtherSet::GetVCP()
2025/10/10 05:12:49.935 [T:0x3a854] [DisplayControl] Enter MCCSOtherSet::GetVCP(), vcp code = 245
2025/10/10 05:12:50.014 [T:0x3a854] [DisplayControl] Exit MCCSOtherSet::GetVCP()
2025/10/10 05:12:50.122 [T:0x3a854] [DisplayControl] Enter MCCSOtherSet::GetVCP(), vcp code = 4
2025/10/10 05:12:50.204 [T:0x3a854] [DisplayControl] Exit MCCSOtherSet::GetVCP()
2025/10/10 05:12:50.312 [T:0x3a854] [DisplayControl] Enter MCCSOtherSet::GetVCP(), vcp code = 97
2025/10/10 05:12:50.394 [T:0x3a854] [DisplayControl] Exit MCCSOtherSet::GetVCP()
2025/10/10 05:12:50.501 [T:0x3a854] [DisplayControl] Enter MCCSOtherSet::GetVCP(), vcp code = 98
2025/10/10 05:12:50.582 [T:0x3a854] [DisplayControl] Exit MCCSOtherSet::GetVCP()
2025/10/10 05:12:50.689 [T:0x3a854] [DisplayControl] Enter MCCSOtherSet::GetVCP(), vcp code = 135
2025/10/10 05:12:50.770 [T:0x3a854] [DisplayControl] Exit MCCSOtherSet::GetVCP()
2025/10/10 05:12:50.876 [T:0x3a854] [DisplayControl] Enter MCCSOtherSet::GetVCP(), vcp code = 43
2025/10/10 05:12:50.958 [T:0x3a854] [DisplayControl] Exit MCCSOtherSet::GetVCP()
2025/10/10 05:12:51.067 [T:0x3a854] [DisplayControl] Enter MCCSOtherSet::GetVCP(), vcp code = 16
2025/10/10 05:12:51.148 [T:0x3a854] [DisplayControl] Exit MCCSOtherSet::GetVCP()
2025/10/10 05:12:51.149 [T:0x3a854] [DisplayControl] Enter MCCSOtherSet::GetVCP(), vcp code = 16
2025/10/10 05:12:51.291 [T:0x3a854] [DisplayControl] Exit MCCSOtherSet::GetVCP()
2025/10/10 05:12:51.291 [T:0x3a854] [DisplayControl] Enter MCCSOtherSet::GetVCP(), vcp code = 16
2025/10/10 05:12:51.434 [T:0x3a854] [DisplayControl] Exit MCCSOtherSet::GetVCP()
2025/10/10 05:12:51.434 [T:0x3a854] [DisplayControl] Enter MCCSOtherSet::GetVCP(), vcp code = 16
2025/10/10 05:12:51.576 [T:0x3a854] [DisplayControl] Exit MCCSOtherSet::GetVCP()
2025/10/10 05:12:51.577 [T:0x3a854] [DisplayControl] Enter MCCSOtherSet::GetVCP(), vcp code = 16
2025/10/10 05:12:51.718 [T:0x3a854] [DisplayControl] Exit MCCSOtherSet::GetVCP()
2025/10/10 05:12:51.719 [T:0x3a854] [DisplayControl] Enter MCCSOtherSet::GetVCP(), vcp code = 16
2025/10/10 05:12:51.861 [T:0x3a854] [DisplayControl] Exit MCCSOtherSet::GetVCP()
2025/10/10 05:12:51.862 [T:0x3a854] [DisplayControl] Enter MCCSOtherSet::GetVCP(), vcp code = 16
2025/10/10 05:12:52.003 [T:0x3a854] [DisplayControl] Exit MCCSOtherSet::GetVCP()
2025/10/10 05:12:52.003 [T:0x3a854] [DisplayControl] Enter MCCSOtherSet::GetVCP(), vcp code = 16
2025/10/10 05:12:52.142 [T:0x3a854] [DisplayControl] Exit MCCSOtherSet::GetVCP()
2025/10/10 05:12:52.143 [T:0x3a854] [DisplayControl] Enter MCCSOtherSet::GetVCP(), vcp code = 16
2025/10/10 05:12:52.286 [T:0x3a854] [DisplayControl] Exit MCCSOtherSet::GetVCP()
2025/10/10 05:12:52.287 [T:0x3a854] [DisplayControl] Enter MCCSOtherSet::GetVCP(), vcp code = 16
2025/10/10 05:12:52.429 [T:0x3a854] [DisplayControl] Exit MCCSOtherSet::GetVCP()
2025/10/10 05:12:52.429 [T:0x3a854] [DisplayControl] Enter MCCSOtherSet::GetVCP(), vcp code = 16
2025/10/10 05:12:52.572 [T:0x3a854] [DisplayControl] Exit MCCSOtherSet::GetVCP()
2025/10/10 05:12:52.572 [T:0x3a854] [DisplayControl] Enter MCCSOtherSet::GetVCP(), vcp code = 16
2025/10/10 05:12:52.711 [T:0x3a854] [DisplayControl] Exit MCCSOtherSet::GetVCP()
2025/10/10 05:12:52.711 [T:0x3a854] [DisplayControl] Enter MCCSOtherSet::GetVCP(), vcp code = 16
2025/10/10 05:12:52.851 [T:0x3a854] [DisplayControl] Exit MCCSOtherSet::GetVCP()
2025/10/10 05:12:52.851 [T:0x3a854] [DisplayControl] Enter MCCSOtherSet::GetVCP(), vcp code = 16
2025/10/10 05:12:52.991 [T:0x3a854] [DisplayControl] Exit MCCSOtherSet::GetVCP()
2025/10/10 05:12:52.992 [T:0x3a854] [DisplayControl] Enter MCCSOtherSet::GetVCP(), vcp code = 16
2025/10/10 05:12:53.134 [T:0x3a854] [DisplayControl] Exit MCCSOtherSet::GetVCP()
2025/10/10 05:12:53.134 [T:0x3a854] [DisplayControl] Enter MCCSOtherSet::GetVCP(), vcp code = 16
2025/10/10 05:12:53.277 [T:0x3a854] [DisplayControl] Exit MCCSOtherSet::GetVCP()
2025/10/10 05:12:53.277 [T:0x3a854] [DisplayControl] Enter MCCSOtherSet::GetVCP(), vcp code = 16
2025/10/10 05:12:53.421 [T:0x3a854] [DisplayControl] Exit MCCSOtherSet::GetVCP()
2025/10/10 05:12:53.421 [T:0x3a854] [DisplayControl] Enter MCCSOtherSet::GetVCP(), vcp code = 16
2025/10/10 05:12:53.564 [T:0x3a854] [DisplayControl] Exit MCCSOtherSet::GetVCP()
2025/10/10 05:12:53.565 [T:0x3a854] [DisplayControl] Enter MCCSOtherSet::GetVCP(), vcp code = 16
2025/10/10 05:12:53.707 [T:0x3a854] [DisplayControl] Exit MCCSOtherSet::GetVCP()
2025/10/10 05:12:53.707 [T:0x3a854] [DisplayControl] Enter MCCSOtherSet::GetVCP(), vcp code = 16
2025/10/10 05:12:53.848 [T:0x3a854] [DisplayControl] Exit MCCSOtherSet::GetVCP()
2025/10/10 05:12:53.849 [T:0x3a854] [DisplayControl] Enter MCCSOtherSet::GetVCP(), vcp code = 16
2025/10/10 05:12:53.990 [T:0x3a854] [DisplayControl] Exit MCCSOtherSet::GetVCP()
2025/10/10 05:12:53.990 [T:0x3a854] [DisplayControl] Enter MCCSOtherSet::GetVCP(), vcp code = 16
2025/10/10 05:12:54.130 [T:0x3a854] [DisplayControl] Exit MCCSOtherSet::GetVCP()
2025/10/10 05:12:54.130 [T:0x3a854] [DisplayControl] Enter MCCSOtherSet::GetVCP(), vcp code = 16
2025/10/10 05:12:54.270 [T:0x3a854] [DisplayControl] Exit MCCSOtherSet::GetVCP()
2025/10/10 05:12:54.270 [T:0x3a854] [DisplayControl] Enter MCCSOtherSet::GetVCP(), vcp code = 16
2025/10/10 05:12:54.412 [T:0x3a854] [DisplayControl] Exit MCCSOtherSet::GetVCP()
2025/10/10 05:12:54.412 [T:0x3a854] [DisplayControl] Enter MCCSOtherSet::GetVCP(), vcp code = 16
2025/10/10 05:12:54.554 [T:0x3a854] [DisplayControl] Exit MCCSOtherSet::GetVCP()
2025/10/10 05:12:54.554 [T:0x3a854] [DisplayControl] Enter MCCSOtherSet::GetVCP(), vcp code = 16
2025/10/10 05:12:54.693 [T:0x3a854] [DisplayControl] Exit MCCSOtherSet::GetVCP()
2025/10/10 05:12:54.694 [T:0x3a854] [DisplayControl] Enter MCCSOtherSet::GetVCP(), vcp code = 16
2025/10/10 05:12:54.832 [T:0x3a854] [DisplayControl] Exit MCCSOtherSet::GetVCP()
2025/10/10 05:12:54.832 [T:0x3a854] [DisplayControl] Enter MCCSOtherSet::GetVCP(), vcp code = 16
2025/10/10 05:12:54.975 [T:0x3a854] [DisplayControl] Exit MCCSOtherSet::GetVCP()
2025/10/10 05:12:54.975 [T:0x3a854] [DisplayControl] Enter MCCSOtherSet::GetVCP(), vcp code = 16
2025/10/10 05:12:55.118 [T:0x3a854] [DisplayControl] Exit MCCSOtherSet::GetVCP()
2025/10/10 05:12:55.123 [T:0x3a854] [DisplayControl] Enter MCCSOtherSet::GetVCP(), vcp code = 16
2025/10/10 05:12:55.260 [T:0x3a854] [DisplayControl] Exit MCCSOtherSet::GetVCP()
2025/10/10 05:12:55.260 [T:0x3a854] [DisplayControl] Enter MCCSOtherSet::GetVCP(), vcp code = 16
2025/10/10 05:12:55.402 [T:0x3a854] [DisplayControl] Exit MCCSOtherSet::GetVCP()
2025/10/10 05:12:55.402 [T:0x3a854] [DisplayControl] Enter MCCSOtherSet::GetVCP(), vcp code = 16
2025/10/10 05:12:55.542 [T:0x3a854] [DisplayControl] Exit MCCSOtherSet::GetVCP()
2025/10/10 05:12:55.542 [T:0x3a854] [DisplayControl] Enter MCCSOtherSet::GetVCP(), vcp code = 16
2025/10/10 05:12:55.681 [T:0x3a854] [DisplayControl] Exit MCCSOtherSet::GetVCP()
2025/10/10 05:12:55.681 [T:0x3a854] [DisplayControl] Enter MCCSOtherSet::GetVCP(), vcp code = 16
2025/10/10 05:12:55.823 [T:0x3a854] [DisplayControl] Exit MCCSOtherSet::GetVCP()
2025/10/10 05:12:55.823 [T:0x3a854] [DisplayControl] Enter MCCSOtherSet::GetVCP(), vcp code = 16
2025/10/10 05:12:55.966 [T:0x3a854] [DisplayControl] Exit MCCSOtherSet::GetVCP()
2025/10/10 05:12:55.967 [T:0x3a854] [DisplayControl] Enter MCCSOtherSet::GetVCP(), vcp code = 16
2025/10/10 05:12:56.108 [T:0x3a854] [DisplayControl] Exit MCCSOtherSet::GetVCP()
2025/10/10 05:12:56.215 [T:0x3a854] [DisplayControl] Enter MCCSOtherSet::GetVCP(), vcp code = 51
2025/10/10 05:12:56.298 [T:0x3a854] [DisplayControl] Exit MCCSOtherSet::GetVCP()
2025/10/10 05:12:56.406 [T:0x3a854] [DisplayControl] Enter MCCSOtherSet::GetVCP(), vcp code = 141
2025/10/10 05:12:56.488 [T:0x3a854] [DisplayControl] Exit MCCSOtherSet::GetVCP()
2025/10/10 05:12:56.595 [T:0x3a854] [DisplayControl] Enter MCCSOtherSet::GetVCP(), vcp code = 96
2025/10/10 05:12:56.680 [T:0x3a854] [DisplayControl] Exit MCCSOtherSet::GetVCP()
2025/10/10 05:12:56.781 [T:0x3a854] [DisplayControl] Enter MCCSOtherSet::GetVCP(), vcp code = 226
2025/10/10 05:12:56.867 [T:0x3a854] [DisplayControl] Exit MCCSOtherSet::GetVCP()
2025/10/10 05:12:56.971 [T:0x3a854] [DisplayControl] Enter MCCSOtherSet::GetVCP(), vcp code = 18
2025/10/10 05:12:57.057 [T:0x3a854] [DisplayControl] Exit MCCSOtherSet::GetVCP()
2025/10/10 05:12:57.160 [T:0x3a854] [DisplayControl] Enter MCCSOtherSet::GetVCP(), vcp code = 220
2025/10/10 05:12:57.246 [T:0x3a854] [DisplayControl] Exit MCCSOtherSet::GetVCP()
2025/10/10 05:12:57.349 [T:0x3a854] [DisplayControl] Enter MCCSOtherSet::GetVCP(), vcp code = 225
2025/10/10 05:12:57.434 [T:0x3a854] [DisplayControl] Exit MCCSOtherSet::GetVCP()
2025/10/10 05:12:57.535 [T:0x3a854] [DisplayControl] Enter MCCSOtherSet::GetVCP(), vcp code = 236
2025/10/10 05:12:57.619 [T:0x3a854] [DisplayControl] Exit MCCSOtherSet::GetVCP()
2025/10/10 05:12:57.724 [T:0x3a854] [DisplayControl] Enter MCCSOtherSet::GetVCP(), vcp code = 4
2025/10/10 05:12:57.810 [T:0x3a854] [DisplayControl] Exit MCCSOtherSet::GetVCP()
2025/10/10 05:12:57.915 [T:0x3a854] [DisplayControl] Enter MCCSOtherSet::GetVCP(), vcp code = 97
2025/10/10 05:12:58.000 [T:0x3a854] [DisplayControl] Exit MCCSOtherSet::GetVCP()
2025/10/10 05:12:58.104 [T:0x3a854] [DisplayControl] Enter MCCSOtherSet::GetVCP(), vcp code = 98
2025/10/10 05:12:58.190 [T:0x3a854] [DisplayControl] Exit MCCSOtherSet::GetVCP()
2025/10/10 05:12:58.291 [T:0x3a854] [DisplayControl] Enter MCCSOtherSet::GetVCP(), vcp code = 135
2025/10/10 05:12:58.377 [T:0x3a854] [DisplayControl] Exit MCCSOtherSet::GetVCP()
2025/10/10 05:12:58.480 [T:0x3a854] [DisplayControl] Enter MCCSOtherSet::GetVCP(), vcp code = 43
2025/10/10 05:12:58.567 [T:0x3a854] [DisplayControl] Exit MCCSOtherSet::GetVCP()
2025/10/10 05:12:58.670 [T:0x3a854] [DisplayControl] Enter MCCSOtherSet::GetVCP(), vcp code = 16
2025/10/10 05:12:58.754 [T:0x3a854] [DisplayControl] Exit MCCSOtherSet::GetVCP()
2025/10/10 05:12:58.859 [T:0x3a854] [DisplayControl] Enter MCCSOtherSet::GetVCP(), vcp code = 51
2025/10/10 05:12:58.946 [T:0x3a854] [DisplayControl] Exit MCCSOtherSet::GetVCP()
2025/10/10 05:12:59.050 [T:0x3a854] [DisplayControl] Enter MCCSOtherSet::GetVCP(), vcp code = 141
2025/10/10 05:12:59.136 [T:0x3a854] [DisplayControl] Exit MCCSOtherSet::GetVCP()
2025/10/10 05:13:48.987 [T:0x4a5b4] [DisplayControl] Enter MCCSOtherSet::GetVCP(), vcp code = 96
2025/10/10 05:13:49.083 [T:0x4a5b4] [DisplayControl] Exit MCCSOtherSet::GetVCP()
2025/10/10 05:13:49.318 [T:0x4ff69] [DisplayControl] Enter MCCSOtherSet::GetVCP(), vcp code = 96
2025/10/10 05:13:49.424 [T:0x4ff69] [DisplayControl] Exit MCCSOtherSet::GetVCP()
2025/10/10 05:13:49.525 [T:0x4ff69] [DisplayControl] Enter MCCSOtherSet::GetVCP(), vcp code = 18
2025/10/10 05:13:49.612 [T:0x4ff69] [DisplayControl] Exit MCCSOtherSet::GetVCP()
2025/10/10 05:13:49.612 [T:0x4ff69] [DisplayControl] Enter MCCSOtherSet::GetVCP(), vcp code = 18
2025/10/10 05:13:49.754 [T:0x4ff69] [DisplayControl] Exit MCCSOtherSet::GetVCP()
2025/10/10 05:13:49.754 [T:0x4ff69] [DisplayControl] Enter MCCSOtherSet::GetVCP(), vcp code = 18
2025/10/10 05:13:49.896 [T:0x4ff69] [DisplayControl] Exit MCCSOtherSet::GetVCP()
2025/10/10 05:13:49.896 [T:0x4ff69] [DisplayControl] Enter MCCSOtherSet::GetVCP(), vcp code = 18
2025/10/10 05:13:50.035 [T:0x4ff69] [DisplayControl] Exit MCCSOtherSet::GetVCP()
2025/10/10 05:13:50.035 [T:0x4ff69] [DisplayControl] Enter MCCSOtherSet::GetVCP(), vcp code = 18
2025/10/10 05:13:50.174 [T:0x4ff69] [DisplayControl] Exit MCCSOtherSet::GetVCP()
2025/10/10 05:13:50.175 [T:0x4ff69] [DisplayControl] Enter MCCSOtherSet::GetVCP(), vcp code = 18
2025/10/10 05:13:50.316 [T:0x4ff69] [DisplayControl] Exit MCCSOtherSet::GetVCP()
2025/10/10 05:13:50.317 [T:0x4ff69] [DisplayControl] Enter MCCSOtherSet::GetVCP(), vcp code = 18
2025/10/10 05:13:50.456 [T:0x4ff69] [DisplayControl] Exit MCCSOtherSet::GetVCP()
2025/10/10 05:13:50.457 [T:0x4ff69] [DisplayControl] Enter MCCSOtherSet::GetVCP(), vcp code = 18
2025/10/10 05:13:50.597 [T:0x4ff69] [DisplayControl] Exit MCCSOtherSet::GetVCP()
2025/10/10 05:13:50.597 [T:0x4ff69] [DisplayControl] Enter MCCSOtherSet::GetVCP(), vcp code = 18
2025/10/10 05:13:50.736 [T:0x4ff69] [DisplayControl] Exit MCCSOtherSet::GetVCP()
2025/10/10 05:13:50.737 [T:0x4ff69] [DisplayControl] Enter MCCSOtherSet::GetVCP(), vcp code = 18
2025/10/10 05:13:50.878 [T:0x4ff69] [DisplayControl] Exit MCCSOtherSet::GetVCP()
2025/10/10 05:13:50.879 [T:0x4ff69] [DisplayControl] Enter MCCSOtherSet::GetVCP(), vcp code = 18
2025/10/10 05:13:51.022 [T:0x4ff69] [DisplayControl] Exit MCCSOtherSet::GetVCP()
2025/10/10 05:13:51.022 [T:0x4ff69] [DisplayControl] Enter MCCSOtherSet::GetVCP(), vcp code = 18
2025/10/10 05:13:51.164 [T:0x4ff69] [DisplayControl] Exit MCCSOtherSet::GetVCP()
2025/10/10 05:13:51.165 [T:0x4ff69] [DisplayControl] Enter MCCSOtherSet::GetVCP(), vcp code = 18
2025/10/10 05:13:51.306 [T:0x4ff69] [DisplayControl] Exit MCCSOtherSet::GetVCP()
2025/10/10 05:13:51.306 [T:0x4ff69] [DisplayControl] Enter MCCSOtherSet::GetVCP(), vcp code = 18
2025/10/10 05:13:51.445 [T:0x4ff69] [DisplayControl] Exit MCCSOtherSet::GetVCP()
2025/10/10 05:13:51.446 [T:0x4ff69] [DisplayControl] Enter MCCSOtherSet::GetVCP(), vcp code = 18
2025/10/10 05:13:51.585 [T:0x4ff69] [DisplayControl] Exit MCCSOtherSet::GetVCP()
2025/10/10 05:13:51.585 [T:0x4ff69] [DisplayControl] Enter MCCSOtherSet::GetVCP(), vcp code = 18
2025/10/10 05:13:51.726 [T:0x4ff69] [DisplayControl] Exit MCCSOtherSet::GetVCP()
2025/10/10 05:13:51.727 [T:0x4ff69] [DisplayControl] Enter MCCSOtherSet::GetVCP(), vcp code = 18
2025/10/10 05:13:51.870 [T:0x4ff69] [DisplayControl] Exit MCCSOtherSet::GetVCP()
2025/10/10 05:13:51.870 [T:0x4ff69] [DisplayControl] Enter MCCSOtherSet::GetVCP(), vcp code = 18
2025/10/10 05:13:52.013 [T:0x4ff69] [DisplayControl] Exit MCCSOtherSet::GetVCP()
2025/10/10 05:13:52.014 [T:0x4ff69] [DisplayControl] Enter MCCSOtherSet::GetVCP(), vcp code = 18
2025/10/10 05:13:52.155 [T:0x4ff69] [DisplayControl] Exit MCCSOtherSet::GetVCP()
2025/10/10 05:13:52.155 [T:0x4ff69] [DisplayControl] Enter MCCSOtherSet::GetVCP(), vcp code = 18
2025/10/10 05:13:52.297 [T:0x4ff69] [DisplayControl] Exit MCCSOtherSet::GetVCP()
2025/10/10 05:13:52.297 [T:0x4ff69] [DisplayControl] Enter MCCSOtherSet::GetVCP(), vcp code = 18
2025/10/10 05:13:52.438 [T:0x4ff69] [DisplayControl] Exit MCCSOtherSet::GetVCP()
2025/10/10 05:13:52.439 [T:0x4ff69] [DisplayControl] Enter MCCSOtherSet::GetVCP(), vcp code = 18
2025/10/10 05:13:52.581 [T:0x4ff69] [DisplayControl] Exit MCCSOtherSet::GetVCP()
2025/10/10 05:13:52.581 [T:0x4ff69] [DisplayControl] Enter MCCSOtherSet::GetVCP(), vcp code = 18
2025/10/10 05:13:52.722 [T:0x4ff69] [DisplayControl] Exit MCCSOtherSet::GetVCP()
2025/10/10 05:13:52.722 [T:0x4ff69] [DisplayControl] Enter MCCSOtherSet::GetVCP(), vcp code = 18
2025/10/10 05:13:52.862 [T:0x4ff69] [DisplayControl] Exit MCCSOtherSet::GetVCP()
2025/10/10 05:13:52.863 [T:0x4ff69] [DisplayControl] Enter MCCSOtherSet::GetVCP(), vcp code = 18
2025/10/10 05:13:53.006 [T:0x4ff69] [DisplayControl] Exit MCCSOtherSet::GetVCP()
2025/10/10 05:13:53.007 [T:0x4ff69] [DisplayControl] Enter MCCSOtherSet::GetVCP(), vcp code = 18
2025/10/10 05:13:53.148 [T:0x4ff69] [DisplayControl] Exit MCCSOtherSet::GetVCP()
2025/10/10 05:13:53.148 [T:0x4ff69] [DisplayControl] Enter MCCSOtherSet::GetVCP(), vcp code = 18
2025/10/10 05:13:53.291 [T:0x4ff69] [DisplayControl] Exit MCCSOtherSet::GetVCP()
2025/10/10 05:13:53.291 [T:0x4ff69] [DisplayControl] Enter MCCSOtherSet::GetVCP(), vcp code = 18
2025/10/10 05:13:53.431 [T:0x4ff69] [DisplayControl] Exit MCCSOtherSet::GetVCP()
2025/10/10 05:13:53.431 [T:0x4ff69] [DisplayControl] Enter MCCSOtherSet::GetVCP(), vcp code = 18
2025/10/10 05:13:53.572 [T:0x4ff69] [DisplayControl] Exit MCCSOtherSet::GetVCP()
2025/10/10 05:13:53.572 [T:0x4ff69] [DisplayControl] Enter MCCSOtherSet::GetVCP(), vcp code = 18
2025/10/10 05:13:53.711 [T:0x4ff69] [DisplayControl] Exit MCCSOtherSet::GetVCP()
2025/10/10 05:13:53.711 [T:0x4ff69] [DisplayControl] Enter MCCSOtherSet::GetVCP(), vcp code = 18
2025/10/10 05:13:53.854 [T:0x4ff69] [DisplayControl] Exit MCCSOtherSet::GetVCP()
2025/10/10 05:13:53.855 [T:0x4ff69] [DisplayControl] Enter MCCSOtherSet::GetVCP(), vcp code = 18
2025/10/10 05:13:53.998 [T:0x4ff69] [DisplayControl] Exit MCCSOtherSet::GetVCP()
2025/10/10 05:13:53.998 [T:0x4ff69] [DisplayControl] Enter MCCSOtherSet::GetVCP(), vcp code = 18
2025/10/10 05:13:54.142 [T:0x4ff69] [DisplayControl] Exit MCCSOtherSet::GetVCP()
2025/10/10 05:13:54.142 [T:0x4ff69] [DisplayControl] Enter MCCSOtherSet::GetVCP(), vcp code = 18
2025/10/10 05:13:54.283 [T:0x4ff69] [DisplayControl] Exit MCCSOtherSet::GetVCP()
2025/10/10 05:13:54.284 [T:0x4ff69] [DisplayControl] Enter MCCSOtherSet::GetVCP(), vcp code = 18
2025/10/10 05:13:54.426 [T:0x4ff69] [DisplayControl] Exit MCCSOtherSet::GetVCP()
2025/10/10 05:13:54.426 [T:0x4ff69] [DisplayControl] Enter MCCSOtherSet::GetVCP(), vcp code = 18
2025/10/10 05:13:54.569 [T:0x4ff69] [DisplayControl] Exit MCCSOtherSet::GetVCP()
2025/10/10 05:13:54.675 [T:0x4ff69] [DisplayControl] Enter MCCSOtherSet::GetVCP(), vcp code = 20
2025/10/10 05:13:54.756 [T:0x4ff69] [DisplayControl] Exit MCCSOtherSet::GetVCP()
2025/10/10 05:13:54.862 [T:0x4ff69] [DisplayControl] Enter MCCSOtherSet::GetVCP(), vcp code = 220
2025/10/10 05:13:54.943 [T:0x4ff69] [DisplayControl] Exit MCCSOtherSet::GetVCP()
2025/10/10 05:13:55.052 [T:0x4ff69] [DisplayControl] Enter MCCSOtherSet::GetVCP(), vcp code = 225
2025/10/10 05:13:55.133 [T:0x4ff69] [DisplayControl] Exit MCCSOtherSet::GetVCP()
2025/10/10 05:13:55.239 [T:0x4ff69] [DisplayControl] Enter MCCSOtherSet::GetVCP(), vcp code = 245
2025/10/10 05:13:55.320 [T:0x4ff69] [DisplayControl] Exit MCCSOtherSet::GetVCP()
2025/10/10 05:13:55.427 [T:0x4ff69] [DisplayControl] Enter MCCSOtherSet::GetVCP(), vcp code = 4
2025/10/10 05:13:55.508 [T:0x4ff69] [DisplayControl] Exit MCCSOtherSet::GetVCP()
2025/10/10 05:13:55.612 [T:0x4ff69] [DisplayControl] Enter MCCSOtherSet::GetVCP(), vcp code = 97
2025/10/10 05:13:55.694 [T:0x4ff69] [DisplayControl] Exit MCCSOtherSet::GetVCP()
2025/10/10 05:13:55.803 [T:0x4ff69] [DisplayControl] Enter MCCSOtherSet::GetVCP(), vcp code = 98
2025/10/10 05:13:55.885 [T:0x4ff69] [DisplayControl] Exit MCCSOtherSet::GetVCP()
2025/10/10 05:13:55.992 [T:0x4ff69] [DisplayControl] Enter MCCSOtherSet::GetVCP(), vcp code = 135
2025/10/10 05:13:56.074 [T:0x4ff69] [DisplayControl] Exit MCCSOtherSet::GetVCP()
2025/10/10 05:13:56.182 [T:0x4ff69] [DisplayControl] Enter MCCSOtherSet::GetVCP(), vcp code = 43
2025/10/10 05:13:56.262 [T:0x4ff69] [DisplayControl] Exit MCCSOtherSet::GetVCP()
2025/10/10 05:13:56.369 [T:0x4ff69] [DisplayControl] Enter MCCSOtherSet::GetVCP(), vcp code = 16
2025/10/10 05:13:56.450 [T:0x4ff69] [DisplayControl] Exit MCCSOtherSet::GetVCP()
2025/10/10 05:13:56.451 [T:0x4ff69] [DisplayControl] Enter MCCSOtherSet::GetVCP(), vcp code = 16
2025/10/10 05:13:56.593 [T:0x4ff69] [DisplayControl] Exit MCCSOtherSet::GetVCP()
2025/10/10 05:13:56.593 [T:0x4ff69] [DisplayControl] Enter MCCSOtherSet::GetVCP(), vcp code = 16
2025/10/10 05:13:56.733 [T:0x4ff69] [DisplayControl] Exit MCCSOtherSet::GetVCP()
2025/10/10 05:13:56.734 [T:0x4ff69] [DisplayControl] Enter MCCSOtherSet::GetVCP(), vcp code = 16
2025/10/10 05:13:56.876 [T:0x4ff69] [DisplayControl] Exit MCCSOtherSet::GetVCP()
2025/10/10 05:13:56.876 [T:0x4ff69] [DisplayControl] Enter MCCSOtherSet::GetVCP(), vcp code = 16
2025/10/10 05:13:57.016 [T:0x4ff69] [DisplayControl] Exit MCCSOtherSet::GetVCP()
2025/10/10 05:13:57.016 [T:0x4ff69] [DisplayControl] Enter MCCSOtherSet::GetVCP(), vcp code = 16
2025/10/10 05:13:57.159 [T:0x4ff69] [DisplayControl] Exit MCCSOtherSet::GetVCP()
2025/10/10 05:13:57.160 [T:0x4ff69] [DisplayControl] Enter MCCSOtherSet::GetVCP(), vcp code = 16
2025/10/10 05:13:57.299 [T:0x4ff69] [DisplayControl] Exit MCCSOtherSet::GetVCP()
2025/10/10 05:13:57.300 [T:0x4ff69] [DisplayControl] Enter MCCSOtherSet::GetVCP(), vcp code = 16
2025/10/10 05:13:57.440 [T:0x4ff69] [DisplayControl] Exit MCCSOtherSet::GetVCP()
2025/10/10 05:13:57.440 [T:0x4ff69] [DisplayControl] Enter MCCSOtherSet::GetVCP(), vcp code = 16
2025/10/10 05:13:57.582 [T:0x4ff69] [DisplayControl] Exit MCCSOtherSet::GetVCP()
2025/10/10 05:13:57.583 [T:0x4ff69] [DisplayControl] Enter MCCSOtherSet::GetVCP(), vcp code = 16
2025/10/10 05:13:57.724 [T:0x4ff69] [DisplayControl] Exit MCCSOtherSet::GetVCP()
2025/10/10 05:13:57.725 [T:0x4ff69] [DisplayControl] Enter MCCSOtherSet::GetVCP(), vcp code = 16
2025/10/10 05:13:57.867 [T:0x4ff69] [DisplayControl] Exit MCCSOtherSet::GetVCP()
2025/10/10 05:13:57.868 [T:0x4ff69] [DisplayControl] Enter MCCSOtherSet::GetVCP(), vcp code = 16
2025/10/10 05:13:58.007 [T:0x4ff69] [DisplayControl] Exit MCCSOtherSet::GetVCP()
2025/10/10 05:13:58.008 [T:0x4ff69] [DisplayControl] Enter MCCSOtherSet::GetVCP(), vcp code = 16
2025/10/10 05:13:58.146 [T:0x4ff69] [DisplayControl] Exit MCCSOtherSet::GetVCP()
2025/10/10 05:13:58.146 [T:0x4ff69] [DisplayControl] Enter MCCSOtherSet::GetVCP(), vcp code = 16
2025/10/10 05:13:58.286 [T:0x4ff69] [DisplayControl] Exit MCCSOtherSet::GetVCP()
2025/10/10 05:13:58.287 [T:0x4ff69] [DisplayControl] Enter MCCSOtherSet::GetVCP(), vcp code = 16
2025/10/10 05:13:58.430 [T:0x4ff69] [DisplayControl] Exit MCCSOtherSet::GetVCP()
2025/10/10 05:13:58.430 [T:0x4ff69] [DisplayControl] Enter MCCSOtherSet::GetVCP(), vcp code = 16
2025/10/10 05:13:58.572 [T:0x4ff69] [DisplayControl] Exit MCCSOtherSet::GetVCP()
2025/10/10 05:13:58.573 [T:0x4ff69] [DisplayControl] Enter MCCSOtherSet::GetVCP(), vcp code = 16
2025/10/10 05:13:58.713 [T:0x4ff69] [DisplayControl] Exit MCCSOtherSet::GetVCP()
2025/10/10 05:13:58.713 [T:0x4ff69] [DisplayControl] Enter MCCSOtherSet::GetVCP(), vcp code = 16
2025/10/10 05:13:58.852 [T:0x4ff69] [DisplayControl] Exit MCCSOtherSet::GetVCP()
2025/10/10 05:13:58.852 [T:0x4ff69] [DisplayControl] Enter MCCSOtherSet::GetVCP(), vcp code = 16
2025/10/10 05:13:58.991 [T:0x4ff69] [DisplayControl] Exit MCCSOtherSet::GetVCP()
2025/10/10 05:13:58.991 [T:0x4ff69] [DisplayControl] Enter MCCSOtherSet::GetVCP(), vcp code = 16
2025/10/10 05:13:59.133 [T:0x4ff69] [DisplayControl] Exit MCCSOtherSet::GetVCP()
2025/10/10 05:13:59.133 [T:0x4ff69] [DisplayControl] Enter MCCSOtherSet::GetVCP(), vcp code = 16
2025/10/10 05:13:59.275 [T:0x4ff69] [DisplayControl] Exit MCCSOtherSet::GetVCP()
2025/10/10 05:13:59.276 [T:0x4ff69] [DisplayControl] Enter MCCSOtherSet::GetVCP(), vcp code = 16
2025/10/10 05:13:59.414 [T:0x4ff69] [DisplayControl] Exit MCCSOtherSet::GetVCP()
2025/10/10 05:13:59.415 [T:0x4ff69] [DisplayControl] Enter MCCSOtherSet::GetVCP(), vcp code = 16
2025/10/10 05:13:59.553 [T:0x4ff69] [DisplayControl] Exit MCCSOtherSet::GetVCP()
2025/10/10 05:13:59.554 [T:0x4ff69] [DisplayControl] Enter MCCSOtherSet::GetVCP(), vcp code = 16
2025/10/10 05:13:59.694 [T:0x4ff69] [DisplayControl] Exit MCCSOtherSet::GetVCP()
2025/10/10 05:13:59.694 [T:0x4ff69] [DisplayControl] Enter MCCSOtherSet::GetVCP(), vcp code = 16
2025/10/10 05:13:59.838 [T:0x4ff69] [DisplayControl] Exit MCCSOtherSet::GetVCP()
2025/10/10 05:13:59.838 [T:0x4ff69] [DisplayControl] Enter MCCSOtherSet::GetVCP(), vcp code = 16
2025/10/10 05:13:59.980 [T:0x4ff69] [DisplayControl] Exit MCCSOtherSet::GetVCP()
2025/10/10 05:13:59.980 [T:0x4ff69] [DisplayControl] Enter MCCSOtherSet::GetVCP(), vcp code = 16
2025/10/10 05:14:00.122 [T:0x4ff69] [DisplayControl] Exit MCCSOtherSet::GetVCP()
2025/10/10 05:14:00.123 [T:0x4ff69] [DisplayControl] Enter MCCSOtherSet::GetVCP(), vcp code = 16
2025/10/10 05:14:00.262 [T:0x4ff69] [DisplayControl] Exit MCCSOtherSet::GetVCP()
2025/10/10 05:14:00.263 [T:0x4ff69] [DisplayControl] Enter MCCSOtherSet::GetVCP(), vcp code = 16
2025/10/10 05:14:00.406 [T:0x4ff69] [DisplayControl] Exit MCCSOtherSet::GetVCP()
2025/10/10 05:14:00.406 [T:0x4ff69] [DisplayControl] Enter MCCSOtherSet::GetVCP(), vcp code = 16
2025/10/10 05:14:00.548 [T:0x4ff69] [DisplayControl] Exit MCCSOtherSet::GetVCP()
2025/10/10 05:14:00.553 [T:0x4ff69] [DisplayControl] Enter MCCSOtherSet::GetVCP(), vcp code = 16
2025/10/10 05:14:00.689 [T:0x4ff69] [DisplayControl] Exit MCCSOtherSet::GetVCP()
2025/10/10 05:14:00.689 [T:0x4ff69] [DisplayControl] Enter MCCSOtherSet::GetVCP(), vcp code = 16
2025/10/10 05:14:00.830 [T:0x4ff69] [DisplayControl] Exit MCCSOtherSet::GetVCP()
2025/10/10 05:14:00.830 [T:0x4ff69] [DisplayControl] Enter MCCSOtherSet::GetVCP(), vcp code = 16
2025/10/10 05:14:00.973 [T:0x4ff69] [DisplayControl] Exit MCCSOtherSet::GetVCP()
2025/10/10 05:14:00.973 [T:0x4ff69] [DisplayControl] Enter MCCSOtherSet::GetVCP(), vcp code = 16
2025/10/10 05:14:01.114 [T:0x4ff69] [DisplayControl] Exit MCCSOtherSet::GetVCP()
2025/10/10 05:14:01.115 [T:0x4ff69] [DisplayControl] Enter MCCSOtherSet::GetVCP(), vcp code = 16
2025/10/10 05:14:01.255 [T:0x4ff69] [DisplayControl] Exit MCCSOtherSet::GetVCP()
2025/10/10 05:14:01.256 [T:0x4ff69] [DisplayControl] Enter MCCSOtherSet::GetVCP(), vcp code = 16
2025/10/10 05:14:01.395 [T:0x4ff69] [DisplayControl] Exit MCCSOtherSet::GetVCP()
2025/10/10 05:14:01.500 [T:0x4ff69] [DisplayControl] Enter MCCSOtherSet::GetVCP(), vcp code = 51
2025/10/10 05:14:01.582 [T:0x4ff69] [DisplayControl] Exit MCCSOtherSet::GetVCP()
2025/10/10 05:14:01.691 [T:0x4ff69] [DisplayControl] Enter MCCSOtherSet::GetVCP(), vcp code = 141
2025/10/10 05:14:01.773 [T:0x4ff69] [DisplayControl] Exit MCCSOtherSet::GetVCP()
2025/10/10 05:14:05.854 [T:0x4ff69] [DisplayControl] Enter MCCSOtherSet::SetVCP(), vcp code = 4
2025/10/10 05:14:06.801 [T:0x4ff69] [DisplayControl] Exit MCCSOtherSet::SetVCP()
2025/10/10 05:14:11.926 [T:0x4ff69] [DisplayControl] Enter OperationThread::ExitThread
2025/10/10 05:14:11.926 [T:0x4ff69] [DisplayControl] Exit OperationThread::ExitThread
2025/10/10 05:14:11.926 [T:0x4ff69] [DisplayControl] Enter OperationThread::~OperationThread()
2025/10/10 05:14:11.926 [T:0x4ff69] [DisplayControl] Enter OperationThread::ExitThread
2025/10/10 05:14:11.926 [T:0x4ff69] [DisplayControl] Enter OperationThread::ExitThread
2025/10/10 05:14:11.926 [T:0x4ff69] [DisplayControl] Exit OperationThread::ExitThread
2025/10/10 05:14:11.926 [T:0x4ff69] [DisplayControl] Enter OperationThread::~OperationThread()
2025/10/10 05:14:11.926 [T:0x4ff69] [DisplayControl] Enter OperationThread::ExitThread
2025/10/10 05:14:11.958 [T:0x4ff69] [DbgStr] After calling display_control_client_listener_video_port_.UpdateAllDisplayPath()
2025/10/10 05:14:11.978 [T:0x4ff69] [DbgStr] After calling display_control_client_listener_.GetAllDisplayEDID()
2025/10/10 05:14:11.980 [T:0x4ff69] [DisplayControl] Version = 3.0.6.0
2025/10/10 05:14:11.981 [T:0x4ff69] [DisplayControl] Enter ObtainControlHandler1
2025/10/10 05:14:11.981 [T:0x4ff69] [DisplayControl] GetVideoPortCommander
2025/10/10 05:14:11.981 [T:0x4ff69] [DisplayControl] GetUSBHubCommander
2025/10/10 05:14:11.981 [T:0x4ff69] ====== List p_lpo_display_info_video_port, # of devices is ======2
2025/10/10 05:14:11.981 [T:0x4ff69] [DisplayControl] index of p_lpo_display_info_video_port0
2025/10/10 05:14:11.981 [T:0x4ff69] [DisplayControl] Model name from VideoPort = VG2458
2025/10/10 05:14:11.981 [T:0x4ff69] [DisplayControl] SN from VideoPort = YDJ243400006
2025/10/10 05:14:11.981 [T:0x4ff69] [DisplayControl] index of p_lpo_display_info_video_port1
2025/10/10 05:14:11.981 [T:0x4ff69] [DisplayControl] Model name from VideoPort = VG275
2025/10/10 05:14:11.981 [T:0x4ff69] [DisplayControl] SN from VideoPort = XF6232400003
2025/10/10 05:14:11.981 [T:0x4ff69] ====== List p_lpo_display_info_rtd_scalar_rts_hub, # of devices is ======0
2025/10/10 05:14:11.981 [T:0x4ff69] [DisplayControl] GetVSRtkHubControlClientListener
2025/10/10 05:14:11.981 [T:0x4ff69] [DisplayControl] max monitor count = 2
2025/10/10 05:14:11.981 [T:0x4ff69] [DisplayControl] index of display_info_vec = 0
2025/10/10 05:14:11.981 [T:0x4ff69] [DisplayControl] index of p_lpo_display_info_video_port = 0
2025/10/10 05:14:11.981 [T:0x4ff69] [DisplayControl] VideoPortMatchingRule
2025/10/10 05:14:11.981 [T:0x4ff69] [DisplayControl] monitor display_info_model_name = VG2458
2025/10/10 05:14:11.981 [T:0x4ff69] [DisplayControl] monitor video_port_model_name = VG2458
2025/10/10 05:14:11.981 [T:0x4ff69] [DisplayControl] monitor display_info_sn = YDJ243400006
2025/10/10 05:14:11.981 [T:0x4ff69] [DisplayControl] monitor video_port_sn = YDJ243400006
2025/10/10 05:14:11.981 [T:0x4ff69] [DisplayControl] model_name_match = 1
2025/10/10 05:14:11.981 [T:0x4ff69] [DisplayControl] sn_match = 1
2025/10/10 05:14:11.981 [T:0x4ff69] [DisplayControl] video_port is_match = 1
2025/10/10 05:14:11.981 [T:0x4ff69] [DisplayControl] index of display_info_vec = 1
2025/10/10 05:14:11.981 [T:0x4ff69] [DisplayControl] index of p_lpo_display_info_video_port = 0
2025/10/10 05:14:11.981 [T:0x4ff69] [DisplayControl] VideoPortMatchingRule
2025/10/10 05:14:11.981 [T:0x4ff69] [DisplayControl] monitor display_info_model_name = VG275
2025/10/10 05:14:11.982 [T:0x4ff69] [DisplayControl] monitor video_port_model_name = VG2458
2025/10/10 05:14:11.982 [T:0x4ff69] [DisplayControl] monitor display_info_sn = XF6232400003
2025/10/10 05:14:11.982 [T:0x4ff69] [DisplayControl] monitor video_port_sn = YDJ243400006
2025/10/10 05:14:11.982 [T:0x4ff69] [DisplayControl] model_name_match = 0
2025/10/10 05:14:11.982 [T:0x4ff69] [DisplayControl] sn_match = 0
2025/10/10 05:14:11.982 [T:0x4ff69] [DisplayControl] video_port is_match = 0
2025/10/10 05:14:11.982 [T:0x4ff69] [DisplayControl] index of display_info_vec = 1
2025/10/10 05:14:11.982 [T:0x4ff69] [DisplayControl] index of p_lpo_display_info_video_port = 1
2025/10/10 05:14:11.982 [T:0x4ff69] [DisplayControl] VideoPortMatchingRule
2025/10/10 05:14:11.982 [T:0x4ff69] [DisplayControl] monitor display_info_model_name = VG275
2025/10/10 05:14:11.982 [T:0x4ff69] [DisplayControl] monitor video_port_model_name = VG275
2025/10/10 05:14:11.982 [T:0x4ff69] [DisplayControl] monitor display_info_sn = XF6232400003
2025/10/10 05:14:11.982 [T:0x4ff69] [DisplayControl] monitor video_port_sn = XF6232400003
2025/10/10 05:14:11.982 [T:0x4ff69] [DisplayControl] model_name_match = 1
2025/10/10 05:14:11.982 [T:0x4ff69] [DisplayControl] sn_match = 1
2025/10/10 05:14:11.982 [T:0x4ff69] [DisplayControl] video_port is_match = 1
2025/10/10 05:14:11.982 [T:0x4ff69] [DisplayControl] i = 0
2025/10/10 05:14:11.982 [T:0x4ff69] [DisplayControl] Enter OperationThread::OperationThread()
2025/10/10 05:14:11.982 [T:0x4ff69] [DisplayControl] Enter OperationThread::CreateThread
2025/10/10 05:14:11.982 [T:0x4ff69] [DisplayControl] new DisplayFunctioner
2025/10/10 05:14:11.982 [T:0x4ff69] [DisplayControl] insert displayer_vector
2025/10/10 05:14:11.982 [T:0x4ff69] [DisplayControl] insert modelName_SN_to_Display_map
2025/10/10 05:14:11.982 [T:0x4ff69] [DisplayControl] insert device_id_to_Displayer_map_
2025/10/10 05:14:11.982 [T:0x4ff69] [DisplayControl] i = 1
2025/10/10 05:14:11.982 [T:0x4ff69] [DisplayControl] Enter OperationThread::OperationThread()
2025/10/10 05:14:11.982 [T:0x4ff69] [DisplayControl] Enter OperationThread::CreateThread
2025/10/10 05:14:11.983 [T:0x4ff69] [DisplayControl] new DisplayFunctioner
2025/10/10 05:14:11.983 [T:0x4ff69] [DisplayControl] insert displayer_vector
2025/10/10 05:14:11.983 [T:0x4ff69] [DisplayControl] insert modelName_SN_to_Display_map
2025/10/10 05:14:11.983 [T:0x4ff69] [DisplayControl] insert device_id_to_Displayer_map_
2025/10/10 05:14:11.983 [T:0x4ff69] [DisplayControl] monitor size = 2
2025/10/10 05:14:11.983 [T:0x4ff69] [DisplayControl] Exit ObtainControlHandler
2025/10/10 05:14:11.983 [T:0x4ff69] [DisplayControl] Enter MCCSOtherSet::GetVCP(), vcp code = 16
2025/10/10 05:14:12.068 [T:0x4ff69] [DisplayControl] Exit MCCSOtherSet::GetVCP()
2025/10/10 05:14:12.068 [T:0x4ff69] [DisplayControl] Enter MCCSOtherSet::GetVCP(), vcp code = 96
2025/10/10 05:14:12.210 [T:0x4ff69] [DisplayControl] Exit MCCSOtherSet::GetVCP()
2025/10/10 05:14:12.319 [T:0x4ff69] [DisplayControl] Enter MCCSOtherSet::GetVCP(), vcp code = 18
2025/10/10 05:14:12.401 [T:0x4ff69] [DisplayControl] Exit MCCSOtherSet::GetVCP()
2025/10/10 05:14:12.510 [T:0x4ff69] [DisplayControl] Enter MCCSOtherSet::GetVCP(), vcp code = 20
2025/10/10 05:14:12.592 [T:0x4ff69] [DisplayControl] Exit MCCSOtherSet::GetVCP()
2025/10/10 05:14:12.701 [T:0x4ff69] [DisplayControl] Enter MCCSOtherSet::GetVCP(), vcp code = 220
2025/10/10 05:14:12.783 [T:0x4ff69] [DisplayControl] Exit MCCSOtherSet::GetVCP()
2025/10/10 05:14:12.892 [T:0x4ff69] [DisplayControl] Enter MCCSOtherSet::GetVCP(), vcp code = 225
2025/10/10 05:14:12.974 [T:0x4ff69] [DisplayControl] Exit MCCSOtherSet::GetVCP()
2025/10/10 05:14:13.083 [T:0x4ff69] [DisplayControl] Enter MCCSOtherSet::GetVCP(), vcp code = 245
2025/10/10 05:14:13.166 [T:0x4ff69] [DisplayControl] Exit MCCSOtherSet::GetVCP()
2025/10/10 05:14:13.273 [T:0x4ff69] [DisplayControl] Enter MCCSOtherSet::GetVCP(), vcp code = 4
2025/10/10 05:14:13.356 [T:0x4ff69] [DisplayControl] Exit MCCSOtherSet::GetVCP()
2025/10/10 05:14:13.463 [T:0x4ff69] [DisplayControl] Enter MCCSOtherSet::GetVCP(), vcp code = 97
2025/10/10 05:14:13.546 [T:0x4ff69] [DisplayControl] Exit MCCSOtherSet::GetVCP()
2025/10/10 05:14:13.654 [T:0x4ff69] [DisplayControl] Enter MCCSOtherSet::GetVCP(), vcp code = 98
2025/10/10 05:14:13.735 [T:0x4ff69] [DisplayControl] Exit MCCSOtherSet::GetVCP()
2025/10/10 05:14:13.843 [T:0x4ff69] [DisplayControl] Enter MCCSOtherSet::GetVCP(), vcp code = 135
2025/10/10 05:14:13.924 [T:0x4ff69] [DisplayControl] Exit MCCSOtherSet::GetVCP()
2025/10/10 05:14:14.030 [T:0x4ff69] [DisplayControl] Enter MCCSOtherSet::GetVCP(), vcp code = 43
2025/10/10 05:14:14.111 [T:0x4ff69] [DisplayControl] Exit MCCSOtherSet::GetVCP()
2025/10/10 05:14:14.219 [T:0x4ff69] [DisplayControl] Enter MCCSOtherSet::GetVCP(), vcp code = 16
2025/10/10 05:14:14.300 [T:0x4ff69] [DisplayControl] Exit MCCSOtherSet::GetVCP()
2025/10/10 05:14:14.307 [T:0x4a5b4] [DisplayControl] Enter MCCSOtherSet::GetVCP(), vcp code = 96
2025/10/10 05:14:14.401 [T:0x4ff69] [DisplayControl] Enter MCCSOtherSet::GetVCP(), vcp code = 51
2025/10/10 05:14:14.479 [T:0x4a5b4] [DisplayControl] Exit MCCSOtherSet::GetVCP()
2025/10/10 05:14:14.667 [T:0x4ff69] [DisplayControl] Exit MCCSOtherSet::GetVCP()
2025/10/10 05:14:14.769 [T:0x4ff69] [DisplayControl] Enter MCCSOtherSet::GetVCP(), vcp code = 141
2025/10/10 05:14:14.999 [T:0x4ff69] [DisplayControl] Exit MCCSOtherSet::GetVCP()
2025/10/10 05:14:15.114 [T:0x4ff69] [DisplayControl] Enter MCCSOtherSet::GetVCP(), vcp code = 96
2025/10/10 05:14:15.200 [T:0x4ff69] [DisplayControl] Exit MCCSOtherSet::GetVCP()
2025/10/10 05:14:15.304 [T:0x4ff69] [DisplayControl] Enter MCCSOtherSet::GetVCP(), vcp code = 226
2025/10/10 05:14:15.390 [T:0x4ff69] [DisplayControl] Exit MCCSOtherSet::GetVCP()
2025/10/10 05:14:15.491 [T:0x4ff69] [DisplayControl] Enter MCCSOtherSet::GetVCP(), vcp code = 18
2025/10/10 05:14:15.575 [T:0x4ff69] [DisplayControl] Exit MCCSOtherSet::GetVCP()
2025/10/10 05:14:15.677 [T:0x4ff69] [DisplayControl] Enter MCCSOtherSet::GetVCP(), vcp code = 220
2025/10/10 05:14:15.762 [T:0x4ff69] [DisplayControl] Exit MCCSOtherSet::GetVCP()
2025/10/10 05:14:15.868 [T:0x4ff69] [DisplayControl] Enter MCCSOtherSet::GetVCP(), vcp code = 225
2025/10/10 05:14:15.954 [T:0x4ff69] [DisplayControl] Exit MCCSOtherSet::GetVCP()
2025/10/10 05:14:16.058 [T:0x4ff69] [DisplayControl] Enter MCCSOtherSet::GetVCP(), vcp code = 236
2025/10/10 05:14:16.146 [T:0x4ff69] [DisplayControl] Exit MCCSOtherSet::GetVCP()
2025/10/10 05:14:16.248 [T:0x4ff69] [DisplayControl] Enter MCCSOtherSet::GetVCP(), vcp code = 4
2025/10/10 05:14:16.334 [T:0x4ff69] [DisplayControl] Exit MCCSOtherSet::GetVCP()
2025/10/10 05:14:16.439 [T:0x4ff69] [DisplayControl] Enter MCCSOtherSet::GetVCP(), vcp code = 97
2025/10/10 05:14:16.524 [T:0x4ff69] [DisplayControl] Exit MCCSOtherSet::GetVCP()
2025/10/10 05:14:16.627 [T:0x4ff69] [DisplayControl] Enter MCCSOtherSet::GetVCP(), vcp code = 98
2025/10/10 05:14:16.710 [T:0x4ff69] [DisplayControl] Exit MCCSOtherSet::GetVCP()
2025/10/10 05:14:16.811 [T:0x4ff69] [DisplayControl] Enter MCCSOtherSet::GetVCP(), vcp code = 135
2025/10/10 05:14:16.896 [T:0x4ff69] [DisplayControl] Exit MCCSOtherSet::GetVCP()
2025/10/10 05:14:17.000 [T:0x4ff69] [DisplayControl] Enter MCCSOtherSet::GetVCP(), vcp code = 43
2025/10/10 05:14:17.086 [T:0x4ff69] [DisplayControl] Exit MCCSOtherSet::GetVCP()
2025/10/10 05:14:17.189 [T:0x4ff69] [DisplayControl] Enter MCCSOtherSet::GetVCP(), vcp code = 16
2025/10/10 05:14:17.273 [T:0x4ff69] [DisplayControl] Exit MCCSOtherSet::GetVCP()
2025/10/10 05:14:17.376 [T:0x4ff69] [DisplayControl] Enter MCCSOtherSet::GetVCP(), vcp code = 51
2025/10/10 05:14:17.460 [T:0x4ff69] [DisplayControl] Exit MCCSOtherSet::GetVCP()
2025/10/10 05:14:17.564 [T:0x4ff69] [DisplayControl] Enter MCCSOtherSet::GetVCP(), vcp code = 141
2025/10/10 05:14:17.648 [T:0x4ff69] [DisplayControl] Exit MCCSOtherSet::GetVCP()
2025/10/10 05:17:08.836 [T:0x27546] [DisplayControl] Enter MCCSOtherSet::SetVCP(), vcp code = 51
2025/10/10 05:17:09.190 [T:0x27546] [DisplayControl] Exit MCCSOtherSet::SetVCP()
2025/10/10 05:18:43.637 [T:0xf5f63] [DisplayControl] Enter MCCSOtherSet::SetVCP(), vcp code = 96
2025/10/10 05:18:44.471 [T:0xf5f63] [DisplayControl] Exit MCCSOtherSet::SetVCP()
2025/10/10 05:18:52.171 [T:0xf5f63] [DisplayControl] Enter OperationThread::ExitThread
2025/10/10 05:18:52.172 [T:0xf5f63] [DisplayControl] Exit OperationThread::ExitThread
2025/10/10 05:18:52.172 [T:0xf5f63] [DisplayControl] Enter OperationThread::~OperationThread()
2025/10/10 05:18:52.172 [T:0xf5f63] [DisplayControl] Enter OperationThread::ExitThread
2025/10/10 05:18:52.172 [T:0xf5f63] [DisplayControl] Enter OperationThread::ExitThread
2025/10/10 05:18:52.173 [T:0xf5f63] [DisplayControl] Exit OperationThread::ExitThread
2025/10/10 05:18:52.173 [T:0xf5f63] [DisplayControl] Enter OperationThread::~OperationThread()
2025/10/10 05:18:52.174 [T:0xf5f63] [DisplayControl] Enter OperationThread::ExitThread
2025/10/10 05:18:52.235 [T:0xf5f63] [DbgStr] After calling display_control_client_listener_video_port_.UpdateAllDisplayPath()
2025/10/10 05:18:52.255 [T:0xf5f63] [DbgStr] After calling display_control_client_listener_.GetAllDisplayEDID()
2025/10/10 05:18:52.257 [T:0xf5f63] [DisplayControl] Version = 3.0.6.0
2025/10/10 05:18:52.257 [T:0xf5f63] [DisplayControl] Enter ObtainControlHandler1
2025/10/10 05:18:52.257 [T:0xf5f63] [DisplayControl] GetVideoPortCommander
2025/10/10 05:18:52.257 [T:0xf5f63] [DisplayControl] GetUSBHubCommander
2025/10/10 05:18:52.257 [T:0xf5f63] ====== List p_lpo_display_info_video_port, # of devices is ======2
2025/10/10 05:18:52.257 [T:0xf5f63] [DisplayControl] index of p_lpo_display_info_video_port0
2025/10/10 05:18:52.257 [T:0xf5f63] [DisplayControl] Model name from VideoPort = VG2458
2025/10/10 05:18:52.257 [T:0xf5f63] [DisplayControl] SN from VideoPort = YDJ243400006
2025/10/10 05:18:52.257 [T:0xf5f63] [DisplayControl] index of p_lpo_display_info_video_port1
2025/10/10 05:18:52.257 [T:0xf5f63] [DisplayControl] Model name from VideoPort = VG275
2025/10/10 05:18:52.257 [T:0xf5f63] [DisplayControl] SN from VideoPort = XF6232400003
2025/10/10 05:18:52.257 [T:0xf5f63] ====== List p_lpo_display_info_rtd_scalar_rts_hub, # of devices is ======0
2025/10/10 05:18:52.257 [T:0xf5f63] [DisplayControl] GetVSRtkHubControlClientListener
2025/10/10 05:18:52.257 [T:0xf5f63] [DisplayControl] max monitor count = 2
2025/10/10 05:18:52.257 [T:0xf5f63] [DisplayControl] index of display_info_vec = 0
2025/10/10 05:18:52.257 [T:0xf5f63] [DisplayControl] index of p_lpo_display_info_video_port = 0
2025/10/10 05:18:52.258 [T:0xf5f63] [DisplayControl] VideoPortMatchingRule
2025/10/10 05:18:52.258 [T:0xf5f63] [DisplayControl] monitor display_info_model_name = VG2458
2025/10/10 05:18:52.258 [T:0xf5f63] [DisplayControl] monitor video_port_model_name = VG2458
2025/10/10 05:18:52.258 [T:0xf5f63] [DisplayControl] monitor display_info_sn = YDJ243400006
2025/10/10 05:18:52.258 [T:0xf5f63] [DisplayControl] monitor video_port_sn = YDJ243400006
2025/10/10 05:18:52.258 [T:0xf5f63] [DisplayControl] model_name_match = 1
2025/10/10 05:18:52.258 [T:0xf5f63] [DisplayControl] sn_match = 1
2025/10/10 05:18:52.258 [T:0xf5f63] [DisplayControl] video_port is_match = 1
2025/10/10 05:18:52.258 [T:0xf5f63] [DisplayControl] index of display_info_vec = 1
2025/10/10 05:18:52.258 [T:0xf5f63] [DisplayControl] index of p_lpo_display_info_video_port = 0
2025/10/10 05:18:52.258 [T:0xf5f63] [DisplayControl] VideoPortMatchingRule
2025/10/10 05:18:52.258 [T:0xf5f63] [DisplayControl] monitor display_info_model_name = VG275
2025/10/10 05:18:52.258 [T:0xf5f63] [DisplayControl] monitor video_port_model_name = VG2458
2025/10/10 05:18:52.258 [T:0xf5f63] [DisplayControl] monitor display_info_sn = XF6232400003
2025/10/10 05:18:52.258 [T:0xf5f63] [DisplayControl] monitor video_port_sn = YDJ243400006
2025/10/10 05:18:52.258 [T:0xf5f63] [DisplayControl] model_name_match = 0
2025/10/10 05:18:52.258 [T:0xf5f63] [DisplayControl] sn_match = 0
2025/10/10 05:18:52.258 [T:0xf5f63] [DisplayControl] video_port is_match = 0
2025/10/10 05:18:52.258 [T:0xf5f63] [DisplayControl] index of display_info_vec = 1
2025/10/10 05:18:52.258 [T:0xf5f63] [DisplayControl] index of p_lpo_display_info_video_port = 1
2025/10/10 05:18:52.258 [T:0xf5f63] [DisplayControl] VideoPortMatchingRule
2025/10/10 05:18:52.258 [T:0xf5f63] [DisplayControl] monitor display_info_model_name = VG275
2025/10/10 05:18:52.258 [T:0xf5f63] [DisplayControl] monitor video_port_model_name = VG275
2025/10/10 05:18:52.258 [T:0xf5f63] [DisplayControl] monitor display_info_sn = XF6232400003
2025/10/10 05:18:52.258 [T:0xf5f63] [DisplayControl] monitor video_port_sn = XF6232400003
2025/10/10 05:18:52.258 [T:0xf5f63] [DisplayControl] model_name_match = 1
2025/10/10 05:18:52.258 [T:0xf5f63] [DisplayControl] sn_match = 1
2025/10/10 05:18:52.258 [T:0xf5f63] [DisplayControl] video_port is_match = 1
2025/10/10 05:18:52.259 [T:0xf5f63] [DisplayControl] i = 0
2025/10/10 05:18:52.259 [T:0xf5f63] [DisplayControl] Enter OperationThread::OperationThread()
2025/10/10 05:18:52.259 [T:0xf5f63] [DisplayControl] Enter OperationThread::CreateThread
2025/10/10 05:18:52.259 [T:0xf5f63] [DisplayControl] new DisplayFunctioner
2025/10/10 05:18:52.259 [T:0xf5f63] [DisplayControl] insert displayer_vector
2025/10/10 05:18:52.259 [T:0xf5f63] [DisplayControl] insert modelName_SN_to_Display_map
2025/10/10 05:18:52.259 [T:0xf5f63] [DisplayControl] insert device_id_to_Displayer_map_
2025/10/10 05:18:52.259 [T:0xf5f63] [DisplayControl] i = 1
2025/10/10 05:18:52.259 [T:0xf5f63] [DisplayControl] Enter OperationThread::OperationThread()
2025/10/10 05:18:52.259 [T:0xf5f63] [DisplayControl] Enter OperationThread::CreateThread
2025/10/10 05:18:52.259 [T:0xf5f63] [DisplayControl] new DisplayFunctioner
2025/10/10 05:18:52.259 [T:0xf5f63] [DisplayControl] insert displayer_vector
2025/10/10 05:18:52.259 [T:0xf5f63] [DisplayControl] insert modelName_SN_to_Display_map
2025/10/10 05:18:52.259 [T:0xf5f63] [DisplayControl] insert device_id_to_Displayer_map_
2025/10/10 05:18:52.259 [T:0xf5f63] [DisplayControl] monitor size = 2
2025/10/10 05:18:52.259 [T:0xf5f63] [DisplayControl] Exit ObtainControlHandler
2025/10/10 05:18:52.259 [T:0xf5f63] [DisplayControl] Enter MCCSOtherSet::GetVCP(), vcp code = 16
2025/10/10 05:18:52.344 [T:0xf5f63] [DisplayControl] Exit MCCSOtherSet::GetVCP()
2025/10/10 05:18:52.344 [T:0xf5f63] [DisplayControl] Enter MCCSOtherSet::GetVCP(), vcp code = 16
2025/10/10 05:18:52.426 [T:0xf5f63] [DisplayControl] Exit MCCSOtherSet::GetVCP()
2025/10/10 05:18:52.585 [T:0xf5f63] [DisplayControl] Enter MCCSOtherSet::SetVCP(), vcp code = 51
2025/10/10 05:18:52.894 [T:0xf5f63] [DisplayControl] Exit MCCSOtherSet::SetVCP()
2025/10/10 05:18:52.895 [T:0xf5f63] [DisplayControl] Enter MCCSOtherSet::SetVCP(), vcp code = 51
2025/10/10 05:18:53.058 [T:0xf5f63] [DisplayControl] Exit MCCSOtherSet::SetVCP()
2025/10/10 05:18:53.059 [T:0xf5f63] [DisplayControl] Enter MCCSOtherSet::GetVCP(), vcp code = 96
2025/10/10 05:18:53.134 [T:0xf5f63] [DisplayControl] Exit MCCSOtherSet::GetVCP()
2025/10/10 05:18:53.242 [T:0xf5f63] [DisplayControl] Enter MCCSOtherSet::GetVCP(), vcp code = 18
2025/10/10 05:18:53.323 [T:0xf5f63] [DisplayControl] Exit MCCSOtherSet::GetVCP()
2025/10/10 05:18:53.432 [T:0xf5f63] [DisplayControl] Enter MCCSOtherSet::GetVCP(), vcp code = 20
2025/10/10 05:18:53.513 [T:0xf5f63] [DisplayControl] Exit MCCSOtherSet::GetVCP()
2025/10/10 05:18:53.621 [T:0xf5f63] [DisplayControl] Enter MCCSOtherSet::GetVCP(), vcp code = 220
2025/10/10 05:18:53.702 [T:0xf5f63] [DisplayControl] Exit MCCSOtherSet::GetVCP()
2025/10/10 05:18:53.810 [T:0xf5f63] [DisplayControl] Enter MCCSOtherSet::GetVCP(), vcp code = 225
2025/10/10 05:18:53.891 [T:0xf5f63] [DisplayControl] Exit MCCSOtherSet::GetVCP()
2025/10/10 05:18:53.998 [T:0xf5f63] [DisplayControl] Enter MCCSOtherSet::GetVCP(), vcp code = 245
2025/10/10 05:18:54.079 [T:0xf5f63] [DisplayControl] Exit MCCSOtherSet::GetVCP()
2025/10/10 05:18:54.187 [T:0xf5f63] [DisplayControl] Enter MCCSOtherSet::GetVCP(), vcp code = 4
2025/10/10 05:18:54.269 [T:0xf5f63] [DisplayControl] Exit MCCSOtherSet::GetVCP()
2025/10/10 05:18:54.378 [T:0xf5f63] [DisplayControl] Enter MCCSOtherSet::GetVCP(), vcp code = 97
2025/10/10 05:18:54.460 [T:0xf5f63] [DisplayControl] Exit MCCSOtherSet::GetVCP()
2025/10/10 05:18:54.568 [T:0xf5f63] [DisplayControl] Enter MCCSOtherSet::GetVCP(), vcp code = 98
2025/10/10 05:18:54.650 [T:0xf5f63] [DisplayControl] Exit MCCSOtherSet::GetVCP()
2025/10/10 05:18:54.754 [T:0xf5f63] [DisplayControl] Enter MCCSOtherSet::GetVCP(), vcp code = 135
2025/10/10 05:18:54.835 [T:0xf5f63] [DisplayControl] Exit MCCSOtherSet::GetVCP()
2025/10/10 05:18:54.941 [T:0xf5f63] [DisplayControl] Enter MCCSOtherSet::GetVCP(), vcp code = 43
2025/10/10 05:18:55.023 [T:0xf5f63] [DisplayControl] Exit MCCSOtherSet::GetVCP()
2025/10/10 05:18:55.131 [T:0xf5f63] [DisplayControl] Enter MCCSOtherSet::GetVCP(), vcp code = 16
2025/10/10 05:18:55.213 [T:0xf5f63] [DisplayControl] Exit MCCSOtherSet::GetVCP()
2025/10/10 05:18:55.320 [T:0xf5f63] [DisplayControl] Enter MCCSOtherSet::GetVCP(), vcp code = 51
2025/10/10 05:18:55.401 [T:0xf5f63] [DisplayControl] Exit MCCSOtherSet::GetVCP()
2025/10/10 05:18:55.507 [T:0xf5f63] [DisplayControl] Enter MCCSOtherSet::GetVCP(), vcp code = 141
2025/10/10 05:18:55.587 [T:0xf5f63] [DisplayControl] Exit MCCSOtherSet::GetVCP()
2025/10/10 05:18:55.695 [T:0xf5f63] [DisplayControl] Enter MCCSOtherSet::GetVCP(), vcp code = 96
2025/10/10 05:18:55.779 [T:0xf5f63] [DisplayControl] Exit MCCSOtherSet::GetVCP()
2025/10/10 05:18:55.883 [T:0xf5f63] [DisplayControl] Enter MCCSOtherSet::GetVCP(), vcp code = 226
2025/10/10 05:18:55.970 [T:0xf5f63] [DisplayControl] Exit MCCSOtherSet::GetVCP()
2025/10/10 05:18:56.074 [T:0xf5f63] [DisplayControl] Enter MCCSOtherSet::GetVCP(), vcp code = 18
2025/10/10 05:18:56.161 [T:0xf5f63] [DisplayControl] Exit MCCSOtherSet::GetVCP()
2025/10/10 05:18:56.264 [T:0xf5f63] [DisplayControl] Enter MCCSOtherSet::GetVCP(), vcp code = 220
2025/10/10 05:18:56.349 [T:0xf5f63] [DisplayControl] Exit MCCSOtherSet::GetVCP()
2025/10/10 05:18:56.451 [T:0xf5f63] [DisplayControl] Enter MCCSOtherSet::GetVCP(), vcp code = 225
2025/10/10 05:18:56.537 [T:0xf5f63] [DisplayControl] Exit MCCSOtherSet::GetVCP()
2025/10/10 05:18:56.639 [T:0xf5f63] [DisplayControl] Enter MCCSOtherSet::GetVCP(), vcp code = 236
2025/10/10 05:18:56.724 [T:0xf5f63] [DisplayControl] Exit MCCSOtherSet::GetVCP()
2025/10/10 05:18:56.828 [T:0xf5f63] [DisplayControl] Enter MCCSOtherSet::GetVCP(), vcp code = 4
2025/10/10 05:18:56.913 [T:0xf5f63] [DisplayControl] Exit MCCSOtherSet::GetVCP()
2025/10/10 05:18:57.017 [T:0xf5f63] [DisplayControl] Enter MCCSOtherSet::GetVCP(), vcp code = 97
2025/10/10 05:18:57.103 [T:0xf5f63] [DisplayControl] Exit MCCSOtherSet::GetVCP()
2025/10/10 05:18:57.206 [T:0xf5f63] [DisplayControl] Enter MCCSOtherSet::GetVCP(), vcp code = 98
2025/10/10 05:18:57.291 [T:0xf5f63] [DisplayControl] Exit MCCSOtherSet::GetVCP()
2025/10/10 05:18:57.392 [T:0xf5f63] [DisplayControl] Enter MCCSOtherSet::GetVCP(), vcp code = 135
2025/10/10 05:18:57.476 [T:0xf5f63] [DisplayControl] Exit MCCSOtherSet::GetVCP()
2025/10/10 05:18:57.580 [T:0xf5f63] [DisplayControl] Enter MCCSOtherSet::GetVCP(), vcp code = 43
2025/10/10 05:18:57.666 [T:0xf5f63] [DisplayControl] Exit MCCSOtherSet::GetVCP()
2025/10/10 05:18:57.770 [T:0xf5f63] [DisplayControl] Enter MCCSOtherSet::GetVCP(), vcp code = 16
2025/10/10 05:18:57.856 [T:0xf5f63] [DisplayControl] Exit MCCSOtherSet::GetVCP()
2025/10/10 05:18:57.959 [T:0xf5f63] [DisplayControl] Enter MCCSOtherSet::GetVCP(), vcp code = 51
2025/10/10 05:18:58.045 [T:0xf5f63] [DisplayControl] Exit MCCSOtherSet::GetVCP()
2025/10/10 05:18:58.146 [T:0xf5f63] [DisplayControl] Enter MCCSOtherSet::GetVCP(), vcp code = 141
2025/10/10 05:18:58.230 [T:0xf5f63] [DisplayControl] Exit MCCSOtherSet::GetVCP()
2025/10/10 05:18:58.342 [T:0xf5f63] [DisplayControl] Enter MCCSOtherSet::SetVCP(), vcp code = 51
2025/10/10 05:18:58.510 [T:0xf5f63] [DisplayControl] Exit MCCSOtherSet::SetVCP()
2025/10/10 05:18:58.519 [T:0x4a5b4] [DisplayControl] Enter MCCSOtherSet::GetVCP(), vcp code = 96
2025/10/10 05:18:58.690 [T:0x4a5b4] [DisplayControl] Exit MCCSOtherSet::GetVCP()
2025/10/10 05:20:31.722 [T:0x3c3bd] [DisplayControl] Enter MCCSOtherSet::SetVCP(), vcp code = 51
2025/10/10 05:20:32.085 [T:0x3c3bd] [DisplayControl] Exit MCCSOtherSet::SetVCP()
2025/10/10 05:20:47.760 [T:0x3c3bd] [DisplayControl] Enter MCCSOtherSet::SetVCP(), vcp code = 96
2025/10/10 05:20:48.358 [T:0x3c3bd] [DisplayControl] Exit MCCSOtherSet::SetVCP()
2025/10/10 05:20:55.164 [T:0x3c3bd] [DisplayControl] Enter OperationThread::ExitThread
2025/10/10 05:20:55.165 [T:0x3c3bd] [DisplayControl] Exit OperationThread::ExitThread
2025/10/10 05:20:55.165 [T:0x3c3bd] [DisplayControl] Enter OperationThread::~OperationThread()
2025/10/10 05:20:55.166 [T:0x3c3bd] [DisplayControl] Enter OperationThread::ExitThread
2025/10/10 05:20:55.166 [T:0x3c3bd] [DisplayControl] Enter OperationThread::ExitThread
2025/10/10 05:20:55.167 [T:0x3c3bd] [DisplayControl] Exit OperationThread::ExitThread
2025/10/10 05:20:55.167 [T:0x3c3bd] [DisplayControl] Enter OperationThread::~OperationThread()
2025/10/10 05:20:55.167 [T:0x3c3bd] [DisplayControl] Enter OperationThread::ExitThread
2025/10/10 05:20:55.234 [T:0x3c3bd] [DbgStr] After calling display_control_client_listener_video_port_.UpdateAllDisplayPath()
2025/10/10 05:20:55.254 [T:0x3c3bd] [DbgStr] After calling display_control_client_listener_.GetAllDisplayEDID()
2025/10/10 05:20:55.255 [T:0x3c3bd] [DisplayControl] Version = 3.0.6.0
2025/10/10 05:20:55.255 [T:0x3c3bd] [DisplayControl] Enter ObtainControlHandler1
2025/10/10 05:20:55.256 [T:0x3c3bd] [DisplayControl] GetVideoPortCommander
2025/10/10 05:20:55.256 [T:0x3c3bd] [DisplayControl] GetUSBHubCommander
2025/10/10 05:20:55.256 [T:0x3c3bd] ====== List p_lpo_display_info_video_port, # of devices is ======2
2025/10/10 05:20:55.256 [T:0x3c3bd] [DisplayControl] index of p_lpo_display_info_video_port0
2025/10/10 05:20:55.256 [T:0x3c3bd] [DisplayControl] Model name from VideoPort = VG2458
2025/10/10 05:20:55.256 [T:0x3c3bd] [DisplayControl] SN from VideoPort = YDJ243400006
2025/10/10 05:20:55.256 [T:0x3c3bd] [DisplayControl] index of p_lpo_display_info_video_port1
2025/10/10 05:20:55.256 [T:0x3c3bd] [DisplayControl] Model name from VideoPort = VG275
2025/10/10 05:20:55.256 [T:0x3c3bd] [DisplayControl] SN from VideoPort = XF6232400003
2025/10/10 05:20:55.256 [T:0x3c3bd] ====== List p_lpo_display_info_rtd_scalar_rts_hub, # of devices is ======0
2025/10/10 05:20:55.256 [T:0x3c3bd] [DisplayControl] GetVSRtkHubControlClientListener
2025/10/10 05:20:55.256 [T:0x3c3bd] [DisplayControl] max monitor count = 2
2025/10/10 05:20:55.256 [T:0x3c3bd] [DisplayControl] index of display_info_vec = 0
2025/10/10 05:20:55.256 [T:0x3c3bd] [DisplayControl] index of p_lpo_display_info_video_port = 0
2025/10/10 05:20:55.256 [T:0x3c3bd] [DisplayControl] VideoPortMatchingRule
2025/10/10 05:20:55.256 [T:0x3c3bd] [DisplayControl] monitor display_info_model_name = VG2458
2025/10/10 05:20:55.256 [T:0x3c3bd] [DisplayControl] monitor video_port_model_name = VG2458
2025/10/10 05:20:55.256 [T:0x3c3bd] [DisplayControl] monitor display_info_sn = YDJ243400006
2025/10/10 05:20:55.256 [T:0x3c3bd] [DisplayControl] monitor video_port_sn = YDJ243400006
2025/10/10 05:20:55.256 [T:0x3c3bd] [DisplayControl] model_name_match = 1
2025/10/10 05:20:55.256 [T:0x3c3bd] [DisplayControl] sn_match = 1
2025/10/10 05:20:55.256 [T:0x3c3bd] [DisplayControl] video_port is_match = 1
2025/10/10 05:20:55.256 [T:0x3c3bd] [DisplayControl] index of display_info_vec = 1
2025/10/10 05:20:55.256 [T:0x3c3bd] [DisplayControl] index of p_lpo_display_info_video_port = 0
2025/10/10 05:20:55.256 [T:0x3c3bd] [DisplayControl] VideoPortMatchingRule
2025/10/10 05:20:55.256 [T:0x3c3bd] [DisplayControl] monitor display_info_model_name = VG275
2025/10/10 05:20:55.256 [T:0x3c3bd] [DisplayControl] monitor video_port_model_name = VG2458
2025/10/10 05:20:55.256 [T:0x3c3bd] [DisplayControl] monitor display_info_sn = XF6232400003
2025/10/10 05:20:55.257 [T:0x3c3bd] [DisplayControl] monitor video_port_sn = YDJ243400006
2025/10/10 05:20:55.257 [T:0x3c3bd] [DisplayControl] model_name_match = 0
2025/10/10 05:20:55.257 [T:0x3c3bd] [DisplayControl] sn_match = 0
2025/10/10 05:20:55.257 [T:0x3c3bd] [DisplayControl] video_port is_match = 0
2025/10/10 05:20:55.257 [T:0x3c3bd] [DisplayControl] index of display_info_vec = 1
2025/10/10 05:20:55.257 [T:0x3c3bd] [DisplayControl] index of p_lpo_display_info_video_port = 1
2025/10/10 05:20:55.257 [T:0x3c3bd] [DisplayControl] VideoPortMatchingRule
2025/10/10 05:20:55.257 [T:0x3c3bd] [DisplayControl] monitor display_info_model_name = VG275
2025/10/10 05:20:55.257 [T:0x3c3bd] [DisplayControl] monitor video_port_model_name = VG275
2025/10/10 05:20:55.257 [T:0x3c3bd] [DisplayControl] monitor display_info_sn = XF6232400003
2025/10/10 05:20:55.257 [T:0x3c3bd] [DisplayControl] monitor video_port_sn = XF6232400003
2025/10/10 05:20:55.257 [T:0x3c3bd] [DisplayControl] model_name_match = 1
2025/10/10 05:20:55.257 [T:0x3c3bd] [DisplayControl] sn_match = 1
2025/10/10 05:20:55.257 [T:0x3c3bd] [DisplayControl] video_port is_match = 1
2025/10/10 05:20:55.257 [T:0x3c3bd] [DisplayControl] i = 0
2025/10/10 05:20:55.257 [T:0x3c3bd] [DisplayControl] Enter OperationThread::OperationThread()
2025/10/10 05:20:55.257 [T:0x3c3bd] [DisplayControl] Enter OperationThread::CreateThread
2025/10/10 05:20:55.257 [T:0x3c3bd] [DisplayControl] new DisplayFunctioner
2025/10/10 05:20:55.257 [T:0x3c3bd] [DisplayControl] insert displayer_vector
2025/10/10 05:20:55.257 [T:0x3c3bd] [DisplayControl] insert modelName_SN_to_Display_map
2025/10/10 05:20:55.257 [T:0x3c3bd] [DisplayControl] insert device_id_to_Displayer_map_
2025/10/10 05:20:55.257 [T:0x3c3bd] [DisplayControl] i = 1
2025/10/10 05:20:55.257 [T:0x3c3bd] [DisplayControl] Enter OperationThread::OperationThread()
2025/10/10 05:20:55.257 [T:0x3c3bd] [DisplayControl] Enter OperationThread::CreateThread
2025/10/10 05:20:55.258 [T:0x3c3bd] [DisplayControl] new DisplayFunctioner
2025/10/10 05:20:55.258 [T:0x3c3bd] [DisplayControl] insert displayer_vector
2025/10/10 05:20:55.258 [T:0x3c3bd] [DisplayControl] insert modelName_SN_to_Display_map
2025/10/10 05:20:55.258 [T:0x3c3bd] [DisplayControl] insert device_id_to_Displayer_map_
2025/10/10 05:20:55.258 [T:0x3c3bd] [DisplayControl] monitor size = 2
2025/10/10 05:20:55.258 [T:0x3c3bd] [DisplayControl] Exit ObtainControlHandler
2025/10/10 05:20:55.258 [T:0x3c3bd] [DisplayControl] Enter MCCSOtherSet::GetVCP(), vcp code = 16
2025/10/10 05:20:55.335 [T:0x3c3bd] [DisplayControl] Exit MCCSOtherSet::GetVCP()
2025/10/10 05:20:55.335 [T:0x3c3bd] [DisplayControl] Enter MCCSOtherSet::GetVCP(), vcp code = 16
2025/10/10 05:20:55.415 [T:0x3c3bd] [DisplayControl] Exit MCCSOtherSet::GetVCP()
2025/10/10 05:20:55.572 [T:0x3c3bd] [DisplayControl] Enter MCCSOtherSet::SetVCP(), vcp code = 51
2025/10/10 05:20:55.885 [T:0x3c3bd] [DisplayControl] Exit MCCSOtherSet::SetVCP()
2025/10/10 05:20:55.886 [T:0x3c3bd] [DisplayControl] Enter MCCSOtherSet::SetVCP(), vcp code = 51
2025/10/10 05:20:56.046 [T:0x3c3bd] [DisplayControl] Exit MCCSOtherSet::SetVCP()
2025/10/10 05:20:56.047 [T:0x3c3bd] [DisplayControl] Enter MCCSOtherSet::GetVCP(), vcp code = 96
2025/10/10 05:20:56.134 [T:0x3c3bd] [DisplayControl] Exit MCCSOtherSet::GetVCP()
2025/10/10 05:20:56.239 [T:0x3c3bd] [DisplayControl] Enter MCCSOtherSet::GetVCP(), vcp code = 18
2025/10/10 05:20:56.320 [T:0x3c3bd] [DisplayControl] Exit MCCSOtherSet::GetVCP()
2025/10/10 05:20:56.428 [T:0x3c3bd] [DisplayControl] Enter MCCSOtherSet::GetVCP(), vcp code = 20
2025/10/10 05:20:56.508 [T:0x3c3bd] [DisplayControl] Exit MCCSOtherSet::GetVCP()
2025/10/10 05:20:56.617 [T:0x3c3bd] [DisplayControl] Enter MCCSOtherSet::GetVCP(), vcp code = 220
2025/10/10 05:20:56.698 [T:0x3c3bd] [DisplayControl] Exit MCCSOtherSet::GetVCP()
2025/10/10 05:20:56.803 [T:0x3c3bd] [DisplayControl] Enter MCCSOtherSet::GetVCP(), vcp code = 225
2025/10/10 05:20:56.883 [T:0x3c3bd] [DisplayControl] Exit MCCSOtherSet::GetVCP()
2025/10/10 05:20:56.989 [T:0x3c3bd] [DisplayControl] Enter MCCSOtherSet::GetVCP(), vcp code = 245
2025/10/10 05:20:57.070 [T:0x3c3bd] [DisplayControl] Exit MCCSOtherSet::GetVCP()
2025/10/10 05:20:57.179 [T:0x3c3bd] [DisplayControl] Enter MCCSOtherSet::GetVCP(), vcp code = 4
2025/10/10 05:20:57.260 [T:0x3c3bd] [DisplayControl] Exit MCCSOtherSet::GetVCP()
2025/10/10 05:20:57.364 [T:0x3c3bd] [DisplayControl] Enter MCCSOtherSet::GetVCP(), vcp code = 97
2025/10/10 05:20:57.445 [T:0x3c3bd] [DisplayControl] Exit MCCSOtherSet::GetVCP()
2025/10/10 05:20:57.550 [T:0x3c3bd] [DisplayControl] Enter MCCSOtherSet::GetVCP(), vcp code = 98
2025/10/10 05:20:57.632 [T:0x3c3bd] [DisplayControl] Exit MCCSOtherSet::GetVCP()
2025/10/10 05:20:57.738 [T:0x3c3bd] [DisplayControl] Enter MCCSOtherSet::GetVCP(), vcp code = 135
2025/10/10 05:20:57.818 [T:0x3c3bd] [DisplayControl] Exit MCCSOtherSet::GetVCP()
2025/10/10 05:20:57.926 [T:0x3c3bd] [DisplayControl] Enter MCCSOtherSet::GetVCP(), vcp code = 43
2025/10/10 05:20:58.008 [T:0x3c3bd] [DisplayControl] Exit MCCSOtherSet::GetVCP()
2025/10/10 05:20:58.112 [T:0x3c3bd] [DisplayControl] Enter MCCSOtherSet::GetVCP(), vcp code = 16
2025/10/10 05:20:58.192 [T:0x3c3bd] [DisplayControl] Exit MCCSOtherSet::GetVCP()
2025/10/10 05:20:58.299 [T:0x3c3bd] [DisplayControl] Enter MCCSOtherSet::GetVCP(), vcp code = 51
2025/10/10 05:20:58.382 [T:0x3c3bd] [DisplayControl] Exit MCCSOtherSet::GetVCP()
2025/10/10 05:20:58.489 [T:0x3c3bd] [DisplayControl] Enter MCCSOtherSet::GetVCP(), vcp code = 141
2025/10/10 05:20:58.571 [T:0x3c3bd] [DisplayControl] Exit MCCSOtherSet::GetVCP()
2025/10/10 05:20:58.678 [T:0x3c3bd] [DisplayControl] Enter MCCSOtherSet::GetVCP(), vcp code = 96
2025/10/10 05:20:58.762 [T:0x3c3bd] [DisplayControl] Exit MCCSOtherSet::GetVCP()
2025/10/10 05:20:58.865 [T:0x3c3bd] [DisplayControl] Enter MCCSOtherSet::GetVCP(), vcp code = 226
2025/10/10 05:20:58.950 [T:0x3c3bd] [DisplayControl] Exit MCCSOtherSet::GetVCP()
2025/10/10 05:20:59.053 [T:0x3c3bd] [DisplayControl] Enter MCCSOtherSet::GetVCP(), vcp code = 18
2025/10/10 05:20:59.139 [T:0x3c3bd] [DisplayControl] Exit MCCSOtherSet::GetVCP()
2025/10/10 05:20:59.243 [T:0x3c3bd] [DisplayControl] Enter MCCSOtherSet::GetVCP(), vcp code = 220
2025/10/10 05:20:59.329 [T:0x3c3bd] [DisplayControl] Exit MCCSOtherSet::GetVCP()
2025/10/10 05:20:59.432 [T:0x3c3bd] [DisplayControl] Enter MCCSOtherSet::GetVCP(), vcp code = 225
2025/10/10 05:20:59.518 [T:0x3c3bd] [DisplayControl] Exit MCCSOtherSet::GetVCP()
2025/10/10 05:20:59.621 [T:0x3c3bd] [DisplayControl] Enter MCCSOtherSet::GetVCP(), vcp code = 236
2025/10/10 05:20:59.707 [T:0x3c3bd] [DisplayControl] Exit MCCSOtherSet::GetVCP()
2025/10/10 05:20:59.810 [T:0x3c3bd] [DisplayControl] Enter MCCSOtherSet::GetVCP(), vcp code = 4
2025/10/10 05:20:59.895 [T:0x3c3bd] [DisplayControl] Exit MCCSOtherSet::GetVCP()
2025/10/10 05:20:59.997 [T:0x3c3bd] [DisplayControl] Enter MCCSOtherSet::GetVCP(), vcp code = 97
2025/10/10 05:21:00.083 [T:0x3c3bd] [DisplayControl] Exit MCCSOtherSet::GetVCP()
2025/10/10 05:21:00.187 [T:0x3c3bd] [DisplayControl] Enter MCCSOtherSet::GetVCP(), vcp code = 98
2025/10/10 05:21:00.272 [T:0x3c3bd] [DisplayControl] Exit MCCSOtherSet::GetVCP()
2025/10/10 05:21:00.375 [T:0x3c3bd] [DisplayControl] Enter MCCSOtherSet::GetVCP(), vcp code = 135
2025/10/10 05:21:00.461 [T:0x3c3bd] [DisplayControl] Exit MCCSOtherSet::GetVCP()
2025/10/10 05:21:00.564 [T:0x3c3bd] [DisplayControl] Enter MCCSOtherSet::GetVCP(), vcp code = 43
2025/10/10 05:21:00.649 [T:0x3c3bd] [DisplayControl] Exit MCCSOtherSet::GetVCP()
2025/10/10 05:21:00.750 [T:0x3c3bd] [DisplayControl] Enter MCCSOtherSet::GetVCP(), vcp code = 16
2025/10/10 05:21:00.835 [T:0x3c3bd] [DisplayControl] Exit MCCSOtherSet::GetVCP()
2025/10/10 05:21:00.939 [T:0x3c3bd] [DisplayControl] Enter MCCSOtherSet::GetVCP(), vcp code = 51
2025/10/10 05:21:01.024 [T:0x3c3bd] [DisplayControl] Exit MCCSOtherSet::GetVCP()
2025/10/10 05:21:01.129 [T:0x3c3bd] [DisplayControl] Enter MCCSOtherSet::GetVCP(), vcp code = 141
2025/10/10 05:21:01.214 [T:0x3c3bd] [DisplayControl] Exit MCCSOtherSet::GetVCP()
2025/10/10 05:21:01.325 [T:0x3c3bd] [DisplayControl] Enter MCCSOtherSet::SetVCP(), vcp code = 51
2025/10/10 05:21:01.489 [T:0x3c3bd] [DisplayControl] Exit MCCSOtherSet::SetVCP()
2025/10/10 05:21:01.500 [T:0x4a5b4] [DisplayControl] Enter MCCSOtherSet::GetVCP(), vcp code = 96
2025/10/10 05:21:01.654 [T:0x4a5b4] [DisplayControl] Exit MCCSOtherSet::GetVCP()
2025/10/10 05:22:35.882 [T:0x542bc] [DisplayControl] Enter MCCSOtherSet::SetVCP(), vcp code = 51
2025/10/10 05:22:36.065 [T:0x542bc] [DisplayControl] Exit MCCSOtherSet::SetVCP()
2025/10/10 05:22:51.906 [T:0x542bc] [DisplayControl] Enter MCCSOtherSet::SetVCP(), vcp code = 96
2025/10/10 05:22:52.227 [T:0x542bc] [DisplayControl] Exit MCCSOtherSet::SetVCP()
2025/10/10 05:22:59.018 [T:0x542bc] [DisplayControl] Enter OperationThread::ExitThread
2025/10/10 05:22:59.019 [T:0x542bc] [DisplayControl] Exit OperationThread::ExitThread
2025/10/10 05:22:59.019 [T:0x542bc] [DisplayControl] Enter OperationThread::~OperationThread()
2025/10/10 05:22:59.019 [T:0x542bc] [DisplayControl] Enter OperationThread::ExitThread
2025/10/10 05:22:59.020 [T:0x542bc] [DisplayControl] Enter OperationThread::ExitThread
2025/10/10 05:22:59.020 [T:0x542bc] [DisplayControl] Exit OperationThread::ExitThread
2025/10/10 05:22:59.020 [T:0x542bc] [DisplayControl] Enter OperationThread::~OperationThread()
2025/10/10 05:22:59.021 [T:0x542bc] [DisplayControl] Enter OperationThread::ExitThread
2025/10/10 05:22:59.076 [T:0x542bc] [DbgStr] After calling display_control_client_listener_video_port_.UpdateAllDisplayPath()
2025/10/10 05:22:59.095 [T:0x542bc] [DbgStr] After calling display_control_client_listener_.GetAllDisplayEDID()
2025/10/10 05:22:59.097 [T:0x542bc] [DisplayControl] Version = 3.0.6.0
2025/10/10 05:22:59.097 [T:0x542bc] [DisplayControl] Enter ObtainControlHandler1
2025/10/10 05:22:59.097 [T:0x542bc] [DisplayControl] GetVideoPortCommander
2025/10/10 05:22:59.097 [T:0x542bc] [DisplayControl] GetUSBHubCommander
2025/10/10 05:22:59.097 [T:0x542bc] ====== List p_lpo_display_info_video_port, # of devices is ======2
2025/10/10 05:22:59.097 [T:0x542bc] [DisplayControl] index of p_lpo_display_info_video_port0
2025/10/10 05:22:59.097 [T:0x542bc] [DisplayControl] Model name from VideoPort = VG2458
2025/10/10 05:22:59.097 [T:0x542bc] [DisplayControl] SN from VideoPort = YDJ243400006
2025/10/10 05:22:59.097 [T:0x542bc] [DisplayControl] index of p_lpo_display_info_video_port1
2025/10/10 05:22:59.097 [T:0x542bc] [DisplayControl] Model name from VideoPort = VG275
2025/10/10 05:22:59.097 [T:0x542bc] [DisplayControl] SN from VideoPort = XF6232400003
2025/10/10 05:22:59.097 [T:0x542bc] ====== List p_lpo_display_info_rtd_scalar_rts_hub, # of devices is ======0
2025/10/10 05:22:59.098 [T:0x542bc] [DisplayControl] GetVSRtkHubControlClientListener
2025/10/10 05:22:59.098 [T:0x542bc] [DisplayControl] max monitor count = 2
2025/10/10 05:22:59.098 [T:0x542bc] [DisplayControl] index of display_info_vec = 0
2025/10/10 05:22:59.098 [T:0x542bc] [DisplayControl] index of p_lpo_display_info_video_port = 0
2025/10/10 05:22:59.098 [T:0x542bc] [DisplayControl] VideoPortMatchingRule
2025/10/10 05:22:59.098 [T:0x542bc] [DisplayControl] monitor display_info_model_name = VG2458
2025/10/10 05:22:59.098 [T:0x542bc] [DisplayControl] monitor video_port_model_name = VG2458
2025/10/10 05:22:59.098 [T:0x542bc] [DisplayControl] monitor display_info_sn = YDJ243400006
2025/10/10 05:22:59.098 [T:0x542bc] [DisplayControl] monitor video_port_sn = YDJ243400006
2025/10/10 05:22:59.098 [T:0x542bc] [DisplayControl] model_name_match = 1
2025/10/10 05:22:59.098 [T:0x542bc] [DisplayControl] sn_match = 1
2025/10/10 05:22:59.098 [T:0x542bc] [DisplayControl] video_port is_match = 1
2025/10/10 05:22:59.098 [T:0x542bc] [DisplayControl] index of display_info_vec = 1
2025/10/10 05:22:59.098 [T:0x542bc] [DisplayControl] index of p_lpo_display_info_video_port = 0
2025/10/10 05:22:59.098 [T:0x542bc] [DisplayControl] VideoPortMatchingRule
2025/10/10 05:22:59.098 [T:0x542bc] [DisplayControl] monitor display_info_model_name = VG275
2025/10/10 05:22:59.098 [T:0x542bc] [DisplayControl] monitor video_port_model_name = VG2458
2025/10/10 05:22:59.098 [T:0x542bc] [DisplayControl] monitor display_info_sn = XF6232400003
2025/10/10 05:22:59.098 [T:0x542bc] [DisplayControl] monitor video_port_sn = YDJ243400006
2025/10/10 05:22:59.098 [T:0x542bc] [DisplayControl] model_name_match = 0
2025/10/10 05:22:59.098 [T:0x542bc] [DisplayControl] sn_match = 0
2025/10/10 05:22:59.098 [T:0x542bc] [DisplayControl] video_port is_match = 0
2025/10/10 05:22:59.098 [T:0x542bc] [DisplayControl] index of display_info_vec = 1
2025/10/10 05:22:59.098 [T:0x542bc] [DisplayControl] index of p_lpo_display_info_video_port = 1
2025/10/10 05:22:59.098 [T:0x542bc] [DisplayControl] VideoPortMatchingRule
2025/10/10 05:22:59.098 [T:0x542bc] [DisplayControl] monitor display_info_model_name = VG275
2025/10/10 05:22:59.098 [T:0x542bc] [DisplayControl] monitor video_port_model_name = VG275
2025/10/10 05:22:59.098 [T:0x542bc] [DisplayControl] monitor display_info_sn = XF6232400003
2025/10/10 05:22:59.099 [T:0x542bc] [DisplayControl] monitor video_port_sn = XF6232400003
2025/10/10 05:22:59.099 [T:0x542bc] [DisplayControl] model_name_match = 1
2025/10/10 05:22:59.099 [T:0x542bc] [DisplayControl] sn_match = 1
2025/10/10 05:22:59.099 [T:0x542bc] [DisplayControl] video_port is_match = 1
2025/10/10 05:22:59.099 [T:0x542bc] [DisplayControl] i = 0
2025/10/10 05:22:59.099 [T:0x542bc] [DisplayControl] Enter OperationThread::OperationThread()
2025/10/10 05:22:59.099 [T:0x542bc] [DisplayControl] Enter OperationThread::CreateThread
2025/10/10 05:22:59.099 [T:0x542bc] [DisplayControl] new DisplayFunctioner
2025/10/10 05:22:59.099 [T:0x542bc] [DisplayControl] insert displayer_vector
2025/10/10 05:22:59.099 [T:0x542bc] [DisplayControl] insert modelName_SN_to_Display_map
2025/10/10 05:22:59.099 [T:0x542bc] [DisplayControl] insert device_id_to_Displayer_map_
2025/10/10 05:22:59.099 [T:0x542bc] [DisplayControl] i = 1
2025/10/10 05:22:59.099 [T:0x542bc] [DisplayControl] Enter OperationThread::OperationThread()
2025/10/10 05:22:59.099 [T:0x542bc] [DisplayControl] Enter OperationThread::CreateThread
2025/10/10 05:22:59.099 [T:0x542bc] [DisplayControl] new DisplayFunctioner
2025/10/10 05:22:59.099 [T:0x542bc] [DisplayControl] insert displayer_vector
2025/10/10 05:22:59.099 [T:0x542bc] [DisplayControl] insert modelName_SN_to_Display_map
2025/10/10 05:22:59.099 [T:0x542bc] [DisplayControl] insert device_id_to_Displayer_map_
2025/10/10 05:22:59.099 [T:0x542bc] [DisplayControl] monitor size = 2
2025/10/10 05:22:59.099 [T:0x542bc] [DisplayControl] Exit ObtainControlHandler
2025/10/10 05:22:59.099 [T:0x542bc] [DisplayControl] Enter MCCSOtherSet::GetVCP(), vcp code = 16
2025/10/10 05:22:59.174 [T:0x542bc] [DisplayControl] Exit MCCSOtherSet::GetVCP()
2025/10/10 05:22:59.174 [T:0x542bc] [DisplayControl] Enter MCCSOtherSet::GetVCP(), vcp code = 16
2025/10/10 05:22:59.258 [T:0x542bc] [DisplayControl] Exit MCCSOtherSet::GetVCP()
2025/10/10 05:22:59.416 [T:0x542bc] [DisplayControl] Enter MCCSOtherSet::SetVCP(), vcp code = 51
2025/10/10 05:22:59.582 [T:0x542bc] [DisplayControl] Exit MCCSOtherSet::SetVCP()
2025/10/10 05:22:59.583 [T:0x542bc] [DisplayControl] Enter MCCSOtherSet::SetVCP(), vcp code = 51
2025/10/10 05:22:59.744 [T:0x542bc] [DisplayControl] Exit MCCSOtherSet::SetVCP()
2025/10/10 05:22:59.744 [T:0x542bc] [DisplayControl] Enter MCCSOtherSet::GetVCP(), vcp code = 96
2025/10/10 05:22:59.819 [T:0x542bc] [DisplayControl] Exit MCCSOtherSet::GetVCP()
2025/10/10 05:22:59.927 [T:0x542bc] [DisplayControl] Enter MCCSOtherSet::GetVCP(), vcp code = 18
2025/10/10 05:23:00.008 [T:0x542bc] [DisplayControl] Exit MCCSOtherSet::GetVCP()
2025/10/10 05:23:00.115 [T:0x542bc] [DisplayControl] Enter MCCSOtherSet::GetVCP(), vcp code = 20
2025/10/10 05:23:00.195 [T:0x542bc] [DisplayControl] Exit MCCSOtherSet::GetVCP()
2025/10/10 05:23:00.300 [T:0x542bc] [DisplayControl] Enter MCCSOtherSet::GetVCP(), vcp code = 220
2025/10/10 05:23:00.382 [T:0x542bc] [DisplayControl] Exit MCCSOtherSet::GetVCP()
2025/10/10 05:23:00.490 [T:0x542bc] [DisplayControl] Enter MCCSOtherSet::GetVCP(), vcp code = 225
2025/10/10 05:23:00.572 [T:0x542bc] [DisplayControl] Exit MCCSOtherSet::GetVCP()
2025/10/10 05:23:00.678 [T:0x542bc] [DisplayControl] Enter MCCSOtherSet::GetVCP(), vcp code = 245
2025/10/10 05:23:00.758 [T:0x542bc] [DisplayControl] Exit MCCSOtherSet::GetVCP()
2025/10/10 05:23:00.865 [T:0x542bc] [DisplayControl] Enter MCCSOtherSet::GetVCP(), vcp code = 4
2025/10/10 05:23:00.945 [T:0x542bc] [DisplayControl] Exit MCCSOtherSet::GetVCP()
2025/10/10 05:23:01.052 [T:0x542bc] [DisplayControl] Enter MCCSOtherSet::GetVCP(), vcp code = 97
2025/10/10 05:23:01.134 [T:0x542bc] [DisplayControl] Exit MCCSOtherSet::GetVCP()
2025/10/10 05:23:01.242 [T:0x542bc] [DisplayControl] Enter MCCSOtherSet::GetVCP(), vcp code = 98
2025/10/10 05:23:01.323 [T:0x542bc] [DisplayControl] Exit MCCSOtherSet::GetVCP()
2025/10/10 05:23:01.428 [T:0x542bc] [DisplayControl] Enter MCCSOtherSet::GetVCP(), vcp code = 135
2025/10/10 05:23:01.508 [T:0x542bc] [DisplayControl] Exit MCCSOtherSet::GetVCP()
2025/10/10 05:23:01.614 [T:0x542bc] [DisplayControl] Enter MCCSOtherSet::GetVCP(), vcp code = 43
2025/10/10 05:23:01.695 [T:0x542bc] [DisplayControl] Exit MCCSOtherSet::GetVCP()
2025/10/10 05:23:01.803 [T:0x542bc] [DisplayControl] Enter MCCSOtherSet::GetVCP(), vcp code = 16
2025/10/10 05:23:01.884 [T:0x542bc] [DisplayControl] Exit MCCSOtherSet::GetVCP()
2025/10/10 05:23:01.991 [T:0x542bc] [DisplayControl] Enter MCCSOtherSet::GetVCP(), vcp code = 51
2025/10/10 05:23:02.072 [T:0x542bc] [DisplayControl] Exit MCCSOtherSet::GetVCP()
2025/10/10 05:23:02.178 [T:0x542bc] [DisplayControl] Enter MCCSOtherSet::GetVCP(), vcp code = 141
2025/10/10 05:23:02.258 [T:0x542bc] [DisplayControl] Exit MCCSOtherSet::GetVCP()
2025/10/10 05:23:02.364 [T:0x542bc] [DisplayControl] Enter MCCSOtherSet::GetVCP(), vcp code = 96
2025/10/10 05:23:02.450 [T:0x542bc] [DisplayControl] Exit MCCSOtherSet::GetVCP()
2025/10/10 05:23:02.556 [T:0x542bc] [DisplayControl] Enter MCCSOtherSet::GetVCP(), vcp code = 226
2025/10/10 05:23:02.642 [T:0x542bc] [DisplayControl] Exit MCCSOtherSet::GetVCP()
2025/10/10 05:23:02.747 [T:0x542bc] [DisplayControl] Enter MCCSOtherSet::GetVCP(), vcp code = 18
2025/10/10 05:23:02.832 [T:0x542bc] [DisplayControl] Exit MCCSOtherSet::GetVCP()
2025/10/10 05:23:02.936 [T:0x542bc] [DisplayControl] Enter MCCSOtherSet::GetVCP(), vcp code = 220
2025/10/10 05:23:03.022 [T:0x542bc] [DisplayControl] Exit MCCSOtherSet::GetVCP()
2025/10/10 05:23:03.126 [T:0x542bc] [DisplayControl] Enter MCCSOtherSet::GetVCP(), vcp code = 225
2025/10/10 05:23:03.211 [T:0x542bc] [DisplayControl] Exit MCCSOtherSet::GetVCP()
2025/10/10 05:23:03.314 [T:0x542bc] [DisplayControl] Enter MCCSOtherSet::GetVCP(), vcp code = 236
2025/10/10 05:23:03.399 [T:0x542bc] [DisplayControl] Exit MCCSOtherSet::GetVCP()
2025/10/10 05:23:03.501 [T:0x542bc] [DisplayControl] Enter MCCSOtherSet::GetVCP(), vcp code = 4
2025/10/10 05:23:03.586 [T:0x542bc] [DisplayControl] Exit MCCSOtherSet::GetVCP()
2025/10/10 05:23:03.691 [T:0x542bc] [DisplayControl] Enter MCCSOtherSet::GetVCP(), vcp code = 97
2025/10/10 05:23:03.777 [T:0x542bc] [DisplayControl] Exit MCCSOtherSet::GetVCP()
2025/10/10 05:23:03.881 [T:0x542bc] [DisplayControl] Enter MCCSOtherSet::GetVCP(), vcp code = 98
2025/10/10 05:23:03.966 [T:0x542bc] [DisplayControl] Exit MCCSOtherSet::GetVCP()
2025/10/10 05:23:04.069 [T:0x542bc] [DisplayControl] Enter MCCSOtherSet::GetVCP(), vcp code = 135
2025/10/10 05:23:04.153 [T:0x542bc] [DisplayControl] Exit MCCSOtherSet::GetVCP()
2025/10/10 05:23:04.254 [T:0x542bc] [DisplayControl] Enter MCCSOtherSet::GetVCP(), vcp code = 43
2025/10/10 05:23:04.339 [T:0x542bc] [DisplayControl] Exit MCCSOtherSet::GetVCP()
2025/10/10 05:23:04.444 [T:0x542bc] [DisplayControl] Enter MCCSOtherSet::GetVCP(), vcp code = 16
2025/10/10 05:23:04.531 [T:0x542bc] [DisplayControl] Exit MCCSOtherSet::GetVCP()
2025/10/10 05:23:04.636 [T:0x542bc] [DisplayControl] Enter MCCSOtherSet::GetVCP(), vcp code = 51
2025/10/10 05:23:04.722 [T:0x542bc] [DisplayControl] Exit MCCSOtherSet::GetVCP()
2025/10/10 05:23:04.825 [T:0x542bc] [DisplayControl] Enter MCCSOtherSet::GetVCP(), vcp code = 141
2025/10/10 05:23:04.911 [T:0x542bc] [DisplayControl] Exit MCCSOtherSet::GetVCP()
2025/10/10 05:23:05.023 [T:0x542bc] [DisplayControl] Enter MCCSOtherSet::SetVCP(), vcp code = 51
2025/10/10 05:23:05.189 [T:0x542bc] [DisplayControl] Exit MCCSOtherSet::SetVCP()
2025/10/10 05:23:05.197 [T:0x4a5b4] [DisplayControl] Enter MCCSOtherSet::GetVCP(), vcp code = 96
2025/10/10 05:23:05.364 [T:0x4a5b4] [DisplayControl] Exit MCCSOtherSet::GetVCP()
2025/10/10 05:24:43.673 [T:0x4a5b4] [DisplayControl] Enter OperationThread::ExitThread
2025/10/10 05:24:43.673 [T:0x4a5b4] [DisplayControl] Exit OperationThread::ExitThread
2025/10/10 05:24:43.673 [T:0x4a5b4] [DisplayControl] Enter OperationThread::~OperationThread()
2025/10/10 05:24:43.673 [T:0x4a5b4] [DisplayControl] Enter OperationThread::ExitThread
2025/10/10 05:24:43.673 [T:0x4a5b4] [DisplayControl] Enter OperationThread::ExitThread
2025/10/10 05:24:43.673 [T:0x4a5b4] [DisplayControl] Exit OperationThread::ExitThread
2025/10/10 05:24:43.674 [T:0x4a5b4] [DisplayControl] Enter OperationThread::~OperationThread()
2025/10/10 05:24:43.674 [T:0x4a5b4] [DisplayControl] Enter OperationThread::ExitThread
2025/10/10 05:24:43.703 [T:0x4a5b4] [DbgStr] After calling display_control_client_listener_video_port_.UpdateAllDisplayPath()
2025/10/10 05:24:43.724 [T:0x4a5b4] [DbgStr] After calling display_control_client_listener_.GetAllDisplayEDID()
2025/10/10 05:24:43.735 [T:0x4a5b4] [DisplayControl] Version = 3.0.6.0
2025/10/10 05:24:43.735 [T:0x4a5b4] [DisplayControl] Enter ObtainControlHandler1
2025/10/10 05:24:43.735 [T:0x4a5b4] [DisplayControl] GetVideoPortCommander
2025/10/10 05:24:43.735 [T:0x4a5b4] [DisplayControl] GetUSBHubCommander
2025/10/10 05:24:43.735 [T:0x4a5b4] ====== List p_lpo_display_info_video_port, # of devices is ======2
2025/10/10 05:24:43.735 [T:0x4a5b4] [DisplayControl] index of p_lpo_display_info_video_port0
2025/10/10 05:24:43.735 [T:0x4a5b4] [DisplayControl] Model name from VideoPort = VG2458
2025/10/10 05:24:43.735 [T:0x4a5b4] [DisplayControl] SN from VideoPort = YDJ243400006
2025/10/10 05:24:43.735 [T:0x4a5b4] [DisplayControl] index of p_lpo_display_info_video_port1
2025/10/10 05:24:43.735 [T:0x4a5b4] [DisplayControl] Model name from VideoPort = VG275
2025/10/10 05:24:43.735 [T:0x4a5b4] [DisplayControl] SN from VideoPort = XF6232400003
2025/10/10 05:24:43.735 [T:0x4a5b4] ====== List p_lpo_display_info_rtd_scalar_rts_hub, # of devices is ======0
2025/10/10 05:24:43.735 [T:0x4a5b4] [DisplayControl] GetVSRtkHubControlClientListener
2025/10/10 05:24:43.735 [T:0x4a5b4] [DisplayControl] max monitor count = 2
2025/10/10 05:24:43.735 [T:0x4a5b4] [DisplayControl] index of display_info_vec = 0
2025/10/10 05:24:43.735 [T:0x4a5b4] [DisplayControl] index of p_lpo_display_info_video_port = 0
2025/10/10 05:24:43.735 [T:0x4a5b4] [DisplayControl] VideoPortMatchingRule
2025/10/10 05:24:43.735 [T:0x4a5b4] [DisplayControl] monitor display_info_model_name = VG2458
2025/10/10 05:24:43.735 [T:0x4a5b4] [DisplayControl] monitor video_port_model_name = VG2458
2025/10/10 05:24:43.735 [T:0x4a5b4] [DisplayControl] monitor display_info_sn = YDJ243400006
2025/10/10 05:24:43.735 [T:0x4a5b4] [DisplayControl] monitor video_port_sn = YDJ243400006
2025/10/10 05:24:43.735 [T:0x4a5b4] [DisplayControl] model_name_match = 1
2025/10/10 05:24:43.735 [T:0x4a5b4] [DisplayControl] sn_match = 1
2025/10/10 05:24:43.736 [T:0x4a5b4] [DisplayControl] video_port is_match = 1
2025/10/10 05:24:43.736 [T:0x4a5b4] [DisplayControl] index of display_info_vec = 1
2025/10/10 05:24:43.736 [T:0x4a5b4] [DisplayControl] index of p_lpo_display_info_video_port = 0
2025/10/10 05:24:43.736 [T:0x4a5b4] [DisplayControl] VideoPortMatchingRule
2025/10/10 05:24:43.736 [T:0x4a5b4] [DisplayControl] monitor display_info_model_name = VG275
2025/10/10 05:24:43.736 [T:0x4a5b4] [DisplayControl] monitor video_port_model_name = VG2458
2025/10/10 05:24:43.736 [T:0x4a5b4] [DisplayControl] monitor display_info_sn = XF6232400003
2025/10/10 05:24:43.736 [T:0x4a5b4] [DisplayControl] monitor video_port_sn = YDJ243400006
2025/10/10 05:24:43.736 [T:0x4a5b4] [DisplayControl] model_name_match = 0
2025/10/10 05:24:43.736 [T:0x4a5b4] [DisplayControl] sn_match = 0
2025/10/10 05:24:43.736 [T:0x4a5b4] [DisplayControl] video_port is_match = 0
2025/10/10 05:24:43.736 [T:0x4a5b4] [DisplayControl] index of display_info_vec = 1
2025/10/10 05:24:43.736 [T:0x4a5b4] [DisplayControl] index of p_lpo_display_info_video_port = 1
2025/10/10 05:24:43.736 [T:0x4a5b4] [DisplayControl] VideoPortMatchingRule
2025/10/10 05:24:43.736 [T:0x4a5b4] [DisplayControl] monitor display_info_model_name = VG275
2025/10/10 05:24:43.736 [T:0x4a5b4] [DisplayControl] monitor video_port_model_name = VG275
2025/10/10 05:24:43.736 [T:0x4a5b4] [DisplayControl] monitor display_info_sn = XF6232400003
2025/10/10 05:24:43.736 [T:0x4a5b4] [DisplayControl] monitor video_port_sn = XF6232400003
2025/10/10 05:24:43.736 [T:0x4a5b4] [DisplayControl] model_name_match = 1
2025/10/10 05:24:43.736 [T:0x4a5b4] [DisplayControl] sn_match = 1
2025/10/10 05:24:43.736 [T:0x4a5b4] [DisplayControl] video_port is_match = 1
2025/10/10 05:24:43.736 [T:0x4a5b4] [DisplayControl] i = 0
2025/10/10 05:24:43.736 [T:0x4a5b4] [DisplayControl] Enter OperationThread::OperationThread()
2025/10/10 05:24:43.736 [T:0x4a5b4] [DisplayControl] Enter OperationThread::CreateThread
2025/10/10 05:24:43.736 [T:0x4a5b4] [DisplayControl] new DisplayFunctioner
2025/10/10 05:24:43.736 [T:0x4a5b4] [DisplayControl] insert displayer_vector
2025/10/10 05:24:43.737 [T:0x4a5b4] [DisplayControl] insert modelName_SN_to_Display_map
2025/10/10 05:24:43.737 [T:0x4a5b4] [DisplayControl] insert device_id_to_Displayer_map_
2025/10/10 05:24:43.737 [T:0x4a5b4] [DisplayControl] i = 1
2025/10/10 05:24:43.737 [T:0x4a5b4] [DisplayControl] Enter OperationThread::OperationThread()
2025/10/10 05:24:43.737 [T:0x4a5b4] [DisplayControl] Enter OperationThread::CreateThread
2025/10/10 05:24:43.737 [T:0x4a5b4] [DisplayControl] new DisplayFunctioner
2025/10/10 05:24:43.737 [T:0x4a5b4] [DisplayControl] insert displayer_vector
2025/10/10 05:24:43.737 [T:0x4a5b4] [DisplayControl] insert modelName_SN_to_Display_map
2025/10/10 05:24:43.737 [T:0x4a5b4] [DisplayControl] insert device_id_to_Displayer_map_
2025/10/10 05:24:43.737 [T:0x4a5b4] [DisplayControl] monitor size = 2
2025/10/10 05:24:43.737 [T:0x4a5b4] [DisplayControl] Exit ObtainControlHandler
2025/10/10 05:26:40.484 [T:0x4a5b4] [DisplayControl] Enter OperationThread::ExitThread
2025/10/10 05:26:40.484 [T:0x4a5b4] [DisplayControl] Exit OperationThread::ExitThread
2025/10/10 05:26:40.484 [T:0x4a5b4] [DisplayControl] Enter OperationThread::~OperationThread()
2025/10/10 05:26:40.484 [T:0x4a5b4] [DisplayControl] Enter OperationThread::ExitThread
2025/10/10 05:26:40.484 [T:0x4a5b4] [DisplayControl] Enter OperationThread::ExitThread
2025/10/10 05:26:40.485 [T:0x4a5b4] [DisplayControl] Exit OperationThread::ExitThread
2025/10/10 05:26:40.485 [T:0x4a5b4] [DisplayControl] Enter OperationThread::~OperationThread()
2025/10/10 05:26:40.485 [T:0x4a5b4] [DisplayControl] Enter OperationThread::ExitThread
2025/10/10 05:26:40.513 [T:0x4a5b4] [DbgStr] After calling display_control_client_listener_video_port_.UpdateAllDisplayPath()
2025/10/10 05:26:40.536 [T:0x4a5b4] [DbgStr] After calling display_control_client_listener_.GetAllDisplayEDID()
2025/10/10 05:26:40.543 [T:0x4a5b4] [DisplayControl] Version = 3.0.6.0
2025/10/10 05:26:40.544 [T:0x4a5b4] [DisplayControl] Enter ObtainControlHandler1
2025/10/10 05:26:40.544 [T:0x4a5b4] [DisplayControl] GetVideoPortCommander
2025/10/10 05:26:40.544 [T:0x4a5b4] [DisplayControl] GetUSBHubCommander
2025/10/10 05:26:40.544 [T:0x4a5b4] ====== List p_lpo_display_info_video_port, # of devices is ======2
2025/10/10 05:26:40.544 [T:0x4a5b4] [DisplayControl] index of p_lpo_display_info_video_port0
2025/10/10 05:26:40.544 [T:0x4a5b4] [DisplayControl] Model name from VideoPort = VG2458
2025/10/10 05:26:40.544 [T:0x4a5b4] [DisplayControl] SN from VideoPort = YDJ243400006
2025/10/10 05:26:40.544 [T:0x4a5b4] [DisplayControl] index of p_lpo_display_info_video_port1
2025/10/10 05:26:40.544 [T:0x4a5b4] [DisplayControl] Model name from VideoPort = VG275
2025/10/10 05:26:40.544 [T:0x4a5b4] [DisplayControl] SN from VideoPort = XF6232400003
2025/10/10 05:26:40.544 [T:0x4a5b4] ====== List p_lpo_display_info_rtd_scalar_rts_hub, # of devices is ======0
2025/10/10 05:26:40.544 [T:0x4a5b4] [DisplayControl] GetVSRtkHubControlClientListener
2025/10/10 05:26:40.544 [T:0x4a5b4] [DisplayControl] max monitor count = 2
2025/10/10 05:26:40.544 [T:0x4a5b4] [DisplayControl] index of display_info_vec = 0
2025/10/10 05:26:40.544 [T:0x4a5b4] [DisplayControl] index of p_lpo_display_info_video_port = 0
2025/10/10 05:26:40.544 [T:0x4a5b4] [DisplayControl] VideoPortMatchingRule
2025/10/10 05:26:40.544 [T:0x4a5b4] [DisplayControl] monitor display_info_model_name = VG2458
2025/10/10 05:26:40.544 [T:0x4a5b4] [DisplayControl] monitor video_port_model_name = VG2458
2025/10/10 05:26:40.544 [T:0x4a5b4] [DisplayControl] monitor display_info_sn = YDJ243400006
2025/10/10 05:26:40.544 [T:0x4a5b4] [DisplayControl] monitor video_port_sn = YDJ243400006
2025/10/10 05:26:40.544 [T:0x4a5b4] [DisplayControl] model_name_match = 1
2025/10/10 05:26:40.544 [T:0x4a5b4] [DisplayControl] sn_match = 1
2025/10/10 05:26:40.544 [T:0x4a5b4] [DisplayControl] video_port is_match = 1
2025/10/10 05:26:40.545 [T:0x4a5b4] [DisplayControl] index of display_info_vec = 1
2025/10/10 05:26:40.545 [T:0x4a5b4] [DisplayControl] index of p_lpo_display_info_video_port = 0
2025/10/10 05:26:40.545 [T:0x4a5b4] [DisplayControl] VideoPortMatchingRule
2025/10/10 05:26:40.545 [T:0x4a5b4] [DisplayControl] monitor display_info_model_name = VG275
2025/10/10 05:26:40.545 [T:0x4a5b4] [DisplayControl] monitor video_port_model_name = VG2458
2025/10/10 05:26:40.545 [T:0x4a5b4] [DisplayControl] monitor display_info_sn = XF6232400003
2025/10/10 05:26:40.545 [T:0x4a5b4] [DisplayControl] monitor video_port_sn = YDJ243400006
2025/10/10 05:26:40.545 [T:0x4a5b4] [DisplayControl] model_name_match = 0
2025/10/10 05:26:40.545 [T:0x4a5b4] [DisplayControl] sn_match = 0
2025/10/10 05:26:40.545 [T:0x4a5b4] [DisplayControl] video_port is_match = 0
2025/10/10 05:26:40.545 [T:0x4a5b4] [DisplayControl] index of display_info_vec = 1
2025/10/10 05:26:40.545 [T:0x4a5b4] [DisplayControl] index of p_lpo_display_info_video_port = 1
2025/10/10 05:26:40.545 [T:0x4a5b4] [DisplayControl] VideoPortMatchingRule
2025/10/10 05:26:40.545 [T:0x4a5b4] [DisplayControl] monitor display_info_model_name = VG275
2025/10/10 05:26:40.545 [T:0x4a5b4] [DisplayControl] monitor video_port_model_name = VG275
2025/10/10 05:26:40.545 [T:0x4a5b4] [DisplayControl] monitor display_info_sn = XF6232400003
2025/10/10 05:26:40.545 [T:0x4a5b4] [DisplayControl] monitor video_port_sn = XF6232400003
2025/10/10 05:26:40.545 [T:0x4a5b4] [DisplayControl] model_name_match = 1
2025/10/10 05:26:40.545 [T:0x4a5b4] [DisplayControl] sn_match = 1
2025/10/10 05:26:40.545 [T:0x4a5b4] [DisplayControl] video_port is_match = 1
2025/10/10 05:26:40.545 [T:0x4a5b4] [DisplayControl] i = 0
2025/10/10 05:26:40.545 [T:0x4a5b4] [DisplayControl] Enter OperationThread::OperationThread()
2025/10/10 05:26:40.545 [T:0x4a5b4] [DisplayControl] Enter OperationThread::CreateThread
2025/10/10 05:26:40.545 [T:0x4a5b4] [DisplayControl] new DisplayFunctioner
2025/10/10 05:26:40.546 [T:0x4a5b4] [DisplayControl] insert displayer_vector
2025/10/10 05:26:40.546 [T:0x4a5b4] [DisplayControl] insert modelName_SN_to_Display_map
2025/10/10 05:26:40.546 [T:0x4a5b4] [DisplayControl] insert device_id_to_Displayer_map_
2025/10/10 05:26:40.546 [T:0x4a5b4] [DisplayControl] i = 1
2025/10/10 05:26:40.546 [T:0x4a5b4] [DisplayControl] Enter OperationThread::OperationThread()
2025/10/10 05:26:40.546 [T:0x4a5b4] [DisplayControl] Enter OperationThread::CreateThread
2025/10/10 05:26:40.546 [T:0x4a5b4] [DisplayControl] new DisplayFunctioner
2025/10/10 05:26:40.546 [T:0x4a5b4] [DisplayControl] insert displayer_vector
2025/10/10 05:26:40.546 [T:0x4a5b4] [DisplayControl] insert modelName_SN_to_Display_map
2025/10/10 05:26:40.546 [T:0x4a5b4] [DisplayControl] insert device_id_to_Displayer_map_
2025/10/10 05:26:40.546 [T:0x4a5b4] [DisplayControl] monitor size = 2
2025/10/10 05:26:40.546 [T:0x4a5b4] [DisplayControl] Exit ObtainControlHandler
2025/10/10 05:28:26.199 [T:0x4a5b4] [DisplayControl] Enter OperationThread::ExitThread
2025/10/10 05:28:26.199 [T:0x4a5b4] [DisplayControl] Exit OperationThread::ExitThread
2025/10/10 05:28:26.199 [T:0x4a5b4] [DisplayControl] Enter OperationThread::~OperationThread()
2025/10/10 05:28:26.199 [T:0x4a5b4] [DisplayControl] Enter OperationThread::ExitThread
2025/10/10 05:28:26.199 [T:0x4a5b4] [DisplayControl] Enter OperationThread::ExitThread
2025/10/10 05:28:26.199 [T:0x4a5b4] [DisplayControl] Exit OperationThread::ExitThread
2025/10/10 05:28:26.199 [T:0x4a5b4] [DisplayControl] Enter OperationThread::~OperationThread()
2025/10/10 05:28:26.199 [T:0x4a5b4] [DisplayControl] Enter OperationThread::ExitThread
2025/10/10 05:28:26.222 [T:0x4a5b4] [DbgStr] After calling display_control_client_listener_video_port_.UpdateAllDisplayPath()
2025/10/10 05:28:26.240 [T:0x4a5b4] [DbgStr] After calling display_control_client_listener_.GetAllDisplayEDID()
2025/10/10 05:28:26.246 [T:0x4a5b4] [DisplayControl] Version = 3.0.6.0
2025/10/10 05:28:26.246 [T:0x4a5b4] [DisplayControl] Enter ObtainControlHandler1
2025/10/10 05:28:26.246 [T:0x4a5b4] [DisplayControl] GetVideoPortCommander
2025/10/10 05:28:26.246 [T:0x4a5b4] [DisplayControl] GetUSBHubCommander
2025/10/10 05:28:26.246 [T:0x4a5b4] ====== List p_lpo_display_info_video_port, # of devices is ======2
2025/10/10 05:28:26.246 [T:0x4a5b4] [DisplayControl] index of p_lpo_display_info_video_port0
2025/10/10 05:28:26.246 [T:0x4a5b4] [DisplayControl] Model name from VideoPort = VG2458
2025/10/10 05:28:26.246 [T:0x4a5b4] [DisplayControl] SN from VideoPort = YDJ243400006
2025/10/10 05:28:26.246 [T:0x4a5b4] [DisplayControl] index of p_lpo_display_info_video_port1
2025/10/10 05:28:26.246 [T:0x4a5b4] [DisplayControl] Model name from VideoPort = VG275
2025/10/10 05:28:26.246 [T:0x4a5b4] [DisplayControl] SN from VideoPort = XF6232400003
2025/10/10 05:28:26.246 [T:0x4a5b4] ====== List p_lpo_display_info_rtd_scalar_rts_hub, # of devices is ======0
2025/10/10 05:28:26.246 [T:0x4a5b4] [DisplayControl] GetVSRtkHubControlClientListener
2025/10/10 05:28:26.246 [T:0x4a5b4] [DisplayControl] max monitor count = 2
2025/10/10 05:28:26.246 [T:0x4a5b4] [DisplayControl] index of display_info_vec = 0
2025/10/10 05:28:26.246 [T:0x4a5b4] [DisplayControl] index of p_lpo_display_info_video_port = 0
2025/10/10 05:28:26.247 [T:0x4a5b4] [DisplayControl] VideoPortMatchingRule
2025/10/10 05:28:26.247 [T:0x4a5b4] [DisplayControl] monitor display_info_model_name = VG2458
2025/10/10 05:28:26.247 [T:0x4a5b4] [DisplayControl] monitor video_port_model_name = VG2458
2025/10/10 05:28:26.247 [T:0x4a5b4] [DisplayControl] monitor display_info_sn = YDJ243400006
2025/10/10 05:28:26.247 [T:0x4a5b4] [DisplayControl] monitor video_port_sn = YDJ243400006
2025/10/10 05:28:26.247 [T:0x4a5b4] [DisplayControl] model_name_match = 1
2025/10/10 05:28:26.247 [T:0x4a5b4] [DisplayControl] sn_match = 1
2025/10/10 05:28:26.247 [T:0x4a5b4] [DisplayControl] video_port is_match = 1
2025/10/10 05:28:26.247 [T:0x4a5b4] [DisplayControl] index of display_info_vec = 1
2025/10/10 05:28:26.247 [T:0x4a5b4] [DisplayControl] index of p_lpo_display_info_video_port = 0
2025/10/10 05:28:26.247 [T:0x4a5b4] [DisplayControl] VideoPortMatchingRule
2025/10/10 05:28:26.247 [T:0x4a5b4] [DisplayControl] monitor display_info_model_name = VG275
2025/10/10 05:28:26.247 [T:0x4a5b4] [DisplayControl] monitor video_port_model_name = VG2458
2025/10/10 05:28:26.247 [T:0x4a5b4] [DisplayControl] monitor display_info_sn = XF6232400003
2025/10/10 05:28:26.247 [T:0x4a5b4] [DisplayControl] monitor video_port_sn = YDJ243400006
2025/10/10 05:28:26.247 [T:0x4a5b4] [DisplayControl] model_name_match = 0
2025/10/10 05:28:26.247 [T:0x4a5b4] [DisplayControl] sn_match = 0
2025/10/10 05:28:26.247 [T:0x4a5b4] [DisplayControl] video_port is_match = 0
2025/10/10 05:28:26.247 [T:0x4a5b4] [DisplayControl] index of display_info_vec = 1
2025/10/10 05:28:26.247 [T:0x4a5b4] [DisplayControl] index of p_lpo_display_info_video_port = 1
2025/10/10 05:28:26.247 [T:0x4a5b4] [DisplayControl] VideoPortMatchingRule
2025/10/10 05:28:26.247 [T:0x4a5b4] [DisplayControl] monitor display_info_model_name = VG275
2025/10/10 05:28:26.247 [T:0x4a5b4] [DisplayControl] monitor video_port_model_name = VG275
2025/10/10 05:28:26.247 [T:0x4a5b4] [DisplayControl] monitor display_info_sn = XF6232400003
2025/10/10 05:28:26.247 [T:0x4a5b4] [DisplayControl] monitor video_port_sn = XF6232400003
2025/10/10 05:28:26.247 [T:0x4a5b4] [DisplayControl] model_name_match = 1
2025/10/10 05:28:26.247 [T:0x4a5b4] [DisplayControl] sn_match = 1
2025/10/10 05:28:26.247 [T:0x4a5b4] [DisplayControl] video_port is_match = 1
2025/10/10 05:28:26.247 [T:0x4a5b4] [DisplayControl] i = 0
2025/10/10 05:28:26.247 [T:0x4a5b4] [DisplayControl] Enter OperationThread::OperationThread()
2025/10/10 05:28:26.248 [T:0x4a5b4] [DisplayControl] Enter OperationThread::CreateThread
2025/10/10 05:28:26.248 [T:0x4a5b4] [DisplayControl] new DisplayFunctioner
2025/10/10 05:28:26.248 [T:0x4a5b4] [DisplayControl] insert displayer_vector
2025/10/10 05:28:26.248 [T:0x4a5b4] [DisplayControl] insert modelName_SN_to_Display_map
2025/10/10 05:28:26.248 [T:0x4a5b4] [DisplayControl] insert device_id_to_Displayer_map_
2025/10/10 05:28:26.248 [T:0x4a5b4] [DisplayControl] i = 1
2025/10/10 05:28:26.248 [T:0x4a5b4] [DisplayControl] Enter OperationThread::OperationThread()
2025/10/10 05:28:26.248 [T:0x4a5b4] [DisplayControl] Enter OperationThread::CreateThread
2025/10/10 05:28:26.248 [T:0x4a5b4] [DisplayControl] new DisplayFunctioner
2025/10/10 05:28:26.248 [T:0x4a5b4] [DisplayControl] insert displayer_vector
2025/10/10 05:28:26.248 [T:0x4a5b4] [DisplayControl] insert modelName_SN_to_Display_map
2025/10/10 05:28:26.248 [T:0x4a5b4] [DisplayControl] insert device_id_to_Displayer_map_
2025/10/10 05:28:26.248 [T:0x4a5b4] [DisplayControl] monitor size = 2
2025/10/10 05:28:26.248 [T:0x4a5b4] [DisplayControl] Exit ObtainControlHandler
2025/10/10 05:30:23.290 [T:0x4a5b4] [DisplayControl] Enter OperationThread::ExitThread
2025/10/10 05:30:23.290 [T:0x4a5b4] [DisplayControl] Exit OperationThread::ExitThread
2025/10/10 05:30:23.290 [T:0x4a5b4] [DisplayControl] Enter OperationThread::~OperationThread()
2025/10/10 05:30:23.290 [T:0x4a5b4] [DisplayControl] Enter OperationThread::ExitThread
2025/10/10 05:30:23.290 [T:0x4a5b4] [DisplayControl] Enter OperationThread::ExitThread
2025/10/10 05:30:23.290 [T:0x4a5b4] [DisplayControl] Exit OperationThread::ExitThread
2025/10/10 05:30:23.290 [T:0x4a5b4] [DisplayControl] Enter OperationThread::~OperationThread()
2025/10/10 05:30:23.290 [T:0x4a5b4] [DisplayControl] Enter OperationThread::ExitThread
2025/10/10 05:30:23.316 [T:0x4a5b4] [DbgStr] After calling display_control_client_listener_video_port_.UpdateAllDisplayPath()
2025/10/10 05:30:23.339 [T:0x4a5b4] [DbgStr] After calling display_control_client_listener_.GetAllDisplayEDID()
2025/10/10 05:30:23.343 [T:0x4a5b4] [DisplayControl] Version = 3.0.6.0
2025/10/10 05:30:23.343 [T:0x4a5b4] [DisplayControl] Enter ObtainControlHandler1
2025/10/10 05:30:23.343 [T:0x4a5b4] [DisplayControl] GetVideoPortCommander
2025/10/10 05:30:23.343 [T:0x4a5b4] [DisplayControl] GetUSBHubCommander
2025/10/10 05:30:23.343 [T:0x4a5b4] ====== List p_lpo_display_info_video_port, # of devices is ======2
2025/10/10 05:30:23.343 [T:0x4a5b4] [DisplayControl] index of p_lpo_display_info_video_port0
2025/10/10 05:30:23.343 [T:0x4a5b4] [DisplayControl] Model name from VideoPort = VG2458
2025/10/10 05:30:23.343 [T:0x4a5b4] [DisplayControl] SN from VideoPort = YDJ243400006
2025/10/10 05:30:23.343 [T:0x4a5b4] [DisplayControl] index of p_lpo_display_info_video_port1
2025/10/10 05:30:23.343 [T:0x4a5b4] [DisplayControl] Model name from VideoPort = VG275
2025/10/10 05:30:23.343 [T:0x4a5b4] [DisplayControl] SN from VideoPort = XF6232400003
2025/10/10 05:30:23.343 [T:0x4a5b4] ====== List p_lpo_display_info_rtd_scalar_rts_hub, # of devices is ======0
2025/10/10 05:30:23.343 [T:0x4a5b4] [DisplayControl] GetVSRtkHubControlClientListener
2025/10/10 05:30:23.343 [T:0x4a5b4] [DisplayControl] max monitor count = 2
2025/10/10 05:30:23.343 [T:0x4a5b4] [DisplayControl] index of display_info_vec = 0
2025/10/10 05:30:23.343 [T:0x4a5b4] [DisplayControl] index of p_lpo_display_info_video_port = 0
2025/10/10 05:30:23.343 [T:0x4a5b4] [DisplayControl] VideoPortMatchingRule
2025/10/10 05:30:23.343 [T:0x4a5b4] [DisplayControl] monitor display_info_model_name = VG2458
2025/10/10 05:30:23.343 [T:0x4a5b4] [DisplayControl] monitor video_port_model_name = VG2458
2025/10/10 05:30:23.344 [T:0x4a5b4] [DisplayControl] monitor display_info_sn = YDJ243400006
2025/10/10 05:30:23.344 [T:0x4a5b4] [DisplayControl] monitor video_port_sn = YDJ243400006
2025/10/10 05:30:23.344 [T:0x4a5b4] [DisplayControl] model_name_match = 1
2025/10/10 05:30:23.344 [T:0x4a5b4] [DisplayControl] sn_match = 1
2025/10/10 05:30:23.344 [T:0x4a5b4] [DisplayControl] video_port is_match = 1
2025/10/10 05:30:23.344 [T:0x4a5b4] [DisplayControl] index of display_info_vec = 1
2025/10/10 05:30:23.344 [T:0x4a5b4] [DisplayControl] index of p_lpo_display_info_video_port = 0
2025/10/10 05:30:23.344 [T:0x4a5b4] [DisplayControl] VideoPortMatchingRule
2025/10/10 05:30:23.344 [T:0x4a5b4] [DisplayControl] monitor display_info_model_name = VG275
2025/10/10 05:30:23.344 [T:0x4a5b4] [DisplayControl] monitor video_port_model_name = VG2458
2025/10/10 05:30:23.344 [T:0x4a5b4] [DisplayControl] monitor display_info_sn = XF6232400003
2025/10/10 05:30:23.344 [T:0x4a5b4] [DisplayControl] monitor video_port_sn = YDJ243400006
2025/10/10 05:30:23.344 [T:0x4a5b4] [DisplayControl] model_name_match = 0
2025/10/10 05:30:23.344 [T:0x4a5b4] [DisplayControl] sn_match = 0
2025/10/10 05:30:23.344 [T:0x4a5b4] [DisplayControl] video_port is_match = 0
2025/10/10 05:30:23.344 [T:0x4a5b4] [DisplayControl] index of display_info_vec = 1
2025/10/10 05:30:23.344 [T:0x4a5b4] [DisplayControl] index of p_lpo_display_info_video_port = 1
2025/10/10 05:30:23.344 [T:0x4a5b4] [DisplayControl] VideoPortMatchingRule
2025/10/10 05:30:23.344 [T:0x4a5b4] [DisplayControl] monitor display_info_model_name = VG275
2025/10/10 05:30:23.344 [T:0x4a5b4] [DisplayControl] monitor video_port_model_name = VG275
2025/10/10 05:30:23.344 [T:0x4a5b4] [DisplayControl] monitor display_info_sn = XF6232400003
2025/10/10 05:30:23.344 [T:0x4a5b4] [DisplayControl] monitor video_port_sn = XF6232400003
2025/10/10 05:30:23.344 [T:0x4a5b4] [DisplayControl] model_name_match = 1
2025/10/10 05:30:23.344 [T:0x4a5b4] [DisplayControl] sn_match = 1
2025/10/10 05:30:23.344 [T:0x4a5b4] [DisplayControl] video_port is_match = 1
2025/10/10 05:30:23.344 [T:0x4a5b4] [DisplayControl] i = 0
2025/10/10 05:30:23.344 [T:0x4a5b4] [DisplayControl] Enter OperationThread::OperationThread()
2025/10/10 05:30:23.344 [T:0x4a5b4] [DisplayControl] Enter OperationThread::CreateThread
2025/10/10 05:30:23.345 [T:0x4a5b4] [DisplayControl] new DisplayFunctioner
2025/10/10 05:30:23.345 [T:0x4a5b4] [DisplayControl] insert displayer_vector
2025/10/10 05:30:23.345 [T:0x4a5b4] [DisplayControl] insert modelName_SN_to_Display_map
2025/10/10 05:30:23.345 [T:0x4a5b4] [DisplayControl] insert device_id_to_Displayer_map_
2025/10/10 05:30:23.345 [T:0x4a5b4] [DisplayControl] i = 1
2025/10/10 05:30:23.345 [T:0x4a5b4] [DisplayControl] Enter OperationThread::OperationThread()
2025/10/10 05:30:23.345 [T:0x4a5b4] [DisplayControl] Enter OperationThread::CreateThread
2025/10/10 05:30:23.345 [T:0x4a5b4] [DisplayControl] new DisplayFunctioner
2025/10/10 05:30:23.345 [T:0x4a5b4] [DisplayControl] insert displayer_vector
2025/10/10 05:30:23.345 [T:0x4a5b4] [DisplayControl] insert modelName_SN_to_Display_map
2025/10/10 05:30:23.345 [T:0x4a5b4] [DisplayControl] insert device_id_to_Displayer_map_
2025/10/10 05:30:23.345 [T:0x4a5b4] [DisplayControl] monitor size = 2
2025/10/10 05:30:23.345 [T:0x4a5b4] [DisplayControl] Exit ObtainControlHandler
2025/10/10 05:32:20.369 [T:0x4a5b4] [DisplayControl] Enter OperationThread::ExitThread
2025/10/10 05:32:20.370 [T:0x4a5b4] [DisplayControl] Exit OperationThread::ExitThread
2025/10/10 05:32:20.370 [T:0x4a5b4] [DisplayControl] Enter OperationThread::~OperationThread()
2025/10/10 05:32:20.370 [T:0x4a5b4] [DisplayControl] Enter OperationThread::ExitThread
2025/10/10 05:32:20.370 [T:0x4a5b4] [DisplayControl] Enter OperationThread::ExitThread
2025/10/10 05:32:20.370 [T:0x4a5b4] [DisplayControl] Exit OperationThread::ExitThread
2025/10/10 05:32:20.370 [T:0x4a5b4] [DisplayControl] Enter OperationThread::~OperationThread()
2025/10/10 05:32:20.370 [T:0x4a5b4] [DisplayControl] Enter OperationThread::ExitThread
2025/10/10 05:32:20.395 [T:0x4a5b4] [DbgStr] After calling display_control_client_listener_video_port_.UpdateAllDisplayPath()
2025/10/10 05:32:20.417 [T:0x4a5b4] [DbgStr] After calling display_control_client_listener_.GetAllDisplayEDID()
2025/10/10 05:32:20.427 [T:0x4a5b4] [DisplayControl] Version = 3.0.6.0
2025/10/10 05:32:20.427 [T:0x4a5b4] [DisplayControl] Enter ObtainControlHandler1
2025/10/10 05:32:20.427 [T:0x4a5b4] [DisplayControl] GetVideoPortCommander
2025/10/10 05:32:20.427 [T:0x4a5b4] [DisplayControl] GetUSBHubCommander
2025/10/10 05:32:20.427 [T:0x4a5b4] ====== List p_lpo_display_info_video_port, # of devices is ======2
2025/10/10 05:32:20.427 [T:0x4a5b4] [DisplayControl] index of p_lpo_display_info_video_port0
2025/10/10 05:32:20.427 [T:0x4a5b4] [DisplayControl] Model name from VideoPort = VG2458
2025/10/10 05:32:20.427 [T:0x4a5b4] [DisplayControl] SN from VideoPort = YDJ243400006
2025/10/10 05:32:20.427 [T:0x4a5b4] [DisplayControl] index of p_lpo_display_info_video_port1
2025/10/10 05:32:20.427 [T:0x4a5b4] [DisplayControl] Model name from VideoPort = VG275
2025/10/10 05:32:20.427 [T:0x4a5b4] [DisplayControl] SN from VideoPort = XF6232400003
2025/10/10 05:32:20.427 [T:0x4a5b4] ====== List p_lpo_display_info_rtd_scalar_rts_hub, # of devices is ======0
2025/10/10 05:32:20.428 [T:0x4a5b4] [DisplayControl] GetVSRtkHubControlClientListener
2025/10/10 05:32:20.428 [T:0x4a5b4] [DisplayControl] max monitor count = 2
2025/10/10 05:32:20.428 [T:0x4a5b4] [DisplayControl] index of display_info_vec = 0
2025/10/10 05:32:20.428 [T:0x4a5b4] [DisplayControl] index of p_lpo_display_info_video_port = 0
2025/10/10 05:32:20.428 [T:0x4a5b4] [DisplayControl] VideoPortMatchingRule
2025/10/10 05:32:20.428 [T:0x4a5b4] [DisplayControl] monitor display_info_model_name = VG2458
2025/10/10 05:32:20.428 [T:0x4a5b4] [DisplayControl] monitor video_port_model_name = VG2458
2025/10/10 05:32:20.428 [T:0x4a5b4] [DisplayControl] monitor display_info_sn = YDJ243400006
2025/10/10 05:32:20.428 [T:0x4a5b4] [DisplayControl] monitor video_port_sn = YDJ243400006
2025/10/10 05:32:20.428 [T:0x4a5b4] [DisplayControl] model_name_match = 1
2025/10/10 05:32:20.428 [T:0x4a5b4] [DisplayControl] sn_match = 1
2025/10/10 05:32:20.428 [T:0x4a5b4] [DisplayControl] video_port is_match = 1
2025/10/10 05:32:20.428 [T:0x4a5b4] [DisplayControl] index of display_info_vec = 1
2025/10/10 05:32:20.428 [T:0x4a5b4] [DisplayControl] index of p_lpo_display_info_video_port = 0
2025/10/10 05:32:20.428 [T:0x4a5b4] [DisplayControl] VideoPortMatchingRule
2025/10/10 05:32:20.428 [T:0x4a5b4] [DisplayControl] monitor display_info_model_name = VG275
2025/10/10 05:32:20.428 [T:0x4a5b4] [DisplayControl] monitor video_port_model_name = VG2458
2025/10/10 05:32:20.428 [T:0x4a5b4] [DisplayControl] monitor display_info_sn = XF6232400003
2025/10/10 05:32:20.428 [T:0x4a5b4] [DisplayControl] monitor video_port_sn = YDJ243400006
2025/10/10 05:32:20.428 [T:0x4a5b4] [DisplayControl] model_name_match = 0
2025/10/10 05:32:20.428 [T:0x4a5b4] [DisplayControl] sn_match = 0
2025/10/10 05:32:20.428 [T:0x4a5b4] [DisplayControl] video_port is_match = 0
2025/10/10 05:32:20.428 [T:0x4a5b4] [DisplayControl] index of display_info_vec = 1
2025/10/10 05:32:20.428 [T:0x4a5b4] [DisplayControl] index of p_lpo_display_info_video_port = 1
2025/10/10 05:32:20.428 [T:0x4a5b4] [DisplayControl] VideoPortMatchingRule
2025/10/10 05:32:20.428 [T:0x4a5b4] [DisplayControl] monitor display_info_model_name = VG275
2025/10/10 05:32:20.428 [T:0x4a5b4] [DisplayControl] monitor video_port_model_name = VG275
2025/10/10 05:32:20.428 [T:0x4a5b4] [DisplayControl] monitor display_info_sn = XF6232400003
2025/10/10 05:32:20.428 [T:0x4a5b4] [DisplayControl] monitor video_port_sn = XF6232400003
2025/10/10 05:32:20.429 [T:0x4a5b4] [DisplayControl] model_name_match = 1
2025/10/10 05:32:20.429 [T:0x4a5b4] [DisplayControl] sn_match = 1
2025/10/10 05:32:20.429 [T:0x4a5b4] [DisplayControl] video_port is_match = 1
2025/10/10 05:32:20.429 [T:0x4a5b4] [DisplayControl] i = 0
2025/10/10 05:32:20.429 [T:0x4a5b4] [DisplayControl] Enter OperationThread::OperationThread()
2025/10/10 05:32:20.429 [T:0x4a5b4] [DisplayControl] Enter OperationThread::CreateThread
2025/10/10 05:32:20.429 [T:0x4a5b4] [DisplayControl] new DisplayFunctioner
2025/10/10 05:32:20.429 [T:0x4a5b4] [DisplayControl] insert displayer_vector
2025/10/10 05:32:20.429 [T:0x4a5b4] [DisplayControl] insert modelName_SN_to_Display_map
2025/10/10 05:32:20.429 [T:0x4a5b4] [DisplayControl] insert device_id_to_Displayer_map_
2025/10/10 05:32:20.429 [T:0x4a5b4] [DisplayControl] i = 1
2025/10/10 05:32:20.429 [T:0x4a5b4] [DisplayControl] Enter OperationThread::OperationThread()
2025/10/10 05:32:20.429 [T:0x4a5b4] [DisplayControl] Enter OperationThread::CreateThread
2025/10/10 05:32:20.429 [T:0x4a5b4] [DisplayControl] new DisplayFunctioner
2025/10/10 05:32:20.429 [T:0x4a5b4] [DisplayControl] insert displayer_vector
2025/10/10 05:32:20.429 [T:0x4a5b4] [DisplayControl] insert modelName_SN_to_Display_map
2025/10/10 05:32:20.429 [T:0x4a5b4] [DisplayControl] insert device_id_to_Displayer_map_
2025/10/10 05:32:20.429 [T:0x4a5b4] [DisplayControl] monitor size = 2
2025/10/10 05:32:20.429 [T:0x4a5b4] [DisplayControl] Exit ObtainControlHandler
2025/10/10 05:34:06.143 [T:0x4a5b4] [DisplayControl] Enter OperationThread::ExitThread
2025/10/10 05:34:06.144 [T:0x4a5b4] [DisplayControl] Exit OperationThread::ExitThread
2025/10/10 05:34:06.144 [T:0x4a5b4] [DisplayControl] Enter OperationThread::~OperationThread()
2025/10/10 05:34:06.144 [T:0x4a5b4] [DisplayControl] Enter OperationThread::ExitThread
2025/10/10 05:34:06.144 [T:0x4a5b4] [DisplayControl] Enter OperationThread::ExitThread
2025/10/10 05:34:06.144 [T:0x4a5b4] [DisplayControl] Exit OperationThread::ExitThread
2025/10/10 05:34:06.144 [T:0x4a5b4] [DisplayControl] Enter OperationThread::~OperationThread()
2025/10/10 05:34:06.144 [T:0x4a5b4] [DisplayControl] Enter OperationThread::ExitThread
2025/10/10 05:34:06.172 [T:0x4a5b4] [DbgStr] After calling display_control_client_listener_video_port_.UpdateAllDisplayPath()
2025/10/10 05:34:06.192 [T:0x4a5b4] [DbgStr] After calling display_control_client_listener_.GetAllDisplayEDID()
2025/10/10 05:34:06.193 [T:0x4a5b4] [DisplayControl] Version = 3.0.6.0
2025/10/10 05:34:06.194 [T:0x4a5b4] [DisplayControl] Enter ObtainControlHandler1
2025/10/10 05:34:06.194 [T:0x4a5b4] [DisplayControl] GetVideoPortCommander
2025/10/10 05:34:06.194 [T:0x4a5b4] [DisplayControl] GetUSBHubCommander
2025/10/10 05:34:06.194 [T:0x4a5b4] ====== List p_lpo_display_info_video_port, # of devices is ======2
2025/10/10 05:34:06.194 [T:0x4a5b4] [DisplayControl] index of p_lpo_display_info_video_port0
2025/10/10 05:34:06.194 [T:0x4a5b4] [DisplayControl] Model name from VideoPort = VG2458
2025/10/10 05:34:06.194 [T:0x4a5b4] [DisplayControl] SN from VideoPort = YDJ243400006
2025/10/10 05:34:06.194 [T:0x4a5b4] [DisplayControl] index of p_lpo_display_info_video_port1
2025/10/10 05:34:06.194 [T:0x4a5b4] [DisplayControl] Model name from VideoPort = VG275
2025/10/10 05:34:06.194 [T:0x4a5b4] [DisplayControl] SN from VideoPort = XF6232400003
2025/10/10 05:34:06.194 [T:0x4a5b4] ====== List p_lpo_display_info_rtd_scalar_rts_hub, # of devices is ======0
2025/10/10 05:34:06.194 [T:0x4a5b4] [DisplayControl] GetVSRtkHubControlClientListener
2025/10/10 05:34:06.194 [T:0x4a5b4] [DisplayControl] max monitor count = 2
2025/10/10 05:34:06.194 [T:0x4a5b4] [DisplayControl] index of display_info_vec = 0
2025/10/10 05:34:06.194 [T:0x4a5b4] [DisplayControl] index of p_lpo_display_info_video_port = 0
2025/10/10 05:34:06.194 [T:0x4a5b4] [DisplayControl] VideoPortMatchingRule
2025/10/10 05:34:06.194 [T:0x4a5b4] [DisplayControl] monitor display_info_model_name = VG2458
2025/10/10 05:34:06.194 [T:0x4a5b4] [DisplayControl] monitor video_port_model_name = VG2458
2025/10/10 05:34:06.194 [T:0x4a5b4] [DisplayControl] monitor display_info_sn = YDJ243400006
2025/10/10 05:34:06.194 [T:0x4a5b4] [DisplayControl] monitor video_port_sn = YDJ243400006
2025/10/10 05:34:06.194 [T:0x4a5b4] [DisplayControl] model_name_match = 1
2025/10/10 05:34:06.194 [T:0x4a5b4] [DisplayControl] sn_match = 1
2025/10/10 05:34:06.194 [T:0x4a5b4] [DisplayControl] video_port is_match = 1
2025/10/10 05:34:06.194 [T:0x4a5b4] [DisplayControl] index of display_info_vec = 1
2025/10/10 05:34:06.194 [T:0x4a5b4] [DisplayControl] index of p_lpo_display_info_video_port = 0
2025/10/10 05:34:06.195 [T:0x4a5b4] [DisplayControl] VideoPortMatchingRule
2025/10/10 05:34:06.195 [T:0x4a5b4] [DisplayControl] monitor display_info_model_name = VG275
2025/10/10 05:34:06.195 [T:0x4a5b4] [DisplayControl] monitor video_port_model_name = VG2458
2025/10/10 05:34:06.195 [T:0x4a5b4] [DisplayControl] monitor display_info_sn = XF6232400003
2025/10/10 05:34:06.195 [T:0x4a5b4] [DisplayControl] monitor video_port_sn = YDJ243400006
2025/10/10 05:34:06.195 [T:0x4a5b4] [DisplayControl] model_name_match = 0
2025/10/10 05:34:06.195 [T:0x4a5b4] [DisplayControl] sn_match = 0
2025/10/10 05:34:06.195 [T:0x4a5b4] [DisplayControl] video_port is_match = 0
2025/10/10 05:34:06.195 [T:0x4a5b4] [DisplayControl] index of display_info_vec = 1
2025/10/10 05:34:06.195 [T:0x4a5b4] [DisplayControl] index of p_lpo_display_info_video_port = 1
2025/10/10 05:34:06.195 [T:0x4a5b4] [DisplayControl] VideoPortMatchingRule
2025/10/10 05:34:06.195 [T:0x4a5b4] [DisplayControl] monitor display_info_model_name = VG275
2025/10/10 05:34:06.195 [T:0x4a5b4] [DisplayControl] monitor video_port_model_name = VG275
2025/10/10 05:34:06.195 [T:0x4a5b4] [DisplayControl] monitor display_info_sn = XF6232400003
2025/10/10 05:34:06.195 [T:0x4a5b4] [DisplayControl] monitor video_port_sn = XF6232400003
2025/10/10 05:34:06.195 [T:0x4a5b4] [DisplayControl] model_name_match = 1
2025/10/10 05:34:06.195 [T:0x4a5b4] [DisplayControl] sn_match = 1
2025/10/10 05:34:06.195 [T:0x4a5b4] [DisplayControl] video_port is_match = 1
2025/10/10 05:34:06.195 [T:0x4a5b4] [DisplayControl] i = 0
2025/10/10 05:34:06.195 [T:0x4a5b4] [DisplayControl] Enter OperationThread::OperationThread()
2025/10/10 05:34:06.195 [T:0x4a5b4] [DisplayControl] Enter OperationThread::CreateThread
2025/10/10 05:34:06.195 [T:0x4a5b4] [DisplayControl] new DisplayFunctioner
2025/10/10 05:34:06.195 [T:0x4a5b4] [DisplayControl] insert displayer_vector
2025/10/10 05:34:06.195 [T:0x4a5b4] [DisplayControl] insert modelName_SN_to_Display_map
2025/10/10 05:34:06.195 [T:0x4a5b4] [DisplayControl] insert device_id_to_Displayer_map_
2025/10/10 05:34:06.196 [T:0x4a5b4] [DisplayControl] i = 1
2025/10/10 05:34:06.196 [T:0x4a5b4] [DisplayControl] Enter OperationThread::OperationThread()
2025/10/10 05:34:06.196 [T:0x4a5b4] [DisplayControl] Enter OperationThread::CreateThread
2025/10/10 05:34:06.196 [T:0x4a5b4] [DisplayControl] new DisplayFunctioner
2025/10/10 05:34:06.196 [T:0x4a5b4] [DisplayControl] insert displayer_vector
2025/10/10 05:34:06.196 [T:0x4a5b4] [DisplayControl] insert modelName_SN_to_Display_map
2025/10/10 05:34:06.196 [T:0x4a5b4] [DisplayControl] insert device_id_to_Displayer_map_
2025/10/10 05:34:06.196 [T:0x4a5b4] [DisplayControl] monitor size = 2
2025/10/10 05:34:06.196 [T:0x4a5b4] [DisplayControl] Exit ObtainControlHandler
2025/10/10 05:35:53.678 [T:0xf13fd] [DisplayControl] Enter MCCSOtherSet::SetVCP(), vcp code = 16
2025/10/10 05:35:53.870 [T:0xf13fd] [DisplayControl] Exit MCCSOtherSet::SetVCP()
2025/10/10 05:37:21.520 [T:0xf8164] [DisplayControl] Enter MCCSOtherSet::SetVCP(), vcp code = 16
2025/10/10 05:37:21.705 [T:0xf8164] [DisplayControl] Exit MCCSOtherSet::SetVCP()
2025/10/10 05:38:47.326 [T:0xac030] [DisplayControl] Enter MCCSOtherSet::SetVCP(), vcp code = 18
2025/10/10 05:38:47.494 [T:0xac030] [DisplayControl] Exit MCCSOtherSet::SetVCP()
2025/10/10 05:40:14.154 [T:0xe9812] [DisplayControl] Enter MCCSOtherSet::SetVCP(), vcp code = 18
2025/10/10 05:40:14.350 [T:0xe9812] [DisplayControl] Exit MCCSOtherSet::SetVCP()
2025/10/10 05:41:41.023 [T:0xa9329] [DisplayControl] Enter MCCSOtherSet::SetVCP(), vcp code = 135
2025/10/10 05:41:41.211 [T:0xa9329] [DisplayControl] Exit MCCSOtherSet::SetVCP()
2025/10/10 05:43:07.776 [T:0x1fc4b] [DisplayControl] Enter MCCSOtherSet::SetVCP(), vcp code = 135
2025/10/10 05:43:07.965 [T:0x1fc4b] [DisplayControl] Exit MCCSOtherSet::SetVCP()
2025/10/10 05:44:34.532 [T:0x4a5b4] [DisplayControl] Enter MCCSOtherSet::SetVCP(), vcp code = 98
2025/10/10 05:44:35.051 [T:0x4a5b4] [DisplayControl] Exit MCCSOtherSet::SetVCP()
2025/10/10 05:44:35.159 [T:0x6ce36] [DisplayControl] Enter MCCSOtherSet::SetVCP(), vcp code = 98
2025/10/10 05:44:35.342 [T:0x6ce36] [DisplayControl] Exit MCCSOtherSet::SetVCP()
2025/10/10 05:46:01.355 [T:0x4a5b4] [DisplayControl] Enter MCCSOtherSet::SetVCP(), vcp code = 98
2025/10/10 05:46:01.558 [T:0x4a5b4] [DisplayControl] Exit MCCSOtherSet::SetVCP()
2025/10/10 05:46:01.672 [T:0xb2cad] [DisplayControl] Enter MCCSOtherSet::SetVCP(), vcp code = 98
2025/10/10 05:46:01.853 [T:0xb2cad] [DisplayControl] Exit MCCSOtherSet::SetVCP()
2025/10/10 05:47:31.882 [T:0x18e56] [DisplayControl] Enter MCCSOtherSet::SetVCP(), vcp code = 220
2025/10/10 05:47:32.847 [T:0x18e56] [DisplayControl] Exit MCCSOtherSet::SetVCP()
2025/10/10 05:47:38.475 [T:0x18e56] [DisplayControl] Enter MCCSOtherSet::GetVCP(), vcp code = 18
2025/10/10 05:47:38.557 [T:0x18e56] [DisplayControl] Exit MCCSOtherSet::GetVCP()
2025/10/10 05:47:39.274 [T:0x18e56] [DisplayControl] Enter MCCSOtherSet::GetVCP(), vcp code = 20
2025/10/10 05:47:39.356 [T:0x18e56] [DisplayControl] Exit MCCSOtherSet::GetVCP()
2025/10/10 05:47:40.076 [T:0x18e56] [DisplayControl] Enter MCCSOtherSet::GetVCP(), vcp code = 135
2025/10/10 05:47:40.157 [T:0x18e56] [DisplayControl] Exit MCCSOtherSet::GetVCP()
2025/10/10 05:47:40.876 [T:0x18e56] [DisplayControl] Enter MCCSOtherSet::GetVCP(), vcp code = 16
2025/10/10 05:47:40.958 [T:0x18e56] [DisplayControl] Exit MCCSOtherSet::GetVCP()
2025/10/10 05:49:15.883 [T:0x3cae6] [DisplayControl] Enter MCCSOtherSet::SetVCP(), vcp code = 220
2025/10/10 05:49:16.848 [T:0x3cae6] [DisplayControl] Exit MCCSOtherSet::SetVCP()
2025/10/10 05:49:22.470 [T:0x3cae6] [DisplayControl] Enter MCCSOtherSet::GetVCP(), vcp code = 18
2025/10/10 05:49:22.551 [T:0x3cae6] [DisplayControl] Exit MCCSOtherSet::GetVCP()
2025/10/10 05:49:23.268 [T:0x3cae6] [DisplayControl] Enter MCCSOtherSet::GetVCP(), vcp code = 20
2025/10/10 05:49:23.348 [T:0x3cae6] [DisplayControl] Exit MCCSOtherSet::GetVCP()
2025/10/10 05:49:24.067 [T:0x3cae6] [DisplayControl] Enter MCCSOtherSet::GetVCP(), vcp code = 135
2025/10/10 05:49:24.147 [T:0x3cae6] [DisplayControl] Exit MCCSOtherSet::GetVCP()
2025/10/10 05:49:24.861 [T:0x3cae6] [DisplayControl] Enter MCCSOtherSet::GetVCP(), vcp code = 16
2025/10/10 05:49:24.942 [T:0x3cae6] [DisplayControl] Exit MCCSOtherSet::GetVCP()
2025/10/10 05:50:59.843 [T:0x096d9] [DisplayControl] Enter MCCSOtherSet::SetVCP(), vcp code = 220
2025/10/10 05:51:00.829 [T:0x096d9] [DisplayControl] Exit MCCSOtherSet::SetVCP()
2025/10/10 05:51:06.443 [T:0x096d9] [DisplayControl] Enter MCCSOtherSet::GetVCP(), vcp code = 18
2025/10/10 05:51:06.526 [T:0x096d9] [DisplayControl] Exit MCCSOtherSet::GetVCP()
2025/10/10 05:51:07.242 [T:0x096d9] [DisplayControl] Enter MCCSOtherSet::GetVCP(), vcp code = 20
2025/10/10 05:51:07.324 [T:0x096d9] [DisplayControl] Exit MCCSOtherSet::GetVCP()
2025/10/10 05:51:08.044 [T:0x096d9] [DisplayControl] Enter MCCSOtherSet::GetVCP(), vcp code = 135
2025/10/10 05:51:08.126 [T:0x096d9] [DisplayControl] Exit MCCSOtherSet::GetVCP()
2025/10/10 05:51:08.844 [T:0x096d9] [DisplayControl] Enter MCCSOtherSet::GetVCP(), vcp code = 16
2025/10/10 05:51:08.926 [T:0x096d9] [DisplayControl] Exit MCCSOtherSet::GetVCP()
2025/10/10 05:52:43.758 [T:0x46963] [DisplayControl] Enter MCCSOtherSet::SetVCP(), vcp code = 220
2025/10/10 05:52:44.743 [T:0x46963] [DisplayControl] Exit MCCSOtherSet::SetVCP()
2025/10/10 05:52:50.363 [T:0x46963] [DisplayControl] Enter MCCSOtherSet::GetVCP(), vcp code = 18
2025/10/10 05:52:50.446 [T:0x46963] [DisplayControl] Exit MCCSOtherSet::GetVCP()
2025/10/10 05:52:51.162 [T:0x46963] [DisplayControl] Enter MCCSOtherSet::GetVCP(), vcp code = 20
2025/10/10 05:52:51.244 [T:0x46963] [DisplayControl] Exit MCCSOtherSet::GetVCP()
2025/10/10 05:52:51.964 [T:0x46963] [DisplayControl] Enter MCCSOtherSet::GetVCP(), vcp code = 135
2025/10/10 05:52:52.046 [T:0x46963] [DisplayControl] Exit MCCSOtherSet::GetVCP()
2025/10/10 05:52:52.767 [T:0x46963] [DisplayControl] Enter MCCSOtherSet::GetVCP(), vcp code = 16
2025/10/10 05:52:52.847 [T:0x46963] [DisplayControl] Exit MCCSOtherSet::GetVCP()
2025/10/10 05:54:27.795 [T:0x6ce36] [DisplayControl] Enter MCCSOtherSet::SetVCP(), vcp code = 220
2025/10/10 05:54:28.769 [T:0x6ce36] [DisplayControl] Exit MCCSOtherSet::SetVCP()
2025/10/10 05:54:34.396 [T:0x6ce36] [DisplayControl] Enter MCCSOtherSet::GetVCP(), vcp code = 18
2025/10/10 05:54:34.477 [T:0x6ce36] [DisplayControl] Exit MCCSOtherSet::GetVCP()
2025/10/10 05:54:35.194 [T:0x6ce36] [DisplayControl] Enter MCCSOtherSet::GetVCP(), vcp code = 20
2025/10/10 05:54:35.276 [T:0x6ce36] [DisplayControl] Exit MCCSOtherSet::GetVCP()
2025/10/10 05:54:35.991 [T:0x6ce36] [DisplayControl] Enter MCCSOtherSet::GetVCP(), vcp code = 135
2025/10/10 05:54:36.073 [T:0x6ce36] [DisplayControl] Exit MCCSOtherSet::GetVCP()
2025/10/10 05:54:36.785 [T:0x6ce36] [DisplayControl] Enter MCCSOtherSet::GetVCP(), vcp code = 16
2025/10/10 05:54:36.865 [T:0x6ce36] [DisplayControl] Exit MCCSOtherSet::GetVCP()
2025/10/10 05:56:11.757 [T:0x0e6dc] [DisplayControl] Enter MCCSOtherSet::SetVCP(), vcp code = 220
2025/10/10 05:56:12.714 [T:0x0e6dc] [DisplayControl] Exit MCCSOtherSet::SetVCP()
2025/10/10 05:56:18.333 [T:0x0e6dc] [DisplayControl] Enter MCCSOtherSet::GetVCP(), vcp code = 18
2025/10/10 05:56:18.414 [T:0x0e6dc] [DisplayControl] Exit MCCSOtherSet::GetVCP()
2025/10/10 05:56:19.131 [T:0x0e6dc] [DisplayControl] Enter MCCSOtherSet::GetVCP(), vcp code = 20
2025/10/10 05:56:19.213 [T:0x0e6dc] [DisplayControl] Exit MCCSOtherSet::GetVCP()
2025/10/10 05:56:19.925 [T:0x0e6dc] [DisplayControl] Enter MCCSOtherSet::GetVCP(), vcp code = 135
2025/10/10 05:56:20.004 [T:0x0e6dc] [DisplayControl] Exit MCCSOtherSet::GetVCP()
2025/10/10 05:56:20.723 [T:0x0e6dc] [DisplayControl] Enter MCCSOtherSet::GetVCP(), vcp code = 16
2025/10/10 05:56:20.803 [T:0x0e6dc] [DisplayControl] Exit MCCSOtherSet::GetVCP()
2025/10/10 05:57:55.708 [T:0xe0c28] [DisplayControl] Enter MCCSOtherSet::SetVCP(), vcp code = 220
2025/10/10 05:57:56.681 [T:0xe0c28] [DisplayControl] Exit MCCSOtherSet::SetVCP()
2025/10/10 05:58:02.298 [T:0xe0c28] [DisplayControl] Enter MCCSOtherSet::GetVCP(), vcp code = 18
2025/10/10 05:58:02.380 [T:0xe0c28] [DisplayControl] Exit MCCSOtherSet::GetVCP()
2025/10/10 05:58:03.098 [T:0xe0c28] [DisplayControl] Enter MCCSOtherSet::GetVCP(), vcp code = 20
2025/10/10 05:58:03.179 [T:0xe0c28] [DisplayControl] Exit MCCSOtherSet::GetVCP()
2025/10/10 05:58:03.895 [T:0xe0c28] [DisplayControl] Enter MCCSOtherSet::GetVCP(), vcp code = 135
2025/10/10 05:58:03.976 [T:0xe0c28] [DisplayControl] Exit MCCSOtherSet::GetVCP()
2025/10/10 05:58:04.696 [T:0xe0c28] [DisplayControl] Enter MCCSOtherSet::GetVCP(), vcp code = 16
2025/10/10 05:58:04.777 [T:0xe0c28] [DisplayControl] Exit MCCSOtherSet::GetVCP()
2025/10/10 05:59:39.727 [T:0xdad7a] [DisplayControl] Enter MCCSOtherSet::SetVCP(), vcp code = 220
2025/10/10 05:59:40.682 [T:0xdad7a] [DisplayControl] Exit MCCSOtherSet::SetVCP()
2025/10/10 05:59:46.299 [T:0xdad7a] [DisplayControl] Enter MCCSOtherSet::GetVCP(), vcp code = 18
2025/10/10 05:59:46.380 [T:0xdad7a] [DisplayControl] Exit MCCSOtherSet::GetVCP()
2025/10/10 05:59:47.097 [T:0xdad7a] [DisplayControl] Enter MCCSOtherSet::GetVCP(), vcp code = 20
2025/10/10 05:59:47.180 [T:0xdad7a] [DisplayControl] Exit MCCSOtherSet::GetVCP()
2025/10/10 05:59:47.893 [T:0xdad7a] [DisplayControl] Enter MCCSOtherSet::GetVCP(), vcp code = 135
2025/10/10 05:59:47.974 [T:0xdad7a] [DisplayControl] Exit MCCSOtherSet::GetVCP()
2025/10/10 05:59:48.691 [T:0xdad7a] [DisplayControl] Enter MCCSOtherSet::GetVCP(), vcp code = 16
2025/10/10 05:59:48.771 [T:0xdad7a] [DisplayControl] Exit MCCSOtherSet::GetVCP()
2025/10/10 06:01:23.719 [T:0xc93f6] [DisplayControl] Enter MCCSOtherSet::SetVCP(), vcp code = 220
2025/10/10 06:01:24.688 [T:0xc93f6] [DisplayControl] Exit MCCSOtherSet::SetVCP()
2025/10/10 06:01:30.296 [T:0xc93f6] [DisplayControl] Enter MCCSOtherSet::GetVCP(), vcp code = 18
2025/10/10 06:01:30.379 [T:0xc93f6] [DisplayControl] Exit MCCSOtherSet::GetVCP()
2025/10/10 06:01:31.094 [T:0xc93f6] [DisplayControl] Enter MCCSOtherSet::GetVCP(), vcp code = 20
2025/10/10 06:01:31.177 [T:0xc93f6] [DisplayControl] Exit MCCSOtherSet::GetVCP()
2025/10/10 06:01:31.894 [T:0xc93f6] [DisplayControl] Enter MCCSOtherSet::GetVCP(), vcp code = 135
2025/10/10 06:01:31.975 [T:0xc93f6] [DisplayControl] Exit MCCSOtherSet::GetVCP()
2025/10/10 06:01:32.690 [T:0xc93f6] [DisplayControl] Enter MCCSOtherSet::GetVCP(), vcp code = 16
2025/10/10 06:01:32.770 [T:0xc93f6] [DisplayControl] Exit MCCSOtherSet::GetVCP()
2025/10/10 06:03:07.713 [T:0xf63ce] [DisplayControl] Enter MCCSOtherSet::SetVCP(), vcp code = 220
2025/10/10 06:03:08.699 [T:0xf63ce] [DisplayControl] Exit MCCSOtherSet::SetVCP()
2025/10/10 06:03:14.310 [T:0xf63ce] [DisplayControl] Enter MCCSOtherSet::GetVCP(), vcp code = 18
2025/10/10 06:03:14.391 [T:0xf63ce] [DisplayControl] Exit MCCSOtherSet::GetVCP()
2025/10/10 06:03:15.097 [T:0xf63ce] [DisplayControl] Enter MCCSOtherSet::GetVCP(), vcp code = 20
2025/10/10 06:03:15.180 [T:0xf63ce] [DisplayControl] Exit MCCSOtherSet::GetVCP()
2025/10/10 06:03:15.894 [T:0xf63ce] [DisplayControl] Enter MCCSOtherSet::GetVCP(), vcp code = 135
2025/10/10 06:03:15.976 [T:0xf63ce] [DisplayControl] Exit MCCSOtherSet::GetVCP()
2025/10/10 06:03:16.693 [T:0xf63ce] [DisplayControl] Enter MCCSOtherSet::GetVCP(), vcp code = 16
2025/10/10 06:03:16.774 [T:0xf63ce] [DisplayControl] Exit MCCSOtherSet::GetVCP()
2025/10/10 06:04:51.792 [T:0x66e9e] [DisplayControl] Enter MCCSOtherSet::SetVCP(), vcp code = 220
2025/10/10 06:04:52.767 [T:0x66e9e] [DisplayControl] Exit MCCSOtherSet::SetVCP()
2025/10/10 06:04:58.380 [T:0x66e9e] [DisplayControl] Enter MCCSOtherSet::GetVCP(), vcp code = 18
2025/10/10 06:04:58.462 [T:0x66e9e] [DisplayControl] Exit MCCSOtherSet::GetVCP()
2025/10/10 06:04:59.184 [T:0x66e9e] [DisplayControl] Enter MCCSOtherSet::GetVCP(), vcp code = 20
2025/10/10 06:04:59.265 [T:0x66e9e] [DisplayControl] Exit MCCSOtherSet::GetVCP()
2025/10/10 06:04:59.985 [T:0x66e9e] [DisplayControl] Enter MCCSOtherSet::GetVCP(), vcp code = 135
2025/10/10 06:05:00.066 [T:0x66e9e] [DisplayControl] Exit MCCSOtherSet::GetVCP()
2025/10/10 06:05:00.784 [T:0x66e9e] [DisplayControl] Enter MCCSOtherSet::GetVCP(), vcp code = 16
2025/10/10 06:05:00.864 [T:0x66e9e] [DisplayControl] Exit MCCSOtherSet::GetVCP()
2025/10/10 06:06:35.791 [T:0x84029] [DisplayControl] Enter MCCSOtherSet::SetVCP(), vcp code = 220
2025/10/10 06:06:36.770 [T:0x84029] [DisplayControl] Exit MCCSOtherSet::SetVCP()
2025/10/10 06:06:42.396 [T:0x84029] [DisplayControl] Enter MCCSOtherSet::GetVCP(), vcp code = 18
2025/10/10 06:06:42.477 [T:0x84029] [DisplayControl] Exit MCCSOtherSet::GetVCP()
2025/10/10 06:06:43.192 [T:0x84029] [DisplayControl] Enter MCCSOtherSet::GetVCP(), vcp code = 20
2025/10/10 06:06:43.274 [T:0x84029] [DisplayControl] Exit MCCSOtherSet::GetVCP()
2025/10/10 06:06:43.991 [T:0x84029] [DisplayControl] Enter MCCSOtherSet::GetVCP(), vcp code = 135
2025/10/10 06:06:44.072 [T:0x84029] [DisplayControl] Exit MCCSOtherSet::GetVCP()
2025/10/10 06:06:44.786 [T:0x84029] [DisplayControl] Enter MCCSOtherSet::GetVCP(), vcp code = 16
2025/10/10 06:06:44.867 [T:0x84029] [DisplayControl] Exit MCCSOtherSet::GetVCP()
2025/10/10 06:08:19.792 [T:0x5edb7] [DisplayControl] Enter MCCSOtherSet::SetVCP(), vcp code = 220
2025/10/10 06:08:20.782 [T:0x5edb7] [DisplayControl] Exit MCCSOtherSet::SetVCP()
2025/10/10 06:08:26.410 [T:0x5edb7] [DisplayControl] Enter MCCSOtherSet::GetVCP(), vcp code = 18
2025/10/10 06:08:26.491 [T:0x5edb7] [DisplayControl] Exit MCCSOtherSet::GetVCP()
2025/10/10 06:08:27.208 [T:0x5edb7] [DisplayControl] Enter MCCSOtherSet::GetVCP(), vcp code = 20
2025/10/10 06:08:27.289 [T:0x5edb7] [DisplayControl] Exit MCCSOtherSet::GetVCP()
2025/10/10 06:08:28.007 [T:0x5edb7] [DisplayControl] Enter MCCSOtherSet::GetVCP(), vcp code = 135
2025/10/10 06:08:28.087 [T:0x5edb7] [DisplayControl] Exit MCCSOtherSet::GetVCP()
2025/10/10 06:08:28.793 [T:0x5edb7] [DisplayControl] Enter MCCSOtherSet::GetVCP(), vcp code = 16
2025/10/10 06:08:28.875 [T:0x5edb7] [DisplayControl] Exit MCCSOtherSet::GetVCP()
2025/10/10 06:10:18.108 [T:0xf7cfc] [DisplayControl] Enter MCCSOtherSet::SetVCP(), vcp code = 4
2025/10/10 06:10:19.054 [T:0xf7cfc] [DisplayControl] Exit MCCSOtherSet::SetVCP()
2025/10/10 06:10:24.170 [T:0xf7cfc] [DisplayControl] Enter OperationThread::ExitThread
2025/10/10 06:10:24.170 [T:0xf7cfc] [DisplayControl] Exit OperationThread::ExitThread
2025/10/10 06:10:24.170 [T:0xf7cfc] [DisplayControl] Enter OperationThread::~OperationThread()
2025/10/10 06:10:24.170 [T:0xf7cfc] [DisplayControl] Enter OperationThread::ExitThread
2025/10/10 06:10:24.170 [T:0xf7cfc] [DisplayControl] Enter OperationThread::ExitThread
2025/10/10 06:10:24.170 [T:0xf7cfc] [DisplayControl] Exit OperationThread::ExitThread
2025/10/10 06:10:24.170 [T:0xf7cfc] [DisplayControl] Enter OperationThread::~OperationThread()
2025/10/10 06:10:24.170 [T:0xf7cfc] [DisplayControl] Enter OperationThread::ExitThread
2025/10/10 06:10:24.195 [T:0xf7cfc] [DbgStr] After calling display_control_client_listener_video_port_.UpdateAllDisplayPath()
2025/10/10 06:10:24.215 [T:0xf7cfc] [DbgStr] After calling display_control_client_listener_.GetAllDisplayEDID()
2025/10/10 06:10:24.217 [T:0xf7cfc] [DisplayControl] Version = 3.0.6.0
2025/10/10 06:10:24.217 [T:0xf7cfc] [DisplayControl] Enter ObtainControlHandler1
2025/10/10 06:10:24.217 [T:0xf7cfc] [DisplayControl] GetVideoPortCommander
2025/10/10 06:10:24.217 [T:0xf7cfc] [DisplayControl] GetUSBHubCommander
2025/10/10 06:10:24.217 [T:0xf7cfc] ====== List p_lpo_display_info_video_port, # of devices is ======2
2025/10/10 06:10:24.217 [T:0xf7cfc] [DisplayControl] index of p_lpo_display_info_video_port0
2025/10/10 06:10:24.217 [T:0xf7cfc] [DisplayControl] Model name from VideoPort = VG2458
2025/10/10 06:10:24.217 [T:0xf7cfc] [DisplayControl] SN from VideoPort = YDJ243400006
2025/10/10 06:10:24.217 [T:0xf7cfc] [DisplayControl] index of p_lpo_display_info_video_port1
2025/10/10 06:10:24.217 [T:0xf7cfc] [DisplayControl] Model name from VideoPort = VG275
2025/10/10 06:10:24.217 [T:0xf7cfc] [DisplayControl] SN from VideoPort = XF6232400003
2025/10/10 06:10:24.217 [T:0xf7cfc] ====== List p_lpo_display_info_rtd_scalar_rts_hub, # of devices is ======0
2025/10/10 06:10:24.217 [T:0xf7cfc] [DisplayControl] GetVSRtkHubControlClientListener
2025/10/10 06:10:24.217 [T:0xf7cfc] [DisplayControl] max monitor count = 2
2025/10/10 06:10:24.218 [T:0xf7cfc] [DisplayControl] index of display_info_vec = 0
2025/10/10 06:10:24.218 [T:0xf7cfc] [DisplayControl] index of p_lpo_display_info_video_port = 0
2025/10/10 06:10:24.218 [T:0xf7cfc] [DisplayControl] VideoPortMatchingRule
2025/10/10 06:10:24.218 [T:0xf7cfc] [DisplayControl] monitor display_info_model_name = VG2458
2025/10/10 06:10:24.218 [T:0xf7cfc] [DisplayControl] monitor video_port_model_name = VG2458
2025/10/10 06:10:24.218 [T:0xf7cfc] [DisplayControl] monitor display_info_sn = YDJ243400006
2025/10/10 06:10:24.218 [T:0xf7cfc] [DisplayControl] monitor video_port_sn = YDJ243400006
2025/10/10 06:10:24.218 [T:0xf7cfc] [DisplayControl] model_name_match = 1
2025/10/10 06:10:24.218 [T:0xf7cfc] [DisplayControl] sn_match = 1
2025/10/10 06:10:24.218 [T:0xf7cfc] [DisplayControl] video_port is_match = 1
2025/10/10 06:10:24.218 [T:0xf7cfc] [DisplayControl] index of display_info_vec = 1
2025/10/10 06:10:24.218 [T:0xf7cfc] [DisplayControl] index of p_lpo_display_info_video_port = 0
2025/10/10 06:10:24.218 [T:0xf7cfc] [DisplayControl] VideoPortMatchingRule
2025/10/10 06:10:24.218 [T:0xf7cfc] [DisplayControl] monitor display_info_model_name = VG275
2025/10/10 06:10:24.218 [T:0xf7cfc] [DisplayControl] monitor video_port_model_name = VG2458
2025/10/10 06:10:24.218 [T:0xf7cfc] [DisplayControl] monitor display_info_sn = XF6232400003
2025/10/10 06:10:24.218 [T:0xf7cfc] [DisplayControl] monitor video_port_sn = YDJ243400006
2025/10/10 06:10:24.218 [T:0xf7cfc] [DisplayControl] model_name_match = 0
2025/10/10 06:10:24.218 [T:0xf7cfc] [DisplayControl] sn_match = 0
2025/10/10 06:10:24.218 [T:0xf7cfc] [DisplayControl] video_port is_match = 0
2025/10/10 06:10:24.218 [T:0xf7cfc] [DisplayControl] index of display_info_vec = 1
2025/10/10 06:10:24.218 [T:0xf7cfc] [DisplayControl] index of p_lpo_display_info_video_port = 1
2025/10/10 06:10:24.218 [T:0xf7cfc] [DisplayControl] VideoPortMatchingRule
2025/10/10 06:10:24.218 [T:0xf7cfc] [DisplayControl] monitor display_info_model_name = VG275
2025/10/10 06:10:24.218 [T:0xf7cfc] [DisplayControl] monitor video_port_model_name = VG275
2025/10/10 06:10:24.218 [T:0xf7cfc] [DisplayControl] monitor display_info_sn = XF6232400003
2025/10/10 06:10:24.218 [T:0xf7cfc] [DisplayControl] monitor video_port_sn = XF6232400003
2025/10/10 06:10:24.218 [T:0xf7cfc] [DisplayControl] model_name_match = 1
2025/10/10 06:10:24.218 [T:0xf7cfc] [DisplayControl] sn_match = 1
2025/10/10 06:10:24.219 [T:0xf7cfc] [DisplayControl] video_port is_match = 1
2025/10/10 06:10:24.219 [T:0xf7cfc] [DisplayControl] i = 0
2025/10/10 06:10:24.219 [T:0xf7cfc] [DisplayControl] Enter OperationThread::OperationThread()
2025/10/10 06:10:24.219 [T:0xf7cfc] [DisplayControl] Enter OperationThread::CreateThread
2025/10/10 06:10:24.219 [T:0xf7cfc] [DisplayControl] new DisplayFunctioner
2025/10/10 06:10:24.219 [T:0xf7cfc] [DisplayControl] insert displayer_vector
2025/10/10 06:10:24.219 [T:0xf7cfc] [DisplayControl] insert modelName_SN_to_Display_map
2025/10/10 06:10:24.219 [T:0xf7cfc] [DisplayControl] insert device_id_to_Displayer_map_
2025/10/10 06:10:24.219 [T:0xf7cfc] [DisplayControl] i = 1
2025/10/10 06:10:24.219 [T:0xf7cfc] [DisplayControl] Enter OperationThread::OperationThread()
2025/10/10 06:10:24.219 [T:0xf7cfc] [DisplayControl] Enter OperationThread::CreateThread
2025/10/10 06:10:24.219 [T:0xf7cfc] [DisplayControl] new DisplayFunctioner
2025/10/10 06:10:24.219 [T:0xf7cfc] [DisplayControl] insert displayer_vector
2025/10/10 06:10:24.219 [T:0xf7cfc] [DisplayControl] insert modelName_SN_to_Display_map
2025/10/10 06:10:24.219 [T:0xf7cfc] [DisplayControl] insert device_id_to_Displayer_map_
2025/10/10 06:10:24.219 [T:0xf7cfc] [DisplayControl] monitor size = 2
2025/10/10 06:10:24.219 [T:0xf7cfc] [DisplayControl] Exit ObtainControlHandler
2025/10/10 06:10:24.219 [T:0xf7cfc] [DisplayControl] Enter MCCSOtherSet::GetVCP(), vcp code = 16
2025/10/10 06:10:24.298 [T:0xf7cfc] [DisplayControl] Exit MCCSOtherSet::GetVCP()
2025/10/10 06:10:24.298 [T:0xf7cfc] [DisplayControl] Enter MCCSOtherSet::GetVCP(), vcp code = 96
2025/10/10 06:10:24.441 [T:0xf7cfc] [DisplayControl] Exit MCCSOtherSet::GetVCP()
2025/10/10 06:10:24.550 [T:0xf7cfc] [DisplayControl] Enter MCCSOtherSet::GetVCP(), vcp code = 18
2025/10/10 06:10:24.633 [T:0xf7cfc] [DisplayControl] Exit MCCSOtherSet::GetVCP()
2025/10/10 06:10:24.742 [T:0xf7cfc] [DisplayControl] Enter MCCSOtherSet::GetVCP(), vcp code = 20
2025/10/10 06:10:24.824 [T:0xf7cfc] [DisplayControl] Exit MCCSOtherSet::GetVCP()
2025/10/10 06:10:24.933 [T:0xf7cfc] [DisplayControl] Enter MCCSOtherSet::GetVCP(), vcp code = 220
2025/10/10 06:10:25.016 [T:0xf7cfc] [DisplayControl] Exit MCCSOtherSet::GetVCP()
2025/10/10 06:10:25.125 [T:0xf7cfc] [DisplayControl] Enter MCCSOtherSet::GetVCP(), vcp code = 225
2025/10/10 06:10:25.207 [T:0xf7cfc] [DisplayControl] Exit MCCSOtherSet::GetVCP()
2025/10/10 06:10:25.316 [T:0xf7cfc] [DisplayControl] Enter MCCSOtherSet::GetVCP(), vcp code = 245
2025/10/10 06:10:25.398 [T:0xf7cfc] [DisplayControl] Exit MCCSOtherSet::GetVCP()
2025/10/10 06:10:25.503 [T:0xf7cfc] [DisplayControl] Enter MCCSOtherSet::GetVCP(), vcp code = 4
2025/10/10 06:10:25.586 [T:0xf7cfc] [DisplayControl] Exit MCCSOtherSet::GetVCP()
2025/10/10 06:10:25.693 [T:0xf7cfc] [DisplayControl] Enter MCCSOtherSet::GetVCP(), vcp code = 97
2025/10/10 06:10:25.774 [T:0xf7cfc] [DisplayControl] Exit MCCSOtherSet::GetVCP()
2025/10/10 06:10:25.881 [T:0xf7cfc] [DisplayControl] Enter MCCSOtherSet::GetVCP(), vcp code = 98
2025/10/10 06:10:25.961 [T:0xf7cfc] [DisplayControl] Exit MCCSOtherSet::GetVCP()
2025/10/10 06:10:26.068 [T:0xf7cfc] [DisplayControl] Enter MCCSOtherSet::GetVCP(), vcp code = 135
2025/10/10 06:10:26.147 [T:0xf7cfc] [DisplayControl] Exit MCCSOtherSet::GetVCP()
2025/10/10 06:10:26.253 [T:0xf7cfc] [DisplayControl] Enter MCCSOtherSet::GetVCP(), vcp code = 43
2025/10/10 06:10:26.334 [T:0xf7cfc] [DisplayControl] Exit MCCSOtherSet::GetVCP()
2025/10/10 06:10:26.443 [T:0xf7cfc] [DisplayControl] Enter MCCSOtherSet::GetVCP(), vcp code = 16
2025/10/10 06:10:26.526 [T:0xf7cfc] [DisplayControl] Exit MCCSOtherSet::GetVCP()
2025/10/10 06:10:26.549 [T:0x4a5b4] [DisplayControl] Enter MCCSOtherSet::GetVCP(), vcp code = 96
2025/10/10 06:10:26.633 [T:0xf7cfc] [DisplayControl] Enter MCCSOtherSet::GetVCP(), vcp code = 51
2025/10/10 06:10:26.705 [T:0x4a5b4] [DisplayControl] Exit MCCSOtherSet::GetVCP()
2025/10/10 06:10:26.893 [T:0xf7cfc] [DisplayControl] Exit MCCSOtherSet::GetVCP()
2025/10/10 06:10:26.994 [T:0xf7cfc] [DisplayControl] Enter MCCSOtherSet::GetVCP(), vcp code = 141
2025/10/10 06:10:27.185 [T:0xf7cfc] [DisplayControl] Exit MCCSOtherSet::GetVCP()
2025/10/10 06:10:27.291 [T:0xf7cfc] [DisplayControl] Enter MCCSOtherSet::GetVCP(), vcp code = 96
2025/10/10 06:10:27.377 [T:0xf7cfc] [DisplayControl] Exit MCCSOtherSet::GetVCP()
2025/10/10 06:10:27.481 [T:0xf7cfc] [DisplayControl] Enter MCCSOtherSet::GetVCP(), vcp code = 226
2025/10/10 06:10:27.566 [T:0xf7cfc] [DisplayControl] Exit MCCSOtherSet::GetVCP()
2025/10/10 06:10:27.669 [T:0xf7cfc] [DisplayControl] Enter MCCSOtherSet::GetVCP(), vcp code = 18
2025/10/10 06:10:27.754 [T:0xf7cfc] [DisplayControl] Exit MCCSOtherSet::GetVCP()
2025/10/10 06:10:27.857 [T:0xf7cfc] [DisplayControl] Enter MCCSOtherSet::GetVCP(), vcp code = 220
2025/10/10 06:10:27.942 [T:0xf7cfc] [DisplayControl] Exit MCCSOtherSet::GetVCP()
2025/10/10 06:10:28.044 [T:0xf7cfc] [DisplayControl] Enter MCCSOtherSet::GetVCP(), vcp code = 225
2025/10/10 06:10:28.130 [T:0xf7cfc] [DisplayControl] Exit MCCSOtherSet::GetVCP()
2025/10/10 06:10:28.233 [T:0xf7cfc] [DisplayControl] Enter MCCSOtherSet::GetVCP(), vcp code = 236
2025/10/10 06:10:28.317 [T:0xf7cfc] [DisplayControl] Exit MCCSOtherSet::GetVCP()
2025/10/10 06:10:28.420 [T:0xf7cfc] [DisplayControl] Enter MCCSOtherSet::GetVCP(), vcp code = 4
2025/10/10 06:10:28.506 [T:0xf7cfc] [DisplayControl] Exit MCCSOtherSet::GetVCP()
2025/10/10 06:10:28.609 [T:0xf7cfc] [DisplayControl] Enter MCCSOtherSet::GetVCP(), vcp code = 97
2025/10/10 06:10:28.693 [T:0xf7cfc] [DisplayControl] Exit MCCSOtherSet::GetVCP()
2025/10/10 06:10:28.795 [T:0xf7cfc] [DisplayControl] Enter MCCSOtherSet::GetVCP(), vcp code = 98
2025/10/10 06:10:28.881 [T:0xf7cfc] [DisplayControl] Exit MCCSOtherSet::GetVCP()
2025/10/10 06:10:28.985 [T:0xf7cfc] [DisplayControl] Enter MCCSOtherSet::GetVCP(), vcp code = 135
2025/10/10 06:10:29.072 [T:0xf7cfc] [DisplayControl] Exit MCCSOtherSet::GetVCP()
2025/10/10 06:10:29.176 [T:0xf7cfc] [DisplayControl] Enter MCCSOtherSet::GetVCP(), vcp code = 43
2025/10/10 06:10:29.263 [T:0xf7cfc] [DisplayControl] Exit MCCSOtherSet::GetVCP()
2025/10/10 06:10:29.365 [T:0xf7cfc] [DisplayControl] Enter MCCSOtherSet::GetVCP(), vcp code = 16
2025/10/10 06:10:29.449 [T:0xf7cfc] [DisplayControl] Exit MCCSOtherSet::GetVCP()
2025/10/10 06:10:29.551 [T:0xf7cfc] [DisplayControl] Enter MCCSOtherSet::GetVCP(), vcp code = 51
2025/10/10 06:10:29.634 [T:0xf7cfc] [DisplayControl] Exit MCCSOtherSet::GetVCP()
2025/10/10 06:10:29.737 [T:0xf7cfc] [DisplayControl] Enter MCCSOtherSet::GetVCP(), vcp code = 141
2025/10/10 06:10:29.822 [T:0xf7cfc] [DisplayControl] Exit MCCSOtherSet::GetVCP()
2025/10/10 06:11:17.463 [T:0x241ce] [DisplayControl] Enter MCCSOtherSet::SetVCP(), vcp code = 20
2025/10/10 06:11:17.654 [T:0x241ce] [DisplayControl] Exit MCCSOtherSet::SetVCP()
2025/10/10 06:11:18.263 [T:0x241ce] [DisplayControl] Enter MCCSOtherSet::GetVCP(), vcp code = 18
2025/10/10 06:11:18.345 [T:0x241ce] [DisplayControl] Exit MCCSOtherSet::GetVCP()
2025/10/10 06:11:19.065 [T:0x241ce] [DisplayControl] Enter MCCSOtherSet::GetVCP(), vcp code = 20
2025/10/10 06:11:19.146 [T:0x241ce] [DisplayControl] Exit MCCSOtherSet::GetVCP()
2025/10/10 06:11:19.864 [T:0x241ce] [DisplayControl] Enter MCCSOtherSet::GetVCP(), vcp code = 135
2025/10/10 06:11:19.946 [T:0x241ce] [DisplayControl] Exit MCCSOtherSet::GetVCP()
2025/10/10 06:11:20.658 [T:0x241ce] [DisplayControl] Enter MCCSOtherSet::GetVCP(), vcp code = 16
2025/10/10 06:11:20.738 [T:0x241ce] [DisplayControl] Exit MCCSOtherSet::GetVCP()
2025/10/10 06:12:56.355 [T:0x66e9e] [DisplayControl] Enter MCCSOtherSet::SetVCP(), vcp code = 20
2025/10/10 06:12:56.531 [T:0x66e9e] [DisplayControl] Exit MCCSOtherSet::SetVCP()
2025/10/10 06:12:57.144 [T:0x66e9e] [DisplayControl] Enter MCCSOtherSet::GetVCP(), vcp code = 18
2025/10/10 06:12:57.226 [T:0x66e9e] [DisplayControl] Exit MCCSOtherSet::GetVCP()
2025/10/10 06:12:57.945 [T:0x66e9e] [DisplayControl] Enter MCCSOtherSet::GetVCP(), vcp code = 20
2025/10/10 06:12:58.026 [T:0x66e9e] [DisplayControl] Exit MCCSOtherSet::GetVCP()
2025/10/10 06:12:58.738 [T:0x66e9e] [DisplayControl] Enter MCCSOtherSet::GetVCP(), vcp code = 135
2025/10/10 06:12:58.818 [T:0x66e9e] [DisplayControl] Exit MCCSOtherSet::GetVCP()
2025/10/10 06:12:59.527 [T:0x66e9e] [DisplayControl] Enter MCCSOtherSet::GetVCP(), vcp code = 16
2025/10/10 06:12:59.608 [T:0x66e9e] [DisplayControl] Exit MCCSOtherSet::GetVCP()
2025/10/10 06:14:35.242 [T:0x97d26] [DisplayControl] Enter MCCSOtherSet::SetVCP(), vcp code = 20
2025/10/10 06:14:35.450 [T:0x97d26] [DisplayControl] Exit MCCSOtherSet::SetVCP()
2025/10/10 06:14:36.060 [T:0x97d26] [DisplayControl] Enter MCCSOtherSet::GetVCP(), vcp code = 18
2025/10/10 06:14:36.141 [T:0x97d26] [DisplayControl] Exit MCCSOtherSet::GetVCP()
2025/10/10 06:14:36.859 [T:0x97d26] [DisplayControl] Enter MCCSOtherSet::GetVCP(), vcp code = 20
2025/10/10 06:14:36.941 [T:0x97d26] [DisplayControl] Exit MCCSOtherSet::GetVCP()
2025/10/10 06:14:37.657 [T:0x97d26] [DisplayControl] Enter MCCSOtherSet::GetVCP(), vcp code = 135
2025/10/10 06:14:37.737 [T:0x97d26] [DisplayControl] Exit MCCSOtherSet::GetVCP()
2025/10/10 06:14:38.457 [T:0x97d26] [DisplayControl] Enter MCCSOtherSet::GetVCP(), vcp code = 16
2025/10/10 06:14:38.539 [T:0x97d26] [DisplayControl] Exit MCCSOtherSet::GetVCP()
2025/10/10 06:16:14.188 [T:0x1b6ce] [DisplayControl] Enter MCCSOtherSet::SetVCP(), vcp code = 20
2025/10/10 06:16:14.359 [T:0x1b6ce] [DisplayControl] Exit MCCSOtherSet::SetVCP()
2025/10/10 06:16:14.967 [T:0x1b6ce] [DisplayControl] Enter MCCSOtherSet::GetVCP(), vcp code = 18
2025/10/10 06:16:15.048 [T:0x1b6ce] [DisplayControl] Exit MCCSOtherSet::GetVCP()
2025/10/10 06:16:15.767 [T:0x1b6ce] [DisplayControl] Enter MCCSOtherSet::GetVCP(), vcp code = 20
2025/10/10 06:16:15.850 [T:0x1b6ce] [DisplayControl] Exit MCCSOtherSet::GetVCP()
2025/10/10 06:16:16.569 [T:0x1b6ce] [DisplayControl] Enter MCCSOtherSet::GetVCP(), vcp code = 135
2025/10/10 06:16:16.652 [T:0x1b6ce] [DisplayControl] Exit MCCSOtherSet::GetVCP()
2025/10/10 06:16:17.367 [T:0x1b6ce] [DisplayControl] Enter MCCSOtherSet::GetVCP(), vcp code = 16
2025/10/10 06:16:17.447 [T:0x1b6ce] [DisplayControl] Exit MCCSOtherSet::GetVCP()
2025/10/10 06:17:53.100 [T:0x3e0c8] [DisplayControl] Enter MCCSOtherSet::SetVCP(), vcp code = 20
2025/10/10 06:17:53.292 [T:0x3e0c8] [DisplayControl] Exit MCCSOtherSet::SetVCP()
2025/10/10 06:17:53.895 [T:0x3e0c8] [DisplayControl] Enter MCCSOtherSet::GetVCP(), vcp code = 18
2025/10/10 06:17:53.976 [T:0x3e0c8] [DisplayControl] Exit MCCSOtherSet::GetVCP()
2025/10/10 06:17:54.694 [T:0x3e0c8] [DisplayControl] Enter MCCSOtherSet::GetVCP(), vcp code = 20
2025/10/10 06:17:54.775 [T:0x3e0c8] [DisplayControl] Exit MCCSOtherSet::GetVCP()
2025/10/10 06:17:55.489 [T:0x3e0c8] [DisplayControl] Enter MCCSOtherSet::GetVCP(), vcp code = 135
2025/10/10 06:17:55.570 [T:0x3e0c8] [DisplayControl] Exit MCCSOtherSet::GetVCP()
2025/10/10 06:17:56.277 [T:0x3e0c8] [DisplayControl] Enter MCCSOtherSet::GetVCP(), vcp code = 16
2025/10/10 06:17:56.359 [T:0x3e0c8] [DisplayControl] Exit MCCSOtherSet::GetVCP()
2025/10/10 06:19:49.437 [T:0x6b627] [DisplayControl] Enter MCCSOtherSet::SetVCP(), vcp code = 4
2025/10/10 06:19:50.381 [T:0x6b627] [DisplayControl] Exit MCCSOtherSet::SetVCP()
2025/10/10 06:19:55.496 [T:0x6b627] [DisplayControl] Enter OperationThread::ExitThread
2025/10/10 06:19:55.497 [T:0x6b627] [DisplayControl] Exit OperationThread::ExitThread
2025/10/10 06:19:55.497 [T:0x6b627] [DisplayControl] Enter OperationThread::~OperationThread()
2025/10/10 06:19:55.497 [T:0x6b627] [DisplayControl] Enter OperationThread::ExitThread
2025/10/10 06:19:55.497 [T:0x6b627] [DisplayControl] Enter OperationThread::ExitThread
2025/10/10 06:19:55.497 [T:0x6b627] [DisplayControl] Exit OperationThread::ExitThread
2025/10/10 06:19:55.497 [T:0x6b627] [DisplayControl] Enter OperationThread::~OperationThread()
2025/10/10 06:19:55.497 [T:0x6b627] [DisplayControl] Enter OperationThread::ExitThread
2025/10/10 06:19:55.522 [T:0x6b627] [DbgStr] After calling display_control_client_listener_video_port_.UpdateAllDisplayPath()
2025/10/10 06:19:55.542 [T:0x6b627] [DbgStr] After calling display_control_client_listener_.GetAllDisplayEDID()
2025/10/10 06:19:55.544 [T:0x6b627] [DisplayControl] Version = 3.0.6.0
2025/10/10 06:19:55.545 [T:0x6b627] [DisplayControl] Enter ObtainControlHandler1
2025/10/10 06:19:55.545 [T:0x6b627] [DisplayControl] GetVideoPortCommander
2025/10/10 06:19:55.545 [T:0x6b627] [DisplayControl] GetUSBHubCommander
2025/10/10 06:19:55.545 [T:0x6b627] ====== List p_lpo_display_info_video_port, # of devices is ======2
2025/10/10 06:19:55.545 [T:0x6b627] [DisplayControl] index of p_lpo_display_info_video_port0
2025/10/10 06:19:55.545 [T:0x6b627] [DisplayControl] Model name from VideoPort = VG2458
2025/10/10 06:19:55.545 [T:0x6b627] [DisplayControl] SN from VideoPort = YDJ243400006
2025/10/10 06:19:55.545 [T:0x6b627] [DisplayControl] index of p_lpo_display_info_video_port1
2025/10/10 06:19:55.545 [T:0x6b627] [DisplayControl] Model name from VideoPort = VG275
2025/10/10 06:19:55.545 [T:0x6b627] [DisplayControl] SN from VideoPort = XF6232400003
2025/10/10 06:19:55.545 [T:0x6b627] ====== List p_lpo_display_info_rtd_scalar_rts_hub, # of devices is ======0
2025/10/10 06:19:55.545 [T:0x6b627] [DisplayControl] GetVSRtkHubControlClientListener
2025/10/10 06:19:55.545 [T:0x6b627] [DisplayControl] max monitor count = 2
2025/10/10 06:19:55.545 [T:0x6b627] [DisplayControl] index of display_info_vec = 0
2025/10/10 06:19:55.545 [T:0x6b627] [DisplayControl] index of p_lpo_display_info_video_port = 0
2025/10/10 06:19:55.545 [T:0x6b627] [DisplayControl] VideoPortMatchingRule
2025/10/10 06:19:55.545 [T:0x6b627] [DisplayControl] monitor display_info_model_name = VG2458
2025/10/10 06:19:55.545 [T:0x6b627] [DisplayControl] monitor video_port_model_name = VG2458
2025/10/10 06:19:55.545 [T:0x6b627] [DisplayControl] monitor display_info_sn = YDJ243400006
2025/10/10 06:19:55.545 [T:0x6b627] [DisplayControl] monitor video_port_sn = YDJ243400006
2025/10/10 06:19:55.545 [T:0x6b627] [DisplayControl] model_name_match = 1
2025/10/10 06:19:55.545 [T:0x6b627] [DisplayControl] sn_match = 1
2025/10/10 06:19:55.545 [T:0x6b627] [DisplayControl] video_port is_match = 1
2025/10/10 06:19:55.545 [T:0x6b627] [DisplayControl] index of display_info_vec = 1
2025/10/10 06:19:55.545 [T:0x6b627] [DisplayControl] index of p_lpo_display_info_video_port = 0
2025/10/10 06:19:55.545 [T:0x6b627] [DisplayControl] VideoPortMatchingRule
2025/10/10 06:19:55.545 [T:0x6b627] [DisplayControl] monitor display_info_model_name = VG275
2025/10/10 06:19:55.546 [T:0x6b627] [DisplayControl] monitor video_port_model_name = VG2458
2025/10/10 06:19:55.546 [T:0x6b627] [DisplayControl] monitor display_info_sn = XF6232400003
2025/10/10 06:19:55.546 [T:0x6b627] [DisplayControl] monitor video_port_sn = YDJ243400006
2025/10/10 06:19:55.546 [T:0x6b627] [DisplayControl] model_name_match = 0
2025/10/10 06:19:55.546 [T:0x6b627] [DisplayControl] sn_match = 0
2025/10/10 06:19:55.546 [T:0x6b627] [DisplayControl] video_port is_match = 0
2025/10/10 06:19:55.546 [T:0x6b627] [DisplayControl] index of display_info_vec = 1
2025/10/10 06:19:55.546 [T:0x6b627] [DisplayControl] index of p_lpo_display_info_video_port = 1
2025/10/10 06:19:55.546 [T:0x6b627] [DisplayControl] VideoPortMatchingRule
2025/10/10 06:19:55.546 [T:0x6b627] [DisplayControl] monitor display_info_model_name = VG275
2025/10/10 06:19:55.546 [T:0x6b627] [DisplayControl] monitor video_port_model_name = VG275
2025/10/10 06:19:55.546 [T:0x6b627] [DisplayControl] monitor display_info_sn = XF6232400003
2025/10/10 06:19:55.546 [T:0x6b627] [DisplayControl] monitor video_port_sn = XF6232400003
2025/10/10 06:19:55.546 [T:0x6b627] [DisplayControl] model_name_match = 1
2025/10/10 06:19:55.546 [T:0x6b627] [DisplayControl] sn_match = 1
2025/10/10 06:19:55.546 [T:0x6b627] [DisplayControl] video_port is_match = 1
2025/10/10 06:19:55.546 [T:0x6b627] [DisplayControl] i = 0
2025/10/10 06:19:55.546 [T:0x6b627] [DisplayControl] Enter OperationThread::OperationThread()
2025/10/10 06:19:55.546 [T:0x6b627] [DisplayControl] Enter OperationThread::CreateThread
2025/10/10 06:19:55.546 [T:0x6b627] [DisplayControl] new DisplayFunctioner
2025/10/10 06:19:55.546 [T:0x6b627] [DisplayControl] insert displayer_vector
2025/10/10 06:19:55.546 [T:0x6b627] [DisplayControl] insert modelName_SN_to_Display_map
2025/10/10 06:19:55.546 [T:0x6b627] [DisplayControl] insert device_id_to_Displayer_map_
2025/10/10 06:19:55.546 [T:0x6b627] [DisplayControl] i = 1
2025/10/10 06:19:55.546 [T:0x6b627] [DisplayControl] Enter OperationThread::OperationThread()
2025/10/10 06:19:55.547 [T:0x6b627] [DisplayControl] Enter OperationThread::CreateThread
2025/10/10 06:19:55.547 [T:0x6b627] [DisplayControl] new DisplayFunctioner
2025/10/10 06:19:55.547 [T:0x6b627] [DisplayControl] insert displayer_vector
2025/10/10 06:19:55.547 [T:0x6b627] [DisplayControl] insert modelName_SN_to_Display_map
2025/10/10 06:19:55.547 [T:0x6b627] [DisplayControl] insert device_id_to_Displayer_map_
2025/10/10 06:19:55.547 [T:0x6b627] [DisplayControl] monitor size = 2
2025/10/10 06:19:55.547 [T:0x6b627] [DisplayControl] Exit ObtainControlHandler
2025/10/10 06:19:55.547 [T:0x6b627] [DisplayControl] Enter MCCSOtherSet::GetVCP(), vcp code = 16
2025/10/10 06:19:55.625 [T:0x6b627] [DisplayControl] Exit MCCSOtherSet::GetVCP()
2025/10/10 06:19:55.626 [T:0x6b627] [DisplayControl] Enter MCCSOtherSet::GetVCP(), vcp code = 96
2025/10/10 06:19:55.766 [T:0x6b627] [DisplayControl] Exit MCCSOtherSet::GetVCP()
2025/10/10 06:19:55.875 [T:0x6b627] [DisplayControl] Enter MCCSOtherSet::GetVCP(), vcp code = 18
2025/10/10 06:19:55.957 [T:0x6b627] [DisplayControl] Exit MCCSOtherSet::GetVCP()
2025/10/10 06:19:56.067 [T:0x6b627] [DisplayControl] Enter MCCSOtherSet::GetVCP(), vcp code = 20
2025/10/10 06:19:56.149 [T:0x6b627] [DisplayControl] Exit MCCSOtherSet::GetVCP()
2025/10/10 06:19:56.258 [T:0x6b627] [DisplayControl] Enter MCCSOtherSet::GetVCP(), vcp code = 220
2025/10/10 06:19:56.340 [T:0x6b627] [DisplayControl] Exit MCCSOtherSet::GetVCP()
2025/10/10 06:19:56.449 [T:0x6b627] [DisplayControl] Enter MCCSOtherSet::GetVCP(), vcp code = 225
2025/10/10 06:19:56.531 [T:0x6b627] [DisplayControl] Exit MCCSOtherSet::GetVCP()
2025/10/10 06:19:56.641 [T:0x6b627] [DisplayControl] Enter MCCSOtherSet::GetVCP(), vcp code = 245
2025/10/10 06:19:56.723 [T:0x6b627] [DisplayControl] Exit MCCSOtherSet::GetVCP()
2025/10/10 06:19:56.829 [T:0x6b627] [DisplayControl] Enter MCCSOtherSet::GetVCP(), vcp code = 4
2025/10/10 06:19:56.912 [T:0x6b627] [DisplayControl] Exit MCCSOtherSet::GetVCP()
2025/10/10 06:19:57.019 [T:0x6b627] [DisplayControl] Enter MCCSOtherSet::GetVCP(), vcp code = 97
2025/10/10 06:19:57.102 [T:0x6b627] [DisplayControl] Exit MCCSOtherSet::GetVCP()
2025/10/10 06:19:57.209 [T:0x6b627] [DisplayControl] Enter MCCSOtherSet::GetVCP(), vcp code = 98
2025/10/10 06:19:57.291 [T:0x6b627] [DisplayControl] Exit MCCSOtherSet::GetVCP()
2025/10/10 06:19:57.395 [T:0x6b627] [DisplayControl] Enter MCCSOtherSet::GetVCP(), vcp code = 135
2025/10/10 06:19:57.477 [T:0x6b627] [DisplayControl] Exit MCCSOtherSet::GetVCP()
2025/10/10 06:19:57.581 [T:0x6b627] [DisplayControl] Enter MCCSOtherSet::GetVCP(), vcp code = 43
2025/10/10 06:19:57.664 [T:0x6b627] [DisplayControl] Exit MCCSOtherSet::GetVCP()
2025/10/10 06:19:57.772 [T:0x6b627] [DisplayControl] Enter MCCSOtherSet::GetVCP(), vcp code = 16
2025/10/10 06:19:57.853 [T:0x6b627] [DisplayControl] Exit MCCSOtherSet::GetVCP()
2025/10/10 06:19:57.860 [T:0x4a5b4] [DisplayControl] Enter MCCSOtherSet::GetVCP(), vcp code = 96
2025/10/10 06:19:57.954 [T:0x6b627] [DisplayControl] Enter MCCSOtherSet::GetVCP(), vcp code = 51
2025/10/10 06:19:58.031 [T:0x4a5b4] [DisplayControl] Exit MCCSOtherSet::GetVCP()
2025/10/10 06:19:58.206 [T:0x6b627] [DisplayControl] Exit MCCSOtherSet::GetVCP()
2025/10/10 06:19:58.309 [T:0x6b627] [DisplayControl] Enter MCCSOtherSet::GetVCP(), vcp code = 141
2025/10/10 06:19:58.522 [T:0x6b627] [DisplayControl] Exit MCCSOtherSet::GetVCP()
2025/10/10 06:19:58.635 [T:0x6b627] [DisplayControl] Enter MCCSOtherSet::GetVCP(), vcp code = 96
2025/10/10 06:19:58.719 [T:0x6b627] [DisplayControl] Exit MCCSOtherSet::GetVCP()
2025/10/10 06:19:58.823 [T:0x6b627] [DisplayControl] Enter MCCSOtherSet::GetVCP(), vcp code = 226
2025/10/10 06:19:58.909 [T:0x6b627] [DisplayControl] Exit MCCSOtherSet::GetVCP()
2025/10/10 06:19:59.011 [T:0x6b627] [DisplayControl] Enter MCCSOtherSet::GetVCP(), vcp code = 18
2025/10/10 06:19:59.098 [T:0x6b627] [DisplayControl] Exit MCCSOtherSet::GetVCP()
2025/10/10 06:19:59.201 [T:0x6b627] [DisplayControl] Enter MCCSOtherSet::GetVCP(), vcp code = 220
2025/10/10 06:19:59.287 [T:0x6b627] [DisplayControl] Exit MCCSOtherSet::GetVCP()
2025/10/10 06:19:59.389 [T:0x6b627] [DisplayControl] Enter MCCSOtherSet::GetVCP(), vcp code = 225
2025/10/10 06:19:59.475 [T:0x6b627] [DisplayControl] Exit MCCSOtherSet::GetVCP()
2025/10/10 06:19:59.579 [T:0x6b627] [DisplayControl] Enter MCCSOtherSet::GetVCP(), vcp code = 236
2025/10/10 06:19:59.665 [T:0x6b627] [DisplayControl] Exit MCCSOtherSet::GetVCP()
2025/10/10 06:19:59.768 [T:0x6b627] [DisplayControl] Enter MCCSOtherSet::GetVCP(), vcp code = 4
2025/10/10 06:19:59.853 [T:0x6b627] [DisplayControl] Exit MCCSOtherSet::GetVCP()
2025/10/10 06:19:59.956 [T:0x6b627] [DisplayControl] Enter MCCSOtherSet::GetVCP(), vcp code = 97
2025/10/10 06:20:00.041 [T:0x6b627] [DisplayControl] Exit MCCSOtherSet::GetVCP()
2025/10/10 06:20:00.143 [T:0x6b627] [DisplayControl] Enter MCCSOtherSet::GetVCP(), vcp code = 98
2025/10/10 06:20:00.227 [T:0x6b627] [DisplayControl] Exit MCCSOtherSet::GetVCP()
2025/10/10 06:20:00.332 [T:0x6b627] [DisplayControl] Enter MCCSOtherSet::GetVCP(), vcp code = 135
2025/10/10 06:20:00.418 [T:0x6b627] [DisplayControl] Exit MCCSOtherSet::GetVCP()
2025/10/10 06:20:00.522 [T:0x6b627] [DisplayControl] Enter MCCSOtherSet::GetVCP(), vcp code = 43
2025/10/10 06:20:00.608 [T:0x6b627] [DisplayControl] Exit MCCSOtherSet::GetVCP()
2025/10/10 06:20:00.710 [T:0x6b627] [DisplayControl] Enter MCCSOtherSet::GetVCP(), vcp code = 16
2025/10/10 06:20:00.794 [T:0x6b627] [DisplayControl] Exit MCCSOtherSet::GetVCP()
2025/10/10 06:20:00.896 [T:0x6b627] [DisplayControl] Enter MCCSOtherSet::GetVCP(), vcp code = 51
2025/10/10 06:20:00.980 [T:0x6b627] [DisplayControl] Exit MCCSOtherSet::GetVCP()
2025/10/10 06:20:01.084 [T:0x6b627] [DisplayControl] Enter MCCSOtherSet::GetVCP(), vcp code = 141
2025/10/10 06:20:01.170 [T:0x6b627] [DisplayControl] Exit MCCSOtherSet::GetVCP()
2025/10/10 06:20:47.913 [T:0x4a5b4] [DisplayControl] Enter MCCSOtherSet::GetVCP(), vcp code = 96
2025/10/10 06:20:48.012 [T:0x4a5b4] [DisplayControl] Exit MCCSOtherSet::GetVCP()
2025/10/10 06:20:48.260 [T:0xc471b] [DisplayControl] Enter MCCSOtherSet::GetVCP(), vcp code = 96
2025/10/10 06:20:48.342 [T:0xc471b] [DisplayControl] Exit MCCSOtherSet::GetVCP()
2025/10/10 06:20:48.443 [T:0xc471b] [DisplayControl] Enter MCCSOtherSet::GetVCP(), vcp code = 226
2025/10/10 06:20:48.530 [T:0xc471b] [DisplayControl] Exit MCCSOtherSet::GetVCP()
2025/10/10 06:20:48.632 [T:0xc471b] [DisplayControl] Enter MCCSOtherSet::GetVCP(), vcp code = 18
2025/10/10 06:20:48.717 [T:0xc471b] [DisplayControl] Exit MCCSOtherSet::GetVCP()
2025/10/10 06:20:48.818 [T:0xc471b] [DisplayControl] Enter MCCSOtherSet::GetVCP(), vcp code = 220
2025/10/10 06:20:48.903 [T:0xc471b] [DisplayControl] Exit MCCSOtherSet::GetVCP()
2025/10/10 06:20:49.006 [T:0xc471b] [DisplayControl] Enter MCCSOtherSet::GetVCP(), vcp code = 225
2025/10/10 06:20:49.090 [T:0xc471b] [DisplayControl] Exit MCCSOtherSet::GetVCP()
2025/10/10 06:20:49.195 [T:0xc471b] [DisplayControl] Enter MCCSOtherSet::GetVCP(), vcp code = 236
2025/10/10 06:20:49.282 [T:0xc471b] [DisplayControl] Exit MCCSOtherSet::GetVCP()
2025/10/10 06:20:49.386 [T:0xc471b] [DisplayControl] Enter MCCSOtherSet::GetVCP(), vcp code = 4
2025/10/10 06:20:49.472 [T:0xc471b] [DisplayControl] Exit MCCSOtherSet::GetVCP()
2025/10/10 06:20:49.576 [T:0xc471b] [DisplayControl] Enter MCCSOtherSet::GetVCP(), vcp code = 97
2025/10/10 06:20:49.677 [T:0xc471b] [DisplayControl] Exit MCCSOtherSet::GetVCP()
2025/10/10 06:20:49.780 [T:0xc471b] [DisplayControl] Enter MCCSOtherSet::GetVCP(), vcp code = 98
2025/10/10 06:20:49.866 [T:0xc471b] [DisplayControl] Exit MCCSOtherSet::GetVCP()
2025/10/10 06:20:49.969 [T:0xc471b] [DisplayControl] Enter MCCSOtherSet::GetVCP(), vcp code = 135
2025/10/10 06:20:50.053 [T:0xc471b] [DisplayControl] Exit MCCSOtherSet::GetVCP()
2025/10/10 06:20:50.156 [T:0xc471b] [DisplayControl] Enter MCCSOtherSet::GetVCP(), vcp code = 43
2025/10/10 06:20:50.242 [T:0xc471b] [DisplayControl] Exit MCCSOtherSet::GetVCP()
2025/10/10 06:20:50.345 [T:0xc471b] [DisplayControl] Enter MCCSOtherSet::GetVCP(), vcp code = 16
2025/10/10 06:20:50.431 [T:0xc471b] [DisplayControl] Exit MCCSOtherSet::GetVCP()
2025/10/10 06:20:50.534 [T:0xc471b] [DisplayControl] Enter MCCSOtherSet::GetVCP(), vcp code = 51
2025/10/10 06:20:50.619 [T:0xc471b] [DisplayControl] Exit MCCSOtherSet::GetVCP()
2025/10/10 06:20:50.720 [T:0xc471b] [DisplayControl] Enter MCCSOtherSet::GetVCP(), vcp code = 141
2025/10/10 06:20:50.806 [T:0xc471b] [DisplayControl] Exit MCCSOtherSet::GetVCP()
2025/10/10 06:21:04.737 [T:0xc471b] [DisplayControl] Enter MCCSOtherSet::SetVCP(), vcp code = 4
2025/10/10 06:21:05.694 [T:0xc471b] [DisplayControl] Exit MCCSOtherSet::SetVCP()
2025/10/10 06:21:10.812 [T:0xc471b] [DisplayControl] Enter OperationThread::ExitThread
2025/10/10 06:21:10.812 [T:0xc471b] [DisplayControl] Exit OperationThread::ExitThread
2025/10/10 06:21:10.812 [T:0xc471b] [DisplayControl] Enter OperationThread::~OperationThread()
2025/10/10 06:21:10.812 [T:0xc471b] [DisplayControl] Enter OperationThread::ExitThread
2025/10/10 06:21:10.812 [T:0xc471b] [DisplayControl] Enter OperationThread::ExitThread
2025/10/10 06:21:10.813 [T:0xc471b] [DisplayControl] Exit OperationThread::ExitThread
2025/10/10 06:21:10.813 [T:0xc471b] [DisplayControl] Enter OperationThread::~OperationThread()
2025/10/10 06:21:10.813 [T:0xc471b] [DisplayControl] Enter OperationThread::ExitThread
2025/10/10 06:21:10.839 [T:0xc471b] [DbgStr] After calling display_control_client_listener_video_port_.UpdateAllDisplayPath()
2025/10/10 06:21:10.859 [T:0xc471b] [DbgStr] After calling display_control_client_listener_.GetAllDisplayEDID()
2025/10/10 06:21:10.861 [T:0xc471b] [DisplayControl] Version = 3.0.6.0
2025/10/10 06:21:10.861 [T:0xc471b] [DisplayControl] Enter ObtainControlHandler1
2025/10/10 06:21:10.861 [T:0xc471b] [DisplayControl] GetVideoPortCommander
2025/10/10 06:21:10.861 [T:0xc471b] [DisplayControl] GetUSBHubCommander
2025/10/10 06:21:10.861 [T:0xc471b] ====== List p_lpo_display_info_video_port, # of devices is ======2
2025/10/10 06:21:10.861 [T:0xc471b] [DisplayControl] index of p_lpo_display_info_video_port0
2025/10/10 06:21:10.861 [T:0xc471b] [DisplayControl] Model name from VideoPort = VG2458
2025/10/10 06:21:10.861 [T:0xc471b] [DisplayControl] SN from VideoPort = YDJ243400006
2025/10/10 06:21:10.861 [T:0xc471b] [DisplayControl] index of p_lpo_display_info_video_port1
2025/10/10 06:21:10.861 [T:0xc471b] [DisplayControl] Model name from VideoPort = VG275
2025/10/10 06:21:10.861 [T:0xc471b] [DisplayControl] SN from VideoPort = XF6232400003
2025/10/10 06:21:10.861 [T:0xc471b] ====== List p_lpo_display_info_rtd_scalar_rts_hub, # of devices is ======0
2025/10/10 06:21:10.861 [T:0xc471b] [DisplayControl] GetVSRtkHubControlClientListener
2025/10/10 06:21:10.861 [T:0xc471b] [DisplayControl] max monitor count = 2
2025/10/10 06:21:10.861 [T:0xc471b] [DisplayControl] index of display_info_vec = 0
2025/10/10 06:21:10.861 [T:0xc471b] [DisplayControl] index of p_lpo_display_info_video_port = 0
2025/10/10 06:21:10.861 [T:0xc471b] [DisplayControl] VideoPortMatchingRule
2025/10/10 06:21:10.861 [T:0xc471b] [DisplayControl] monitor display_info_model_name = VG2458
2025/10/10 06:21:10.862 [T:0xc471b] [DisplayControl] monitor video_port_model_name = VG2458
2025/10/10 06:21:10.862 [T:0xc471b] [DisplayControl] monitor display_info_sn = YDJ243400006
2025/10/10 06:21:10.862 [T:0xc471b] [DisplayControl] monitor video_port_sn = YDJ243400006
2025/10/10 06:21:10.862 [T:0xc471b] [DisplayControl] model_name_match = 1
2025/10/10 06:21:10.862 [T:0xc471b] [DisplayControl] sn_match = 1
2025/10/10 06:21:10.862 [T:0xc471b] [DisplayControl] video_port is_match = 1
2025/10/10 06:21:10.862 [T:0xc471b] [DisplayControl] index of display_info_vec = 1
2025/10/10 06:21:10.862 [T:0xc471b] [DisplayControl] index of p_lpo_display_info_video_port = 0
2025/10/10 06:21:10.862 [T:0xc471b] [DisplayControl] VideoPortMatchingRule
2025/10/10 06:21:10.862 [T:0xc471b] [DisplayControl] monitor display_info_model_name = VG275
2025/10/10 06:21:10.862 [T:0xc471b] [DisplayControl] monitor video_port_model_name = VG2458
2025/10/10 06:21:10.862 [T:0xc471b] [DisplayControl] monitor display_info_sn = XF6232400003
2025/10/10 06:21:10.862 [T:0xc471b] [DisplayControl] monitor video_port_sn = YDJ243400006
2025/10/10 06:21:10.862 [T:0xc471b] [DisplayControl] model_name_match = 0
2025/10/10 06:21:10.862 [T:0xc471b] [DisplayControl] sn_match = 0
2025/10/10 06:21:10.862 [T:0xc471b] [DisplayControl] video_port is_match = 0
2025/10/10 06:21:10.862 [T:0xc471b] [DisplayControl] index of display_info_vec = 1
2025/10/10 06:21:10.862 [T:0xc471b] [DisplayControl] index of p_lpo_display_info_video_port = 1
2025/10/10 06:21:10.862 [T:0xc471b] [DisplayControl] VideoPortMatchingRule
2025/10/10 06:21:10.862 [T:0xc471b] [DisplayControl] monitor display_info_model_name = VG275
2025/10/10 06:21:10.862 [T:0xc471b] [DisplayControl] monitor video_port_model_name = VG275
2025/10/10 06:21:10.862 [T:0xc471b] [DisplayControl] monitor display_info_sn = XF6232400003
2025/10/10 06:21:10.862 [T:0xc471b] [DisplayControl] monitor video_port_sn = XF6232400003
2025/10/10 06:21:10.862 [T:0xc471b] [DisplayControl] model_name_match = 1
2025/10/10 06:21:10.862 [T:0xc471b] [DisplayControl] sn_match = 1
2025/10/10 06:21:10.862 [T:0xc471b] [DisplayControl] video_port is_match = 1
2025/10/10 06:21:10.862 [T:0xc471b] [DisplayControl] i = 0
2025/10/10 06:21:10.862 [T:0xc471b] [DisplayControl] Enter OperationThread::OperationThread()
2025/10/10 06:21:10.863 [T:0xc471b] [DisplayControl] Enter OperationThread::CreateThread
2025/10/10 06:21:10.863 [T:0xc471b] [DisplayControl] new DisplayFunctioner
2025/10/10 06:21:10.863 [T:0xc471b] [DisplayControl] insert displayer_vector
2025/10/10 06:21:10.863 [T:0xc471b] [DisplayControl] insert modelName_SN_to_Display_map
2025/10/10 06:21:10.863 [T:0xc471b] [DisplayControl] insert device_id_to_Displayer_map_
2025/10/10 06:21:10.863 [T:0xc471b] [DisplayControl] i = 1
2025/10/10 06:21:10.863 [T:0xc471b] [DisplayControl] Enter OperationThread::OperationThread()
2025/10/10 06:21:10.863 [T:0xc471b] [DisplayControl] Enter OperationThread::CreateThread
2025/10/10 06:21:10.863 [T:0xc471b] [DisplayControl] new DisplayFunctioner
2025/10/10 06:21:10.863 [T:0xc471b] [DisplayControl] insert displayer_vector
2025/10/10 06:21:10.863 [T:0xc471b] [DisplayControl] insert modelName_SN_to_Display_map
2025/10/10 06:21:10.863 [T:0xc471b] [DisplayControl] insert device_id_to_Displayer_map_
2025/10/10 06:21:10.863 [T:0xc471b] [DisplayControl] monitor size = 2
2025/10/10 06:21:10.863 [T:0xc471b] [DisplayControl] Exit ObtainControlHandler
2025/10/10 06:21:10.863 [T:0xc471b] [DisplayControl] Enter MCCSOtherSet::GetVCP(), vcp code = 16
2025/10/10 06:21:10.946 [T:0xc471b] [DisplayControl] Exit MCCSOtherSet::GetVCP()
2025/10/10 06:21:10.946 [T:0xc471b] [DisplayControl] Enter MCCSOtherSet::GetVCP(), vcp code = 96
2025/10/10 06:21:11.022 [T:0xc471b] [DisplayControl] Exit MCCSOtherSet::GetVCP()
2025/10/10 06:21:11.130 [T:0xc471b] [DisplayControl] Enter MCCSOtherSet::GetVCP(), vcp code = 18
2025/10/10 06:21:11.211 [T:0xc471b] [DisplayControl] Exit MCCSOtherSet::GetVCP()
2025/10/10 06:21:11.318 [T:0xc471b] [DisplayControl] Enter MCCSOtherSet::GetVCP(), vcp code = 20
2025/10/10 06:21:11.398 [T:0xc471b] [DisplayControl] Exit MCCSOtherSet::GetVCP()
2025/10/10 06:21:11.504 [T:0xc471b] [DisplayControl] Enter MCCSOtherSet::GetVCP(), vcp code = 220
2025/10/10 06:21:11.585 [T:0xc471b] [DisplayControl] Exit MCCSOtherSet::GetVCP()
2025/10/10 06:21:11.692 [T:0xc471b] [DisplayControl] Enter MCCSOtherSet::GetVCP(), vcp code = 225
2025/10/10 06:21:11.774 [T:0xc471b] [DisplayControl] Exit MCCSOtherSet::GetVCP()
2025/10/10 06:21:11.883 [T:0xc471b] [DisplayControl] Enter MCCSOtherSet::GetVCP(), vcp code = 245
2025/10/10 06:21:11.965 [T:0xc471b] [DisplayControl] Exit MCCSOtherSet::GetVCP()
2025/10/10 06:21:12.072 [T:0xc471b] [DisplayControl] Enter MCCSOtherSet::GetVCP(), vcp code = 4
2025/10/10 06:21:12.154 [T:0xc471b] [DisplayControl] Exit MCCSOtherSet::GetVCP()
2025/10/10 06:21:12.260 [T:0xc471b] [DisplayControl] Enter MCCSOtherSet::GetVCP(), vcp code = 97
2025/10/10 06:21:12.340 [T:0xc471b] [DisplayControl] Exit MCCSOtherSet::GetVCP()
2025/10/10 06:21:12.446 [T:0xc471b] [DisplayControl] Enter MCCSOtherSet::GetVCP(), vcp code = 98
2025/10/10 06:21:12.529 [T:0xc471b] [DisplayControl] Exit MCCSOtherSet::GetVCP()
2025/10/10 06:21:12.636 [T:0xc471b] [DisplayControl] Enter MCCSOtherSet::GetVCP(), vcp code = 135
2025/10/10 06:21:12.718 [T:0xc471b] [DisplayControl] Exit MCCSOtherSet::GetVCP()
2025/10/10 06:21:12.826 [T:0xc471b] [DisplayControl] Enter MCCSOtherSet::GetVCP(), vcp code = 43
2025/10/10 06:21:12.906 [T:0xc471b] [DisplayControl] Exit MCCSOtherSet::GetVCP()
2025/10/10 06:21:13.013 [T:0xc471b] [DisplayControl] Enter MCCSOtherSet::GetVCP(), vcp code = 16
2025/10/10 06:21:13.096 [T:0xc471b] [DisplayControl] Exit MCCSOtherSet::GetVCP()
2025/10/10 06:21:13.203 [T:0xc471b] [DisplayControl] Enter MCCSOtherSet::GetVCP(), vcp code = 51
2025/10/10 06:21:13.285 [T:0xc471b] [DisplayControl] Exit MCCSOtherSet::GetVCP()
2025/10/10 06:21:13.390 [T:0xc471b] [DisplayControl] Enter MCCSOtherSet::GetVCP(), vcp code = 141
2025/10/10 06:21:13.472 [T:0xc471b] [DisplayControl] Exit MCCSOtherSet::GetVCP()
2025/10/10 06:21:13.580 [T:0xc471b] [DisplayControl] Enter MCCSOtherSet::GetVCP(), vcp code = 96
2025/10/10 06:21:13.666 [T:0xc471b] [DisplayControl] Exit MCCSOtherSet::GetVCP()
2025/10/10 06:21:13.769 [T:0xc471b] [DisplayControl] Enter MCCSOtherSet::GetVCP(), vcp code = 226
2025/10/10 06:21:13.855 [T:0xc471b] [DisplayControl] Exit MCCSOtherSet::GetVCP()
2025/10/10 06:21:13.958 [T:0xc471b] [DisplayControl] Enter MCCSOtherSet::GetVCP(), vcp code = 18
2025/10/10 06:21:14.043 [T:0xc471b] [DisplayControl] Exit MCCSOtherSet::GetVCP()
2025/10/10 06:21:14.144 [T:0xc471b] [DisplayControl] Enter MCCSOtherSet::GetVCP(), vcp code = 220
2025/10/10 06:21:14.229 [T:0xc471b] [DisplayControl] Exit MCCSOtherSet::GetVCP()
2025/10/10 06:21:14.330 [T:0xc471b] [DisplayControl] Enter MCCSOtherSet::GetVCP(), vcp code = 225
2025/10/10 06:21:14.416 [T:0xc471b] [DisplayControl] Exit MCCSOtherSet::GetVCP()
2025/10/10 06:21:14.519 [T:0xc471b] [DisplayControl] Enter MCCSOtherSet::GetVCP(), vcp code = 236
2025/10/10 06:21:14.604 [T:0xc471b] [DisplayControl] Exit MCCSOtherSet::GetVCP()
2025/10/10 06:21:14.706 [T:0xc471b] [DisplayControl] Enter MCCSOtherSet::GetVCP(), vcp code = 4
2025/10/10 06:21:14.791 [T:0xc471b] [DisplayControl] Exit MCCSOtherSet::GetVCP()
2025/10/10 06:21:14.893 [T:0xc471b] [DisplayControl] Enter MCCSOtherSet::GetVCP(), vcp code = 97
2025/10/10 06:21:14.979 [T:0xc471b] [DisplayControl] Exit MCCSOtherSet::GetVCP()
2025/10/10 06:21:15.084 [T:0xc471b] [DisplayControl] Enter MCCSOtherSet::GetVCP(), vcp code = 98
2025/10/10 06:21:15.170 [T:0xc471b] [DisplayControl] Exit MCCSOtherSet::GetVCP()
2025/10/10 06:21:15.275 [T:0xc471b] [DisplayControl] Enter MCCSOtherSet::GetVCP(), vcp code = 135
2025/10/10 06:21:15.361 [T:0xc471b] [DisplayControl] Exit MCCSOtherSet::GetVCP()
2025/10/10 06:21:15.466 [T:0xc471b] [DisplayControl] Enter MCCSOtherSet::GetVCP(), vcp code = 43
2025/10/10 06:21:15.551 [T:0xc471b] [DisplayControl] Exit MCCSOtherSet::GetVCP()
2025/10/10 06:21:15.653 [T:0xc471b] [DisplayControl] Enter MCCSOtherSet::GetVCP(), vcp code = 16
2025/10/10 06:21:15.737 [T:0xc471b] [DisplayControl] Exit MCCSOtherSet::GetVCP()
2025/10/10 06:21:15.840 [T:0xc471b] [DisplayControl] Enter MCCSOtherSet::GetVCP(), vcp code = 51
2025/10/10 06:21:15.924 [T:0xc471b] [DisplayControl] Exit MCCSOtherSet::GetVCP()
2025/10/10 06:21:16.028 [T:0xc471b] [DisplayControl] Enter MCCSOtherSet::GetVCP(), vcp code = 141
2025/10/10 06:21:16.115 [T:0xc471b] [DisplayControl] Exit MCCSOtherSet::GetVCP()
