2025/10/06 05:01:39.065 [T:0xf807d] [DisplayControl] Enter ObtainControlHandler1
2025/10/06 05:01:39.065 [T:0xf807d] [DisplayControl] GetVideoPortCommander
2025/10/06 05:01:39.065 [T:0xf807d] [DisplayControl] GetUSBHubCommander
2025/10/06 05:01:39.065 [T:0xf807d] ====== List p_lpo_display_info_video_port, # of devices is ======2
2025/10/06 05:01:39.065 [T:0xf807d] [DisplayControl] index of p_lpo_display_info_video_port0
2025/10/06 05:01:39.065 [T:0xf807d] [DisplayControl] Model name from VideoPort = VG2458
2025/10/06 05:01:39.065 [T:0xf807d] [DisplayControl] SN from VideoPort = YDJ243400006
2025/10/06 05:01:39.066 [T:0xf807d] [DisplayControl] index of p_lpo_display_info_video_port1
2025/10/06 05:01:39.066 [T:0xf807d] [DisplayControl] Model name from VideoPort = VG275
2025/10/06 05:01:39.066 [T:0xf807d] [DisplayControl] SN from VideoPort = XF6232400003
2025/10/06 05:01:39.066 [T:0xf807d] ====== List p_lpo_display_info_rtd_scalar_rts_hub, # of devices is ======0
2025/10/06 05:01:39.066 [T:0xf807d] [DisplayControl] GetVSRtkHubControlClientListener
2025/10/06 05:01:39.066 [T:0xf807d] [DisplayControl] max monitor count = 2
2025/10/06 05:01:39.066 [T:0xf807d] [DisplayControl] index of display_info_vec = 0
2025/10/06 05:01:39.066 [T:0xf807d] [DisplayControl] index of p_lpo_display_info_video_port = 0
2025/10/06 05:01:39.066 [T:0xf807d] [DisplayControl] VideoPortMatchingRule
2025/10/06 05:01:39.066 [T:0xf807d] [DisplayControl] monitor display_info_model_name = VG2458
2025/10/06 05:01:39.066 [T:0xf807d] [DisplayControl] monitor video_port_model_name = VG2458
2025/10/06 05:01:39.066 [T:0xf807d] [DisplayControl] monitor display_info_sn = YDJ243400006
2025/10/06 05:01:39.066 [T:0xf807d] [DisplayControl] monitor video_port_sn = YDJ243400006
2025/10/06 05:01:39.066 [T:0xf807d] [DisplayControl] model_name_match = 1
2025/10/06 05:01:39.066 [T:0xf807d] [DisplayControl] sn_match = 1
2025/10/06 05:01:39.066 [T:0xf807d] [DisplayControl] video_port is_match = 1
2025/10/06 05:01:39.067 [T:0xf807d] [DisplayControl] index of display_info_vec = 1
2025/10/06 05:01:39.067 [T:0xf807d] [DisplayControl] index of p_lpo_display_info_video_port = 0
2025/10/06 05:01:39.067 [T:0xf807d] [DisplayControl] VideoPortMatchingRule
2025/10/06 05:01:39.067 [T:0xf807d] [DisplayControl] monitor display_info_model_name = VG275
2025/10/06 05:01:39.067 [T:0xf807d] [DisplayControl] monitor video_port_model_name = VG2458
2025/10/06 05:01:39.067 [T:0xf807d] [DisplayControl] monitor display_info_sn = XF6232400003
2025/10/06 05:01:39.067 [T:0xf807d] [DisplayControl] monitor video_port_sn = YDJ243400006
2025/10/06 05:01:39.067 [T:0xf807d] [DisplayControl] model_name_match = 0
2025/10/06 05:01:39.067 [T:0xf807d] [DisplayControl] sn_match = 0
2025/10/06 05:01:39.067 [T:0xf807d] [DisplayControl] video_port is_match = 0
2025/10/06 05:01:39.067 [T:0xf807d] [DisplayControl] index of display_info_vec = 1
2025/10/06 05:01:39.067 [T:0xf807d] [DisplayControl] index of p_lpo_display_info_video_port = 1
2025/10/06 05:01:39.067 [T:0xf807d] [DisplayControl] VideoPortMatchingRule
2025/10/06 05:01:39.067 [T:0xf807d] [DisplayControl] monitor display_info_model_name = VG275
2025/10/06 05:01:39.067 [T:0xf807d] [DisplayControl] monitor video_port_model_name = VG275
2025/10/06 05:01:39.067 [T:0xf807d] [DisplayControl] monitor display_info_sn = XF6232400003
2025/10/06 05:01:39.067 [T:0xf807d] [DisplayControl] monitor video_port_sn = XF6232400003
2025/10/06 05:01:39.067 [T:0xf807d] [DisplayControl] model_name_match = 1
2025/10/06 05:01:39.068 [T:0xf807d] [DisplayControl] sn_match = 1
2025/10/06 05:01:39.068 [T:0xf807d] [DisplayControl] video_port is_match = 1
2025/10/06 05:01:39.068 [T:0xf807d] [DisplayControl] i = 0
2025/10/06 05:01:39.068 [T:0xf807d] [DisplayControl] Enter OperationThread::OperationThread()
2025/10/06 05:01:39.068 [T:0xf807d] [DisplayControl] Enter OperationThread::CreateThread
2025/10/06 05:01:39.068 [T:0xf807d] [DisplayControl] new DisplayFunctioner
2025/10/06 05:01:39.068 [T:0xf807d] [DisplayControl] insert displayer_vector
2025/10/06 05:01:39.068 [T:0xf807d] [DisplayControl] insert modelName_SN_to_Display_map
2025/10/06 05:01:39.068 [T:0xf807d] [DisplayControl] insert device_id_to_Displayer_map_
2025/10/06 05:01:39.068 [T:0xf807d] [DisplayControl] i = 1
2025/10/06 05:01:39.068 [T:0xf807d] [DisplayControl] Enter OperationThread::OperationThread()
2025/10/06 05:01:39.068 [T:0xf807d] [DisplayControl] Enter OperationThread::CreateThread
2025/10/06 05:01:39.068 [T:0xf807d] [DisplayControl] new DisplayFunctioner
2025/10/06 05:01:39.069 [T:0xf807d] [DisplayControl] insert displayer_vector
2025/10/06 05:01:39.069 [T:0xf807d] [DisplayControl] insert modelName_SN_to_Display_map
2025/10/06 05:01:39.069 [T:0xf807d] [DisplayControl] insert device_id_to_Displayer_map_
2025/10/06 05:01:39.069 [T:0xf807d] [DisplayControl] monitor size = 2
2025/10/06 05:01:39.069 [T:0xf807d] [DisplayControl] Exit ObtainControlHandler
2025/10/06 05:01:39.069 [T:0xf807d] [DisplayControl] Enter MCCSOtherSet::GetVCP(), vcp code = 16
2025/10/06 05:01:39.170 [T:0xf807d] [DisplayControl] Exit MCCSOtherSet::GetVCP()
2025/10/06 05:01:39.170 [T:0xf807d] [DisplayControl] Enter MCCSOtherSet::GetVCP(), vcp code = 16
2025/10/06 05:01:39.316 [T:0xf807d] [DisplayControl] Exit MCCSOtherSet::GetVCP()
2025/10/06 05:01:39.512 [T:0xf807d] [DisplayControl] Enter MCCSOtherSet::SetVCP(), vcp code = 51
2025/10/06 05:01:39.686 [T:0xf807d] [DisplayControl] Exit MCCSOtherSet::SetVCP()
2025/10/06 05:01:39.688 [T:0xf807d] [DisplayControl] Enter MCCSOtherSet::SetVCP(), vcp code = 51
2025/10/06 05:01:39.880 [T:0xf807d] [DisplayControl] Exit MCCSOtherSet::SetVCP()
2025/10/06 05:01:39.882 [T:0xf807d] [DisplayControl] Enter MCCSOtherSet::GetVCP(), vcp code = 4
2025/10/06 05:01:40.014 [T:0xf807d] [DisplayControl] Exit MCCSOtherSet::GetVCP()
2025/10/06 05:01:40.130 [T:0xf807d] [DisplayControl] Enter MCCSOtherSet::GetVCP(), vcp code = 20
2025/10/06 05:01:40.281 [T:0xf807d] [DisplayControl] Exit MCCSOtherSet::GetVCP()
2025/10/06 05:01:40.396 [T:0xf807d] [DisplayControl] Enter MCCSOtherSet::GetVCP(), vcp code = 225
2025/10/06 05:01:40.493 [T:0xf807d] [DisplayControl] Exit MCCSOtherSet::GetVCP()
2025/10/06 05:01:40.599 [T:0xf807d] [DisplayControl] Enter MCCSOtherSet::GetVCP(), vcp code = 51
2025/10/06 05:01:40.734 [T:0xf807d] [DisplayControl] Exit MCCSOtherSet::GetVCP()
2025/10/06 05:01:40.850 [T:0xf807d] [DisplayControl] Enter MCCSOtherSet::GetVCP(), vcp code = 220
2025/10/06 05:01:41.000 [T:0xf807d] [DisplayControl] Exit MCCSOtherSet::GetVCP()
2025/10/06 05:01:41.115 [T:0xf807d] [DisplayControl] Enter MCCSOtherSet::GetVCP(), vcp code = 98
2025/10/06 05:01:41.242 [T:0xf807d] [DisplayControl] Exit MCCSOtherSet::GetVCP()
2025/10/06 05:01:41.349 [T:0xf807d] [DisplayControl] Enter MCCSOtherSet::GetVCP(), vcp code = 135
2025/10/06 05:01:41.430 [T:0xf807d] [DisplayControl] Exit MCCSOtherSet::GetVCP()
2025/10/06 05:01:41.537 [T:0xf807d] [DisplayControl] Enter MCCSOtherSet::GetVCP(), vcp code = 18
2025/10/06 05:01:41.617 [T:0xf807d] [DisplayControl] Exit MCCSOtherSet::GetVCP()
2025/10/06 05:01:41.724 [T:0xf807d] [DisplayControl] Enter MCCSOtherSet::GetVCP(), vcp code = 245
2025/10/06 05:01:41.812 [T:0xf807d] [DisplayControl] Exit MCCSOtherSet::GetVCP()
2025/10/06 05:01:41.927 [T:0xf807d] [DisplayControl] Enter MCCSOtherSet::GetVCP(), vcp code = 96
2025/10/06 05:01:42.047 [T:0xf807d] [DisplayControl] Exit MCCSOtherSet::GetVCP()
2025/10/06 05:01:42.162 [T:0xf807d] [DisplayControl] Enter MCCSOtherSet::GetVCP(), vcp code = 97
2025/10/06 05:01:42.296 [T:0xf807d] [DisplayControl] Exit MCCSOtherSet::GetVCP()
2025/10/06 05:01:42.412 [T:0xf807d] [DisplayControl] Enter MCCSOtherSet::GetVCP(), vcp code = 16
2025/10/06 05:01:42.515 [T:0xf807d] [DisplayControl] Exit MCCSOtherSet::GetVCP()
2025/10/06 05:01:42.630 [T:0xf807d] [DisplayControl] Enter MCCSOtherSet::GetVCP(), vcp code = 43
2025/10/06 05:01:42.761 [T:0xf807d] [DisplayControl] Exit MCCSOtherSet::GetVCP()
2025/10/06 05:01:42.865 [T:0xf807d] [DisplayControl] Enter MCCSOtherSet::GetVCP(), vcp code = 141
2025/10/06 05:01:43.016 [T:0xf807d] [DisplayControl] Exit MCCSOtherSet::GetVCP()
2025/10/06 05:01:43.132 [T:0xf807d] [DisplayControl] Enter MCCSOtherSet::GetVCP(), vcp code = 4
2025/10/06 05:01:43.287 [T:0xf807d] [DisplayControl] Exit MCCSOtherSet::GetVCP()
2025/10/06 05:01:43.397 [T:0xf807d] [DisplayControl] Enter MCCSOtherSet::GetVCP(), vcp code = 225
2025/10/06 05:01:43.505 [T:0xf807d] [DisplayControl] Exit MCCSOtherSet::GetVCP()
2025/10/06 05:01:43.615 [T:0xf807d] [DisplayControl] Enter MCCSOtherSet::GetVCP(), vcp code = 51
2025/10/06 05:01:43.755 [T:0xf807d] [DisplayControl] Exit MCCSOtherSet::GetVCP()
2025/10/06 05:01:43.865 [T:0xf807d] [DisplayControl] Enter MCCSOtherSet::GetVCP(), vcp code = 220
2025/10/06 05:01:44.006 [T:0xf807d] [DisplayControl] Exit MCCSOtherSet::GetVCP()
2025/10/06 05:01:44.116 [T:0xf807d] [DisplayControl] Enter MCCSOtherSet::GetVCP(), vcp code = 98
2025/10/06 05:01:44.241 [T:0xf807d] [DisplayControl] Exit MCCSOtherSet::GetVCP()
2025/10/06 05:01:44.350 [T:0xf807d] [DisplayControl] Enter MCCSOtherSet::GetVCP(), vcp code = 135
2025/10/06 05:01:44.492 [T:0xf807d] [DisplayControl] Exit MCCSOtherSet::GetVCP()
2025/10/06 05:01:44.600 [T:0xf807d] [DisplayControl] Enter MCCSOtherSet::GetVCP(), vcp code = 18
2025/10/06 05:01:44.725 [T:0xf807d] [DisplayControl] Exit MCCSOtherSet::GetVCP()
2025/10/06 05:01:44.835 [T:0xf807d] [DisplayControl] Enter MCCSOtherSet::GetVCP(), vcp code = 226
2025/10/06 05:01:44.961 [T:0xf807d] [DisplayControl] Exit MCCSOtherSet::GetVCP()
2025/10/06 05:01:45.070 [T:0xf807d] [DisplayControl] Enter MCCSOtherSet::GetVCP(), vcp code = 96
2025/10/06 05:01:45.210 [T:0xf807d] [DisplayControl] Exit MCCSOtherSet::GetVCP()
2025/10/06 05:01:45.320 [T:0xf807d] [DisplayControl] Enter MCCSOtherSet::GetVCP(), vcp code = 97
2025/10/06 05:01:45.445 [T:0xf807d] [DisplayControl] Exit MCCSOtherSet::GetVCP()
2025/10/06 05:01:45.555 [T:0xf807d] [DisplayControl] Enter MCCSOtherSet::GetVCP(), vcp code = 236
2025/10/06 05:01:45.682 [T:0xf807d] [DisplayControl] Exit MCCSOtherSet::GetVCP()
2025/10/06 05:01:45.789 [T:0xf807d] [DisplayControl] Enter MCCSOtherSet::GetVCP(), vcp code = 16
2025/10/06 05:01:45.931 [T:0xf807d] [DisplayControl] Exit MCCSOtherSet::GetVCP()
2025/10/06 05:01:46.040 [T:0xf807d] [DisplayControl] Enter MCCSOtherSet::GetVCP(), vcp code = 43
2025/10/06 05:01:46.164 [T:0xf807d] [DisplayControl] Exit MCCSOtherSet::GetVCP()
2025/10/06 05:01:46.274 [T:0xf807d] [DisplayControl] Enter MCCSOtherSet::GetVCP(), vcp code = 141
2025/10/06 05:01:46.390 [T:0xf807d] [DisplayControl] Exit MCCSOtherSet::GetVCP()
2025/10/06 05:01:46.528 [T:0xf807d] [DisplayControl] Enter MCCSOtherSet::GetVCP(), vcp code = 96
2025/10/06 05:01:46.675 [T:0xf807d] [DisplayControl] Exit MCCSOtherSet::GetVCP()
2025/10/06 05:01:46.677 [T:0xf807d] [DisplayControl] Enter MCCSOtherSet::GetVCP(), vcp code = 96
2025/10/06 05:01:46.797 [T:0xf807d] [DisplayControl] Exit MCCSOtherSet::GetVCP()
2025/10/06 05:01:47.706 [T:0x16239] [DisplayControl] Enter MCCSOtherSet::SetVCP(), vcp code = 51
2025/10/06 05:01:47.880 [T:0x16239] [DisplayControl] Exit MCCSOtherSet::SetVCP()
2025/10/06 05:02:26.241 [T:0x19a78] [DisplayControl] Enter MCCSOtherSet::SetVCP(), vcp code = 4
2025/10/06 05:02:27.187 [T:0x19a78] [DisplayControl] Exit MCCSOtherSet::SetVCP()
2025/10/06 05:02:32.301 [T:0x19a78] [DisplayControl] Enter OperationThread::ExitThread
2025/10/06 05:02:32.301 [T:0x19a78] [DisplayControl] Exit OperationThread::ExitThread
2025/10/06 05:02:32.301 [T:0x19a78] [DisplayControl] Enter OperationThread::~OperationThread()
2025/10/06 05:02:32.301 [T:0x19a78] [DisplayControl] Enter OperationThread::ExitThread
2025/10/06 05:02:32.302 [T:0x19a78] [DisplayControl] Enter OperationThread::ExitThread
2025/10/06 05:02:32.302 [T:0x19a78] [DisplayControl] Exit OperationThread::ExitThread
2025/10/06 05:02:32.302 [T:0x19a78] [DisplayControl] Enter OperationThread::~OperationThread()
2025/10/06 05:02:32.302 [T:0x19a78] [DisplayControl] Enter OperationThread::ExitThread
2025/10/06 05:02:32.328 [T:0x19a78] [DbgStr] After calling display_control_client_listener_video_port_.UpdateAllDisplayPath()
2025/10/06 05:02:32.348 [T:0x19a78] [DbgStr] After calling display_control_client_listener_.GetAllDisplayEDID()
2025/10/06 05:02:32.350 [T:0x19a78] [DisplayControl] Version = 3.0.6.0
2025/10/06 05:02:32.350 [T:0x19a78] [DisplayControl] Enter ObtainControlHandler1
2025/10/06 05:02:32.351 [T:0x19a78] [DisplayControl] GetVideoPortCommander
2025/10/06 05:02:32.351 [T:0x19a78] [DisplayControl] GetUSBHubCommander
2025/10/06 05:02:32.351 [T:0x19a78] ====== List p_lpo_display_info_video_port, # of devices is ======2
2025/10/06 05:02:32.351 [T:0x19a78] [DisplayControl] index of p_lpo_display_info_video_port0
2025/10/06 05:02:32.351 [T:0x19a78] [DisplayControl] Model name from VideoPort = VG2458
2025/10/06 05:02:32.351 [T:0x19a78] [DisplayControl] SN from VideoPort = YDJ243400006
2025/10/06 05:02:32.351 [T:0x19a78] [DisplayControl] index of p_lpo_display_info_video_port1
2025/10/06 05:02:32.351 [T:0x19a78] [DisplayControl] Model name from VideoPort = VG275
2025/10/06 05:02:32.351 [T:0x19a78] [DisplayControl] SN from VideoPort = XF6232400003
2025/10/06 05:02:32.351 [T:0x19a78] ====== List p_lpo_display_info_rtd_scalar_rts_hub, # of devices is ======0
2025/10/06 05:02:32.351 [T:0x19a78] [DisplayControl] GetVSRtkHubControlClientListener
2025/10/06 05:02:32.351 [T:0x19a78] [DisplayControl] max monitor count = 2
2025/10/06 05:02:32.351 [T:0x19a78] [DisplayControl] index of display_info_vec = 0
2025/10/06 05:02:32.351 [T:0x19a78] [DisplayControl] index of p_lpo_display_info_video_port = 0
2025/10/06 05:02:32.351 [T:0x19a78] [DisplayControl] VideoPortMatchingRule
2025/10/06 05:02:32.351 [T:0x19a78] [DisplayControl] monitor display_info_model_name = VG2458
2025/10/06 05:02:32.351 [T:0x19a78] [DisplayControl] monitor video_port_model_name = VG2458
2025/10/06 05:02:32.351 [T:0x19a78] [DisplayControl] monitor display_info_sn = YDJ243400006
2025/10/06 05:02:32.351 [T:0x19a78] [DisplayControl] monitor video_port_sn = YDJ243400006
2025/10/06 05:02:32.351 [T:0x19a78] [DisplayControl] model_name_match = 1
2025/10/06 05:02:32.351 [T:0x19a78] [DisplayControl] sn_match = 1
2025/10/06 05:02:32.351 [T:0x19a78] [DisplayControl] video_port is_match = 1
2025/10/06 05:02:32.351 [T:0x19a78] [DisplayControl] index of display_info_vec = 1
2025/10/06 05:02:32.351 [T:0x19a78] [DisplayControl] index of p_lpo_display_info_video_port = 0
2025/10/06 05:02:32.351 [T:0x19a78] [DisplayControl] VideoPortMatchingRule
2025/10/06 05:02:32.351 [T:0x19a78] [DisplayControl] monitor display_info_model_name = VG275
2025/10/06 05:02:32.351 [T:0x19a78] [DisplayControl] monitor video_port_model_name = VG2458
2025/10/06 05:02:32.351 [T:0x19a78] [DisplayControl] monitor display_info_sn = XF6232400003
2025/10/06 05:02:32.352 [T:0x19a78] [DisplayControl] monitor video_port_sn = YDJ243400006
2025/10/06 05:02:32.352 [T:0x19a78] [DisplayControl] model_name_match = 0
2025/10/06 05:02:32.352 [T:0x19a78] [DisplayControl] sn_match = 0
2025/10/06 05:02:32.352 [T:0x19a78] [DisplayControl] video_port is_match = 0
2025/10/06 05:02:32.352 [T:0x19a78] [DisplayControl] index of display_info_vec = 1
2025/10/06 05:02:32.352 [T:0x19a78] [DisplayControl] index of p_lpo_display_info_video_port = 1
2025/10/06 05:02:32.352 [T:0x19a78] [DisplayControl] VideoPortMatchingRule
2025/10/06 05:02:32.352 [T:0x19a78] [DisplayControl] monitor display_info_model_name = VG275
2025/10/06 05:02:32.352 [T:0x19a78] [DisplayControl] monitor video_port_model_name = VG275
2025/10/06 05:02:32.352 [T:0x19a78] [DisplayControl] monitor display_info_sn = XF6232400003
2025/10/06 05:02:32.352 [T:0x19a78] [DisplayControl] monitor video_port_sn = XF6232400003
2025/10/06 05:02:32.352 [T:0x19a78] [DisplayControl] model_name_match = 1
2025/10/06 05:02:32.352 [T:0x19a78] [DisplayControl] sn_match = 1
2025/10/06 05:02:32.352 [T:0x19a78] [DisplayControl] video_port is_match = 1
2025/10/06 05:02:32.352 [T:0x19a78] [DisplayControl] i = 0
2025/10/06 05:02:32.352 [T:0x19a78] [DisplayControl] Enter OperationThread::OperationThread()
2025/10/06 05:02:32.352 [T:0x19a78] [DisplayControl] Enter OperationThread::CreateThread
2025/10/06 05:02:32.352 [T:0x19a78] [DisplayControl] new DisplayFunctioner
2025/10/06 05:02:32.352 [T:0x19a78] [DisplayControl] insert displayer_vector
2025/10/06 05:02:32.352 [T:0x19a78] [DisplayControl] insert modelName_SN_to_Display_map
2025/10/06 05:02:32.352 [T:0x19a78] [DisplayControl] insert device_id_to_Displayer_map_
2025/10/06 05:02:32.352 [T:0x19a78] [DisplayControl] i = 1
2025/10/06 05:02:32.352 [T:0x19a78] [DisplayControl] Enter OperationThread::OperationThread()
2025/10/06 05:02:32.352 [T:0x19a78] [DisplayControl] Enter OperationThread::CreateThread
2025/10/06 05:02:32.353 [T:0x19a78] [DisplayControl] new DisplayFunctioner
2025/10/06 05:02:32.353 [T:0x19a78] [DisplayControl] insert displayer_vector
2025/10/06 05:02:32.353 [T:0x19a78] [DisplayControl] insert modelName_SN_to_Display_map
2025/10/06 05:02:32.353 [T:0x19a78] [DisplayControl] insert device_id_to_Displayer_map_
2025/10/06 05:02:32.353 [T:0x19a78] [DisplayControl] monitor size = 2
2025/10/06 05:02:32.353 [T:0x19a78] [DisplayControl] Exit ObtainControlHandler
2025/10/06 05:02:32.353 [T:0x19a78] [DisplayControl] Enter MCCSOtherSet::GetVCP(), vcp code = 16
2025/10/06 05:02:32.430 [T:0x19a78] [DisplayControl] Exit MCCSOtherSet::GetVCP()
2025/10/06 05:02:32.431 [T:0x19a78] [DisplayControl] Enter MCCSOtherSet::GetVCP(), vcp code = 4
2025/10/06 05:02:32.574 [T:0x19a78] [DisplayControl] Exit MCCSOtherSet::GetVCP()
2025/10/06 05:02:32.683 [T:0x19a78] [DisplayControl] Enter MCCSOtherSet::GetVCP(), vcp code = 20
2025/10/06 05:02:32.765 [T:0x19a78] [DisplayControl] Exit MCCSOtherSet::GetVCP()
2025/10/06 05:02:32.872 [T:0x19a78] [DisplayControl] Enter MCCSOtherSet::GetVCP(), vcp code = 225
2025/10/06 05:02:32.952 [T:0x19a78] [DisplayControl] Exit MCCSOtherSet::GetVCP()
2025/10/06 05:02:33.061 [T:0x19a78] [DisplayControl] Enter MCCSOtherSet::GetVCP(), vcp code = 51
2025/10/06 05:02:33.144 [T:0x19a78] [DisplayControl] Exit MCCSOtherSet::GetVCP()
2025/10/06 05:02:33.253 [T:0x19a78] [DisplayControl] Enter MCCSOtherSet::GetVCP(), vcp code = 220
2025/10/06 05:02:33.334 [T:0x19a78] [DisplayControl] Exit MCCSOtherSet::GetVCP()
2025/10/06 05:02:33.443 [T:0x19a78] [DisplayControl] Enter MCCSOtherSet::GetVCP(), vcp code = 98
2025/10/06 05:02:33.525 [T:0x19a78] [DisplayControl] Exit MCCSOtherSet::GetVCP()
2025/10/06 05:02:33.633 [T:0x19a78] [DisplayControl] Enter MCCSOtherSet::GetVCP(), vcp code = 135
2025/10/06 05:02:33.715 [T:0x19a78] [DisplayControl] Exit MCCSOtherSet::GetVCP()
2025/10/06 05:02:33.824 [T:0x19a78] [DisplayControl] Enter MCCSOtherSet::GetVCP(), vcp code = 18
2025/10/06 05:02:33.907 [T:0x19a78] [DisplayControl] Exit MCCSOtherSet::GetVCP()
2025/10/06 05:02:34.013 [T:0x19a78] [DisplayControl] Enter MCCSOtherSet::GetVCP(), vcp code = 245
2025/10/06 05:02:34.095 [T:0x19a78] [DisplayControl] Exit MCCSOtherSet::GetVCP()
2025/10/06 05:02:34.203 [T:0x19a78] [DisplayControl] Enter MCCSOtherSet::GetVCP(), vcp code = 96
2025/10/06 05:02:34.284 [T:0x19a78] [DisplayControl] Exit MCCSOtherSet::GetVCP()
2025/10/06 05:02:34.392 [T:0x19a78] [DisplayControl] Enter MCCSOtherSet::GetVCP(), vcp code = 97
2025/10/06 05:02:34.473 [T:0x19a78] [DisplayControl] Exit MCCSOtherSet::GetVCP()
2025/10/06 05:02:34.581 [T:0x19a78] [DisplayControl] Enter MCCSOtherSet::GetVCP(), vcp code = 16
2025/10/06 05:02:34.661 [T:0x19a78] [DisplayControl] Exit MCCSOtherSet::GetVCP()
2025/10/06 05:02:34.694 [T:0xf807d] [DisplayControl] Enter MCCSOtherSet::GetVCP(), vcp code = 96
2025/10/06 05:02:34.767 [T:0x19a78] [DisplayControl] Enter MCCSOtherSet::GetVCP(), vcp code = 43
2025/10/06 05:02:34.807 [T:0xf807d] [DisplayControl] Exit MCCSOtherSet::GetVCP()
2025/10/06 05:02:34.981 [T:0x19a78] [DisplayControl] Exit MCCSOtherSet::GetVCP()
2025/10/06 05:02:35.083 [T:0x19a78] [DisplayControl] Enter MCCSOtherSet::GetVCP(), vcp code = 141
2025/10/06 05:02:35.303 [T:0x19a78] [DisplayControl] Exit MCCSOtherSet::GetVCP()
2025/10/06 05:02:35.408 [T:0x19a78] [DisplayControl] Enter MCCSOtherSet::GetVCP(), vcp code = 4
2025/10/06 05:02:35.492 [T:0x19a78] [DisplayControl] Exit MCCSOtherSet::GetVCP()
2025/10/06 05:02:35.596 [T:0x19a78] [DisplayControl] Enter MCCSOtherSet::GetVCP(), vcp code = 225
2025/10/06 05:02:35.682 [T:0x19a78] [DisplayControl] Exit MCCSOtherSet::GetVCP()
2025/10/06 05:02:35.785 [T:0x19a78] [DisplayControl] Enter MCCSOtherSet::GetVCP(), vcp code = 51
2025/10/06 05:02:35.870 [T:0x19a78] [DisplayControl] Exit MCCSOtherSet::GetVCP()
2025/10/06 05:02:35.974 [T:0x19a78] [DisplayControl] Enter MCCSOtherSet::GetVCP(), vcp code = 220
2025/10/06 05:02:36.060 [T:0x19a78] [DisplayControl] Exit MCCSOtherSet::GetVCP()
2025/10/06 05:02:36.161 [T:0x19a78] [DisplayControl] Enter MCCSOtherSet::GetVCP(), vcp code = 98
2025/10/06 05:02:36.244 [T:0x19a78] [DisplayControl] Exit MCCSOtherSet::GetVCP()
2025/10/06 05:02:36.346 [T:0x19a78] [DisplayControl] Enter MCCSOtherSet::GetVCP(), vcp code = 135
2025/10/06 05:02:36.431 [T:0x19a78] [DisplayControl] Exit MCCSOtherSet::GetVCP()
2025/10/06 05:02:36.535 [T:0x19a78] [DisplayControl] Enter MCCSOtherSet::GetVCP(), vcp code = 18
2025/10/06 05:02:36.620 [T:0x19a78] [DisplayControl] Exit MCCSOtherSet::GetVCP()
2025/10/06 05:02:36.721 [T:0x19a78] [DisplayControl] Enter MCCSOtherSet::GetVCP(), vcp code = 226
2025/10/06 05:02:36.806 [T:0x19a78] [DisplayControl] Exit MCCSOtherSet::GetVCP()
2025/10/06 05:02:36.908 [T:0x19a78] [DisplayControl] Enter MCCSOtherSet::GetVCP(), vcp code = 96
2025/10/06 05:02:36.994 [T:0x19a78] [DisplayControl] Exit MCCSOtherSet::GetVCP()
2025/10/06 05:02:37.100 [T:0x19a78] [DisplayControl] Enter MCCSOtherSet::GetVCP(), vcp code = 97
2025/10/06 05:02:37.185 [T:0x19a78] [DisplayControl] Exit MCCSOtherSet::GetVCP()
2025/10/06 05:02:37.291 [T:0x19a78] [DisplayControl] Enter MCCSOtherSet::GetVCP(), vcp code = 236
2025/10/06 05:02:37.378 [T:0x19a78] [DisplayControl] Exit MCCSOtherSet::GetVCP()
2025/10/06 05:02:37.482 [T:0x19a78] [DisplayControl] Enter MCCSOtherSet::GetVCP(), vcp code = 16
2025/10/06 05:02:37.567 [T:0x19a78] [DisplayControl] Exit MCCSOtherSet::GetVCP()
2025/10/06 05:02:37.671 [T:0x19a78] [DisplayControl] Enter MCCSOtherSet::GetVCP(), vcp code = 43
2025/10/06 05:02:37.756 [T:0x19a78] [DisplayControl] Exit MCCSOtherSet::GetVCP()
2025/10/06 05:02:37.859 [T:0x19a78] [DisplayControl] Enter MCCSOtherSet::GetVCP(), vcp code = 141
2025/10/06 05:02:37.944 [T:0x19a78] [DisplayControl] Exit MCCSOtherSet::GetVCP()
2025/10/06 05:03:41.906 [T:0xf807d] [DisplayControl] Enter MCCSOtherSet::GetVCP(), vcp code = 96
2025/10/06 05:03:42.031 [T:0xf807d] [DisplayControl] Exit MCCSOtherSet::GetVCP()
2025/10/06 05:03:42.237 [T:0xd576d] [DisplayControl] Enter MCCSOtherSet::GetVCP(), vcp code = 4
2025/10/06 05:03:42.382 [T:0xd576d] [DisplayControl] Exit MCCSOtherSet::GetVCP()
2025/10/06 05:03:42.484 [T:0xd576d] [DisplayControl] Enter MCCSOtherSet::GetVCP(), vcp code = 225
2025/10/06 05:03:42.570 [T:0xd576d] [DisplayControl] Exit MCCSOtherSet::GetVCP()
2025/10/06 05:03:42.673 [T:0xd576d] [DisplayControl] Enter MCCSOtherSet::GetVCP(), vcp code = 51
2025/10/06 05:03:42.759 [T:0xd576d] [DisplayControl] Exit MCCSOtherSet::GetVCP()
2025/10/06 05:03:42.860 [T:0xd576d] [DisplayControl] Enter MCCSOtherSet::GetVCP(), vcp code = 220
2025/10/06 05:03:42.946 [T:0xd576d] [DisplayControl] Exit MCCSOtherSet::GetVCP()
2025/10/06 05:03:43.050 [T:0xd576d] [DisplayControl] Enter MCCSOtherSet::GetVCP(), vcp code = 98
2025/10/06 05:03:43.136 [T:0xd576d] [DisplayControl] Exit MCCSOtherSet::GetVCP()
2025/10/06 05:03:43.239 [T:0xd576d] [DisplayControl] Enter MCCSOtherSet::GetVCP(), vcp code = 135
2025/10/06 05:03:43.323 [T:0xd576d] [DisplayControl] Exit MCCSOtherSet::GetVCP()
2025/10/06 05:03:43.425 [T:0xd576d] [DisplayControl] Enter MCCSOtherSet::GetVCP(), vcp code = 18
2025/10/06 05:03:43.509 [T:0xd576d] [DisplayControl] Exit MCCSOtherSet::GetVCP()
2025/10/06 05:03:43.611 [T:0xd576d] [DisplayControl] Enter MCCSOtherSet::GetVCP(), vcp code = 226
2025/10/06 05:03:43.698 [T:0xd576d] [DisplayControl] Exit MCCSOtherSet::GetVCP()
2025/10/06 05:03:43.801 [T:0xd576d] [DisplayControl] Enter MCCSOtherSet::GetVCP(), vcp code = 96
2025/10/06 05:03:43.885 [T:0xd576d] [DisplayControl] Exit MCCSOtherSet::GetVCP()
2025/10/06 05:03:43.989 [T:0xd576d] [DisplayControl] Enter MCCSOtherSet::GetVCP(), vcp code = 97
2025/10/06 05:03:44.071 [T:0xd576d] [DisplayControl] Exit MCCSOtherSet::GetVCP()
2025/10/06 05:03:44.174 [T:0xd576d] [DisplayControl] Enter MCCSOtherSet::GetVCP(), vcp code = 236
2025/10/06 05:03:44.259 [T:0xd576d] [DisplayControl] Exit MCCSOtherSet::GetVCP()
2025/10/06 05:03:44.362 [T:0xd576d] [DisplayControl] Enter MCCSOtherSet::GetVCP(), vcp code = 16
2025/10/06 05:03:44.447 [T:0xd576d] [DisplayControl] Exit MCCSOtherSet::GetVCP()
2025/10/06 05:03:44.551 [T:0xd576d] [DisplayControl] Enter MCCSOtherSet::GetVCP(), vcp code = 43
2025/10/06 05:03:44.635 [T:0xd576d] [DisplayControl] Exit MCCSOtherSet::GetVCP()
2025/10/06 05:03:44.738 [T:0xd576d] [DisplayControl] Enter MCCSOtherSet::GetVCP(), vcp code = 141
2025/10/06 05:03:44.822 [T:0xd576d] [DisplayControl] Exit MCCSOtherSet::GetVCP()
2025/10/06 05:03:58.651 [T:0xd576d] [DisplayControl] Enter MCCSOtherSet::SetVCP(), vcp code = 4
2025/10/06 05:03:59.602 [T:0xd576d] [DisplayControl] Exit MCCSOtherSet::SetVCP()
2025/10/06 05:04:04.726 [T:0xd576d] [DisplayControl] Enter OperationThread::ExitThread
2025/10/06 05:04:04.726 [T:0xd576d] [DisplayControl] Exit OperationThread::ExitThread
2025/10/06 05:04:04.727 [T:0xd576d] [DisplayControl] Enter OperationThread::~OperationThread()
2025/10/06 05:04:04.727 [T:0xd576d] [DisplayControl] Enter OperationThread::ExitThread
2025/10/06 05:04:04.727 [T:0xd576d] [DisplayControl] Enter OperationThread::ExitThread
2025/10/06 05:04:04.727 [T:0xd576d] [DisplayControl] Exit OperationThread::ExitThread
2025/10/06 05:04:04.727 [T:0xd576d] [DisplayControl] Enter OperationThread::~OperationThread()
2025/10/06 05:04:04.727 [T:0xd576d] [DisplayControl] Enter OperationThread::ExitThread
2025/10/06 05:04:04.752 [T:0xd576d] [DbgStr] After calling display_control_client_listener_video_port_.UpdateAllDisplayPath()
2025/10/06 05:04:04.771 [T:0xd576d] [DbgStr] After calling display_control_client_listener_.GetAllDisplayEDID()
2025/10/06 05:04:04.773 [T:0xd576d] [DisplayControl] Version = 3.0.6.0
2025/10/06 05:04:04.773 [T:0xd576d] [DisplayControl] Enter ObtainControlHandler1
2025/10/06 05:04:04.773 [T:0xd576d] [DisplayControl] GetVideoPortCommander
2025/10/06 05:04:04.773 [T:0xd576d] [DisplayControl] GetUSBHubCommander
2025/10/06 05:04:04.773 [T:0xd576d] ====== List p_lpo_display_info_video_port, # of devices is ======2
2025/10/06 05:04:04.773 [T:0xd576d] [DisplayControl] index of p_lpo_display_info_video_port0
2025/10/06 05:04:04.773 [T:0xd576d] [DisplayControl] Model name from VideoPort = VG2458
2025/10/06 05:04:04.773 [T:0xd576d] [DisplayControl] SN from VideoPort = YDJ243400006
2025/10/06 05:04:04.773 [T:0xd576d] [DisplayControl] index of p_lpo_display_info_video_port1
2025/10/06 05:04:04.773 [T:0xd576d] [DisplayControl] Model name from VideoPort = VG275
2025/10/06 05:04:04.773 [T:0xd576d] [DisplayControl] SN from VideoPort = XF6232400003
2025/10/06 05:04:04.773 [T:0xd576d] ====== List p_lpo_display_info_rtd_scalar_rts_hub, # of devices is ======0
2025/10/06 05:04:04.773 [T:0xd576d] [DisplayControl] GetVSRtkHubControlClientListener
2025/10/06 05:04:04.774 [T:0xd576d] [DisplayControl] max monitor count = 2
2025/10/06 05:04:04.774 [T:0xd576d] [DisplayControl] index of display_info_vec = 0
2025/10/06 05:04:04.774 [T:0xd576d] [DisplayControl] index of p_lpo_display_info_video_port = 0
2025/10/06 05:04:04.774 [T:0xd576d] [DisplayControl] VideoPortMatchingRule
2025/10/06 05:04:04.774 [T:0xd576d] [DisplayControl] monitor display_info_model_name = VG2458
2025/10/06 05:04:04.774 [T:0xd576d] [DisplayControl] monitor video_port_model_name = VG2458
2025/10/06 05:04:04.774 [T:0xd576d] [DisplayControl] monitor display_info_sn = YDJ243400006
2025/10/06 05:04:04.774 [T:0xd576d] [DisplayControl] monitor video_port_sn = YDJ243400006
2025/10/06 05:04:04.774 [T:0xd576d] [DisplayControl] model_name_match = 1
2025/10/06 05:04:04.774 [T:0xd576d] [DisplayControl] sn_match = 1
2025/10/06 05:04:04.774 [T:0xd576d] [DisplayControl] video_port is_match = 1
2025/10/06 05:04:04.774 [T:0xd576d] [DisplayControl] index of display_info_vec = 1
2025/10/06 05:04:04.774 [T:0xd576d] [DisplayControl] index of p_lpo_display_info_video_port = 0
2025/10/06 05:04:04.774 [T:0xd576d] [DisplayControl] VideoPortMatchingRule
2025/10/06 05:04:04.774 [T:0xd576d] [DisplayControl] monitor display_info_model_name = VG275
2025/10/06 05:04:04.774 [T:0xd576d] [DisplayControl] monitor video_port_model_name = VG2458
2025/10/06 05:04:04.774 [T:0xd576d] [DisplayControl] monitor display_info_sn = XF6232400003
2025/10/06 05:04:04.774 [T:0xd576d] [DisplayControl] monitor video_port_sn = YDJ243400006
2025/10/06 05:04:04.774 [T:0xd576d] [DisplayControl] model_name_match = 0
2025/10/06 05:04:04.774 [T:0xd576d] [DisplayControl] sn_match = 0
2025/10/06 05:04:04.774 [T:0xd576d] [DisplayControl] video_port is_match = 0
2025/10/06 05:04:04.774 [T:0xd576d] [DisplayControl] index of display_info_vec = 1
2025/10/06 05:04:04.774 [T:0xd576d] [DisplayControl] index of p_lpo_display_info_video_port = 1
2025/10/06 05:04:04.774 [T:0xd576d] [DisplayControl] VideoPortMatchingRule
2025/10/06 05:04:04.774 [T:0xd576d] [DisplayControl] monitor display_info_model_name = VG275
2025/10/06 05:04:04.774 [T:0xd576d] [DisplayControl] monitor video_port_model_name = VG275
2025/10/06 05:04:04.774 [T:0xd576d] [DisplayControl] monitor display_info_sn = XF6232400003
2025/10/06 05:04:04.775 [T:0xd576d] [DisplayControl] monitor video_port_sn = XF6232400003
2025/10/06 05:04:04.775 [T:0xd576d] [DisplayControl] model_name_match = 1
2025/10/06 05:04:04.775 [T:0xd576d] [DisplayControl] sn_match = 1
2025/10/06 05:04:04.775 [T:0xd576d] [DisplayControl] video_port is_match = 1
2025/10/06 05:04:04.775 [T:0xd576d] [DisplayControl] i = 0
2025/10/06 05:04:04.775 [T:0xd576d] [DisplayControl] Enter OperationThread::OperationThread()
2025/10/06 05:04:04.775 [T:0xd576d] [DisplayControl] Enter OperationThread::CreateThread
2025/10/06 05:04:04.775 [T:0xd576d] [DisplayControl] new DisplayFunctioner
2025/10/06 05:04:04.775 [T:0xd576d] [DisplayControl] insert displayer_vector
2025/10/06 05:04:04.775 [T:0xd576d] [DisplayControl] insert modelName_SN_to_Display_map
2025/10/06 05:04:04.775 [T:0xd576d] [DisplayControl] insert device_id_to_Displayer_map_
2025/10/06 05:04:04.775 [T:0xd576d] [DisplayControl] i = 1
2025/10/06 05:04:04.775 [T:0xd576d] [DisplayControl] Enter OperationThread::OperationThread()
2025/10/06 05:04:04.775 [T:0xd576d] [DisplayControl] Enter OperationThread::CreateThread
2025/10/06 05:04:04.775 [T:0xd576d] [DisplayControl] new DisplayFunctioner
2025/10/06 05:04:04.775 [T:0xd576d] [DisplayControl] insert displayer_vector
2025/10/06 05:04:04.775 [T:0xd576d] [DisplayControl] insert modelName_SN_to_Display_map
2025/10/06 05:04:04.775 [T:0xd576d] [DisplayControl] insert device_id_to_Displayer_map_
2025/10/06 05:04:04.775 [T:0xd576d] [DisplayControl] monitor size = 2
2025/10/06 05:04:04.775 [T:0xd576d] [DisplayControl] Exit ObtainControlHandler
2025/10/06 05:04:04.775 [T:0xd576d] [DisplayControl] Enter MCCSOtherSet::GetVCP(), vcp code = 16
2025/10/06 05:04:04.856 [T:0xd576d] [DisplayControl] Exit MCCSOtherSet::GetVCP()
2025/10/06 05:04:04.857 [T:0xd576d] [DisplayControl] Enter MCCSOtherSet::GetVCP(), vcp code = 4
2025/10/06 05:04:04.930 [T:0xd576d] [DisplayControl] Exit MCCSOtherSet::GetVCP()
2025/10/06 05:04:05.037 [T:0xd576d] [DisplayControl] Enter MCCSOtherSet::GetVCP(), vcp code = 20
2025/10/06 05:04:05.119 [T:0xd576d] [DisplayControl] Exit MCCSOtherSet::GetVCP()
2025/10/06 05:04:05.228 [T:0xd576d] [DisplayControl] Enter MCCSOtherSet::GetVCP(), vcp code = 225
2025/10/06 05:04:05.310 [T:0xd576d] [DisplayControl] Exit MCCSOtherSet::GetVCP()
2025/10/06 05:04:05.418 [T:0xd576d] [DisplayControl] Enter MCCSOtherSet::GetVCP(), vcp code = 51
2025/10/06 05:04:05.498 [T:0xd576d] [DisplayControl] Exit MCCSOtherSet::GetVCP()
2025/10/06 05:04:05.606 [T:0xd576d] [DisplayControl] Enter MCCSOtherSet::GetVCP(), vcp code = 220
2025/10/06 05:04:05.688 [T:0xd576d] [DisplayControl] Exit MCCSOtherSet::GetVCP()
2025/10/06 05:04:05.796 [T:0xd576d] [DisplayControl] Enter MCCSOtherSet::GetVCP(), vcp code = 98
2025/10/06 05:04:05.877 [T:0xd576d] [DisplayControl] Exit MCCSOtherSet::GetVCP()
2025/10/06 05:04:05.983 [T:0xd576d] [DisplayControl] Enter MCCSOtherSet::GetVCP(), vcp code = 135
2025/10/06 05:04:06.062 [T:0xd576d] [DisplayControl] Exit MCCSOtherSet::GetVCP()
2025/10/06 05:04:06.170 [T:0xd576d] [DisplayControl] Enter MCCSOtherSet::GetVCP(), vcp code = 18
2025/10/06 05:04:06.252 [T:0xd576d] [DisplayControl] Exit MCCSOtherSet::GetVCP()
2025/10/06 05:04:06.358 [T:0xd576d] [DisplayControl] Enter MCCSOtherSet::GetVCP(), vcp code = 245
2025/10/06 05:04:06.441 [T:0xd576d] [DisplayControl] Exit MCCSOtherSet::GetVCP()
2025/10/06 05:04:06.548 [T:0xd576d] [DisplayControl] Enter MCCSOtherSet::GetVCP(), vcp code = 96
2025/10/06 05:04:06.629 [T:0xd576d] [DisplayControl] Exit MCCSOtherSet::GetVCP()
2025/10/06 05:04:06.734 [T:0xd576d] [DisplayControl] Enter MCCSOtherSet::GetVCP(), vcp code = 97
2025/10/06 05:04:06.816 [T:0xd576d] [DisplayControl] Exit MCCSOtherSet::GetVCP()
2025/10/06 05:04:06.924 [T:0xd576d] [DisplayControl] Enter MCCSOtherSet::GetVCP(), vcp code = 16
2025/10/06 05:04:07.006 [T:0xd576d] [DisplayControl] Exit MCCSOtherSet::GetVCP()
2025/10/06 05:04:07.114 [T:0xd576d] [DisplayControl] Enter MCCSOtherSet::GetVCP(), vcp code = 43
2025/10/06 05:04:07.196 [T:0xd576d] [DisplayControl] Exit MCCSOtherSet::GetVCP()
2025/10/06 05:04:07.304 [T:0xd576d] [DisplayControl] Enter MCCSOtherSet::GetVCP(), vcp code = 141
2025/10/06 05:04:07.386 [T:0xd576d] [DisplayControl] Exit MCCSOtherSet::GetVCP()
2025/10/06 05:04:07.492 [T:0xd576d] [DisplayControl] Enter MCCSOtherSet::GetVCP(), vcp code = 4
2025/10/06 05:04:07.577 [T:0xd576d] [DisplayControl] Exit MCCSOtherSet::GetVCP()
2025/10/06 05:04:07.678 [T:0xd576d] [DisplayControl] Enter MCCSOtherSet::GetVCP(), vcp code = 225
2025/10/06 05:04:07.763 [T:0xd576d] [DisplayControl] Exit MCCSOtherSet::GetVCP()
2025/10/06 05:04:07.866 [T:0xd576d] [DisplayControl] Enter MCCSOtherSet::GetVCP(), vcp code = 51
2025/10/06 05:04:07.951 [T:0xd576d] [DisplayControl] Exit MCCSOtherSet::GetVCP()
2025/10/06 05:04:08.053 [T:0xd576d] [DisplayControl] Enter MCCSOtherSet::GetVCP(), vcp code = 220
2025/10/06 05:04:08.136 [T:0xd576d] [DisplayControl] Exit MCCSOtherSet::GetVCP()
2025/10/06 05:04:08.239 [T:0xd576d] [DisplayControl] Enter MCCSOtherSet::GetVCP(), vcp code = 98
2025/10/06 05:04:08.323 [T:0xd576d] [DisplayControl] Exit MCCSOtherSet::GetVCP()
2025/10/06 05:04:08.428 [T:0xd576d] [DisplayControl] Enter MCCSOtherSet::GetVCP(), vcp code = 135
2025/10/06 05:04:08.514 [T:0xd576d] [DisplayControl] Exit MCCSOtherSet::GetVCP()
2025/10/06 05:04:08.618 [T:0xd576d] [DisplayControl] Enter MCCSOtherSet::GetVCP(), vcp code = 18
2025/10/06 05:04:08.704 [T:0xd576d] [DisplayControl] Exit MCCSOtherSet::GetVCP()
2025/10/06 05:04:08.808 [T:0xd576d] [DisplayControl] Enter MCCSOtherSet::GetVCP(), vcp code = 226
2025/10/06 05:04:08.893 [T:0xd576d] [DisplayControl] Exit MCCSOtherSet::GetVCP()
2025/10/06 05:04:08.996 [T:0xd576d] [DisplayControl] Enter MCCSOtherSet::GetVCP(), vcp code = 96
2025/10/06 05:04:09.082 [T:0xd576d] [DisplayControl] Exit MCCSOtherSet::GetVCP()
2025/10/06 05:04:09.184 [T:0xd576d] [DisplayControl] Enter MCCSOtherSet::GetVCP(), vcp code = 97
2025/10/06 05:04:09.271 [T:0xd576d] [DisplayControl] Exit MCCSOtherSet::GetVCP()
2025/10/06 05:04:09.374 [T:0xd576d] [DisplayControl] Enter MCCSOtherSet::GetVCP(), vcp code = 236
2025/10/06 05:04:09.460 [T:0xd576d] [DisplayControl] Exit MCCSOtherSet::GetVCP()
2025/10/06 05:04:09.564 [T:0xd576d] [DisplayControl] Enter MCCSOtherSet::GetVCP(), vcp code = 16
2025/10/06 05:04:09.649 [T:0xd576d] [DisplayControl] Exit MCCSOtherSet::GetVCP()
2025/10/06 05:04:09.753 [T:0xd576d] [DisplayControl] Enter MCCSOtherSet::GetVCP(), vcp code = 43
2025/10/06 05:04:09.839 [T:0xd576d] [DisplayControl] Exit MCCSOtherSet::GetVCP()
2025/10/06 05:04:09.942 [T:0xd576d] [DisplayControl] Enter MCCSOtherSet::GetVCP(), vcp code = 141
2025/10/06 05:04:10.026 [T:0xd576d] [DisplayControl] Exit MCCSOtherSet::GetVCP()
2025/10/06 05:05:08.851 [T:0xf807d] [DisplayControl] Enter MCCSOtherSet::GetVCP(), vcp code = 96
2025/10/06 05:05:08.950 [T:0xf807d] [DisplayControl] Exit MCCSOtherSet::GetVCP()
2025/10/06 05:05:09.149 [T:0x22a74] [DisplayControl] Enter MCCSOtherSet::GetVCP(), vcp code = 4
2025/10/06 05:05:09.259 [T:0x22a74] [DisplayControl] Exit MCCSOtherSet::GetVCP()
2025/10/06 05:05:09.360 [T:0x22a74] [DisplayControl] Enter MCCSOtherSet::GetVCP(), vcp code = 20
2025/10/06 05:05:09.445 [T:0x22a74] [DisplayControl] Exit MCCSOtherSet::GetVCP()
2025/10/06 05:05:09.550 [T:0x22a74] [DisplayControl] Enter MCCSOtherSet::GetVCP(), vcp code = 225
2025/10/06 05:05:09.630 [T:0x22a74] [DisplayControl] Exit MCCSOtherSet::GetVCP()
2025/10/06 05:05:09.739 [T:0x22a74] [DisplayControl] Enter MCCSOtherSet::GetVCP(), vcp code = 51
2025/10/06 05:05:09.822 [T:0x22a74] [DisplayControl] Exit MCCSOtherSet::GetVCP()
2025/10/06 05:05:09.929 [T:0x22a74] [DisplayControl] Enter MCCSOtherSet::GetVCP(), vcp code = 220
2025/10/06 05:05:10.012 [T:0x22a74] [DisplayControl] Exit MCCSOtherSet::GetVCP()
2025/10/06 05:05:10.120 [T:0x22a74] [DisplayControl] Enter MCCSOtherSet::GetVCP(), vcp code = 98
2025/10/06 05:05:10.202 [T:0x22a74] [DisplayControl] Exit MCCSOtherSet::GetVCP()
2025/10/06 05:05:10.309 [T:0x22a74] [DisplayControl] Enter MCCSOtherSet::GetVCP(), vcp code = 135
2025/10/06 05:05:10.390 [T:0x22a74] [DisplayControl] Exit MCCSOtherSet::GetVCP()
2025/10/06 05:05:10.498 [T:0x22a74] [DisplayControl] Enter MCCSOtherSet::GetVCP(), vcp code = 18
2025/10/06 05:05:10.580 [T:0x22a74] [DisplayControl] Exit MCCSOtherSet::GetVCP()
2025/10/06 05:05:10.686 [T:0x22a74] [DisplayControl] Enter MCCSOtherSet::GetVCP(), vcp code = 245
2025/10/06 05:05:10.766 [T:0x22a74] [DisplayControl] Exit MCCSOtherSet::GetVCP()
2025/10/06 05:05:10.873 [T:0x22a74] [DisplayControl] Enter MCCSOtherSet::GetVCP(), vcp code = 96
2025/10/06 05:05:10.955 [T:0x22a74] [DisplayControl] Exit MCCSOtherSet::GetVCP()
2025/10/06 05:05:11.064 [T:0x22a74] [DisplayControl] Enter MCCSOtherSet::GetVCP(), vcp code = 97
2025/10/06 05:05:11.145 [T:0x22a74] [DisplayControl] Exit MCCSOtherSet::GetVCP()
2025/10/06 05:05:11.254 [T:0x22a74] [DisplayControl] Enter MCCSOtherSet::GetVCP(), vcp code = 16
2025/10/06 05:05:11.335 [T:0x22a74] [DisplayControl] Exit MCCSOtherSet::GetVCP()
2025/10/06 05:05:11.440 [T:0x22a74] [DisplayControl] Enter MCCSOtherSet::GetVCP(), vcp code = 43
2025/10/06 05:05:11.519 [T:0x22a74] [DisplayControl] Exit MCCSOtherSet::GetVCP()
2025/10/06 05:05:11.627 [T:0x22a74] [DisplayControl] Enter MCCSOtherSet::GetVCP(), vcp code = 141
2025/10/06 05:05:11.709 [T:0x22a74] [DisplayControl] Exit MCCSOtherSet::GetVCP()
2025/10/06 05:05:26.188 [T:0x22a74] [DisplayControl] Enter MCCSOtherSet::SetVCP(), vcp code = 16
2025/10/06 05:05:26.396 [T:0x22a74] [DisplayControl] Exit MCCSOtherSet::SetVCP()
2025/10/06 05:06:01.455 [T:0x7f296] [DisplayControl] Enter MCCSOtherSet::SetVCP(), vcp code = 18
2025/10/06 05:06:01.654 [T:0x7f296] [DisplayControl] Exit MCCSOtherSet::SetVCP()
2025/10/06 05:06:30.666 [T:0xf807d] [DisplayControl] Enter MCCSOtherSet::GetVCP(), vcp code = 96
2025/10/06 05:06:30.771 [T:0xf807d] [DisplayControl] Exit MCCSOtherSet::GetVCP()
2025/10/06 05:06:30.979 [T:0x7f296] [DisplayControl] Enter MCCSOtherSet::GetVCP(), vcp code = 4
2025/10/06 05:06:31.094 [T:0x7f296] [DisplayControl] Exit MCCSOtherSet::GetVCP()
2025/10/06 05:06:31.196 [T:0x7f296] [DisplayControl] Enter MCCSOtherSet::GetVCP(), vcp code = 225
2025/10/06 05:06:31.283 [T:0x7f296] [DisplayControl] Exit MCCSOtherSet::GetVCP()
2025/10/06 05:06:31.388 [T:0x7f296] [DisplayControl] Enter MCCSOtherSet::GetVCP(), vcp code = 51
2025/10/06 05:06:31.474 [T:0x7f296] [DisplayControl] Exit MCCSOtherSet::GetVCP()
2025/10/06 05:06:31.579 [T:0x7f296] [DisplayControl] Enter MCCSOtherSet::GetVCP(), vcp code = 220
2025/10/06 05:06:31.666 [T:0x7f296] [DisplayControl] Exit MCCSOtherSet::GetVCP()
2025/10/06 05:06:31.770 [T:0x7f296] [DisplayControl] Enter MCCSOtherSet::GetVCP(), vcp code = 98
2025/10/06 05:06:31.856 [T:0x7f296] [DisplayControl] Exit MCCSOtherSet::GetVCP()
2025/10/06 05:06:31.961 [T:0x7f296] [DisplayControl] Enter MCCSOtherSet::GetVCP(), vcp code = 135
2025/10/06 05:06:32.045 [T:0x7f296] [DisplayControl] Exit MCCSOtherSet::GetVCP()
2025/10/06 05:06:32.145 [T:0x7f296] [DisplayControl] Enter MCCSOtherSet::GetVCP(), vcp code = 18
2025/10/06 05:06:32.229 [T:0x7f296] [DisplayControl] Exit MCCSOtherSet::GetVCP()
2025/10/06 05:06:32.332 [T:0x7f296] [DisplayControl] Enter MCCSOtherSet::GetVCP(), vcp code = 226
2025/10/06 05:06:32.418 [T:0x7f296] [DisplayControl] Exit MCCSOtherSet::GetVCP()
2025/10/06 05:06:32.522 [T:0x7f296] [DisplayControl] Enter MCCSOtherSet::GetVCP(), vcp code = 96
2025/10/06 05:06:32.607 [T:0x7f296] [DisplayControl] Exit MCCSOtherSet::GetVCP()
2025/10/06 05:06:32.711 [T:0x7f296] [DisplayControl] Enter MCCSOtherSet::GetVCP(), vcp code = 97
2025/10/06 05:06:32.795 [T:0x7f296] [DisplayControl] Exit MCCSOtherSet::GetVCP()
2025/10/06 05:06:32.897 [T:0x7f296] [DisplayControl] Enter MCCSOtherSet::GetVCP(), vcp code = 236
2025/10/06 05:06:32.983 [T:0x7f296] [DisplayControl] Exit MCCSOtherSet::GetVCP()
2025/10/06 05:06:33.083 [T:0x7f296] [DisplayControl] Enter MCCSOtherSet::GetVCP(), vcp code = 16
2025/10/06 05:06:33.169 [T:0x7f296] [DisplayControl] Exit MCCSOtherSet::GetVCP()
2025/10/06 05:06:33.273 [T:0x7f296] [DisplayControl] Enter MCCSOtherSet::GetVCP(), vcp code = 43
2025/10/06 05:06:33.358 [T:0x7f296] [DisplayControl] Exit MCCSOtherSet::GetVCP()
2025/10/06 05:06:33.461 [T:0x7f296] [DisplayControl] Enter MCCSOtherSet::GetVCP(), vcp code = 141
2025/10/06 05:06:33.545 [T:0x7f296] [DisplayControl] Exit MCCSOtherSet::GetVCP()
2025/10/06 05:06:48.085 [T:0x7f296] [DisplayControl] Enter MCCSOtherSet::SetVCP(), vcp code = 16
2025/10/06 05:06:48.287 [T:0x7f296] [DisplayControl] Exit MCCSOtherSet::SetVCP()
2025/10/06 05:07:23.390 [T:0x7c3ad] [DisplayControl] Enter MCCSOtherSet::SetVCP(), vcp code = 18
2025/10/06 05:07:23.602 [T:0x7c3ad] [DisplayControl] Exit MCCSOtherSet::SetVCP()
2025/10/06 05:12:38.256 [T:0x96d83] [DisplayControl] Enter MCCSOtherSet::SetVCP(), vcp code = 4
2025/10/06 05:12:39.216 [T:0x96d83] [DisplayControl] Exit MCCSOtherSet::SetVCP()
2025/10/06 05:12:44.341 [T:0x96d83] [DisplayControl] Enter OperationThread::ExitThread
2025/10/06 05:12:44.341 [T:0x96d83] [DisplayControl] Exit OperationThread::ExitThread
2025/10/06 05:12:44.341 [T:0x96d83] [DisplayControl] Enter OperationThread::~OperationThread()
2025/10/06 05:12:44.341 [T:0x96d83] [DisplayControl] Enter OperationThread::ExitThread
2025/10/06 05:12:44.341 [T:0x96d83] [DisplayControl] Enter OperationThread::ExitThread
2025/10/06 05:12:44.341 [T:0x96d83] [DisplayControl] Exit OperationThread::ExitThread
2025/10/06 05:12:44.341 [T:0x96d83] [DisplayControl] Enter OperationThread::~OperationThread()
2025/10/06 05:12:44.342 [T:0x96d83] [DisplayControl] Enter OperationThread::ExitThread
2025/10/06 05:12:44.368 [T:0x96d83] [DbgStr] After calling display_control_client_listener_video_port_.UpdateAllDisplayPath()
2025/10/06 05:12:44.387 [T:0x96d83] [DbgStr] After calling display_control_client_listener_.GetAllDisplayEDID()
2025/10/06 05:12:44.389 [T:0x96d83] [DisplayControl] Version = 3.0.6.0
2025/10/06 05:12:44.389 [T:0x96d83] [DisplayControl] Enter ObtainControlHandler1
2025/10/06 05:12:44.389 [T:0x96d83] [DisplayControl] GetVideoPortCommander
2025/10/06 05:12:44.389 [T:0x96d83] [DisplayControl] GetUSBHubCommander
2025/10/06 05:12:44.389 [T:0x96d83] ====== List p_lpo_display_info_video_port, # of devices is ======2
2025/10/06 05:12:44.389 [T:0x96d83] [DisplayControl] index of p_lpo_display_info_video_port0
2025/10/06 05:12:44.389 [T:0x96d83] [DisplayControl] Model name from VideoPort = VG2458
2025/10/06 05:12:44.389 [T:0x96d83] [DisplayControl] SN from VideoPort = YDJ243400006
2025/10/06 05:12:44.389 [T:0x96d83] [DisplayControl] index of p_lpo_display_info_video_port1
2025/10/06 05:12:44.389 [T:0x96d83] [DisplayControl] Model name from VideoPort = VG275
2025/10/06 05:12:44.389 [T:0x96d83] [DisplayControl] SN from VideoPort = XF6232400003
2025/10/06 05:12:44.389 [T:0x96d83] ====== List p_lpo_display_info_rtd_scalar_rts_hub, # of devices is ======0
2025/10/06 05:12:44.389 [T:0x96d83] [DisplayControl] GetVSRtkHubControlClientListener
2025/10/06 05:12:44.390 [T:0x96d83] [DisplayControl] max monitor count = 2
2025/10/06 05:12:44.390 [T:0x96d83] [DisplayControl] index of display_info_vec = 0
2025/10/06 05:12:44.390 [T:0x96d83] [DisplayControl] index of p_lpo_display_info_video_port = 0
2025/10/06 05:12:44.390 [T:0x96d83] [DisplayControl] VideoPortMatchingRule
2025/10/06 05:12:44.390 [T:0x96d83] [DisplayControl] monitor display_info_model_name = VG2458
2025/10/06 05:12:44.390 [T:0x96d83] [DisplayControl] monitor video_port_model_name = VG2458
2025/10/06 05:12:44.390 [T:0x96d83] [DisplayControl] monitor display_info_sn = YDJ243400006
2025/10/06 05:12:44.390 [T:0x96d83] [DisplayControl] monitor video_port_sn = YDJ243400006
2025/10/06 05:12:44.390 [T:0x96d83] [DisplayControl] model_name_match = 1
2025/10/06 05:12:44.390 [T:0x96d83] [DisplayControl] sn_match = 1
2025/10/06 05:12:44.390 [T:0x96d83] [DisplayControl] video_port is_match = 1
2025/10/06 05:12:44.390 [T:0x96d83] [DisplayControl] index of display_info_vec = 1
2025/10/06 05:12:44.390 [T:0x96d83] [DisplayControl] index of p_lpo_display_info_video_port = 0
2025/10/06 05:12:44.390 [T:0x96d83] [DisplayControl] VideoPortMatchingRule
2025/10/06 05:12:44.390 [T:0x96d83] [DisplayControl] monitor display_info_model_name = VG275
2025/10/06 05:12:44.390 [T:0x96d83] [DisplayControl] monitor video_port_model_name = VG2458
2025/10/06 05:12:44.390 [T:0x96d83] [DisplayControl] monitor display_info_sn = XF6232400003
2025/10/06 05:12:44.390 [T:0x96d83] [DisplayControl] monitor video_port_sn = YDJ243400006
2025/10/06 05:12:44.390 [T:0x96d83] [DisplayControl] model_name_match = 0
2025/10/06 05:12:44.390 [T:0x96d83] [DisplayControl] sn_match = 0
2025/10/06 05:12:44.390 [T:0x96d83] [DisplayControl] video_port is_match = 0
2025/10/06 05:12:44.390 [T:0x96d83] [DisplayControl] index of display_info_vec = 1
2025/10/06 05:12:44.390 [T:0x96d83] [DisplayControl] index of p_lpo_display_info_video_port = 1
2025/10/06 05:12:44.390 [T:0x96d83] [DisplayControl] VideoPortMatchingRule
2025/10/06 05:12:44.390 [T:0x96d83] [DisplayControl] monitor display_info_model_name = VG275
2025/10/06 05:12:44.390 [T:0x96d83] [DisplayControl] monitor video_port_model_name = VG275
2025/10/06 05:12:44.390 [T:0x96d83] [DisplayControl] monitor display_info_sn = XF6232400003
2025/10/06 05:12:44.391 [T:0x96d83] [DisplayControl] monitor video_port_sn = XF6232400003
2025/10/06 05:12:44.391 [T:0x96d83] [DisplayControl] model_name_match = 1
2025/10/06 05:12:44.391 [T:0x96d83] [DisplayControl] sn_match = 1
2025/10/06 05:12:44.391 [T:0x96d83] [DisplayControl] video_port is_match = 1
2025/10/06 05:12:44.391 [T:0x96d83] [DisplayControl] i = 0
2025/10/06 05:12:44.391 [T:0x96d83] [DisplayControl] Enter OperationThread::OperationThread()
2025/10/06 05:12:44.391 [T:0x96d83] [DisplayControl] Enter OperationThread::CreateThread
2025/10/06 05:12:44.391 [T:0x96d83] [DisplayControl] new DisplayFunctioner
2025/10/06 05:12:44.391 [T:0x96d83] [DisplayControl] insert displayer_vector
2025/10/06 05:12:44.391 [T:0x96d83] [DisplayControl] insert modelName_SN_to_Display_map
2025/10/06 05:12:44.391 [T:0x96d83] [DisplayControl] insert device_id_to_Displayer_map_
2025/10/06 05:12:44.391 [T:0x96d83] [DisplayControl] i = 1
2025/10/06 05:12:44.391 [T:0x96d83] [DisplayControl] Enter OperationThread::OperationThread()
2025/10/06 05:12:44.391 [T:0x96d83] [DisplayControl] Enter OperationThread::CreateThread
2025/10/06 05:12:44.391 [T:0x96d83] [DisplayControl] new DisplayFunctioner
2025/10/06 05:12:44.391 [T:0x96d83] [DisplayControl] insert displayer_vector
2025/10/06 05:12:44.391 [T:0x96d83] [DisplayControl] insert modelName_SN_to_Display_map
2025/10/06 05:12:44.391 [T:0x96d83] [DisplayControl] insert device_id_to_Displayer_map_
2025/10/06 05:12:44.391 [T:0x96d83] [DisplayControl] monitor size = 2
2025/10/06 05:12:44.391 [T:0x96d83] [DisplayControl] Exit ObtainControlHandler
2025/10/06 05:12:44.391 [T:0x96d83] [DisplayControl] Enter MCCSOtherSet::GetVCP(), vcp code = 16
2025/10/06 05:12:44.474 [T:0x96d83] [DisplayControl] Exit MCCSOtherSet::GetVCP()
2025/10/06 05:12:44.474 [T:0x96d83] [DisplayControl] Enter MCCSOtherSet::GetVCP(), vcp code = 4
2025/10/06 05:12:44.549 [T:0x96d83] [DisplayControl] Exit MCCSOtherSet::GetVCP()
2025/10/06 05:12:44.655 [T:0x96d83] [DisplayControl] Enter MCCSOtherSet::GetVCP(), vcp code = 20
2025/10/06 05:12:44.735 [T:0x96d83] [DisplayControl] Exit MCCSOtherSet::GetVCP()
2025/10/06 05:12:44.844 [T:0x96d83] [DisplayControl] Enter MCCSOtherSet::GetVCP(), vcp code = 225
2025/10/06 05:12:44.926 [T:0x96d83] [DisplayControl] Exit MCCSOtherSet::GetVCP()
2025/10/06 05:12:45.033 [T:0x96d83] [DisplayControl] Enter MCCSOtherSet::GetVCP(), vcp code = 51
2025/10/06 05:12:45.114 [T:0x96d83] [DisplayControl] Exit MCCSOtherSet::GetVCP()
2025/10/06 05:12:45.221 [T:0x96d83] [DisplayControl] Enter MCCSOtherSet::GetVCP(), vcp code = 220
2025/10/06 05:12:45.302 [T:0x96d83] [DisplayControl] Exit MCCSOtherSet::GetVCP()
2025/10/06 05:12:45.407 [T:0x96d83] [DisplayControl] Enter MCCSOtherSet::GetVCP(), vcp code = 98
2025/10/06 05:12:45.487 [T:0x96d83] [DisplayControl] Exit MCCSOtherSet::GetVCP()
2025/10/06 05:12:45.595 [T:0x96d83] [DisplayControl] Enter MCCSOtherSet::GetVCP(), vcp code = 135
2025/10/06 05:12:45.677 [T:0x96d83] [DisplayControl] Exit MCCSOtherSet::GetVCP()
2025/10/06 05:12:45.784 [T:0x96d83] [DisplayControl] Enter MCCSOtherSet::GetVCP(), vcp code = 18
2025/10/06 05:12:45.866 [T:0x96d83] [DisplayControl] Exit MCCSOtherSet::GetVCP()
2025/10/06 05:12:45.867 [T:0x96d83] [DisplayControl] Enter MCCSOtherSet::GetVCP(), vcp code = 18
2025/10/06 05:12:46.006 [T:0x96d83] [DisplayControl] Exit MCCSOtherSet::GetVCP()
2025/10/06 05:12:46.006 [T:0x96d83] [DisplayControl] Enter MCCSOtherSet::GetVCP(), vcp code = 18
2025/10/06 05:12:46.146 [T:0x96d83] [DisplayControl] Exit MCCSOtherSet::GetVCP()
2025/10/06 05:12:46.146 [T:0x96d83] [DisplayControl] Enter MCCSOtherSet::GetVCP(), vcp code = 18
2025/10/06 05:12:46.286 [T:0x96d83] [DisplayControl] Exit MCCSOtherSet::GetVCP()
2025/10/06 05:12:46.287 [T:0x96d83] [DisplayControl] Enter MCCSOtherSet::GetVCP(), vcp code = 18
2025/10/06 05:12:46.430 [T:0x96d83] [DisplayControl] Exit MCCSOtherSet::GetVCP()
2025/10/06 05:12:46.430 [T:0x96d83] [DisplayControl] Enter MCCSOtherSet::GetVCP(), vcp code = 18
2025/10/06 05:12:46.572 [T:0x96d83] [DisplayControl] Exit MCCSOtherSet::GetVCP()
2025/10/06 05:12:46.572 [T:0x96d83] [DisplayControl] Enter MCCSOtherSet::GetVCP(), vcp code = 18
2025/10/06 05:12:46.712 [T:0x96d83] [DisplayControl] Exit MCCSOtherSet::GetVCP()
2025/10/06 05:12:46.712 [T:0x96d83] [DisplayControl] Enter MCCSOtherSet::GetVCP(), vcp code = 18
2025/10/06 05:12:46.851 [T:0x96d83] [DisplayControl] Exit MCCSOtherSet::GetVCP()
2025/10/06 05:12:46.851 [T:0x96d83] [DisplayControl] Enter MCCSOtherSet::GetVCP(), vcp code = 18
2025/10/06 05:12:46.990 [T:0x96d83] [DisplayControl] Exit MCCSOtherSet::GetVCP()
2025/10/06 05:12:46.991 [T:0x96d83] [DisplayControl] Enter MCCSOtherSet::GetVCP(), vcp code = 18
2025/10/06 05:12:47.134 [T:0x96d83] [DisplayControl] Exit MCCSOtherSet::GetVCP()
2025/10/06 05:12:47.134 [T:0x96d83] [DisplayControl] Enter MCCSOtherSet::GetVCP(), vcp code = 18
2025/10/06 05:12:47.276 [T:0x96d83] [DisplayControl] Exit MCCSOtherSet::GetVCP()
2025/10/06 05:12:47.276 [T:0x96d83] [DisplayControl] Enter MCCSOtherSet::GetVCP(), vcp code = 18
2025/10/06 05:12:47.419 [T:0x96d83] [DisplayControl] Exit MCCSOtherSet::GetVCP()
2025/10/06 05:12:47.419 [T:0x96d83] [DisplayControl] Enter MCCSOtherSet::GetVCP(), vcp code = 18
2025/10/06 05:12:47.560 [T:0x96d83] [DisplayControl] Exit MCCSOtherSet::GetVCP()
2025/10/06 05:12:47.561 [T:0x96d83] [DisplayControl] Enter MCCSOtherSet::GetVCP(), vcp code = 18
2025/10/06 05:12:47.702 [T:0x96d83] [DisplayControl] Exit MCCSOtherSet::GetVCP()
2025/10/06 05:12:47.702 [T:0x96d83] [DisplayControl] Enter MCCSOtherSet::GetVCP(), vcp code = 18
2025/10/06 05:12:47.845 [T:0x96d83] [DisplayControl] Exit MCCSOtherSet::GetVCP()
2025/10/06 05:12:47.846 [T:0x96d83] [DisplayControl] Enter MCCSOtherSet::GetVCP(), vcp code = 18
2025/10/06 05:12:47.987 [T:0x96d83] [DisplayControl] Exit MCCSOtherSet::GetVCP()
2025/10/06 05:12:47.987 [T:0x96d83] [DisplayControl] Enter MCCSOtherSet::GetVCP(), vcp code = 18
2025/10/06 05:12:48.127 [T:0x96d83] [DisplayControl] Exit MCCSOtherSet::GetVCP()
2025/10/06 05:12:48.128 [T:0x96d83] [DisplayControl] Enter MCCSOtherSet::GetVCP(), vcp code = 18
2025/10/06 05:12:48.270 [T:0x96d83] [DisplayControl] Exit MCCSOtherSet::GetVCP()
2025/10/06 05:12:48.270 [T:0x96d83] [DisplayControl] Enter MCCSOtherSet::GetVCP(), vcp code = 18
2025/10/06 05:12:48.413 [T:0x96d83] [DisplayControl] Exit MCCSOtherSet::GetVCP()
2025/10/06 05:12:48.414 [T:0x96d83] [DisplayControl] Enter MCCSOtherSet::GetVCP(), vcp code = 18
2025/10/06 05:12:48.556 [T:0x96d83] [DisplayControl] Exit MCCSOtherSet::GetVCP()
2025/10/06 05:12:48.556 [T:0x96d83] [DisplayControl] Enter MCCSOtherSet::GetVCP(), vcp code = 18
2025/10/06 05:12:48.697 [T:0x96d83] [DisplayControl] Exit MCCSOtherSet::GetVCP()
2025/10/06 05:12:48.698 [T:0x96d83] [DisplayControl] Enter MCCSOtherSet::GetVCP(), vcp code = 18
2025/10/06 05:12:48.838 [T:0x96d83] [DisplayControl] Exit MCCSOtherSet::GetVCP()
2025/10/06 05:12:48.838 [T:0x96d83] [DisplayControl] Enter MCCSOtherSet::GetVCP(), vcp code = 18
2025/10/06 05:12:48.977 [T:0x96d83] [DisplayControl] Exit MCCSOtherSet::GetVCP()
2025/10/06 05:12:48.977 [T:0x96d83] [DisplayControl] Enter MCCSOtherSet::GetVCP(), vcp code = 18
2025/10/06 05:12:49.119 [T:0x96d83] [DisplayControl] Exit MCCSOtherSet::GetVCP()
2025/10/06 05:12:49.119 [T:0x96d83] [DisplayControl] Enter MCCSOtherSet::GetVCP(), vcp code = 18
2025/10/06 05:12:49.260 [T:0x96d83] [DisplayControl] Exit MCCSOtherSet::GetVCP()
2025/10/06 05:12:49.260 [T:0x96d83] [DisplayControl] Enter MCCSOtherSet::GetVCP(), vcp code = 18
2025/10/06 05:12:49.403 [T:0x96d83] [DisplayControl] Exit MCCSOtherSet::GetVCP()
2025/10/06 05:12:49.403 [T:0x96d83] [DisplayControl] Enter MCCSOtherSet::GetVCP(), vcp code = 18
2025/10/06 05:12:49.545 [T:0x96d83] [DisplayControl] Exit MCCSOtherSet::GetVCP()
2025/10/06 05:12:49.545 [T:0x96d83] [DisplayControl] Enter MCCSOtherSet::GetVCP(), vcp code = 18
2025/10/06 05:12:49.688 [T:0x96d83] [DisplayControl] Exit MCCSOtherSet::GetVCP()
2025/10/06 05:12:49.693 [T:0x96d83] [DisplayControl] Enter MCCSOtherSet::GetVCP(), vcp code = 18
2025/10/06 05:12:49.831 [T:0x96d83] [DisplayControl] Exit MCCSOtherSet::GetVCP()
2025/10/06 05:12:49.831 [T:0x96d83] [DisplayControl] Enter MCCSOtherSet::GetVCP(), vcp code = 18
2025/10/06 05:12:49.971 [T:0x96d83] [DisplayControl] Exit MCCSOtherSet::GetVCP()
2025/10/06 05:12:49.971 [T:0x96d83] [DisplayControl] Enter MCCSOtherSet::GetVCP(), vcp code = 18
2025/10/06 05:12:50.110 [T:0x96d83] [DisplayControl] Exit MCCSOtherSet::GetVCP()
2025/10/06 05:12:50.111 [T:0x96d83] [DisplayControl] Enter MCCSOtherSet::GetVCP(), vcp code = 18
2025/10/06 05:12:50.254 [T:0x96d83] [DisplayControl] Exit MCCSOtherSet::GetVCP()
2025/10/06 05:12:50.254 [T:0x96d83] [DisplayControl] Enter MCCSOtherSet::GetVCP(), vcp code = 18
2025/10/06 05:12:50.398 [T:0x96d83] [DisplayControl] Exit MCCSOtherSet::GetVCP()
2025/10/06 05:12:50.398 [T:0x96d83] [DisplayControl] Enter MCCSOtherSet::GetVCP(), vcp code = 18
2025/10/06 05:12:50.539 [T:0x96d83] [DisplayControl] Exit MCCSOtherSet::GetVCP()
2025/10/06 05:12:50.539 [T:0x96d83] [DisplayControl] Enter MCCSOtherSet::GetVCP(), vcp code = 18
2025/10/06 05:12:50.680 [T:0x96d83] [DisplayControl] Exit MCCSOtherSet::GetVCP()
2025/10/06 05:12:50.680 [T:0x96d83] [DisplayControl] Enter MCCSOtherSet::GetVCP(), vcp code = 18
2025/10/06 05:12:50.819 [T:0x96d83] [DisplayControl] Exit MCCSOtherSet::GetVCP()
2025/10/06 05:12:50.925 [T:0x96d83] [DisplayControl] Enter MCCSOtherSet::GetVCP(), vcp code = 245
2025/10/06 05:12:51.006 [T:0x96d83] [DisplayControl] Exit MCCSOtherSet::GetVCP()
2025/10/06 05:12:51.115 [T:0x96d83] [DisplayControl] Enter MCCSOtherSet::GetVCP(), vcp code = 96
2025/10/06 05:12:51.197 [T:0x96d83] [DisplayControl] Exit MCCSOtherSet::GetVCP()
2025/10/06 05:12:51.303 [T:0x96d83] [DisplayControl] Enter MCCSOtherSet::GetVCP(), vcp code = 97
2025/10/06 05:12:51.384 [T:0x96d83] [DisplayControl] Exit MCCSOtherSet::GetVCP()
2025/10/06 05:12:51.489 [T:0x96d83] [DisplayControl] Enter MCCSOtherSet::GetVCP(), vcp code = 16
2025/10/06 05:12:51.570 [T:0x96d83] [DisplayControl] Exit MCCSOtherSet::GetVCP()
2025/10/06 05:12:51.570 [T:0x96d83] [DisplayControl] Enter MCCSOtherSet::GetVCP(), vcp code = 16
2025/10/06 05:12:51.710 [T:0x96d83] [DisplayControl] Exit MCCSOtherSet::GetVCP()
2025/10/06 05:12:51.710 [T:0x96d83] [DisplayControl] Enter MCCSOtherSet::GetVCP(), vcp code = 16
2025/10/06 05:12:51.852 [T:0x96d83] [DisplayControl] Exit MCCSOtherSet::GetVCP()
2025/10/06 05:12:51.852 [T:0x96d83] [DisplayControl] Enter MCCSOtherSet::GetVCP(), vcp code = 16
2025/10/06 05:12:51.995 [T:0x96d83] [DisplayControl] Exit MCCSOtherSet::GetVCP()
2025/10/06 05:12:51.995 [T:0x96d83] [DisplayControl] Enter MCCSOtherSet::GetVCP(), vcp code = 16
2025/10/06 05:12:52.134 [T:0x96d83] [DisplayControl] Exit MCCSOtherSet::GetVCP()
2025/10/06 05:12:52.134 [T:0x96d83] [DisplayControl] Enter MCCSOtherSet::GetVCP(), vcp code = 16
2025/10/06 05:12:52.274 [T:0x96d83] [DisplayControl] Exit MCCSOtherSet::GetVCP()
2025/10/06 05:12:52.274 [T:0x96d83] [DisplayControl] Enter MCCSOtherSet::GetVCP(), vcp code = 16
2025/10/06 05:12:52.414 [T:0x96d83] [DisplayControl] Exit MCCSOtherSet::GetVCP()
2025/10/06 05:12:52.419 [T:0x96d83] [DisplayControl] Enter MCCSOtherSet::GetVCP(), vcp code = 16
2025/10/06 05:12:52.557 [T:0x96d83] [DisplayControl] Exit MCCSOtherSet::GetVCP()
2025/10/06 05:12:52.557 [T:0x96d83] [DisplayControl] Enter MCCSOtherSet::GetVCP(), vcp code = 16
2025/10/06 05:12:52.699 [T:0x96d83] [DisplayControl] Exit MCCSOtherSet::GetVCP()
2025/10/06 05:12:52.699 [T:0x96d83] [DisplayControl] Enter MCCSOtherSet::GetVCP(), vcp code = 16
2025/10/06 05:12:52.837 [T:0x96d83] [DisplayControl] Exit MCCSOtherSet::GetVCP()
2025/10/06 05:12:52.837 [T:0x96d83] [DisplayControl] Enter MCCSOtherSet::GetVCP(), vcp code = 16
2025/10/06 05:12:52.977 [T:0x96d83] [DisplayControl] Exit MCCSOtherSet::GetVCP()
2025/10/06 05:12:52.977 [T:0x96d83] [DisplayControl] Enter MCCSOtherSet::GetVCP(), vcp code = 16
2025/10/06 05:12:53.118 [T:0x96d83] [DisplayControl] Exit MCCSOtherSet::GetVCP()
2025/10/06 05:12:53.119 [T:0x96d83] [DisplayControl] Enter MCCSOtherSet::GetVCP(), vcp code = 16
2025/10/06 05:12:53.262 [T:0x96d83] [DisplayControl] Exit MCCSOtherSet::GetVCP()
2025/10/06 05:12:53.262 [T:0x96d83] [DisplayControl] Enter MCCSOtherSet::GetVCP(), vcp code = 16
2025/10/06 05:12:53.404 [T:0x96d83] [DisplayControl] Exit MCCSOtherSet::GetVCP()
2025/10/06 05:12:53.405 [T:0x96d83] [DisplayControl] Enter MCCSOtherSet::GetVCP(), vcp code = 16
2025/10/06 05:12:53.546 [T:0x96d83] [DisplayControl] Exit MCCSOtherSet::GetVCP()
2025/10/06 05:12:53.546 [T:0x96d83] [DisplayControl] Enter MCCSOtherSet::GetVCP(), vcp code = 16
2025/10/06 05:12:53.689 [T:0x96d83] [DisplayControl] Exit MCCSOtherSet::GetVCP()
2025/10/06 05:12:53.689 [T:0x96d83] [DisplayControl] Enter MCCSOtherSet::GetVCP(), vcp code = 16
2025/10/06 05:12:53.830 [T:0x96d83] [DisplayControl] Exit MCCSOtherSet::GetVCP()
2025/10/06 05:12:53.830 [T:0x96d83] [DisplayControl] Enter MCCSOtherSet::GetVCP(), vcp code = 16
2025/10/06 05:12:53.972 [T:0x96d83] [DisplayControl] Exit MCCSOtherSet::GetVCP()
2025/10/06 05:12:53.972 [T:0x96d83] [DisplayControl] Enter MCCSOtherSet::GetVCP(), vcp code = 16
2025/10/06 05:12:54.111 [T:0x96d83] [DisplayControl] Exit MCCSOtherSet::GetVCP()
2025/10/06 05:12:54.111 [T:0x96d83] [DisplayControl] Enter MCCSOtherSet::GetVCP(), vcp code = 16
2025/10/06 05:12:54.254 [T:0x96d83] [DisplayControl] Exit MCCSOtherSet::GetVCP()
2025/10/06 05:12:54.255 [T:0x96d83] [DisplayControl] Enter MCCSOtherSet::GetVCP(), vcp code = 16
2025/10/06 05:12:54.398 [T:0x96d83] [DisplayControl] Exit MCCSOtherSet::GetVCP()
2025/10/06 05:12:54.398 [T:0x96d83] [DisplayControl] Enter MCCSOtherSet::GetVCP(), vcp code = 16
2025/10/06 05:12:54.540 [T:0x96d83] [DisplayControl] Exit MCCSOtherSet::GetVCP()
2025/10/06 05:12:54.541 [T:0x96d83] [DisplayControl] Enter MCCSOtherSet::GetVCP(), vcp code = 16
2025/10/06 05:12:54.683 [T:0x96d83] [DisplayControl] Exit MCCSOtherSet::GetVCP()
2025/10/06 05:12:54.683 [T:0x96d83] [DisplayControl] Enter MCCSOtherSet::GetVCP(), vcp code = 16
2025/10/06 05:12:54.822 [T:0x96d83] [DisplayControl] Exit MCCSOtherSet::GetVCP()
2025/10/06 05:12:54.822 [T:0x96d83] [DisplayControl] Enter MCCSOtherSet::GetVCP(), vcp code = 16
2025/10/06 05:12:54.961 [T:0x96d83] [DisplayControl] Exit MCCSOtherSet::GetVCP()
2025/10/06 05:12:54.961 [T:0x96d83] [DisplayControl] Enter MCCSOtherSet::GetVCP(), vcp code = 16
2025/10/06 05:12:55.102 [T:0x96d83] [DisplayControl] Exit MCCSOtherSet::GetVCP()
2025/10/06 05:12:55.103 [T:0x96d83] [DisplayControl] Enter MCCSOtherSet::GetVCP(), vcp code = 16
2025/10/06 05:12:55.245 [T:0x96d83] [DisplayControl] Exit MCCSOtherSet::GetVCP()
2025/10/06 05:12:55.246 [T:0x96d83] [DisplayControl] Enter MCCSOtherSet::GetVCP(), vcp code = 16
2025/10/06 05:12:55.388 [T:0x96d83] [DisplayControl] Exit MCCSOtherSet::GetVCP()
2025/10/06 05:12:55.388 [T:0x96d83] [DisplayControl] Enter MCCSOtherSet::GetVCP(), vcp code = 16
2025/10/06 05:12:55.531 [T:0x96d83] [DisplayControl] Exit MCCSOtherSet::GetVCP()
2025/10/06 05:12:55.532 [T:0x96d83] [DisplayControl] Enter MCCSOtherSet::GetVCP(), vcp code = 16
2025/10/06 05:12:55.673 [T:0x96d83] [DisplayControl] Exit MCCSOtherSet::GetVCP()
2025/10/06 05:12:55.674 [T:0x96d83] [DisplayControl] Enter MCCSOtherSet::GetVCP(), vcp code = 16
2025/10/06 05:12:55.816 [T:0x96d83] [DisplayControl] Exit MCCSOtherSet::GetVCP()
2025/10/06 05:12:55.817 [T:0x96d83] [DisplayControl] Enter MCCSOtherSet::GetVCP(), vcp code = 16
2025/10/06 05:12:55.958 [T:0x96d83] [DisplayControl] Exit MCCSOtherSet::GetVCP()
2025/10/06 05:12:55.958 [T:0x96d83] [DisplayControl] Enter MCCSOtherSet::GetVCP(), vcp code = 16
2025/10/06 05:12:56.097 [T:0x96d83] [DisplayControl] Exit MCCSOtherSet::GetVCP()
2025/10/06 05:12:56.097 [T:0x96d83] [DisplayControl] Enter MCCSOtherSet::GetVCP(), vcp code = 16
2025/10/06 05:12:56.238 [T:0x96d83] [DisplayControl] Exit MCCSOtherSet::GetVCP()
2025/10/06 05:12:56.238 [T:0x96d83] [DisplayControl] Enter MCCSOtherSet::GetVCP(), vcp code = 16
2025/10/06 05:12:56.380 [T:0x96d83] [DisplayControl] Exit MCCSOtherSet::GetVCP()
2025/10/06 05:12:56.380 [T:0x96d83] [DisplayControl] Enter MCCSOtherSet::GetVCP(), vcp code = 16
2025/10/06 05:12:56.522 [T:0x96d83] [DisplayControl] Exit MCCSOtherSet::GetVCP()
2025/10/06 05:12:56.630 [T:0x96d83] [DisplayControl] Enter MCCSOtherSet::GetVCP(), vcp code = 43
2025/10/06 05:12:56.712 [T:0x96d83] [DisplayControl] Exit MCCSOtherSet::GetVCP()
2025/10/06 05:12:56.818 [T:0x96d83] [DisplayControl] Enter MCCSOtherSet::GetVCP(), vcp code = 141
2025/10/06 05:12:56.898 [T:0x96d83] [DisplayControl] Exit MCCSOtherSet::GetVCP()
2025/10/06 05:12:57.005 [T:0x96d83] [DisplayControl] Enter MCCSOtherSet::GetVCP(), vcp code = 4
2025/10/06 05:12:57.090 [T:0x96d83] [DisplayControl] Exit MCCSOtherSet::GetVCP()
2025/10/06 05:12:57.194 [T:0x96d83] [DisplayControl] Enter MCCSOtherSet::GetVCP(), vcp code = 225
2025/10/06 05:12:57.281 [T:0x96d83] [DisplayControl] Exit MCCSOtherSet::GetVCP()
2025/10/06 05:12:57.382 [T:0x96d83] [DisplayControl] Enter MCCSOtherSet::GetVCP(), vcp code = 51
2025/10/06 05:12:57.466 [T:0x96d83] [DisplayControl] Exit MCCSOtherSet::GetVCP()
2025/10/06 05:12:57.568 [T:0x96d83] [DisplayControl] Enter MCCSOtherSet::GetVCP(), vcp code = 220
2025/10/06 05:12:57.652 [T:0x96d83] [DisplayControl] Exit MCCSOtherSet::GetVCP()
2025/10/06 05:12:57.755 [T:0x96d83] [DisplayControl] Enter MCCSOtherSet::GetVCP(), vcp code = 98
2025/10/06 05:12:57.840 [T:0x96d83] [DisplayControl] Exit MCCSOtherSet::GetVCP()
2025/10/06 05:12:57.943 [T:0x96d83] [DisplayControl] Enter MCCSOtherSet::GetVCP(), vcp code = 135
2025/10/06 05:12:58.028 [T:0x96d83] [DisplayControl] Exit MCCSOtherSet::GetVCP()
2025/10/06 05:12:58.129 [T:0x96d83] [DisplayControl] Enter MCCSOtherSet::GetVCP(), vcp code = 18
2025/10/06 05:12:58.214 [T:0x96d83] [DisplayControl] Exit MCCSOtherSet::GetVCP()
2025/10/06 05:12:58.315 [T:0x96d83] [DisplayControl] Enter MCCSOtherSet::GetVCP(), vcp code = 226
2025/10/06 05:12:58.401 [T:0x96d83] [DisplayControl] Exit MCCSOtherSet::GetVCP()
2025/10/06 05:12:58.506 [T:0x96d83] [DisplayControl] Enter MCCSOtherSet::GetVCP(), vcp code = 96
2025/10/06 05:12:58.592 [T:0x96d83] [DisplayControl] Exit MCCSOtherSet::GetVCP()
2025/10/06 05:12:58.693 [T:0x96d83] [DisplayControl] Enter MCCSOtherSet::GetVCP(), vcp code = 97
2025/10/06 05:12:58.778 [T:0x96d83] [DisplayControl] Exit MCCSOtherSet::GetVCP()
2025/10/06 05:12:58.880 [T:0x96d83] [DisplayControl] Enter MCCSOtherSet::GetVCP(), vcp code = 236
2025/10/06 05:12:58.965 [T:0x96d83] [DisplayControl] Exit MCCSOtherSet::GetVCP()
2025/10/06 05:12:59.068 [T:0x96d83] [DisplayControl] Enter MCCSOtherSet::GetVCP(), vcp code = 16
2025/10/06 05:12:59.154 [T:0x96d83] [DisplayControl] Exit MCCSOtherSet::GetVCP()
2025/10/06 05:12:59.258 [T:0x96d83] [DisplayControl] Enter MCCSOtherSet::GetVCP(), vcp code = 43
2025/10/06 05:12:59.342 [T:0x96d83] [DisplayControl] Exit MCCSOtherSet::GetVCP()
2025/10/06 05:12:59.444 [T:0x96d83] [DisplayControl] Enter MCCSOtherSet::GetVCP(), vcp code = 141
2025/10/06 05:12:59.528 [T:0x96d83] [DisplayControl] Exit MCCSOtherSet::GetVCP()
2025/10/06 05:13:49.377 [T:0xf807d] [DisplayControl] Enter MCCSOtherSet::GetVCP(), vcp code = 96
2025/10/06 05:13:49.480 [T:0xf807d] [DisplayControl] Exit MCCSOtherSet::GetVCP()
2025/10/06 05:13:49.695 [T:0x85f3a] [DisplayControl] Enter MCCSOtherSet::GetVCP(), vcp code = 4
2025/10/06 05:13:49.791 [T:0x85f3a] [DisplayControl] Exit MCCSOtherSet::GetVCP()
2025/10/06 05:13:49.897 [T:0x85f3a] [DisplayControl] Enter MCCSOtherSet::GetVCP(), vcp code = 20
2025/10/06 05:13:49.979 [T:0x85f3a] [DisplayControl] Exit MCCSOtherSet::GetVCP()
2025/10/06 05:13:50.086 [T:0x85f3a] [DisplayControl] Enter MCCSOtherSet::GetVCP(), vcp code = 225
2025/10/06 05:13:50.169 [T:0x85f3a] [DisplayControl] Exit MCCSOtherSet::GetVCP()
2025/10/06 05:13:50.277 [T:0x85f3a] [DisplayControl] Enter MCCSOtherSet::GetVCP(), vcp code = 51
2025/10/06 05:13:50.360 [T:0x85f3a] [DisplayControl] Exit MCCSOtherSet::GetVCP()
2025/10/06 05:13:50.468 [T:0x85f3a] [DisplayControl] Enter MCCSOtherSet::GetVCP(), vcp code = 220
2025/10/06 05:13:50.551 [T:0x85f3a] [DisplayControl] Exit MCCSOtherSet::GetVCP()
2025/10/06 05:13:50.658 [T:0x85f3a] [DisplayControl] Enter MCCSOtherSet::GetVCP(), vcp code = 98
2025/10/06 05:13:50.737 [T:0x85f3a] [DisplayControl] Exit MCCSOtherSet::GetVCP()
2025/10/06 05:13:50.844 [T:0x85f3a] [DisplayControl] Enter MCCSOtherSet::GetVCP(), vcp code = 135
2025/10/06 05:13:50.926 [T:0x85f3a] [DisplayControl] Exit MCCSOtherSet::GetVCP()
2025/10/06 05:13:51.034 [T:0x85f3a] [DisplayControl] Enter MCCSOtherSet::GetVCP(), vcp code = 18
2025/10/06 05:13:51.116 [T:0x85f3a] [DisplayControl] Exit MCCSOtherSet::GetVCP()
2025/10/06 05:13:51.116 [T:0x85f3a] [DisplayControl] Enter MCCSOtherSet::GetVCP(), vcp code = 18
2025/10/06 05:13:51.259 [T:0x85f3a] [DisplayControl] Exit MCCSOtherSet::GetVCP()
2025/10/06 05:13:51.259 [T:0x85f3a] [DisplayControl] Enter MCCSOtherSet::GetVCP(), vcp code = 18
2025/10/06 05:13:51.397 [T:0x85f3a] [DisplayControl] Exit MCCSOtherSet::GetVCP()
2025/10/06 05:13:51.397 [T:0x85f3a] [DisplayControl] Enter MCCSOtherSet::GetVCP(), vcp code = 18
2025/10/06 05:13:51.536 [T:0x85f3a] [DisplayControl] Exit MCCSOtherSet::GetVCP()
2025/10/06 05:13:51.536 [T:0x85f3a] [DisplayControl] Enter MCCSOtherSet::GetVCP(), vcp code = 18
2025/10/06 05:13:51.678 [T:0x85f3a] [DisplayControl] Exit MCCSOtherSet::GetVCP()
2025/10/06 05:13:51.678 [T:0x85f3a] [DisplayControl] Enter MCCSOtherSet::GetVCP(), vcp code = 18
2025/10/06 05:13:51.821 [T:0x85f3a] [DisplayControl] Exit MCCSOtherSet::GetVCP()
2025/10/06 05:13:51.821 [T:0x85f3a] [DisplayControl] Enter MCCSOtherSet::GetVCP(), vcp code = 18
2025/10/06 05:13:51.964 [T:0x85f3a] [DisplayControl] Exit MCCSOtherSet::GetVCP()
2025/10/06 05:13:51.964 [T:0x85f3a] [DisplayControl] Enter MCCSOtherSet::GetVCP(), vcp code = 18
2025/10/06 05:13:52.103 [T:0x85f3a] [DisplayControl] Exit MCCSOtherSet::GetVCP()
2025/10/06 05:13:52.103 [T:0x85f3a] [DisplayControl] Enter MCCSOtherSet::GetVCP(), vcp code = 18
2025/10/06 05:13:52.243 [T:0x85f3a] [DisplayControl] Exit MCCSOtherSet::GetVCP()
2025/10/06 05:13:52.243 [T:0x85f3a] [DisplayControl] Enter MCCSOtherSet::GetVCP(), vcp code = 18
2025/10/06 05:13:52.384 [T:0x85f3a] [DisplayControl] Exit MCCSOtherSet::GetVCP()
2025/10/06 05:13:52.389 [T:0x85f3a] [DisplayControl] Enter MCCSOtherSet::GetVCP(), vcp code = 18
2025/10/06 05:13:52.526 [T:0x85f3a] [DisplayControl] Exit MCCSOtherSet::GetVCP()
2025/10/06 05:13:52.526 [T:0x85f3a] [DisplayControl] Enter MCCSOtherSet::GetVCP(), vcp code = 18
2025/10/06 05:13:52.668 [T:0x85f3a] [DisplayControl] Exit MCCSOtherSet::GetVCP()
2025/10/06 05:13:52.669 [T:0x85f3a] [DisplayControl] Enter MCCSOtherSet::GetVCP(), vcp code = 18
2025/10/06 05:13:52.810 [T:0x85f3a] [DisplayControl] Exit MCCSOtherSet::GetVCP()
2025/10/06 05:13:52.810 [T:0x85f3a] [DisplayControl] Enter MCCSOtherSet::GetVCP(), vcp code = 18
2025/10/06 05:13:52.952 [T:0x85f3a] [DisplayControl] Exit MCCSOtherSet::GetVCP()
2025/10/06 05:13:52.952 [T:0x85f3a] [DisplayControl] Enter MCCSOtherSet::GetVCP(), vcp code = 18
2025/10/06 05:13:53.094 [T:0x85f3a] [DisplayControl] Exit MCCSOtherSet::GetVCP()
2025/10/06 05:13:53.095 [T:0x85f3a] [DisplayControl] Enter MCCSOtherSet::GetVCP(), vcp code = 18
2025/10/06 05:13:53.238 [T:0x85f3a] [DisplayControl] Exit MCCSOtherSet::GetVCP()
2025/10/06 05:13:53.238 [T:0x85f3a] [DisplayControl] Enter MCCSOtherSet::GetVCP(), vcp code = 18
2025/10/06 05:13:53.377 [T:0x85f3a] [DisplayControl] Exit MCCSOtherSet::GetVCP()
2025/10/06 05:13:53.378 [T:0x85f3a] [DisplayControl] Enter MCCSOtherSet::GetVCP(), vcp code = 18
2025/10/06 05:13:53.518 [T:0x85f3a] [DisplayControl] Exit MCCSOtherSet::GetVCP()
2025/10/06 05:13:53.519 [T:0x85f3a] [DisplayControl] Enter MCCSOtherSet::GetVCP(), vcp code = 18
2025/10/06 05:13:53.662 [T:0x85f3a] [DisplayControl] Exit MCCSOtherSet::GetVCP()
2025/10/06 05:13:53.662 [T:0x85f3a] [DisplayControl] Enter MCCSOtherSet::GetVCP(), vcp code = 18
2025/10/06 05:13:53.805 [T:0x85f3a] [DisplayControl] Exit MCCSOtherSet::GetVCP()
2025/10/06 05:13:53.805 [T:0x85f3a] [DisplayControl] Enter MCCSOtherSet::GetVCP(), vcp code = 18
2025/10/06 05:13:53.947 [T:0x85f3a] [DisplayControl] Exit MCCSOtherSet::GetVCP()
2025/10/06 05:13:53.948 [T:0x85f3a] [DisplayControl] Enter MCCSOtherSet::GetVCP(), vcp code = 18
2025/10/06 05:13:54.087 [T:0x85f3a] [DisplayControl] Exit MCCSOtherSet::GetVCP()
2025/10/06 05:13:54.087 [T:0x85f3a] [DisplayControl] Enter MCCSOtherSet::GetVCP(), vcp code = 18
2025/10/06 05:13:54.226 [T:0x85f3a] [DisplayControl] Exit MCCSOtherSet::GetVCP()
2025/10/06 05:13:54.226 [T:0x85f3a] [DisplayControl] Enter MCCSOtherSet::GetVCP(), vcp code = 18
2025/10/06 05:13:54.366 [T:0x85f3a] [DisplayControl] Exit MCCSOtherSet::GetVCP()
2025/10/06 05:13:54.366 [T:0x85f3a] [DisplayControl] Enter MCCSOtherSet::GetVCP(), vcp code = 18
2025/10/06 05:13:54.507 [T:0x85f3a] [DisplayControl] Exit MCCSOtherSet::GetVCP()
2025/10/06 05:13:54.508 [T:0x85f3a] [DisplayControl] Enter MCCSOtherSet::GetVCP(), vcp code = 18
2025/10/06 05:13:54.650 [T:0x85f3a] [DisplayControl] Exit MCCSOtherSet::GetVCP()
2025/10/06 05:13:54.650 [T:0x85f3a] [DisplayControl] Enter MCCSOtherSet::GetVCP(), vcp code = 18
2025/10/06 05:13:54.789 [T:0x85f3a] [DisplayControl] Exit MCCSOtherSet::GetVCP()
2025/10/06 05:13:54.790 [T:0x85f3a] [DisplayControl] Enter MCCSOtherSet::GetVCP(), vcp code = 18
2025/10/06 05:13:54.928 [T:0x85f3a] [DisplayControl] Exit MCCSOtherSet::GetVCP()
2025/10/06 05:13:54.929 [T:0x85f3a] [DisplayControl] Enter MCCSOtherSet::GetVCP(), vcp code = 18
2025/10/06 05:13:55.070 [T:0x85f3a] [DisplayControl] Exit MCCSOtherSet::GetVCP()
2025/10/06 05:13:55.070 [T:0x85f3a] [DisplayControl] Enter MCCSOtherSet::GetVCP(), vcp code = 18
2025/10/06 05:13:55.212 [T:0x85f3a] [DisplayControl] Exit MCCSOtherSet::GetVCP()
2025/10/06 05:13:55.213 [T:0x85f3a] [DisplayControl] Enter MCCSOtherSet::GetVCP(), vcp code = 18
2025/10/06 05:13:55.354 [T:0x85f3a] [DisplayControl] Exit MCCSOtherSet::GetVCP()
2025/10/06 05:13:55.355 [T:0x85f3a] [DisplayControl] Enter MCCSOtherSet::GetVCP(), vcp code = 18
2025/10/06 05:13:55.493 [T:0x85f3a] [DisplayControl] Exit MCCSOtherSet::GetVCP()
2025/10/06 05:13:55.493 [T:0x85f3a] [DisplayControl] Enter MCCSOtherSet::GetVCP(), vcp code = 18
2025/10/06 05:13:55.631 [T:0x85f3a] [DisplayControl] Exit MCCSOtherSet::GetVCP()
2025/10/06 05:13:55.632 [T:0x85f3a] [DisplayControl] Enter MCCSOtherSet::GetVCP(), vcp code = 18
2025/10/06 05:13:55.774 [T:0x85f3a] [DisplayControl] Exit MCCSOtherSet::GetVCP()
2025/10/06 05:13:55.775 [T:0x85f3a] [DisplayControl] Enter MCCSOtherSet::GetVCP(), vcp code = 18
2025/10/06 05:13:55.917 [T:0x85f3a] [DisplayControl] Exit MCCSOtherSet::GetVCP()
2025/10/06 05:13:55.917 [T:0x85f3a] [DisplayControl] Enter MCCSOtherSet::GetVCP(), vcp code = 18
2025/10/06 05:13:56.056 [T:0x85f3a] [DisplayControl] Exit MCCSOtherSet::GetVCP()
2025/10/06 05:13:56.161 [T:0x85f3a] [DisplayControl] Enter MCCSOtherSet::GetVCP(), vcp code = 245
2025/10/06 05:13:56.242 [T:0x85f3a] [DisplayControl] Exit MCCSOtherSet::GetVCP()
2025/10/06 05:13:56.348 [T:0x85f3a] [DisplayControl] Enter MCCSOtherSet::GetVCP(), vcp code = 96
2025/10/06 05:13:56.430 [T:0x85f3a] [DisplayControl] Exit MCCSOtherSet::GetVCP()
2025/10/06 05:13:56.538 [T:0x85f3a] [DisplayControl] Enter MCCSOtherSet::GetVCP(), vcp code = 97
2025/10/06 05:13:56.620 [T:0x85f3a] [DisplayControl] Exit MCCSOtherSet::GetVCP()
2025/10/06 05:13:56.729 [T:0x85f3a] [DisplayControl] Enter MCCSOtherSet::GetVCP(), vcp code = 16
2025/10/06 05:13:56.812 [T:0x85f3a] [DisplayControl] Exit MCCSOtherSet::GetVCP()
2025/10/06 05:13:56.812 [T:0x85f3a] [DisplayControl] Enter MCCSOtherSet::GetVCP(), vcp code = 16
2025/10/06 05:13:56.954 [T:0x85f3a] [DisplayControl] Exit MCCSOtherSet::GetVCP()
2025/10/06 05:13:56.954 [T:0x85f3a] [DisplayControl] Enter MCCSOtherSet::GetVCP(), vcp code = 16
2025/10/06 05:13:57.095 [T:0x85f3a] [DisplayControl] Exit MCCSOtherSet::GetVCP()
2025/10/06 05:13:57.095 [T:0x85f3a] [DisplayControl] Enter MCCSOtherSet::GetVCP(), vcp code = 16
2025/10/06 05:13:57.237 [T:0x85f3a] [DisplayControl] Exit MCCSOtherSet::GetVCP()
2025/10/06 05:13:57.237 [T:0x85f3a] [DisplayControl] Enter MCCSOtherSet::GetVCP(), vcp code = 16
2025/10/06 05:13:57.378 [T:0x85f3a] [DisplayControl] Exit MCCSOtherSet::GetVCP()
2025/10/06 05:13:57.379 [T:0x85f3a] [DisplayControl] Enter MCCSOtherSet::GetVCP(), vcp code = 16
2025/10/06 05:13:57.518 [T:0x85f3a] [DisplayControl] Exit MCCSOtherSet::GetVCP()
2025/10/06 05:13:57.518 [T:0x85f3a] [DisplayControl] Enter MCCSOtherSet::GetVCP(), vcp code = 16
2025/10/06 05:13:57.660 [T:0x85f3a] [DisplayControl] Exit MCCSOtherSet::GetVCP()
2025/10/06 05:13:57.661 [T:0x85f3a] [DisplayControl] Enter MCCSOtherSet::GetVCP(), vcp code = 16
2025/10/06 05:13:57.803 [T:0x85f3a] [DisplayControl] Exit MCCSOtherSet::GetVCP()
2025/10/06 05:13:57.804 [T:0x85f3a] [DisplayControl] Enter MCCSOtherSet::GetVCP(), vcp code = 16
2025/10/06 05:13:57.945 [T:0x85f3a] [DisplayControl] Exit MCCSOtherSet::GetVCP()
2025/10/06 05:13:57.946 [T:0x85f3a] [DisplayControl] Enter MCCSOtherSet::GetVCP(), vcp code = 16
2025/10/06 05:13:58.086 [T:0x85f3a] [DisplayControl] Exit MCCSOtherSet::GetVCP()
2025/10/06 05:13:58.087 [T:0x85f3a] [DisplayControl] Enter MCCSOtherSet::GetVCP(), vcp code = 16
2025/10/06 05:13:58.226 [T:0x85f3a] [DisplayControl] Exit MCCSOtherSet::GetVCP()
2025/10/06 05:13:58.227 [T:0x85f3a] [DisplayControl] Enter MCCSOtherSet::GetVCP(), vcp code = 16
2025/10/06 05:13:58.367 [T:0x85f3a] [DisplayControl] Exit MCCSOtherSet::GetVCP()
2025/10/06 05:13:58.367 [T:0x85f3a] [DisplayControl] Enter MCCSOtherSet::GetVCP(), vcp code = 16
2025/10/06 05:13:58.509 [T:0x85f3a] [DisplayControl] Exit MCCSOtherSet::GetVCP()
2025/10/06 05:13:58.510 [T:0x85f3a] [DisplayControl] Enter MCCSOtherSet::GetVCP(), vcp code = 16
2025/10/06 05:13:58.653 [T:0x85f3a] [DisplayControl] Exit MCCSOtherSet::GetVCP()
2025/10/06 05:13:58.654 [T:0x85f3a] [DisplayControl] Enter MCCSOtherSet::GetVCP(), vcp code = 16
2025/10/06 05:13:58.794 [T:0x85f3a] [DisplayControl] Exit MCCSOtherSet::GetVCP()
2025/10/06 05:13:58.794 [T:0x85f3a] [DisplayControl] Enter MCCSOtherSet::GetVCP(), vcp code = 16
2025/10/06 05:13:58.936 [T:0x85f3a] [DisplayControl] Exit MCCSOtherSet::GetVCP()
2025/10/06 05:13:58.937 [T:0x85f3a] [DisplayControl] Enter MCCSOtherSet::GetVCP(), vcp code = 16
2025/10/06 05:13:59.079 [T:0x85f3a] [DisplayControl] Exit MCCSOtherSet::GetVCP()
2025/10/06 05:13:59.080 [T:0x85f3a] [DisplayControl] Enter MCCSOtherSet::GetVCP(), vcp code = 16
2025/10/06 05:13:59.221 [T:0x85f3a] [DisplayControl] Exit MCCSOtherSet::GetVCP()
2025/10/06 05:13:59.222 [T:0x85f3a] [DisplayControl] Enter MCCSOtherSet::GetVCP(), vcp code = 16
2025/10/06 05:13:59.361 [T:0x85f3a] [DisplayControl] Exit MCCSOtherSet::GetVCP()
2025/10/06 05:13:59.362 [T:0x85f3a] [DisplayControl] Enter MCCSOtherSet::GetVCP(), vcp code = 16
2025/10/06 05:13:59.502 [T:0x85f3a] [DisplayControl] Exit MCCSOtherSet::GetVCP()
2025/10/06 05:13:59.503 [T:0x85f3a] [DisplayControl] Enter MCCSOtherSet::GetVCP(), vcp code = 16
2025/10/06 05:13:59.646 [T:0x85f3a] [DisplayControl] Exit MCCSOtherSet::GetVCP()
2025/10/06 05:13:59.647 [T:0x85f3a] [DisplayControl] Enter MCCSOtherSet::GetVCP(), vcp code = 16
2025/10/06 05:13:59.788 [T:0x85f3a] [DisplayControl] Exit MCCSOtherSet::GetVCP()
2025/10/06 05:13:59.788 [T:0x85f3a] [DisplayControl] Enter MCCSOtherSet::GetVCP(), vcp code = 16
2025/10/06 05:13:59.931 [T:0x85f3a] [DisplayControl] Exit MCCSOtherSet::GetVCP()
2025/10/06 05:13:59.931 [T:0x85f3a] [DisplayControl] Enter MCCSOtherSet::GetVCP(), vcp code = 16
2025/10/06 05:14:00.073 [T:0x85f3a] [DisplayControl] Exit MCCSOtherSet::GetVCP()
2025/10/06 05:14:00.073 [T:0x85f3a] [DisplayControl] Enter MCCSOtherSet::GetVCP(), vcp code = 16
2025/10/06 05:14:00.212 [T:0x85f3a] [DisplayControl] Exit MCCSOtherSet::GetVCP()
2025/10/06 05:14:00.212 [T:0x85f3a] [DisplayControl] Enter MCCSOtherSet::GetVCP(), vcp code = 16
2025/10/06 05:14:00.351 [T:0x85f3a] [DisplayControl] Exit MCCSOtherSet::GetVCP()
2025/10/06 05:14:00.352 [T:0x85f3a] [DisplayControl] Enter MCCSOtherSet::GetVCP(), vcp code = 16
2025/10/06 05:14:00.494 [T:0x85f3a] [DisplayControl] Exit MCCSOtherSet::GetVCP()
2025/10/06 05:14:00.495 [T:0x85f3a] [DisplayControl] Enter MCCSOtherSet::GetVCP(), vcp code = 16
2025/10/06 05:14:00.636 [T:0x85f3a] [DisplayControl] Exit MCCSOtherSet::GetVCP()
2025/10/06 05:14:00.637 [T:0x85f3a] [DisplayControl] Enter MCCSOtherSet::GetVCP(), vcp code = 16
2025/10/06 05:14:00.780 [T:0x85f3a] [DisplayControl] Exit MCCSOtherSet::GetVCP()
2025/10/06 05:14:00.780 [T:0x85f3a] [DisplayControl] Enter MCCSOtherSet::GetVCP(), vcp code = 16
2025/10/06 05:14:00.921 [T:0x85f3a] [DisplayControl] Exit MCCSOtherSet::GetVCP()
2025/10/06 05:14:00.921 [T:0x85f3a] [DisplayControl] Enter MCCSOtherSet::GetVCP(), vcp code = 16
2025/10/06 05:14:01.064 [T:0x85f3a] [DisplayControl] Exit MCCSOtherSet::GetVCP()
2025/10/06 05:14:01.065 [T:0x85f3a] [DisplayControl] Enter MCCSOtherSet::GetVCP(), vcp code = 16
2025/10/06 05:14:01.206 [T:0x85f3a] [DisplayControl] Exit MCCSOtherSet::GetVCP()
2025/10/06 05:14:01.206 [T:0x85f3a] [DisplayControl] Enter MCCSOtherSet::GetVCP(), vcp code = 16
2025/10/06 05:14:01.346 [T:0x85f3a] [DisplayControl] Exit MCCSOtherSet::GetVCP()
2025/10/06 05:14:01.347 [T:0x85f3a] [DisplayControl] Enter MCCSOtherSet::GetVCP(), vcp code = 16
2025/10/06 05:14:01.486 [T:0x85f3a] [DisplayControl] Exit MCCSOtherSet::GetVCP()
2025/10/06 05:14:01.487 [T:0x85f3a] [DisplayControl] Enter MCCSOtherSet::GetVCP(), vcp code = 16
2025/10/06 05:14:01.628 [T:0x85f3a] [DisplayControl] Exit MCCSOtherSet::GetVCP()
2025/10/06 05:14:01.629 [T:0x85f3a] [DisplayControl] Enter MCCSOtherSet::GetVCP(), vcp code = 16
2025/10/06 05:14:01.772 [T:0x85f3a] [DisplayControl] Exit MCCSOtherSet::GetVCP()
2025/10/06 05:14:01.880 [T:0x85f3a] [DisplayControl] Enter MCCSOtherSet::GetVCP(), vcp code = 43
2025/10/06 05:14:01.962 [T:0x85f3a] [DisplayControl] Exit MCCSOtherSet::GetVCP()
2025/10/06 05:14:02.069 [T:0x85f3a] [DisplayControl] Enter MCCSOtherSet::GetVCP(), vcp code = 141
2025/10/06 05:14:02.149 [T:0x85f3a] [DisplayControl] Exit MCCSOtherSet::GetVCP()
2025/10/06 05:14:06.224 [T:0x85f3a] [DisplayControl] Enter MCCSOtherSet::SetVCP(), vcp code = 4
2025/10/06 05:14:07.164 [T:0x85f3a] [DisplayControl] Exit MCCSOtherSet::SetVCP()
2025/10/06 05:14:12.289 [T:0x85f3a] [DisplayControl] Enter OperationThread::ExitThread
2025/10/06 05:14:12.290 [T:0x85f3a] [DisplayControl] Exit OperationThread::ExitThread
2025/10/06 05:14:12.290 [T:0x85f3a] [DisplayControl] Enter OperationThread::~OperationThread()
2025/10/06 05:14:12.290 [T:0x85f3a] [DisplayControl] Enter OperationThread::ExitThread
2025/10/06 05:14:12.290 [T:0x85f3a] [DisplayControl] Enter OperationThread::ExitThread
2025/10/06 05:14:12.290 [T:0x85f3a] [DisplayControl] Exit OperationThread::ExitThread
2025/10/06 05:14:12.290 [T:0x85f3a] [DisplayControl] Enter OperationThread::~OperationThread()
2025/10/06 05:14:12.290 [T:0x85f3a] [DisplayControl] Enter OperationThread::ExitThread
2025/10/06 05:14:12.316 [T:0x85f3a] [DbgStr] After calling display_control_client_listener_video_port_.UpdateAllDisplayPath()
2025/10/06 05:14:12.336 [T:0x85f3a] [DbgStr] After calling display_control_client_listener_.GetAllDisplayEDID()
2025/10/06 05:14:12.338 [T:0x85f3a] [DisplayControl] Version = 3.0.6.0
2025/10/06 05:14:12.338 [T:0x85f3a] [DisplayControl] Enter ObtainControlHandler1
2025/10/06 05:14:12.338 [T:0x85f3a] [DisplayControl] GetVideoPortCommander
2025/10/06 05:14:12.338 [T:0x85f3a] [DisplayControl] GetUSBHubCommander
2025/10/06 05:14:12.338 [T:0x85f3a] ====== List p_lpo_display_info_video_port, # of devices is ======2
2025/10/06 05:14:12.338 [T:0x85f3a] [DisplayControl] index of p_lpo_display_info_video_port0
2025/10/06 05:14:12.339 [T:0x85f3a] [DisplayControl] Model name from VideoPort = VG2458
2025/10/06 05:14:12.339 [T:0x85f3a] [DisplayControl] SN from VideoPort = YDJ243400006
2025/10/06 05:14:12.339 [T:0x85f3a] [DisplayControl] index of p_lpo_display_info_video_port1
2025/10/06 05:14:12.339 [T:0x85f3a] [DisplayControl] Model name from VideoPort = VG275
2025/10/06 05:14:12.339 [T:0x85f3a] [DisplayControl] SN from VideoPort = XF6232400003
2025/10/06 05:14:12.339 [T:0x85f3a] ====== List p_lpo_display_info_rtd_scalar_rts_hub, # of devices is ======0
2025/10/06 05:14:12.339 [T:0x85f3a] [DisplayControl] GetVSRtkHubControlClientListener
2025/10/06 05:14:12.339 [T:0x85f3a] [DisplayControl] max monitor count = 2
2025/10/06 05:14:12.339 [T:0x85f3a] [DisplayControl] index of display_info_vec = 0
2025/10/06 05:14:12.339 [T:0x85f3a] [DisplayControl] index of p_lpo_display_info_video_port = 0
2025/10/06 05:14:12.339 [T:0x85f3a] [DisplayControl] VideoPortMatchingRule
2025/10/06 05:14:12.339 [T:0x85f3a] [DisplayControl] monitor display_info_model_name = VG2458
2025/10/06 05:14:12.339 [T:0x85f3a] [DisplayControl] monitor video_port_model_name = VG2458
2025/10/06 05:14:12.339 [T:0x85f3a] [DisplayControl] monitor display_info_sn = YDJ243400006
2025/10/06 05:14:12.339 [T:0x85f3a] [DisplayControl] monitor video_port_sn = YDJ243400006
2025/10/06 05:14:12.339 [T:0x85f3a] [DisplayControl] model_name_match = 1
2025/10/06 05:14:12.339 [T:0x85f3a] [DisplayControl] sn_match = 1
2025/10/06 05:14:12.339 [T:0x85f3a] [DisplayControl] video_port is_match = 1
2025/10/06 05:14:12.339 [T:0x85f3a] [DisplayControl] index of display_info_vec = 1
2025/10/06 05:14:12.339 [T:0x85f3a] [DisplayControl] index of p_lpo_display_info_video_port = 0
2025/10/06 05:14:12.339 [T:0x85f3a] [DisplayControl] VideoPortMatchingRule
2025/10/06 05:14:12.339 [T:0x85f3a] [DisplayControl] monitor display_info_model_name = VG275
2025/10/06 05:14:12.339 [T:0x85f3a] [DisplayControl] monitor video_port_model_name = VG2458
2025/10/06 05:14:12.339 [T:0x85f3a] [DisplayControl] monitor display_info_sn = XF6232400003
2025/10/06 05:14:12.339 [T:0x85f3a] [DisplayControl] monitor video_port_sn = YDJ243400006
2025/10/06 05:14:12.339 [T:0x85f3a] [DisplayControl] model_name_match = 0
2025/10/06 05:14:12.339 [T:0x85f3a] [DisplayControl] sn_match = 0
2025/10/06 05:14:12.339 [T:0x85f3a] [DisplayControl] video_port is_match = 0
2025/10/06 05:14:12.340 [T:0x85f3a] [DisplayControl] index of display_info_vec = 1
2025/10/06 05:14:12.340 [T:0x85f3a] [DisplayControl] index of p_lpo_display_info_video_port = 1
2025/10/06 05:14:12.340 [T:0x85f3a] [DisplayControl] VideoPortMatchingRule
2025/10/06 05:14:12.340 [T:0x85f3a] [DisplayControl] monitor display_info_model_name = VG275
2025/10/06 05:14:12.340 [T:0x85f3a] [DisplayControl] monitor video_port_model_name = VG275
2025/10/06 05:14:12.340 [T:0x85f3a] [DisplayControl] monitor display_info_sn = XF6232400003
2025/10/06 05:14:12.340 [T:0x85f3a] [DisplayControl] monitor video_port_sn = XF6232400003
2025/10/06 05:14:12.340 [T:0x85f3a] [DisplayControl] model_name_match = 1
2025/10/06 05:14:12.340 [T:0x85f3a] [DisplayControl] sn_match = 1
2025/10/06 05:14:12.340 [T:0x85f3a] [DisplayControl] video_port is_match = 1
2025/10/06 05:14:12.340 [T:0x85f3a] [DisplayControl] i = 0
2025/10/06 05:14:12.340 [T:0x85f3a] [DisplayControl] Enter OperationThread::OperationThread()
2025/10/06 05:14:12.340 [T:0x85f3a] [DisplayControl] Enter OperationThread::CreateThread
2025/10/06 05:14:12.340 [T:0x85f3a] [DisplayControl] new DisplayFunctioner
2025/10/06 05:14:12.340 [T:0x85f3a] [DisplayControl] insert displayer_vector
2025/10/06 05:14:12.340 [T:0x85f3a] [DisplayControl] insert modelName_SN_to_Display_map
2025/10/06 05:14:12.340 [T:0x85f3a] [DisplayControl] insert device_id_to_Displayer_map_
2025/10/06 05:14:12.340 [T:0x85f3a] [DisplayControl] i = 1
2025/10/06 05:14:12.340 [T:0x85f3a] [DisplayControl] Enter OperationThread::OperationThread()
2025/10/06 05:14:12.340 [T:0x85f3a] [DisplayControl] Enter OperationThread::CreateThread
2025/10/06 05:14:12.340 [T:0x85f3a] [DisplayControl] new DisplayFunctioner
2025/10/06 05:14:12.340 [T:0x85f3a] [DisplayControl] insert displayer_vector
2025/10/06 05:14:12.340 [T:0x85f3a] [DisplayControl] insert modelName_SN_to_Display_map
2025/10/06 05:14:12.340 [T:0x85f3a] [DisplayControl] insert device_id_to_Displayer_map_
2025/10/06 05:14:12.341 [T:0x85f3a] [DisplayControl] monitor size = 2
2025/10/06 05:14:12.341 [T:0x85f3a] [DisplayControl] Exit ObtainControlHandler
2025/10/06 05:14:12.341 [T:0x85f3a] [DisplayControl] Enter MCCSOtherSet::GetVCP(), vcp code = 16
2025/10/06 05:14:12.418 [T:0x85f3a] [DisplayControl] Exit MCCSOtherSet::GetVCP()
2025/10/06 05:14:12.419 [T:0x85f3a] [DisplayControl] Enter MCCSOtherSet::GetVCP(), vcp code = 4
2025/10/06 05:14:12.560 [T:0x85f3a] [DisplayControl] Exit MCCSOtherSet::GetVCP()
2025/10/06 05:14:12.669 [T:0x85f3a] [DisplayControl] Enter MCCSOtherSet::GetVCP(), vcp code = 20
2025/10/06 05:14:12.751 [T:0x85f3a] [DisplayControl] Exit MCCSOtherSet::GetVCP()
2025/10/06 05:14:12.860 [T:0x85f3a] [DisplayControl] Enter MCCSOtherSet::GetVCP(), vcp code = 225
2025/10/06 05:14:12.942 [T:0x85f3a] [DisplayControl] Exit MCCSOtherSet::GetVCP()
2025/10/06 05:14:13.051 [T:0x85f3a] [DisplayControl] Enter MCCSOtherSet::GetVCP(), vcp code = 51
2025/10/06 05:14:13.132 [T:0x85f3a] [DisplayControl] Exit MCCSOtherSet::GetVCP()
2025/10/06 05:14:13.240 [T:0x85f3a] [DisplayControl] Enter MCCSOtherSet::GetVCP(), vcp code = 220
2025/10/06 05:14:13.322 [T:0x85f3a] [DisplayControl] Exit MCCSOtherSet::GetVCP()
2025/10/06 05:14:13.431 [T:0x85f3a] [DisplayControl] Enter MCCSOtherSet::GetVCP(), vcp code = 98
2025/10/06 05:14:13.514 [T:0x85f3a] [DisplayControl] Exit MCCSOtherSet::GetVCP()
2025/10/06 05:14:13.623 [T:0x85f3a] [DisplayControl] Enter MCCSOtherSet::GetVCP(), vcp code = 135
2025/10/06 05:14:13.704 [T:0x85f3a] [DisplayControl] Exit MCCSOtherSet::GetVCP()
2025/10/06 05:14:13.811 [T:0x85f3a] [DisplayControl] Enter MCCSOtherSet::GetVCP(), vcp code = 18
2025/10/06 05:14:13.893 [T:0x85f3a] [DisplayControl] Exit MCCSOtherSet::GetVCP()
2025/10/06 05:14:14.001 [T:0x85f3a] [DisplayControl] Enter MCCSOtherSet::GetVCP(), vcp code = 245
2025/10/06 05:14:14.081 [T:0x85f3a] [DisplayControl] Exit MCCSOtherSet::GetVCP()
2025/10/06 05:14:14.188 [T:0x85f3a] [DisplayControl] Enter MCCSOtherSet::GetVCP(), vcp code = 96
2025/10/06 05:14:14.269 [T:0x85f3a] [DisplayControl] Exit MCCSOtherSet::GetVCP()
2025/10/06 05:14:14.377 [T:0x85f3a] [DisplayControl] Enter MCCSOtherSet::GetVCP(), vcp code = 97
2025/10/06 05:14:14.459 [T:0x85f3a] [DisplayControl] Exit MCCSOtherSet::GetVCP()
2025/10/06 05:14:14.566 [T:0x85f3a] [DisplayControl] Enter MCCSOtherSet::GetVCP(), vcp code = 16
2025/10/06 05:14:14.646 [T:0x85f3a] [DisplayControl] Exit MCCSOtherSet::GetVCP()
2025/10/06 05:14:14.660 [T:0xf807d] [DisplayControl] Enter MCCSOtherSet::GetVCP(), vcp code = 96
2025/10/06 05:14:14.755 [T:0x85f3a] [DisplayControl] Enter MCCSOtherSet::GetVCP(), vcp code = 43
2025/10/06 05:14:14.791 [T:0xf807d] [DisplayControl] Exit MCCSOtherSet::GetVCP()
2025/10/06 05:14:14.965 [T:0x85f3a] [DisplayControl] Exit MCCSOtherSet::GetVCP()
2025/10/06 05:14:15.066 [T:0x85f3a] [DisplayControl] Enter MCCSOtherSet::GetVCP(), vcp code = 141
2025/10/06 05:14:15.272 [T:0x85f3a] [DisplayControl] Exit MCCSOtherSet::GetVCP()
2025/10/06 05:14:15.378 [T:0x85f3a] [DisplayControl] Enter MCCSOtherSet::GetVCP(), vcp code = 4
2025/10/06 05:14:15.462 [T:0x85f3a] [DisplayControl] Exit MCCSOtherSet::GetVCP()
2025/10/06 05:14:15.564 [T:0x85f3a] [DisplayControl] Enter MCCSOtherSet::GetVCP(), vcp code = 225
2025/10/06 05:14:15.666 [T:0x85f3a] [DisplayControl] Exit MCCSOtherSet::GetVCP()
2025/10/06 05:14:15.771 [T:0x85f3a] [DisplayControl] Enter MCCSOtherSet::GetVCP(), vcp code = 51
2025/10/06 05:14:15.856 [T:0x85f3a] [DisplayControl] Exit MCCSOtherSet::GetVCP()
2025/10/06 05:14:15.960 [T:0x85f3a] [DisplayControl] Enter MCCSOtherSet::GetVCP(), vcp code = 220
2025/10/06 05:14:16.046 [T:0x85f3a] [DisplayControl] Exit MCCSOtherSet::GetVCP()
2025/10/06 05:14:16.147 [T:0x85f3a] [DisplayControl] Enter MCCSOtherSet::GetVCP(), vcp code = 98
2025/10/06 05:14:16.232 [T:0x85f3a] [DisplayControl] Exit MCCSOtherSet::GetVCP()
2025/10/06 05:14:16.333 [T:0x85f3a] [DisplayControl] Enter MCCSOtherSet::GetVCP(), vcp code = 135
2025/10/06 05:14:16.419 [T:0x85f3a] [DisplayControl] Exit MCCSOtherSet::GetVCP()
2025/10/06 05:14:16.523 [T:0x85f3a] [DisplayControl] Enter MCCSOtherSet::GetVCP(), vcp code = 18
2025/10/06 05:14:16.609 [T:0x85f3a] [DisplayControl] Exit MCCSOtherSet::GetVCP()
2025/10/06 05:14:16.710 [T:0x85f3a] [DisplayControl] Enter MCCSOtherSet::GetVCP(), vcp code = 226
2025/10/06 05:14:16.795 [T:0x85f3a] [DisplayControl] Exit MCCSOtherSet::GetVCP()
2025/10/06 05:14:16.897 [T:0x85f3a] [DisplayControl] Enter MCCSOtherSet::GetVCP(), vcp code = 96
2025/10/06 05:14:16.981 [T:0x85f3a] [DisplayControl] Exit MCCSOtherSet::GetVCP()
2025/10/06 05:14:17.083 [T:0x85f3a] [DisplayControl] Enter MCCSOtherSet::GetVCP(), vcp code = 97
2025/10/06 05:14:17.170 [T:0x85f3a] [DisplayControl] Exit MCCSOtherSet::GetVCP()
2025/10/06 05:14:17.275 [T:0x85f3a] [DisplayControl] Enter MCCSOtherSet::GetVCP(), vcp code = 236
2025/10/06 05:14:17.360 [T:0x85f3a] [DisplayControl] Exit MCCSOtherSet::GetVCP()
2025/10/06 05:14:17.464 [T:0x85f3a] [DisplayControl] Enter MCCSOtherSet::GetVCP(), vcp code = 16
2025/10/06 05:14:17.551 [T:0x85f3a] [DisplayControl] Exit MCCSOtherSet::GetVCP()
2025/10/06 05:14:17.656 [T:0x85f3a] [DisplayControl] Enter MCCSOtherSet::GetVCP(), vcp code = 43
2025/10/06 05:14:17.741 [T:0x85f3a] [DisplayControl] Exit MCCSOtherSet::GetVCP()
2025/10/06 05:14:17.846 [T:0x85f3a] [DisplayControl] Enter MCCSOtherSet::GetVCP(), vcp code = 141
2025/10/06 05:14:17.931 [T:0x85f3a] [DisplayControl] Exit MCCSOtherSet::GetVCP()
2025/10/06 05:17:09.369 [T:0x9ea90] [DisplayControl] Enter MCCSOtherSet::SetVCP(), vcp code = 51
2025/10/06 05:17:09.581 [T:0x9ea90] [DisplayControl] Exit MCCSOtherSet::SetVCP()
2025/10/06 05:18:44.184 [T:0xd1ef6] [DisplayControl] Enter MCCSOtherSet::SetVCP(), vcp code = 96
2025/10/06 05:18:45.005 [T:0xd1ef6] [DisplayControl] Exit MCCSOtherSet::SetVCP()
2025/10/06 05:18:52.326 [T:0xd1ef6] [DisplayControl] Enter OperationThread::ExitThread
2025/10/06 05:18:52.327 [T:0xd1ef6] [DisplayControl] Exit OperationThread::ExitThread
2025/10/06 05:18:52.327 [T:0xd1ef6] [DisplayControl] Enter OperationThread::~OperationThread()
2025/10/06 05:18:52.327 [T:0xd1ef6] [DisplayControl] Enter OperationThread::ExitThread
2025/10/06 05:18:52.327 [T:0xd1ef6] [DisplayControl] Enter OperationThread::ExitThread
2025/10/06 05:18:52.328 [T:0xd1ef6] [DisplayControl] Exit OperationThread::ExitThread
2025/10/06 05:18:52.328 [T:0xd1ef6] [DisplayControl] Enter OperationThread::~OperationThread()
2025/10/06 05:18:52.329 [T:0xd1ef6] [DisplayControl] Enter OperationThread::ExitThread
2025/10/06 05:18:52.403 [T:0xd1ef6] [DbgStr] After calling display_control_client_listener_video_port_.UpdateAllDisplayPath()
2025/10/06 05:18:52.423 [T:0xd1ef6] [DbgStr] After calling display_control_client_listener_.GetAllDisplayEDID()
2025/10/06 05:18:52.425 [T:0xd1ef6] [DisplayControl] Version = 3.0.6.0
2025/10/06 05:18:52.425 [T:0xd1ef6] [DisplayControl] Enter ObtainControlHandler1
2025/10/06 05:18:52.425 [T:0xd1ef6] [DisplayControl] GetVideoPortCommander
2025/10/06 05:18:52.425 [T:0xd1ef6] [DisplayControl] GetUSBHubCommander
2025/10/06 05:18:52.425 [T:0xd1ef6] ====== List p_lpo_display_info_video_port, # of devices is ======2
2025/10/06 05:18:52.425 [T:0xd1ef6] [DisplayControl] index of p_lpo_display_info_video_port0
2025/10/06 05:18:52.426 [T:0xd1ef6] [DisplayControl] Model name from VideoPort = VG2458
2025/10/06 05:18:52.426 [T:0xd1ef6] [DisplayControl] SN from VideoPort = YDJ243400006
2025/10/06 05:18:52.426 [T:0xd1ef6] [DisplayControl] index of p_lpo_display_info_video_port1
2025/10/06 05:18:52.426 [T:0xd1ef6] [DisplayControl] Model name from VideoPort = VG275
2025/10/06 05:18:52.426 [T:0xd1ef6] [DisplayControl] SN from VideoPort = XF6232400003
2025/10/06 05:18:52.426 [T:0xd1ef6] ====== List p_lpo_display_info_rtd_scalar_rts_hub, # of devices is ======0
2025/10/06 05:18:52.426 [T:0xd1ef6] [DisplayControl] GetVSRtkHubControlClientListener
2025/10/06 05:18:52.426 [T:0xd1ef6] [DisplayControl] max monitor count = 2
2025/10/06 05:18:52.426 [T:0xd1ef6] [DisplayControl] index of display_info_vec = 0
2025/10/06 05:18:52.426 [T:0xd1ef6] [DisplayControl] index of p_lpo_display_info_video_port = 0
2025/10/06 05:18:52.426 [T:0xd1ef6] [DisplayControl] VideoPortMatchingRule
2025/10/06 05:18:52.426 [T:0xd1ef6] [DisplayControl] monitor display_info_model_name = VG2458
2025/10/06 05:18:52.426 [T:0xd1ef6] [DisplayControl] monitor video_port_model_name = VG2458
2025/10/06 05:18:52.426 [T:0xd1ef6] [DisplayControl] monitor display_info_sn = YDJ243400006
2025/10/06 05:18:52.426 [T:0xd1ef6] [DisplayControl] monitor video_port_sn = YDJ243400006
2025/10/06 05:18:52.426 [T:0xd1ef6] [DisplayControl] model_name_match = 1
2025/10/06 05:18:52.426 [T:0xd1ef6] [DisplayControl] sn_match = 1
2025/10/06 05:18:52.426 [T:0xd1ef6] [DisplayControl] video_port is_match = 1
2025/10/06 05:18:52.426 [T:0xd1ef6] [DisplayControl] index of display_info_vec = 1
2025/10/06 05:18:52.426 [T:0xd1ef6] [DisplayControl] index of p_lpo_display_info_video_port = 0
2025/10/06 05:18:52.426 [T:0xd1ef6] [DisplayControl] VideoPortMatchingRule
2025/10/06 05:18:52.426 [T:0xd1ef6] [DisplayControl] monitor display_info_model_name = VG275
2025/10/06 05:18:52.426 [T:0xd1ef6] [DisplayControl] monitor video_port_model_name = VG2458
2025/10/06 05:18:52.426 [T:0xd1ef6] [DisplayControl] monitor display_info_sn = XF6232400003
2025/10/06 05:18:52.426 [T:0xd1ef6] [DisplayControl] monitor video_port_sn = YDJ243400006
2025/10/06 05:18:52.426 [T:0xd1ef6] [DisplayControl] model_name_match = 0
2025/10/06 05:18:52.426 [T:0xd1ef6] [DisplayControl] sn_match = 0
2025/10/06 05:18:52.427 [T:0xd1ef6] [DisplayControl] video_port is_match = 0
2025/10/06 05:18:52.427 [T:0xd1ef6] [DisplayControl] index of display_info_vec = 1
2025/10/06 05:18:52.427 [T:0xd1ef6] [DisplayControl] index of p_lpo_display_info_video_port = 1
2025/10/06 05:18:52.427 [T:0xd1ef6] [DisplayControl] VideoPortMatchingRule
2025/10/06 05:18:52.427 [T:0xd1ef6] [DisplayControl] monitor display_info_model_name = VG275
2025/10/06 05:18:52.427 [T:0xd1ef6] [DisplayControl] monitor video_port_model_name = VG275
2025/10/06 05:18:52.427 [T:0xd1ef6] [DisplayControl] monitor display_info_sn = XF6232400003
2025/10/06 05:18:52.427 [T:0xd1ef6] [DisplayControl] monitor video_port_sn = XF6232400003
2025/10/06 05:18:52.427 [T:0xd1ef6] [DisplayControl] model_name_match = 1
2025/10/06 05:18:52.427 [T:0xd1ef6] [DisplayControl] sn_match = 1
2025/10/06 05:18:52.427 [T:0xd1ef6] [DisplayControl] video_port is_match = 1
2025/10/06 05:18:52.427 [T:0xd1ef6] [DisplayControl] i = 0
2025/10/06 05:18:52.427 [T:0xd1ef6] [DisplayControl] Enter OperationThread::OperationThread()
2025/10/06 05:18:52.427 [T:0xd1ef6] [DisplayControl] Enter OperationThread::CreateThread
2025/10/06 05:18:52.427 [T:0xd1ef6] [DisplayControl] new DisplayFunctioner
2025/10/06 05:18:52.427 [T:0xd1ef6] [DisplayControl] insert displayer_vector
2025/10/06 05:18:52.427 [T:0xd1ef6] [DisplayControl] insert modelName_SN_to_Display_map
2025/10/06 05:18:52.427 [T:0xd1ef6] [DisplayControl] insert device_id_to_Displayer_map_
2025/10/06 05:18:52.427 [T:0xd1ef6] [DisplayControl] i = 1
2025/10/06 05:18:52.427 [T:0xd1ef6] [DisplayControl] Enter OperationThread::OperationThread()
2025/10/06 05:18:52.427 [T:0xd1ef6] [DisplayControl] Enter OperationThread::CreateThread
2025/10/06 05:18:52.427 [T:0xd1ef6] [DisplayControl] new DisplayFunctioner
2025/10/06 05:18:52.428 [T:0xd1ef6] [DisplayControl] insert displayer_vector
2025/10/06 05:18:52.428 [T:0xd1ef6] [DisplayControl] insert modelName_SN_to_Display_map
2025/10/06 05:18:52.428 [T:0xd1ef6] [DisplayControl] insert device_id_to_Displayer_map_
2025/10/06 05:18:52.428 [T:0xd1ef6] [DisplayControl] monitor size = 2
2025/10/06 05:18:52.428 [T:0xd1ef6] [DisplayControl] Exit ObtainControlHandler
2025/10/06 05:18:52.428 [T:0xd1ef6] [DisplayControl] Enter MCCSOtherSet::GetVCP(), vcp code = 16
2025/10/06 05:18:52.514 [T:0xd1ef6] [DisplayControl] Exit MCCSOtherSet::GetVCP()
2025/10/06 05:18:52.514 [T:0xd1ef6] [DisplayControl] Enter MCCSOtherSet::GetVCP(), vcp code = 16
2025/10/06 05:18:52.598 [T:0xd1ef6] [DisplayControl] Exit MCCSOtherSet::GetVCP()
2025/10/06 05:18:52.755 [T:0xd1ef6] [DisplayControl] Enter MCCSOtherSet::SetVCP(), vcp code = 51
2025/10/06 05:18:53.064 [T:0xd1ef6] [DisplayControl] Exit MCCSOtherSet::SetVCP()
2025/10/06 05:18:53.064 [T:0xd1ef6] [DisplayControl] Enter MCCSOtherSet::SetVCP(), vcp code = 51
2025/10/06 05:18:53.225 [T:0xd1ef6] [DisplayControl] Exit MCCSOtherSet::SetVCP()
2025/10/06 05:18:53.226 [T:0xd1ef6] [DisplayControl] Enter MCCSOtherSet::GetVCP(), vcp code = 4
2025/10/06 05:18:53.300 [T:0xd1ef6] [DisplayControl] Exit MCCSOtherSet::GetVCP()
2025/10/06 05:18:53.406 [T:0xd1ef6] [DisplayControl] Enter MCCSOtherSet::GetVCP(), vcp code = 20
2025/10/06 05:18:53.486 [T:0xd1ef6] [DisplayControl] Exit MCCSOtherSet::GetVCP()
2025/10/06 05:18:53.596 [T:0xd1ef6] [DisplayControl] Enter MCCSOtherSet::GetVCP(), vcp code = 225
2025/10/06 05:18:53.676 [T:0xd1ef6] [DisplayControl] Exit MCCSOtherSet::GetVCP()
2025/10/06 05:18:53.783 [T:0xd1ef6] [DisplayControl] Enter MCCSOtherSet::GetVCP(), vcp code = 51
2025/10/06 05:18:53.865 [T:0xd1ef6] [DisplayControl] Exit MCCSOtherSet::GetVCP()
2025/10/06 05:18:53.971 [T:0xd1ef6] [DisplayControl] Enter MCCSOtherSet::GetVCP(), vcp code = 220
2025/10/06 05:18:54.052 [T:0xd1ef6] [DisplayControl] Exit MCCSOtherSet::GetVCP()
2025/10/06 05:18:54.158 [T:0xd1ef6] [DisplayControl] Enter MCCSOtherSet::GetVCP(), vcp code = 98
2025/10/06 05:18:54.238 [T:0xd1ef6] [DisplayControl] Exit MCCSOtherSet::GetVCP()
2025/10/06 05:18:54.346 [T:0xd1ef6] [DisplayControl] Enter MCCSOtherSet::GetVCP(), vcp code = 135
2025/10/06 05:18:54.427 [T:0xd1ef6] [DisplayControl] Exit MCCSOtherSet::GetVCP()
2025/10/06 05:18:54.535 [T:0xd1ef6] [DisplayControl] Enter MCCSOtherSet::GetVCP(), vcp code = 18
2025/10/06 05:18:54.617 [T:0xd1ef6] [DisplayControl] Exit MCCSOtherSet::GetVCP()
2025/10/06 05:18:54.721 [T:0xd1ef6] [DisplayControl] Enter MCCSOtherSet::GetVCP(), vcp code = 245
2025/10/06 05:18:54.801 [T:0xd1ef6] [DisplayControl] Exit MCCSOtherSet::GetVCP()
2025/10/06 05:18:54.907 [T:0xd1ef6] [DisplayControl] Enter MCCSOtherSet::GetVCP(), vcp code = 96
2025/10/06 05:18:54.990 [T:0xd1ef6] [DisplayControl] Exit MCCSOtherSet::GetVCP()
2025/10/06 05:18:55.097 [T:0xd1ef6] [DisplayControl] Enter MCCSOtherSet::GetVCP(), vcp code = 97
2025/10/06 05:18:55.179 [T:0xd1ef6] [DisplayControl] Exit MCCSOtherSet::GetVCP()
2025/10/06 05:18:55.287 [T:0xd1ef6] [DisplayControl] Enter MCCSOtherSet::GetVCP(), vcp code = 16
2025/10/06 05:18:55.369 [T:0xd1ef6] [DisplayControl] Exit MCCSOtherSet::GetVCP()
2025/10/06 05:18:55.474 [T:0xd1ef6] [DisplayControl] Enter MCCSOtherSet::GetVCP(), vcp code = 43
2025/10/06 05:18:55.555 [T:0xd1ef6] [DisplayControl] Exit MCCSOtherSet::GetVCP()
2025/10/06 05:18:55.660 [T:0xd1ef6] [DisplayControl] Enter MCCSOtherSet::GetVCP(), vcp code = 141
2025/10/06 05:18:55.742 [T:0xd1ef6] [DisplayControl] Exit MCCSOtherSet::GetVCP()
2025/10/06 05:18:55.851 [T:0xd1ef6] [DisplayControl] Enter MCCSOtherSet::GetVCP(), vcp code = 4
2025/10/06 05:18:55.937 [T:0xd1ef6] [DisplayControl] Exit MCCSOtherSet::GetVCP()
2025/10/06 05:18:56.038 [T:0xd1ef6] [DisplayControl] Enter MCCSOtherSet::GetVCP(), vcp code = 225
2025/10/06 05:18:56.123 [T:0xd1ef6] [DisplayControl] Exit MCCSOtherSet::GetVCP()
2025/10/06 05:18:56.225 [T:0xd1ef6] [DisplayControl] Enter MCCSOtherSet::GetVCP(), vcp code = 51
2025/10/06 05:18:56.311 [T:0xd1ef6] [DisplayControl] Exit MCCSOtherSet::GetVCP()
2025/10/06 05:18:56.426 [T:0xd1ef6] [DisplayControl] Enter MCCSOtherSet::GetVCP(), vcp code = 220
2025/10/06 05:18:56.513 [T:0xd1ef6] [DisplayControl] Exit MCCSOtherSet::GetVCP()
2025/10/06 05:18:56.616 [T:0xd1ef6] [DisplayControl] Enter MCCSOtherSet::GetVCP(), vcp code = 98
2025/10/06 05:18:56.701 [T:0xd1ef6] [DisplayControl] Exit MCCSOtherSet::GetVCP()
2025/10/06 05:18:56.803 [T:0xd1ef6] [DisplayControl] Enter MCCSOtherSet::GetVCP(), vcp code = 135
2025/10/06 05:18:56.888 [T:0xd1ef6] [DisplayControl] Exit MCCSOtherSet::GetVCP()
2025/10/06 05:18:56.992 [T:0xd1ef6] [DisplayControl] Enter MCCSOtherSet::GetVCP(), vcp code = 18
2025/10/06 05:18:57.076 [T:0xd1ef6] [DisplayControl] Exit MCCSOtherSet::GetVCP()
2025/10/06 05:18:57.179 [T:0xd1ef6] [DisplayControl] Enter MCCSOtherSet::GetVCP(), vcp code = 226
2025/10/06 05:18:57.264 [T:0xd1ef6] [DisplayControl] Exit MCCSOtherSet::GetVCP()
2025/10/06 05:18:57.366 [T:0xd1ef6] [DisplayControl] Enter MCCSOtherSet::GetVCP(), vcp code = 96
2025/10/06 05:18:57.451 [T:0xd1ef6] [DisplayControl] Exit MCCSOtherSet::GetVCP()
2025/10/06 05:18:57.553 [T:0xd1ef6] [DisplayControl] Enter MCCSOtherSet::GetVCP(), vcp code = 97
2025/10/06 05:18:57.638 [T:0xd1ef6] [DisplayControl] Exit MCCSOtherSet::GetVCP()
2025/10/06 05:18:57.740 [T:0xd1ef6] [DisplayControl] Enter MCCSOtherSet::GetVCP(), vcp code = 236
2025/10/06 05:18:57.826 [T:0xd1ef6] [DisplayControl] Exit MCCSOtherSet::GetVCP()
2025/10/06 05:18:57.930 [T:0xd1ef6] [DisplayControl] Enter MCCSOtherSet::GetVCP(), vcp code = 16
2025/10/06 05:18:58.015 [T:0xd1ef6] [DisplayControl] Exit MCCSOtherSet::GetVCP()
2025/10/06 05:18:58.115 [T:0xd1ef6] [DisplayControl] Enter MCCSOtherSet::GetVCP(), vcp code = 43
2025/10/06 05:18:58.200 [T:0xd1ef6] [DisplayControl] Exit MCCSOtherSet::GetVCP()
2025/10/06 05:18:58.302 [T:0xd1ef6] [DisplayControl] Enter MCCSOtherSet::GetVCP(), vcp code = 141
2025/10/06 05:18:58.387 [T:0xd1ef6] [DisplayControl] Exit MCCSOtherSet::GetVCP()
2025/10/06 05:18:58.499 [T:0xd1ef6] [DisplayControl] Enter MCCSOtherSet::SetVCP(), vcp code = 51
2025/10/06 05:18:58.667 [T:0xd1ef6] [DisplayControl] Exit MCCSOtherSet::SetVCP()
2025/10/06 05:18:58.688 [T:0xf807d] [DisplayControl] Enter MCCSOtherSet::GetVCP(), vcp code = 96
2025/10/06 05:18:58.842 [T:0xf807d] [DisplayControl] Exit MCCSOtherSet::GetVCP()
2025/10/06 05:20:32.416 [T:0xdd909] [DisplayControl] Enter MCCSOtherSet::SetVCP(), vcp code = 51
2025/10/06 05:20:32.775 [T:0xdd909] [DisplayControl] Exit MCCSOtherSet::SetVCP()
2025/10/06 05:20:48.383 [T:0xdd909] [DisplayControl] Enter MCCSOtherSet::SetVCP(), vcp code = 96
2025/10/06 05:20:49.016 [T:0xdd909] [DisplayControl] Exit MCCSOtherSet::SetVCP()
2025/10/06 05:20:55.853 [T:0xdd909] [DisplayControl] Enter OperationThread::ExitThread
2025/10/06 05:20:55.853 [T:0xdd909] [DisplayControl] Exit OperationThread::ExitThread
2025/10/06 05:20:55.853 [T:0xdd909] [DisplayControl] Enter OperationThread::~OperationThread()
2025/10/06 05:20:55.853 [T:0xdd909] [DisplayControl] Enter OperationThread::ExitThread
2025/10/06 05:20:55.853 [T:0xdd909] [DisplayControl] Enter OperationThread::ExitThread
2025/10/06 05:20:55.854 [T:0xdd909] [DisplayControl] Exit OperationThread::ExitThread
2025/10/06 05:20:55.854 [T:0xdd909] [DisplayControl] Enter OperationThread::~OperationThread()
2025/10/06 05:20:55.854 [T:0xdd909] [DisplayControl] Enter OperationThread::ExitThread
2025/10/06 05:20:55.891 [T:0xdd909] [DbgStr] After calling display_control_client_listener_video_port_.UpdateAllDisplayPath()
2025/10/06 05:20:55.911 [T:0xdd909] [DbgStr] After calling display_control_client_listener_.GetAllDisplayEDID()
2025/10/06 05:20:55.913 [T:0xdd909] [DisplayControl] Version = 3.0.6.0
2025/10/06 05:20:55.913 [T:0xdd909] [DisplayControl] Enter ObtainControlHandler1
2025/10/06 05:20:55.913 [T:0xdd909] [DisplayControl] GetVideoPortCommander
2025/10/06 05:20:55.913 [T:0xdd909] [DisplayControl] GetUSBHubCommander
2025/10/06 05:20:55.913 [T:0xdd909] ====== List p_lpo_display_info_video_port, # of devices is ======2
2025/10/06 05:20:55.913 [T:0xdd909] [DisplayControl] index of p_lpo_display_info_video_port0
2025/10/06 05:20:55.914 [T:0xdd909] [DisplayControl] Model name from VideoPort = VG2458
2025/10/06 05:20:55.914 [T:0xdd909] [DisplayControl] SN from VideoPort = YDJ243400006
2025/10/06 05:20:55.914 [T:0xdd909] [DisplayControl] index of p_lpo_display_info_video_port1
2025/10/06 05:20:55.914 [T:0xdd909] [DisplayControl] Model name from VideoPort = VG275
2025/10/06 05:20:55.914 [T:0xdd909] [DisplayControl] SN from VideoPort = XF6232400003
2025/10/06 05:20:55.914 [T:0xdd909] ====== List p_lpo_display_info_rtd_scalar_rts_hub, # of devices is ======0
2025/10/06 05:20:55.914 [T:0xdd909] [DisplayControl] GetVSRtkHubControlClientListener
2025/10/06 05:20:55.914 [T:0xdd909] [DisplayControl] max monitor count = 2
2025/10/06 05:20:55.914 [T:0xdd909] [DisplayControl] index of display_info_vec = 0
2025/10/06 05:20:55.914 [T:0xdd909] [DisplayControl] index of p_lpo_display_info_video_port = 0
2025/10/06 05:20:55.914 [T:0xdd909] [DisplayControl] VideoPortMatchingRule
2025/10/06 05:20:55.914 [T:0xdd909] [DisplayControl] monitor display_info_model_name = VG2458
2025/10/06 05:20:55.914 [T:0xdd909] [DisplayControl] monitor video_port_model_name = VG2458
2025/10/06 05:20:55.914 [T:0xdd909] [DisplayControl] monitor display_info_sn = YDJ243400006
2025/10/06 05:20:55.914 [T:0xdd909] [DisplayControl] monitor video_port_sn = YDJ243400006
2025/10/06 05:20:55.914 [T:0xdd909] [DisplayControl] model_name_match = 1
2025/10/06 05:20:55.914 [T:0xdd909] [DisplayControl] sn_match = 1
2025/10/06 05:20:55.914 [T:0xdd909] [DisplayControl] video_port is_match = 1
2025/10/06 05:20:55.914 [T:0xdd909] [DisplayControl] index of display_info_vec = 1
2025/10/06 05:20:55.914 [T:0xdd909] [DisplayControl] index of p_lpo_display_info_video_port = 0
2025/10/06 05:20:55.914 [T:0xdd909] [DisplayControl] VideoPortMatchingRule
2025/10/06 05:20:55.914 [T:0xdd909] [DisplayControl] monitor display_info_model_name = VG275
2025/10/06 05:20:55.914 [T:0xdd909] [DisplayControl] monitor video_port_model_name = VG2458
2025/10/06 05:20:55.914 [T:0xdd909] [DisplayControl] monitor display_info_sn = XF6232400003
2025/10/06 05:20:55.914 [T:0xdd909] [DisplayControl] monitor video_port_sn = YDJ243400006
2025/10/06 05:20:55.914 [T:0xdd909] [DisplayControl] model_name_match = 0
2025/10/06 05:20:55.914 [T:0xdd909] [DisplayControl] sn_match = 0
2025/10/06 05:20:55.915 [T:0xdd909] [DisplayControl] video_port is_match = 0
2025/10/06 05:20:55.915 [T:0xdd909] [DisplayControl] index of display_info_vec = 1
2025/10/06 05:20:55.915 [T:0xdd909] [DisplayControl] index of p_lpo_display_info_video_port = 1
2025/10/06 05:20:55.915 [T:0xdd909] [DisplayControl] VideoPortMatchingRule
2025/10/06 05:20:55.915 [T:0xdd909] [DisplayControl] monitor display_info_model_name = VG275
2025/10/06 05:20:55.915 [T:0xdd909] [DisplayControl] monitor video_port_model_name = VG275
2025/10/06 05:20:55.915 [T:0xdd909] [DisplayControl] monitor display_info_sn = XF6232400003
2025/10/06 05:20:55.915 [T:0xdd909] [DisplayControl] monitor video_port_sn = XF6232400003
2025/10/06 05:20:55.915 [T:0xdd909] [DisplayControl] model_name_match = 1
2025/10/06 05:20:55.915 [T:0xdd909] [DisplayControl] sn_match = 1
2025/10/06 05:20:55.915 [T:0xdd909] [DisplayControl] video_port is_match = 1
2025/10/06 05:20:55.915 [T:0xdd909] [DisplayControl] i = 0
2025/10/06 05:20:55.915 [T:0xdd909] [DisplayControl] Enter OperationThread::OperationThread()
2025/10/06 05:20:55.915 [T:0xdd909] [DisplayControl] Enter OperationThread::CreateThread
2025/10/06 05:20:55.915 [T:0xdd909] [DisplayControl] new DisplayFunctioner
2025/10/06 05:20:55.915 [T:0xdd909] [DisplayControl] insert displayer_vector
2025/10/06 05:20:55.915 [T:0xdd909] [DisplayControl] insert modelName_SN_to_Display_map
2025/10/06 05:20:55.915 [T:0xdd909] [DisplayControl] insert device_id_to_Displayer_map_
2025/10/06 05:20:55.915 [T:0xdd909] [DisplayControl] i = 1
2025/10/06 05:20:55.915 [T:0xdd909] [DisplayControl] Enter OperationThread::OperationThread()
2025/10/06 05:20:55.915 [T:0xdd909] [DisplayControl] Enter OperationThread::CreateThread
2025/10/06 05:20:55.915 [T:0xdd909] [DisplayControl] new DisplayFunctioner
2025/10/06 05:20:55.915 [T:0xdd909] [DisplayControl] insert displayer_vector
2025/10/06 05:20:55.916 [T:0xdd909] [DisplayControl] insert modelName_SN_to_Display_map
2025/10/06 05:20:55.916 [T:0xdd909] [DisplayControl] insert device_id_to_Displayer_map_
2025/10/06 05:20:55.916 [T:0xdd909] [DisplayControl] monitor size = 2
2025/10/06 05:20:55.916 [T:0xdd909] [DisplayControl] Exit ObtainControlHandler
2025/10/06 05:20:55.916 [T:0xdd909] [DisplayControl] Enter MCCSOtherSet::GetVCP(), vcp code = 16
2025/10/06 05:20:55.994 [T:0xdd909] [DisplayControl] Exit MCCSOtherSet::GetVCP()
2025/10/06 05:20:55.994 [T:0xdd909] [DisplayControl] Enter MCCSOtherSet::GetVCP(), vcp code = 16
2025/10/06 05:20:56.076 [T:0xdd909] [DisplayControl] Exit MCCSOtherSet::GetVCP()
2025/10/06 05:20:56.233 [T:0xdd909] [DisplayControl] Enter MCCSOtherSet::SetVCP(), vcp code = 51
2025/10/06 05:20:56.559 [T:0xdd909] [DisplayControl] Exit MCCSOtherSet::SetVCP()
2025/10/06 05:20:56.559 [T:0xdd909] [DisplayControl] Enter MCCSOtherSet::SetVCP(), vcp code = 51
2025/10/06 05:20:56.721 [T:0xdd909] [DisplayControl] Exit MCCSOtherSet::SetVCP()
2025/10/06 05:20:56.722 [T:0xdd909] [DisplayControl] Enter MCCSOtherSet::GetVCP(), vcp code = 4
2025/10/06 05:20:56.797 [T:0xdd909] [DisplayControl] Exit MCCSOtherSet::GetVCP()
2025/10/06 05:20:56.904 [T:0xdd909] [DisplayControl] Enter MCCSOtherSet::GetVCP(), vcp code = 20
2025/10/06 05:20:56.985 [T:0xdd909] [DisplayControl] Exit MCCSOtherSet::GetVCP()
2025/10/06 05:20:57.093 [T:0xdd909] [DisplayControl] Enter MCCSOtherSet::GetVCP(), vcp code = 225
2025/10/06 05:20:57.176 [T:0xdd909] [DisplayControl] Exit MCCSOtherSet::GetVCP()
2025/10/06 05:20:57.283 [T:0xdd909] [DisplayControl] Enter MCCSOtherSet::GetVCP(), vcp code = 51
2025/10/06 05:20:57.365 [T:0xdd909] [DisplayControl] Exit MCCSOtherSet::GetVCP()
2025/10/06 05:20:57.471 [T:0xdd909] [DisplayControl] Enter MCCSOtherSet::GetVCP(), vcp code = 220
2025/10/06 05:20:57.551 [T:0xdd909] [DisplayControl] Exit MCCSOtherSet::GetVCP()
2025/10/06 05:20:57.659 [T:0xdd909] [DisplayControl] Enter MCCSOtherSet::GetVCP(), vcp code = 98
2025/10/06 05:20:57.740 [T:0xdd909] [DisplayControl] Exit MCCSOtherSet::GetVCP()
2025/10/06 05:20:57.849 [T:0xdd909] [DisplayControl] Enter MCCSOtherSet::GetVCP(), vcp code = 135
2025/10/06 05:20:57.930 [T:0xdd909] [DisplayControl] Exit MCCSOtherSet::GetVCP()
2025/10/06 05:20:58.036 [T:0xdd909] [DisplayControl] Enter MCCSOtherSet::GetVCP(), vcp code = 18
2025/10/06 05:20:58.116 [T:0xdd909] [DisplayControl] Exit MCCSOtherSet::GetVCP()
2025/10/06 05:20:58.222 [T:0xdd909] [DisplayControl] Enter MCCSOtherSet::GetVCP(), vcp code = 245
2025/10/06 05:20:58.303 [T:0xdd909] [DisplayControl] Exit MCCSOtherSet::GetVCP()
2025/10/06 05:20:58.410 [T:0xdd909] [DisplayControl] Enter MCCSOtherSet::GetVCP(), vcp code = 96
2025/10/06 05:20:58.491 [T:0xdd909] [DisplayControl] Exit MCCSOtherSet::GetVCP()
2025/10/06 05:20:58.598 [T:0xdd909] [DisplayControl] Enter MCCSOtherSet::GetVCP(), vcp code = 97
2025/10/06 05:20:58.679 [T:0xdd909] [DisplayControl] Exit MCCSOtherSet::GetVCP()
2025/10/06 05:20:58.783 [T:0xdd909] [DisplayControl] Enter MCCSOtherSet::GetVCP(), vcp code = 16
2025/10/06 05:20:58.864 [T:0xdd909] [DisplayControl] Exit MCCSOtherSet::GetVCP()
2025/10/06 05:20:58.971 [T:0xdd909] [DisplayControl] Enter MCCSOtherSet::GetVCP(), vcp code = 43
2025/10/06 05:20:59.054 [T:0xdd909] [DisplayControl] Exit MCCSOtherSet::GetVCP()
2025/10/06 05:20:59.161 [T:0xdd909] [DisplayControl] Enter MCCSOtherSet::GetVCP(), vcp code = 141
2025/10/06 05:20:59.242 [T:0xdd909] [DisplayControl] Exit MCCSOtherSet::GetVCP()
2025/10/06 05:20:59.349 [T:0xdd909] [DisplayControl] Enter MCCSOtherSet::GetVCP(), vcp code = 4
2025/10/06 05:20:59.432 [T:0xdd909] [DisplayControl] Exit MCCSOtherSet::GetVCP()
2025/10/06 05:20:59.533 [T:0xdd909] [DisplayControl] Enter MCCSOtherSet::GetVCP(), vcp code = 225
2025/10/06 05:20:59.618 [T:0xdd909] [DisplayControl] Exit MCCSOtherSet::GetVCP()
2025/10/06 05:20:59.724 [T:0xdd909] [DisplayControl] Enter MCCSOtherSet::GetVCP(), vcp code = 51
2025/10/06 05:20:59.810 [T:0xdd909] [DisplayControl] Exit MCCSOtherSet::GetVCP()
2025/10/06 05:20:59.914 [T:0xdd909] [DisplayControl] Enter MCCSOtherSet::GetVCP(), vcp code = 220
2025/10/06 05:20:59.998 [T:0xdd909] [DisplayControl] Exit MCCSOtherSet::GetVCP()
2025/10/06 05:21:00.104 [T:0xdd909] [DisplayControl] Enter MCCSOtherSet::GetVCP(), vcp code = 98
2025/10/06 05:21:00.191 [T:0xdd909] [DisplayControl] Exit MCCSOtherSet::GetVCP()
2025/10/06 05:21:00.295 [T:0xdd909] [DisplayControl] Enter MCCSOtherSet::GetVCP(), vcp code = 135
2025/10/06 05:21:00.381 [T:0xdd909] [DisplayControl] Exit MCCSOtherSet::GetVCP()
2025/10/06 05:21:00.483 [T:0xdd909] [DisplayControl] Enter MCCSOtherSet::GetVCP(), vcp code = 18
2025/10/06 05:21:00.567 [T:0xdd909] [DisplayControl] Exit MCCSOtherSet::GetVCP()
2025/10/06 05:21:00.669 [T:0xdd909] [DisplayControl] Enter MCCSOtherSet::GetVCP(), vcp code = 226
2025/10/06 05:21:00.753 [T:0xdd909] [DisplayControl] Exit MCCSOtherSet::GetVCP()
2025/10/06 05:21:00.857 [T:0xdd909] [DisplayControl] Enter MCCSOtherSet::GetVCP(), vcp code = 96
2025/10/06 05:21:00.942 [T:0xdd909] [DisplayControl] Exit MCCSOtherSet::GetVCP()
2025/10/06 05:21:01.044 [T:0xdd909] [DisplayControl] Enter MCCSOtherSet::GetVCP(), vcp code = 97
2025/10/06 05:21:01.128 [T:0xdd909] [DisplayControl] Exit MCCSOtherSet::GetVCP()
2025/10/06 05:21:01.230 [T:0xdd909] [DisplayControl] Enter MCCSOtherSet::GetVCP(), vcp code = 236
2025/10/06 05:21:01.315 [T:0xdd909] [DisplayControl] Exit MCCSOtherSet::GetVCP()
2025/10/06 05:21:01.419 [T:0xdd909] [DisplayControl] Enter MCCSOtherSet::GetVCP(), vcp code = 16
2025/10/06 05:21:01.506 [T:0xdd909] [DisplayControl] Exit MCCSOtherSet::GetVCP()
2025/10/06 05:21:01.610 [T:0xdd909] [DisplayControl] Enter MCCSOtherSet::GetVCP(), vcp code = 43
2025/10/06 05:21:01.696 [T:0xdd909] [DisplayControl] Exit MCCSOtherSet::GetVCP()
2025/10/06 05:21:01.799 [T:0xdd909] [DisplayControl] Enter MCCSOtherSet::GetVCP(), vcp code = 141
2025/10/06 05:21:01.886 [T:0xdd909] [DisplayControl] Exit MCCSOtherSet::GetVCP()
2025/10/06 05:21:01.998 [T:0xdd909] [DisplayControl] Enter MCCSOtherSet::SetVCP(), vcp code = 51
2025/10/06 05:21:02.162 [T:0xdd909] [DisplayControl] Exit MCCSOtherSet::SetVCP()
2025/10/06 05:21:02.175 [T:0xf807d] [DisplayControl] Enter MCCSOtherSet::GetVCP(), vcp code = 96
2025/10/06 05:21:02.326 [T:0xf807d] [DisplayControl] Exit MCCSOtherSet::GetVCP()
2025/10/06 05:22:36.561 [T:0x78700] [DisplayControl] Enter MCCSOtherSet::SetVCP(), vcp code = 51
2025/10/06 05:22:36.907 [T:0x78700] [DisplayControl] Exit MCCSOtherSet::SetVCP()
2025/10/06 05:22:52.578 [T:0x78700] [DisplayControl] Enter MCCSOtherSet::SetVCP(), vcp code = 96
2025/10/06 05:22:52.893 [T:0x78700] [DisplayControl] Exit MCCSOtherSet::SetVCP()
2025/10/06 05:22:59.712 [T:0x78700] [DisplayControl] Enter OperationThread::ExitThread
2025/10/06 05:22:59.713 [T:0x78700] [DisplayControl] Exit OperationThread::ExitThread
2025/10/06 05:22:59.714 [T:0x78700] [DisplayControl] Enter OperationThread::~OperationThread()
2025/10/06 05:22:59.714 [T:0x78700] [DisplayControl] Enter OperationThread::ExitThread
2025/10/06 05:22:59.714 [T:0x78700] [DisplayControl] Enter OperationThread::ExitThread
2025/10/06 05:22:59.715 [T:0x78700] [DisplayControl] Exit OperationThread::ExitThread
2025/10/06 05:22:59.715 [T:0x78700] [DisplayControl] Enter OperationThread::~OperationThread()
2025/10/06 05:22:59.715 [T:0x78700] [DisplayControl] Enter OperationThread::ExitThread
2025/10/06 05:22:59.784 [T:0x78700] [DbgStr] After calling display_control_client_listener_video_port_.UpdateAllDisplayPath()
2025/10/06 05:22:59.804 [T:0x78700] [DbgStr] After calling display_control_client_listener_.GetAllDisplayEDID()
2025/10/06 05:22:59.806 [T:0x78700] [DisplayControl] Version = 3.0.6.0
2025/10/06 05:22:59.806 [T:0x78700] [DisplayControl] Enter ObtainControlHandler1
2025/10/06 05:22:59.806 [T:0x78700] [DisplayControl] GetVideoPortCommander
2025/10/06 05:22:59.807 [T:0x78700] [DisplayControl] GetUSBHubCommander
2025/10/06 05:22:59.807 [T:0x78700] ====== List p_lpo_display_info_video_port, # of devices is ======2
2025/10/06 05:22:59.807 [T:0x78700] [DisplayControl] index of p_lpo_display_info_video_port0
2025/10/06 05:22:59.807 [T:0x78700] [DisplayControl] Model name from VideoPort = VG2458
2025/10/06 05:22:59.807 [T:0x78700] [DisplayControl] SN from VideoPort = YDJ243400006
2025/10/06 05:22:59.807 [T:0x78700] [DisplayControl] index of p_lpo_display_info_video_port1
2025/10/06 05:22:59.807 [T:0x78700] [DisplayControl] Model name from VideoPort = VG275
2025/10/06 05:22:59.807 [T:0x78700] [DisplayControl] SN from VideoPort = XF6232400003
2025/10/06 05:22:59.807 [T:0x78700] ====== List p_lpo_display_info_rtd_scalar_rts_hub, # of devices is ======0
2025/10/06 05:22:59.807 [T:0x78700] [DisplayControl] GetVSRtkHubControlClientListener
2025/10/06 05:22:59.807 [T:0x78700] [DisplayControl] max monitor count = 2
2025/10/06 05:22:59.807 [T:0x78700] [DisplayControl] index of display_info_vec = 0
2025/10/06 05:22:59.807 [T:0x78700] [DisplayControl] index of p_lpo_display_info_video_port = 0
2025/10/06 05:22:59.807 [T:0x78700] [DisplayControl] VideoPortMatchingRule
2025/10/06 05:22:59.807 [T:0x78700] [DisplayControl] monitor display_info_model_name = VG2458
2025/10/06 05:22:59.807 [T:0x78700] [DisplayControl] monitor video_port_model_name = VG2458
2025/10/06 05:22:59.807 [T:0x78700] [DisplayControl] monitor display_info_sn = YDJ243400006
2025/10/06 05:22:59.807 [T:0x78700] [DisplayControl] monitor video_port_sn = YDJ243400006
2025/10/06 05:22:59.807 [T:0x78700] [DisplayControl] model_name_match = 1
2025/10/06 05:22:59.807 [T:0x78700] [DisplayControl] sn_match = 1
2025/10/06 05:22:59.807 [T:0x78700] [DisplayControl] video_port is_match = 1
2025/10/06 05:22:59.807 [T:0x78700] [DisplayControl] index of display_info_vec = 1
2025/10/06 05:22:59.807 [T:0x78700] [DisplayControl] index of p_lpo_display_info_video_port = 0
2025/10/06 05:22:59.807 [T:0x78700] [DisplayControl] VideoPortMatchingRule
2025/10/06 05:22:59.807 [T:0x78700] [DisplayControl] monitor display_info_model_name = VG275
2025/10/06 05:22:59.807 [T:0x78700] [DisplayControl] monitor video_port_model_name = VG2458
2025/10/06 05:22:59.807 [T:0x78700] [DisplayControl] monitor display_info_sn = XF6232400003
2025/10/06 05:22:59.808 [T:0x78700] [DisplayControl] monitor video_port_sn = YDJ243400006
2025/10/06 05:22:59.808 [T:0x78700] [DisplayControl] model_name_match = 0
2025/10/06 05:22:59.808 [T:0x78700] [DisplayControl] sn_match = 0
2025/10/06 05:22:59.808 [T:0x78700] [DisplayControl] video_port is_match = 0
2025/10/06 05:22:59.808 [T:0x78700] [DisplayControl] index of display_info_vec = 1
2025/10/06 05:22:59.808 [T:0x78700] [DisplayControl] index of p_lpo_display_info_video_port = 1
2025/10/06 05:22:59.808 [T:0x78700] [DisplayControl] VideoPortMatchingRule
2025/10/06 05:22:59.808 [T:0x78700] [DisplayControl] monitor display_info_model_name = VG275
2025/10/06 05:22:59.808 [T:0x78700] [DisplayControl] monitor video_port_model_name = VG275
2025/10/06 05:22:59.808 [T:0x78700] [DisplayControl] monitor display_info_sn = XF6232400003
2025/10/06 05:22:59.808 [T:0x78700] [DisplayControl] monitor video_port_sn = XF6232400003
2025/10/06 05:22:59.808 [T:0x78700] [DisplayControl] model_name_match = 1
2025/10/06 05:22:59.808 [T:0x78700] [DisplayControl] sn_match = 1
2025/10/06 05:22:59.808 [T:0x78700] [DisplayControl] video_port is_match = 1
2025/10/06 05:22:59.808 [T:0x78700] [DisplayControl] i = 0
2025/10/06 05:22:59.808 [T:0x78700] [DisplayControl] Enter OperationThread::OperationThread()
2025/10/06 05:22:59.808 [T:0x78700] [DisplayControl] Enter OperationThread::CreateThread
2025/10/06 05:22:59.808 [T:0x78700] [DisplayControl] new DisplayFunctioner
2025/10/06 05:22:59.808 [T:0x78700] [DisplayControl] insert displayer_vector
2025/10/06 05:22:59.808 [T:0x78700] [DisplayControl] insert modelName_SN_to_Display_map
2025/10/06 05:22:59.808 [T:0x78700] [DisplayControl] insert device_id_to_Displayer_map_
2025/10/06 05:22:59.808 [T:0x78700] [DisplayControl] i = 1
2025/10/06 05:22:59.808 [T:0x78700] [DisplayControl] Enter OperationThread::OperationThread()
2025/10/06 05:22:59.808 [T:0x78700] [DisplayControl] Enter OperationThread::CreateThread
2025/10/06 05:22:59.809 [T:0x78700] [DisplayControl] new DisplayFunctioner
2025/10/06 05:22:59.809 [T:0x78700] [DisplayControl] insert displayer_vector
2025/10/06 05:22:59.809 [T:0x78700] [DisplayControl] insert modelName_SN_to_Display_map
2025/10/06 05:22:59.809 [T:0x78700] [DisplayControl] insert device_id_to_Displayer_map_
2025/10/06 05:22:59.809 [T:0x78700] [DisplayControl] monitor size = 2
2025/10/06 05:22:59.809 [T:0x78700] [DisplayControl] Exit ObtainControlHandler
2025/10/06 05:22:59.809 [T:0x78700] [DisplayControl] Enter MCCSOtherSet::GetVCP(), vcp code = 16
2025/10/06 05:22:59.884 [T:0x78700] [DisplayControl] Exit MCCSOtherSet::GetVCP()
2025/10/06 05:22:59.884 [T:0x78700] [DisplayControl] Enter MCCSOtherSet::GetVCP(), vcp code = 16
2025/10/06 05:22:59.967 [T:0x78700] [DisplayControl] Exit MCCSOtherSet::GetVCP()
2025/10/06 05:23:00.127 [T:0x78700] [DisplayControl] Enter MCCSOtherSet::SetVCP(), vcp code = 51
2025/10/06 05:23:00.293 [T:0x78700] [DisplayControl] Exit MCCSOtherSet::SetVCP()
2025/10/06 05:23:00.294 [T:0x78700] [DisplayControl] Enter MCCSOtherSet::SetVCP(), vcp code = 51
2025/10/06 05:23:00.456 [T:0x78700] [DisplayControl] Exit MCCSOtherSet::SetVCP()
2025/10/06 05:23:00.457 [T:0x78700] [DisplayControl] Enter MCCSOtherSet::GetVCP(), vcp code = 4
2025/10/06 05:23:00.545 [T:0x78700] [DisplayControl] Exit MCCSOtherSet::GetVCP()
2025/10/06 05:23:00.653 [T:0x78700] [DisplayControl] Enter MCCSOtherSet::GetVCP(), vcp code = 20
2025/10/06 05:23:00.734 [T:0x78700] [DisplayControl] Exit MCCSOtherSet::GetVCP()
2025/10/06 05:23:00.843 [T:0x78700] [DisplayControl] Enter MCCSOtherSet::GetVCP(), vcp code = 225
2025/10/06 05:23:00.925 [T:0x78700] [DisplayControl] Exit MCCSOtherSet::GetVCP()
2025/10/06 05:23:01.032 [T:0x78700] [DisplayControl] Enter MCCSOtherSet::GetVCP(), vcp code = 51
2025/10/06 05:23:01.114 [T:0x78700] [DisplayControl] Exit MCCSOtherSet::GetVCP()
2025/10/06 05:23:01.222 [T:0x78700] [DisplayControl] Enter MCCSOtherSet::GetVCP(), vcp code = 220
2025/10/06 05:23:01.302 [T:0x78700] [DisplayControl] Exit MCCSOtherSet::GetVCP()
2025/10/06 05:23:01.409 [T:0x78700] [DisplayControl] Enter MCCSOtherSet::GetVCP(), vcp code = 98
2025/10/06 05:23:01.490 [T:0x78700] [DisplayControl] Exit MCCSOtherSet::GetVCP()
2025/10/06 05:23:01.596 [T:0x78700] [DisplayControl] Enter MCCSOtherSet::GetVCP(), vcp code = 135
2025/10/06 05:23:01.678 [T:0x78700] [DisplayControl] Exit MCCSOtherSet::GetVCP()
2025/10/06 05:23:01.786 [T:0x78700] [DisplayControl] Enter MCCSOtherSet::GetVCP(), vcp code = 18
2025/10/06 05:23:01.869 [T:0x78700] [DisplayControl] Exit MCCSOtherSet::GetVCP()
2025/10/06 05:23:01.976 [T:0x78700] [DisplayControl] Enter MCCSOtherSet::GetVCP(), vcp code = 245
2025/10/06 05:23:02.057 [T:0x78700] [DisplayControl] Exit MCCSOtherSet::GetVCP()
2025/10/06 05:23:02.162 [T:0x78700] [DisplayControl] Enter MCCSOtherSet::GetVCP(), vcp code = 96
2025/10/06 05:23:02.243 [T:0x78700] [DisplayControl] Exit MCCSOtherSet::GetVCP()
2025/10/06 05:23:02.349 [T:0x78700] [DisplayControl] Enter MCCSOtherSet::GetVCP(), vcp code = 97
2025/10/06 05:23:02.430 [T:0x78700] [DisplayControl] Exit MCCSOtherSet::GetVCP()
2025/10/06 05:23:02.537 [T:0x78700] [DisplayControl] Enter MCCSOtherSet::GetVCP(), vcp code = 16
2025/10/06 05:23:02.619 [T:0x78700] [DisplayControl] Exit MCCSOtherSet::GetVCP()
2025/10/06 05:23:02.725 [T:0x78700] [DisplayControl] Enter MCCSOtherSet::GetVCP(), vcp code = 43
2025/10/06 05:23:02.805 [T:0x78700] [DisplayControl] Exit MCCSOtherSet::GetVCP()
2025/10/06 05:23:02.910 [T:0x78700] [DisplayControl] Enter MCCSOtherSet::GetVCP(), vcp code = 141
2025/10/06 05:23:02.991 [T:0x78700] [DisplayControl] Exit MCCSOtherSet::GetVCP()
2025/10/06 05:23:03.109 [T:0x78700] [DisplayControl] Enter MCCSOtherSet::GetVCP(), vcp code = 4
2025/10/06 05:23:03.200 [T:0x78700] [DisplayControl] Exit MCCSOtherSet::GetVCP()
2025/10/06 05:23:03.304 [T:0x78700] [DisplayControl] Enter MCCSOtherSet::GetVCP(), vcp code = 225
2025/10/06 05:23:03.389 [T:0x78700] [DisplayControl] Exit MCCSOtherSet::GetVCP()
2025/10/06 05:23:03.490 [T:0x78700] [DisplayControl] Enter MCCSOtherSet::GetVCP(), vcp code = 51
2025/10/06 05:23:03.574 [T:0x78700] [DisplayControl] Exit MCCSOtherSet::GetVCP()
2025/10/06 05:23:03.676 [T:0x78700] [DisplayControl] Enter MCCSOtherSet::GetVCP(), vcp code = 220
2025/10/06 05:23:03.762 [T:0x78700] [DisplayControl] Exit MCCSOtherSet::GetVCP()
2025/10/06 05:23:03.867 [T:0x78700] [DisplayControl] Enter MCCSOtherSet::GetVCP(), vcp code = 98
2025/10/06 05:23:03.951 [T:0x78700] [DisplayControl] Exit MCCSOtherSet::GetVCP()
2025/10/06 05:23:04.052 [T:0x78700] [DisplayControl] Enter MCCSOtherSet::GetVCP(), vcp code = 135
2025/10/06 05:23:04.137 [T:0x78700] [DisplayControl] Exit MCCSOtherSet::GetVCP()
2025/10/06 05:23:04.253 [T:0x78700] [DisplayControl] Enter MCCSOtherSet::GetVCP(), vcp code = 18
2025/10/06 05:23:04.339 [T:0x78700] [DisplayControl] Exit MCCSOtherSet::GetVCP()
2025/10/06 05:23:04.443 [T:0x78700] [DisplayControl] Enter MCCSOtherSet::GetVCP(), vcp code = 226
2025/10/06 05:23:04.528 [T:0x78700] [DisplayControl] Exit MCCSOtherSet::GetVCP()
2025/10/06 05:23:04.632 [T:0x78700] [DisplayControl] Enter MCCSOtherSet::GetVCP(), vcp code = 96
2025/10/06 05:23:04.717 [T:0x78700] [DisplayControl] Exit MCCSOtherSet::GetVCP()
2025/10/06 05:23:04.818 [T:0x78700] [DisplayControl] Enter MCCSOtherSet::GetVCP(), vcp code = 97
2025/10/06 05:23:04.902 [T:0x78700] [DisplayControl] Exit MCCSOtherSet::GetVCP()
2025/10/06 05:23:05.005 [T:0x78700] [DisplayControl] Enter MCCSOtherSet::GetVCP(), vcp code = 236
2025/10/06 05:23:05.091 [T:0x78700] [DisplayControl] Exit MCCSOtherSet::GetVCP()
2025/10/06 05:23:05.195 [T:0x78700] [DisplayControl] Enter MCCSOtherSet::GetVCP(), vcp code = 16
2025/10/06 05:23:05.282 [T:0x78700] [DisplayControl] Exit MCCSOtherSet::GetVCP()
2025/10/06 05:23:05.386 [T:0x78700] [DisplayControl] Enter MCCSOtherSet::GetVCP(), vcp code = 43
2025/10/06 05:23:05.471 [T:0x78700] [DisplayControl] Exit MCCSOtherSet::GetVCP()
2025/10/06 05:23:05.574 [T:0x78700] [DisplayControl] Enter MCCSOtherSet::GetVCP(), vcp code = 141
2025/10/06 05:23:05.660 [T:0x78700] [DisplayControl] Exit MCCSOtherSet::GetVCP()
2025/10/06 05:23:05.772 [T:0x78700] [DisplayControl] Enter MCCSOtherSet::SetVCP(), vcp code = 51
2025/10/06 05:23:05.939 [T:0x78700] [DisplayControl] Exit MCCSOtherSet::SetVCP()
2025/10/06 05:23:05.943 [T:0xf807d] [DisplayControl] Enter MCCSOtherSet::GetVCP(), vcp code = 96
2025/10/06 05:23:06.118 [T:0xf807d] [DisplayControl] Exit MCCSOtherSet::GetVCP()
2025/10/06 05:24:44.552 [T:0xf807d] [DisplayControl] Enter OperationThread::ExitThread
2025/10/06 05:24:44.552 [T:0xf807d] [DisplayControl] Exit OperationThread::ExitThread
2025/10/06 05:24:44.552 [T:0xf807d] [DisplayControl] Enter OperationThread::~OperationThread()
2025/10/06 05:24:44.552 [T:0xf807d] [DisplayControl] Enter OperationThread::ExitThread
2025/10/06 05:24:44.552 [T:0xf807d] [DisplayControl] Enter OperationThread::ExitThread
2025/10/06 05:24:44.553 [T:0xf807d] [DisplayControl] Exit OperationThread::ExitThread
2025/10/06 05:24:44.553 [T:0xf807d] [DisplayControl] Enter OperationThread::~OperationThread()
2025/10/06 05:24:44.553 [T:0xf807d] [DisplayControl] Enter OperationThread::ExitThread
2025/10/06 05:24:44.581 [T:0xf807d] [DbgStr] After calling display_control_client_listener_video_port_.UpdateAllDisplayPath()
2025/10/06 05:24:44.600 [T:0xf807d] [DbgStr] After calling display_control_client_listener_.GetAllDisplayEDID()
2025/10/06 05:24:44.607 [T:0xf807d] [DisplayControl] Version = 3.0.6.0
2025/10/06 05:24:44.607 [T:0xf807d] [DisplayControl] Enter ObtainControlHandler1
2025/10/06 05:24:44.607 [T:0xf807d] [DisplayControl] GetVideoPortCommander
2025/10/06 05:24:44.607 [T:0xf807d] [DisplayControl] GetUSBHubCommander
2025/10/06 05:24:44.607 [T:0xf807d] ====== List p_lpo_display_info_video_port, # of devices is ======2
2025/10/06 05:24:44.607 [T:0xf807d] [DisplayControl] index of p_lpo_display_info_video_port0
2025/10/06 05:24:44.607 [T:0xf807d] [DisplayControl] Model name from VideoPort = VG2458
2025/10/06 05:24:44.607 [T:0xf807d] [DisplayControl] SN from VideoPort = YDJ243400006
2025/10/06 05:24:44.607 [T:0xf807d] [DisplayControl] index of p_lpo_display_info_video_port1
2025/10/06 05:24:44.607 [T:0xf807d] [DisplayControl] Model name from VideoPort = VG275
2025/10/06 05:24:44.607 [T:0xf807d] [DisplayControl] SN from VideoPort = XF6232400003
2025/10/06 05:24:44.608 [T:0xf807d] ====== List p_lpo_display_info_rtd_scalar_rts_hub, # of devices is ======0
2025/10/06 05:24:44.608 [T:0xf807d] [DisplayControl] GetVSRtkHubControlClientListener
2025/10/06 05:24:44.608 [T:0xf807d] [DisplayControl] max monitor count = 2
2025/10/06 05:24:44.608 [T:0xf807d] [DisplayControl] index of display_info_vec = 0
2025/10/06 05:24:44.608 [T:0xf807d] [DisplayControl] index of p_lpo_display_info_video_port = 0
2025/10/06 05:24:44.608 [T:0xf807d] [DisplayControl] VideoPortMatchingRule
2025/10/06 05:24:44.608 [T:0xf807d] [DisplayControl] monitor display_info_model_name = VG2458
2025/10/06 05:24:44.608 [T:0xf807d] [DisplayControl] monitor video_port_model_name = VG2458
2025/10/06 05:24:44.608 [T:0xf807d] [DisplayControl] monitor display_info_sn = YDJ243400006
2025/10/06 05:24:44.608 [T:0xf807d] [DisplayControl] monitor video_port_sn = YDJ243400006
2025/10/06 05:24:44.608 [T:0xf807d] [DisplayControl] model_name_match = 1
2025/10/06 05:24:44.608 [T:0xf807d] [DisplayControl] sn_match = 1
2025/10/06 05:24:44.608 [T:0xf807d] [DisplayControl] video_port is_match = 1
2025/10/06 05:24:44.608 [T:0xf807d] [DisplayControl] index of display_info_vec = 1
2025/10/06 05:24:44.608 [T:0xf807d] [DisplayControl] index of p_lpo_display_info_video_port = 0
2025/10/06 05:24:44.608 [T:0xf807d] [DisplayControl] VideoPortMatchingRule
2025/10/06 05:24:44.608 [T:0xf807d] [DisplayControl] monitor display_info_model_name = VG275
2025/10/06 05:24:44.608 [T:0xf807d] [DisplayControl] monitor video_port_model_name = VG2458
2025/10/06 05:24:44.608 [T:0xf807d] [DisplayControl] monitor display_info_sn = XF6232400003
2025/10/06 05:24:44.608 [T:0xf807d] [DisplayControl] monitor video_port_sn = YDJ243400006
2025/10/06 05:24:44.608 [T:0xf807d] [DisplayControl] model_name_match = 0
2025/10/06 05:24:44.608 [T:0xf807d] [DisplayControl] sn_match = 0
2025/10/06 05:24:44.608 [T:0xf807d] [DisplayControl] video_port is_match = 0
2025/10/06 05:24:44.608 [T:0xf807d] [DisplayControl] index of display_info_vec = 1
2025/10/06 05:24:44.608 [T:0xf807d] [DisplayControl] index of p_lpo_display_info_video_port = 1
2025/10/06 05:24:44.608 [T:0xf807d] [DisplayControl] VideoPortMatchingRule
2025/10/06 05:24:44.608 [T:0xf807d] [DisplayControl] monitor display_info_model_name = VG275
2025/10/06 05:24:44.609 [T:0xf807d] [DisplayControl] monitor video_port_model_name = VG275
2025/10/06 05:24:44.609 [T:0xf807d] [DisplayControl] monitor display_info_sn = XF6232400003
2025/10/06 05:24:44.609 [T:0xf807d] [DisplayControl] monitor video_port_sn = XF6232400003
2025/10/06 05:24:44.609 [T:0xf807d] [DisplayControl] model_name_match = 1
2025/10/06 05:24:44.609 [T:0xf807d] [DisplayControl] sn_match = 1
2025/10/06 05:24:44.609 [T:0xf807d] [DisplayControl] video_port is_match = 1
2025/10/06 05:24:44.609 [T:0xf807d] [DisplayControl] i = 0
2025/10/06 05:24:44.609 [T:0xf807d] [DisplayControl] Enter OperationThread::OperationThread()
2025/10/06 05:24:44.609 [T:0xf807d] [DisplayControl] Enter OperationThread::CreateThread
2025/10/06 05:24:44.609 [T:0xf807d] [DisplayControl] new DisplayFunctioner
2025/10/06 05:24:44.609 [T:0xf807d] [DisplayControl] insert displayer_vector
2025/10/06 05:24:44.609 [T:0xf807d] [DisplayControl] insert modelName_SN_to_Display_map
2025/10/06 05:24:44.609 [T:0xf807d] [DisplayControl] insert device_id_to_Displayer_map_
2025/10/06 05:24:44.609 [T:0xf807d] [DisplayControl] i = 1
2025/10/06 05:24:44.609 [T:0xf807d] [DisplayControl] Enter OperationThread::OperationThread()
2025/10/06 05:24:44.609 [T:0xf807d] [DisplayControl] Enter OperationThread::CreateThread
2025/10/06 05:24:44.609 [T:0xf807d] [DisplayControl] new DisplayFunctioner
2025/10/06 05:24:44.609 [T:0xf807d] [DisplayControl] insert displayer_vector
2025/10/06 05:24:44.609 [T:0xf807d] [DisplayControl] insert modelName_SN_to_Display_map
2025/10/06 05:24:44.609 [T:0xf807d] [DisplayControl] insert device_id_to_Displayer_map_
2025/10/06 05:24:44.609 [T:0xf807d] [DisplayControl] monitor size = 2
2025/10/06 05:24:44.609 [T:0xf807d] [DisplayControl] Exit ObtainControlHandler
2025/10/06 05:26:41.250 [T:0xf807d] [DisplayControl] Enter OperationThread::ExitThread
2025/10/06 05:26:41.251 [T:0xf807d] [DisplayControl] Exit OperationThread::ExitThread
2025/10/06 05:26:41.251 [T:0xf807d] [DisplayControl] Enter OperationThread::~OperationThread()
2025/10/06 05:26:41.251 [T:0xf807d] [DisplayControl] Enter OperationThread::ExitThread
2025/10/06 05:26:41.251 [T:0xf807d] [DisplayControl] Enter OperationThread::ExitThread
2025/10/06 05:26:41.251 [T:0xf807d] [DisplayControl] Exit OperationThread::ExitThread
2025/10/06 05:26:41.251 [T:0xf807d] [DisplayControl] Enter OperationThread::~OperationThread()
2025/10/06 05:26:41.251 [T:0xf807d] [DisplayControl] Enter OperationThread::ExitThread
2025/10/06 05:26:41.275 [T:0xf807d] [DbgStr] After calling display_control_client_listener_video_port_.UpdateAllDisplayPath()
2025/10/06 05:26:41.295 [T:0xf807d] [DbgStr] After calling display_control_client_listener_.GetAllDisplayEDID()
2025/10/06 05:26:41.300 [T:0xf807d] [DisplayControl] Version = 3.0.6.0
2025/10/06 05:26:41.300 [T:0xf807d] [DisplayControl] Enter ObtainControlHandler1
2025/10/06 05:26:41.300 [T:0xf807d] [DisplayControl] GetVideoPortCommander
2025/10/06 05:26:41.300 [T:0xf807d] [DisplayControl] GetUSBHubCommander
2025/10/06 05:26:41.300 [T:0xf807d] ====== List p_lpo_display_info_video_port, # of devices is ======2
2025/10/06 05:26:41.300 [T:0xf807d] [DisplayControl] index of p_lpo_display_info_video_port0
2025/10/06 05:26:41.300 [T:0xf807d] [DisplayControl] Model name from VideoPort = VG2458
2025/10/06 05:26:41.301 [T:0xf807d] [DisplayControl] SN from VideoPort = YDJ243400006
2025/10/06 05:26:41.301 [T:0xf807d] [DisplayControl] index of p_lpo_display_info_video_port1
2025/10/06 05:26:41.301 [T:0xf807d] [DisplayControl] Model name from VideoPort = VG275
2025/10/06 05:26:41.301 [T:0xf807d] [DisplayControl] SN from VideoPort = XF6232400003
2025/10/06 05:26:41.301 [T:0xf807d] ====== List p_lpo_display_info_rtd_scalar_rts_hub, # of devices is ======0
2025/10/06 05:26:41.301 [T:0xf807d] [DisplayControl] GetVSRtkHubControlClientListener
2025/10/06 05:26:41.301 [T:0xf807d] [DisplayControl] max monitor count = 2
2025/10/06 05:26:41.301 [T:0xf807d] [DisplayControl] index of display_info_vec = 0
2025/10/06 05:26:41.301 [T:0xf807d] [DisplayControl] index of p_lpo_display_info_video_port = 0
2025/10/06 05:26:41.301 [T:0xf807d] [DisplayControl] VideoPortMatchingRule
2025/10/06 05:26:41.301 [T:0xf807d] [DisplayControl] monitor display_info_model_name = VG2458
2025/10/06 05:26:41.301 [T:0xf807d] [DisplayControl] monitor video_port_model_name = VG2458
2025/10/06 05:26:41.301 [T:0xf807d] [DisplayControl] monitor display_info_sn = YDJ243400006
2025/10/06 05:26:41.301 [T:0xf807d] [DisplayControl] monitor video_port_sn = YDJ243400006
2025/10/06 05:26:41.301 [T:0xf807d] [DisplayControl] model_name_match = 1
2025/10/06 05:26:41.301 [T:0xf807d] [DisplayControl] sn_match = 1
2025/10/06 05:26:41.301 [T:0xf807d] [DisplayControl] video_port is_match = 1
2025/10/06 05:26:41.301 [T:0xf807d] [DisplayControl] index of display_info_vec = 1
2025/10/06 05:26:41.301 [T:0xf807d] [DisplayControl] index of p_lpo_display_info_video_port = 0
2025/10/06 05:26:41.301 [T:0xf807d] [DisplayControl] VideoPortMatchingRule
2025/10/06 05:26:41.301 [T:0xf807d] [DisplayControl] monitor display_info_model_name = VG275
2025/10/06 05:26:41.301 [T:0xf807d] [DisplayControl] monitor video_port_model_name = VG2458
2025/10/06 05:26:41.301 [T:0xf807d] [DisplayControl] monitor display_info_sn = XF6232400003
2025/10/06 05:26:41.301 [T:0xf807d] [DisplayControl] monitor video_port_sn = YDJ243400006
2025/10/06 05:26:41.301 [T:0xf807d] [DisplayControl] model_name_match = 0
2025/10/06 05:26:41.301 [T:0xf807d] [DisplayControl] sn_match = 0
2025/10/06 05:26:41.301 [T:0xf807d] [DisplayControl] video_port is_match = 0
2025/10/06 05:26:41.301 [T:0xf807d] [DisplayControl] index of display_info_vec = 1
2025/10/06 05:26:41.302 [T:0xf807d] [DisplayControl] index of p_lpo_display_info_video_port = 1
2025/10/06 05:26:41.302 [T:0xf807d] [DisplayControl] VideoPortMatchingRule
2025/10/06 05:26:41.302 [T:0xf807d] [DisplayControl] monitor display_info_model_name = VG275
2025/10/06 05:26:41.302 [T:0xf807d] [DisplayControl] monitor video_port_model_name = VG275
2025/10/06 05:26:41.302 [T:0xf807d] [DisplayControl] monitor display_info_sn = XF6232400003
2025/10/06 05:26:41.302 [T:0xf807d] [DisplayControl] monitor video_port_sn = XF6232400003
2025/10/06 05:26:41.302 [T:0xf807d] [DisplayControl] model_name_match = 1
2025/10/06 05:26:41.302 [T:0xf807d] [DisplayControl] sn_match = 1
2025/10/06 05:26:41.302 [T:0xf807d] [DisplayControl] video_port is_match = 1
2025/10/06 05:26:41.302 [T:0xf807d] [DisplayControl] i = 0
2025/10/06 05:26:41.302 [T:0xf807d] [DisplayControl] Enter OperationThread::OperationThread()
2025/10/06 05:26:41.302 [T:0xf807d] [DisplayControl] Enter OperationThread::CreateThread
2025/10/06 05:26:41.302 [T:0xf807d] [DisplayControl] new DisplayFunctioner
2025/10/06 05:26:41.302 [T:0xf807d] [DisplayControl] insert displayer_vector
2025/10/06 05:26:41.302 [T:0xf807d] [DisplayControl] insert modelName_SN_to_Display_map
2025/10/06 05:26:41.302 [T:0xf807d] [DisplayControl] insert device_id_to_Displayer_map_
2025/10/06 05:26:41.302 [T:0xf807d] [DisplayControl] i = 1
2025/10/06 05:26:41.302 [T:0xf807d] [DisplayControl] Enter OperationThread::OperationThread()
2025/10/06 05:26:41.302 [T:0xf807d] [DisplayControl] Enter OperationThread::CreateThread
2025/10/06 05:26:41.302 [T:0xf807d] [DisplayControl] new DisplayFunctioner
2025/10/06 05:26:41.302 [T:0xf807d] [DisplayControl] insert displayer_vector
2025/10/06 05:26:41.302 [T:0xf807d] [DisplayControl] insert modelName_SN_to_Display_map
2025/10/06 05:26:41.302 [T:0xf807d] [DisplayControl] insert device_id_to_Displayer_map_
2025/10/06 05:26:41.303 [T:0xf807d] [DisplayControl] monitor size = 2
2025/10/06 05:26:41.303 [T:0xf807d] [DisplayControl] Exit ObtainControlHandler
2025/10/06 05:28:27.103 [T:0xf807d] [DisplayControl] Enter OperationThread::ExitThread
2025/10/06 05:28:27.104 [T:0xf807d] [DisplayControl] Exit OperationThread::ExitThread
2025/10/06 05:28:27.104 [T:0xf807d] [DisplayControl] Enter OperationThread::~OperationThread()
2025/10/06 05:28:27.104 [T:0xf807d] [DisplayControl] Enter OperationThread::ExitThread
2025/10/06 05:28:27.104 [T:0xf807d] [DisplayControl] Enter OperationThread::ExitThread
2025/10/06 05:28:27.104 [T:0xf807d] [DisplayControl] Exit OperationThread::ExitThread
2025/10/06 05:28:27.104 [T:0xf807d] [DisplayControl] Enter OperationThread::~OperationThread()
2025/10/06 05:28:27.104 [T:0xf807d] [DisplayControl] Enter OperationThread::ExitThread
2025/10/06 05:28:27.130 [T:0xf807d] [DbgStr] After calling display_control_client_listener_video_port_.UpdateAllDisplayPath()
2025/10/06 05:28:27.152 [T:0xf807d] [DbgStr] After calling display_control_client_listener_.GetAllDisplayEDID()
2025/10/06 05:28:27.168 [T:0xf807d] [DisplayControl] Version = 3.0.6.0
2025/10/06 05:28:27.168 [T:0xf807d] [DisplayControl] Enter ObtainControlHandler1
2025/10/06 05:28:27.168 [T:0xf807d] [DisplayControl] GetVideoPortCommander
2025/10/06 05:28:27.168 [T:0xf807d] [DisplayControl] GetUSBHubCommander
2025/10/06 05:28:27.168 [T:0xf807d] ====== List p_lpo_display_info_video_port, # of devices is ======2
2025/10/06 05:28:27.168 [T:0xf807d] [DisplayControl] index of p_lpo_display_info_video_port0
2025/10/06 05:28:27.168 [T:0xf807d] [DisplayControl] Model name from VideoPort = VG2458
2025/10/06 05:28:27.168 [T:0xf807d] [DisplayControl] SN from VideoPort = YDJ243400006
2025/10/06 05:28:27.168 [T:0xf807d] [DisplayControl] index of p_lpo_display_info_video_port1
2025/10/06 05:28:27.168 [T:0xf807d] [DisplayControl] Model name from VideoPort = VG275
2025/10/06 05:28:27.168 [T:0xf807d] [DisplayControl] SN from VideoPort = XF6232400003
2025/10/06 05:28:27.168 [T:0xf807d] ====== List p_lpo_display_info_rtd_scalar_rts_hub, # of devices is ======0
2025/10/06 05:28:27.168 [T:0xf807d] [DisplayControl] GetVSRtkHubControlClientListener
2025/10/06 05:28:27.168 [T:0xf807d] [DisplayControl] max monitor count = 2
2025/10/06 05:28:27.168 [T:0xf807d] [DisplayControl] index of display_info_vec = 0
2025/10/06 05:28:27.168 [T:0xf807d] [DisplayControl] index of p_lpo_display_info_video_port = 0
2025/10/06 05:28:27.168 [T:0xf807d] [DisplayControl] VideoPortMatchingRule
2025/10/06 05:28:27.168 [T:0xf807d] [DisplayControl] monitor display_info_model_name = VG2458
2025/10/06 05:28:27.168 [T:0xf807d] [DisplayControl] monitor video_port_model_name = VG2458
2025/10/06 05:28:27.168 [T:0xf807d] [DisplayControl] monitor display_info_sn = YDJ243400006
2025/10/06 05:28:27.168 [T:0xf807d] [DisplayControl] monitor video_port_sn = YDJ243400006
2025/10/06 05:28:27.168 [T:0xf807d] [DisplayControl] model_name_match = 1
2025/10/06 05:28:27.169 [T:0xf807d] [DisplayControl] sn_match = 1
2025/10/06 05:28:27.169 [T:0xf807d] [DisplayControl] video_port is_match = 1
2025/10/06 05:28:27.169 [T:0xf807d] [DisplayControl] index of display_info_vec = 1
2025/10/06 05:28:27.169 [T:0xf807d] [DisplayControl] index of p_lpo_display_info_video_port = 0
2025/10/06 05:28:27.169 [T:0xf807d] [DisplayControl] VideoPortMatchingRule
2025/10/06 05:28:27.169 [T:0xf807d] [DisplayControl] monitor display_info_model_name = VG275
2025/10/06 05:28:27.169 [T:0xf807d] [DisplayControl] monitor video_port_model_name = VG2458
2025/10/06 05:28:27.169 [T:0xf807d] [DisplayControl] monitor display_info_sn = XF6232400003
2025/10/06 05:28:27.169 [T:0xf807d] [DisplayControl] monitor video_port_sn = YDJ243400006
2025/10/06 05:28:27.169 [T:0xf807d] [DisplayControl] model_name_match = 0
2025/10/06 05:28:27.169 [T:0xf807d] [DisplayControl] sn_match = 0
2025/10/06 05:28:27.169 [T:0xf807d] [DisplayControl] video_port is_match = 0
2025/10/06 05:28:27.169 [T:0xf807d] [DisplayControl] index of display_info_vec = 1
2025/10/06 05:28:27.169 [T:0xf807d] [DisplayControl] index of p_lpo_display_info_video_port = 1
2025/10/06 05:28:27.169 [T:0xf807d] [DisplayControl] VideoPortMatchingRule
2025/10/06 05:28:27.169 [T:0xf807d] [DisplayControl] monitor display_info_model_name = VG275
2025/10/06 05:28:27.169 [T:0xf807d] [DisplayControl] monitor video_port_model_name = VG275
2025/10/06 05:28:27.169 [T:0xf807d] [DisplayControl] monitor display_info_sn = XF6232400003
2025/10/06 05:28:27.169 [T:0xf807d] [DisplayControl] monitor video_port_sn = XF6232400003
2025/10/06 05:28:27.169 [T:0xf807d] [DisplayControl] model_name_match = 1
2025/10/06 05:28:27.169 [T:0xf807d] [DisplayControl] sn_match = 1
2025/10/06 05:28:27.169 [T:0xf807d] [DisplayControl] video_port is_match = 1
2025/10/06 05:28:27.169 [T:0xf807d] [DisplayControl] i = 0
2025/10/06 05:28:27.169 [T:0xf807d] [DisplayControl] Enter OperationThread::OperationThread()
2025/10/06 05:28:27.169 [T:0xf807d] [DisplayControl] Enter OperationThread::CreateThread
2025/10/06 05:28:27.169 [T:0xf807d] [DisplayControl] new DisplayFunctioner
2025/10/06 05:28:27.170 [T:0xf807d] [DisplayControl] insert displayer_vector
2025/10/06 05:28:27.170 [T:0xf807d] [DisplayControl] insert modelName_SN_to_Display_map
2025/10/06 05:28:27.170 [T:0xf807d] [DisplayControl] insert device_id_to_Displayer_map_
2025/10/06 05:28:27.170 [T:0xf807d] [DisplayControl] i = 1
2025/10/06 05:28:27.170 [T:0xf807d] [DisplayControl] Enter OperationThread::OperationThread()
2025/10/06 05:28:27.170 [T:0xf807d] [DisplayControl] Enter OperationThread::CreateThread
2025/10/06 05:28:27.170 [T:0xf807d] [DisplayControl] new DisplayFunctioner
2025/10/06 05:28:27.170 [T:0xf807d] [DisplayControl] insert displayer_vector
2025/10/06 05:28:27.170 [T:0xf807d] [DisplayControl] insert modelName_SN_to_Display_map
2025/10/06 05:28:27.170 [T:0xf807d] [DisplayControl] insert device_id_to_Displayer_map_
2025/10/06 05:28:27.170 [T:0xf807d] [DisplayControl] monitor size = 2
2025/10/06 05:28:27.170 [T:0xf807d] [DisplayControl] Exit ObtainControlHandler
2025/10/06 05:30:24.177 [T:0xf807d] [DisplayControl] Enter OperationThread::ExitThread
2025/10/06 05:30:24.178 [T:0xf807d] [DisplayControl] Exit OperationThread::ExitThread
2025/10/06 05:30:24.178 [T:0xf807d] [DisplayControl] Enter OperationThread::~OperationThread()
2025/10/06 05:30:24.178 [T:0xf807d] [DisplayControl] Enter OperationThread::ExitThread
2025/10/06 05:30:24.178 [T:0xf807d] [DisplayControl] Enter OperationThread::ExitThread
2025/10/06 05:30:24.178 [T:0xf807d] [DisplayControl] Exit OperationThread::ExitThread
2025/10/06 05:30:24.178 [T:0xf807d] [DisplayControl] Enter OperationThread::~OperationThread()
2025/10/06 05:30:24.178 [T:0xf807d] [DisplayControl] Enter OperationThread::ExitThread
2025/10/06 05:30:24.202 [T:0xf807d] [DbgStr] After calling display_control_client_listener_video_port_.UpdateAllDisplayPath()
2025/10/06 05:30:24.222 [T:0xf807d] [DbgStr] After calling display_control_client_listener_.GetAllDisplayEDID()
2025/10/06 05:30:24.228 [T:0xf807d] [DisplayControl] Version = 3.0.6.0
2025/10/06 05:30:24.228 [T:0xf807d] [DisplayControl] Enter ObtainControlHandler1
2025/10/06 05:30:24.228 [T:0xf807d] [DisplayControl] GetVideoPortCommander
2025/10/06 05:30:24.228 [T:0xf807d] [DisplayControl] GetUSBHubCommander
2025/10/06 05:30:24.228 [T:0xf807d] ====== List p_lpo_display_info_video_port, # of devices is ======2
2025/10/06 05:30:24.228 [T:0xf807d] [DisplayControl] index of p_lpo_display_info_video_port0
2025/10/06 05:30:24.228 [T:0xf807d] [DisplayControl] Model name from VideoPort = VG2458
2025/10/06 05:30:24.228 [T:0xf807d] [DisplayControl] SN from VideoPort = YDJ243400006
2025/10/06 05:30:24.228 [T:0xf807d] [DisplayControl] index of p_lpo_display_info_video_port1
2025/10/06 05:30:24.228 [T:0xf807d] [DisplayControl] Model name from VideoPort = VG275
2025/10/06 05:30:24.228 [T:0xf807d] [DisplayControl] SN from VideoPort = XF6232400003
2025/10/06 05:30:24.228 [T:0xf807d] ====== List p_lpo_display_info_rtd_scalar_rts_hub, # of devices is ======0
2025/10/06 05:30:24.228 [T:0xf807d] [DisplayControl] GetVSRtkHubControlClientListener
2025/10/06 05:30:24.228 [T:0xf807d] [DisplayControl] max monitor count = 2
2025/10/06 05:30:24.228 [T:0xf807d] [DisplayControl] index of display_info_vec = 0
2025/10/06 05:30:24.228 [T:0xf807d] [DisplayControl] index of p_lpo_display_info_video_port = 0
2025/10/06 05:30:24.228 [T:0xf807d] [DisplayControl] VideoPortMatchingRule
2025/10/06 05:30:24.228 [T:0xf807d] [DisplayControl] monitor display_info_model_name = VG2458
2025/10/06 05:30:24.228 [T:0xf807d] [DisplayControl] monitor video_port_model_name = VG2458
2025/10/06 05:30:24.228 [T:0xf807d] [DisplayControl] monitor display_info_sn = YDJ243400006
2025/10/06 05:30:24.229 [T:0xf807d] [DisplayControl] monitor video_port_sn = YDJ243400006
2025/10/06 05:30:24.229 [T:0xf807d] [DisplayControl] model_name_match = 1
2025/10/06 05:30:24.229 [T:0xf807d] [DisplayControl] sn_match = 1
2025/10/06 05:30:24.229 [T:0xf807d] [DisplayControl] video_port is_match = 1
2025/10/06 05:30:24.229 [T:0xf807d] [DisplayControl] index of display_info_vec = 1
2025/10/06 05:30:24.229 [T:0xf807d] [DisplayControl] index of p_lpo_display_info_video_port = 0
2025/10/06 05:30:24.229 [T:0xf807d] [DisplayControl] VideoPortMatchingRule
2025/10/06 05:30:24.229 [T:0xf807d] [DisplayControl] monitor display_info_model_name = VG275
2025/10/06 05:30:24.229 [T:0xf807d] [DisplayControl] monitor video_port_model_name = VG2458
2025/10/06 05:30:24.229 [T:0xf807d] [DisplayControl] monitor display_info_sn = XF6232400003
2025/10/06 05:30:24.229 [T:0xf807d] [DisplayControl] monitor video_port_sn = YDJ243400006
2025/10/06 05:30:24.229 [T:0xf807d] [DisplayControl] model_name_match = 0
2025/10/06 05:30:24.229 [T:0xf807d] [DisplayControl] sn_match = 0
2025/10/06 05:30:24.229 [T:0xf807d] [DisplayControl] video_port is_match = 0
2025/10/06 05:30:24.229 [T:0xf807d] [DisplayControl] index of display_info_vec = 1
2025/10/06 05:30:24.229 [T:0xf807d] [DisplayControl] index of p_lpo_display_info_video_port = 1
2025/10/06 05:30:24.229 [T:0xf807d] [DisplayControl] VideoPortMatchingRule
2025/10/06 05:30:24.229 [T:0xf807d] [DisplayControl] monitor display_info_model_name = VG275
2025/10/06 05:30:24.229 [T:0xf807d] [DisplayControl] monitor video_port_model_name = VG275
2025/10/06 05:30:24.229 [T:0xf807d] [DisplayControl] monitor display_info_sn = XF6232400003
2025/10/06 05:30:24.229 [T:0xf807d] [DisplayControl] monitor video_port_sn = XF6232400003
2025/10/06 05:30:24.229 [T:0xf807d] [DisplayControl] model_name_match = 1
2025/10/06 05:30:24.229 [T:0xf807d] [DisplayControl] sn_match = 1
2025/10/06 05:30:24.229 [T:0xf807d] [DisplayControl] video_port is_match = 1
2025/10/06 05:30:24.229 [T:0xf807d] [DisplayControl] i = 0
2025/10/06 05:30:24.229 [T:0xf807d] [DisplayControl] Enter OperationThread::OperationThread()
2025/10/06 05:30:24.229 [T:0xf807d] [DisplayControl] Enter OperationThread::CreateThread
2025/10/06 05:30:24.230 [T:0xf807d] [DisplayControl] new DisplayFunctioner
2025/10/06 05:30:24.230 [T:0xf807d] [DisplayControl] insert displayer_vector
2025/10/06 05:30:24.230 [T:0xf807d] [DisplayControl] insert modelName_SN_to_Display_map
2025/10/06 05:30:24.230 [T:0xf807d] [DisplayControl] insert device_id_to_Displayer_map_
2025/10/06 05:30:24.230 [T:0xf807d] [DisplayControl] i = 1
2025/10/06 05:30:24.230 [T:0xf807d] [DisplayControl] Enter OperationThread::OperationThread()
2025/10/06 05:30:24.230 [T:0xf807d] [DisplayControl] Enter OperationThread::CreateThread
2025/10/06 05:30:24.230 [T:0xf807d] [DisplayControl] new DisplayFunctioner
2025/10/06 05:30:24.230 [T:0xf807d] [DisplayControl] insert displayer_vector
2025/10/06 05:30:24.230 [T:0xf807d] [DisplayControl] insert modelName_SN_to_Display_map
2025/10/06 05:30:24.230 [T:0xf807d] [DisplayControl] insert device_id_to_Displayer_map_
2025/10/06 05:30:24.230 [T:0xf807d] [DisplayControl] monitor size = 2
2025/10/06 05:30:24.230 [T:0xf807d] [DisplayControl] Exit ObtainControlHandler
2025/10/06 05:32:21.356 [T:0xf807d] [DisplayControl] Enter OperationThread::ExitThread
2025/10/06 05:32:21.356 [T:0xf807d] [DisplayControl] Exit OperationThread::ExitThread
2025/10/06 05:32:21.357 [T:0xf807d] [DisplayControl] Enter OperationThread::~OperationThread()
2025/10/06 05:32:21.357 [T:0xf807d] [DisplayControl] Enter OperationThread::ExitThread
2025/10/06 05:32:21.357 [T:0xf807d] [DisplayControl] Enter OperationThread::ExitThread
2025/10/06 05:32:21.357 [T:0xf807d] [DisplayControl] Exit OperationThread::ExitThread
2025/10/06 05:32:21.357 [T:0xf807d] [DisplayControl] Enter OperationThread::~OperationThread()
2025/10/06 05:32:21.357 [T:0xf807d] [DisplayControl] Enter OperationThread::ExitThread
2025/10/06 05:32:21.382 [T:0xf807d] [DbgStr] After calling display_control_client_listener_video_port_.UpdateAllDisplayPath()
2025/10/06 05:32:21.402 [T:0xf807d] [DbgStr] After calling display_control_client_listener_.GetAllDisplayEDID()
2025/10/06 05:32:21.409 [T:0xf807d] [DisplayControl] Version = 3.0.6.0
2025/10/06 05:32:21.409 [T:0xf807d] [DisplayControl] Enter ObtainControlHandler1
2025/10/06 05:32:21.409 [T:0xf807d] [DisplayControl] GetVideoPortCommander
2025/10/06 05:32:21.409 [T:0xf807d] [DisplayControl] GetUSBHubCommander
2025/10/06 05:32:21.409 [T:0xf807d] ====== List p_lpo_display_info_video_port, # of devices is ======2
2025/10/06 05:32:21.409 [T:0xf807d] [DisplayControl] index of p_lpo_display_info_video_port0
2025/10/06 05:32:21.409 [T:0xf807d] [DisplayControl] Model name from VideoPort = VG2458
2025/10/06 05:32:21.409 [T:0xf807d] [DisplayControl] SN from VideoPort = YDJ243400006
2025/10/06 05:32:21.409 [T:0xf807d] [DisplayControl] index of p_lpo_display_info_video_port1
2025/10/06 05:32:21.409 [T:0xf807d] [DisplayControl] Model name from VideoPort = VG275
2025/10/06 05:32:21.409 [T:0xf807d] [DisplayControl] SN from VideoPort = XF6232400003
2025/10/06 05:32:21.409 [T:0xf807d] ====== List p_lpo_display_info_rtd_scalar_rts_hub, # of devices is ======0
2025/10/06 05:32:21.409 [T:0xf807d] [DisplayControl] GetVSRtkHubControlClientListener
2025/10/06 05:32:21.409 [T:0xf807d] [DisplayControl] max monitor count = 2
2025/10/06 05:32:21.410 [T:0xf807d] [DisplayControl] index of display_info_vec = 0
2025/10/06 05:32:21.410 [T:0xf807d] [DisplayControl] index of p_lpo_display_info_video_port = 0
2025/10/06 05:32:21.410 [T:0xf807d] [DisplayControl] VideoPortMatchingRule
2025/10/06 05:32:21.410 [T:0xf807d] [DisplayControl] monitor display_info_model_name = VG2458
2025/10/06 05:32:21.410 [T:0xf807d] [DisplayControl] monitor video_port_model_name = VG2458
2025/10/06 05:32:21.410 [T:0xf807d] [DisplayControl] monitor display_info_sn = YDJ243400006
2025/10/06 05:32:21.410 [T:0xf807d] [DisplayControl] monitor video_port_sn = YDJ243400006
2025/10/06 05:32:21.410 [T:0xf807d] [DisplayControl] model_name_match = 1
2025/10/06 05:32:21.410 [T:0xf807d] [DisplayControl] sn_match = 1
2025/10/06 05:32:21.410 [T:0xf807d] [DisplayControl] video_port is_match = 1
2025/10/06 05:32:21.410 [T:0xf807d] [DisplayControl] index of display_info_vec = 1
2025/10/06 05:32:21.410 [T:0xf807d] [DisplayControl] index of p_lpo_display_info_video_port = 0
2025/10/06 05:32:21.410 [T:0xf807d] [DisplayControl] VideoPortMatchingRule
2025/10/06 05:32:21.410 [T:0xf807d] [DisplayControl] monitor display_info_model_name = VG275
2025/10/06 05:32:21.410 [T:0xf807d] [DisplayControl] monitor video_port_model_name = VG2458
2025/10/06 05:32:21.410 [T:0xf807d] [DisplayControl] monitor display_info_sn = XF6232400003
2025/10/06 05:32:21.410 [T:0xf807d] [DisplayControl] monitor video_port_sn = YDJ243400006
2025/10/06 05:32:21.410 [T:0xf807d] [DisplayControl] model_name_match = 0
2025/10/06 05:32:21.410 [T:0xf807d] [DisplayControl] sn_match = 0
2025/10/06 05:32:21.410 [T:0xf807d] [DisplayControl] video_port is_match = 0
2025/10/06 05:32:21.410 [T:0xf807d] [DisplayControl] index of display_info_vec = 1
2025/10/06 05:32:21.410 [T:0xf807d] [DisplayControl] index of p_lpo_display_info_video_port = 1
2025/10/06 05:32:21.410 [T:0xf807d] [DisplayControl] VideoPortMatchingRule
2025/10/06 05:32:21.410 [T:0xf807d] [DisplayControl] monitor display_info_model_name = VG275
2025/10/06 05:32:21.410 [T:0xf807d] [DisplayControl] monitor video_port_model_name = VG275
2025/10/06 05:32:21.410 [T:0xf807d] [DisplayControl] monitor display_info_sn = XF6232400003
2025/10/06 05:32:21.410 [T:0xf807d] [DisplayControl] monitor video_port_sn = XF6232400003
2025/10/06 05:32:21.411 [T:0xf807d] [DisplayControl] model_name_match = 1
2025/10/06 05:32:21.411 [T:0xf807d] [DisplayControl] sn_match = 1
2025/10/06 05:32:21.411 [T:0xf807d] [DisplayControl] video_port is_match = 1
2025/10/06 05:32:21.411 [T:0xf807d] [DisplayControl] i = 0
2025/10/06 05:32:21.411 [T:0xf807d] [DisplayControl] Enter OperationThread::OperationThread()
2025/10/06 05:32:21.411 [T:0xf807d] [DisplayControl] Enter OperationThread::CreateThread
2025/10/06 05:32:21.411 [T:0xf807d] [DisplayControl] new DisplayFunctioner
2025/10/06 05:32:21.411 [T:0xf807d] [DisplayControl] insert displayer_vector
2025/10/06 05:32:21.411 [T:0xf807d] [DisplayControl] insert modelName_SN_to_Display_map
2025/10/06 05:32:21.411 [T:0xf807d] [DisplayControl] insert device_id_to_Displayer_map_
2025/10/06 05:32:21.411 [T:0xf807d] [DisplayControl] i = 1
2025/10/06 05:32:21.411 [T:0xf807d] [DisplayControl] Enter OperationThread::OperationThread()
2025/10/06 05:32:21.411 [T:0xf807d] [DisplayControl] Enter OperationThread::CreateThread
2025/10/06 05:32:21.411 [T:0xf807d] [DisplayControl] new DisplayFunctioner
2025/10/06 05:32:21.411 [T:0xf807d] [DisplayControl] insert displayer_vector
2025/10/06 05:32:21.411 [T:0xf807d] [DisplayControl] insert modelName_SN_to_Display_map
2025/10/06 05:32:21.411 [T:0xf807d] [DisplayControl] insert device_id_to_Displayer_map_
2025/10/06 05:32:21.411 [T:0xf807d] [DisplayControl] monitor size = 2
2025/10/06 05:32:21.411 [T:0xf807d] [DisplayControl] Exit ObtainControlHandler
2025/10/06 05:34:07.111 [T:0xf807d] [DisplayControl] Enter OperationThread::ExitThread
2025/10/06 05:34:07.111 [T:0xf807d] [DisplayControl] Exit OperationThread::ExitThread
2025/10/06 05:34:07.111 [T:0xf807d] [DisplayControl] Enter OperationThread::~OperationThread()
2025/10/06 05:34:07.111 [T:0xf807d] [DisplayControl] Enter OperationThread::ExitThread
2025/10/06 05:34:07.111 [T:0xf807d] [DisplayControl] Enter OperationThread::ExitThread
2025/10/06 05:34:07.111 [T:0xf807d] [DisplayControl] Exit OperationThread::ExitThread
2025/10/06 05:34:07.111 [T:0xf807d] [DisplayControl] Enter OperationThread::~OperationThread()
2025/10/06 05:34:07.111 [T:0xf807d] [DisplayControl] Enter OperationThread::ExitThread
2025/10/06 05:34:07.134 [T:0xf807d] [DbgStr] After calling display_control_client_listener_video_port_.UpdateAllDisplayPath()
2025/10/06 05:34:07.153 [T:0xf807d] [DbgStr] After calling display_control_client_listener_.GetAllDisplayEDID()
2025/10/06 05:34:07.155 [T:0xf807d] [DisplayControl] Version = 3.0.6.0
2025/10/06 05:34:07.155 [T:0xf807d] [DisplayControl] Enter ObtainControlHandler1
2025/10/06 05:34:07.155 [T:0xf807d] [DisplayControl] GetVideoPortCommander
2025/10/06 05:34:07.155 [T:0xf807d] [DisplayControl] GetUSBHubCommander
2025/10/06 05:34:07.155 [T:0xf807d] ====== List p_lpo_display_info_video_port, # of devices is ======2
2025/10/06 05:34:07.155 [T:0xf807d] [DisplayControl] index of p_lpo_display_info_video_port0
2025/10/06 05:34:07.155 [T:0xf807d] [DisplayControl] Model name from VideoPort = VG2458
2025/10/06 05:34:07.155 [T:0xf807d] [DisplayControl] SN from VideoPort = YDJ243400006
2025/10/06 05:34:07.155 [T:0xf807d] [DisplayControl] index of p_lpo_display_info_video_port1
2025/10/06 05:34:07.155 [T:0xf807d] [DisplayControl] Model name from VideoPort = VG275
2025/10/06 05:34:07.155 [T:0xf807d] [DisplayControl] SN from VideoPort = XF6232400003
2025/10/06 05:34:07.155 [T:0xf807d] ====== List p_lpo_display_info_rtd_scalar_rts_hub, # of devices is ======0
2025/10/06 05:34:07.155 [T:0xf807d] [DisplayControl] GetVSRtkHubControlClientListener
2025/10/06 05:34:07.155 [T:0xf807d] [DisplayControl] max monitor count = 2
2025/10/06 05:34:07.155 [T:0xf807d] [DisplayControl] index of display_info_vec = 0
2025/10/06 05:34:07.155 [T:0xf807d] [DisplayControl] index of p_lpo_display_info_video_port = 0
2025/10/06 05:34:07.155 [T:0xf807d] [DisplayControl] VideoPortMatchingRule
2025/10/06 05:34:07.155 [T:0xf807d] [DisplayControl] monitor display_info_model_name = VG2458
2025/10/06 05:34:07.156 [T:0xf807d] [DisplayControl] monitor video_port_model_name = VG2458
2025/10/06 05:34:07.156 [T:0xf807d] [DisplayControl] monitor display_info_sn = YDJ243400006
2025/10/06 05:34:07.156 [T:0xf807d] [DisplayControl] monitor video_port_sn = YDJ243400006
2025/10/06 05:34:07.156 [T:0xf807d] [DisplayControl] model_name_match = 1
2025/10/06 05:34:07.156 [T:0xf807d] [DisplayControl] sn_match = 1
2025/10/06 05:34:07.156 [T:0xf807d] [DisplayControl] video_port is_match = 1
2025/10/06 05:34:07.156 [T:0xf807d] [DisplayControl] index of display_info_vec = 1
2025/10/06 05:34:07.156 [T:0xf807d] [DisplayControl] index of p_lpo_display_info_video_port = 0
2025/10/06 05:34:07.156 [T:0xf807d] [DisplayControl] VideoPortMatchingRule
2025/10/06 05:34:07.156 [T:0xf807d] [DisplayControl] monitor display_info_model_name = VG275
2025/10/06 05:34:07.156 [T:0xf807d] [DisplayControl] monitor video_port_model_name = VG2458
2025/10/06 05:34:07.156 [T:0xf807d] [DisplayControl] monitor display_info_sn = XF6232400003
2025/10/06 05:34:07.156 [T:0xf807d] [DisplayControl] monitor video_port_sn = YDJ243400006
2025/10/06 05:34:07.156 [T:0xf807d] [DisplayControl] model_name_match = 0
2025/10/06 05:34:07.156 [T:0xf807d] [DisplayControl] sn_match = 0
2025/10/06 05:34:07.156 [T:0xf807d] [DisplayControl] video_port is_match = 0
2025/10/06 05:34:07.156 [T:0xf807d] [DisplayControl] index of display_info_vec = 1
2025/10/06 05:34:07.156 [T:0xf807d] [DisplayControl] index of p_lpo_display_info_video_port = 1
2025/10/06 05:34:07.156 [T:0xf807d] [DisplayControl] VideoPortMatchingRule
2025/10/06 05:34:07.156 [T:0xf807d] [DisplayControl] monitor display_info_model_name = VG275
2025/10/06 05:34:07.156 [T:0xf807d] [DisplayControl] monitor video_port_model_name = VG275
2025/10/06 05:34:07.156 [T:0xf807d] [DisplayControl] monitor display_info_sn = XF6232400003
2025/10/06 05:34:07.156 [T:0xf807d] [DisplayControl] monitor video_port_sn = XF6232400003
2025/10/06 05:34:07.156 [T:0xf807d] [DisplayControl] model_name_match = 1
2025/10/06 05:34:07.156 [T:0xf807d] [DisplayControl] sn_match = 1
2025/10/06 05:34:07.156 [T:0xf807d] [DisplayControl] video_port is_match = 1
2025/10/06 05:34:07.156 [T:0xf807d] [DisplayControl] i = 0
2025/10/06 05:34:07.156 [T:0xf807d] [DisplayControl] Enter OperationThread::OperationThread()
2025/10/06 05:34:07.156 [T:0xf807d] [DisplayControl] Enter OperationThread::CreateThread
2025/10/06 05:34:07.157 [T:0xf807d] [DisplayControl] new DisplayFunctioner
2025/10/06 05:34:07.157 [T:0xf807d] [DisplayControl] insert displayer_vector
2025/10/06 05:34:07.157 [T:0xf807d] [DisplayControl] insert modelName_SN_to_Display_map
2025/10/06 05:34:07.157 [T:0xf807d] [DisplayControl] insert device_id_to_Displayer_map_
2025/10/06 05:34:07.157 [T:0xf807d] [DisplayControl] i = 1
2025/10/06 05:34:07.157 [T:0xf807d] [DisplayControl] Enter OperationThread::OperationThread()
2025/10/06 05:34:07.157 [T:0xf807d] [DisplayControl] Enter OperationThread::CreateThread
2025/10/06 05:34:07.157 [T:0xf807d] [DisplayControl] new DisplayFunctioner
2025/10/06 05:34:07.157 [T:0xf807d] [DisplayControl] insert displayer_vector
2025/10/06 05:34:07.157 [T:0xf807d] [DisplayControl] insert modelName_SN_to_Display_map
2025/10/06 05:34:07.157 [T:0xf807d] [DisplayControl] insert device_id_to_Displayer_map_
2025/10/06 05:34:07.157 [T:0xf807d] [DisplayControl] monitor size = 2
2025/10/06 05:34:07.157 [T:0xf807d] [DisplayControl] Exit ObtainControlHandler
2025/10/06 05:35:54.671 [T:0x7620c] [DisplayControl] Enter MCCSOtherSet::SetVCP(), vcp code = 16
2025/10/06 05:35:54.875 [T:0x7620c] [DisplayControl] Exit MCCSOtherSet::SetVCP()
2025/10/06 05:37:22.535 [T:0xc471b] [DisplayControl] Enter MCCSOtherSet::SetVCP(), vcp code = 16
2025/10/06 05:37:22.750 [T:0xc471b] [DisplayControl] Exit MCCSOtherSet::SetVCP()
2025/10/06 05:38:48.368 [T:0x717c8] [DisplayControl] Enter MCCSOtherSet::SetVCP(), vcp code = 18
2025/10/06 05:38:48.568 [T:0x717c8] [DisplayControl] Exit MCCSOtherSet::SetVCP()
2025/10/06 05:40:15.281 [T:0x70532] [DisplayControl] Enter MCCSOtherSet::SetVCP(), vcp code = 18
2025/10/06 05:40:15.470 [T:0x70532] [DisplayControl] Exit MCCSOtherSet::SetVCP()
2025/10/06 05:41:42.150 [T:0xbe545] [DisplayControl] Enter MCCSOtherSet::SetVCP(), vcp code = 135
2025/10/06 05:41:42.344 [T:0xbe545] [DisplayControl] Exit MCCSOtherSet::SetVCP()
2025/10/06 05:43:08.973 [T:0x3abd5] [DisplayControl] Enter MCCSOtherSet::SetVCP(), vcp code = 135
2025/10/06 05:43:09.160 [T:0x3abd5] [DisplayControl] Exit MCCSOtherSet::SetVCP()
2025/10/06 05:44:35.717 [T:0xf807d] [DisplayControl] Enter MCCSOtherSet::SetVCP(), vcp code = 98
2025/10/06 05:44:36.231 [T:0xf807d] [DisplayControl] Exit MCCSOtherSet::SetVCP()
2025/10/06 05:44:36.339 [T:0x9ee35] [DisplayControl] Enter MCCSOtherSet::SetVCP(), vcp code = 98
2025/10/06 05:44:36.540 [T:0x9ee35] [DisplayControl] Exit MCCSOtherSet::SetVCP()
2025/10/06 05:46:02.630 [T:0xf807d] [DisplayControl] Enter MCCSOtherSet::SetVCP(), vcp code = 98
2025/10/06 05:46:02.822 [T:0xf807d] [DisplayControl] Exit MCCSOtherSet::SetVCP()
2025/10/06 05:46:02.934 [T:0xd1cf0] [DisplayControl] Enter MCCSOtherSet::SetVCP(), vcp code = 98
2025/10/06 05:46:03.099 [T:0xd1cf0] [DisplayControl] Exit MCCSOtherSet::SetVCP()
2025/10/06 05:47:33.227 [T:0xc61f6] [DisplayControl] Enter MCCSOtherSet::SetVCP(), vcp code = 220
2025/10/06 05:47:34.194 [T:0xc61f6] [DisplayControl] Exit MCCSOtherSet::SetVCP()
2025/10/06 05:47:39.818 [T:0xc61f6] [DisplayControl] Enter MCCSOtherSet::GetVCP(), vcp code = 20
2025/10/06 05:47:39.901 [T:0xc61f6] [DisplayControl] Exit MCCSOtherSet::GetVCP()
2025/10/06 05:47:40.616 [T:0xc61f6] [DisplayControl] Enter MCCSOtherSet::GetVCP(), vcp code = 135
2025/10/06 05:47:40.697 [T:0xc61f6] [DisplayControl] Exit MCCSOtherSet::GetVCP()
2025/10/06 05:47:41.403 [T:0xc61f6] [DisplayControl] Enter MCCSOtherSet::GetVCP(), vcp code = 18
2025/10/06 05:47:41.485 [T:0xc61f6] [DisplayControl] Exit MCCSOtherSet::GetVCP()
2025/10/06 05:47:42.202 [T:0xc61f6] [DisplayControl] Enter MCCSOtherSet::GetVCP(), vcp code = 16
2025/10/06 05:47:42.283 [T:0xc61f6] [DisplayControl] Exit MCCSOtherSet::GetVCP()
2025/10/06 05:49:17.239 [T:0xdb328] [DisplayControl] Enter MCCSOtherSet::SetVCP(), vcp code = 220
2025/10/06 05:49:18.226 [T:0xdb328] [DisplayControl] Exit MCCSOtherSet::SetVCP()
2025/10/06 05:49:23.847 [T:0xdb328] [DisplayControl] Enter MCCSOtherSet::GetVCP(), vcp code = 20
2025/10/06 05:49:23.927 [T:0xdb328] [DisplayControl] Exit MCCSOtherSet::GetVCP()
2025/10/06 05:49:24.643 [T:0xdb328] [DisplayControl] Enter MCCSOtherSet::GetVCP(), vcp code = 135
2025/10/06 05:49:24.723 [T:0xdb328] [DisplayControl] Exit MCCSOtherSet::GetVCP()
2025/10/06 05:49:25.433 [T:0xdb328] [DisplayControl] Enter MCCSOtherSet::GetVCP(), vcp code = 18
2025/10/06 05:49:25.515 [T:0xdb328] [DisplayControl] Exit MCCSOtherSet::GetVCP()
2025/10/06 05:49:26.233 [T:0xdb328] [DisplayControl] Enter MCCSOtherSet::GetVCP(), vcp code = 16
2025/10/06 05:49:26.316 [T:0xdb328] [DisplayControl] Exit MCCSOtherSet::GetVCP()
2025/10/06 05:51:01.306 [T:0x73c2e] [DisplayControl] Enter MCCSOtherSet::SetVCP(), vcp code = 220
2025/10/06 05:51:02.298 [T:0x73c2e] [DisplayControl] Exit MCCSOtherSet::SetVCP()
2025/10/06 05:51:07.913 [T:0x73c2e] [DisplayControl] Enter MCCSOtherSet::GetVCP(), vcp code = 20
2025/10/06 05:51:07.994 [T:0x73c2e] [DisplayControl] Exit MCCSOtherSet::GetVCP()
2025/10/06 05:51:08.711 [T:0x73c2e] [DisplayControl] Enter MCCSOtherSet::GetVCP(), vcp code = 135
2025/10/06 05:51:08.793 [T:0x73c2e] [DisplayControl] Exit MCCSOtherSet::GetVCP()
2025/10/06 05:51:09.504 [T:0x73c2e] [DisplayControl] Enter MCCSOtherSet::GetVCP(), vcp code = 18
2025/10/06 05:51:09.585 [T:0x73c2e] [DisplayControl] Exit MCCSOtherSet::GetVCP()
2025/10/06 05:51:10.300 [T:0x73c2e] [DisplayControl] Enter MCCSOtherSet::GetVCP(), vcp code = 16
2025/10/06 05:51:10.382 [T:0x73c2e] [DisplayControl] Exit MCCSOtherSet::GetVCP()
2025/10/06 05:52:45.336 [T:0x6bfb2] [DisplayControl] Enter MCCSOtherSet::SetVCP(), vcp code = 220
2025/10/06 05:52:46.331 [T:0x6bfb2] [DisplayControl] Exit MCCSOtherSet::SetVCP()
2025/10/06 05:52:51.943 [T:0x6bfb2] [DisplayControl] Enter MCCSOtherSet::GetVCP(), vcp code = 20
2025/10/06 05:52:52.023 [T:0x6bfb2] [DisplayControl] Exit MCCSOtherSet::GetVCP()
2025/10/06 05:52:52.740 [T:0x6bfb2] [DisplayControl] Enter MCCSOtherSet::GetVCP(), vcp code = 135
2025/10/06 05:52:52.820 [T:0x6bfb2] [DisplayControl] Exit MCCSOtherSet::GetVCP()
2025/10/06 05:52:53.534 [T:0x6bfb2] [DisplayControl] Enter MCCSOtherSet::GetVCP(), vcp code = 18
2025/10/06 05:52:53.614 [T:0x6bfb2] [DisplayControl] Exit MCCSOtherSet::GetVCP()
2025/10/06 05:52:54.333 [T:0x6bfb2] [DisplayControl] Enter MCCSOtherSet::GetVCP(), vcp code = 16
2025/10/06 05:52:54.414 [T:0x6bfb2] [DisplayControl] Exit MCCSOtherSet::GetVCP()
2025/10/06 05:54:29.346 [T:0x2ec6d] [DisplayControl] Enter MCCSOtherSet::SetVCP(), vcp code = 220
2025/10/06 05:54:30.318 [T:0x2ec6d] [DisplayControl] Exit MCCSOtherSet::SetVCP()
2025/10/06 05:54:35.940 [T:0x2ec6d] [DisplayControl] Enter MCCSOtherSet::GetVCP(), vcp code = 20
2025/10/06 05:54:36.021 [T:0x2ec6d] [DisplayControl] Exit MCCSOtherSet::GetVCP()
2025/10/06 05:54:36.739 [T:0x2ec6d] [DisplayControl] Enter MCCSOtherSet::GetVCP(), vcp code = 135
2025/10/06 05:54:36.819 [T:0x2ec6d] [DisplayControl] Exit MCCSOtherSet::GetVCP()
2025/10/06 05:54:37.537 [T:0x2ec6d] [DisplayControl] Enter MCCSOtherSet::GetVCP(), vcp code = 18
2025/10/06 05:54:37.618 [T:0x2ec6d] [DisplayControl] Exit MCCSOtherSet::GetVCP()
2025/10/06 05:54:38.333 [T:0x2ec6d] [DisplayControl] Enter MCCSOtherSet::GetVCP(), vcp code = 16
2025/10/06 05:54:38.414 [T:0x2ec6d] [DisplayControl] Exit MCCSOtherSet::GetVCP()
2025/10/06 05:56:13.374 [T:0x354de] [DisplayControl] Enter MCCSOtherSet::SetVCP(), vcp code = 220
2025/10/06 05:56:14.350 [T:0x354de] [DisplayControl] Exit MCCSOtherSet::SetVCP()
2025/10/06 05:56:19.972 [T:0x354de] [DisplayControl] Enter MCCSOtherSet::GetVCP(), vcp code = 20
2025/10/06 05:56:20.052 [T:0x354de] [DisplayControl] Exit MCCSOtherSet::GetVCP()
2025/10/06 05:56:20.769 [T:0x354de] [DisplayControl] Enter MCCSOtherSet::GetVCP(), vcp code = 135
2025/10/06 05:56:20.849 [T:0x354de] [DisplayControl] Exit MCCSOtherSet::GetVCP()
2025/10/06 05:56:21.566 [T:0x354de] [DisplayControl] Enter MCCSOtherSet::GetVCP(), vcp code = 18
2025/10/06 05:56:21.647 [T:0x354de] [DisplayControl] Exit MCCSOtherSet::GetVCP()
2025/10/06 05:56:22.364 [T:0x354de] [DisplayControl] Enter MCCSOtherSet::GetVCP(), vcp code = 16
2025/10/06 05:56:22.445 [T:0x354de] [DisplayControl] Exit MCCSOtherSet::GetVCP()
2025/10/06 05:57:57.313 [T:0x97b20] [DisplayControl] Enter MCCSOtherSet::SetVCP(), vcp code = 220
2025/10/06 05:57:58.283 [T:0x97b20] [DisplayControl] Exit MCCSOtherSet::SetVCP()
2025/10/06 05:58:03.913 [T:0x97b20] [DisplayControl] Enter MCCSOtherSet::GetVCP(), vcp code = 20
2025/10/06 05:58:03.996 [T:0x97b20] [DisplayControl] Exit MCCSOtherSet::GetVCP()
2025/10/06 05:58:04.708 [T:0x97b20] [DisplayControl] Enter MCCSOtherSet::GetVCP(), vcp code = 135
2025/10/06 05:58:04.787 [T:0x97b20] [DisplayControl] Exit MCCSOtherSet::GetVCP()
2025/10/06 05:58:05.503 [T:0x97b20] [DisplayControl] Enter MCCSOtherSet::GetVCP(), vcp code = 18
2025/10/06 05:58:05.584 [T:0x97b20] [DisplayControl] Exit MCCSOtherSet::GetVCP()
2025/10/06 05:58:06.301 [T:0x97b20] [DisplayControl] Enter MCCSOtherSet::GetVCP(), vcp code = 16
2025/10/06 05:58:06.383 [T:0x97b20] [DisplayControl] Exit MCCSOtherSet::GetVCP()
2025/10/06 05:59:41.284 [T:0xec9b9] [DisplayControl] Enter MCCSOtherSet::SetVCP(), vcp code = 220
2025/10/06 05:59:42.238 [T:0xec9b9] [DisplayControl] Exit MCCSOtherSet::SetVCP()
2025/10/06 05:59:47.861 [T:0xec9b9] [DisplayControl] Enter MCCSOtherSet::GetVCP(), vcp code = 20
2025/10/06 05:59:47.941 [T:0xec9b9] [DisplayControl] Exit MCCSOtherSet::GetVCP()
2025/10/06 05:59:48.648 [T:0xec9b9] [DisplayControl] Enter MCCSOtherSet::GetVCP(), vcp code = 135
2025/10/06 05:59:48.728 [T:0xec9b9] [DisplayControl] Exit MCCSOtherSet::GetVCP()
2025/10/06 05:59:49.448 [T:0xec9b9] [DisplayControl] Enter MCCSOtherSet::GetVCP(), vcp code = 18
2025/10/06 05:59:49.530 [T:0xec9b9] [DisplayControl] Exit MCCSOtherSet::GetVCP()
2025/10/06 05:59:50.247 [T:0xec9b9] [DisplayControl] Enter MCCSOtherSet::GetVCP(), vcp code = 16
2025/10/06 05:59:50.329 [T:0xec9b9] [DisplayControl] Exit MCCSOtherSet::GetVCP()
2025/10/06 06:01:25.314 [T:0x424cd] [DisplayControl] Enter MCCSOtherSet::SetVCP(), vcp code = 220
2025/10/06 06:01:26.297 [T:0x424cd] [DisplayControl] Exit MCCSOtherSet::SetVCP()
2025/10/06 06:01:31.921 [T:0x424cd] [DisplayControl] Enter MCCSOtherSet::GetVCP(), vcp code = 20
2025/10/06 06:01:32.003 [T:0x424cd] [DisplayControl] Exit MCCSOtherSet::GetVCP()
2025/10/06 06:01:32.721 [T:0x424cd] [DisplayControl] Enter MCCSOtherSet::GetVCP(), vcp code = 135
2025/10/06 06:01:32.801 [T:0x424cd] [DisplayControl] Exit MCCSOtherSet::GetVCP()
2025/10/06 06:01:33.518 [T:0x424cd] [DisplayControl] Enter MCCSOtherSet::GetVCP(), vcp code = 18
2025/10/06 06:01:33.598 [T:0x424cd] [DisplayControl] Exit MCCSOtherSet::GetVCP()
2025/10/06 06:01:34.315 [T:0x424cd] [DisplayControl] Enter MCCSOtherSet::GetVCP(), vcp code = 16
2025/10/06 06:01:34.398 [T:0x424cd] [DisplayControl] Exit MCCSOtherSet::GetVCP()
2025/10/06 06:03:09.374 [T:0x535b0] [DisplayControl] Enter MCCSOtherSet::SetVCP(), vcp code = 220
2025/10/06 06:03:10.347 [T:0x535b0] [DisplayControl] Exit MCCSOtherSet::SetVCP()
2025/10/06 06:03:15.970 [T:0x535b0] [DisplayControl] Enter MCCSOtherSet::GetVCP(), vcp code = 20
2025/10/06 06:03:16.050 [T:0x535b0] [DisplayControl] Exit MCCSOtherSet::GetVCP()
2025/10/06 06:03:16.566 [T:0x535b0] [DisplayControl] Enter MCCSOtherSet::GetVCP(), vcp code = 20
2025/10/06 06:03:16.646 [T:0x535b0] [DisplayControl] Exit MCCSOtherSet::GetVCP()
2025/10/06 06:03:17.360 [T:0x535b0] [DisplayControl] Enter MCCSOtherSet::GetVCP(), vcp code = 135
2025/10/06 06:03:17.441 [T:0x535b0] [DisplayControl] Exit MCCSOtherSet::GetVCP()
2025/10/06 06:03:18.160 [T:0x535b0] [DisplayControl] Enter MCCSOtherSet::GetVCP(), vcp code = 18
2025/10/06 06:03:18.241 [T:0x535b0] [DisplayControl] Exit MCCSOtherSet::GetVCP()
2025/10/06 06:03:18.953 [T:0x535b0] [DisplayControl] Enter MCCSOtherSet::GetVCP(), vcp code = 16
2025/10/06 06:03:19.036 [T:0x535b0] [DisplayControl] Exit MCCSOtherSet::GetVCP()
2025/10/06 06:04:53.353 [T:0xfbac5] [DisplayControl] Enter MCCSOtherSet::SetVCP(), vcp code = 220
2025/10/06 06:04:54.334 [T:0xfbac5] [DisplayControl] Exit MCCSOtherSet::SetVCP()
2025/10/06 06:04:59.957 [T:0xfbac5] [DisplayControl] Enter MCCSOtherSet::GetVCP(), vcp code = 20
2025/10/06 06:05:00.039 [T:0xfbac5] [DisplayControl] Exit MCCSOtherSet::GetVCP()
2025/10/06 06:05:00.754 [T:0xfbac5] [DisplayControl] Enter MCCSOtherSet::GetVCP(), vcp code = 135
2025/10/06 06:05:00.835 [T:0xfbac5] [DisplayControl] Exit MCCSOtherSet::GetVCP()
2025/10/06 06:05:01.549 [T:0xfbac5] [DisplayControl] Enter MCCSOtherSet::GetVCP(), vcp code = 18
2025/10/06 06:05:01.630 [T:0xfbac5] [DisplayControl] Exit MCCSOtherSet::GetVCP()
2025/10/06 06:05:02.348 [T:0xfbac5] [DisplayControl] Enter MCCSOtherSet::GetVCP(), vcp code = 16
2025/10/06 06:05:02.430 [T:0xfbac5] [DisplayControl] Exit MCCSOtherSet::GetVCP()
2025/10/06 06:06:37.386 [T:0x8369e] [DisplayControl] Enter MCCSOtherSet::SetVCP(), vcp code = 220
2025/10/06 06:06:38.381 [T:0x8369e] [DisplayControl] Exit MCCSOtherSet::SetVCP()
2025/10/06 06:06:44.001 [T:0x8369e] [DisplayControl] Enter MCCSOtherSet::GetVCP(), vcp code = 20
2025/10/06 06:06:44.082 [T:0x8369e] [DisplayControl] Exit MCCSOtherSet::GetVCP()
2025/10/06 06:06:44.802 [T:0x8369e] [DisplayControl] Enter MCCSOtherSet::GetVCP(), vcp code = 135
2025/10/06 06:06:44.881 [T:0x8369e] [DisplayControl] Exit MCCSOtherSet::GetVCP()
2025/10/06 06:06:45.600 [T:0x8369e] [DisplayControl] Enter MCCSOtherSet::GetVCP(), vcp code = 18
2025/10/06 06:06:45.681 [T:0x8369e] [DisplayControl] Exit MCCSOtherSet::GetVCP()
2025/10/06 06:06:46.396 [T:0x8369e] [DisplayControl] Enter MCCSOtherSet::GetVCP(), vcp code = 16
2025/10/06 06:06:46.477 [T:0x8369e] [DisplayControl] Exit MCCSOtherSet::GetVCP()
2025/10/06 06:08:21.389 [T:0xdcb6c] [DisplayControl] Enter MCCSOtherSet::SetVCP(), vcp code = 220
2025/10/06 06:08:22.365 [T:0xdcb6c] [DisplayControl] Exit MCCSOtherSet::SetVCP()
2025/10/06 06:08:27.988 [T:0xdcb6c] [DisplayControl] Enter MCCSOtherSet::GetVCP(), vcp code = 20
2025/10/06 06:08:28.069 [T:0xdcb6c] [DisplayControl] Exit MCCSOtherSet::GetVCP()
2025/10/06 06:08:28.787 [T:0xdcb6c] [DisplayControl] Enter MCCSOtherSet::GetVCP(), vcp code = 135
2025/10/06 06:08:28.868 [T:0xdcb6c] [DisplayControl] Exit MCCSOtherSet::GetVCP()
2025/10/06 06:08:29.580 [T:0xdcb6c] [DisplayControl] Enter MCCSOtherSet::GetVCP(), vcp code = 18
2025/10/06 06:08:29.660 [T:0xdcb6c] [DisplayControl] Exit MCCSOtherSet::GetVCP()
2025/10/06 06:08:30.377 [T:0xdcb6c] [DisplayControl] Enter MCCSOtherSet::GetVCP(), vcp code = 16
2025/10/06 06:08:30.459 [T:0xdcb6c] [DisplayControl] Exit MCCSOtherSet::GetVCP()
2025/10/06 06:10:19.715 [T:0xf4be3] [DisplayControl] Enter MCCSOtherSet::SetVCP(), vcp code = 4
2025/10/06 06:10:20.666 [T:0xf4be3] [DisplayControl] Exit MCCSOtherSet::SetVCP()
2025/10/06 06:10:25.792 [T:0xf4be3] [DisplayControl] Enter OperationThread::ExitThread
2025/10/06 06:10:25.792 [T:0xf4be3] [DisplayControl] Exit OperationThread::ExitThread
2025/10/06 06:10:25.792 [T:0xf4be3] [DisplayControl] Enter OperationThread::~OperationThread()
2025/10/06 06:10:25.792 [T:0xf4be3] [DisplayControl] Enter OperationThread::ExitThread
2025/10/06 06:10:25.792 [T:0xf4be3] [DisplayControl] Enter OperationThread::ExitThread
2025/10/06 06:10:25.792 [T:0xf4be3] [DisplayControl] Exit OperationThread::ExitThread
2025/10/06 06:10:25.792 [T:0xf4be3] [DisplayControl] Enter OperationThread::~OperationThread()
2025/10/06 06:10:25.792 [T:0xf4be3] [DisplayControl] Enter OperationThread::ExitThread
2025/10/06 06:10:25.819 [T:0xf4be3] [DbgStr] After calling display_control_client_listener_video_port_.UpdateAllDisplayPath()
2025/10/06 06:10:25.838 [T:0xf4be3] [DbgStr] After calling display_control_client_listener_.GetAllDisplayEDID()
2025/10/06 06:10:25.840 [T:0xf4be3] [DisplayControl] Version = 3.0.6.0
2025/10/06 06:10:25.840 [T:0xf4be3] [DisplayControl] Enter ObtainControlHandler1
2025/10/06 06:10:25.841 [T:0xf4be3] [DisplayControl] GetVideoPortCommander
2025/10/06 06:10:25.841 [T:0xf4be3] [DisplayControl] GetUSBHubCommander
2025/10/06 06:10:25.841 [T:0xf4be3] ====== List p_lpo_display_info_video_port, # of devices is ======2
2025/10/06 06:10:25.841 [T:0xf4be3] [DisplayControl] index of p_lpo_display_info_video_port0
2025/10/06 06:10:25.841 [T:0xf4be3] [DisplayControl] Model name from VideoPort = VG2458
2025/10/06 06:10:25.841 [T:0xf4be3] [DisplayControl] SN from VideoPort = YDJ243400006
2025/10/06 06:10:25.841 [T:0xf4be3] [DisplayControl] index of p_lpo_display_info_video_port1
2025/10/06 06:10:25.841 [T:0xf4be3] [DisplayControl] Model name from VideoPort = VG275
2025/10/06 06:10:25.841 [T:0xf4be3] [DisplayControl] SN from VideoPort = XF6232400003
2025/10/06 06:10:25.841 [T:0xf4be3] ====== List p_lpo_display_info_rtd_scalar_rts_hub, # of devices is ======0
2025/10/06 06:10:25.841 [T:0xf4be3] [DisplayControl] GetVSRtkHubControlClientListener
2025/10/06 06:10:25.841 [T:0xf4be3] [DisplayControl] max monitor count = 2
2025/10/06 06:10:25.841 [T:0xf4be3] [DisplayControl] index of display_info_vec = 0
2025/10/06 06:10:25.841 [T:0xf4be3] [DisplayControl] index of p_lpo_display_info_video_port = 0
2025/10/06 06:10:25.841 [T:0xf4be3] [DisplayControl] VideoPortMatchingRule
2025/10/06 06:10:25.841 [T:0xf4be3] [DisplayControl] monitor display_info_model_name = VG2458
2025/10/06 06:10:25.841 [T:0xf4be3] [DisplayControl] monitor video_port_model_name = VG2458
2025/10/06 06:10:25.841 [T:0xf4be3] [DisplayControl] monitor display_info_sn = YDJ243400006
2025/10/06 06:10:25.841 [T:0xf4be3] [DisplayControl] monitor video_port_sn = YDJ243400006
2025/10/06 06:10:25.841 [T:0xf4be3] [DisplayControl] model_name_match = 1
2025/10/06 06:10:25.841 [T:0xf4be3] [DisplayControl] sn_match = 1
2025/10/06 06:10:25.841 [T:0xf4be3] [DisplayControl] video_port is_match = 1
2025/10/06 06:10:25.841 [T:0xf4be3] [DisplayControl] index of display_info_vec = 1
2025/10/06 06:10:25.841 [T:0xf4be3] [DisplayControl] index of p_lpo_display_info_video_port = 0
2025/10/06 06:10:25.841 [T:0xf4be3] [DisplayControl] VideoPortMatchingRule
2025/10/06 06:10:25.841 [T:0xf4be3] [DisplayControl] monitor display_info_model_name = VG275
2025/10/06 06:10:25.841 [T:0xf4be3] [DisplayControl] monitor video_port_model_name = VG2458
2025/10/06 06:10:25.842 [T:0xf4be3] [DisplayControl] monitor display_info_sn = XF6232400003
2025/10/06 06:10:25.842 [T:0xf4be3] [DisplayControl] monitor video_port_sn = YDJ243400006
2025/10/06 06:10:25.842 [T:0xf4be3] [DisplayControl] model_name_match = 0
2025/10/06 06:10:25.842 [T:0xf4be3] [DisplayControl] sn_match = 0
2025/10/06 06:10:25.842 [T:0xf4be3] [DisplayControl] video_port is_match = 0
2025/10/06 06:10:25.842 [T:0xf4be3] [DisplayControl] index of display_info_vec = 1
2025/10/06 06:10:25.842 [T:0xf4be3] [DisplayControl] index of p_lpo_display_info_video_port = 1
2025/10/06 06:10:25.842 [T:0xf4be3] [DisplayControl] VideoPortMatchingRule
2025/10/06 06:10:25.842 [T:0xf4be3] [DisplayControl] monitor display_info_model_name = VG275
2025/10/06 06:10:25.842 [T:0xf4be3] [DisplayControl] monitor video_port_model_name = VG275
2025/10/06 06:10:25.842 [T:0xf4be3] [DisplayControl] monitor display_info_sn = XF6232400003
2025/10/06 06:10:25.842 [T:0xf4be3] [DisplayControl] monitor video_port_sn = XF6232400003
2025/10/06 06:10:25.842 [T:0xf4be3] [DisplayControl] model_name_match = 1
2025/10/06 06:10:25.842 [T:0xf4be3] [DisplayControl] sn_match = 1
2025/10/06 06:10:25.842 [T:0xf4be3] [DisplayControl] video_port is_match = 1
2025/10/06 06:10:25.842 [T:0xf4be3] [DisplayControl] i = 0
2025/10/06 06:10:25.842 [T:0xf4be3] [DisplayControl] Enter OperationThread::OperationThread()
2025/10/06 06:10:25.842 [T:0xf4be3] [DisplayControl] Enter OperationThread::CreateThread
2025/10/06 06:10:25.842 [T:0xf4be3] [DisplayControl] new DisplayFunctioner
2025/10/06 06:10:25.842 [T:0xf4be3] [DisplayControl] insert displayer_vector
2025/10/06 06:10:25.842 [T:0xf4be3] [DisplayControl] insert modelName_SN_to_Display_map
2025/10/06 06:10:25.842 [T:0xf4be3] [DisplayControl] insert device_id_to_Displayer_map_
2025/10/06 06:10:25.842 [T:0xf4be3] [DisplayControl] i = 1
2025/10/06 06:10:25.842 [T:0xf4be3] [DisplayControl] Enter OperationThread::OperationThread()
2025/10/06 06:10:25.842 [T:0xf4be3] [DisplayControl] Enter OperationThread::CreateThread
2025/10/06 06:10:25.843 [T:0xf4be3] [DisplayControl] new DisplayFunctioner
2025/10/06 06:10:25.843 [T:0xf4be3] [DisplayControl] insert displayer_vector
2025/10/06 06:10:25.843 [T:0xf4be3] [DisplayControl] insert modelName_SN_to_Display_map
2025/10/06 06:10:25.843 [T:0xf4be3] [DisplayControl] insert device_id_to_Displayer_map_
2025/10/06 06:10:25.843 [T:0xf4be3] [DisplayControl] monitor size = 2
2025/10/06 06:10:25.843 [T:0xf4be3] [DisplayControl] Exit ObtainControlHandler
2025/10/06 06:10:25.843 [T:0xf4be3] [DisplayControl] Enter MCCSOtherSet::GetVCP(), vcp code = 16
2025/10/06 06:10:25.921 [T:0xf4be3] [DisplayControl] Exit MCCSOtherSet::GetVCP()
2025/10/06 06:10:25.921 [T:0xf4be3] [DisplayControl] Enter MCCSOtherSet::GetVCP(), vcp code = 4
2025/10/06 06:10:26.064 [T:0xf4be3] [DisplayControl] Exit MCCSOtherSet::GetVCP()
2025/10/06 06:10:26.171 [T:0xf4be3] [DisplayControl] Enter MCCSOtherSet::GetVCP(), vcp code = 20
2025/10/06 06:10:26.253 [T:0xf4be3] [DisplayControl] Exit MCCSOtherSet::GetVCP()
2025/10/06 06:10:26.362 [T:0xf4be3] [DisplayControl] Enter MCCSOtherSet::GetVCP(), vcp code = 225
2025/10/06 06:10:26.444 [T:0xf4be3] [DisplayControl] Exit MCCSOtherSet::GetVCP()
2025/10/06 06:10:26.553 [T:0xf4be3] [DisplayControl] Enter MCCSOtherSet::GetVCP(), vcp code = 51
2025/10/06 06:10:26.635 [T:0xf4be3] [DisplayControl] Exit MCCSOtherSet::GetVCP()
2025/10/06 06:10:26.743 [T:0xf4be3] [DisplayControl] Enter MCCSOtherSet::GetVCP(), vcp code = 220
2025/10/06 06:10:26.826 [T:0xf4be3] [DisplayControl] Exit MCCSOtherSet::GetVCP()
2025/10/06 06:10:26.935 [T:0xf4be3] [DisplayControl] Enter MCCSOtherSet::GetVCP(), vcp code = 98
2025/10/06 06:10:27.017 [T:0xf4be3] [DisplayControl] Exit MCCSOtherSet::GetVCP()
2025/10/06 06:10:27.126 [T:0xf4be3] [DisplayControl] Enter MCCSOtherSet::GetVCP(), vcp code = 135
2025/10/06 06:10:27.208 [T:0xf4be3] [DisplayControl] Exit MCCSOtherSet::GetVCP()
2025/10/06 06:10:27.317 [T:0xf4be3] [DisplayControl] Enter MCCSOtherSet::GetVCP(), vcp code = 18
2025/10/06 06:10:27.399 [T:0xf4be3] [DisplayControl] Exit MCCSOtherSet::GetVCP()
2025/10/06 06:10:27.508 [T:0xf4be3] [DisplayControl] Enter MCCSOtherSet::GetVCP(), vcp code = 245
2025/10/06 06:10:27.589 [T:0xf4be3] [DisplayControl] Exit MCCSOtherSet::GetVCP()
2025/10/06 06:10:27.695 [T:0xf4be3] [DisplayControl] Enter MCCSOtherSet::GetVCP(), vcp code = 96
2025/10/06 06:10:27.776 [T:0xf4be3] [DisplayControl] Exit MCCSOtherSet::GetVCP()
2025/10/06 06:10:27.884 [T:0xf4be3] [DisplayControl] Enter MCCSOtherSet::GetVCP(), vcp code = 97
2025/10/06 06:10:27.967 [T:0xf4be3] [DisplayControl] Exit MCCSOtherSet::GetVCP()
2025/10/06 06:10:28.075 [T:0xf4be3] [DisplayControl] Enter MCCSOtherSet::GetVCP(), vcp code = 16
2025/10/06 06:10:28.157 [T:0xf4be3] [DisplayControl] Exit MCCSOtherSet::GetVCP()
2025/10/06 06:10:28.166 [T:0xf807d] [DisplayControl] Enter MCCSOtherSet::GetVCP(), vcp code = 96
2025/10/06 06:10:28.258 [T:0xf4be3] [DisplayControl] Enter MCCSOtherSet::GetVCP(), vcp code = 43
2025/10/06 06:10:28.303 [T:0xf807d] [DisplayControl] Exit MCCSOtherSet::GetVCP()
2025/10/06 06:10:28.476 [T:0xf4be3] [DisplayControl] Exit MCCSOtherSet::GetVCP()
2025/10/06 06:10:28.578 [T:0xf4be3] [DisplayControl] Enter MCCSOtherSet::GetVCP(), vcp code = 141
2025/10/06 06:10:28.785 [T:0xf4be3] [DisplayControl] Exit MCCSOtherSet::GetVCP()
2025/10/06 06:10:28.886 [T:0xf4be3] [DisplayControl] Enter MCCSOtherSet::GetVCP(), vcp code = 4
2025/10/06 06:10:28.975 [T:0xf4be3] [DisplayControl] Exit MCCSOtherSet::GetVCP()
2025/10/06 06:10:29.078 [T:0xf4be3] [DisplayControl] Enter MCCSOtherSet::GetVCP(), vcp code = 225
2025/10/06 06:10:29.162 [T:0xf4be3] [DisplayControl] Exit MCCSOtherSet::GetVCP()
2025/10/06 06:10:29.265 [T:0xf4be3] [DisplayControl] Enter MCCSOtherSet::GetVCP(), vcp code = 51
2025/10/06 06:10:29.349 [T:0xf4be3] [DisplayControl] Exit MCCSOtherSet::GetVCP()
2025/10/06 06:10:29.452 [T:0xf4be3] [DisplayControl] Enter MCCSOtherSet::GetVCP(), vcp code = 220
2025/10/06 06:10:29.538 [T:0xf4be3] [DisplayControl] Exit MCCSOtherSet::GetVCP()
2025/10/06 06:10:29.641 [T:0xf4be3] [DisplayControl] Enter MCCSOtherSet::GetVCP(), vcp code = 98
2025/10/06 06:10:29.727 [T:0xf4be3] [DisplayControl] Exit MCCSOtherSet::GetVCP()
2025/10/06 06:10:29.829 [T:0xf4be3] [DisplayControl] Enter MCCSOtherSet::GetVCP(), vcp code = 135
2025/10/06 06:10:29.914 [T:0xf4be3] [DisplayControl] Exit MCCSOtherSet::GetVCP()
2025/10/06 06:10:30.017 [T:0xf4be3] [DisplayControl] Enter MCCSOtherSet::GetVCP(), vcp code = 18
2025/10/06 06:10:30.101 [T:0xf4be3] [DisplayControl] Exit MCCSOtherSet::GetVCP()
2025/10/06 06:10:30.204 [T:0xf4be3] [DisplayControl] Enter MCCSOtherSet::GetVCP(), vcp code = 226
2025/10/06 06:10:30.290 [T:0xf4be3] [DisplayControl] Exit MCCSOtherSet::GetVCP()
2025/10/06 06:10:30.394 [T:0xf4be3] [DisplayControl] Enter MCCSOtherSet::GetVCP(), vcp code = 96
2025/10/06 06:10:30.495 [T:0xf4be3] [DisplayControl] Exit MCCSOtherSet::GetVCP()
2025/10/06 06:10:30.601 [T:0xf4be3] [DisplayControl] Enter MCCSOtherSet::GetVCP(), vcp code = 97
2025/10/06 06:10:30.686 [T:0xf4be3] [DisplayControl] Exit MCCSOtherSet::GetVCP()
2025/10/06 06:10:30.790 [T:0xf4be3] [DisplayControl] Enter MCCSOtherSet::GetVCP(), vcp code = 236
2025/10/06 06:10:30.875 [T:0xf4be3] [DisplayControl] Exit MCCSOtherSet::GetVCP()
2025/10/06 06:10:30.977 [T:0xf4be3] [DisplayControl] Enter MCCSOtherSet::GetVCP(), vcp code = 16
2025/10/06 06:10:31.062 [T:0xf4be3] [DisplayControl] Exit MCCSOtherSet::GetVCP()
2025/10/06 06:10:31.165 [T:0xf4be3] [DisplayControl] Enter MCCSOtherSet::GetVCP(), vcp code = 43
2025/10/06 06:10:31.250 [T:0xf4be3] [DisplayControl] Exit MCCSOtherSet::GetVCP()
2025/10/06 06:10:31.355 [T:0xf4be3] [DisplayControl] Enter MCCSOtherSet::GetVCP(), vcp code = 141
2025/10/06 06:10:31.442 [T:0xf4be3] [DisplayControl] Exit MCCSOtherSet::GetVCP()
2025/10/06 06:11:19.131 [T:0x1ac7d] [DisplayControl] Enter MCCSOtherSet::SetVCP(), vcp code = 20
2025/10/06 06:11:19.322 [T:0x1ac7d] [DisplayControl] Exit MCCSOtherSet::SetVCP()
2025/10/06 06:11:19.928 [T:0x1ac7d] [DisplayControl] Enter MCCSOtherSet::GetVCP(), vcp code = 20
2025/10/06 06:11:20.009 [T:0x1ac7d] [DisplayControl] Exit MCCSOtherSet::GetVCP()
2025/10/06 06:11:20.724 [T:0x1ac7d] [DisplayControl] Enter MCCSOtherSet::GetVCP(), vcp code = 135
2025/10/06 06:11:20.804 [T:0x1ac7d] [DisplayControl] Exit MCCSOtherSet::GetVCP()
2025/10/06 06:11:21.517 [T:0x1ac7d] [DisplayControl] Enter MCCSOtherSet::GetVCP(), vcp code = 18
2025/10/06 06:11:21.599 [T:0x1ac7d] [DisplayControl] Exit MCCSOtherSet::GetVCP()
2025/10/06 06:11:22.316 [T:0x1ac7d] [DisplayControl] Enter MCCSOtherSet::GetVCP(), vcp code = 16
2025/10/06 06:11:22.398 [T:0x1ac7d] [DisplayControl] Exit MCCSOtherSet::GetVCP()
2025/10/06 06:12:58.155 [T:0x82118] [DisplayControl] Enter MCCSOtherSet::SetVCP(), vcp code = 20
2025/10/06 06:12:58.352 [T:0x82118] [DisplayControl] Exit MCCSOtherSet::SetVCP()
2025/10/06 06:12:58.952 [T:0x82118] [DisplayControl] Enter MCCSOtherSet::GetVCP(), vcp code = 20
2025/10/06 06:12:59.035 [T:0x82118] [DisplayControl] Exit MCCSOtherSet::GetVCP()
2025/10/06 06:12:59.755 [T:0x82118] [DisplayControl] Enter MCCSOtherSet::GetVCP(), vcp code = 135
2025/10/06 06:12:59.838 [T:0x82118] [DisplayControl] Exit MCCSOtherSet::GetVCP()
2025/10/06 06:13:00.554 [T:0x82118] [DisplayControl] Enter MCCSOtherSet::GetVCP(), vcp code = 18
2025/10/06 06:13:00.634 [T:0x82118] [DisplayControl] Exit MCCSOtherSet::GetVCP()
2025/10/06 06:13:01.348 [T:0x82118] [DisplayControl] Enter MCCSOtherSet::GetVCP(), vcp code = 16
2025/10/06 06:13:01.428 [T:0x82118] [DisplayControl] Exit MCCSOtherSet::GetVCP()
2025/10/06 06:14:37.098 [T:0x5cd2e] [DisplayControl] Enter MCCSOtherSet::SetVCP(), vcp code = 20
2025/10/06 06:14:37.281 [T:0x5cd2e] [DisplayControl] Exit MCCSOtherSet::SetVCP()
2025/10/06 06:14:37.891 [T:0x5cd2e] [DisplayControl] Enter MCCSOtherSet::GetVCP(), vcp code = 20
2025/10/06 06:14:37.972 [T:0x5cd2e] [DisplayControl] Exit MCCSOtherSet::GetVCP()
2025/10/06 06:14:38.690 [T:0x5cd2e] [DisplayControl] Enter MCCSOtherSet::GetVCP(), vcp code = 135
2025/10/06 06:14:38.771 [T:0x5cd2e] [DisplayControl] Exit MCCSOtherSet::GetVCP()
2025/10/06 06:14:39.487 [T:0x5cd2e] [DisplayControl] Enter MCCSOtherSet::GetVCP(), vcp code = 18
2025/10/06 06:14:39.567 [T:0x5cd2e] [DisplayControl] Exit MCCSOtherSet::GetVCP()
2025/10/06 06:14:40.284 [T:0x5cd2e] [DisplayControl] Enter MCCSOtherSet::GetVCP(), vcp code = 16
2025/10/06 06:14:40.366 [T:0x5cd2e] [DisplayControl] Exit MCCSOtherSet::GetVCP()
2025/10/06 06:16:16.112 [T:0xdba2a] [DisplayControl] Enter MCCSOtherSet::SetVCP(), vcp code = 20
2025/10/06 06:16:16.302 [T:0xdba2a] [DisplayControl] Exit MCCSOtherSet::SetVCP()
2025/10/06 06:16:16.911 [T:0xdba2a] [DisplayControl] Enter MCCSOtherSet::GetVCP(), vcp code = 20
2025/10/06 06:16:16.992 [T:0xdba2a] [DisplayControl] Exit MCCSOtherSet::GetVCP()
2025/10/06 06:16:17.708 [T:0xdba2a] [DisplayControl] Enter MCCSOtherSet::GetVCP(), vcp code = 135
2025/10/06 06:16:17.790 [T:0xdba2a] [DisplayControl] Exit MCCSOtherSet::GetVCP()
2025/10/06 06:16:18.513 [T:0xdba2a] [DisplayControl] Enter MCCSOtherSet::GetVCP(), vcp code = 18
2025/10/06 06:16:18.594 [T:0xdba2a] [DisplayControl] Exit MCCSOtherSet::GetVCP()
2025/10/06 06:16:19.303 [T:0xdba2a] [DisplayControl] Enter MCCSOtherSet::GetVCP(), vcp code = 16
2025/10/06 06:16:19.384 [T:0xdba2a] [DisplayControl] Exit MCCSOtherSet::GetVCP()
2025/10/06 06:17:55.110 [T:0xfefed] [DisplayControl] Enter MCCSOtherSet::SetVCP(), vcp code = 20
2025/10/06 06:17:55.330 [T:0xfefed] [DisplayControl] Exit MCCSOtherSet::SetVCP()
2025/10/06 06:17:55.939 [T:0xfefed] [DisplayControl] Enter MCCSOtherSet::GetVCP(), vcp code = 20
2025/10/06 06:17:56.020 [T:0xfefed] [DisplayControl] Exit MCCSOtherSet::GetVCP()
2025/10/06 06:17:56.739 [T:0xfefed] [DisplayControl] Enter MCCSOtherSet::GetVCP(), vcp code = 135
2025/10/06 06:17:56.819 [T:0xfefed] [DisplayControl] Exit MCCSOtherSet::GetVCP()
2025/10/06 06:17:57.535 [T:0xfefed] [DisplayControl] Enter MCCSOtherSet::GetVCP(), vcp code = 18
2025/10/06 06:17:57.614 [T:0xfefed] [DisplayControl] Exit MCCSOtherSet::GetVCP()
2025/10/06 06:17:58.330 [T:0xfefed] [DisplayControl] Enter MCCSOtherSet::GetVCP(), vcp code = 16
2025/10/06 06:17:58.413 [T:0xfefed] [DisplayControl] Exit MCCSOtherSet::GetVCP()
2025/10/06 06:19:51.602 [T:0x65baf] [DisplayControl] Enter MCCSOtherSet::SetVCP(), vcp code = 4
2025/10/06 06:19:52.552 [T:0x65baf] [DisplayControl] Exit MCCSOtherSet::SetVCP()
2025/10/06 06:19:57.670 [T:0x65baf] [DisplayControl] Enter OperationThread::ExitThread
2025/10/06 06:19:57.670 [T:0x65baf] [DisplayControl] Exit OperationThread::ExitThread
2025/10/06 06:19:57.670 [T:0x65baf] [DisplayControl] Enter OperationThread::~OperationThread()
2025/10/06 06:19:57.670 [T:0x65baf] [DisplayControl] Enter OperationThread::ExitThread
2025/10/06 06:19:57.670 [T:0x65baf] [DisplayControl] Enter OperationThread::ExitThread
2025/10/06 06:19:57.670 [T:0x65baf] [DisplayControl] Exit OperationThread::ExitThread
2025/10/06 06:19:57.670 [T:0x65baf] [DisplayControl] Enter OperationThread::~OperationThread()
2025/10/06 06:19:57.670 [T:0x65baf] [DisplayControl] Enter OperationThread::ExitThread
2025/10/06 06:19:57.704 [T:0x65baf] [DbgStr] After calling display_control_client_listener_video_port_.UpdateAllDisplayPath()
2025/10/06 06:19:57.723 [T:0x65baf] [DbgStr] After calling display_control_client_listener_.GetAllDisplayEDID()
2025/10/06 06:19:57.726 [T:0x65baf] [DisplayControl] Version = 3.0.6.0
2025/10/06 06:19:57.726 [T:0x65baf] [DisplayControl] Enter ObtainControlHandler1
2025/10/06 06:19:57.726 [T:0x65baf] [DisplayControl] GetVideoPortCommander
2025/10/06 06:19:57.726 [T:0x65baf] [DisplayControl] GetUSBHubCommander
2025/10/06 06:19:57.726 [T:0x65baf] ====== List p_lpo_display_info_video_port, # of devices is ======2
2025/10/06 06:19:57.726 [T:0x65baf] [DisplayControl] index of p_lpo_display_info_video_port0
2025/10/06 06:19:57.726 [T:0x65baf] [DisplayControl] Model name from VideoPort = VG2458
2025/10/06 06:19:57.726 [T:0x65baf] [DisplayControl] SN from VideoPort = YDJ243400006
2025/10/06 06:19:57.726 [T:0x65baf] [DisplayControl] index of p_lpo_display_info_video_port1
2025/10/06 06:19:57.726 [T:0x65baf] [DisplayControl] Model name from VideoPort = VG275
2025/10/06 06:19:57.726 [T:0x65baf] [DisplayControl] SN from VideoPort = XF6232400003
2025/10/06 06:19:57.726 [T:0x65baf] ====== List p_lpo_display_info_rtd_scalar_rts_hub, # of devices is ======0
2025/10/06 06:19:57.726 [T:0x65baf] [DisplayControl] GetVSRtkHubControlClientListener
2025/10/06 06:19:57.726 [T:0x65baf] [DisplayControl] max monitor count = 2
2025/10/06 06:19:57.726 [T:0x65baf] [DisplayControl] index of display_info_vec = 0
2025/10/06 06:19:57.726 [T:0x65baf] [DisplayControl] index of p_lpo_display_info_video_port = 0
2025/10/06 06:19:57.726 [T:0x65baf] [DisplayControl] VideoPortMatchingRule
2025/10/06 06:19:57.726 [T:0x65baf] [DisplayControl] monitor display_info_model_name = VG2458
2025/10/06 06:19:57.726 [T:0x65baf] [DisplayControl] monitor video_port_model_name = VG2458
2025/10/06 06:19:57.726 [T:0x65baf] [DisplayControl] monitor display_info_sn = YDJ243400006
2025/10/06 06:19:57.726 [T:0x65baf] [DisplayControl] monitor video_port_sn = YDJ243400006
2025/10/06 06:19:57.726 [T:0x65baf] [DisplayControl] model_name_match = 1
2025/10/06 06:19:57.726 [T:0x65baf] [DisplayControl] sn_match = 1
2025/10/06 06:19:57.727 [T:0x65baf] [DisplayControl] video_port is_match = 1
2025/10/06 06:19:57.727 [T:0x65baf] [DisplayControl] index of display_info_vec = 1
2025/10/06 06:19:57.727 [T:0x65baf] [DisplayControl] index of p_lpo_display_info_video_port = 0
2025/10/06 06:19:57.727 [T:0x65baf] [DisplayControl] VideoPortMatchingRule
2025/10/06 06:19:57.727 [T:0x65baf] [DisplayControl] monitor display_info_model_name = VG275
2025/10/06 06:19:57.727 [T:0x65baf] [DisplayControl] monitor video_port_model_name = VG2458
2025/10/06 06:19:57.727 [T:0x65baf] [DisplayControl] monitor display_info_sn = XF6232400003
2025/10/06 06:19:57.727 [T:0x65baf] [DisplayControl] monitor video_port_sn = YDJ243400006
2025/10/06 06:19:57.727 [T:0x65baf] [DisplayControl] model_name_match = 0
2025/10/06 06:19:57.727 [T:0x65baf] [DisplayControl] sn_match = 0
2025/10/06 06:19:57.727 [T:0x65baf] [DisplayControl] video_port is_match = 0
2025/10/06 06:19:57.727 [T:0x65baf] [DisplayControl] index of display_info_vec = 1
2025/10/06 06:19:57.727 [T:0x65baf] [DisplayControl] index of p_lpo_display_info_video_port = 1
2025/10/06 06:19:57.727 [T:0x65baf] [DisplayControl] VideoPortMatchingRule
2025/10/06 06:19:57.727 [T:0x65baf] [DisplayControl] monitor display_info_model_name = VG275
2025/10/06 06:19:57.727 [T:0x65baf] [DisplayControl] monitor video_port_model_name = VG275
2025/10/06 06:19:57.727 [T:0x65baf] [DisplayControl] monitor display_info_sn = XF6232400003
2025/10/06 06:19:57.727 [T:0x65baf] [DisplayControl] monitor video_port_sn = XF6232400003
2025/10/06 06:19:57.727 [T:0x65baf] [DisplayControl] model_name_match = 1
2025/10/06 06:19:57.727 [T:0x65baf] [DisplayControl] sn_match = 1
2025/10/06 06:19:57.727 [T:0x65baf] [DisplayControl] video_port is_match = 1
2025/10/06 06:19:57.727 [T:0x65baf] [DisplayControl] i = 0
2025/10/06 06:19:57.727 [T:0x65baf] [DisplayControl] Enter OperationThread::OperationThread()
2025/10/06 06:19:57.727 [T:0x65baf] [DisplayControl] Enter OperationThread::CreateThread
2025/10/06 06:19:57.727 [T:0x65baf] [DisplayControl] new DisplayFunctioner
2025/10/06 06:19:57.728 [T:0x65baf] [DisplayControl] insert displayer_vector
2025/10/06 06:19:57.728 [T:0x65baf] [DisplayControl] insert modelName_SN_to_Display_map
2025/10/06 06:19:57.728 [T:0x65baf] [DisplayControl] insert device_id_to_Displayer_map_
2025/10/06 06:19:57.728 [T:0x65baf] [DisplayControl] i = 1
2025/10/06 06:19:57.728 [T:0x65baf] [DisplayControl] Enter OperationThread::OperationThread()
2025/10/06 06:19:57.728 [T:0x65baf] [DisplayControl] Enter OperationThread::CreateThread
2025/10/06 06:19:57.728 [T:0x65baf] [DisplayControl] new DisplayFunctioner
2025/10/06 06:19:57.728 [T:0x65baf] [DisplayControl] insert displayer_vector
2025/10/06 06:19:57.728 [T:0x65baf] [DisplayControl] insert modelName_SN_to_Display_map
2025/10/06 06:19:57.728 [T:0x65baf] [DisplayControl] insert device_id_to_Displayer_map_
2025/10/06 06:19:57.728 [T:0x65baf] [DisplayControl] monitor size = 2
2025/10/06 06:19:57.728 [T:0x65baf] [DisplayControl] Exit ObtainControlHandler
2025/10/06 06:19:57.728 [T:0x65baf] [DisplayControl] Enter MCCSOtherSet::GetVCP(), vcp code = 16
2025/10/06 06:19:57.813 [T:0x65baf] [DisplayControl] Exit MCCSOtherSet::GetVCP()
2025/10/06 06:19:57.814 [T:0x65baf] [DisplayControl] Enter MCCSOtherSet::GetVCP(), vcp code = 4
2025/10/06 06:19:57.954 [T:0x65baf] [DisplayControl] Exit MCCSOtherSet::GetVCP()
2025/10/06 06:19:58.062 [T:0x65baf] [DisplayControl] Enter MCCSOtherSet::GetVCP(), vcp code = 20
2025/10/06 06:19:58.145 [T:0x65baf] [DisplayControl] Exit MCCSOtherSet::GetVCP()
2025/10/06 06:19:58.254 [T:0x65baf] [DisplayControl] Enter MCCSOtherSet::GetVCP(), vcp code = 225
2025/10/06 06:19:58.336 [T:0x65baf] [DisplayControl] Exit MCCSOtherSet::GetVCP()
2025/10/06 06:19:58.445 [T:0x65baf] [DisplayControl] Enter MCCSOtherSet::GetVCP(), vcp code = 51
2025/10/06 06:19:58.528 [T:0x65baf] [DisplayControl] Exit MCCSOtherSet::GetVCP()
2025/10/06 06:19:58.637 [T:0x65baf] [DisplayControl] Enter MCCSOtherSet::GetVCP(), vcp code = 220
2025/10/06 06:19:58.719 [T:0x65baf] [DisplayControl] Exit MCCSOtherSet::GetVCP()
2025/10/06 06:19:58.828 [T:0x65baf] [DisplayControl] Enter MCCSOtherSet::GetVCP(), vcp code = 98
2025/10/06 06:19:58.911 [T:0x65baf] [DisplayControl] Exit MCCSOtherSet::GetVCP()
2025/10/06 06:19:59.020 [T:0x65baf] [DisplayControl] Enter MCCSOtherSet::GetVCP(), vcp code = 135
2025/10/06 06:19:59.102 [T:0x65baf] [DisplayControl] Exit MCCSOtherSet::GetVCP()
2025/10/06 06:19:59.208 [T:0x65baf] [DisplayControl] Enter MCCSOtherSet::GetVCP(), vcp code = 18
2025/10/06 06:19:59.291 [T:0x65baf] [DisplayControl] Exit MCCSOtherSet::GetVCP()
2025/10/06 06:19:59.396 [T:0x65baf] [DisplayControl] Enter MCCSOtherSet::GetVCP(), vcp code = 245
2025/10/06 06:19:59.476 [T:0x65baf] [DisplayControl] Exit MCCSOtherSet::GetVCP()
2025/10/06 06:19:59.582 [T:0x65baf] [DisplayControl] Enter MCCSOtherSet::GetVCP(), vcp code = 96
2025/10/06 06:19:59.663 [T:0x65baf] [DisplayControl] Exit MCCSOtherSet::GetVCP()
2025/10/06 06:19:59.772 [T:0x65baf] [DisplayControl] Enter MCCSOtherSet::GetVCP(), vcp code = 97
2025/10/06 06:19:59.854 [T:0x65baf] [DisplayControl] Exit MCCSOtherSet::GetVCP()
2025/10/06 06:19:59.963 [T:0x65baf] [DisplayControl] Enter MCCSOtherSet::GetVCP(), vcp code = 16
2025/10/06 06:20:00.045 [T:0x65baf] [DisplayControl] Exit MCCSOtherSet::GetVCP()
2025/10/06 06:20:00.054 [T:0xf807d] [DisplayControl] Enter MCCSOtherSet::GetVCP(), vcp code = 96
2025/10/06 06:20:00.147 [T:0x65baf] [DisplayControl] Enter MCCSOtherSet::GetVCP(), vcp code = 43
2025/10/06 06:20:00.194 [T:0xf807d] [DisplayControl] Exit MCCSOtherSet::GetVCP()
2025/10/06 06:20:00.383 [T:0x65baf] [DisplayControl] Exit MCCSOtherSet::GetVCP()
2025/10/06 06:20:00.485 [T:0x65baf] [DisplayControl] Enter MCCSOtherSet::GetVCP(), vcp code = 141
2025/10/06 06:20:00.692 [T:0x65baf] [DisplayControl] Exit MCCSOtherSet::GetVCP()
2025/10/06 06:20:00.799 [T:0x65baf] [DisplayControl] Enter MCCSOtherSet::GetVCP(), vcp code = 4
2025/10/06 06:20:00.884 [T:0x65baf] [DisplayControl] Exit MCCSOtherSet::GetVCP()
2025/10/06 06:20:00.988 [T:0x65baf] [DisplayControl] Enter MCCSOtherSet::GetVCP(), vcp code = 225
2025/10/06 06:20:01.074 [T:0x65baf] [DisplayControl] Exit MCCSOtherSet::GetVCP()
2025/10/06 06:20:01.178 [T:0x65baf] [DisplayControl] Enter MCCSOtherSet::GetVCP(), vcp code = 51
2025/10/06 06:20:01.263 [T:0x65baf] [DisplayControl] Exit MCCSOtherSet::GetVCP()
2025/10/06 06:20:01.365 [T:0x65baf] [DisplayControl] Enter MCCSOtherSet::GetVCP(), vcp code = 220
2025/10/06 06:20:01.449 [T:0x65baf] [DisplayControl] Exit MCCSOtherSet::GetVCP()
2025/10/06 06:20:01.551 [T:0x65baf] [DisplayControl] Enter MCCSOtherSet::GetVCP(), vcp code = 98
2025/10/06 06:20:01.635 [T:0x65baf] [DisplayControl] Exit MCCSOtherSet::GetVCP()
2025/10/06 06:20:01.740 [T:0x65baf] [DisplayControl] Enter MCCSOtherSet::GetVCP(), vcp code = 135
2025/10/06 06:20:01.826 [T:0x65baf] [DisplayControl] Exit MCCSOtherSet::GetVCP()
2025/10/06 06:20:01.930 [T:0x65baf] [DisplayControl] Enter MCCSOtherSet::GetVCP(), vcp code = 18
2025/10/06 06:20:02.015 [T:0x65baf] [DisplayControl] Exit MCCSOtherSet::GetVCP()
2025/10/06 06:20:02.119 [T:0x65baf] [DisplayControl] Enter MCCSOtherSet::GetVCP(), vcp code = 226
2025/10/06 06:20:02.204 [T:0x65baf] [DisplayControl] Exit MCCSOtherSet::GetVCP()
2025/10/06 06:20:02.308 [T:0x65baf] [DisplayControl] Enter MCCSOtherSet::GetVCP(), vcp code = 96
2025/10/06 06:20:02.394 [T:0x65baf] [DisplayControl] Exit MCCSOtherSet::GetVCP()
2025/10/06 06:20:02.496 [T:0x65baf] [DisplayControl] Enter MCCSOtherSet::GetVCP(), vcp code = 97
2025/10/06 06:20:02.583 [T:0x65baf] [DisplayControl] Exit MCCSOtherSet::GetVCP()
2025/10/06 06:20:02.684 [T:0x65baf] [DisplayControl] Enter MCCSOtherSet::GetVCP(), vcp code = 236
2025/10/06 06:20:02.771 [T:0x65baf] [DisplayControl] Exit MCCSOtherSet::GetVCP()
2025/10/06 06:20:02.873 [T:0x65baf] [DisplayControl] Enter MCCSOtherSet::GetVCP(), vcp code = 16
2025/10/06 06:20:02.960 [T:0x65baf] [DisplayControl] Exit MCCSOtherSet::GetVCP()
2025/10/06 06:20:03.062 [T:0x65baf] [DisplayControl] Enter MCCSOtherSet::GetVCP(), vcp code = 43
2025/10/06 06:20:03.149 [T:0x65baf] [DisplayControl] Exit MCCSOtherSet::GetVCP()
2025/10/06 06:20:03.253 [T:0x65baf] [DisplayControl] Enter MCCSOtherSet::GetVCP(), vcp code = 141
2025/10/06 06:20:03.336 [T:0x65baf] [DisplayControl] Exit MCCSOtherSet::GetVCP()
2025/10/06 06:20:50.129 [T:0xf807d] [DisplayControl] Enter MCCSOtherSet::GetVCP(), vcp code = 96
2025/10/06 06:20:50.251 [T:0xf807d] [DisplayControl] Exit MCCSOtherSet::GetVCP()
2025/10/06 06:20:50.471 [T:0x8e283] [DisplayControl] Enter MCCSOtherSet::GetVCP(), vcp code = 4
2025/10/06 06:20:50.560 [T:0x8e283] [DisplayControl] Exit MCCSOtherSet::GetVCP()
2025/10/06 06:20:50.661 [T:0x8e283] [DisplayControl] Enter MCCSOtherSet::GetVCP(), vcp code = 225
2025/10/06 06:20:50.744 [T:0x8e283] [DisplayControl] Exit MCCSOtherSet::GetVCP()
2025/10/06 06:20:50.846 [T:0x8e283] [DisplayControl] Enter MCCSOtherSet::GetVCP(), vcp code = 51
2025/10/06 06:20:50.930 [T:0x8e283] [DisplayControl] Exit MCCSOtherSet::GetVCP()
2025/10/06 06:20:51.033 [T:0x8e283] [DisplayControl] Enter MCCSOtherSet::GetVCP(), vcp code = 220
2025/10/06 06:20:51.119 [T:0x8e283] [DisplayControl] Exit MCCSOtherSet::GetVCP()
2025/10/06 06:20:51.222 [T:0x8e283] [DisplayControl] Enter MCCSOtherSet::GetVCP(), vcp code = 98
2025/10/06 06:20:51.308 [T:0x8e283] [DisplayControl] Exit MCCSOtherSet::GetVCP()
2025/10/06 06:20:51.410 [T:0x8e283] [DisplayControl] Enter MCCSOtherSet::GetVCP(), vcp code = 135
2025/10/06 06:20:51.495 [T:0x8e283] [DisplayControl] Exit MCCSOtherSet::GetVCP()
2025/10/06 06:20:51.597 [T:0x8e283] [DisplayControl] Enter MCCSOtherSet::GetVCP(), vcp code = 18
2025/10/06 06:20:51.682 [T:0x8e283] [DisplayControl] Exit MCCSOtherSet::GetVCP()
2025/10/06 06:20:51.787 [T:0x8e283] [DisplayControl] Enter MCCSOtherSet::GetVCP(), vcp code = 226
2025/10/06 06:20:51.874 [T:0x8e283] [DisplayControl] Exit MCCSOtherSet::GetVCP()
2025/10/06 06:20:51.978 [T:0x8e283] [DisplayControl] Enter MCCSOtherSet::GetVCP(), vcp code = 96
2025/10/06 06:20:52.064 [T:0x8e283] [DisplayControl] Exit MCCSOtherSet::GetVCP()
2025/10/06 06:20:52.168 [T:0x8e283] [DisplayControl] Enter MCCSOtherSet::GetVCP(), vcp code = 97
2025/10/06 06:20:52.254 [T:0x8e283] [DisplayControl] Exit MCCSOtherSet::GetVCP()
2025/10/06 06:20:52.358 [T:0x8e283] [DisplayControl] Enter MCCSOtherSet::GetVCP(), vcp code = 236
2025/10/06 06:20:52.442 [T:0x8e283] [DisplayControl] Exit MCCSOtherSet::GetVCP()
2025/10/06 06:20:52.546 [T:0x8e283] [DisplayControl] Enter MCCSOtherSet::GetVCP(), vcp code = 16
2025/10/06 06:20:52.631 [T:0x8e283] [DisplayControl] Exit MCCSOtherSet::GetVCP()
2025/10/06 06:20:52.732 [T:0x8e283] [DisplayControl] Enter MCCSOtherSet::GetVCP(), vcp code = 43
2025/10/06 06:20:52.818 [T:0x8e283] [DisplayControl] Exit MCCSOtherSet::GetVCP()
2025/10/06 06:20:52.923 [T:0x8e283] [DisplayControl] Enter MCCSOtherSet::GetVCP(), vcp code = 141
2025/10/06 06:20:53.010 [T:0x8e283] [DisplayControl] Exit MCCSOtherSet::GetVCP()
2025/10/06 06:21:06.918 [T:0x8e283] [DisplayControl] Enter MCCSOtherSet::SetVCP(), vcp code = 4
2025/10/06 06:21:07.888 [T:0x8e283] [DisplayControl] Exit MCCSOtherSet::SetVCP()
2025/10/06 06:21:13.002 [T:0x8e283] [DisplayControl] Enter OperationThread::ExitThread
2025/10/06 06:21:13.002 [T:0x8e283] [DisplayControl] Exit OperationThread::ExitThread
2025/10/06 06:21:13.002 [T:0x8e283] [DisplayControl] Enter OperationThread::~OperationThread()
2025/10/06 06:21:13.002 [T:0x8e283] [DisplayControl] Enter OperationThread::ExitThread
2025/10/06 06:21:13.002 [T:0x8e283] [DisplayControl] Enter OperationThread::ExitThread
2025/10/06 06:21:13.002 [T:0x8e283] [DisplayControl] Exit OperationThread::ExitThread
2025/10/06 06:21:13.003 [T:0x8e283] [DisplayControl] Enter OperationThread::~OperationThread()
2025/10/06 06:21:13.003 [T:0x8e283] [DisplayControl] Enter OperationThread::ExitThread
2025/10/06 06:21:13.029 [T:0x8e283] [DbgStr] After calling display_control_client_listener_video_port_.UpdateAllDisplayPath()
2025/10/06 06:21:13.049 [T:0x8e283] [DbgStr] After calling display_control_client_listener_.GetAllDisplayEDID()
2025/10/06 06:21:13.051 [T:0x8e283] [DisplayControl] Version = 3.0.6.0
2025/10/06 06:21:13.051 [T:0x8e283] [DisplayControl] Enter ObtainControlHandler1
2025/10/06 06:21:13.051 [T:0x8e283] [DisplayControl] GetVideoPortCommander
2025/10/06 06:21:13.051 [T:0x8e283] [DisplayControl] GetUSBHubCommander
2025/10/06 06:21:13.051 [T:0x8e283] ====== List p_lpo_display_info_video_port, # of devices is ======2
2025/10/06 06:21:13.051 [T:0x8e283] [DisplayControl] index of p_lpo_display_info_video_port0
2025/10/06 06:21:13.051 [T:0x8e283] [DisplayControl] Model name from VideoPort = VG2458
2025/10/06 06:21:13.051 [T:0x8e283] [DisplayControl] SN from VideoPort = YDJ243400006
2025/10/06 06:21:13.051 [T:0x8e283] [DisplayControl] index of p_lpo_display_info_video_port1
2025/10/06 06:21:13.051 [T:0x8e283] [DisplayControl] Model name from VideoPort = VG275
2025/10/06 06:21:13.051 [T:0x8e283] [DisplayControl] SN from VideoPort = XF6232400003
2025/10/06 06:21:13.051 [T:0x8e283] ====== List p_lpo_display_info_rtd_scalar_rts_hub, # of devices is ======0
2025/10/06 06:21:13.051 [T:0x8e283] [DisplayControl] GetVSRtkHubControlClientListener
2025/10/06 06:21:13.051 [T:0x8e283] [DisplayControl] max monitor count = 2
2025/10/06 06:21:13.051 [T:0x8e283] [DisplayControl] index of display_info_vec = 0
2025/10/06 06:21:13.051 [T:0x8e283] [DisplayControl] index of p_lpo_display_info_video_port = 0
2025/10/06 06:21:13.051 [T:0x8e283] [DisplayControl] VideoPortMatchingRule
2025/10/06 06:21:13.051 [T:0x8e283] [DisplayControl] monitor display_info_model_name = VG2458
2025/10/06 06:21:13.051 [T:0x8e283] [DisplayControl] monitor video_port_model_name = VG2458
2025/10/06 06:21:13.051 [T:0x8e283] [DisplayControl] monitor display_info_sn = YDJ243400006
2025/10/06 06:21:13.052 [T:0x8e283] [DisplayControl] monitor video_port_sn = YDJ243400006
2025/10/06 06:21:13.052 [T:0x8e283] [DisplayControl] model_name_match = 1
2025/10/06 06:21:13.052 [T:0x8e283] [DisplayControl] sn_match = 1
2025/10/06 06:21:13.052 [T:0x8e283] [DisplayControl] video_port is_match = 1
2025/10/06 06:21:13.052 [T:0x8e283] [DisplayControl] index of display_info_vec = 1
2025/10/06 06:21:13.052 [T:0x8e283] [DisplayControl] index of p_lpo_display_info_video_port = 0
2025/10/06 06:21:13.052 [T:0x8e283] [DisplayControl] VideoPortMatchingRule
2025/10/06 06:21:13.052 [T:0x8e283] [DisplayControl] monitor display_info_model_name = VG275
2025/10/06 06:21:13.052 [T:0x8e283] [DisplayControl] monitor video_port_model_name = VG2458
2025/10/06 06:21:13.052 [T:0x8e283] [DisplayControl] monitor display_info_sn = XF6232400003
2025/10/06 06:21:13.052 [T:0x8e283] [DisplayControl] monitor video_port_sn = YDJ243400006
2025/10/06 06:21:13.052 [T:0x8e283] [DisplayControl] model_name_match = 0
2025/10/06 06:21:13.052 [T:0x8e283] [DisplayControl] sn_match = 0
2025/10/06 06:21:13.052 [T:0x8e283] [DisplayControl] video_port is_match = 0
2025/10/06 06:21:13.052 [T:0x8e283] [DisplayControl] index of display_info_vec = 1
2025/10/06 06:21:13.052 [T:0x8e283] [DisplayControl] index of p_lpo_display_info_video_port = 1
2025/10/06 06:21:13.052 [T:0x8e283] [DisplayControl] VideoPortMatchingRule
2025/10/06 06:21:13.052 [T:0x8e283] [DisplayControl] monitor display_info_model_name = VG275
2025/10/06 06:21:13.052 [T:0x8e283] [DisplayControl] monitor video_port_model_name = VG275
2025/10/06 06:21:13.052 [T:0x8e283] [DisplayControl] monitor display_info_sn = XF6232400003
2025/10/06 06:21:13.052 [T:0x8e283] [DisplayControl] monitor video_port_sn = XF6232400003
2025/10/06 06:21:13.052 [T:0x8e283] [DisplayControl] model_name_match = 1
2025/10/06 06:21:13.052 [T:0x8e283] [DisplayControl] sn_match = 1
2025/10/06 06:21:13.052 [T:0x8e283] [DisplayControl] video_port is_match = 1
2025/10/06 06:21:13.053 [T:0x8e283] [DisplayControl] i = 0
2025/10/06 06:21:13.053 [T:0x8e283] [DisplayControl] Enter OperationThread::OperationThread()
2025/10/06 06:21:13.053 [T:0x8e283] [DisplayControl] Enter OperationThread::CreateThread
2025/10/06 06:21:13.053 [T:0x8e283] [DisplayControl] new DisplayFunctioner
2025/10/06 06:21:13.053 [T:0x8e283] [DisplayControl] insert displayer_vector
2025/10/06 06:21:13.053 [T:0x8e283] [DisplayControl] insert modelName_SN_to_Display_map
2025/10/06 06:21:13.053 [T:0x8e283] [DisplayControl] insert device_id_to_Displayer_map_
2025/10/06 06:21:13.053 [T:0x8e283] [DisplayControl] i = 1
2025/10/06 06:21:13.053 [T:0x8e283] [DisplayControl] Enter OperationThread::OperationThread()
2025/10/06 06:21:13.053 [T:0x8e283] [DisplayControl] Enter OperationThread::CreateThread
2025/10/06 06:21:13.053 [T:0x8e283] [DisplayControl] new DisplayFunctioner
2025/10/06 06:21:13.053 [T:0x8e283] [DisplayControl] insert displayer_vector
2025/10/06 06:21:13.054 [T:0x8e283] [DisplayControl] insert modelName_SN_to_Display_map
2025/10/06 06:21:13.054 [T:0x8e283] [DisplayControl] insert device_id_to_Displayer_map_
2025/10/06 06:21:13.054 [T:0x8e283] [DisplayControl] monitor size = 2
2025/10/06 06:21:13.054 [T:0x8e283] [DisplayControl] Exit ObtainControlHandler
2025/10/06 06:21:13.054 [T:0x8e283] [DisplayControl] Enter MCCSOtherSet::GetVCP(), vcp code = 16
2025/10/06 06:21:13.135 [T:0x8e283] [DisplayControl] Exit MCCSOtherSet::GetVCP()
2025/10/06 06:21:13.136 [T:0x8e283] [DisplayControl] Enter MCCSOtherSet::GetVCP(), vcp code = 4
2025/10/06 06:21:13.209 [T:0x8e283] [DisplayControl] Exit MCCSOtherSet::GetVCP()
2025/10/06 06:21:13.316 [T:0x8e283] [DisplayControl] Enter MCCSOtherSet::GetVCP(), vcp code = 20
2025/10/06 06:21:13.396 [T:0x8e283] [DisplayControl] Exit MCCSOtherSet::GetVCP()
2025/10/06 06:21:13.503 [T:0x8e283] [DisplayControl] Enter MCCSOtherSet::GetVCP(), vcp code = 225
2025/10/06 06:21:13.583 [T:0x8e283] [DisplayControl] Exit MCCSOtherSet::GetVCP()
2025/10/06 06:21:13.689 [T:0x8e283] [DisplayControl] Enter MCCSOtherSet::GetVCP(), vcp code = 51
2025/10/06 06:21:13.771 [T:0x8e283] [DisplayControl] Exit MCCSOtherSet::GetVCP()
2025/10/06 06:21:13.877 [T:0x8e283] [DisplayControl] Enter MCCSOtherSet::GetVCP(), vcp code = 220
2025/10/06 06:21:13.959 [T:0x8e283] [DisplayControl] Exit MCCSOtherSet::GetVCP()
2025/10/06 06:21:14.064 [T:0x8e283] [DisplayControl] Enter MCCSOtherSet::GetVCP(), vcp code = 98
2025/10/06 06:21:14.145 [T:0x8e283] [DisplayControl] Exit MCCSOtherSet::GetVCP()
2025/10/06 06:21:14.252 [T:0x8e283] [DisplayControl] Enter MCCSOtherSet::GetVCP(), vcp code = 135
2025/10/06 06:21:14.334 [T:0x8e283] [DisplayControl] Exit MCCSOtherSet::GetVCP()
2025/10/06 06:21:14.442 [T:0x8e283] [DisplayControl] Enter MCCSOtherSet::GetVCP(), vcp code = 18
2025/10/06 06:21:14.524 [T:0x8e283] [DisplayControl] Exit MCCSOtherSet::GetVCP()
2025/10/06 06:21:14.632 [T:0x8e283] [DisplayControl] Enter MCCSOtherSet::GetVCP(), vcp code = 245
2025/10/06 06:21:14.713 [T:0x8e283] [DisplayControl] Exit MCCSOtherSet::GetVCP()
2025/10/06 06:21:14.818 [T:0x8e283] [DisplayControl] Enter MCCSOtherSet::GetVCP(), vcp code = 96
2025/10/06 06:21:14.898 [T:0x8e283] [DisplayControl] Exit MCCSOtherSet::GetVCP()
2025/10/06 06:21:15.005 [T:0x8e283] [DisplayControl] Enter MCCSOtherSet::GetVCP(), vcp code = 97
2025/10/06 06:21:15.087 [T:0x8e283] [DisplayControl] Exit MCCSOtherSet::GetVCP()
2025/10/06 06:21:15.193 [T:0x8e283] [DisplayControl] Enter MCCSOtherSet::GetVCP(), vcp code = 16
2025/10/06 06:21:15.275 [T:0x8e283] [DisplayControl] Exit MCCSOtherSet::GetVCP()
2025/10/06 06:21:15.380 [T:0x8e283] [DisplayControl] Enter MCCSOtherSet::GetVCP(), vcp code = 43
2025/10/06 06:21:15.460 [T:0x8e283] [DisplayControl] Exit MCCSOtherSet::GetVCP()
2025/10/06 06:21:15.567 [T:0x8e283] [DisplayControl] Enter MCCSOtherSet::GetVCP(), vcp code = 141
2025/10/06 06:21:15.648 [T:0x8e283] [DisplayControl] Exit MCCSOtherSet::GetVCP()
2025/10/06 06:21:15.756 [T:0x8e283] [DisplayControl] Enter MCCSOtherSet::GetVCP(), vcp code = 4
2025/10/06 06:21:15.842 [T:0x8e283] [DisplayControl] Exit MCCSOtherSet::GetVCP()
2025/10/06 06:21:15.945 [T:0x8e283] [DisplayControl] Enter MCCSOtherSet::GetVCP(), vcp code = 225
2025/10/06 06:21:16.029 [T:0x8e283] [DisplayControl] Exit MCCSOtherSet::GetVCP()
2025/10/06 06:21:16.130 [T:0x8e283] [DisplayControl] Enter MCCSOtherSet::GetVCP(), vcp code = 51
2025/10/06 06:21:16.215 [T:0x8e283] [DisplayControl] Exit MCCSOtherSet::GetVCP()
2025/10/06 06:21:16.317 [T:0x8e283] [DisplayControl] Enter MCCSOtherSet::GetVCP(), vcp code = 220
2025/10/06 06:21:16.403 [T:0x8e283] [DisplayControl] Exit MCCSOtherSet::GetVCP()
2025/10/06 06:21:16.508 [T:0x8e283] [DisplayControl] Enter MCCSOtherSet::GetVCP(), vcp code = 98
2025/10/06 06:21:16.592 [T:0x8e283] [DisplayControl] Exit MCCSOtherSet::GetVCP()
2025/10/06 06:21:16.695 [T:0x8e283] [DisplayControl] Enter MCCSOtherSet::GetVCP(), vcp code = 135
2025/10/06 06:21:16.780 [T:0x8e283] [DisplayControl] Exit MCCSOtherSet::GetVCP()
2025/10/06 06:21:16.881 [T:0x8e283] [DisplayControl] Enter MCCSOtherSet::GetVCP(), vcp code = 18
2025/10/06 06:21:16.967 [T:0x8e283] [DisplayControl] Exit MCCSOtherSet::GetVCP()
2025/10/06 06:21:17.068 [T:0x8e283] [DisplayControl] Enter MCCSOtherSet::GetVCP(), vcp code = 226
2025/10/06 06:21:17.155 [T:0x8e283] [DisplayControl] Exit MCCSOtherSet::GetVCP()
2025/10/06 06:21:17.260 [T:0x8e283] [DisplayControl] Enter MCCSOtherSet::GetVCP(), vcp code = 96
2025/10/06 06:21:17.346 [T:0x8e283] [DisplayControl] Exit MCCSOtherSet::GetVCP()
2025/10/06 06:21:17.451 [T:0x8e283] [DisplayControl] Enter MCCSOtherSet::GetVCP(), vcp code = 97
2025/10/06 06:21:17.538 [T:0x8e283] [DisplayControl] Exit MCCSOtherSet::GetVCP()
2025/10/06 06:21:17.641 [T:0x8e283] [DisplayControl] Enter MCCSOtherSet::GetVCP(), vcp code = 236
2025/10/06 06:21:17.727 [T:0x8e283] [DisplayControl] Exit MCCSOtherSet::GetVCP()
2025/10/06 06:21:17.831 [T:0x8e283] [DisplayControl] Enter MCCSOtherSet::GetVCP(), vcp code = 16
2025/10/06 06:21:17.916 [T:0x8e283] [DisplayControl] Exit MCCSOtherSet::GetVCP()
2025/10/06 06:21:18.019 [T:0x8e283] [DisplayControl] Enter MCCSOtherSet::GetVCP(), vcp code = 43
2025/10/06 06:21:18.103 [T:0x8e283] [DisplayControl] Exit MCCSOtherSet::GetVCP()
2025/10/06 06:21:18.205 [T:0x8e283] [DisplayControl] Enter MCCSOtherSet::GetVCP(), vcp code = 141
2025/10/06 06:21:18.290 [T:0x8e283] [DisplayControl] Exit MCCSOtherSet::GetVCP()
