2025/10/20 05:01:38.141 [T:0x9caee] [DisplayControl] Enter ObtainControlHandler1
2025/10/20 05:01:38.141 [T:0x9caee] [DisplayControl] GetVideoPortCommander
2025/10/20 05:01:38.141 [T:0x9caee] [DisplayControl] GetUSBHubCommander
2025/10/20 05:01:38.141 [T:0x9caee] ====== List p_lpo_display_info_video_port, # of devices is ======2
2025/10/20 05:01:38.141 [T:0x9caee] [DisplayControl] index of p_lpo_display_info_video_port0
2025/10/20 05:01:38.141 [T:0x9caee] [DisplayControl] Model name from VideoPort = VG2458
2025/10/20 05:01:38.141 [T:0x9caee] [DisplayControl] SN from VideoPort = YDJ243400006
2025/10/20 05:01:38.141 [T:0x9caee] [DisplayControl] index of p_lpo_display_info_video_port1
2025/10/20 05:01:38.141 [T:0x9caee] [DisplayControl] Model name from VideoPort = VG275
2025/10/20 05:01:38.142 [T:0x9caee] [DisplayControl] SN from VideoPort = XF6232400003
2025/10/20 05:01:38.142 [T:0x9caee] ====== List p_lpo_display_info_rtd_scalar_rts_hub, # of devices is ======0
2025/10/20 05:01:38.142 [T:0x9caee] [DisplayControl] GetVSRtkHubControlClientListener
2025/10/20 05:01:38.142 [T:0x9caee] [DisplayControl] max monitor count = 2
2025/10/20 05:01:38.142 [T:0x9caee] [DisplayControl] index of display_info_vec = 0
2025/10/20 05:01:38.142 [T:0x9caee] [DisplayControl] index of p_lpo_display_info_video_port = 0
2025/10/20 05:01:38.142 [T:0x9caee] [DisplayControl] VideoPortMatchingRule
2025/10/20 05:01:38.142 [T:0x9caee] [DisplayControl] monitor display_info_model_name = VG2458
2025/10/20 05:01:38.142 [T:0x9caee] [DisplayControl] monitor video_port_model_name = VG2458
2025/10/20 05:01:38.142 [T:0x9caee] [DisplayControl] monitor display_info_sn = YDJ243400006
2025/10/20 05:01:38.142 [T:0x9caee] [DisplayControl] monitor video_port_sn = YDJ243400006
2025/10/20 05:01:38.142 [T:0x9caee] [DisplayControl] model_name_match = 1
2025/10/20 05:01:38.142 [T:0x9caee] [DisplayControl] sn_match = 1
2025/10/20 05:01:38.142 [T:0x9caee] [DisplayControl] video_port is_match = 1
2025/10/20 05:01:38.142 [T:0x9caee] [DisplayControl] index of display_info_vec = 1
2025/10/20 05:01:38.142 [T:0x9caee] [DisplayControl] index of p_lpo_display_info_video_port = 0
2025/10/20 05:01:38.142 [T:0x9caee] [DisplayControl] VideoPortMatchingRule
2025/10/20 05:01:38.142 [T:0x9caee] [DisplayControl] monitor display_info_model_name = VG275
2025/10/20 05:01:38.142 [T:0x9caee] [DisplayControl] monitor video_port_model_name = VG2458
2025/10/20 05:01:38.142 [T:0x9caee] [DisplayControl] monitor display_info_sn = XF6232400003
2025/10/20 05:01:38.142 [T:0x9caee] [DisplayControl] monitor video_port_sn = YDJ243400006
2025/10/20 05:01:38.142 [T:0x9caee] [DisplayControl] model_name_match = 0
2025/10/20 05:01:38.142 [T:0x9caee] [DisplayControl] sn_match = 0
2025/10/20 05:01:38.142 [T:0x9caee] [DisplayControl] video_port is_match = 0
2025/10/20 05:01:38.142 [T:0x9caee] [DisplayControl] index of display_info_vec = 1
2025/10/20 05:01:38.142 [T:0x9caee] [DisplayControl] index of p_lpo_display_info_video_port = 1
2025/10/20 05:01:38.142 [T:0x9caee] [DisplayControl] VideoPortMatchingRule
2025/10/20 05:01:38.142 [T:0x9caee] [DisplayControl] monitor display_info_model_name = VG275
2025/10/20 05:01:38.142 [T:0x9caee] [DisplayControl] monitor video_port_model_name = VG275
2025/10/20 05:01:38.143 [T:0x9caee] [DisplayControl] monitor display_info_sn = XF6232400003
2025/10/20 05:01:38.143 [T:0x9caee] [DisplayControl] monitor video_port_sn = XF6232400003
2025/10/20 05:01:38.143 [T:0x9caee] [DisplayControl] model_name_match = 1
2025/10/20 05:01:38.143 [T:0x9caee] [DisplayControl] sn_match = 1
2025/10/20 05:01:38.143 [T:0x9caee] [DisplayControl] video_port is_match = 1
2025/10/20 05:01:38.143 [T:0x9caee] [DisplayControl] i = 0
2025/10/20 05:01:38.143 [T:0x9caee] [DisplayControl] Enter OperationThread::OperationThread()
2025/10/20 05:01:38.143 [T:0x9caee] [DisplayControl] Enter OperationThread::CreateThread
2025/10/20 05:01:38.143 [T:0x9caee] [DisplayControl] new DisplayFunctioner
2025/10/20 05:01:38.143 [T:0x9caee] [DisplayControl] insert displayer_vector
2025/10/20 05:01:38.143 [T:0x9caee] [DisplayControl] insert modelName_SN_to_Display_map
2025/10/20 05:01:38.143 [T:0x9caee] [DisplayControl] insert device_id_to_Displayer_map_
2025/10/20 05:01:38.143 [T:0x9caee] [DisplayControl] i = 1
2025/10/20 05:01:38.143 [T:0x9caee] [DisplayControl] Enter OperationThread::OperationThread()
2025/10/20 05:01:38.143 [T:0x9caee] [DisplayControl] Enter OperationThread::CreateThread
2025/10/20 05:01:38.143 [T:0x9caee] [DisplayControl] new DisplayFunctioner
2025/10/20 05:01:38.143 [T:0x9caee] [DisplayControl] insert displayer_vector
2025/10/20 05:01:38.143 [T:0x9caee] [DisplayControl] insert modelName_SN_to_Display_map
2025/10/20 05:01:38.143 [T:0x9caee] [DisplayControl] insert device_id_to_Displayer_map_
2025/10/20 05:01:38.143 [T:0x9caee] [DisplayControl] monitor size = 2
2025/10/20 05:01:38.143 [T:0x9caee] [DisplayControl] Exit ObtainControlHandler
2025/10/20 05:01:38.144 [T:0x9caee] [DisplayControl] Enter MCCSOtherSet::GetVCP(), vcp code = 96
2025/10/20 05:01:38.230 [T:0x9caee] [DisplayControl] Exit MCCSOtherSet::GetVCP()
2025/10/20 05:01:38.580 [T:0x9caee] [DisplayControl] Enter MCCSOtherSet::GetVCP(), vcp code = 96
2025/10/20 05:01:38.690 [T:0x9caee] [DisplayControl] Exit MCCSOtherSet::GetVCP()
2025/10/20 05:01:39.085 [T:0x9caee] [DisplayControl] Enter MCCSOtherSet::SetVCP(), vcp code = 51
2025/10/20 05:01:39.293 [T:0x9caee] [DisplayControl] Exit MCCSOtherSet::SetVCP()
2025/10/20 05:01:39.295 [T:0x9caee] [DisplayControl] Enter MCCSOtherSet::SetVCP(), vcp code = 51
2025/10/20 05:01:39.491 [T:0x9caee] [DisplayControl] Exit MCCSOtherSet::SetVCP()
2025/10/20 05:01:39.492 [T:0x9caee] [DisplayControl] Enter MCCSOtherSet::GetVCP(), vcp code = 18
2025/10/20 05:01:39.575 [T:0x9caee] [DisplayControl] Exit MCCSOtherSet::GetVCP()
2025/10/20 05:01:39.688 [T:0x9caee] [DisplayControl] Enter MCCSOtherSet::GetVCP(), vcp code = 16
2025/10/20 05:01:39.809 [T:0x9caee] [DisplayControl] Exit MCCSOtherSet::GetVCP()
2025/10/20 05:01:39.922 [T:0x9caee] [DisplayControl] Enter MCCSOtherSet::GetVCP(), vcp code = 141
2025/10/20 05:01:40.043 [T:0x9caee] [DisplayControl] Exit MCCSOtherSet::GetVCP()
2025/10/20 05:01:40.157 [T:0x9caee] [DisplayControl] Enter MCCSOtherSet::GetVCP(), vcp code = 4
2025/10/20 05:01:40.253 [T:0x9caee] [DisplayControl] Exit MCCSOtherSet::GetVCP()
2025/10/20 05:01:40.360 [T:0x9caee] [DisplayControl] Enter MCCSOtherSet::GetVCP(), vcp code = 98
2025/10/20 05:01:40.441 [T:0x9caee] [DisplayControl] Exit MCCSOtherSet::GetVCP()
2025/10/20 05:01:40.547 [T:0x9caee] [DisplayControl] Enter MCCSOtherSet::GetVCP(), vcp code = 96
2025/10/20 05:01:40.630 [T:0x9caee] [DisplayControl] Exit MCCSOtherSet::GetVCP()
2025/10/20 05:01:40.735 [T:0x9caee] [DisplayControl] Enter MCCSOtherSet::GetVCP(), vcp code = 245
2025/10/20 05:01:40.840 [T:0x9caee] [DisplayControl] Exit MCCSOtherSet::GetVCP()
2025/10/20 05:01:40.953 [T:0x9caee] [DisplayControl] Enter MCCSOtherSet::GetVCP(), vcp code = 43
2025/10/20 05:01:41.075 [T:0x9caee] [DisplayControl] Exit MCCSOtherSet::GetVCP()
2025/10/20 05:01:41.188 [T:0x9caee] [DisplayControl] Enter MCCSOtherSet::GetVCP(), vcp code = 51
2025/10/20 05:01:41.310 [T:0x9caee] [DisplayControl] Exit MCCSOtherSet::GetVCP()
2025/10/20 05:01:41.423 [T:0x9caee] [DisplayControl] Enter MCCSOtherSet::GetVCP(), vcp code = 20
2025/10/20 05:01:41.544 [T:0x9caee] [DisplayControl] Exit MCCSOtherSet::GetVCP()
2025/10/20 05:01:41.657 [T:0x9caee] [DisplayControl] Enter MCCSOtherSet::GetVCP(), vcp code = 225
2025/10/20 05:01:41.770 [T:0x9caee] [DisplayControl] Exit MCCSOtherSet::GetVCP()
2025/10/20 05:01:41.876 [T:0x9caee] [DisplayControl] Enter MCCSOtherSet::GetVCP(), vcp code = 220
2025/10/20 05:01:41.981 [T:0x9caee] [DisplayControl] Exit MCCSOtherSet::GetVCP()
2025/10/20 05:01:42.094 [T:0x9caee] [DisplayControl] Enter MCCSOtherSet::GetVCP(), vcp code = 97
2025/10/20 05:01:42.216 [T:0x9caee] [DisplayControl] Exit MCCSOtherSet::GetVCP()
2025/10/20 05:01:42.329 [T:0x9caee] [DisplayControl] Enter MCCSOtherSet::GetVCP(), vcp code = 135
2025/10/20 05:01:42.410 [T:0x9caee] [DisplayControl] Exit MCCSOtherSet::GetVCP()
2025/10/20 05:01:42.524 [T:0x9caee] [DisplayControl] Enter MCCSOtherSet::GetVCP(), vcp code = 18
2025/10/20 05:01:42.675 [T:0x9caee] [DisplayControl] Exit MCCSOtherSet::GetVCP()
2025/10/20 05:01:42.782 [T:0x9caee] [DisplayControl] Enter MCCSOtherSet::GetVCP(), vcp code = 16
2025/10/20 05:01:42.910 [T:0x9caee] [DisplayControl] Exit MCCSOtherSet::GetVCP()
2025/10/20 05:01:43.016 [T:0x9caee] [DisplayControl] Enter MCCSOtherSet::GetVCP(), vcp code = 141
2025/10/20 05:01:43.159 [T:0x9caee] [DisplayControl] Exit MCCSOtherSet::GetVCP()
2025/10/20 05:01:43.267 [T:0x9caee] [DisplayControl] Enter MCCSOtherSet::GetVCP(), vcp code = 236
2025/10/20 05:01:43.411 [T:0x9caee] [DisplayControl] Exit MCCSOtherSet::GetVCP()
2025/10/20 05:01:43.516 [T:0x9caee] [DisplayControl] Enter MCCSOtherSet::GetVCP(), vcp code = 4
2025/10/20 05:01:43.659 [T:0x9caee] [DisplayControl] Exit MCCSOtherSet::GetVCP()
2025/10/20 05:01:43.766 [T:0x9caee] [DisplayControl] Enter MCCSOtherSet::GetVCP(), vcp code = 98
2025/10/20 05:01:43.894 [T:0x9caee] [DisplayControl] Exit MCCSOtherSet::GetVCP()
2025/10/20 05:01:44.001 [T:0x9caee] [DisplayControl] Enter MCCSOtherSet::GetVCP(), vcp code = 96
2025/10/20 05:01:44.128 [T:0x9caee] [DisplayControl] Exit MCCSOtherSet::GetVCP()
2025/10/20 05:01:44.235 [T:0x9caee] [DisplayControl] Enter MCCSOtherSet::GetVCP(), vcp code = 226
2025/10/20 05:01:44.368 [T:0x9caee] [DisplayControl] Exit MCCSOtherSet::GetVCP()
2025/10/20 05:01:44.470 [T:0x9caee] [DisplayControl] Enter MCCSOtherSet::GetVCP(), vcp code = 43
2025/10/20 05:01:44.613 [T:0x9caee] [DisplayControl] Exit MCCSOtherSet::GetVCP()
2025/10/20 05:01:44.720 [T:0x9caee] [DisplayControl] Enter MCCSOtherSet::GetVCP(), vcp code = 51
2025/10/20 05:01:44.863 [T:0x9caee] [DisplayControl] Exit MCCSOtherSet::GetVCP()
2025/10/20 05:01:44.970 [T:0x9caee] [DisplayControl] Enter MCCSOtherSet::GetVCP(), vcp code = 225
2025/10/20 05:01:45.097 [T:0x9caee] [DisplayControl] Exit MCCSOtherSet::GetVCP()
2025/10/20 05:01:45.204 [T:0x9caee] [DisplayControl] Enter MCCSOtherSet::GetVCP(), vcp code = 220
2025/10/20 05:01:45.332 [T:0x9caee] [DisplayControl] Exit MCCSOtherSet::GetVCP()
2025/10/20 05:01:45.439 [T:0x9caee] [DisplayControl] Enter MCCSOtherSet::GetVCP(), vcp code = 97
2025/10/20 05:01:45.566 [T:0x9caee] [DisplayControl] Exit MCCSOtherSet::GetVCP()
2025/10/20 05:01:45.673 [T:0x9caee] [DisplayControl] Enter MCCSOtherSet::GetVCP(), vcp code = 135
2025/10/20 05:01:45.785 [T:0x9caee] [DisplayControl] Exit MCCSOtherSet::GetVCP()
2025/10/20 05:01:45.919 [T:0x9caee] [DisplayControl] Enter MCCSOtherSet::GetVCP(), vcp code = 96
2025/10/20 05:01:46.029 [T:0x9caee] [DisplayControl] Exit MCCSOtherSet::GetVCP()
2025/10/20 05:01:46.030 [T:0x9caee] [DisplayControl] Enter MCCSOtherSet::GetVCP(), vcp code = 96
2025/10/20 05:01:46.160 [T:0x9caee] [DisplayControl] Exit MCCSOtherSet::GetVCP()
2025/10/20 05:01:46.885 [T:0xe5613] [DisplayControl] Enter MCCSOtherSet::SetVCP(), vcp code = 51
2025/10/20 05:01:47.031 [T:0xe5613] [DisplayControl] Exit MCCSOtherSet::SetVCP()
2025/10/20 05:02:25.690 [T:0x40a27] [DisplayControl] Enter MCCSOtherSet::SetVCP(), vcp code = 4
2025/10/20 05:02:26.626 [T:0x40a27] [DisplayControl] Exit MCCSOtherSet::SetVCP()
2025/10/20 05:02:31.747 [T:0x40a27] [DisplayControl] Enter OperationThread::ExitThread
2025/10/20 05:02:31.747 [T:0x40a27] [DisplayControl] Exit OperationThread::ExitThread
2025/10/20 05:02:31.747 [T:0x40a27] [DisplayControl] Enter OperationThread::~OperationThread()
2025/10/20 05:02:31.747 [T:0x40a27] [DisplayControl] Enter OperationThread::ExitThread
2025/10/20 05:02:31.747 [T:0x40a27] [DisplayControl] Enter OperationThread::ExitThread
2025/10/20 05:02:31.747 [T:0x40a27] [DisplayControl] Exit OperationThread::ExitThread
2025/10/20 05:02:31.747 [T:0x40a27] [DisplayControl] Enter OperationThread::~OperationThread()
2025/10/20 05:02:31.747 [T:0x40a27] [DisplayControl] Enter OperationThread::ExitThread
2025/10/20 05:02:31.767 [T:0x40a27] [DbgStr] After calling display_control_client_listener_video_port_.UpdateAllDisplayPath()
2025/10/20 05:02:31.781 [T:0x40a27] [DbgStr] After calling display_control_client_listener_.GetAllDisplayEDID()
2025/10/20 05:02:31.782 [T:0x40a27] [DisplayControl] Version = 3.0.6.0
2025/10/20 05:02:31.783 [T:0x40a27] [DisplayControl] Enter ObtainControlHandler1
2025/10/20 05:02:31.783 [T:0x40a27] [DisplayControl] GetVideoPortCommander
2025/10/20 05:02:31.783 [T:0x40a27] [DisplayControl] GetUSBHubCommander
2025/10/20 05:02:31.783 [T:0x40a27] ====== List p_lpo_display_info_video_port, # of devices is ======2
2025/10/20 05:02:31.783 [T:0x40a27] [DisplayControl] index of p_lpo_display_info_video_port0
2025/10/20 05:02:31.783 [T:0x40a27] [DisplayControl] Model name from VideoPort = VG2458
2025/10/20 05:02:31.783 [T:0x40a27] [DisplayControl] SN from VideoPort = YDJ243400006
2025/10/20 05:02:31.783 [T:0x40a27] [DisplayControl] index of p_lpo_display_info_video_port1
2025/10/20 05:02:31.783 [T:0x40a27] [DisplayControl] Model name from VideoPort = VG275
2025/10/20 05:02:31.783 [T:0x40a27] [DisplayControl] SN from VideoPort = XF6232400003
2025/10/20 05:02:31.783 [T:0x40a27] ====== List p_lpo_display_info_rtd_scalar_rts_hub, # of devices is ======0
2025/10/20 05:02:31.783 [T:0x40a27] [DisplayControl] GetVSRtkHubControlClientListener
2025/10/20 05:02:31.783 [T:0x40a27] [DisplayControl] max monitor count = 2
2025/10/20 05:02:31.783 [T:0x40a27] [DisplayControl] index of display_info_vec = 0
2025/10/20 05:02:31.783 [T:0x40a27] [DisplayControl] index of p_lpo_display_info_video_port = 0
2025/10/20 05:02:31.783 [T:0x40a27] [DisplayControl] VideoPortMatchingRule
2025/10/20 05:02:31.783 [T:0x40a27] [DisplayControl] monitor display_info_model_name = VG2458
2025/10/20 05:02:31.783 [T:0x40a27] [DisplayControl] monitor video_port_model_name = VG2458
2025/10/20 05:02:31.783 [T:0x40a27] [DisplayControl] monitor display_info_sn = YDJ243400006
2025/10/20 05:02:31.783 [T:0x40a27] [DisplayControl] monitor video_port_sn = YDJ243400006
2025/10/20 05:02:31.783 [T:0x40a27] [DisplayControl] model_name_match = 1
2025/10/20 05:02:31.783 [T:0x40a27] [DisplayControl] sn_match = 1
2025/10/20 05:02:31.783 [T:0x40a27] [DisplayControl] video_port is_match = 1
2025/10/20 05:02:31.783 [T:0x40a27] [DisplayControl] index of display_info_vec = 1
2025/10/20 05:02:31.783 [T:0x40a27] [DisplayControl] index of p_lpo_display_info_video_port = 0
2025/10/20 05:02:31.783 [T:0x40a27] [DisplayControl] VideoPortMatchingRule
2025/10/20 05:02:31.783 [T:0x40a27] [DisplayControl] monitor display_info_model_name = VG275
2025/10/20 05:02:31.784 [T:0x40a27] [DisplayControl] monitor video_port_model_name = VG2458
2025/10/20 05:02:31.784 [T:0x40a27] [DisplayControl] monitor display_info_sn = XF6232400003
2025/10/20 05:02:31.784 [T:0x40a27] [DisplayControl] monitor video_port_sn = YDJ243400006
2025/10/20 05:02:31.784 [T:0x40a27] [DisplayControl] model_name_match = 0
2025/10/20 05:02:31.784 [T:0x40a27] [DisplayControl] sn_match = 0
2025/10/20 05:02:31.784 [T:0x40a27] [DisplayControl] video_port is_match = 0
2025/10/20 05:02:31.784 [T:0x40a27] [DisplayControl] index of display_info_vec = 1
2025/10/20 05:02:31.784 [T:0x40a27] [DisplayControl] index of p_lpo_display_info_video_port = 1
2025/10/20 05:02:31.784 [T:0x40a27] [DisplayControl] VideoPortMatchingRule
2025/10/20 05:02:31.784 [T:0x40a27] [DisplayControl] monitor display_info_model_name = VG275
2025/10/20 05:02:31.784 [T:0x40a27] [DisplayControl] monitor video_port_model_name = VG275
2025/10/20 05:02:31.784 [T:0x40a27] [DisplayControl] monitor display_info_sn = XF6232400003
2025/10/20 05:02:31.784 [T:0x40a27] [DisplayControl] monitor video_port_sn = XF6232400003
2025/10/20 05:02:31.784 [T:0x40a27] [DisplayControl] model_name_match = 1
2025/10/20 05:02:31.784 [T:0x40a27] [DisplayControl] sn_match = 1
2025/10/20 05:02:31.784 [T:0x40a27] [DisplayControl] video_port is_match = 1
2025/10/20 05:02:31.784 [T:0x40a27] [DisplayControl] i = 0
2025/10/20 05:02:31.784 [T:0x40a27] [DisplayControl] Enter OperationThread::OperationThread()
2025/10/20 05:02:31.784 [T:0x40a27] [DisplayControl] Enter OperationThread::CreateThread
2025/10/20 05:02:31.784 [T:0x40a27] [DisplayControl] new DisplayFunctioner
2025/10/20 05:02:31.784 [T:0x40a27] [DisplayControl] insert displayer_vector
2025/10/20 05:02:31.784 [T:0x40a27] [DisplayControl] insert modelName_SN_to_Display_map
2025/10/20 05:02:31.784 [T:0x40a27] [DisplayControl] insert device_id_to_Displayer_map_
2025/10/20 05:02:31.784 [T:0x40a27] [DisplayControl] i = 1
2025/10/20 05:02:31.784 [T:0x40a27] [DisplayControl] Enter OperationThread::OperationThread()
2025/10/20 05:02:31.784 [T:0x40a27] [DisplayControl] Enter OperationThread::CreateThread
2025/10/20 05:02:31.785 [T:0x40a27] [DisplayControl] new DisplayFunctioner
2025/10/20 05:02:31.785 [T:0x40a27] [DisplayControl] insert displayer_vector
2025/10/20 05:02:31.785 [T:0x40a27] [DisplayControl] insert modelName_SN_to_Display_map
2025/10/20 05:02:31.785 [T:0x40a27] [DisplayControl] insert device_id_to_Displayer_map_
2025/10/20 05:02:31.785 [T:0x40a27] [DisplayControl] monitor size = 2
2025/10/20 05:02:31.785 [T:0x40a27] [DisplayControl] Exit ObtainControlHandler
2025/10/20 05:02:31.785 [T:0x40a27] [DisplayControl] Enter MCCSOtherSet::GetVCP(), vcp code = 16
2025/10/20 05:02:31.859 [T:0x40a27] [DisplayControl] Exit MCCSOtherSet::GetVCP()
2025/10/20 05:02:31.859 [T:0x40a27] [DisplayControl] Enter MCCSOtherSet::GetVCP(), vcp code = 18
2025/10/20 05:02:31.999 [T:0x40a27] [DisplayControl] Exit MCCSOtherSet::GetVCP()
2025/10/20 05:02:32.105 [T:0x40a27] [DisplayControl] Enter MCCSOtherSet::GetVCP(), vcp code = 16
2025/10/20 05:02:32.187 [T:0x40a27] [DisplayControl] Exit MCCSOtherSet::GetVCP()
2025/10/20 05:02:32.293 [T:0x40a27] [DisplayControl] Enter MCCSOtherSet::GetVCP(), vcp code = 141
2025/10/20 05:02:32.374 [T:0x40a27] [DisplayControl] Exit MCCSOtherSet::GetVCP()
2025/10/20 05:02:32.480 [T:0x40a27] [DisplayControl] Enter MCCSOtherSet::GetVCP(), vcp code = 4
2025/10/20 05:02:32.562 [T:0x40a27] [DisplayControl] Exit MCCSOtherSet::GetVCP()
2025/10/20 05:02:32.668 [T:0x40a27] [DisplayControl] Enter MCCSOtherSet::GetVCP(), vcp code = 98
2025/10/20 05:02:32.749 [T:0x40a27] [DisplayControl] Exit MCCSOtherSet::GetVCP()
2025/10/20 05:02:32.855 [T:0x40a27] [DisplayControl] Enter MCCSOtherSet::GetVCP(), vcp code = 96
2025/10/20 05:02:32.937 [T:0x40a27] [DisplayControl] Exit MCCSOtherSet::GetVCP()
2025/10/20 05:02:33.043 [T:0x40a27] [DisplayControl] Enter MCCSOtherSet::GetVCP(), vcp code = 245
2025/10/20 05:02:33.124 [T:0x40a27] [DisplayControl] Exit MCCSOtherSet::GetVCP()
2025/10/20 05:02:33.230 [T:0x40a27] [DisplayControl] Enter MCCSOtherSet::GetVCP(), vcp code = 43
2025/10/20 05:02:33.311 [T:0x40a27] [DisplayControl] Exit MCCSOtherSet::GetVCP()
2025/10/20 05:02:33.418 [T:0x40a27] [DisplayControl] Enter MCCSOtherSet::GetVCP(), vcp code = 51
2025/10/20 05:02:33.500 [T:0x40a27] [DisplayControl] Exit MCCSOtherSet::GetVCP()
2025/10/20 05:02:33.605 [T:0x40a27] [DisplayControl] Enter MCCSOtherSet::GetVCP(), vcp code = 20
2025/10/20 05:02:33.687 [T:0x40a27] [DisplayControl] Exit MCCSOtherSet::GetVCP()
2025/10/20 05:02:33.793 [T:0x40a27] [DisplayControl] Enter MCCSOtherSet::GetVCP(), vcp code = 225
2025/10/20 05:02:33.874 [T:0x40a27] [DisplayControl] Exit MCCSOtherSet::GetVCP()
2025/10/20 05:02:33.980 [T:0x40a27] [DisplayControl] Enter MCCSOtherSet::GetVCP(), vcp code = 220
2025/10/20 05:02:34.062 [T:0x40a27] [DisplayControl] Exit MCCSOtherSet::GetVCP()
2025/10/20 05:02:34.101 [T:0x9caee] [DisplayControl] Enter MCCSOtherSet::GetVCP(), vcp code = 96
2025/10/20 05:02:34.170 [T:0x40a27] [DisplayControl] Enter MCCSOtherSet::GetVCP(), vcp code = 97
2025/10/20 05:02:34.229 [T:0x9caee] [DisplayControl] Exit MCCSOtherSet::GetVCP()
2025/10/20 05:02:34.402 [T:0x40a27] [DisplayControl] Exit MCCSOtherSet::GetVCP()
2025/10/20 05:02:34.504 [T:0x40a27] [DisplayControl] Enter MCCSOtherSet::GetVCP(), vcp code = 135
2025/10/20 05:02:34.720 [T:0x40a27] [DisplayControl] Exit MCCSOtherSet::GetVCP()
2025/10/20 05:02:34.824 [T:0x40a27] [DisplayControl] Enter MCCSOtherSet::GetVCP(), vcp code = 18
2025/10/20 05:02:34.924 [T:0x40a27] [DisplayControl] Exit MCCSOtherSet::GetVCP()
2025/10/20 05:02:35.026 [T:0x40a27] [DisplayControl] Enter MCCSOtherSet::GetVCP(), vcp code = 16
2025/10/20 05:02:35.111 [T:0x40a27] [DisplayControl] Exit MCCSOtherSet::GetVCP()
2025/10/20 05:02:35.213 [T:0x40a27] [DisplayControl] Enter MCCSOtherSet::GetVCP(), vcp code = 141
2025/10/20 05:02:35.299 [T:0x40a27] [DisplayControl] Exit MCCSOtherSet::GetVCP()
2025/10/20 05:02:35.401 [T:0x40a27] [DisplayControl] Enter MCCSOtherSet::GetVCP(), vcp code = 236
2025/10/20 05:02:35.486 [T:0x40a27] [DisplayControl] Exit MCCSOtherSet::GetVCP()
2025/10/20 05:02:35.588 [T:0x40a27] [DisplayControl] Enter MCCSOtherSet::GetVCP(), vcp code = 4
2025/10/20 05:02:35.674 [T:0x40a27] [DisplayControl] Exit MCCSOtherSet::GetVCP()
2025/10/20 05:02:35.776 [T:0x40a27] [DisplayControl] Enter MCCSOtherSet::GetVCP(), vcp code = 98
2025/10/20 05:02:35.861 [T:0x40a27] [DisplayControl] Exit MCCSOtherSet::GetVCP()
2025/10/20 05:02:35.964 [T:0x40a27] [DisplayControl] Enter MCCSOtherSet::GetVCP(), vcp code = 96
2025/10/20 05:02:36.049 [T:0x40a27] [DisplayControl] Exit MCCSOtherSet::GetVCP()
2025/10/20 05:02:36.151 [T:0x40a27] [DisplayControl] Enter MCCSOtherSet::GetVCP(), vcp code = 226
2025/10/20 05:02:36.236 [T:0x40a27] [DisplayControl] Exit MCCSOtherSet::GetVCP()
2025/10/20 05:02:36.338 [T:0x40a27] [DisplayControl] Enter MCCSOtherSet::GetVCP(), vcp code = 43
2025/10/20 05:02:36.424 [T:0x40a27] [DisplayControl] Exit MCCSOtherSet::GetVCP()
2025/10/20 05:02:36.526 [T:0x40a27] [DisplayControl] Enter MCCSOtherSet::GetVCP(), vcp code = 51
2025/10/20 05:02:36.611 [T:0x40a27] [DisplayControl] Exit MCCSOtherSet::GetVCP()
2025/10/20 05:02:36.713 [T:0x40a27] [DisplayControl] Enter MCCSOtherSet::GetVCP(), vcp code = 225
2025/10/20 05:02:36.799 [T:0x40a27] [DisplayControl] Exit MCCSOtherSet::GetVCP()
2025/10/20 05:02:36.901 [T:0x40a27] [DisplayControl] Enter MCCSOtherSet::GetVCP(), vcp code = 220
2025/10/20 05:02:36.986 [T:0x40a27] [DisplayControl] Exit MCCSOtherSet::GetVCP()
2025/10/20 05:02:37.088 [T:0x40a27] [DisplayControl] Enter MCCSOtherSet::GetVCP(), vcp code = 97
2025/10/20 05:02:37.174 [T:0x40a27] [DisplayControl] Exit MCCSOtherSet::GetVCP()
2025/10/20 05:02:37.276 [T:0x40a27] [DisplayControl] Enter MCCSOtherSet::GetVCP(), vcp code = 135
2025/10/20 05:02:37.361 [T:0x40a27] [DisplayControl] Exit MCCSOtherSet::GetVCP()
2025/10/20 05:03:58.190 [T:0x9caee] [DisplayControl] Enter MCCSOtherSet::GetVCP(), vcp code = 96
2025/10/20 05:03:58.286 [T:0x9caee] [DisplayControl] Exit MCCSOtherSet::GetVCP()
2025/10/20 05:03:58.483 [T:0xd638f] [DisplayControl] Enter MCCSOtherSet::GetVCP(), vcp code = 18
2025/10/20 05:03:58.613 [T:0xd638f] [DisplayControl] Exit MCCSOtherSet::GetVCP()
2025/10/20 05:03:58.724 [T:0xd638f] [DisplayControl] Enter MCCSOtherSet::GetVCP(), vcp code = 16
2025/10/20 05:03:58.810 [T:0xd638f] [DisplayControl] Exit MCCSOtherSet::GetVCP()
2025/10/20 05:03:58.912 [T:0xd638f] [DisplayControl] Enter MCCSOtherSet::GetVCP(), vcp code = 141
2025/10/20 05:03:58.998 [T:0xd638f] [DisplayControl] Exit MCCSOtherSet::GetVCP()
2025/10/20 05:03:59.100 [T:0xd638f] [DisplayControl] Enter MCCSOtherSet::GetVCP(), vcp code = 236
2025/10/20 05:03:59.186 [T:0xd638f] [DisplayControl] Exit MCCSOtherSet::GetVCP()
2025/10/20 05:03:59.287 [T:0xd638f] [DisplayControl] Enter MCCSOtherSet::GetVCP(), vcp code = 4
2025/10/20 05:03:59.373 [T:0xd638f] [DisplayControl] Exit MCCSOtherSet::GetVCP()
2025/10/20 05:03:59.474 [T:0xd638f] [DisplayControl] Enter MCCSOtherSet::GetVCP(), vcp code = 98
2025/10/20 05:03:59.560 [T:0xd638f] [DisplayControl] Exit MCCSOtherSet::GetVCP()
2025/10/20 05:03:59.662 [T:0xd638f] [DisplayControl] Enter MCCSOtherSet::GetVCP(), vcp code = 96
2025/10/20 05:03:59.747 [T:0xd638f] [DisplayControl] Exit MCCSOtherSet::GetVCP()
2025/10/20 05:03:59.849 [T:0xd638f] [DisplayControl] Enter MCCSOtherSet::GetVCP(), vcp code = 226
2025/10/20 05:03:59.935 [T:0xd638f] [DisplayControl] Exit MCCSOtherSet::GetVCP()
2025/10/20 05:04:00.037 [T:0xd638f] [DisplayControl] Enter MCCSOtherSet::GetVCP(), vcp code = 43
2025/10/20 05:04:00.123 [T:0xd638f] [DisplayControl] Exit MCCSOtherSet::GetVCP()
2025/10/20 05:04:00.225 [T:0xd638f] [DisplayControl] Enter MCCSOtherSet::GetVCP(), vcp code = 51
2025/10/20 05:04:00.310 [T:0xd638f] [DisplayControl] Exit MCCSOtherSet::GetVCP()
2025/10/20 05:04:00.412 [T:0xd638f] [DisplayControl] Enter MCCSOtherSet::GetVCP(), vcp code = 225
2025/10/20 05:04:00.497 [T:0xd638f] [DisplayControl] Exit MCCSOtherSet::GetVCP()
2025/10/20 05:04:00.600 [T:0xd638f] [DisplayControl] Enter MCCSOtherSet::GetVCP(), vcp code = 220
2025/10/20 05:04:00.685 [T:0xd638f] [DisplayControl] Exit MCCSOtherSet::GetVCP()
2025/10/20 05:04:00.787 [T:0xd638f] [DisplayControl] Enter MCCSOtherSet::GetVCP(), vcp code = 97
2025/10/20 05:04:00.872 [T:0xd638f] [DisplayControl] Exit MCCSOtherSet::GetVCP()
2025/10/20 05:04:00.975 [T:0xd638f] [DisplayControl] Enter MCCSOtherSet::GetVCP(), vcp code = 135
2025/10/20 05:04:01.060 [T:0xd638f] [DisplayControl] Exit MCCSOtherSet::GetVCP()
2025/10/20 05:04:13.947 [T:0xd638f] [DisplayControl] Enter MCCSOtherSet::SetVCP(), vcp code = 4
2025/10/20 05:04:14.888 [T:0xd638f] [DisplayControl] Exit MCCSOtherSet::SetVCP()
2025/10/20 05:04:20.006 [T:0xd638f] [DisplayControl] Enter OperationThread::ExitThread
2025/10/20 05:04:20.006 [T:0xd638f] [DisplayControl] Exit OperationThread::ExitThread
2025/10/20 05:04:20.006 [T:0xd638f] [DisplayControl] Enter OperationThread::~OperationThread()
2025/10/20 05:04:20.006 [T:0xd638f] [DisplayControl] Enter OperationThread::ExitThread
2025/10/20 05:04:20.006 [T:0xd638f] [DisplayControl] Enter OperationThread::ExitThread
2025/10/20 05:04:20.006 [T:0xd638f] [DisplayControl] Exit OperationThread::ExitThread
2025/10/20 05:04:20.006 [T:0xd638f] [DisplayControl] Enter OperationThread::~OperationThread()
2025/10/20 05:04:20.006 [T:0xd638f] [DisplayControl] Enter OperationThread::ExitThread
2025/10/20 05:04:20.027 [T:0xd638f] [DbgStr] After calling display_control_client_listener_video_port_.UpdateAllDisplayPath()
2025/10/20 05:04:20.040 [T:0xd638f] [DbgStr] After calling display_control_client_listener_.GetAllDisplayEDID()
2025/10/20 05:04:20.042 [T:0xd638f] [DisplayControl] Version = 3.0.6.0
2025/10/20 05:04:20.042 [T:0xd638f] [DisplayControl] Enter ObtainControlHandler1
2025/10/20 05:04:20.042 [T:0xd638f] [DisplayControl] GetVideoPortCommander
2025/10/20 05:04:20.042 [T:0xd638f] [DisplayControl] GetUSBHubCommander
2025/10/20 05:04:20.042 [T:0xd638f] ====== List p_lpo_display_info_video_port, # of devices is ======2
2025/10/20 05:04:20.042 [T:0xd638f] [DisplayControl] index of p_lpo_display_info_video_port0
2025/10/20 05:04:20.042 [T:0xd638f] [DisplayControl] Model name from VideoPort = VG2458
2025/10/20 05:04:20.042 [T:0xd638f] [DisplayControl] SN from VideoPort = YDJ243400006
2025/10/20 05:04:20.042 [T:0xd638f] [DisplayControl] index of p_lpo_display_info_video_port1
2025/10/20 05:04:20.042 [T:0xd638f] [DisplayControl] Model name from VideoPort = VG275
2025/10/20 05:04:20.042 [T:0xd638f] [DisplayControl] SN from VideoPort = XF6232400003
2025/10/20 05:04:20.042 [T:0xd638f] ====== List p_lpo_display_info_rtd_scalar_rts_hub, # of devices is ======0
2025/10/20 05:04:20.042 [T:0xd638f] [DisplayControl] GetVSRtkHubControlClientListener
2025/10/20 05:04:20.042 [T:0xd638f] [DisplayControl] max monitor count = 2
2025/10/20 05:04:20.042 [T:0xd638f] [DisplayControl] index of display_info_vec = 0
2025/10/20 05:04:20.042 [T:0xd638f] [DisplayControl] index of p_lpo_display_info_video_port = 0
2025/10/20 05:04:20.042 [T:0xd638f] [DisplayControl] VideoPortMatchingRule
2025/10/20 05:04:20.042 [T:0xd638f] [DisplayControl] monitor display_info_model_name = VG2458
2025/10/20 05:04:20.042 [T:0xd638f] [DisplayControl] monitor video_port_model_name = VG2458
2025/10/20 05:04:20.042 [T:0xd638f] [DisplayControl] monitor display_info_sn = YDJ243400006
2025/10/20 05:04:20.043 [T:0xd638f] [DisplayControl] monitor video_port_sn = YDJ243400006
2025/10/20 05:04:20.043 [T:0xd638f] [DisplayControl] model_name_match = 1
2025/10/20 05:04:20.043 [T:0xd638f] [DisplayControl] sn_match = 1
2025/10/20 05:04:20.043 [T:0xd638f] [DisplayControl] video_port is_match = 1
2025/10/20 05:04:20.043 [T:0xd638f] [DisplayControl] index of display_info_vec = 1
2025/10/20 05:04:20.043 [T:0xd638f] [DisplayControl] index of p_lpo_display_info_video_port = 0
2025/10/20 05:04:20.043 [T:0xd638f] [DisplayControl] VideoPortMatchingRule
2025/10/20 05:04:20.043 [T:0xd638f] [DisplayControl] monitor display_info_model_name = VG275
2025/10/20 05:04:20.043 [T:0xd638f] [DisplayControl] monitor video_port_model_name = VG2458
2025/10/20 05:04:20.043 [T:0xd638f] [DisplayControl] monitor display_info_sn = XF6232400003
2025/10/20 05:04:20.043 [T:0xd638f] [DisplayControl] monitor video_port_sn = YDJ243400006
2025/10/20 05:04:20.043 [T:0xd638f] [DisplayControl] model_name_match = 0
2025/10/20 05:04:20.043 [T:0xd638f] [DisplayControl] sn_match = 0
2025/10/20 05:04:20.043 [T:0xd638f] [DisplayControl] video_port is_match = 0
2025/10/20 05:04:20.043 [T:0xd638f] [DisplayControl] index of display_info_vec = 1
2025/10/20 05:04:20.043 [T:0xd638f] [DisplayControl] index of p_lpo_display_info_video_port = 1
2025/10/20 05:04:20.043 [T:0xd638f] [DisplayControl] VideoPortMatchingRule
2025/10/20 05:04:20.043 [T:0xd638f] [DisplayControl] monitor display_info_model_name = VG275
2025/10/20 05:04:20.043 [T:0xd638f] [DisplayControl] monitor video_port_model_name = VG275
2025/10/20 05:04:20.043 [T:0xd638f] [DisplayControl] monitor display_info_sn = XF6232400003
2025/10/20 05:04:20.043 [T:0xd638f] [DisplayControl] monitor video_port_sn = XF6232400003
2025/10/20 05:04:20.043 [T:0xd638f] [DisplayControl] model_name_match = 1
2025/10/20 05:04:20.043 [T:0xd638f] [DisplayControl] sn_match = 1
2025/10/20 05:04:20.043 [T:0xd638f] [DisplayControl] video_port is_match = 1
2025/10/20 05:04:20.043 [T:0xd638f] [DisplayControl] i = 0
2025/10/20 05:04:20.043 [T:0xd638f] [DisplayControl] Enter OperationThread::OperationThread()
2025/10/20 05:04:20.043 [T:0xd638f] [DisplayControl] Enter OperationThread::CreateThread
2025/10/20 05:04:20.044 [T:0xd638f] [DisplayControl] new DisplayFunctioner
2025/10/20 05:04:20.044 [T:0xd638f] [DisplayControl] insert displayer_vector
2025/10/20 05:04:20.044 [T:0xd638f] [DisplayControl] insert modelName_SN_to_Display_map
2025/10/20 05:04:20.044 [T:0xd638f] [DisplayControl] insert device_id_to_Displayer_map_
2025/10/20 05:04:20.044 [T:0xd638f] [DisplayControl] i = 1
2025/10/20 05:04:20.044 [T:0xd638f] [DisplayControl] Enter OperationThread::OperationThread()
2025/10/20 05:04:20.044 [T:0xd638f] [DisplayControl] Enter OperationThread::CreateThread
2025/10/20 05:04:20.044 [T:0xd638f] [DisplayControl] new DisplayFunctioner
2025/10/20 05:04:20.044 [T:0xd638f] [DisplayControl] insert displayer_vector
2025/10/20 05:04:20.044 [T:0xd638f] [DisplayControl] insert modelName_SN_to_Display_map
2025/10/20 05:04:20.044 [T:0xd638f] [DisplayControl] insert device_id_to_Displayer_map_
2025/10/20 05:04:20.044 [T:0xd638f] [DisplayControl] monitor size = 2
2025/10/20 05:04:20.044 [T:0xd638f] [DisplayControl] Exit ObtainControlHandler
2025/10/20 05:04:20.044 [T:0xd638f] [DisplayControl] Enter MCCSOtherSet::GetVCP(), vcp code = 16
2025/10/20 05:04:20.122 [T:0xd638f] [DisplayControl] Exit MCCSOtherSet::GetVCP()
2025/10/20 05:04:20.123 [T:0xd638f] [DisplayControl] Enter MCCSOtherSet::GetVCP(), vcp code = 18
2025/10/20 05:04:20.197 [T:0xd638f] [DisplayControl] Exit MCCSOtherSet::GetVCP()
2025/10/20 05:04:20.302 [T:0xd638f] [DisplayControl] Enter MCCSOtherSet::GetVCP(), vcp code = 16
2025/10/20 05:04:20.384 [T:0xd638f] [DisplayControl] Exit MCCSOtherSet::GetVCP()
2025/10/20 05:04:20.490 [T:0xd638f] [DisplayControl] Enter MCCSOtherSet::GetVCP(), vcp code = 141
2025/10/20 05:04:20.571 [T:0xd638f] [DisplayControl] Exit MCCSOtherSet::GetVCP()
2025/10/20 05:04:20.677 [T:0xd638f] [DisplayControl] Enter MCCSOtherSet::GetVCP(), vcp code = 4
2025/10/20 05:04:20.759 [T:0xd638f] [DisplayControl] Exit MCCSOtherSet::GetVCP()
2025/10/20 05:04:20.865 [T:0xd638f] [DisplayControl] Enter MCCSOtherSet::GetVCP(), vcp code = 98
2025/10/20 05:04:20.946 [T:0xd638f] [DisplayControl] Exit MCCSOtherSet::GetVCP()
2025/10/20 05:04:21.052 [T:0xd638f] [DisplayControl] Enter MCCSOtherSet::GetVCP(), vcp code = 96
2025/10/20 05:04:21.134 [T:0xd638f] [DisplayControl] Exit MCCSOtherSet::GetVCP()
2025/10/20 05:04:21.240 [T:0xd638f] [DisplayControl] Enter MCCSOtherSet::GetVCP(), vcp code = 245
2025/10/20 05:04:21.321 [T:0xd638f] [DisplayControl] Exit MCCSOtherSet::GetVCP()
2025/10/20 05:04:21.427 [T:0xd638f] [DisplayControl] Enter MCCSOtherSet::GetVCP(), vcp code = 43
2025/10/20 05:04:21.508 [T:0xd638f] [DisplayControl] Exit MCCSOtherSet::GetVCP()
2025/10/20 05:04:21.614 [T:0xd638f] [DisplayControl] Enter MCCSOtherSet::GetVCP(), vcp code = 51
2025/10/20 05:04:21.696 [T:0xd638f] [DisplayControl] Exit MCCSOtherSet::GetVCP()
2025/10/20 05:04:21.802 [T:0xd638f] [DisplayControl] Enter MCCSOtherSet::GetVCP(), vcp code = 20
2025/10/20 05:04:21.883 [T:0xd638f] [DisplayControl] Exit MCCSOtherSet::GetVCP()
2025/10/20 05:04:21.989 [T:0xd638f] [DisplayControl] Enter MCCSOtherSet::GetVCP(), vcp code = 225
2025/10/20 05:04:22.071 [T:0xd638f] [DisplayControl] Exit MCCSOtherSet::GetVCP()
2025/10/20 05:04:22.177 [T:0xd638f] [DisplayControl] Enter MCCSOtherSet::GetVCP(), vcp code = 220
2025/10/20 05:04:22.259 [T:0xd638f] [DisplayControl] Exit MCCSOtherSet::GetVCP()
2025/10/20 05:04:22.364 [T:0xd638f] [DisplayControl] Enter MCCSOtherSet::GetVCP(), vcp code = 97
2025/10/20 05:04:22.447 [T:0xd638f] [DisplayControl] Exit MCCSOtherSet::GetVCP()
2025/10/20 05:04:22.552 [T:0xd638f] [DisplayControl] Enter MCCSOtherSet::GetVCP(), vcp code = 135
2025/10/20 05:04:22.634 [T:0xd638f] [DisplayControl] Exit MCCSOtherSet::GetVCP()
2025/10/20 05:04:22.740 [T:0xd638f] [DisplayControl] Enter MCCSOtherSet::GetVCP(), vcp code = 18
2025/10/20 05:04:22.825 [T:0xd638f] [DisplayControl] Exit MCCSOtherSet::GetVCP()
2025/10/20 05:04:22.927 [T:0xd638f] [DisplayControl] Enter MCCSOtherSet::GetVCP(), vcp code = 16
2025/10/20 05:04:23.013 [T:0xd638f] [DisplayControl] Exit MCCSOtherSet::GetVCP()
2025/10/20 05:04:23.114 [T:0xd638f] [DisplayControl] Enter MCCSOtherSet::GetVCP(), vcp code = 141
2025/10/20 05:04:23.200 [T:0xd638f] [DisplayControl] Exit MCCSOtherSet::GetVCP()
2025/10/20 05:04:23.302 [T:0xd638f] [DisplayControl] Enter MCCSOtherSet::GetVCP(), vcp code = 236
2025/10/20 05:04:23.388 [T:0xd638f] [DisplayControl] Exit MCCSOtherSet::GetVCP()
2025/10/20 05:04:23.489 [T:0xd638f] [DisplayControl] Enter MCCSOtherSet::GetVCP(), vcp code = 4
2025/10/20 05:04:23.575 [T:0xd638f] [DisplayControl] Exit MCCSOtherSet::GetVCP()
2025/10/20 05:04:23.677 [T:0xd638f] [DisplayControl] Enter MCCSOtherSet::GetVCP(), vcp code = 98
2025/10/20 05:04:23.763 [T:0xd638f] [DisplayControl] Exit MCCSOtherSet::GetVCP()
2025/10/20 05:04:23.864 [T:0xd638f] [DisplayControl] Enter MCCSOtherSet::GetVCP(), vcp code = 96
2025/10/20 05:04:23.950 [T:0xd638f] [DisplayControl] Exit MCCSOtherSet::GetVCP()
2025/10/20 05:04:24.052 [T:0xd638f] [DisplayControl] Enter MCCSOtherSet::GetVCP(), vcp code = 226
2025/10/20 05:04:24.137 [T:0xd638f] [DisplayControl] Exit MCCSOtherSet::GetVCP()
2025/10/20 05:04:24.239 [T:0xd638f] [DisplayControl] Enter MCCSOtherSet::GetVCP(), vcp code = 43
2025/10/20 05:04:24.325 [T:0xd638f] [DisplayControl] Exit MCCSOtherSet::GetVCP()
2025/10/20 05:04:24.427 [T:0xd638f] [DisplayControl] Enter MCCSOtherSet::GetVCP(), vcp code = 51
2025/10/20 05:04:24.512 [T:0xd638f] [DisplayControl] Exit MCCSOtherSet::GetVCP()
2025/10/20 05:04:24.614 [T:0xd638f] [DisplayControl] Enter MCCSOtherSet::GetVCP(), vcp code = 225
2025/10/20 05:04:24.700 [T:0xd638f] [DisplayControl] Exit MCCSOtherSet::GetVCP()
2025/10/20 05:04:24.802 [T:0xd638f] [DisplayControl] Enter MCCSOtherSet::GetVCP(), vcp code = 220
2025/10/20 05:04:24.887 [T:0xd638f] [DisplayControl] Exit MCCSOtherSet::GetVCP()
2025/10/20 05:04:24.989 [T:0xd638f] [DisplayControl] Enter MCCSOtherSet::GetVCP(), vcp code = 97
2025/10/20 05:04:25.075 [T:0xd638f] [DisplayControl] Exit MCCSOtherSet::GetVCP()
2025/10/20 05:04:25.177 [T:0xd638f] [DisplayControl] Enter MCCSOtherSet::GetVCP(), vcp code = 135
2025/10/20 05:04:25.262 [T:0xd638f] [DisplayControl] Exit MCCSOtherSet::GetVCP()
2025/10/20 05:05:46.191 [T:0x9caee] [DisplayControl] Enter MCCSOtherSet::GetVCP(), vcp code = 96
2025/10/20 05:05:46.276 [T:0x9caee] [DisplayControl] Exit MCCSOtherSet::GetVCP()
2025/10/20 05:05:46.464 [T:0x983f6] [DisplayControl] Enter MCCSOtherSet::GetVCP(), vcp code = 18
2025/10/20 05:05:46.610 [T:0x983f6] [DisplayControl] Exit MCCSOtherSet::GetVCP()
2025/10/20 05:05:46.720 [T:0x983f6] [DisplayControl] Enter MCCSOtherSet::GetVCP(), vcp code = 16
2025/10/20 05:05:46.801 [T:0x983f6] [DisplayControl] Exit MCCSOtherSet::GetVCP()
2025/10/20 05:05:46.907 [T:0x983f6] [DisplayControl] Enter MCCSOtherSet::GetVCP(), vcp code = 141
2025/10/20 05:05:46.989 [T:0x983f6] [DisplayControl] Exit MCCSOtherSet::GetVCP()
2025/10/20 05:05:47.095 [T:0x983f6] [DisplayControl] Enter MCCSOtherSet::GetVCP(), vcp code = 4
2025/10/20 05:05:47.177 [T:0x983f6] [DisplayControl] Exit MCCSOtherSet::GetVCP()
2025/10/20 05:05:47.282 [T:0x983f6] [DisplayControl] Enter MCCSOtherSet::GetVCP(), vcp code = 98
2025/10/20 05:05:47.364 [T:0x983f6] [DisplayControl] Exit MCCSOtherSet::GetVCP()
2025/10/20 05:05:47.470 [T:0x983f6] [DisplayControl] Enter MCCSOtherSet::GetVCP(), vcp code = 96
2025/10/20 05:05:47.551 [T:0x983f6] [DisplayControl] Exit MCCSOtherSet::GetVCP()
2025/10/20 05:05:47.657 [T:0x983f6] [DisplayControl] Enter MCCSOtherSet::GetVCP(), vcp code = 245
2025/10/20 05:05:47.739 [T:0x983f6] [DisplayControl] Exit MCCSOtherSet::GetVCP()
2025/10/20 05:05:47.845 [T:0x983f6] [DisplayControl] Enter MCCSOtherSet::GetVCP(), vcp code = 43
2025/10/20 05:05:47.927 [T:0x983f6] [DisplayControl] Exit MCCSOtherSet::GetVCP()
2025/10/20 05:05:48.033 [T:0x983f6] [DisplayControl] Enter MCCSOtherSet::GetVCP(), vcp code = 51
2025/10/20 05:05:48.114 [T:0x983f6] [DisplayControl] Exit MCCSOtherSet::GetVCP()
2025/10/20 05:05:48.220 [T:0x983f6] [DisplayControl] Enter MCCSOtherSet::GetVCP(), vcp code = 20
2025/10/20 05:05:48.301 [T:0x983f6] [DisplayControl] Exit MCCSOtherSet::GetVCP()
2025/10/20 05:05:48.408 [T:0x983f6] [DisplayControl] Enter MCCSOtherSet::GetVCP(), vcp code = 225
2025/10/20 05:05:48.489 [T:0x983f6] [DisplayControl] Exit MCCSOtherSet::GetVCP()
2025/10/20 05:05:48.595 [T:0x983f6] [DisplayControl] Enter MCCSOtherSet::GetVCP(), vcp code = 220
2025/10/20 05:05:48.676 [T:0x983f6] [DisplayControl] Exit MCCSOtherSet::GetVCP()
2025/10/20 05:05:48.782 [T:0x983f6] [DisplayControl] Enter MCCSOtherSet::GetVCP(), vcp code = 97
2025/10/20 05:05:48.864 [T:0x983f6] [DisplayControl] Exit MCCSOtherSet::GetVCP()
2025/10/20 05:05:48.970 [T:0x983f6] [DisplayControl] Enter MCCSOtherSet::GetVCP(), vcp code = 135
2025/10/20 05:05:49.051 [T:0x983f6] [DisplayControl] Exit MCCSOtherSet::GetVCP()
2025/10/20 05:06:02.913 [T:0x983f6] [DisplayControl] Enter MCCSOtherSet::SetVCP(), vcp code = 16
2025/10/20 05:06:03.110 [T:0x983f6] [DisplayControl] Exit MCCSOtherSet::SetVCP()
2025/10/20 05:06:46.637 [T:0xe578b] [DisplayControl] Enter MCCSOtherSet::SetVCP(), vcp code = 18
2025/10/20 05:06:46.831 [T:0xe578b] [DisplayControl] Exit MCCSOtherSet::SetVCP()
2025/10/20 05:07:27.948 [T:0x9caee] [DisplayControl] Enter MCCSOtherSet::GetVCP(), vcp code = 96
2025/10/20 05:07:28.059 [T:0x9caee] [DisplayControl] Exit MCCSOtherSet::GetVCP()
2025/10/20 05:07:28.266 [T:0x18a79] [DisplayControl] Enter MCCSOtherSet::GetVCP(), vcp code = 18
2025/10/20 05:07:28.404 [T:0x18a79] [DisplayControl] Exit MCCSOtherSet::GetVCP()
2025/10/20 05:07:28.515 [T:0x18a79] [DisplayControl] Enter MCCSOtherSet::GetVCP(), vcp code = 16
2025/10/20 05:07:28.616 [T:0x18a79] [DisplayControl] Exit MCCSOtherSet::GetVCP()
2025/10/20 05:07:28.718 [T:0x18a79] [DisplayControl] Enter MCCSOtherSet::GetVCP(), vcp code = 141
2025/10/20 05:07:28.804 [T:0x18a79] [DisplayControl] Exit MCCSOtherSet::GetVCP()
2025/10/20 05:07:28.906 [T:0x18a79] [DisplayControl] Enter MCCSOtherSet::GetVCP(), vcp code = 236
2025/10/20 05:07:28.992 [T:0x18a79] [DisplayControl] Exit MCCSOtherSet::GetVCP()
2025/10/20 05:07:29.093 [T:0x18a79] [DisplayControl] Enter MCCSOtherSet::GetVCP(), vcp code = 4
2025/10/20 05:07:29.179 [T:0x18a79] [DisplayControl] Exit MCCSOtherSet::GetVCP()
2025/10/20 05:07:29.280 [T:0x18a79] [DisplayControl] Enter MCCSOtherSet::GetVCP(), vcp code = 98
2025/10/20 05:07:29.366 [T:0x18a79] [DisplayControl] Exit MCCSOtherSet::GetVCP()
2025/10/20 05:07:29.468 [T:0x18a79] [DisplayControl] Enter MCCSOtherSet::GetVCP(), vcp code = 96
2025/10/20 05:07:29.554 [T:0x18a79] [DisplayControl] Exit MCCSOtherSet::GetVCP()
2025/10/20 05:07:29.656 [T:0x18a79] [DisplayControl] Enter MCCSOtherSet::GetVCP(), vcp code = 226
2025/10/20 05:07:29.741 [T:0x18a79] [DisplayControl] Exit MCCSOtherSet::GetVCP()
2025/10/20 05:07:29.843 [T:0x18a79] [DisplayControl] Enter MCCSOtherSet::GetVCP(), vcp code = 43
2025/10/20 05:07:29.928 [T:0x18a79] [DisplayControl] Exit MCCSOtherSet::GetVCP()
2025/10/20 05:07:30.030 [T:0x18a79] [DisplayControl] Enter MCCSOtherSet::GetVCP(), vcp code = 51
2025/10/20 05:07:30.116 [T:0x18a79] [DisplayControl] Exit MCCSOtherSet::GetVCP()
2025/10/20 05:07:30.218 [T:0x18a79] [DisplayControl] Enter MCCSOtherSet::GetVCP(), vcp code = 225
2025/10/20 05:07:30.304 [T:0x18a79] [DisplayControl] Exit MCCSOtherSet::GetVCP()
2025/10/20 05:07:30.406 [T:0x18a79] [DisplayControl] Enter MCCSOtherSet::GetVCP(), vcp code = 220
2025/10/20 05:07:30.491 [T:0x18a79] [DisplayControl] Exit MCCSOtherSet::GetVCP()
2025/10/20 05:07:30.593 [T:0x18a79] [DisplayControl] Enter MCCSOtherSet::GetVCP(), vcp code = 97
2025/10/20 05:07:30.679 [T:0x18a79] [DisplayControl] Exit MCCSOtherSet::GetVCP()
2025/10/20 05:07:30.781 [T:0x18a79] [DisplayControl] Enter MCCSOtherSet::GetVCP(), vcp code = 135
2025/10/20 05:07:30.866 [T:0x18a79] [DisplayControl] Exit MCCSOtherSet::GetVCP()
2025/10/20 05:07:44.557 [T:0x18a79] [DisplayControl] Enter MCCSOtherSet::SetVCP(), vcp code = 16
2025/10/20 05:07:44.758 [T:0x18a79] [DisplayControl] Exit MCCSOtherSet::SetVCP()
2025/10/20 05:08:28.320 [T:0x9f247] [DisplayControl] Enter MCCSOtherSet::SetVCP(), vcp code = 18
2025/10/20 05:08:28.533 [T:0x9f247] [DisplayControl] Exit MCCSOtherSet::SetVCP()
2025/10/20 05:13:57.257 [T:0x70651] [DisplayControl] Enter MCCSOtherSet::SetVCP(), vcp code = 4
2025/10/20 05:13:58.197 [T:0x70651] [DisplayControl] Exit MCCSOtherSet::SetVCP()
2025/10/20 05:14:03.316 [T:0x70651] [DisplayControl] Enter OperationThread::ExitThread
2025/10/20 05:14:03.316 [T:0x70651] [DisplayControl] Exit OperationThread::ExitThread
2025/10/20 05:14:03.316 [T:0x70651] [DisplayControl] Enter OperationThread::~OperationThread()
2025/10/20 05:14:03.316 [T:0x70651] [DisplayControl] Enter OperationThread::ExitThread
2025/10/20 05:14:03.316 [T:0x70651] [DisplayControl] Enter OperationThread::ExitThread
2025/10/20 05:14:03.316 [T:0x70651] [DisplayControl] Exit OperationThread::ExitThread
2025/10/20 05:14:03.316 [T:0x70651] [DisplayControl] Enter OperationThread::~OperationThread()
2025/10/20 05:14:03.316 [T:0x70651] [DisplayControl] Enter OperationThread::ExitThread
2025/10/20 05:14:03.338 [T:0x70651] [DbgStr] After calling display_control_client_listener_video_port_.UpdateAllDisplayPath()
2025/10/20 05:14:03.352 [T:0x70651] [DbgStr] After calling display_control_client_listener_.GetAllDisplayEDID()
2025/10/20 05:14:03.354 [T:0x70651] [DisplayControl] Version = 3.0.6.0
2025/10/20 05:14:03.354 [T:0x70651] [DisplayControl] Enter ObtainControlHandler1
2025/10/20 05:14:03.354 [T:0x70651] [DisplayControl] GetVideoPortCommander
2025/10/20 05:14:03.354 [T:0x70651] [DisplayControl] GetUSBHubCommander
2025/10/20 05:14:03.354 [T:0x70651] ====== List p_lpo_display_info_video_port, # of devices is ======2
2025/10/20 05:14:03.354 [T:0x70651] [DisplayControl] index of p_lpo_display_info_video_port0
2025/10/20 05:14:03.354 [T:0x70651] [DisplayControl] Model name from VideoPort = VG2458
2025/10/20 05:14:03.354 [T:0x70651] [DisplayControl] SN from VideoPort = YDJ243400006
2025/10/20 05:14:03.354 [T:0x70651] [DisplayControl] index of p_lpo_display_info_video_port1
2025/10/20 05:14:03.354 [T:0x70651] [DisplayControl] Model name from VideoPort = VG275
2025/10/20 05:14:03.354 [T:0x70651] [DisplayControl] SN from VideoPort = XF6232400003
2025/10/20 05:14:03.354 [T:0x70651] ====== List p_lpo_display_info_rtd_scalar_rts_hub, # of devices is ======0
2025/10/20 05:14:03.354 [T:0x70651] [DisplayControl] GetVSRtkHubControlClientListener
2025/10/20 05:14:03.354 [T:0x70651] [DisplayControl] max monitor count = 2
2025/10/20 05:14:03.354 [T:0x70651] [DisplayControl] index of display_info_vec = 0
2025/10/20 05:14:03.354 [T:0x70651] [DisplayControl] index of p_lpo_display_info_video_port = 0
2025/10/20 05:14:03.354 [T:0x70651] [DisplayControl] VideoPortMatchingRule
2025/10/20 05:14:03.354 [T:0x70651] [DisplayControl] monitor display_info_model_name = VG2458
2025/10/20 05:14:03.354 [T:0x70651] [DisplayControl] monitor video_port_model_name = VG2458
2025/10/20 05:14:03.354 [T:0x70651] [DisplayControl] monitor display_info_sn = YDJ243400006
2025/10/20 05:14:03.355 [T:0x70651] [DisplayControl] monitor video_port_sn = YDJ243400006
2025/10/20 05:14:03.355 [T:0x70651] [DisplayControl] model_name_match = 1
2025/10/20 05:14:03.355 [T:0x70651] [DisplayControl] sn_match = 1
2025/10/20 05:14:03.355 [T:0x70651] [DisplayControl] video_port is_match = 1
2025/10/20 05:14:03.355 [T:0x70651] [DisplayControl] index of display_info_vec = 1
2025/10/20 05:14:03.355 [T:0x70651] [DisplayControl] index of p_lpo_display_info_video_port = 0
2025/10/20 05:14:03.355 [T:0x70651] [DisplayControl] VideoPortMatchingRule
2025/10/20 05:14:03.355 [T:0x70651] [DisplayControl] monitor display_info_model_name = VG275
2025/10/20 05:14:03.355 [T:0x70651] [DisplayControl] monitor video_port_model_name = VG2458
2025/10/20 05:14:03.355 [T:0x70651] [DisplayControl] monitor display_info_sn = XF6232400003
2025/10/20 05:14:03.355 [T:0x70651] [DisplayControl] monitor video_port_sn = YDJ243400006
2025/10/20 05:14:03.355 [T:0x70651] [DisplayControl] model_name_match = 0
2025/10/20 05:14:03.355 [T:0x70651] [DisplayControl] sn_match = 0
2025/10/20 05:14:03.355 [T:0x70651] [DisplayControl] video_port is_match = 0
2025/10/20 05:14:03.355 [T:0x70651] [DisplayControl] index of display_info_vec = 1
2025/10/20 05:14:03.355 [T:0x70651] [DisplayControl] index of p_lpo_display_info_video_port = 1
2025/10/20 05:14:03.355 [T:0x70651] [DisplayControl] VideoPortMatchingRule
2025/10/20 05:14:03.355 [T:0x70651] [DisplayControl] monitor display_info_model_name = VG275
2025/10/20 05:14:03.355 [T:0x70651] [DisplayControl] monitor video_port_model_name = VG275
2025/10/20 05:14:03.355 [T:0x70651] [DisplayControl] monitor display_info_sn = XF6232400003
2025/10/20 05:14:03.355 [T:0x70651] [DisplayControl] monitor video_port_sn = XF6232400003
2025/10/20 05:14:03.355 [T:0x70651] [DisplayControl] model_name_match = 1
2025/10/20 05:14:03.355 [T:0x70651] [DisplayControl] sn_match = 1
2025/10/20 05:14:03.355 [T:0x70651] [DisplayControl] video_port is_match = 1
2025/10/20 05:14:03.355 [T:0x70651] [DisplayControl] i = 0
2025/10/20 05:14:03.355 [T:0x70651] [DisplayControl] Enter OperationThread::OperationThread()
2025/10/20 05:14:03.355 [T:0x70651] [DisplayControl] Enter OperationThread::CreateThread
2025/10/20 05:14:03.356 [T:0x70651] [DisplayControl] new DisplayFunctioner
2025/10/20 05:14:03.356 [T:0x70651] [DisplayControl] insert displayer_vector
2025/10/20 05:14:03.356 [T:0x70651] [DisplayControl] insert modelName_SN_to_Display_map
2025/10/20 05:14:03.356 [T:0x70651] [DisplayControl] insert device_id_to_Displayer_map_
2025/10/20 05:14:03.356 [T:0x70651] [DisplayControl] i = 1
2025/10/20 05:14:03.356 [T:0x70651] [DisplayControl] Enter OperationThread::OperationThread()
2025/10/20 05:14:03.356 [T:0x70651] [DisplayControl] Enter OperationThread::CreateThread
2025/10/20 05:14:03.356 [T:0x70651] [DisplayControl] new DisplayFunctioner
2025/10/20 05:14:03.356 [T:0x70651] [DisplayControl] insert displayer_vector
2025/10/20 05:14:03.356 [T:0x70651] [DisplayControl] insert modelName_SN_to_Display_map
2025/10/20 05:14:03.356 [T:0x70651] [DisplayControl] insert device_id_to_Displayer_map_
2025/10/20 05:14:03.356 [T:0x70651] [DisplayControl] monitor size = 2
2025/10/20 05:14:03.356 [T:0x70651] [DisplayControl] Exit ObtainControlHandler
2025/10/20 05:14:03.356 [T:0x70651] [DisplayControl] Enter MCCSOtherSet::GetVCP(), vcp code = 16
2025/10/20 05:14:03.432 [T:0x70651] [DisplayControl] Exit MCCSOtherSet::GetVCP()
2025/10/20 05:14:03.433 [T:0x70651] [DisplayControl] Enter MCCSOtherSet::GetVCP(), vcp code = 18
2025/10/20 05:14:03.506 [T:0x70651] [DisplayControl] Exit MCCSOtherSet::GetVCP()
2025/10/20 05:14:03.507 [T:0x70651] [DisplayControl] Enter MCCSOtherSet::GetVCP(), vcp code = 18
2025/10/20 05:14:03.647 [T:0x70651] [DisplayControl] Exit MCCSOtherSet::GetVCP()
2025/10/20 05:14:03.647 [T:0x70651] [DisplayControl] Enter MCCSOtherSet::GetVCP(), vcp code = 18
2025/10/20 05:14:03.788 [T:0x70651] [DisplayControl] Exit MCCSOtherSet::GetVCP()
2025/10/20 05:14:03.788 [T:0x70651] [DisplayControl] Enter MCCSOtherSet::GetVCP(), vcp code = 18
2025/10/20 05:14:03.928 [T:0x70651] [DisplayControl] Exit MCCSOtherSet::GetVCP()
2025/10/20 05:14:03.928 [T:0x70651] [DisplayControl] Enter MCCSOtherSet::GetVCP(), vcp code = 18
2025/10/20 05:14:04.069 [T:0x70651] [DisplayControl] Exit MCCSOtherSet::GetVCP()
2025/10/20 05:14:04.072 [T:0x70651] [DisplayControl] Enter MCCSOtherSet::GetVCP(), vcp code = 18
2025/10/20 05:14:04.209 [T:0x70651] [DisplayControl] Exit MCCSOtherSet::GetVCP()
2025/10/20 05:14:04.210 [T:0x70651] [DisplayControl] Enter MCCSOtherSet::GetVCP(), vcp code = 18
2025/10/20 05:14:04.350 [T:0x70651] [DisplayControl] Exit MCCSOtherSet::GetVCP()
2025/10/20 05:14:04.350 [T:0x70651] [DisplayControl] Enter MCCSOtherSet::GetVCP(), vcp code = 18
2025/10/20 05:14:04.491 [T:0x70651] [DisplayControl] Exit MCCSOtherSet::GetVCP()
2025/10/20 05:14:04.491 [T:0x70651] [DisplayControl] Enter MCCSOtherSet::GetVCP(), vcp code = 18
2025/10/20 05:14:04.631 [T:0x70651] [DisplayControl] Exit MCCSOtherSet::GetVCP()
2025/10/20 05:14:04.631 [T:0x70651] [DisplayControl] Enter MCCSOtherSet::GetVCP(), vcp code = 18
2025/10/20 05:14:04.772 [T:0x70651] [DisplayControl] Exit MCCSOtherSet::GetVCP()
2025/10/20 05:14:04.772 [T:0x70651] [DisplayControl] Enter MCCSOtherSet::GetVCP(), vcp code = 18
2025/10/20 05:14:04.913 [T:0x70651] [DisplayControl] Exit MCCSOtherSet::GetVCP()
2025/10/20 05:14:04.913 [T:0x70651] [DisplayControl] Enter MCCSOtherSet::GetVCP(), vcp code = 18
2025/10/20 05:14:05.053 [T:0x70651] [DisplayControl] Exit MCCSOtherSet::GetVCP()
2025/10/20 05:14:05.054 [T:0x70651] [DisplayControl] Enter MCCSOtherSet::GetVCP(), vcp code = 18
2025/10/20 05:14:05.194 [T:0x70651] [DisplayControl] Exit MCCSOtherSet::GetVCP()
2025/10/20 05:14:05.194 [T:0x70651] [DisplayControl] Enter MCCSOtherSet::GetVCP(), vcp code = 18
2025/10/20 05:14:05.334 [T:0x70651] [DisplayControl] Exit MCCSOtherSet::GetVCP()
2025/10/20 05:14:05.335 [T:0x70651] [DisplayControl] Enter MCCSOtherSet::GetVCP(), vcp code = 18
2025/10/20 05:14:05.476 [T:0x70651] [DisplayControl] Exit MCCSOtherSet::GetVCP()
2025/10/20 05:14:05.476 [T:0x70651] [DisplayControl] Enter MCCSOtherSet::GetVCP(), vcp code = 18
2025/10/20 05:14:05.616 [T:0x70651] [DisplayControl] Exit MCCSOtherSet::GetVCP()
2025/10/20 05:14:05.617 [T:0x70651] [DisplayControl] Enter MCCSOtherSet::GetVCP(), vcp code = 18
2025/10/20 05:14:05.757 [T:0x70651] [DisplayControl] Exit MCCSOtherSet::GetVCP()
2025/10/20 05:14:05.757 [T:0x70651] [DisplayControl] Enter MCCSOtherSet::GetVCP(), vcp code = 18
2025/10/20 05:14:05.898 [T:0x70651] [DisplayControl] Exit MCCSOtherSet::GetVCP()
2025/10/20 05:14:05.898 [T:0x70651] [DisplayControl] Enter MCCSOtherSet::GetVCP(), vcp code = 18
2025/10/20 05:14:06.038 [T:0x70651] [DisplayControl] Exit MCCSOtherSet::GetVCP()
2025/10/20 05:14:06.038 [T:0x70651] [DisplayControl] Enter MCCSOtherSet::GetVCP(), vcp code = 18
2025/10/20 05:14:06.178 [T:0x70651] [DisplayControl] Exit MCCSOtherSet::GetVCP()
2025/10/20 05:14:06.179 [T:0x70651] [DisplayControl] Enter MCCSOtherSet::GetVCP(), vcp code = 18
2025/10/20 05:14:06.319 [T:0x70651] [DisplayControl] Exit MCCSOtherSet::GetVCP()
2025/10/20 05:14:06.319 [T:0x70651] [DisplayControl] Enter MCCSOtherSet::GetVCP(), vcp code = 18
2025/10/20 05:14:06.460 [T:0x70651] [DisplayControl] Exit MCCSOtherSet::GetVCP()
2025/10/20 05:14:06.460 [T:0x70651] [DisplayControl] Enter MCCSOtherSet::GetVCP(), vcp code = 18
2025/10/20 05:14:06.600 [T:0x70651] [DisplayControl] Exit MCCSOtherSet::GetVCP()
2025/10/20 05:14:06.601 [T:0x70651] [DisplayControl] Enter MCCSOtherSet::GetVCP(), vcp code = 18
2025/10/20 05:14:06.741 [T:0x70651] [DisplayControl] Exit MCCSOtherSet::GetVCP()
2025/10/20 05:14:06.741 [T:0x70651] [DisplayControl] Enter MCCSOtherSet::GetVCP(), vcp code = 18
2025/10/20 05:14:06.882 [T:0x70651] [DisplayControl] Exit MCCSOtherSet::GetVCP()
2025/10/20 05:14:06.882 [T:0x70651] [DisplayControl] Enter MCCSOtherSet::GetVCP(), vcp code = 18
2025/10/20 05:14:07.022 [T:0x70651] [DisplayControl] Exit MCCSOtherSet::GetVCP()
2025/10/20 05:14:07.023 [T:0x70651] [DisplayControl] Enter MCCSOtherSet::GetVCP(), vcp code = 18
2025/10/20 05:14:07.163 [T:0x70651] [DisplayControl] Exit MCCSOtherSet::GetVCP()
2025/10/20 05:14:07.163 [T:0x70651] [DisplayControl] Enter MCCSOtherSet::GetVCP(), vcp code = 18
2025/10/20 05:14:07.304 [T:0x70651] [DisplayControl] Exit MCCSOtherSet::GetVCP()
2025/10/20 05:14:07.304 [T:0x70651] [DisplayControl] Enter MCCSOtherSet::GetVCP(), vcp code = 18
2025/10/20 05:14:07.444 [T:0x70651] [DisplayControl] Exit MCCSOtherSet::GetVCP()
2025/10/20 05:14:07.444 [T:0x70651] [DisplayControl] Enter MCCSOtherSet::GetVCP(), vcp code = 18
2025/10/20 05:14:07.585 [T:0x70651] [DisplayControl] Exit MCCSOtherSet::GetVCP()
2025/10/20 05:14:07.585 [T:0x70651] [DisplayControl] Enter MCCSOtherSet::GetVCP(), vcp code = 18
2025/10/20 05:14:07.725 [T:0x70651] [DisplayControl] Exit MCCSOtherSet::GetVCP()
2025/10/20 05:14:07.726 [T:0x70651] [DisplayControl] Enter MCCSOtherSet::GetVCP(), vcp code = 18
2025/10/20 05:14:07.866 [T:0x70651] [DisplayControl] Exit MCCSOtherSet::GetVCP()
2025/10/20 05:14:07.866 [T:0x70651] [DisplayControl] Enter MCCSOtherSet::GetVCP(), vcp code = 18
2025/10/20 05:14:08.006 [T:0x70651] [DisplayControl] Exit MCCSOtherSet::GetVCP()
2025/10/20 05:14:08.007 [T:0x70651] [DisplayControl] Enter MCCSOtherSet::GetVCP(), vcp code = 18
2025/10/20 05:14:08.147 [T:0x70651] [DisplayControl] Exit MCCSOtherSet::GetVCP()
2025/10/20 05:14:08.147 [T:0x70651] [DisplayControl] Enter MCCSOtherSet::GetVCP(), vcp code = 18
2025/10/20 05:14:08.288 [T:0x70651] [DisplayControl] Exit MCCSOtherSet::GetVCP()
2025/10/20 05:14:08.288 [T:0x70651] [DisplayControl] Enter MCCSOtherSet::GetVCP(), vcp code = 18
2025/10/20 05:14:08.429 [T:0x70651] [DisplayControl] Exit MCCSOtherSet::GetVCP()
2025/10/20 05:14:08.429 [T:0x70651] [DisplayControl] Enter MCCSOtherSet::GetVCP(), vcp code = 18
2025/10/20 05:14:08.569 [T:0x70651] [DisplayControl] Exit MCCSOtherSet::GetVCP()
2025/10/20 05:14:08.675 [T:0x70651] [DisplayControl] Enter MCCSOtherSet::GetVCP(), vcp code = 16
2025/10/20 05:14:08.757 [T:0x70651] [DisplayControl] Exit MCCSOtherSet::GetVCP()
2025/10/20 05:14:08.757 [T:0x70651] [DisplayControl] Enter MCCSOtherSet::GetVCP(), vcp code = 16
2025/10/20 05:14:08.897 [T:0x70651] [DisplayControl] Exit MCCSOtherSet::GetVCP()
2025/10/20 05:14:08.897 [T:0x70651] [DisplayControl] Enter MCCSOtherSet::GetVCP(), vcp code = 16
2025/10/20 05:14:09.038 [T:0x70651] [DisplayControl] Exit MCCSOtherSet::GetVCP()
2025/10/20 05:14:09.038 [T:0x70651] [DisplayControl] Enter MCCSOtherSet::GetVCP(), vcp code = 16
2025/10/20 05:14:09.178 [T:0x70651] [DisplayControl] Exit MCCSOtherSet::GetVCP()
2025/10/20 05:14:09.179 [T:0x70651] [DisplayControl] Enter MCCSOtherSet::GetVCP(), vcp code = 16
2025/10/20 05:14:09.319 [T:0x70651] [DisplayControl] Exit MCCSOtherSet::GetVCP()
2025/10/20 05:14:09.319 [T:0x70651] [DisplayControl] Enter MCCSOtherSet::GetVCP(), vcp code = 16
2025/10/20 05:14:09.459 [T:0x70651] [DisplayControl] Exit MCCSOtherSet::GetVCP()
2025/10/20 05:14:09.460 [T:0x70651] [DisplayControl] Enter MCCSOtherSet::GetVCP(), vcp code = 16
2025/10/20 05:14:09.601 [T:0x70651] [DisplayControl] Exit MCCSOtherSet::GetVCP()
2025/10/20 05:14:09.601 [T:0x70651] [DisplayControl] Enter MCCSOtherSet::GetVCP(), vcp code = 16
2025/10/20 05:14:09.741 [T:0x70651] [DisplayControl] Exit MCCSOtherSet::GetVCP()
2025/10/20 05:14:09.742 [T:0x70651] [DisplayControl] Enter MCCSOtherSet::GetVCP(), vcp code = 16
2025/10/20 05:14:09.882 [T:0x70651] [DisplayControl] Exit MCCSOtherSet::GetVCP()
2025/10/20 05:14:09.882 [T:0x70651] [DisplayControl] Enter MCCSOtherSet::GetVCP(), vcp code = 16
2025/10/20 05:14:10.022 [T:0x70651] [DisplayControl] Exit MCCSOtherSet::GetVCP()
2025/10/20 05:14:10.023 [T:0x70651] [DisplayControl] Enter MCCSOtherSet::GetVCP(), vcp code = 16
2025/10/20 05:14:10.163 [T:0x70651] [DisplayControl] Exit MCCSOtherSet::GetVCP()
2025/10/20 05:14:10.163 [T:0x70651] [DisplayControl] Enter MCCSOtherSet::GetVCP(), vcp code = 16
2025/10/20 05:14:10.304 [T:0x70651] [DisplayControl] Exit MCCSOtherSet::GetVCP()
2025/10/20 05:14:10.304 [T:0x70651] [DisplayControl] Enter MCCSOtherSet::GetVCP(), vcp code = 16
2025/10/20 05:14:10.444 [T:0x70651] [DisplayControl] Exit MCCSOtherSet::GetVCP()
2025/10/20 05:14:10.444 [T:0x70651] [DisplayControl] Enter MCCSOtherSet::GetVCP(), vcp code = 16
2025/10/20 05:14:10.585 [T:0x70651] [DisplayControl] Exit MCCSOtherSet::GetVCP()
2025/10/20 05:14:10.585 [T:0x70651] [DisplayControl] Enter MCCSOtherSet::GetVCP(), vcp code = 16
2025/10/20 05:14:10.725 [T:0x70651] [DisplayControl] Exit MCCSOtherSet::GetVCP()
2025/10/20 05:14:10.726 [T:0x70651] [DisplayControl] Enter MCCSOtherSet::GetVCP(), vcp code = 16
2025/10/20 05:14:10.866 [T:0x70651] [DisplayControl] Exit MCCSOtherSet::GetVCP()
2025/10/20 05:14:10.867 [T:0x70651] [DisplayControl] Enter MCCSOtherSet::GetVCP(), vcp code = 16
2025/10/20 05:14:11.007 [T:0x70651] [DisplayControl] Exit MCCSOtherSet::GetVCP()
2025/10/20 05:14:11.007 [T:0x70651] [DisplayControl] Enter MCCSOtherSet::GetVCP(), vcp code = 16
2025/10/20 05:14:11.147 [T:0x70651] [DisplayControl] Exit MCCSOtherSet::GetVCP()
2025/10/20 05:14:11.148 [T:0x70651] [DisplayControl] Enter MCCSOtherSet::GetVCP(), vcp code = 16
2025/10/20 05:14:11.288 [T:0x70651] [DisplayControl] Exit MCCSOtherSet::GetVCP()
2025/10/20 05:14:11.288 [T:0x70651] [DisplayControl] Enter MCCSOtherSet::GetVCP(), vcp code = 16
2025/10/20 05:14:11.428 [T:0x70651] [DisplayControl] Exit MCCSOtherSet::GetVCP()
2025/10/20 05:14:11.429 [T:0x70651] [DisplayControl] Enter MCCSOtherSet::GetVCP(), vcp code = 16
2025/10/20 05:14:11.569 [T:0x70651] [DisplayControl] Exit MCCSOtherSet::GetVCP()
2025/10/20 05:14:11.569 [T:0x70651] [DisplayControl] Enter MCCSOtherSet::GetVCP(), vcp code = 16
2025/10/20 05:14:11.710 [T:0x70651] [DisplayControl] Exit MCCSOtherSet::GetVCP()
2025/10/20 05:14:11.710 [T:0x70651] [DisplayControl] Enter MCCSOtherSet::GetVCP(), vcp code = 16
2025/10/20 05:14:11.850 [T:0x70651] [DisplayControl] Exit MCCSOtherSet::GetVCP()
2025/10/20 05:14:11.851 [T:0x70651] [DisplayControl] Enter MCCSOtherSet::GetVCP(), vcp code = 16
2025/10/20 05:14:11.991 [T:0x70651] [DisplayControl] Exit MCCSOtherSet::GetVCP()
2025/10/20 05:14:11.991 [T:0x70651] [DisplayControl] Enter MCCSOtherSet::GetVCP(), vcp code = 16
2025/10/20 05:14:12.132 [T:0x70651] [DisplayControl] Exit MCCSOtherSet::GetVCP()
2025/10/20 05:14:12.132 [T:0x70651] [DisplayControl] Enter MCCSOtherSet::GetVCP(), vcp code = 16
2025/10/20 05:14:12.273 [T:0x70651] [DisplayControl] Exit MCCSOtherSet::GetVCP()
2025/10/20 05:14:12.273 [T:0x70651] [DisplayControl] Enter MCCSOtherSet::GetVCP(), vcp code = 16
2025/10/20 05:14:12.413 [T:0x70651] [DisplayControl] Exit MCCSOtherSet::GetVCP()
2025/10/20 05:14:12.413 [T:0x70651] [DisplayControl] Enter MCCSOtherSet::GetVCP(), vcp code = 16
2025/10/20 05:14:12.554 [T:0x70651] [DisplayControl] Exit MCCSOtherSet::GetVCP()
2025/10/20 05:14:12.554 [T:0x70651] [DisplayControl] Enter MCCSOtherSet::GetVCP(), vcp code = 16
2025/10/20 05:14:12.694 [T:0x70651] [DisplayControl] Exit MCCSOtherSet::GetVCP()
2025/10/20 05:14:12.695 [T:0x70651] [DisplayControl] Enter MCCSOtherSet::GetVCP(), vcp code = 16
2025/10/20 05:14:12.835 [T:0x70651] [DisplayControl] Exit MCCSOtherSet::GetVCP()
2025/10/20 05:14:12.835 [T:0x70651] [DisplayControl] Enter MCCSOtherSet::GetVCP(), vcp code = 16
2025/10/20 05:14:12.975 [T:0x70651] [DisplayControl] Exit MCCSOtherSet::GetVCP()
2025/10/20 05:14:12.976 [T:0x70651] [DisplayControl] Enter MCCSOtherSet::GetVCP(), vcp code = 16
2025/10/20 05:14:13.116 [T:0x70651] [DisplayControl] Exit MCCSOtherSet::GetVCP()
2025/10/20 05:14:13.116 [T:0x70651] [DisplayControl] Enter MCCSOtherSet::GetVCP(), vcp code = 16
2025/10/20 05:14:13.256 [T:0x70651] [DisplayControl] Exit MCCSOtherSet::GetVCP()
2025/10/20 05:14:13.257 [T:0x70651] [DisplayControl] Enter MCCSOtherSet::GetVCP(), vcp code = 16
2025/10/20 05:14:13.397 [T:0x70651] [DisplayControl] Exit MCCSOtherSet::GetVCP()
2025/10/20 05:14:13.397 [T:0x70651] [DisplayControl] Enter MCCSOtherSet::GetVCP(), vcp code = 16
2025/10/20 05:14:13.538 [T:0x70651] [DisplayControl] Exit MCCSOtherSet::GetVCP()
2025/10/20 05:14:13.538 [T:0x70651] [DisplayControl] Enter MCCSOtherSet::GetVCP(), vcp code = 16
2025/10/20 05:14:13.679 [T:0x70651] [DisplayControl] Exit MCCSOtherSet::GetVCP()
2025/10/20 05:14:13.784 [T:0x70651] [DisplayControl] Enter MCCSOtherSet::GetVCP(), vcp code = 141
2025/10/20 05:14:13.866 [T:0x70651] [DisplayControl] Exit MCCSOtherSet::GetVCP()
2025/10/20 05:14:13.972 [T:0x70651] [DisplayControl] Enter MCCSOtherSet::GetVCP(), vcp code = 4
2025/10/20 05:14:14.053 [T:0x70651] [DisplayControl] Exit MCCSOtherSet::GetVCP()
2025/10/20 05:14:14.159 [T:0x70651] [DisplayControl] Enter MCCSOtherSet::GetVCP(), vcp code = 98
2025/10/20 05:14:14.241 [T:0x70651] [DisplayControl] Exit MCCSOtherSet::GetVCP()
2025/10/20 05:14:14.347 [T:0x70651] [DisplayControl] Enter MCCSOtherSet::GetVCP(), vcp code = 96
2025/10/20 05:14:14.428 [T:0x70651] [DisplayControl] Exit MCCSOtherSet::GetVCP()
2025/10/20 05:14:14.534 [T:0x70651] [DisplayControl] Enter MCCSOtherSet::GetVCP(), vcp code = 245
2025/10/20 05:14:14.616 [T:0x70651] [DisplayControl] Exit MCCSOtherSet::GetVCP()
2025/10/20 05:14:14.722 [T:0x70651] [DisplayControl] Enter MCCSOtherSet::GetVCP(), vcp code = 43
2025/10/20 05:14:14.803 [T:0x70651] [DisplayControl] Exit MCCSOtherSet::GetVCP()
2025/10/20 05:14:14.909 [T:0x70651] [DisplayControl] Enter MCCSOtherSet::GetVCP(), vcp code = 51
2025/10/20 05:14:14.991 [T:0x70651] [DisplayControl] Exit MCCSOtherSet::GetVCP()
2025/10/20 05:14:15.097 [T:0x70651] [DisplayControl] Enter MCCSOtherSet::GetVCP(), vcp code = 20
2025/10/20 05:14:15.178 [T:0x70651] [DisplayControl] Exit MCCSOtherSet::GetVCP()
2025/10/20 05:14:15.284 [T:0x70651] [DisplayControl] Enter MCCSOtherSet::GetVCP(), vcp code = 225
2025/10/20 05:14:15.366 [T:0x70651] [DisplayControl] Exit MCCSOtherSet::GetVCP()
2025/10/20 05:14:15.472 [T:0x70651] [DisplayControl] Enter MCCSOtherSet::GetVCP(), vcp code = 220
2025/10/20 05:14:15.553 [T:0x70651] [DisplayControl] Exit MCCSOtherSet::GetVCP()
2025/10/20 05:14:15.659 [T:0x70651] [DisplayControl] Enter MCCSOtherSet::GetVCP(), vcp code = 97
2025/10/20 05:14:15.741 [T:0x70651] [DisplayControl] Exit MCCSOtherSet::GetVCP()
2025/10/20 05:14:15.847 [T:0x70651] [DisplayControl] Enter MCCSOtherSet::GetVCP(), vcp code = 135
2025/10/20 05:14:15.928 [T:0x70651] [DisplayControl] Exit MCCSOtherSet::GetVCP()
2025/10/20 05:14:16.034 [T:0x70651] [DisplayControl] Enter MCCSOtherSet::GetVCP(), vcp code = 18
2025/10/20 05:14:16.120 [T:0x70651] [DisplayControl] Exit MCCSOtherSet::GetVCP()
2025/10/20 05:14:16.222 [T:0x70651] [DisplayControl] Enter MCCSOtherSet::GetVCP(), vcp code = 16
2025/10/20 05:14:16.307 [T:0x70651] [DisplayControl] Exit MCCSOtherSet::GetVCP()
2025/10/20 05:14:16.409 [T:0x70651] [DisplayControl] Enter MCCSOtherSet::GetVCP(), vcp code = 141
2025/10/20 05:14:16.495 [T:0x70651] [DisplayControl] Exit MCCSOtherSet::GetVCP()
2025/10/20 05:14:16.597 [T:0x70651] [DisplayControl] Enter MCCSOtherSet::GetVCP(), vcp code = 236
2025/10/20 05:14:16.682 [T:0x70651] [DisplayControl] Exit MCCSOtherSet::GetVCP()
2025/10/20 05:14:16.784 [T:0x70651] [DisplayControl] Enter MCCSOtherSet::GetVCP(), vcp code = 4
2025/10/20 05:14:16.870 [T:0x70651] [DisplayControl] Exit MCCSOtherSet::GetVCP()
2025/10/20 05:14:16.972 [T:0x70651] [DisplayControl] Enter MCCSOtherSet::GetVCP(), vcp code = 98
2025/10/20 05:14:17.057 [T:0x70651] [DisplayControl] Exit MCCSOtherSet::GetVCP()
2025/10/20 05:14:17.159 [T:0x70651] [DisplayControl] Enter MCCSOtherSet::GetVCP(), vcp code = 96
2025/10/20 05:14:17.245 [T:0x70651] [DisplayControl] Exit MCCSOtherSet::GetVCP()
2025/10/20 05:14:17.347 [T:0x70651] [DisplayControl] Enter MCCSOtherSet::GetVCP(), vcp code = 226
2025/10/20 05:14:17.432 [T:0x70651] [DisplayControl] Exit MCCSOtherSet::GetVCP()
2025/10/20 05:14:17.534 [T:0x70651] [DisplayControl] Enter MCCSOtherSet::GetVCP(), vcp code = 43
2025/10/20 05:14:17.619 [T:0x70651] [DisplayControl] Exit MCCSOtherSet::GetVCP()
2025/10/20 05:14:17.722 [T:0x70651] [DisplayControl] Enter MCCSOtherSet::GetVCP(), vcp code = 51
2025/10/20 05:14:17.807 [T:0x70651] [DisplayControl] Exit MCCSOtherSet::GetVCP()
2025/10/20 05:14:17.909 [T:0x70651] [DisplayControl] Enter MCCSOtherSet::GetVCP(), vcp code = 225
2025/10/20 05:14:17.995 [T:0x70651] [DisplayControl] Exit MCCSOtherSet::GetVCP()
2025/10/20 05:14:18.097 [T:0x70651] [DisplayControl] Enter MCCSOtherSet::GetVCP(), vcp code = 220
2025/10/20 05:14:18.182 [T:0x70651] [DisplayControl] Exit MCCSOtherSet::GetVCP()
2025/10/20 05:14:18.284 [T:0x70651] [DisplayControl] Enter MCCSOtherSet::GetVCP(), vcp code = 97
2025/10/20 05:14:18.370 [T:0x70651] [DisplayControl] Exit MCCSOtherSet::GetVCP()
2025/10/20 05:14:18.472 [T:0x70651] [DisplayControl] Enter MCCSOtherSet::GetVCP(), vcp code = 135
2025/10/20 05:14:18.557 [T:0x70651] [DisplayControl] Exit MCCSOtherSet::GetVCP()
2025/10/20 05:15:29.491 [T:0x9caee] [DisplayControl] Enter MCCSOtherSet::GetVCP(), vcp code = 96
2025/10/20 05:15:29.594 [T:0x9caee] [DisplayControl] Exit MCCSOtherSet::GetVCP()
2025/10/20 05:15:29.813 [T:0xe15e8] [DisplayControl] Enter MCCSOtherSet::GetVCP(), vcp code = 18
2025/10/20 05:15:29.913 [T:0xe15e8] [DisplayControl] Exit MCCSOtherSet::GetVCP()
2025/10/20 05:15:29.913 [T:0xe15e8] [DisplayControl] Enter MCCSOtherSet::GetVCP(), vcp code = 18
2025/10/20 05:15:30.061 [T:0xe15e8] [DisplayControl] Exit MCCSOtherSet::GetVCP()
2025/10/20 05:15:30.062 [T:0xe15e8] [DisplayControl] Enter MCCSOtherSet::GetVCP(), vcp code = 18
2025/10/20 05:15:30.202 [T:0xe15e8] [DisplayControl] Exit MCCSOtherSet::GetVCP()
2025/10/20 05:15:30.202 [T:0xe15e8] [DisplayControl] Enter MCCSOtherSet::GetVCP(), vcp code = 18
2025/10/20 05:15:30.342 [T:0xe15e8] [DisplayControl] Exit MCCSOtherSet::GetVCP()
2025/10/20 05:15:30.343 [T:0xe15e8] [DisplayControl] Enter MCCSOtherSet::GetVCP(), vcp code = 18
2025/10/20 05:15:30.483 [T:0xe15e8] [DisplayControl] Exit MCCSOtherSet::GetVCP()
2025/10/20 05:15:30.483 [T:0xe15e8] [DisplayControl] Enter MCCSOtherSet::GetVCP(), vcp code = 18
2025/10/20 05:15:30.623 [T:0xe15e8] [DisplayControl] Exit MCCSOtherSet::GetVCP()
2025/10/20 05:15:30.624 [T:0xe15e8] [DisplayControl] Enter MCCSOtherSet::GetVCP(), vcp code = 18
2025/10/20 05:15:30.764 [T:0xe15e8] [DisplayControl] Exit MCCSOtherSet::GetVCP()
2025/10/20 05:15:30.764 [T:0xe15e8] [DisplayControl] Enter MCCSOtherSet::GetVCP(), vcp code = 18
2025/10/20 05:15:30.905 [T:0xe15e8] [DisplayControl] Exit MCCSOtherSet::GetVCP()
2025/10/20 05:15:30.905 [T:0xe15e8] [DisplayControl] Enter MCCSOtherSet::GetVCP(), vcp code = 18
2025/10/20 05:15:31.045 [T:0xe15e8] [DisplayControl] Exit MCCSOtherSet::GetVCP()
2025/10/20 05:15:31.046 [T:0xe15e8] [DisplayControl] Enter MCCSOtherSet::GetVCP(), vcp code = 18
2025/10/20 05:15:31.186 [T:0xe15e8] [DisplayControl] Exit MCCSOtherSet::GetVCP()
2025/10/20 05:15:31.186 [T:0xe15e8] [DisplayControl] Enter MCCSOtherSet::GetVCP(), vcp code = 18
2025/10/20 05:15:31.327 [T:0xe15e8] [DisplayControl] Exit MCCSOtherSet::GetVCP()
2025/10/20 05:15:31.327 [T:0xe15e8] [DisplayControl] Enter MCCSOtherSet::GetVCP(), vcp code = 18
2025/10/20 05:15:31.467 [T:0xe15e8] [DisplayControl] Exit MCCSOtherSet::GetVCP()
2025/10/20 05:15:31.468 [T:0xe15e8] [DisplayControl] Enter MCCSOtherSet::GetVCP(), vcp code = 18
2025/10/20 05:15:31.608 [T:0xe15e8] [DisplayControl] Exit MCCSOtherSet::GetVCP()
2025/10/20 05:15:31.608 [T:0xe15e8] [DisplayControl] Enter MCCSOtherSet::GetVCP(), vcp code = 18
2025/10/20 05:15:31.748 [T:0xe15e8] [DisplayControl] Exit MCCSOtherSet::GetVCP()
2025/10/20 05:15:31.749 [T:0xe15e8] [DisplayControl] Enter MCCSOtherSet::GetVCP(), vcp code = 18
2025/10/20 05:15:31.889 [T:0xe15e8] [DisplayControl] Exit MCCSOtherSet::GetVCP()
2025/10/20 05:15:31.890 [T:0xe15e8] [DisplayControl] Enter MCCSOtherSet::GetVCP(), vcp code = 18
2025/10/20 05:15:32.030 [T:0xe15e8] [DisplayControl] Exit MCCSOtherSet::GetVCP()
2025/10/20 05:15:32.030 [T:0xe15e8] [DisplayControl] Enter MCCSOtherSet::GetVCP(), vcp code = 18
2025/10/20 05:15:32.170 [T:0xe15e8] [DisplayControl] Exit MCCSOtherSet::GetVCP()
2025/10/20 05:15:32.171 [T:0xe15e8] [DisplayControl] Enter MCCSOtherSet::GetVCP(), vcp code = 18
2025/10/20 05:15:32.311 [T:0xe15e8] [DisplayControl] Exit MCCSOtherSet::GetVCP()
2025/10/20 05:15:32.311 [T:0xe15e8] [DisplayControl] Enter MCCSOtherSet::GetVCP(), vcp code = 18
2025/10/20 05:15:32.451 [T:0xe15e8] [DisplayControl] Exit MCCSOtherSet::GetVCP()
2025/10/20 05:15:32.452 [T:0xe15e8] [DisplayControl] Enter MCCSOtherSet::GetVCP(), vcp code = 18
2025/10/20 05:15:32.592 [T:0xe15e8] [DisplayControl] Exit MCCSOtherSet::GetVCP()
2025/10/20 05:15:32.592 [T:0xe15e8] [DisplayControl] Enter MCCSOtherSet::GetVCP(), vcp code = 18
2025/10/20 05:15:32.733 [T:0xe15e8] [DisplayControl] Exit MCCSOtherSet::GetVCP()
2025/10/20 05:15:32.733 [T:0xe15e8] [DisplayControl] Enter MCCSOtherSet::GetVCP(), vcp code = 18
2025/10/20 05:15:32.873 [T:0xe15e8] [DisplayControl] Exit MCCSOtherSet::GetVCP()
2025/10/20 05:15:32.874 [T:0xe15e8] [DisplayControl] Enter MCCSOtherSet::GetVCP(), vcp code = 18
2025/10/20 05:15:33.014 [T:0xe15e8] [DisplayControl] Exit MCCSOtherSet::GetVCP()
2025/10/20 05:15:33.014 [T:0xe15e8] [DisplayControl] Enter MCCSOtherSet::GetVCP(), vcp code = 18
2025/10/20 05:15:33.154 [T:0xe15e8] [DisplayControl] Exit MCCSOtherSet::GetVCP()
2025/10/20 05:15:33.154 [T:0xe15e8] [DisplayControl] Enter MCCSOtherSet::GetVCP(), vcp code = 18
2025/10/20 05:15:33.295 [T:0xe15e8] [DisplayControl] Exit MCCSOtherSet::GetVCP()
2025/10/20 05:15:33.296 [T:0xe15e8] [DisplayControl] Enter MCCSOtherSet::GetVCP(), vcp code = 18
2025/10/20 05:15:33.436 [T:0xe15e8] [DisplayControl] Exit MCCSOtherSet::GetVCP()
2025/10/20 05:15:33.436 [T:0xe15e8] [DisplayControl] Enter MCCSOtherSet::GetVCP(), vcp code = 18
2025/10/20 05:15:33.577 [T:0xe15e8] [DisplayControl] Exit MCCSOtherSet::GetVCP()
2025/10/20 05:15:33.577 [T:0xe15e8] [DisplayControl] Enter MCCSOtherSet::GetVCP(), vcp code = 18
2025/10/20 05:15:33.717 [T:0xe15e8] [DisplayControl] Exit MCCSOtherSet::GetVCP()
2025/10/20 05:15:33.717 [T:0xe15e8] [DisplayControl] Enter MCCSOtherSet::GetVCP(), vcp code = 18
2025/10/20 05:15:33.857 [T:0xe15e8] [DisplayControl] Exit MCCSOtherSet::GetVCP()
2025/10/20 05:15:33.858 [T:0xe15e8] [DisplayControl] Enter MCCSOtherSet::GetVCP(), vcp code = 18
2025/10/20 05:15:33.998 [T:0xe15e8] [DisplayControl] Exit MCCSOtherSet::GetVCP()
2025/10/20 05:15:33.999 [T:0xe15e8] [DisplayControl] Enter MCCSOtherSet::GetVCP(), vcp code = 18
2025/10/20 05:15:34.139 [T:0xe15e8] [DisplayControl] Exit MCCSOtherSet::GetVCP()
2025/10/20 05:15:34.139 [T:0xe15e8] [DisplayControl] Enter MCCSOtherSet::GetVCP(), vcp code = 18
2025/10/20 05:15:34.280 [T:0xe15e8] [DisplayControl] Exit MCCSOtherSet::GetVCP()
2025/10/20 05:15:34.280 [T:0xe15e8] [DisplayControl] Enter MCCSOtherSet::GetVCP(), vcp code = 18
2025/10/20 05:15:34.420 [T:0xe15e8] [DisplayControl] Exit MCCSOtherSet::GetVCP()
2025/10/20 05:15:34.420 [T:0xe15e8] [DisplayControl] Enter MCCSOtherSet::GetVCP(), vcp code = 18
2025/10/20 05:15:34.561 [T:0xe15e8] [DisplayControl] Exit MCCSOtherSet::GetVCP()
2025/10/20 05:15:34.561 [T:0xe15e8] [DisplayControl] Enter MCCSOtherSet::GetVCP(), vcp code = 18
2025/10/20 05:15:34.701 [T:0xe15e8] [DisplayControl] Exit MCCSOtherSet::GetVCP()
2025/10/20 05:15:34.701 [T:0xe15e8] [DisplayControl] Enter MCCSOtherSet::GetVCP(), vcp code = 18
2025/10/20 05:15:34.842 [T:0xe15e8] [DisplayControl] Exit MCCSOtherSet::GetVCP()
2025/10/20 05:15:34.948 [T:0xe15e8] [DisplayControl] Enter MCCSOtherSet::GetVCP(), vcp code = 16
2025/10/20 05:15:35.030 [T:0xe15e8] [DisplayControl] Exit MCCSOtherSet::GetVCP()
2025/10/20 05:15:35.030 [T:0xe15e8] [DisplayControl] Enter MCCSOtherSet::GetVCP(), vcp code = 16
2025/10/20 05:15:35.170 [T:0xe15e8] [DisplayControl] Exit MCCSOtherSet::GetVCP()
2025/10/20 05:15:35.170 [T:0xe15e8] [DisplayControl] Enter MCCSOtherSet::GetVCP(), vcp code = 16
2025/10/20 05:15:35.311 [T:0xe15e8] [DisplayControl] Exit MCCSOtherSet::GetVCP()
2025/10/20 05:15:35.311 [T:0xe15e8] [DisplayControl] Enter MCCSOtherSet::GetVCP(), vcp code = 16
2025/10/20 05:15:35.451 [T:0xe15e8] [DisplayControl] Exit MCCSOtherSet::GetVCP()
2025/10/20 05:15:35.452 [T:0xe15e8] [DisplayControl] Enter MCCSOtherSet::GetVCP(), vcp code = 16
2025/10/20 05:15:35.592 [T:0xe15e8] [DisplayControl] Exit MCCSOtherSet::GetVCP()
2025/10/20 05:15:35.592 [T:0xe15e8] [DisplayControl] Enter MCCSOtherSet::GetVCP(), vcp code = 16
2025/10/20 05:15:35.732 [T:0xe15e8] [DisplayControl] Exit MCCSOtherSet::GetVCP()
2025/10/20 05:15:35.733 [T:0xe15e8] [DisplayControl] Enter MCCSOtherSet::GetVCP(), vcp code = 16
2025/10/20 05:15:35.873 [T:0xe15e8] [DisplayControl] Exit MCCSOtherSet::GetVCP()
2025/10/20 05:15:35.873 [T:0xe15e8] [DisplayControl] Enter MCCSOtherSet::GetVCP(), vcp code = 16
2025/10/20 05:15:36.014 [T:0xe15e8] [DisplayControl] Exit MCCSOtherSet::GetVCP()
2025/10/20 05:15:36.014 [T:0xe15e8] [DisplayControl] Enter MCCSOtherSet::GetVCP(), vcp code = 16
2025/10/20 05:15:36.154 [T:0xe15e8] [DisplayControl] Exit MCCSOtherSet::GetVCP()
2025/10/20 05:15:36.155 [T:0xe15e8] [DisplayControl] Enter MCCSOtherSet::GetVCP(), vcp code = 16
2025/10/20 05:15:36.295 [T:0xe15e8] [DisplayControl] Exit MCCSOtherSet::GetVCP()
2025/10/20 05:15:36.295 [T:0xe15e8] [DisplayControl] Enter MCCSOtherSet::GetVCP(), vcp code = 16
2025/10/20 05:15:36.435 [T:0xe15e8] [DisplayControl] Exit MCCSOtherSet::GetVCP()
2025/10/20 05:15:36.436 [T:0xe15e8] [DisplayControl] Enter MCCSOtherSet::GetVCP(), vcp code = 16
2025/10/20 05:15:36.577 [T:0xe15e8] [DisplayControl] Exit MCCSOtherSet::GetVCP()
2025/10/20 05:15:36.577 [T:0xe15e8] [DisplayControl] Enter MCCSOtherSet::GetVCP(), vcp code = 16
2025/10/20 05:15:36.717 [T:0xe15e8] [DisplayControl] Exit MCCSOtherSet::GetVCP()
2025/10/20 05:15:36.718 [T:0xe15e8] [DisplayControl] Enter MCCSOtherSet::GetVCP(), vcp code = 16
2025/10/20 05:15:36.858 [T:0xe15e8] [DisplayControl] Exit MCCSOtherSet::GetVCP()
2025/10/20 05:15:36.858 [T:0xe15e8] [DisplayControl] Enter MCCSOtherSet::GetVCP(), vcp code = 16
2025/10/20 05:15:36.998 [T:0xe15e8] [DisplayControl] Exit MCCSOtherSet::GetVCP()
2025/10/20 05:15:36.999 [T:0xe15e8] [DisplayControl] Enter MCCSOtherSet::GetVCP(), vcp code = 16
2025/10/20 05:15:37.139 [T:0xe15e8] [DisplayControl] Exit MCCSOtherSet::GetVCP()
2025/10/20 05:15:37.139 [T:0xe15e8] [DisplayControl] Enter MCCSOtherSet::GetVCP(), vcp code = 16
2025/10/20 05:15:37.281 [T:0xe15e8] [DisplayControl] Exit MCCSOtherSet::GetVCP()
2025/10/20 05:15:37.281 [T:0xe15e8] [DisplayControl] Enter MCCSOtherSet::GetVCP(), vcp code = 16
2025/10/20 05:15:37.420 [T:0xe15e8] [DisplayControl] Exit MCCSOtherSet::GetVCP()
2025/10/20 05:15:37.420 [T:0xe15e8] [DisplayControl] Enter MCCSOtherSet::GetVCP(), vcp code = 16
2025/10/20 05:15:37.561 [T:0xe15e8] [DisplayControl] Exit MCCSOtherSet::GetVCP()
2025/10/20 05:15:37.561 [T:0xe15e8] [DisplayControl] Enter MCCSOtherSet::GetVCP(), vcp code = 16
2025/10/20 05:15:37.701 [T:0xe15e8] [DisplayControl] Exit MCCSOtherSet::GetVCP()
2025/10/20 05:15:37.702 [T:0xe15e8] [DisplayControl] Enter MCCSOtherSet::GetVCP(), vcp code = 16
2025/10/20 05:15:37.842 [T:0xe15e8] [DisplayControl] Exit MCCSOtherSet::GetVCP()
2025/10/20 05:15:37.842 [T:0xe15e8] [DisplayControl] Enter MCCSOtherSet::GetVCP(), vcp code = 16
2025/10/20 05:15:37.983 [T:0xe15e8] [DisplayControl] Exit MCCSOtherSet::GetVCP()
2025/10/20 05:15:37.983 [T:0xe15e8] [DisplayControl] Enter MCCSOtherSet::GetVCP(), vcp code = 16
2025/10/20 05:15:38.123 [T:0xe15e8] [DisplayControl] Exit MCCSOtherSet::GetVCP()
2025/10/20 05:15:38.124 [T:0xe15e8] [DisplayControl] Enter MCCSOtherSet::GetVCP(), vcp code = 16
2025/10/20 05:15:38.264 [T:0xe15e8] [DisplayControl] Exit MCCSOtherSet::GetVCP()
2025/10/20 05:15:38.264 [T:0xe15e8] [DisplayControl] Enter MCCSOtherSet::GetVCP(), vcp code = 16
2025/10/20 05:15:38.404 [T:0xe15e8] [DisplayControl] Exit MCCSOtherSet::GetVCP()
2025/10/20 05:15:38.405 [T:0xe15e8] [DisplayControl] Enter MCCSOtherSet::GetVCP(), vcp code = 16
2025/10/20 05:15:38.545 [T:0xe15e8] [DisplayControl] Exit MCCSOtherSet::GetVCP()
2025/10/20 05:15:38.545 [T:0xe15e8] [DisplayControl] Enter MCCSOtherSet::GetVCP(), vcp code = 16
2025/10/20 05:15:38.686 [T:0xe15e8] [DisplayControl] Exit MCCSOtherSet::GetVCP()
2025/10/20 05:15:38.686 [T:0xe15e8] [DisplayControl] Enter MCCSOtherSet::GetVCP(), vcp code = 16
2025/10/20 05:15:38.826 [T:0xe15e8] [DisplayControl] Exit MCCSOtherSet::GetVCP()
2025/10/20 05:15:38.826 [T:0xe15e8] [DisplayControl] Enter MCCSOtherSet::GetVCP(), vcp code = 16
2025/10/20 05:15:38.967 [T:0xe15e8] [DisplayControl] Exit MCCSOtherSet::GetVCP()
2025/10/20 05:15:38.967 [T:0xe15e8] [DisplayControl] Enter MCCSOtherSet::GetVCP(), vcp code = 16
2025/10/20 05:15:39.107 [T:0xe15e8] [DisplayControl] Exit MCCSOtherSet::GetVCP()
2025/10/20 05:15:39.108 [T:0xe15e8] [DisplayControl] Enter MCCSOtherSet::GetVCP(), vcp code = 16
2025/10/20 05:15:39.248 [T:0xe15e8] [DisplayControl] Exit MCCSOtherSet::GetVCP()
2025/10/20 05:15:39.248 [T:0xe15e8] [DisplayControl] Enter MCCSOtherSet::GetVCP(), vcp code = 16
2025/10/20 05:15:39.389 [T:0xe15e8] [DisplayControl] Exit MCCSOtherSet::GetVCP()
2025/10/20 05:15:39.389 [T:0xe15e8] [DisplayControl] Enter MCCSOtherSet::GetVCP(), vcp code = 16
2025/10/20 05:15:39.529 [T:0xe15e8] [DisplayControl] Exit MCCSOtherSet::GetVCP()
2025/10/20 05:15:39.530 [T:0xe15e8] [DisplayControl] Enter MCCSOtherSet::GetVCP(), vcp code = 16
2025/10/20 05:15:39.670 [T:0xe15e8] [DisplayControl] Exit MCCSOtherSet::GetVCP()
2025/10/20 05:15:39.670 [T:0xe15e8] [DisplayControl] Enter MCCSOtherSet::GetVCP(), vcp code = 16
2025/10/20 05:15:39.811 [T:0xe15e8] [DisplayControl] Exit MCCSOtherSet::GetVCP()
2025/10/20 05:15:39.811 [T:0xe15e8] [DisplayControl] Enter MCCSOtherSet::GetVCP(), vcp code = 16
2025/10/20 05:15:39.951 [T:0xe15e8] [DisplayControl] Exit MCCSOtherSet::GetVCP()
2025/10/20 05:15:40.057 [T:0xe15e8] [DisplayControl] Enter MCCSOtherSet::GetVCP(), vcp code = 141
2025/10/20 05:15:40.139 [T:0xe15e8] [DisplayControl] Exit MCCSOtherSet::GetVCP()
2025/10/20 05:15:40.245 [T:0xe15e8] [DisplayControl] Enter MCCSOtherSet::GetVCP(), vcp code = 4
2025/10/20 05:15:40.326 [T:0xe15e8] [DisplayControl] Exit MCCSOtherSet::GetVCP()
2025/10/20 05:15:40.432 [T:0xe15e8] [DisplayControl] Enter MCCSOtherSet::GetVCP(), vcp code = 98
2025/10/20 05:15:40.514 [T:0xe15e8] [DisplayControl] Exit MCCSOtherSet::GetVCP()
2025/10/20 05:15:40.619 [T:0xe15e8] [DisplayControl] Enter MCCSOtherSet::GetVCP(), vcp code = 96
2025/10/20 05:15:40.701 [T:0xe15e8] [DisplayControl] Exit MCCSOtherSet::GetVCP()
2025/10/20 05:15:40.807 [T:0xe15e8] [DisplayControl] Enter MCCSOtherSet::GetVCP(), vcp code = 245
2025/10/20 05:15:40.889 [T:0xe15e8] [DisplayControl] Exit MCCSOtherSet::GetVCP()
2025/10/20 05:15:40.995 [T:0xe15e8] [DisplayControl] Enter MCCSOtherSet::GetVCP(), vcp code = 43
2025/10/20 05:15:41.076 [T:0xe15e8] [DisplayControl] Exit MCCSOtherSet::GetVCP()
2025/10/20 05:15:41.182 [T:0xe15e8] [DisplayControl] Enter MCCSOtherSet::GetVCP(), vcp code = 51
2025/10/20 05:15:41.264 [T:0xe15e8] [DisplayControl] Exit MCCSOtherSet::GetVCP()
2025/10/20 05:15:41.369 [T:0xe15e8] [DisplayControl] Enter MCCSOtherSet::GetVCP(), vcp code = 20
2025/10/20 05:15:41.451 [T:0xe15e8] [DisplayControl] Exit MCCSOtherSet::GetVCP()
2025/10/20 05:15:41.557 [T:0xe15e8] [DisplayControl] Enter MCCSOtherSet::GetVCP(), vcp code = 225
2025/10/20 05:15:41.638 [T:0xe15e8] [DisplayControl] Exit MCCSOtherSet::GetVCP()
2025/10/20 05:15:41.744 [T:0xe15e8] [DisplayControl] Enter MCCSOtherSet::GetVCP(), vcp code = 220
2025/10/20 05:15:41.826 [T:0xe15e8] [DisplayControl] Exit MCCSOtherSet::GetVCP()
2025/10/20 05:15:41.932 [T:0xe15e8] [DisplayControl] Enter MCCSOtherSet::GetVCP(), vcp code = 97
2025/10/20 05:15:42.013 [T:0xe15e8] [DisplayControl] Exit MCCSOtherSet::GetVCP()
2025/10/20 05:15:42.119 [T:0xe15e8] [DisplayControl] Enter MCCSOtherSet::GetVCP(), vcp code = 135
2025/10/20 05:15:42.201 [T:0xe15e8] [DisplayControl] Exit MCCSOtherSet::GetVCP()
2025/10/20 05:15:46.254 [T:0xe15e8] [DisplayControl] Enter MCCSOtherSet::SetVCP(), vcp code = 4
2025/10/20 05:15:47.190 [T:0xe15e8] [DisplayControl] Exit MCCSOtherSet::SetVCP()
2025/10/20 05:15:52.309 [T:0xe15e8] [DisplayControl] Enter OperationThread::ExitThread
2025/10/20 05:15:52.309 [T:0xe15e8] [DisplayControl] Exit OperationThread::ExitThread
2025/10/20 05:15:52.309 [T:0xe15e8] [DisplayControl] Enter OperationThread::~OperationThread()
2025/10/20 05:15:52.309 [T:0xe15e8] [DisplayControl] Enter OperationThread::ExitThread
2025/10/20 05:15:52.309 [T:0xe15e8] [DisplayControl] Enter OperationThread::ExitThread
2025/10/20 05:15:52.309 [T:0xe15e8] [DisplayControl] Exit OperationThread::ExitThread
2025/10/20 05:15:52.309 [T:0xe15e8] [DisplayControl] Enter OperationThread::~OperationThread()
2025/10/20 05:15:52.309 [T:0xe15e8] [DisplayControl] Enter OperationThread::ExitThread
2025/10/20 05:15:52.330 [T:0xe15e8] [DbgStr] After calling display_control_client_listener_video_port_.UpdateAllDisplayPath()
2025/10/20 05:15:52.343 [T:0xe15e8] [DbgStr] After calling display_control_client_listener_.GetAllDisplayEDID()
2025/10/20 05:15:52.344 [T:0xe15e8] [DisplayControl] Version = 3.0.6.0
2025/10/20 05:15:52.344 [T:0xe15e8] [DisplayControl] Enter ObtainControlHandler1
2025/10/20 05:15:52.344 [T:0xe15e8] [DisplayControl] GetVideoPortCommander
2025/10/20 05:15:52.345 [T:0xe15e8] [DisplayControl] GetUSBHubCommander
2025/10/20 05:15:52.345 [T:0xe15e8] ====== List p_lpo_display_info_video_port, # of devices is ======2
2025/10/20 05:15:52.345 [T:0xe15e8] [DisplayControl] index of p_lpo_display_info_video_port0
2025/10/20 05:15:52.345 [T:0xe15e8] [DisplayControl] Model name from VideoPort = VG2458
2025/10/20 05:15:52.345 [T:0xe15e8] [DisplayControl] SN from VideoPort = YDJ243400006
2025/10/20 05:15:52.345 [T:0xe15e8] [DisplayControl] index of p_lpo_display_info_video_port1
2025/10/20 05:15:52.345 [T:0xe15e8] [DisplayControl] Model name from VideoPort = VG275
2025/10/20 05:15:52.345 [T:0xe15e8] [DisplayControl] SN from VideoPort = XF6232400003
2025/10/20 05:15:52.345 [T:0xe15e8] ====== List p_lpo_display_info_rtd_scalar_rts_hub, # of devices is ======0
2025/10/20 05:15:52.345 [T:0xe15e8] [DisplayControl] GetVSRtkHubControlClientListener
2025/10/20 05:15:52.345 [T:0xe15e8] [DisplayControl] max monitor count = 2
2025/10/20 05:15:52.345 [T:0xe15e8] [DisplayControl] index of display_info_vec = 0
2025/10/20 05:15:52.345 [T:0xe15e8] [DisplayControl] index of p_lpo_display_info_video_port = 0
2025/10/20 05:15:52.345 [T:0xe15e8] [DisplayControl] VideoPortMatchingRule
2025/10/20 05:15:52.345 [T:0xe15e8] [DisplayControl] monitor display_info_model_name = VG2458
2025/10/20 05:15:52.345 [T:0xe15e8] [DisplayControl] monitor video_port_model_name = VG2458
2025/10/20 05:15:52.345 [T:0xe15e8] [DisplayControl] monitor display_info_sn = YDJ243400006
2025/10/20 05:15:52.345 [T:0xe15e8] [DisplayControl] monitor video_port_sn = YDJ243400006
2025/10/20 05:15:52.345 [T:0xe15e8] [DisplayControl] model_name_match = 1
2025/10/20 05:15:52.345 [T:0xe15e8] [DisplayControl] sn_match = 1
2025/10/20 05:15:52.345 [T:0xe15e8] [DisplayControl] video_port is_match = 1
2025/10/20 05:15:52.345 [T:0xe15e8] [DisplayControl] index of display_info_vec = 1
2025/10/20 05:15:52.345 [T:0xe15e8] [DisplayControl] index of p_lpo_display_info_video_port = 0
2025/10/20 05:15:52.345 [T:0xe15e8] [DisplayControl] VideoPortMatchingRule
2025/10/20 05:15:52.345 [T:0xe15e8] [DisplayControl] monitor display_info_model_name = VG275
2025/10/20 05:15:52.345 [T:0xe15e8] [DisplayControl] monitor video_port_model_name = VG2458
2025/10/20 05:15:52.345 [T:0xe15e8] [DisplayControl] monitor display_info_sn = XF6232400003
2025/10/20 05:15:52.345 [T:0xe15e8] [DisplayControl] monitor video_port_sn = YDJ243400006
2025/10/20 05:15:52.345 [T:0xe15e8] [DisplayControl] model_name_match = 0
2025/10/20 05:15:52.346 [T:0xe15e8] [DisplayControl] sn_match = 0
2025/10/20 05:15:52.346 [T:0xe15e8] [DisplayControl] video_port is_match = 0
2025/10/20 05:15:52.346 [T:0xe15e8] [DisplayControl] index of display_info_vec = 1
2025/10/20 05:15:52.346 [T:0xe15e8] [DisplayControl] index of p_lpo_display_info_video_port = 1
2025/10/20 05:15:52.346 [T:0xe15e8] [DisplayControl] VideoPortMatchingRule
2025/10/20 05:15:52.346 [T:0xe15e8] [DisplayControl] monitor display_info_model_name = VG275
2025/10/20 05:15:52.346 [T:0xe15e8] [DisplayControl] monitor video_port_model_name = VG275
2025/10/20 05:15:52.346 [T:0xe15e8] [DisplayControl] monitor display_info_sn = XF6232400003
2025/10/20 05:15:52.346 [T:0xe15e8] [DisplayControl] monitor video_port_sn = XF6232400003
2025/10/20 05:15:52.346 [T:0xe15e8] [DisplayControl] model_name_match = 1
2025/10/20 05:15:52.346 [T:0xe15e8] [DisplayControl] sn_match = 1
2025/10/20 05:15:52.346 [T:0xe15e8] [DisplayControl] video_port is_match = 1
2025/10/20 05:15:52.346 [T:0xe15e8] [DisplayControl] i = 0
2025/10/20 05:15:52.346 [T:0xe15e8] [DisplayControl] Enter OperationThread::OperationThread()
2025/10/20 05:15:52.346 [T:0xe15e8] [DisplayControl] Enter OperationThread::CreateThread
2025/10/20 05:15:52.346 [T:0xe15e8] [DisplayControl] new DisplayFunctioner
2025/10/20 05:15:52.346 [T:0xe15e8] [DisplayControl] insert displayer_vector
2025/10/20 05:15:52.346 [T:0xe15e8] [DisplayControl] insert modelName_SN_to_Display_map
2025/10/20 05:15:52.346 [T:0xe15e8] [DisplayControl] insert device_id_to_Displayer_map_
2025/10/20 05:15:52.346 [T:0xe15e8] [DisplayControl] i = 1
2025/10/20 05:15:52.346 [T:0xe15e8] [DisplayControl] Enter OperationThread::OperationThread()
2025/10/20 05:15:52.346 [T:0xe15e8] [DisplayControl] Enter OperationThread::CreateThread
2025/10/20 05:15:52.346 [T:0xe15e8] [DisplayControl] new DisplayFunctioner
2025/10/20 05:15:52.346 [T:0xe15e8] [DisplayControl] insert displayer_vector
2025/10/20 05:15:52.346 [T:0xe15e8] [DisplayControl] insert modelName_SN_to_Display_map
2025/10/20 05:15:52.347 [T:0xe15e8] [DisplayControl] insert device_id_to_Displayer_map_
2025/10/20 05:15:52.347 [T:0xe15e8] [DisplayControl] monitor size = 2
2025/10/20 05:15:52.347 [T:0xe15e8] [DisplayControl] Exit ObtainControlHandler
2025/10/20 05:15:52.347 [T:0xe15e8] [DisplayControl] Enter MCCSOtherSet::GetVCP(), vcp code = 16
2025/10/20 05:15:52.421 [T:0xe15e8] [DisplayControl] Exit MCCSOtherSet::GetVCP()
2025/10/20 05:15:52.421 [T:0xe15e8] [DisplayControl] Enter MCCSOtherSet::GetVCP(), vcp code = 18
2025/10/20 05:15:52.562 [T:0xe15e8] [DisplayControl] Exit MCCSOtherSet::GetVCP()
2025/10/20 05:15:52.668 [T:0xe15e8] [DisplayControl] Enter MCCSOtherSet::GetVCP(), vcp code = 16
2025/10/20 05:15:52.749 [T:0xe15e8] [DisplayControl] Exit MCCSOtherSet::GetVCP()
2025/10/20 05:15:52.855 [T:0xe15e8] [DisplayControl] Enter MCCSOtherSet::GetVCP(), vcp code = 141
2025/10/20 05:15:52.937 [T:0xe15e8] [DisplayControl] Exit MCCSOtherSet::GetVCP()
2025/10/20 05:15:53.043 [T:0xe15e8] [DisplayControl] Enter MCCSOtherSet::GetVCP(), vcp code = 4
2025/10/20 05:15:53.124 [T:0xe15e8] [DisplayControl] Exit MCCSOtherSet::GetVCP()
2025/10/20 05:15:53.231 [T:0xe15e8] [DisplayControl] Enter MCCSOtherSet::GetVCP(), vcp code = 98
2025/10/20 05:15:53.313 [T:0xe15e8] [DisplayControl] Exit MCCSOtherSet::GetVCP()
2025/10/20 05:15:53.418 [T:0xe15e8] [DisplayControl] Enter MCCSOtherSet::GetVCP(), vcp code = 96
2025/10/20 05:15:53.500 [T:0xe15e8] [DisplayControl] Exit MCCSOtherSet::GetVCP()
2025/10/20 05:15:53.606 [T:0xe15e8] [DisplayControl] Enter MCCSOtherSet::GetVCP(), vcp code = 245
2025/10/20 05:15:53.687 [T:0xe15e8] [DisplayControl] Exit MCCSOtherSet::GetVCP()
2025/10/20 05:15:53.793 [T:0xe15e8] [DisplayControl] Enter MCCSOtherSet::GetVCP(), vcp code = 43
2025/10/20 05:15:53.874 [T:0xe15e8] [DisplayControl] Exit MCCSOtherSet::GetVCP()
2025/10/20 05:15:53.980 [T:0xe15e8] [DisplayControl] Enter MCCSOtherSet::GetVCP(), vcp code = 51
2025/10/20 05:15:54.062 [T:0xe15e8] [DisplayControl] Exit MCCSOtherSet::GetVCP()
2025/10/20 05:15:54.168 [T:0xe15e8] [DisplayControl] Enter MCCSOtherSet::GetVCP(), vcp code = 20
2025/10/20 05:15:54.250 [T:0xe15e8] [DisplayControl] Exit MCCSOtherSet::GetVCP()
2025/10/20 05:15:54.356 [T:0xe15e8] [DisplayControl] Enter MCCSOtherSet::GetVCP(), vcp code = 225
2025/10/20 05:15:54.437 [T:0xe15e8] [DisplayControl] Exit MCCSOtherSet::GetVCP()
2025/10/20 05:15:54.543 [T:0xe15e8] [DisplayControl] Enter MCCSOtherSet::GetVCP(), vcp code = 220
2025/10/20 05:15:54.624 [T:0xe15e8] [DisplayControl] Exit MCCSOtherSet::GetVCP()
2025/10/20 05:15:54.677 [T:0x9caee] [DisplayControl] Enter MCCSOtherSet::GetVCP(), vcp code = 96
2025/10/20 05:15:54.731 [T:0xe15e8] [DisplayControl] Enter MCCSOtherSet::GetVCP(), vcp code = 97
2025/10/20 05:15:54.774 [T:0x9caee] [DisplayControl] Exit MCCSOtherSet::GetVCP()
2025/10/20 05:15:54.949 [T:0xe15e8] [DisplayControl] Exit MCCSOtherSet::GetVCP()
2025/10/20 05:15:55.051 [T:0xe15e8] [DisplayControl] Enter MCCSOtherSet::GetVCP(), vcp code = 135
2025/10/20 05:15:55.261 [T:0xe15e8] [DisplayControl] Exit MCCSOtherSet::GetVCP()
2025/10/20 05:15:55.362 [T:0xe15e8] [DisplayControl] Enter MCCSOtherSet::GetVCP(), vcp code = 18
2025/10/20 05:15:55.448 [T:0xe15e8] [DisplayControl] Exit MCCSOtherSet::GetVCP()
2025/10/20 05:15:55.550 [T:0xe15e8] [DisplayControl] Enter MCCSOtherSet::GetVCP(), vcp code = 16
2025/10/20 05:15:55.635 [T:0xe15e8] [DisplayControl] Exit MCCSOtherSet::GetVCP()
2025/10/20 05:15:55.737 [T:0xe15e8] [DisplayControl] Enter MCCSOtherSet::GetVCP(), vcp code = 141
2025/10/20 05:15:55.823 [T:0xe15e8] [DisplayControl] Exit MCCSOtherSet::GetVCP()
2025/10/20 05:15:55.925 [T:0xe15e8] [DisplayControl] Enter MCCSOtherSet::GetVCP(), vcp code = 236
2025/10/20 05:15:56.011 [T:0xe15e8] [DisplayControl] Exit MCCSOtherSet::GetVCP()
2025/10/20 05:15:56.112 [T:0xe15e8] [DisplayControl] Enter MCCSOtherSet::GetVCP(), vcp code = 4
2025/10/20 05:15:56.198 [T:0xe15e8] [DisplayControl] Exit MCCSOtherSet::GetVCP()
2025/10/20 05:15:56.300 [T:0xe15e8] [DisplayControl] Enter MCCSOtherSet::GetVCP(), vcp code = 98
2025/10/20 05:15:56.385 [T:0xe15e8] [DisplayControl] Exit MCCSOtherSet::GetVCP()
2025/10/20 05:15:56.487 [T:0xe15e8] [DisplayControl] Enter MCCSOtherSet::GetVCP(), vcp code = 96
2025/10/20 05:15:56.573 [T:0xe15e8] [DisplayControl] Exit MCCSOtherSet::GetVCP()
2025/10/20 05:15:56.675 [T:0xe15e8] [DisplayControl] Enter MCCSOtherSet::GetVCP(), vcp code = 226
2025/10/20 05:15:56.761 [T:0xe15e8] [DisplayControl] Exit MCCSOtherSet::GetVCP()
2025/10/20 05:15:56.863 [T:0xe15e8] [DisplayControl] Enter MCCSOtherSet::GetVCP(), vcp code = 43
2025/10/20 05:15:56.948 [T:0xe15e8] [DisplayControl] Exit MCCSOtherSet::GetVCP()
2025/10/20 05:15:57.050 [T:0xe15e8] [DisplayControl] Enter MCCSOtherSet::GetVCP(), vcp code = 51
2025/10/20 05:15:57.136 [T:0xe15e8] [DisplayControl] Exit MCCSOtherSet::GetVCP()
2025/10/20 05:15:57.238 [T:0xe15e8] [DisplayControl] Enter MCCSOtherSet::GetVCP(), vcp code = 225
2025/10/20 05:15:57.323 [T:0xe15e8] [DisplayControl] Exit MCCSOtherSet::GetVCP()
2025/10/20 05:15:57.426 [T:0xe15e8] [DisplayControl] Enter MCCSOtherSet::GetVCP(), vcp code = 220
2025/10/20 05:15:57.511 [T:0xe15e8] [DisplayControl] Exit MCCSOtherSet::GetVCP()
2025/10/20 05:15:57.613 [T:0xe15e8] [DisplayControl] Enter MCCSOtherSet::GetVCP(), vcp code = 97
2025/10/20 05:15:57.698 [T:0xe15e8] [DisplayControl] Exit MCCSOtherSet::GetVCP()
2025/10/20 05:15:57.801 [T:0xe15e8] [DisplayControl] Enter MCCSOtherSet::GetVCP(), vcp code = 135
2025/10/20 05:15:57.886 [T:0xe15e8] [DisplayControl] Exit MCCSOtherSet::GetVCP()
2025/10/20 05:19:22.645 [T:0xe91d3] [DisplayControl] Enter MCCSOtherSet::SetVCP(), vcp code = 51
2025/10/20 05:19:22.984 [T:0xe91d3] [DisplayControl] Exit MCCSOtherSet::SetVCP()
2025/10/20 05:21:03.405 [T:0x2477c] [DisplayControl] Enter MCCSOtherSet::SetVCP(), vcp code = 96
2025/10/20 05:21:04.246 [T:0x2477c] [DisplayControl] Exit MCCSOtherSet::SetVCP()
2025/10/20 05:21:11.586 [T:0x2477c] [DisplayControl] Enter OperationThread::ExitThread
2025/10/20 05:21:11.587 [T:0x2477c] [DisplayControl] Exit OperationThread::ExitThread
2025/10/20 05:21:11.587 [T:0x2477c] [DisplayControl] Enter OperationThread::~OperationThread()
2025/10/20 05:21:11.587 [T:0x2477c] [DisplayControl] Enter OperationThread::ExitThread
2025/10/20 05:21:11.587 [T:0x2477c] [DisplayControl] Enter OperationThread::ExitThread
2025/10/20 05:21:11.587 [T:0x2477c] [DisplayControl] Exit OperationThread::ExitThread
2025/10/20 05:21:11.587 [T:0x2477c] [DisplayControl] Enter OperationThread::~OperationThread()
2025/10/20 05:21:11.587 [T:0x2477c] [DisplayControl] Enter OperationThread::ExitThread
2025/10/20 05:21:11.633 [T:0x2477c] [DbgStr] After calling display_control_client_listener_video_port_.UpdateAllDisplayPath()
2025/10/20 05:21:11.646 [T:0x2477c] [DbgStr] After calling display_control_client_listener_.GetAllDisplayEDID()
2025/10/20 05:21:11.648 [T:0x2477c] [DisplayControl] Version = 3.0.6.0
2025/10/20 05:21:11.648 [T:0x2477c] [DisplayControl] Enter ObtainControlHandler1
2025/10/20 05:21:11.648 [T:0x2477c] [DisplayControl] GetVideoPortCommander
2025/10/20 05:21:11.648 [T:0x2477c] [DisplayControl] GetUSBHubCommander
2025/10/20 05:21:11.648 [T:0x2477c] ====== List p_lpo_display_info_video_port, # of devices is ======2
2025/10/20 05:21:11.648 [T:0x2477c] [DisplayControl] index of p_lpo_display_info_video_port0
2025/10/20 05:21:11.648 [T:0x2477c] [DisplayControl] Model name from VideoPort = VG2458
2025/10/20 05:21:11.648 [T:0x2477c] [DisplayControl] SN from VideoPort = YDJ243400006
2025/10/20 05:21:11.648 [T:0x2477c] [DisplayControl] index of p_lpo_display_info_video_port1
2025/10/20 05:21:11.648 [T:0x2477c] [DisplayControl] Model name from VideoPort = VG275
2025/10/20 05:21:11.648 [T:0x2477c] [DisplayControl] SN from VideoPort = XF6232400003
2025/10/20 05:21:11.648 [T:0x2477c] ====== List p_lpo_display_info_rtd_scalar_rts_hub, # of devices is ======0
2025/10/20 05:21:11.648 [T:0x2477c] [DisplayControl] GetVSRtkHubControlClientListener
2025/10/20 05:21:11.648 [T:0x2477c] [DisplayControl] max monitor count = 2
2025/10/20 05:21:11.648 [T:0x2477c] [DisplayControl] index of display_info_vec = 0
2025/10/20 05:21:11.649 [T:0x2477c] [DisplayControl] index of p_lpo_display_info_video_port = 0
2025/10/20 05:21:11.649 [T:0x2477c] [DisplayControl] VideoPortMatchingRule
2025/10/20 05:21:11.649 [T:0x2477c] [DisplayControl] monitor display_info_model_name = VG2458
2025/10/20 05:21:11.649 [T:0x2477c] [DisplayControl] monitor video_port_model_name = VG2458
2025/10/20 05:21:11.649 [T:0x2477c] [DisplayControl] monitor display_info_sn = YDJ243400006
2025/10/20 05:21:11.649 [T:0x2477c] [DisplayControl] monitor video_port_sn = YDJ243400006
2025/10/20 05:21:11.649 [T:0x2477c] [DisplayControl] model_name_match = 1
2025/10/20 05:21:11.649 [T:0x2477c] [DisplayControl] sn_match = 1
2025/10/20 05:21:11.649 [T:0x2477c] [DisplayControl] video_port is_match = 1
2025/10/20 05:21:11.649 [T:0x2477c] [DisplayControl] index of display_info_vec = 1
2025/10/20 05:21:11.649 [T:0x2477c] [DisplayControl] index of p_lpo_display_info_video_port = 0
2025/10/20 05:21:11.649 [T:0x2477c] [DisplayControl] VideoPortMatchingRule
2025/10/20 05:21:11.649 [T:0x2477c] [DisplayControl] monitor display_info_model_name = VG275
2025/10/20 05:21:11.649 [T:0x2477c] [DisplayControl] monitor video_port_model_name = VG2458
2025/10/20 05:21:11.649 [T:0x2477c] [DisplayControl] monitor display_info_sn = XF6232400003
2025/10/20 05:21:11.649 [T:0x2477c] [DisplayControl] monitor video_port_sn = YDJ243400006
2025/10/20 05:21:11.649 [T:0x2477c] [DisplayControl] model_name_match = 0
2025/10/20 05:21:11.649 [T:0x2477c] [DisplayControl] sn_match = 0
2025/10/20 05:21:11.649 [T:0x2477c] [DisplayControl] video_port is_match = 0
2025/10/20 05:21:11.649 [T:0x2477c] [DisplayControl] index of display_info_vec = 1
2025/10/20 05:21:11.649 [T:0x2477c] [DisplayControl] index of p_lpo_display_info_video_port = 1
2025/10/20 05:21:11.649 [T:0x2477c] [DisplayControl] VideoPortMatchingRule
2025/10/20 05:21:11.649 [T:0x2477c] [DisplayControl] monitor display_info_model_name = VG275
2025/10/20 05:21:11.649 [T:0x2477c] [DisplayControl] monitor video_port_model_name = VG275
2025/10/20 05:21:11.649 [T:0x2477c] [DisplayControl] monitor display_info_sn = XF6232400003
2025/10/20 05:21:11.649 [T:0x2477c] [DisplayControl] monitor video_port_sn = XF6232400003
2025/10/20 05:21:11.649 [T:0x2477c] [DisplayControl] model_name_match = 1
2025/10/20 05:21:11.649 [T:0x2477c] [DisplayControl] sn_match = 1
2025/10/20 05:21:11.650 [T:0x2477c] [DisplayControl] video_port is_match = 1
2025/10/20 05:21:11.650 [T:0x2477c] [DisplayControl] i = 0
2025/10/20 05:21:11.650 [T:0x2477c] [DisplayControl] Enter OperationThread::OperationThread()
2025/10/20 05:21:11.650 [T:0x2477c] [DisplayControl] Enter OperationThread::CreateThread
2025/10/20 05:21:11.650 [T:0x2477c] [DisplayControl] new DisplayFunctioner
2025/10/20 05:21:11.650 [T:0x2477c] [DisplayControl] insert displayer_vector
2025/10/20 05:21:11.650 [T:0x2477c] [DisplayControl] insert modelName_SN_to_Display_map
2025/10/20 05:21:11.650 [T:0x2477c] [DisplayControl] insert device_id_to_Displayer_map_
2025/10/20 05:21:11.650 [T:0x2477c] [DisplayControl] i = 1
2025/10/20 05:21:11.650 [T:0x2477c] [DisplayControl] Enter OperationThread::OperationThread()
2025/10/20 05:21:11.650 [T:0x2477c] [DisplayControl] Enter OperationThread::CreateThread
2025/10/20 05:21:11.650 [T:0x2477c] [DisplayControl] new DisplayFunctioner
2025/10/20 05:21:11.650 [T:0x2477c] [DisplayControl] insert displayer_vector
2025/10/20 05:21:11.650 [T:0x2477c] [DisplayControl] insert modelName_SN_to_Display_map
2025/10/20 05:21:11.650 [T:0x2477c] [DisplayControl] insert device_id_to_Displayer_map_
2025/10/20 05:21:11.650 [T:0x2477c] [DisplayControl] monitor size = 2
2025/10/20 05:21:11.650 [T:0x2477c] [DisplayControl] Exit ObtainControlHandler
2025/10/20 05:21:11.651 [T:0x2477c] [DisplayControl] Enter MCCSOtherSet::GetVCP(), vcp code = 96
2025/10/20 05:21:11.728 [T:0x2477c] [DisplayControl] Exit MCCSOtherSet::GetVCP()
2025/10/20 05:21:12.012 [T:0x2477c] [DisplayControl] Enter MCCSOtherSet::GetVCP(), vcp code = 96
2025/10/20 05:21:12.092 [T:0x2477c] [DisplayControl] Exit MCCSOtherSet::GetVCP()
2025/10/20 05:21:12.375 [T:0x2477c] [DisplayControl] Enter MCCSOtherSet::SetVCP(), vcp code = 51
2025/10/20 05:21:12.682 [T:0x2477c] [DisplayControl] Exit MCCSOtherSet::SetVCP()
2025/10/20 05:21:12.682 [T:0x2477c] [DisplayControl] Enter MCCSOtherSet::SetVCP(), vcp code = 51
2025/10/20 05:21:12.842 [T:0x2477c] [DisplayControl] Exit MCCSOtherSet::SetVCP()
2025/10/20 05:21:12.843 [T:0x2477c] [DisplayControl] Enter MCCSOtherSet::GetVCP(), vcp code = 18
2025/10/20 05:21:12.916 [T:0x2477c] [DisplayControl] Exit MCCSOtherSet::GetVCP()
2025/10/20 05:21:13.022 [T:0x2477c] [DisplayControl] Enter MCCSOtherSet::GetVCP(), vcp code = 16
2025/10/20 05:21:13.103 [T:0x2477c] [DisplayControl] Exit MCCSOtherSet::GetVCP()
2025/10/20 05:21:13.209 [T:0x2477c] [DisplayControl] Enter MCCSOtherSet::GetVCP(), vcp code = 141
2025/10/20 05:21:13.291 [T:0x2477c] [DisplayControl] Exit MCCSOtherSet::GetVCP()
2025/10/20 05:21:13.397 [T:0x2477c] [DisplayControl] Enter MCCSOtherSet::GetVCP(), vcp code = 4
2025/10/20 05:21:13.479 [T:0x2477c] [DisplayControl] Exit MCCSOtherSet::GetVCP()
2025/10/20 05:21:13.585 [T:0x2477c] [DisplayControl] Enter MCCSOtherSet::GetVCP(), vcp code = 98
2025/10/20 05:21:13.666 [T:0x2477c] [DisplayControl] Exit MCCSOtherSet::GetVCP()
2025/10/20 05:21:13.772 [T:0x2477c] [DisplayControl] Enter MCCSOtherSet::GetVCP(), vcp code = 96
2025/10/20 05:21:13.853 [T:0x2477c] [DisplayControl] Exit MCCSOtherSet::GetVCP()
2025/10/20 05:21:13.959 [T:0x2477c] [DisplayControl] Enter MCCSOtherSet::GetVCP(), vcp code = 245
2025/10/20 05:21:14.041 [T:0x2477c] [DisplayControl] Exit MCCSOtherSet::GetVCP()
2025/10/20 05:21:14.147 [T:0x2477c] [DisplayControl] Enter MCCSOtherSet::GetVCP(), vcp code = 43
2025/10/20 05:21:14.229 [T:0x2477c] [DisplayControl] Exit MCCSOtherSet::GetVCP()
2025/10/20 05:21:14.334 [T:0x2477c] [DisplayControl] Enter MCCSOtherSet::GetVCP(), vcp code = 51
2025/10/20 05:21:14.416 [T:0x2477c] [DisplayControl] Exit MCCSOtherSet::GetVCP()
2025/10/20 05:21:14.522 [T:0x2477c] [DisplayControl] Enter MCCSOtherSet::GetVCP(), vcp code = 20
2025/10/20 05:21:14.603 [T:0x2477c] [DisplayControl] Exit MCCSOtherSet::GetVCP()
2025/10/20 05:21:14.709 [T:0x2477c] [DisplayControl] Enter MCCSOtherSet::GetVCP(), vcp code = 225
2025/10/20 05:21:14.791 [T:0x2477c] [DisplayControl] Exit MCCSOtherSet::GetVCP()
2025/10/20 05:21:14.897 [T:0x2477c] [DisplayControl] Enter MCCSOtherSet::GetVCP(), vcp code = 220
2025/10/20 05:21:14.979 [T:0x2477c] [DisplayControl] Exit MCCSOtherSet::GetVCP()
2025/10/20 05:21:15.085 [T:0x2477c] [DisplayControl] Enter MCCSOtherSet::GetVCP(), vcp code = 97
2025/10/20 05:21:15.166 [T:0x2477c] [DisplayControl] Exit MCCSOtherSet::GetVCP()
2025/10/20 05:21:15.272 [T:0x2477c] [DisplayControl] Enter MCCSOtherSet::GetVCP(), vcp code = 135
2025/10/20 05:21:15.354 [T:0x2477c] [DisplayControl] Exit MCCSOtherSet::GetVCP()
2025/10/20 05:21:15.460 [T:0x2477c] [DisplayControl] Enter MCCSOtherSet::GetVCP(), vcp code = 18
2025/10/20 05:21:15.545 [T:0x2477c] [DisplayControl] Exit MCCSOtherSet::GetVCP()
2025/10/20 05:21:15.647 [T:0x2477c] [DisplayControl] Enter MCCSOtherSet::GetVCP(), vcp code = 16
2025/10/20 05:21:15.733 [T:0x2477c] [DisplayControl] Exit MCCSOtherSet::GetVCP()
2025/10/20 05:21:15.834 [T:0x2477c] [DisplayControl] Enter MCCSOtherSet::GetVCP(), vcp code = 141
2025/10/20 05:21:15.920 [T:0x2477c] [DisplayControl] Exit MCCSOtherSet::GetVCP()
2025/10/20 05:21:16.022 [T:0x2477c] [DisplayControl] Enter MCCSOtherSet::GetVCP(), vcp code = 236
2025/10/20 05:21:16.108 [T:0x2477c] [DisplayControl] Exit MCCSOtherSet::GetVCP()
2025/10/20 05:21:16.209 [T:0x2477c] [DisplayControl] Enter MCCSOtherSet::GetVCP(), vcp code = 4
2025/10/20 05:21:16.295 [T:0x2477c] [DisplayControl] Exit MCCSOtherSet::GetVCP()
2025/10/20 05:21:16.397 [T:0x2477c] [DisplayControl] Enter MCCSOtherSet::GetVCP(), vcp code = 98
2025/10/20 05:21:16.482 [T:0x2477c] [DisplayControl] Exit MCCSOtherSet::GetVCP()
2025/10/20 05:21:16.584 [T:0x2477c] [DisplayControl] Enter MCCSOtherSet::GetVCP(), vcp code = 96
2025/10/20 05:21:16.670 [T:0x2477c] [DisplayControl] Exit MCCSOtherSet::GetVCP()
2025/10/20 05:21:16.772 [T:0x2477c] [DisplayControl] Enter MCCSOtherSet::GetVCP(), vcp code = 226
2025/10/20 05:21:16.857 [T:0x2477c] [DisplayControl] Exit MCCSOtherSet::GetVCP()
2025/10/20 05:21:16.959 [T:0x2477c] [DisplayControl] Enter MCCSOtherSet::GetVCP(), vcp code = 43
2025/10/20 05:21:17.044 [T:0x2477c] [DisplayControl] Exit MCCSOtherSet::GetVCP()
2025/10/20 05:21:17.146 [T:0x2477c] [DisplayControl] Enter MCCSOtherSet::GetVCP(), vcp code = 51
2025/10/20 05:21:17.232 [T:0x2477c] [DisplayControl] Exit MCCSOtherSet::GetVCP()
2025/10/20 05:21:17.334 [T:0x2477c] [DisplayControl] Enter MCCSOtherSet::GetVCP(), vcp code = 225
2025/10/20 05:21:17.419 [T:0x2477c] [DisplayControl] Exit MCCSOtherSet::GetVCP()
2025/10/20 05:21:17.521 [T:0x2477c] [DisplayControl] Enter MCCSOtherSet::GetVCP(), vcp code = 220
2025/10/20 05:21:17.607 [T:0x2477c] [DisplayControl] Exit MCCSOtherSet::GetVCP()
2025/10/20 05:21:17.709 [T:0x2477c] [DisplayControl] Enter MCCSOtherSet::GetVCP(), vcp code = 97
2025/10/20 05:21:17.795 [T:0x2477c] [DisplayControl] Exit MCCSOtherSet::GetVCP()
2025/10/20 05:21:17.897 [T:0x2477c] [DisplayControl] Enter MCCSOtherSet::GetVCP(), vcp code = 135
2025/10/20 05:21:17.982 [T:0x2477c] [DisplayControl] Exit MCCSOtherSet::GetVCP()
2025/10/20 05:21:18.093 [T:0x2477c] [DisplayControl] Enter MCCSOtherSet::SetVCP(), vcp code = 51
2025/10/20 05:21:18.237 [T:0x2477c] [DisplayControl] Exit MCCSOtherSet::SetVCP()
2025/10/20 05:21:18.255 [T:0x9caee] [DisplayControl] Enter MCCSOtherSet::GetVCP(), vcp code = 96
2025/10/20 05:21:18.419 [T:0x9caee] [DisplayControl] Exit MCCSOtherSet::GetVCP()
2025/10/20 05:23:03.369 [T:0x1bc7c] [DisplayControl] Enter MCCSOtherSet::SetVCP(), vcp code = 51
2025/10/20 05:23:03.696 [T:0x1bc7c] [DisplayControl] Exit MCCSOtherSet::SetVCP()
2025/10/20 05:23:21.865 [T:0x1bc7c] [DisplayControl] Enter MCCSOtherSet::SetVCP(), vcp code = 96
2025/10/20 05:23:22.496 [T:0x1bc7c] [DisplayControl] Exit MCCSOtherSet::SetVCP()
2025/10/20 05:23:29.271 [T:0x1bc7c] [DisplayControl] Enter OperationThread::ExitThread
2025/10/20 05:23:29.272 [T:0x1bc7c] [DisplayControl] Exit OperationThread::ExitThread
2025/10/20 05:23:29.272 [T:0x1bc7c] [DisplayControl] Enter OperationThread::~OperationThread()
2025/10/20 05:23:29.272 [T:0x1bc7c] [DisplayControl] Enter OperationThread::ExitThread
2025/10/20 05:23:29.272 [T:0x1bc7c] [DisplayControl] Enter OperationThread::ExitThread
2025/10/20 05:23:29.273 [T:0x1bc7c] [DisplayControl] Exit OperationThread::ExitThread
2025/10/20 05:23:29.273 [T:0x1bc7c] [DisplayControl] Enter OperationThread::~OperationThread()
2025/10/20 05:23:29.274 [T:0x1bc7c] [DisplayControl] Enter OperationThread::ExitThread
2025/10/20 05:23:29.344 [T:0x1bc7c] [DbgStr] After calling display_control_client_listener_video_port_.UpdateAllDisplayPath()
2025/10/20 05:23:29.365 [T:0x1bc7c] [DbgStr] After calling display_control_client_listener_.GetAllDisplayEDID()
2025/10/20 05:23:29.368 [T:0x1bc7c] [DisplayControl] Version = 3.0.6.0
2025/10/20 05:23:29.368 [T:0x1bc7c] [DisplayControl] Enter ObtainControlHandler1
2025/10/20 05:23:29.368 [T:0x1bc7c] [DisplayControl] GetVideoPortCommander
2025/10/20 05:23:29.368 [T:0x1bc7c] [DisplayControl] GetUSBHubCommander
2025/10/20 05:23:29.368 [T:0x1bc7c] ====== List p_lpo_display_info_video_port, # of devices is ======2
2025/10/20 05:23:29.368 [T:0x1bc7c] [DisplayControl] index of p_lpo_display_info_video_port0
2025/10/20 05:23:29.368 [T:0x1bc7c] [DisplayControl] Model name from VideoPort = VG2458
2025/10/20 05:23:29.368 [T:0x1bc7c] [DisplayControl] SN from VideoPort = YDJ243400006
2025/10/20 05:23:29.368 [T:0x1bc7c] [DisplayControl] index of p_lpo_display_info_video_port1
2025/10/20 05:23:29.368 [T:0x1bc7c] [DisplayControl] Model name from VideoPort = VG275
2025/10/20 05:23:29.368 [T:0x1bc7c] [DisplayControl] SN from VideoPort = XF6232400003
2025/10/20 05:23:29.368 [T:0x1bc7c] ====== List p_lpo_display_info_rtd_scalar_rts_hub, # of devices is ======0
2025/10/20 05:23:29.368 [T:0x1bc7c] [DisplayControl] GetVSRtkHubControlClientListener
2025/10/20 05:23:29.368 [T:0x1bc7c] [DisplayControl] max monitor count = 2
2025/10/20 05:23:29.369 [T:0x1bc7c] [DisplayControl] index of display_info_vec = 0
2025/10/20 05:23:29.369 [T:0x1bc7c] [DisplayControl] index of p_lpo_display_info_video_port = 0
2025/10/20 05:23:29.369 [T:0x1bc7c] [DisplayControl] VideoPortMatchingRule
2025/10/20 05:23:29.369 [T:0x1bc7c] [DisplayControl] monitor display_info_model_name = VG2458
2025/10/20 05:23:29.369 [T:0x1bc7c] [DisplayControl] monitor video_port_model_name = VG2458
2025/10/20 05:23:29.369 [T:0x1bc7c] [DisplayControl] monitor display_info_sn = YDJ243400006
2025/10/20 05:23:29.369 [T:0x1bc7c] [DisplayControl] monitor video_port_sn = YDJ243400006
2025/10/20 05:23:29.369 [T:0x1bc7c] [DisplayControl] model_name_match = 1
2025/10/20 05:23:29.369 [T:0x1bc7c] [DisplayControl] sn_match = 1
2025/10/20 05:23:29.369 [T:0x1bc7c] [DisplayControl] video_port is_match = 1
2025/10/20 05:23:29.369 [T:0x1bc7c] [DisplayControl] index of display_info_vec = 1
2025/10/20 05:23:29.369 [T:0x1bc7c] [DisplayControl] index of p_lpo_display_info_video_port = 0
2025/10/20 05:23:29.369 [T:0x1bc7c] [DisplayControl] VideoPortMatchingRule
2025/10/20 05:23:29.369 [T:0x1bc7c] [DisplayControl] monitor display_info_model_name = VG275
2025/10/20 05:23:29.369 [T:0x1bc7c] [DisplayControl] monitor video_port_model_name = VG2458
2025/10/20 05:23:29.369 [T:0x1bc7c] [DisplayControl] monitor display_info_sn = XF6232400003
2025/10/20 05:23:29.369 [T:0x1bc7c] [DisplayControl] monitor video_port_sn = YDJ243400006
2025/10/20 05:23:29.369 [T:0x1bc7c] [DisplayControl] model_name_match = 0
2025/10/20 05:23:29.370 [T:0x1bc7c] [DisplayControl] sn_match = 0
2025/10/20 05:23:29.370 [T:0x1bc7c] [DisplayControl] video_port is_match = 0
2025/10/20 05:23:29.370 [T:0x1bc7c] [DisplayControl] index of display_info_vec = 1
2025/10/20 05:23:29.370 [T:0x1bc7c] [DisplayControl] index of p_lpo_display_info_video_port = 1
2025/10/20 05:23:29.370 [T:0x1bc7c] [DisplayControl] VideoPortMatchingRule
2025/10/20 05:23:29.370 [T:0x1bc7c] [DisplayControl] monitor display_info_model_name = VG275
2025/10/20 05:23:29.370 [T:0x1bc7c] [DisplayControl] monitor video_port_model_name = VG275
2025/10/20 05:23:29.370 [T:0x1bc7c] [DisplayControl] monitor display_info_sn = XF6232400003
2025/10/20 05:23:29.370 [T:0x1bc7c] [DisplayControl] monitor video_port_sn = XF6232400003
2025/10/20 05:23:29.370 [T:0x1bc7c] [DisplayControl] model_name_match = 1
2025/10/20 05:23:29.370 [T:0x1bc7c] [DisplayControl] sn_match = 1
2025/10/20 05:23:29.370 [T:0x1bc7c] [DisplayControl] video_port is_match = 1
2025/10/20 05:23:29.370 [T:0x1bc7c] [DisplayControl] i = 0
2025/10/20 05:23:29.370 [T:0x1bc7c] [DisplayControl] Enter OperationThread::OperationThread()
2025/10/20 05:23:29.370 [T:0x1bc7c] [DisplayControl] Enter OperationThread::CreateThread
2025/10/20 05:23:29.370 [T:0x1bc7c] [DisplayControl] new DisplayFunctioner
2025/10/20 05:23:29.371 [T:0x1bc7c] [DisplayControl] insert displayer_vector
2025/10/20 05:23:29.371 [T:0x1bc7c] [DisplayControl] insert modelName_SN_to_Display_map
2025/10/20 05:23:29.371 [T:0x1bc7c] [DisplayControl] insert device_id_to_Displayer_map_
2025/10/20 05:23:29.371 [T:0x1bc7c] [DisplayControl] i = 1
2025/10/20 05:23:29.371 [T:0x1bc7c] [DisplayControl] Enter OperationThread::OperationThread()
2025/10/20 05:23:29.371 [T:0x1bc7c] [DisplayControl] Enter OperationThread::CreateThread
2025/10/20 05:23:29.371 [T:0x1bc7c] [DisplayControl] new DisplayFunctioner
2025/10/20 05:23:29.371 [T:0x1bc7c] [DisplayControl] insert displayer_vector
2025/10/20 05:23:29.371 [T:0x1bc7c] [DisplayControl] insert modelName_SN_to_Display_map
2025/10/20 05:23:29.371 [T:0x1bc7c] [DisplayControl] insert device_id_to_Displayer_map_
2025/10/20 05:23:29.371 [T:0x1bc7c] [DisplayControl] monitor size = 2
2025/10/20 05:23:29.371 [T:0x1bc7c] [DisplayControl] Exit ObtainControlHandler
2025/10/20 05:23:29.372 [T:0x1bc7c] [DisplayControl] Enter MCCSOtherSet::GetVCP(), vcp code = 96
2025/10/20 05:23:29.441 [T:0x1bc7c] [DisplayControl] Exit MCCSOtherSet::GetVCP()
2025/10/20 05:23:29.723 [T:0x1bc7c] [DisplayControl] Enter MCCSOtherSet::GetVCP(), vcp code = 96
2025/10/20 05:23:29.804 [T:0x1bc7c] [DisplayControl] Exit MCCSOtherSet::GetVCP()
2025/10/20 05:23:30.087 [T:0x1bc7c] [DisplayControl] Enter MCCSOtherSet::SetVCP(), vcp code = 51
2025/10/20 05:23:30.238 [T:0x1bc7c] [DisplayControl] Exit MCCSOtherSet::SetVCP()
2025/10/20 05:23:30.238 [T:0x1bc7c] [DisplayControl] Enter MCCSOtherSet::SetVCP(), vcp code = 51
2025/10/20 05:23:30.398 [T:0x1bc7c] [DisplayControl] Exit MCCSOtherSet::SetVCP()
2025/10/20 05:23:30.399 [T:0x1bc7c] [DisplayControl] Enter MCCSOtherSet::GetVCP(), vcp code = 18
2025/10/20 05:23:30.472 [T:0x1bc7c] [DisplayControl] Exit MCCSOtherSet::GetVCP()
2025/10/20 05:23:30.578 [T:0x1bc7c] [DisplayControl] Enter MCCSOtherSet::GetVCP(), vcp code = 16
2025/10/20 05:23:30.659 [T:0x1bc7c] [DisplayControl] Exit MCCSOtherSet::GetVCP()
2025/10/20 05:23:30.765 [T:0x1bc7c] [DisplayControl] Enter MCCSOtherSet::GetVCP(), vcp code = 141
2025/10/20 05:23:30.847 [T:0x1bc7c] [DisplayControl] Exit MCCSOtherSet::GetVCP()
2025/10/20 05:23:30.953 [T:0x1bc7c] [DisplayControl] Enter MCCSOtherSet::GetVCP(), vcp code = 4
2025/10/20 05:23:31.035 [T:0x1bc7c] [DisplayControl] Exit MCCSOtherSet::GetVCP()
2025/10/20 05:23:31.141 [T:0x1bc7c] [DisplayControl] Enter MCCSOtherSet::GetVCP(), vcp code = 98
2025/10/20 05:23:31.222 [T:0x1bc7c] [DisplayControl] Exit MCCSOtherSet::GetVCP()
2025/10/20 05:23:31.328 [T:0x1bc7c] [DisplayControl] Enter MCCSOtherSet::GetVCP(), vcp code = 96
2025/10/20 05:23:31.410 [T:0x1bc7c] [DisplayControl] Exit MCCSOtherSet::GetVCP()
2025/10/20 05:23:31.516 [T:0x1bc7c] [DisplayControl] Enter MCCSOtherSet::GetVCP(), vcp code = 245
2025/10/20 05:23:31.597 [T:0x1bc7c] [DisplayControl] Exit MCCSOtherSet::GetVCP()
2025/10/20 05:23:31.703 [T:0x1bc7c] [DisplayControl] Enter MCCSOtherSet::GetVCP(), vcp code = 43
2025/10/20 05:23:31.785 [T:0x1bc7c] [DisplayControl] Exit MCCSOtherSet::GetVCP()
2025/10/20 05:23:31.891 [T:0x1bc7c] [DisplayControl] Enter MCCSOtherSet::GetVCP(), vcp code = 51
2025/10/20 05:23:31.972 [T:0x1bc7c] [DisplayControl] Exit MCCSOtherSet::GetVCP()
2025/10/20 05:23:32.078 [T:0x1bc7c] [DisplayControl] Enter MCCSOtherSet::GetVCP(), vcp code = 20
2025/10/20 05:23:32.159 [T:0x1bc7c] [DisplayControl] Exit MCCSOtherSet::GetVCP()
2025/10/20 05:23:32.266 [T:0x1bc7c] [DisplayControl] Enter MCCSOtherSet::GetVCP(), vcp code = 225
2025/10/20 05:23:32.347 [T:0x1bc7c] [DisplayControl] Exit MCCSOtherSet::GetVCP()
2025/10/20 05:23:32.453 [T:0x1bc7c] [DisplayControl] Enter MCCSOtherSet::GetVCP(), vcp code = 220
2025/10/20 05:23:32.535 [T:0x1bc7c] [DisplayControl] Exit MCCSOtherSet::GetVCP()
2025/10/20 05:23:32.641 [T:0x1bc7c] [DisplayControl] Enter MCCSOtherSet::GetVCP(), vcp code = 97
2025/10/20 05:23:32.722 [T:0x1bc7c] [DisplayControl] Exit MCCSOtherSet::GetVCP()
2025/10/20 05:23:32.828 [T:0x1bc7c] [DisplayControl] Enter MCCSOtherSet::GetVCP(), vcp code = 135
2025/10/20 05:23:32.910 [T:0x1bc7c] [DisplayControl] Exit MCCSOtherSet::GetVCP()
2025/10/20 05:23:33.016 [T:0x1bc7c] [DisplayControl] Enter MCCSOtherSet::GetVCP(), vcp code = 18
2025/10/20 05:23:33.101 [T:0x1bc7c] [DisplayControl] Exit MCCSOtherSet::GetVCP()
2025/10/20 05:23:33.203 [T:0x1bc7c] [DisplayControl] Enter MCCSOtherSet::GetVCP(), vcp code = 16
2025/10/20 05:23:33.289 [T:0x1bc7c] [DisplayControl] Exit MCCSOtherSet::GetVCP()
2025/10/20 05:23:33.390 [T:0x1bc7c] [DisplayControl] Enter MCCSOtherSet::GetVCP(), vcp code = 141
2025/10/20 05:23:33.476 [T:0x1bc7c] [DisplayControl] Exit MCCSOtherSet::GetVCP()
2025/10/20 05:23:33.578 [T:0x1bc7c] [DisplayControl] Enter MCCSOtherSet::GetVCP(), vcp code = 236
2025/10/20 05:23:33.663 [T:0x1bc7c] [DisplayControl] Exit MCCSOtherSet::GetVCP()
2025/10/20 05:23:33.765 [T:0x1bc7c] [DisplayControl] Enter MCCSOtherSet::GetVCP(), vcp code = 4
2025/10/20 05:23:33.851 [T:0x1bc7c] [DisplayControl] Exit MCCSOtherSet::GetVCP()
2025/10/20 05:23:33.953 [T:0x1bc7c] [DisplayControl] Enter MCCSOtherSet::GetVCP(), vcp code = 98
2025/10/20 05:23:34.039 [T:0x1bc7c] [DisplayControl] Exit MCCSOtherSet::GetVCP()
2025/10/20 05:23:34.141 [T:0x1bc7c] [DisplayControl] Enter MCCSOtherSet::GetVCP(), vcp code = 96
2025/10/20 05:23:34.227 [T:0x1bc7c] [DisplayControl] Exit MCCSOtherSet::GetVCP()
2025/10/20 05:23:34.328 [T:0x1bc7c] [DisplayControl] Enter MCCSOtherSet::GetVCP(), vcp code = 226
2025/10/20 05:23:34.414 [T:0x1bc7c] [DisplayControl] Exit MCCSOtherSet::GetVCP()
2025/10/20 05:23:34.516 [T:0x1bc7c] [DisplayControl] Enter MCCSOtherSet::GetVCP(), vcp code = 43
2025/10/20 05:23:34.601 [T:0x1bc7c] [DisplayControl] Exit MCCSOtherSet::GetVCP()
2025/10/20 05:23:34.703 [T:0x1bc7c] [DisplayControl] Enter MCCSOtherSet::GetVCP(), vcp code = 51
2025/10/20 05:23:34.789 [T:0x1bc7c] [DisplayControl] Exit MCCSOtherSet::GetVCP()
2025/10/20 05:23:34.891 [T:0x1bc7c] [DisplayControl] Enter MCCSOtherSet::GetVCP(), vcp code = 225
2025/10/20 05:23:34.977 [T:0x1bc7c] [DisplayControl] Exit MCCSOtherSet::GetVCP()
2025/10/20 05:23:35.078 [T:0x1bc7c] [DisplayControl] Enter MCCSOtherSet::GetVCP(), vcp code = 220
2025/10/20 05:23:35.164 [T:0x1bc7c] [DisplayControl] Exit MCCSOtherSet::GetVCP()
2025/10/20 05:23:35.266 [T:0x1bc7c] [DisplayControl] Enter MCCSOtherSet::GetVCP(), vcp code = 97
2025/10/20 05:23:35.352 [T:0x1bc7c] [DisplayControl] Exit MCCSOtherSet::GetVCP()
2025/10/20 05:23:35.453 [T:0x1bc7c] [DisplayControl] Enter MCCSOtherSet::GetVCP(), vcp code = 135
2025/10/20 05:23:35.539 [T:0x1bc7c] [DisplayControl] Exit MCCSOtherSet::GetVCP()
2025/10/20 05:23:35.650 [T:0x1bc7c] [DisplayControl] Enter MCCSOtherSet::SetVCP(), vcp code = 51
2025/10/20 05:23:35.801 [T:0x1bc7c] [DisplayControl] Exit MCCSOtherSet::SetVCP()
2025/10/20 05:23:35.841 [T:0x9caee] [DisplayControl] Enter MCCSOtherSet::GetVCP(), vcp code = 96
2025/10/20 05:23:35.969 [T:0x9caee] [DisplayControl] Exit MCCSOtherSet::GetVCP()
2025/10/20 05:25:21.804 [T:0x1f4f0] [DisplayControl] Enter MCCSOtherSet::SetVCP(), vcp code = 51
2025/10/20 05:25:22.147 [T:0x1f4f0] [DisplayControl] Exit MCCSOtherSet::SetVCP()
2025/10/20 05:25:40.130 [T:0x1f4f0] [DisplayControl] Enter MCCSOtherSet::SetVCP(), vcp code = 96
2025/10/20 05:25:40.490 [T:0x1f4f0] [DisplayControl] Exit MCCSOtherSet::SetVCP()
2025/10/20 05:25:47.251 [T:0x1f4f0] [DisplayControl] Enter OperationThread::ExitThread
2025/10/20 05:25:47.252 [T:0x1f4f0] [DisplayControl] Exit OperationThread::ExitThread
2025/10/20 05:25:47.252 [T:0x1f4f0] [DisplayControl] Enter OperationThread::~OperationThread()
2025/10/20 05:25:47.252 [T:0x1f4f0] [DisplayControl] Enter OperationThread::ExitThread
2025/10/20 05:25:47.253 [T:0x1f4f0] [DisplayControl] Enter OperationThread::ExitThread
2025/10/20 05:25:47.253 [T:0x1f4f0] [DisplayControl] Exit OperationThread::ExitThread
2025/10/20 05:25:47.253 [T:0x1f4f0] [DisplayControl] Enter OperationThread::~OperationThread()
2025/10/20 05:25:47.254 [T:0x1f4f0] [DisplayControl] Enter OperationThread::ExitThread
2025/10/20 05:25:47.310 [T:0x1f4f0] [DbgStr] After calling display_control_client_listener_video_port_.UpdateAllDisplayPath()
2025/10/20 05:25:47.323 [T:0x1f4f0] [DbgStr] After calling display_control_client_listener_.GetAllDisplayEDID()
2025/10/20 05:25:47.325 [T:0x1f4f0] [DisplayControl] Version = 3.0.6.0
2025/10/20 05:25:47.325 [T:0x1f4f0] [DisplayControl] Enter ObtainControlHandler1
2025/10/20 05:25:47.325 [T:0x1f4f0] [DisplayControl] GetVideoPortCommander
2025/10/20 05:25:47.325 [T:0x1f4f0] [DisplayControl] GetUSBHubCommander
2025/10/20 05:25:47.325 [T:0x1f4f0] ====== List p_lpo_display_info_video_port, # of devices is ======2
2025/10/20 05:25:47.325 [T:0x1f4f0] [DisplayControl] index of p_lpo_display_info_video_port0
2025/10/20 05:25:47.325 [T:0x1f4f0] [DisplayControl] Model name from VideoPort = VG2458
2025/10/20 05:25:47.325 [T:0x1f4f0] [DisplayControl] SN from VideoPort = YDJ243400006
2025/10/20 05:25:47.325 [T:0x1f4f0] [DisplayControl] index of p_lpo_display_info_video_port1
2025/10/20 05:25:47.325 [T:0x1f4f0] [DisplayControl] Model name from VideoPort = VG275
2025/10/20 05:25:47.325 [T:0x1f4f0] [DisplayControl] SN from VideoPort = XF6232400003
2025/10/20 05:25:47.326 [T:0x1f4f0] ====== List p_lpo_display_info_rtd_scalar_rts_hub, # of devices is ======0
2025/10/20 05:25:47.326 [T:0x1f4f0] [DisplayControl] GetVSRtkHubControlClientListener
2025/10/20 05:25:47.326 [T:0x1f4f0] [DisplayControl] max monitor count = 2
2025/10/20 05:25:47.326 [T:0x1f4f0] [DisplayControl] index of display_info_vec = 0
2025/10/20 05:25:47.326 [T:0x1f4f0] [DisplayControl] index of p_lpo_display_info_video_port = 0
2025/10/20 05:25:47.326 [T:0x1f4f0] [DisplayControl] VideoPortMatchingRule
2025/10/20 05:25:47.326 [T:0x1f4f0] [DisplayControl] monitor display_info_model_name = VG2458
2025/10/20 05:25:47.326 [T:0x1f4f0] [DisplayControl] monitor video_port_model_name = VG2458
2025/10/20 05:25:47.326 [T:0x1f4f0] [DisplayControl] monitor display_info_sn = YDJ243400006
2025/10/20 05:25:47.326 [T:0x1f4f0] [DisplayControl] monitor video_port_sn = YDJ243400006
2025/10/20 05:25:47.326 [T:0x1f4f0] [DisplayControl] model_name_match = 1
2025/10/20 05:25:47.326 [T:0x1f4f0] [DisplayControl] sn_match = 1
2025/10/20 05:25:47.326 [T:0x1f4f0] [DisplayControl] video_port is_match = 1
2025/10/20 05:25:47.326 [T:0x1f4f0] [DisplayControl] index of display_info_vec = 1
2025/10/20 05:25:47.326 [T:0x1f4f0] [DisplayControl] index of p_lpo_display_info_video_port = 0
2025/10/20 05:25:47.326 [T:0x1f4f0] [DisplayControl] VideoPortMatchingRule
2025/10/20 05:25:47.326 [T:0x1f4f0] [DisplayControl] monitor display_info_model_name = VG275
2025/10/20 05:25:47.326 [T:0x1f4f0] [DisplayControl] monitor video_port_model_name = VG2458
2025/10/20 05:25:47.326 [T:0x1f4f0] [DisplayControl] monitor display_info_sn = XF6232400003
2025/10/20 05:25:47.326 [T:0x1f4f0] [DisplayControl] monitor video_port_sn = YDJ243400006
2025/10/20 05:25:47.326 [T:0x1f4f0] [DisplayControl] model_name_match = 0
2025/10/20 05:25:47.326 [T:0x1f4f0] [DisplayControl] sn_match = 0
2025/10/20 05:25:47.326 [T:0x1f4f0] [DisplayControl] video_port is_match = 0
2025/10/20 05:25:47.326 [T:0x1f4f0] [DisplayControl] index of display_info_vec = 1
2025/10/20 05:25:47.326 [T:0x1f4f0] [DisplayControl] index of p_lpo_display_info_video_port = 1
2025/10/20 05:25:47.326 [T:0x1f4f0] [DisplayControl] VideoPortMatchingRule
2025/10/20 05:25:47.326 [T:0x1f4f0] [DisplayControl] monitor display_info_model_name = VG275
2025/10/20 05:25:47.326 [T:0x1f4f0] [DisplayControl] monitor video_port_model_name = VG275
2025/10/20 05:25:47.326 [T:0x1f4f0] [DisplayControl] monitor display_info_sn = XF6232400003
2025/10/20 05:25:47.327 [T:0x1f4f0] [DisplayControl] monitor video_port_sn = XF6232400003
2025/10/20 05:25:47.327 [T:0x1f4f0] [DisplayControl] model_name_match = 1
2025/10/20 05:25:47.327 [T:0x1f4f0] [DisplayControl] sn_match = 1
2025/10/20 05:25:47.327 [T:0x1f4f0] [DisplayControl] video_port is_match = 1
2025/10/20 05:25:47.327 [T:0x1f4f0] [DisplayControl] i = 0
2025/10/20 05:25:47.327 [T:0x1f4f0] [DisplayControl] Enter OperationThread::OperationThread()
2025/10/20 05:25:47.327 [T:0x1f4f0] [DisplayControl] Enter OperationThread::CreateThread
2025/10/20 05:25:47.327 [T:0x1f4f0] [DisplayControl] new DisplayFunctioner
2025/10/20 05:25:47.327 [T:0x1f4f0] [DisplayControl] insert displayer_vector
2025/10/20 05:25:47.327 [T:0x1f4f0] [DisplayControl] insert modelName_SN_to_Display_map
2025/10/20 05:25:47.327 [T:0x1f4f0] [DisplayControl] insert device_id_to_Displayer_map_
2025/10/20 05:25:47.327 [T:0x1f4f0] [DisplayControl] i = 1
2025/10/20 05:25:47.327 [T:0x1f4f0] [DisplayControl] Enter OperationThread::OperationThread()
2025/10/20 05:25:47.327 [T:0x1f4f0] [DisplayControl] Enter OperationThread::CreateThread
2025/10/20 05:25:47.327 [T:0x1f4f0] [DisplayControl] new DisplayFunctioner
2025/10/20 05:25:47.327 [T:0x1f4f0] [DisplayControl] insert displayer_vector
2025/10/20 05:25:47.327 [T:0x1f4f0] [DisplayControl] insert modelName_SN_to_Display_map
2025/10/20 05:25:47.327 [T:0x1f4f0] [DisplayControl] insert device_id_to_Displayer_map_
2025/10/20 05:25:47.327 [T:0x1f4f0] [DisplayControl] monitor size = 2
2025/10/20 05:25:47.327 [T:0x1f4f0] [DisplayControl] Exit ObtainControlHandler
2025/10/20 05:25:47.328 [T:0x1f4f0] [DisplayControl] Enter MCCSOtherSet::GetVCP(), vcp code = 96
2025/10/20 05:25:47.406 [T:0x1f4f0] [DisplayControl] Exit MCCSOtherSet::GetVCP()
2025/10/20 05:25:47.688 [T:0x1f4f0] [DisplayControl] Enter MCCSOtherSet::GetVCP(), vcp code = 96
2025/10/20 05:25:47.769 [T:0x1f4f0] [DisplayControl] Exit MCCSOtherSet::GetVCP()
2025/10/20 05:25:48.052 [T:0x1f4f0] [DisplayControl] Enter MCCSOtherSet::SetVCP(), vcp code = 51
2025/10/20 05:25:48.359 [T:0x1f4f0] [DisplayControl] Exit MCCSOtherSet::SetVCP()
2025/10/20 05:25:48.359 [T:0x1f4f0] [DisplayControl] Enter MCCSOtherSet::SetVCP(), vcp code = 51
2025/10/20 05:25:48.519 [T:0x1f4f0] [DisplayControl] Exit MCCSOtherSet::SetVCP()
2025/10/20 05:25:48.520 [T:0x1f4f0] [DisplayControl] Enter MCCSOtherSet::GetVCP(), vcp code = 18
2025/10/20 05:25:48.594 [T:0x1f4f0] [DisplayControl] Exit MCCSOtherSet::GetVCP()
2025/10/20 05:25:48.700 [T:0x1f4f0] [DisplayControl] Enter MCCSOtherSet::GetVCP(), vcp code = 16
2025/10/20 05:25:48.781 [T:0x1f4f0] [DisplayControl] Exit MCCSOtherSet::GetVCP()
2025/10/20 05:25:48.887 [T:0x1f4f0] [DisplayControl] Enter MCCSOtherSet::GetVCP(), vcp code = 141
2025/10/20 05:25:48.969 [T:0x1f4f0] [DisplayControl] Exit MCCSOtherSet::GetVCP()
2025/10/20 05:25:49.075 [T:0x1f4f0] [DisplayControl] Enter MCCSOtherSet::GetVCP(), vcp code = 4
2025/10/20 05:25:49.156 [T:0x1f4f0] [DisplayControl] Exit MCCSOtherSet::GetVCP()
2025/10/20 05:25:49.262 [T:0x1f4f0] [DisplayControl] Enter MCCSOtherSet::GetVCP(), vcp code = 98
2025/10/20 05:25:49.344 [T:0x1f4f0] [DisplayControl] Exit MCCSOtherSet::GetVCP()
2025/10/20 05:25:49.450 [T:0x1f4f0] [DisplayControl] Enter MCCSOtherSet::GetVCP(), vcp code = 96
2025/10/20 05:25:49.531 [T:0x1f4f0] [DisplayControl] Exit MCCSOtherSet::GetVCP()
2025/10/20 05:25:49.637 [T:0x1f4f0] [DisplayControl] Enter MCCSOtherSet::GetVCP(), vcp code = 245
2025/10/20 05:25:49.719 [T:0x1f4f0] [DisplayControl] Exit MCCSOtherSet::GetVCP()
2025/10/20 05:25:49.824 [T:0x1f4f0] [DisplayControl] Enter MCCSOtherSet::GetVCP(), vcp code = 43
2025/10/20 05:25:49.906 [T:0x1f4f0] [DisplayControl] Exit MCCSOtherSet::GetVCP()
2025/10/20 05:25:50.012 [T:0x1f4f0] [DisplayControl] Enter MCCSOtherSet::GetVCP(), vcp code = 51
2025/10/20 05:25:50.093 [T:0x1f4f0] [DisplayControl] Exit MCCSOtherSet::GetVCP()
2025/10/20 05:25:50.200 [T:0x1f4f0] [DisplayControl] Enter MCCSOtherSet::GetVCP(), vcp code = 20
2025/10/20 05:25:50.281 [T:0x1f4f0] [DisplayControl] Exit MCCSOtherSet::GetVCP()
2025/10/20 05:25:50.387 [T:0x1f4f0] [DisplayControl] Enter MCCSOtherSet::GetVCP(), vcp code = 225
2025/10/20 05:25:50.469 [T:0x1f4f0] [DisplayControl] Exit MCCSOtherSet::GetVCP()
2025/10/20 05:25:50.575 [T:0x1f4f0] [DisplayControl] Enter MCCSOtherSet::GetVCP(), vcp code = 220
2025/10/20 05:25:50.656 [T:0x1f4f0] [DisplayControl] Exit MCCSOtherSet::GetVCP()
2025/10/20 05:25:50.762 [T:0x1f4f0] [DisplayControl] Enter MCCSOtherSet::GetVCP(), vcp code = 97
2025/10/20 05:25:50.844 [T:0x1f4f0] [DisplayControl] Exit MCCSOtherSet::GetVCP()
2025/10/20 05:25:50.949 [T:0x1f4f0] [DisplayControl] Enter MCCSOtherSet::GetVCP(), vcp code = 135
2025/10/20 05:25:51.031 [T:0x1f4f0] [DisplayControl] Exit MCCSOtherSet::GetVCP()
2025/10/20 05:25:51.137 [T:0x1f4f0] [DisplayControl] Enter MCCSOtherSet::GetVCP(), vcp code = 18
2025/10/20 05:25:51.222 [T:0x1f4f0] [DisplayControl] Exit MCCSOtherSet::GetVCP()
2025/10/20 05:25:51.324 [T:0x1f4f0] [DisplayControl] Enter MCCSOtherSet::GetVCP(), vcp code = 16
2025/10/20 05:25:51.410 [T:0x1f4f0] [DisplayControl] Exit MCCSOtherSet::GetVCP()
2025/10/20 05:25:51.512 [T:0x1f4f0] [DisplayControl] Enter MCCSOtherSet::GetVCP(), vcp code = 141
2025/10/20 05:25:51.598 [T:0x1f4f0] [DisplayControl] Exit MCCSOtherSet::GetVCP()
2025/10/20 05:25:51.700 [T:0x1f4f0] [DisplayControl] Enter MCCSOtherSet::GetVCP(), vcp code = 236
2025/10/20 05:25:51.786 [T:0x1f4f0] [DisplayControl] Exit MCCSOtherSet::GetVCP()
2025/10/20 05:25:51.887 [T:0x1f4f0] [DisplayControl] Enter MCCSOtherSet::GetVCP(), vcp code = 4
2025/10/20 05:25:51.972 [T:0x1f4f0] [DisplayControl] Exit MCCSOtherSet::GetVCP()
2025/10/20 05:25:52.074 [T:0x1f4f0] [DisplayControl] Enter MCCSOtherSet::GetVCP(), vcp code = 98
2025/10/20 05:25:52.160 [T:0x1f4f0] [DisplayControl] Exit MCCSOtherSet::GetVCP()
2025/10/20 05:25:52.262 [T:0x1f4f0] [DisplayControl] Enter MCCSOtherSet::GetVCP(), vcp code = 96
2025/10/20 05:25:52.348 [T:0x1f4f0] [DisplayControl] Exit MCCSOtherSet::GetVCP()
2025/10/20 05:25:52.449 [T:0x1f4f0] [DisplayControl] Enter MCCSOtherSet::GetVCP(), vcp code = 226
2025/10/20 05:25:52.535 [T:0x1f4f0] [DisplayControl] Exit MCCSOtherSet::GetVCP()
2025/10/20 05:25:52.637 [T:0x1f4f0] [DisplayControl] Enter MCCSOtherSet::GetVCP(), vcp code = 43
2025/10/20 05:25:52.722 [T:0x1f4f0] [DisplayControl] Exit MCCSOtherSet::GetVCP()
2025/10/20 05:25:52.824 [T:0x1f4f0] [DisplayControl] Enter MCCSOtherSet::GetVCP(), vcp code = 51
2025/10/20 05:25:52.910 [T:0x1f4f0] [DisplayControl] Exit MCCSOtherSet::GetVCP()
2025/10/20 05:25:53.011 [T:0x1f4f0] [DisplayControl] Enter MCCSOtherSet::GetVCP(), vcp code = 225
2025/10/20 05:25:53.097 [T:0x1f4f0] [DisplayControl] Exit MCCSOtherSet::GetVCP()
2025/10/20 05:25:53.199 [T:0x1f4f0] [DisplayControl] Enter MCCSOtherSet::GetVCP(), vcp code = 220
2025/10/20 05:25:53.284 [T:0x1f4f0] [DisplayControl] Exit MCCSOtherSet::GetVCP()
2025/10/20 05:25:53.386 [T:0x1f4f0] [DisplayControl] Enter MCCSOtherSet::GetVCP(), vcp code = 97
2025/10/20 05:25:53.472 [T:0x1f4f0] [DisplayControl] Exit MCCSOtherSet::GetVCP()
2025/10/20 05:25:53.574 [T:0x1f4f0] [DisplayControl] Enter MCCSOtherSet::GetVCP(), vcp code = 135
2025/10/20 05:25:53.659 [T:0x1f4f0] [DisplayControl] Exit MCCSOtherSet::GetVCP()
2025/10/20 05:25:53.770 [T:0x1f4f0] [DisplayControl] Enter MCCSOtherSet::SetVCP(), vcp code = 51
2025/10/20 05:25:53.921 [T:0x1f4f0] [DisplayControl] Exit MCCSOtherSet::SetVCP()
2025/10/20 05:25:53.944 [T:0x9caee] [DisplayControl] Enter MCCSOtherSet::GetVCP(), vcp code = 96
2025/10/20 05:25:54.082 [T:0x9caee] [DisplayControl] Exit MCCSOtherSet::GetVCP()
2025/10/20 05:27:43.983 [T:0x9caee] [DisplayControl] Enter OperationThread::ExitThread
2025/10/20 05:27:43.983 [T:0x9caee] [DisplayControl] Exit OperationThread::ExitThread
2025/10/20 05:27:43.983 [T:0x9caee] [DisplayControl] Enter OperationThread::~OperationThread()
2025/10/20 05:27:43.983 [T:0x9caee] [DisplayControl] Enter OperationThread::ExitThread
2025/10/20 05:27:43.983 [T:0x9caee] [DisplayControl] Enter OperationThread::ExitThread
2025/10/20 05:27:43.983 [T:0x9caee] [DisplayControl] Exit OperationThread::ExitThread
2025/10/20 05:27:43.983 [T:0x9caee] [DisplayControl] Enter OperationThread::~OperationThread()
2025/10/20 05:27:43.984 [T:0x9caee] [DisplayControl] Enter OperationThread::ExitThread
2025/10/20 05:27:44.056 [T:0x9caee] [DbgStr] After calling display_control_client_listener_video_port_.UpdateAllDisplayPath()
2025/10/20 05:27:44.070 [T:0x9caee] [DbgStr] After calling display_control_client_listener_.GetAllDisplayEDID()
2025/10/20 05:27:44.081 [T:0x9caee] [DisplayControl] Version = 3.0.6.0
2025/10/20 05:27:44.081 [T:0x9caee] [DisplayControl] Enter ObtainControlHandler1
2025/10/20 05:27:44.081 [T:0x9caee] [DisplayControl] GetVideoPortCommander
2025/10/20 05:27:44.081 [T:0x9caee] [DisplayControl] GetUSBHubCommander
2025/10/20 05:27:44.081 [T:0x9caee] ====== List p_lpo_display_info_video_port, # of devices is ======2
2025/10/20 05:27:44.081 [T:0x9caee] [DisplayControl] index of p_lpo_display_info_video_port0
2025/10/20 05:27:44.081 [T:0x9caee] [DisplayControl] Model name from VideoPort = VG2458
2025/10/20 05:27:44.081 [T:0x9caee] [DisplayControl] SN from VideoPort = YDJ243400006
2025/10/20 05:27:44.081 [T:0x9caee] [DisplayControl] index of p_lpo_display_info_video_port1
2025/10/20 05:27:44.081 [T:0x9caee] [DisplayControl] Model name from VideoPort = VG275
2025/10/20 05:27:44.081 [T:0x9caee] [DisplayControl] SN from VideoPort = XF6232400003
2025/10/20 05:27:44.081 [T:0x9caee] ====== List p_lpo_display_info_rtd_scalar_rts_hub, # of devices is ======0
2025/10/20 05:27:44.081 [T:0x9caee] [DisplayControl] GetVSRtkHubControlClientListener
2025/10/20 05:27:44.082 [T:0x9caee] [DisplayControl] max monitor count = 2
2025/10/20 05:27:44.082 [T:0x9caee] [DisplayControl] index of display_info_vec = 0
2025/10/20 05:27:44.082 [T:0x9caee] [DisplayControl] index of p_lpo_display_info_video_port = 0
2025/10/20 05:27:44.082 [T:0x9caee] [DisplayControl] VideoPortMatchingRule
2025/10/20 05:27:44.082 [T:0x9caee] [DisplayControl] monitor display_info_model_name = VG2458
2025/10/20 05:27:44.082 [T:0x9caee] [DisplayControl] monitor video_port_model_name = VG2458
2025/10/20 05:27:44.082 [T:0x9caee] [DisplayControl] monitor display_info_sn = YDJ243400006
2025/10/20 05:27:44.082 [T:0x9caee] [DisplayControl] monitor video_port_sn = YDJ243400006
2025/10/20 05:27:44.082 [T:0x9caee] [DisplayControl] model_name_match = 1
2025/10/20 05:27:44.082 [T:0x9caee] [DisplayControl] sn_match = 1
2025/10/20 05:27:44.082 [T:0x9caee] [DisplayControl] video_port is_match = 1
2025/10/20 05:27:44.082 [T:0x9caee] [DisplayControl] index of display_info_vec = 1
2025/10/20 05:27:44.082 [T:0x9caee] [DisplayControl] index of p_lpo_display_info_video_port = 0
2025/10/20 05:27:44.082 [T:0x9caee] [DisplayControl] VideoPortMatchingRule
2025/10/20 05:27:44.082 [T:0x9caee] [DisplayControl] monitor display_info_model_name = VG275
2025/10/20 05:27:44.082 [T:0x9caee] [DisplayControl] monitor video_port_model_name = VG2458
2025/10/20 05:27:44.082 [T:0x9caee] [DisplayControl] monitor display_info_sn = XF6232400003
2025/10/20 05:27:44.082 [T:0x9caee] [DisplayControl] monitor video_port_sn = YDJ243400006
2025/10/20 05:27:44.082 [T:0x9caee] [DisplayControl] model_name_match = 0
2025/10/20 05:27:44.082 [T:0x9caee] [DisplayControl] sn_match = 0
2025/10/20 05:27:44.082 [T:0x9caee] [DisplayControl] video_port is_match = 0
2025/10/20 05:27:44.082 [T:0x9caee] [DisplayControl] index of display_info_vec = 1
2025/10/20 05:27:44.082 [T:0x9caee] [DisplayControl] index of p_lpo_display_info_video_port = 1
2025/10/20 05:27:44.082 [T:0x9caee] [DisplayControl] VideoPortMatchingRule
2025/10/20 05:27:44.082 [T:0x9caee] [DisplayControl] monitor display_info_model_name = VG275
2025/10/20 05:27:44.082 [T:0x9caee] [DisplayControl] monitor video_port_model_name = VG275
2025/10/20 05:27:44.082 [T:0x9caee] [DisplayControl] monitor display_info_sn = XF6232400003
2025/10/20 05:27:44.082 [T:0x9caee] [DisplayControl] monitor video_port_sn = XF6232400003
2025/10/20 05:27:44.083 [T:0x9caee] [DisplayControl] model_name_match = 1
2025/10/20 05:27:44.083 [T:0x9caee] [DisplayControl] sn_match = 1
2025/10/20 05:27:44.083 [T:0x9caee] [DisplayControl] video_port is_match = 1
2025/10/20 05:27:44.083 [T:0x9caee] [DisplayControl] i = 0
2025/10/20 05:27:44.083 [T:0x9caee] [DisplayControl] Enter OperationThread::OperationThread()
2025/10/20 05:27:44.083 [T:0x9caee] [DisplayControl] Enter OperationThread::CreateThread
2025/10/20 05:27:44.083 [T:0x9caee] [DisplayControl] new DisplayFunctioner
2025/10/20 05:27:44.083 [T:0x9caee] [DisplayControl] insert displayer_vector
2025/10/20 05:27:44.083 [T:0x9caee] [DisplayControl] insert modelName_SN_to_Display_map
2025/10/20 05:27:44.083 [T:0x9caee] [DisplayControl] insert device_id_to_Displayer_map_
2025/10/20 05:27:44.083 [T:0x9caee] [DisplayControl] i = 1
2025/10/20 05:27:44.083 [T:0x9caee] [DisplayControl] Enter OperationThread::OperationThread()
2025/10/20 05:27:44.083 [T:0x9caee] [DisplayControl] Enter OperationThread::CreateThread
2025/10/20 05:27:44.083 [T:0x9caee] [DisplayControl] new DisplayFunctioner
2025/10/20 05:27:44.083 [T:0x9caee] [DisplayControl] insert displayer_vector
2025/10/20 05:27:44.083 [T:0x9caee] [DisplayControl] insert modelName_SN_to_Display_map
2025/10/20 05:27:44.083 [T:0x9caee] [DisplayControl] insert device_id_to_Displayer_map_
2025/10/20 05:27:44.083 [T:0x9caee] [DisplayControl] monitor size = 2
2025/10/20 05:27:44.083 [T:0x9caee] [DisplayControl] Exit ObtainControlHandler
2025/10/20 05:29:59.263 [T:0x9caee] [DisplayControl] Enter OperationThread::ExitThread
2025/10/20 05:29:59.263 [T:0x9caee] [DisplayControl] Exit OperationThread::ExitThread
2025/10/20 05:29:59.263 [T:0x9caee] [DisplayControl] Enter OperationThread::~OperationThread()
2025/10/20 05:29:59.263 [T:0x9caee] [DisplayControl] Enter OperationThread::ExitThread
2025/10/20 05:29:59.264 [T:0x9caee] [DisplayControl] Enter OperationThread::ExitThread
2025/10/20 05:29:59.264 [T:0x9caee] [DisplayControl] Exit OperationThread::ExitThread
2025/10/20 05:29:59.264 [T:0x9caee] [DisplayControl] Enter OperationThread::~OperationThread()
2025/10/20 05:29:59.264 [T:0x9caee] [DisplayControl] Enter OperationThread::ExitThread
2025/10/20 05:29:59.341 [T:0x9caee] [DbgStr] After calling display_control_client_listener_video_port_.UpdateAllDisplayPath()
2025/10/20 05:29:59.355 [T:0x9caee] [DbgStr] After calling display_control_client_listener_.GetAllDisplayEDID()
2025/10/20 05:29:59.367 [T:0x9caee] [DisplayControl] Version = 3.0.6.0
2025/10/20 05:29:59.367 [T:0x9caee] [DisplayControl] Enter ObtainControlHandler1
2025/10/20 05:29:59.367 [T:0x9caee] [DisplayControl] GetVideoPortCommander
2025/10/20 05:29:59.367 [T:0x9caee] [DisplayControl] GetUSBHubCommander
2025/10/20 05:29:59.367 [T:0x9caee] ====== List p_lpo_display_info_video_port, # of devices is ======2
2025/10/20 05:29:59.367 [T:0x9caee] [DisplayControl] index of p_lpo_display_info_video_port0
2025/10/20 05:29:59.367 [T:0x9caee] [DisplayControl] Model name from VideoPort = VG2458
2025/10/20 05:29:59.367 [T:0x9caee] [DisplayControl] SN from VideoPort = YDJ243400006
2025/10/20 05:29:59.367 [T:0x9caee] [DisplayControl] index of p_lpo_display_info_video_port1
2025/10/20 05:29:59.367 [T:0x9caee] [DisplayControl] Model name from VideoPort = VG275
2025/10/20 05:29:59.367 [T:0x9caee] [DisplayControl] SN from VideoPort = XF6232400003
2025/10/20 05:29:59.368 [T:0x9caee] ====== List p_lpo_display_info_rtd_scalar_rts_hub, # of devices is ======0
2025/10/20 05:29:59.368 [T:0x9caee] [DisplayControl] GetVSRtkHubControlClientListener
2025/10/20 05:29:59.368 [T:0x9caee] [DisplayControl] max monitor count = 2
2025/10/20 05:29:59.368 [T:0x9caee] [DisplayControl] index of display_info_vec = 0
2025/10/20 05:29:59.368 [T:0x9caee] [DisplayControl] index of p_lpo_display_info_video_port = 0
2025/10/20 05:29:59.368 [T:0x9caee] [DisplayControl] VideoPortMatchingRule
2025/10/20 05:29:59.368 [T:0x9caee] [DisplayControl] monitor display_info_model_name = VG2458
2025/10/20 05:29:59.368 [T:0x9caee] [DisplayControl] monitor video_port_model_name = VG2458
2025/10/20 05:29:59.368 [T:0x9caee] [DisplayControl] monitor display_info_sn = YDJ243400006
2025/10/20 05:29:59.368 [T:0x9caee] [DisplayControl] monitor video_port_sn = YDJ243400006
2025/10/20 05:29:59.368 [T:0x9caee] [DisplayControl] model_name_match = 1
2025/10/20 05:29:59.368 [T:0x9caee] [DisplayControl] sn_match = 1
2025/10/20 05:29:59.368 [T:0x9caee] [DisplayControl] video_port is_match = 1
2025/10/20 05:29:59.368 [T:0x9caee] [DisplayControl] index of display_info_vec = 1
2025/10/20 05:29:59.368 [T:0x9caee] [DisplayControl] index of p_lpo_display_info_video_port = 0
2025/10/20 05:29:59.368 [T:0x9caee] [DisplayControl] VideoPortMatchingRule
2025/10/20 05:29:59.368 [T:0x9caee] [DisplayControl] monitor display_info_model_name = VG275
2025/10/20 05:29:59.368 [T:0x9caee] [DisplayControl] monitor video_port_model_name = VG2458
2025/10/20 05:29:59.368 [T:0x9caee] [DisplayControl] monitor display_info_sn = XF6232400003
2025/10/20 05:29:59.368 [T:0x9caee] [DisplayControl] monitor video_port_sn = YDJ243400006
2025/10/20 05:29:59.368 [T:0x9caee] [DisplayControl] model_name_match = 0
2025/10/20 05:29:59.368 [T:0x9caee] [DisplayControl] sn_match = 0
2025/10/20 05:29:59.368 [T:0x9caee] [DisplayControl] video_port is_match = 0
2025/10/20 05:29:59.368 [T:0x9caee] [DisplayControl] index of display_info_vec = 1
2025/10/20 05:29:59.368 [T:0x9caee] [DisplayControl] index of p_lpo_display_info_video_port = 1
2025/10/20 05:29:59.368 [T:0x9caee] [DisplayControl] VideoPortMatchingRule
2025/10/20 05:29:59.368 [T:0x9caee] [DisplayControl] monitor display_info_model_name = VG275
2025/10/20 05:29:59.368 [T:0x9caee] [DisplayControl] monitor video_port_model_name = VG275
2025/10/20 05:29:59.368 [T:0x9caee] [DisplayControl] monitor display_info_sn = XF6232400003
2025/10/20 05:29:59.369 [T:0x9caee] [DisplayControl] monitor video_port_sn = XF6232400003
2025/10/20 05:29:59.369 [T:0x9caee] [DisplayControl] model_name_match = 1
2025/10/20 05:29:59.369 [T:0x9caee] [DisplayControl] sn_match = 1
2025/10/20 05:29:59.369 [T:0x9caee] [DisplayControl] video_port is_match = 1
2025/10/20 05:29:59.369 [T:0x9caee] [DisplayControl] i = 0
2025/10/20 05:29:59.369 [T:0x9caee] [DisplayControl] Enter OperationThread::OperationThread()
2025/10/20 05:29:59.369 [T:0x9caee] [DisplayControl] Enter OperationThread::CreateThread
2025/10/20 05:29:59.369 [T:0x9caee] [DisplayControl] new DisplayFunctioner
2025/10/20 05:29:59.369 [T:0x9caee] [DisplayControl] insert displayer_vector
2025/10/20 05:29:59.369 [T:0x9caee] [DisplayControl] insert modelName_SN_to_Display_map
2025/10/20 05:29:59.369 [T:0x9caee] [DisplayControl] insert device_id_to_Displayer_map_
2025/10/20 05:29:59.369 [T:0x9caee] [DisplayControl] i = 1
2025/10/20 05:29:59.369 [T:0x9caee] [DisplayControl] Enter OperationThread::OperationThread()
2025/10/20 05:29:59.369 [T:0x9caee] [DisplayControl] Enter OperationThread::CreateThread
2025/10/20 05:29:59.369 [T:0x9caee] [DisplayControl] new DisplayFunctioner
2025/10/20 05:29:59.369 [T:0x9caee] [DisplayControl] insert displayer_vector
2025/10/20 05:29:59.369 [T:0x9caee] [DisplayControl] insert modelName_SN_to_Display_map
2025/10/20 05:29:59.369 [T:0x9caee] [DisplayControl] insert device_id_to_Displayer_map_
2025/10/20 05:29:59.369 [T:0x9caee] [DisplayControl] monitor size = 2
2025/10/20 05:29:59.369 [T:0x9caee] [DisplayControl] Exit ObtainControlHandler
2025/10/20 05:32:00.923 [T:0x9caee] [DisplayControl] Enter OperationThread::ExitThread
2025/10/20 05:32:00.923 [T:0x9caee] [DisplayControl] Exit OperationThread::ExitThread
2025/10/20 05:32:00.923 [T:0x9caee] [DisplayControl] Enter OperationThread::~OperationThread()
2025/10/20 05:32:00.923 [T:0x9caee] [DisplayControl] Enter OperationThread::ExitThread
2025/10/20 05:32:00.923 [T:0x9caee] [DisplayControl] Enter OperationThread::ExitThread
2025/10/20 05:32:00.923 [T:0x9caee] [DisplayControl] Exit OperationThread::ExitThread
2025/10/20 05:32:00.923 [T:0x9caee] [DisplayControl] Enter OperationThread::~OperationThread()
2025/10/20 05:32:00.923 [T:0x9caee] [DisplayControl] Enter OperationThread::ExitThread
2025/10/20 05:32:00.942 [T:0x9caee] [DbgStr] After calling display_control_client_listener_video_port_.UpdateAllDisplayPath()
2025/10/20 05:32:00.954 [T:0x9caee] [DbgStr] After calling display_control_client_listener_.GetAllDisplayEDID()
2025/10/20 05:32:00.969 [T:0x9caee] [DisplayControl] Version = 3.0.6.0
2025/10/20 05:32:00.969 [T:0x9caee] [DisplayControl] Enter ObtainControlHandler1
2025/10/20 05:32:00.969 [T:0x9caee] [DisplayControl] GetVideoPortCommander
2025/10/20 05:32:00.969 [T:0x9caee] [DisplayControl] GetUSBHubCommander
2025/10/20 05:32:00.969 [T:0x9caee] ====== List p_lpo_display_info_video_port, # of devices is ======2
2025/10/20 05:32:00.969 [T:0x9caee] [DisplayControl] index of p_lpo_display_info_video_port0
2025/10/20 05:32:00.969 [T:0x9caee] [DisplayControl] Model name from VideoPort = VG2458
2025/10/20 05:32:00.970 [T:0x9caee] [DisplayControl] SN from VideoPort = YDJ243400006
2025/10/20 05:32:00.970 [T:0x9caee] [DisplayControl] index of p_lpo_display_info_video_port1
2025/10/20 05:32:00.970 [T:0x9caee] [DisplayControl] Model name from VideoPort = VG275
2025/10/20 05:32:00.970 [T:0x9caee] [DisplayControl] SN from VideoPort = XF6232400003
2025/10/20 05:32:00.970 [T:0x9caee] ====== List p_lpo_display_info_rtd_scalar_rts_hub, # of devices is ======0
2025/10/20 05:32:00.970 [T:0x9caee] [DisplayControl] GetVSRtkHubControlClientListener
2025/10/20 05:32:00.970 [T:0x9caee] [DisplayControl] max monitor count = 2
2025/10/20 05:32:00.970 [T:0x9caee] [DisplayControl] index of display_info_vec = 0
2025/10/20 05:32:00.970 [T:0x9caee] [DisplayControl] index of p_lpo_display_info_video_port = 0
2025/10/20 05:32:00.970 [T:0x9caee] [DisplayControl] VideoPortMatchingRule
2025/10/20 05:32:00.970 [T:0x9caee] [DisplayControl] monitor display_info_model_name = VG2458
2025/10/20 05:32:00.970 [T:0x9caee] [DisplayControl] monitor video_port_model_name = VG2458
2025/10/20 05:32:00.970 [T:0x9caee] [DisplayControl] monitor display_info_sn = YDJ243400006
2025/10/20 05:32:00.970 [T:0x9caee] [DisplayControl] monitor video_port_sn = YDJ243400006
2025/10/20 05:32:00.970 [T:0x9caee] [DisplayControl] model_name_match = 1
2025/10/20 05:32:00.970 [T:0x9caee] [DisplayControl] sn_match = 1
2025/10/20 05:32:00.970 [T:0x9caee] [DisplayControl] video_port is_match = 1
2025/10/20 05:32:00.970 [T:0x9caee] [DisplayControl] index of display_info_vec = 1
2025/10/20 05:32:00.970 [T:0x9caee] [DisplayControl] index of p_lpo_display_info_video_port = 0
2025/10/20 05:32:00.970 [T:0x9caee] [DisplayControl] VideoPortMatchingRule
2025/10/20 05:32:00.970 [T:0x9caee] [DisplayControl] monitor display_info_model_name = VG275
2025/10/20 05:32:00.970 [T:0x9caee] [DisplayControl] monitor video_port_model_name = VG2458
2025/10/20 05:32:00.970 [T:0x9caee] [DisplayControl] monitor display_info_sn = XF6232400003
2025/10/20 05:32:00.970 [T:0x9caee] [DisplayControl] monitor video_port_sn = YDJ243400006
2025/10/20 05:32:00.970 [T:0x9caee] [DisplayControl] model_name_match = 0
2025/10/20 05:32:00.970 [T:0x9caee] [DisplayControl] sn_match = 0
2025/10/20 05:32:00.970 [T:0x9caee] [DisplayControl] video_port is_match = 0
2025/10/20 05:32:00.970 [T:0x9caee] [DisplayControl] index of display_info_vec = 1
2025/10/20 05:32:00.971 [T:0x9caee] [DisplayControl] index of p_lpo_display_info_video_port = 1
2025/10/20 05:32:00.971 [T:0x9caee] [DisplayControl] VideoPortMatchingRule
2025/10/20 05:32:00.971 [T:0x9caee] [DisplayControl] monitor display_info_model_name = VG275
2025/10/20 05:32:00.971 [T:0x9caee] [DisplayControl] monitor video_port_model_name = VG275
2025/10/20 05:32:00.971 [T:0x9caee] [DisplayControl] monitor display_info_sn = XF6232400003
2025/10/20 05:32:00.971 [T:0x9caee] [DisplayControl] monitor video_port_sn = XF6232400003
2025/10/20 05:32:00.971 [T:0x9caee] [DisplayControl] model_name_match = 1
2025/10/20 05:32:00.971 [T:0x9caee] [DisplayControl] sn_match = 1
2025/10/20 05:32:00.971 [T:0x9caee] [DisplayControl] video_port is_match = 1
2025/10/20 05:32:00.971 [T:0x9caee] [DisplayControl] i = 0
2025/10/20 05:32:00.971 [T:0x9caee] [DisplayControl] Enter OperationThread::OperationThread()
2025/10/20 05:32:00.971 [T:0x9caee] [DisplayControl] Enter OperationThread::CreateThread
2025/10/20 05:32:00.971 [T:0x9caee] [DisplayControl] new DisplayFunctioner
2025/10/20 05:32:00.971 [T:0x9caee] [DisplayControl] insert displayer_vector
2025/10/20 05:32:00.971 [T:0x9caee] [DisplayControl] insert modelName_SN_to_Display_map
2025/10/20 05:32:00.971 [T:0x9caee] [DisplayControl] insert device_id_to_Displayer_map_
2025/10/20 05:32:00.971 [T:0x9caee] [DisplayControl] i = 1
2025/10/20 05:32:00.971 [T:0x9caee] [DisplayControl] Enter OperationThread::OperationThread()
2025/10/20 05:32:00.971 [T:0x9caee] [DisplayControl] Enter OperationThread::CreateThread
2025/10/20 05:32:00.971 [T:0x9caee] [DisplayControl] new DisplayFunctioner
2025/10/20 05:32:00.971 [T:0x9caee] [DisplayControl] insert displayer_vector
2025/10/20 05:32:00.971 [T:0x9caee] [DisplayControl] insert modelName_SN_to_Display_map
2025/10/20 05:32:00.971 [T:0x9caee] [DisplayControl] insert device_id_to_Displayer_map_
2025/10/20 05:32:00.971 [T:0x9caee] [DisplayControl] monitor size = 2
2025/10/20 05:32:00.971 [T:0x9caee] [DisplayControl] Exit ObtainControlHandler
2025/10/20 05:34:16.592 [T:0x9caee] [DisplayControl] Enter OperationThread::ExitThread
2025/10/20 05:34:16.593 [T:0x9caee] [DisplayControl] Exit OperationThread::ExitThread
2025/10/20 05:34:16.593 [T:0x9caee] [DisplayControl] Enter OperationThread::~OperationThread()
2025/10/20 05:34:16.593 [T:0x9caee] [DisplayControl] Enter OperationThread::ExitThread
2025/10/20 05:34:16.593 [T:0x9caee] [DisplayControl] Enter OperationThread::ExitThread
2025/10/20 05:34:16.593 [T:0x9caee] [DisplayControl] Exit OperationThread::ExitThread
2025/10/20 05:34:16.593 [T:0x9caee] [DisplayControl] Enter OperationThread::~OperationThread()
2025/10/20 05:34:16.593 [T:0x9caee] [DisplayControl] Enter OperationThread::ExitThread
2025/10/20 05:34:16.667 [T:0x9caee] [DbgStr] After calling display_control_client_listener_video_port_.UpdateAllDisplayPath()
2025/10/20 05:34:16.681 [T:0x9caee] [DbgStr] After calling display_control_client_listener_.GetAllDisplayEDID()
2025/10/20 05:34:16.686 [T:0x9caee] [DisplayControl] Version = 3.0.6.0
2025/10/20 05:34:16.686 [T:0x9caee] [DisplayControl] Enter ObtainControlHandler1
2025/10/20 05:34:16.686 [T:0x9caee] [DisplayControl] GetVideoPortCommander
2025/10/20 05:34:16.686 [T:0x9caee] [DisplayControl] GetUSBHubCommander
2025/10/20 05:34:16.686 [T:0x9caee] ====== List p_lpo_display_info_video_port, # of devices is ======2
2025/10/20 05:34:16.686 [T:0x9caee] [DisplayControl] index of p_lpo_display_info_video_port0
2025/10/20 05:34:16.686 [T:0x9caee] [DisplayControl] Model name from VideoPort = VG2458
2025/10/20 05:34:16.686 [T:0x9caee] [DisplayControl] SN from VideoPort = YDJ243400006
2025/10/20 05:34:16.686 [T:0x9caee] [DisplayControl] index of p_lpo_display_info_video_port1
2025/10/20 05:34:16.686 [T:0x9caee] [DisplayControl] Model name from VideoPort = VG275
2025/10/20 05:34:16.686 [T:0x9caee] [DisplayControl] SN from VideoPort = XF6232400003
2025/10/20 05:34:16.686 [T:0x9caee] ====== List p_lpo_display_info_rtd_scalar_rts_hub, # of devices is ======0
2025/10/20 05:34:16.686 [T:0x9caee] [DisplayControl] GetVSRtkHubControlClientListener
2025/10/20 05:34:16.686 [T:0x9caee] [DisplayControl] max monitor count = 2
2025/10/20 05:34:16.686 [T:0x9caee] [DisplayControl] index of display_info_vec = 0
2025/10/20 05:34:16.686 [T:0x9caee] [DisplayControl] index of p_lpo_display_info_video_port = 0
2025/10/20 05:34:16.686 [T:0x9caee] [DisplayControl] VideoPortMatchingRule
2025/10/20 05:34:16.687 [T:0x9caee] [DisplayControl] monitor display_info_model_name = VG2458
2025/10/20 05:34:16.687 [T:0x9caee] [DisplayControl] monitor video_port_model_name = VG2458
2025/10/20 05:34:16.687 [T:0x9caee] [DisplayControl] monitor display_info_sn = YDJ243400006
2025/10/20 05:34:16.687 [T:0x9caee] [DisplayControl] monitor video_port_sn = YDJ243400006
2025/10/20 05:34:16.687 [T:0x9caee] [DisplayControl] model_name_match = 1
2025/10/20 05:34:16.687 [T:0x9caee] [DisplayControl] sn_match = 1
2025/10/20 05:34:16.687 [T:0x9caee] [DisplayControl] video_port is_match = 1
2025/10/20 05:34:16.687 [T:0x9caee] [DisplayControl] index of display_info_vec = 1
2025/10/20 05:34:16.687 [T:0x9caee] [DisplayControl] index of p_lpo_display_info_video_port = 0
2025/10/20 05:34:16.687 [T:0x9caee] [DisplayControl] VideoPortMatchingRule
2025/10/20 05:34:16.687 [T:0x9caee] [DisplayControl] monitor display_info_model_name = VG275
2025/10/20 05:34:16.687 [T:0x9caee] [DisplayControl] monitor video_port_model_name = VG2458
2025/10/20 05:34:16.687 [T:0x9caee] [DisplayControl] monitor display_info_sn = XF6232400003
2025/10/20 05:34:16.687 [T:0x9caee] [DisplayControl] monitor video_port_sn = YDJ243400006
2025/10/20 05:34:16.687 [T:0x9caee] [DisplayControl] model_name_match = 0
2025/10/20 05:34:16.687 [T:0x9caee] [DisplayControl] sn_match = 0
2025/10/20 05:34:16.687 [T:0x9caee] [DisplayControl] video_port is_match = 0
2025/10/20 05:34:16.687 [T:0x9caee] [DisplayControl] index of display_info_vec = 1
2025/10/20 05:34:16.687 [T:0x9caee] [DisplayControl] index of p_lpo_display_info_video_port = 1
2025/10/20 05:34:16.687 [T:0x9caee] [DisplayControl] VideoPortMatchingRule
2025/10/20 05:34:16.687 [T:0x9caee] [DisplayControl] monitor display_info_model_name = VG275
2025/10/20 05:34:16.687 [T:0x9caee] [DisplayControl] monitor video_port_model_name = VG275
2025/10/20 05:34:16.687 [T:0x9caee] [DisplayControl] monitor display_info_sn = XF6232400003
2025/10/20 05:34:16.687 [T:0x9caee] [DisplayControl] monitor video_port_sn = XF6232400003
2025/10/20 05:34:16.687 [T:0x9caee] [DisplayControl] model_name_match = 1
2025/10/20 05:34:16.687 [T:0x9caee] [DisplayControl] sn_match = 1
2025/10/20 05:34:16.687 [T:0x9caee] [DisplayControl] video_port is_match = 1
2025/10/20 05:34:16.687 [T:0x9caee] [DisplayControl] i = 0
2025/10/20 05:34:16.687 [T:0x9caee] [DisplayControl] Enter OperationThread::OperationThread()
2025/10/20 05:34:16.687 [T:0x9caee] [DisplayControl] Enter OperationThread::CreateThread
2025/10/20 05:34:16.688 [T:0x9caee] [DisplayControl] new DisplayFunctioner
2025/10/20 05:34:16.688 [T:0x9caee] [DisplayControl] insert displayer_vector
2025/10/20 05:34:16.688 [T:0x9caee] [DisplayControl] insert modelName_SN_to_Display_map
2025/10/20 05:34:16.688 [T:0x9caee] [DisplayControl] insert device_id_to_Displayer_map_
2025/10/20 05:34:16.688 [T:0x9caee] [DisplayControl] i = 1
2025/10/20 05:34:16.688 [T:0x9caee] [DisplayControl] Enter OperationThread::OperationThread()
2025/10/20 05:34:16.688 [T:0x9caee] [DisplayControl] Enter OperationThread::CreateThread
2025/10/20 05:34:16.688 [T:0x9caee] [DisplayControl] new DisplayFunctioner
2025/10/20 05:34:16.688 [T:0x9caee] [DisplayControl] insert displayer_vector
2025/10/20 05:34:16.688 [T:0x9caee] [DisplayControl] insert modelName_SN_to_Display_map
2025/10/20 05:34:16.688 [T:0x9caee] [DisplayControl] insert device_id_to_Displayer_map_
2025/10/20 05:34:16.688 [T:0x9caee] [DisplayControl] monitor size = 2
2025/10/20 05:34:16.688 [T:0x9caee] [DisplayControl] Exit ObtainControlHandler
2025/10/20 05:36:32.320 [T:0x9caee] [DisplayControl] Enter OperationThread::ExitThread
2025/10/20 05:36:32.321 [T:0x9caee] [DisplayControl] Exit OperationThread::ExitThread
2025/10/20 05:36:32.321 [T:0x9caee] [DisplayControl] Enter OperationThread::~OperationThread()
2025/10/20 05:36:32.321 [T:0x9caee] [DisplayControl] Enter OperationThread::ExitThread
2025/10/20 05:36:32.321 [T:0x9caee] [DisplayControl] Enter OperationThread::ExitThread
2025/10/20 05:36:32.321 [T:0x9caee] [DisplayControl] Exit OperationThread::ExitThread
2025/10/20 05:36:32.321 [T:0x9caee] [DisplayControl] Enter OperationThread::~OperationThread()
2025/10/20 05:36:32.321 [T:0x9caee] [DisplayControl] Enter OperationThread::ExitThread
2025/10/20 05:36:32.406 [T:0x9caee] [DbgStr] After calling display_control_client_listener_video_port_.UpdateAllDisplayPath()
2025/10/20 05:36:32.421 [T:0x9caee] [DbgStr] After calling display_control_client_listener_.GetAllDisplayEDID()
2025/10/20 05:36:32.423 [T:0x9caee] [DisplayControl] Version = 3.0.6.0
2025/10/20 05:36:32.423 [T:0x9caee] [DisplayControl] Enter ObtainControlHandler1
2025/10/20 05:36:32.423 [T:0x9caee] [DisplayControl] GetVideoPortCommander
2025/10/20 05:36:32.423 [T:0x9caee] [DisplayControl] GetUSBHubCommander
2025/10/20 05:36:32.423 [T:0x9caee] ====== List p_lpo_display_info_video_port, # of devices is ======2
2025/10/20 05:36:32.423 [T:0x9caee] [DisplayControl] index of p_lpo_display_info_video_port0
2025/10/20 05:36:32.423 [T:0x9caee] [DisplayControl] Model name from VideoPort = VG2458
2025/10/20 05:36:32.423 [T:0x9caee] [DisplayControl] SN from VideoPort = YDJ243400006
2025/10/20 05:36:32.423 [T:0x9caee] [DisplayControl] index of p_lpo_display_info_video_port1
2025/10/20 05:36:32.423 [T:0x9caee] [DisplayControl] Model name from VideoPort = VG275
2025/10/20 05:36:32.423 [T:0x9caee] [DisplayControl] SN from VideoPort = XF6232400003
2025/10/20 05:36:32.423 [T:0x9caee] ====== List p_lpo_display_info_rtd_scalar_rts_hub, # of devices is ======0
2025/10/20 05:36:32.423 [T:0x9caee] [DisplayControl] GetVSRtkHubControlClientListener
2025/10/20 05:36:32.423 [T:0x9caee] [DisplayControl] max monitor count = 2
2025/10/20 05:36:32.424 [T:0x9caee] [DisplayControl] index of display_info_vec = 0
2025/10/20 05:36:32.424 [T:0x9caee] [DisplayControl] index of p_lpo_display_info_video_port = 0
2025/10/20 05:36:32.424 [T:0x9caee] [DisplayControl] VideoPortMatchingRule
2025/10/20 05:36:32.424 [T:0x9caee] [DisplayControl] monitor display_info_model_name = VG2458
2025/10/20 05:36:32.424 [T:0x9caee] [DisplayControl] monitor video_port_model_name = VG2458
2025/10/20 05:36:32.424 [T:0x9caee] [DisplayControl] monitor display_info_sn = YDJ243400006
2025/10/20 05:36:32.424 [T:0x9caee] [DisplayControl] monitor video_port_sn = YDJ243400006
2025/10/20 05:36:32.424 [T:0x9caee] [DisplayControl] model_name_match = 1
2025/10/20 05:36:32.424 [T:0x9caee] [DisplayControl] sn_match = 1
2025/10/20 05:36:32.424 [T:0x9caee] [DisplayControl] video_port is_match = 1
2025/10/20 05:36:32.424 [T:0x9caee] [DisplayControl] index of display_info_vec = 1
2025/10/20 05:36:32.424 [T:0x9caee] [DisplayControl] index of p_lpo_display_info_video_port = 0
2025/10/20 05:36:32.424 [T:0x9caee] [DisplayControl] VideoPortMatchingRule
2025/10/20 05:36:32.424 [T:0x9caee] [DisplayControl] monitor display_info_model_name = VG275
2025/10/20 05:36:32.424 [T:0x9caee] [DisplayControl] monitor video_port_model_name = VG2458
2025/10/20 05:36:32.424 [T:0x9caee] [DisplayControl] monitor display_info_sn = XF6232400003
2025/10/20 05:36:32.424 [T:0x9caee] [DisplayControl] monitor video_port_sn = YDJ243400006
2025/10/20 05:36:32.424 [T:0x9caee] [DisplayControl] model_name_match = 0
2025/10/20 05:36:32.424 [T:0x9caee] [DisplayControl] sn_match = 0
2025/10/20 05:36:32.424 [T:0x9caee] [DisplayControl] video_port is_match = 0
2025/10/20 05:36:32.424 [T:0x9caee] [DisplayControl] index of display_info_vec = 1
2025/10/20 05:36:32.424 [T:0x9caee] [DisplayControl] index of p_lpo_display_info_video_port = 1
2025/10/20 05:36:32.424 [T:0x9caee] [DisplayControl] VideoPortMatchingRule
2025/10/20 05:36:32.424 [T:0x9caee] [DisplayControl] monitor display_info_model_name = VG275
2025/10/20 05:36:32.424 [T:0x9caee] [DisplayControl] monitor video_port_model_name = VG275
2025/10/20 05:36:32.424 [T:0x9caee] [DisplayControl] monitor display_info_sn = XF6232400003
2025/10/20 05:36:32.424 [T:0x9caee] [DisplayControl] monitor video_port_sn = XF6232400003
2025/10/20 05:36:32.424 [T:0x9caee] [DisplayControl] model_name_match = 1
2025/10/20 05:36:32.425 [T:0x9caee] [DisplayControl] sn_match = 1
2025/10/20 05:36:32.425 [T:0x9caee] [DisplayControl] video_port is_match = 1
2025/10/20 05:36:32.425 [T:0x9caee] [DisplayControl] i = 0
2025/10/20 05:36:32.425 [T:0x9caee] [DisplayControl] Enter OperationThread::OperationThread()
2025/10/20 05:36:32.425 [T:0x9caee] [DisplayControl] Enter OperationThread::CreateThread
2025/10/20 05:36:32.425 [T:0x9caee] [DisplayControl] new DisplayFunctioner
2025/10/20 05:36:32.425 [T:0x9caee] [DisplayControl] insert displayer_vector
2025/10/20 05:36:32.425 [T:0x9caee] [DisplayControl] insert modelName_SN_to_Display_map
2025/10/20 05:36:32.425 [T:0x9caee] [DisplayControl] insert device_id_to_Displayer_map_
2025/10/20 05:36:32.425 [T:0x9caee] [DisplayControl] i = 1
2025/10/20 05:36:32.425 [T:0x9caee] [DisplayControl] Enter OperationThread::OperationThread()
2025/10/20 05:36:32.425 [T:0x9caee] [DisplayControl] Enter OperationThread::CreateThread
2025/10/20 05:36:32.425 [T:0x9caee] [DisplayControl] new DisplayFunctioner
2025/10/20 05:36:32.425 [T:0x9caee] [DisplayControl] insert displayer_vector
2025/10/20 05:36:32.425 [T:0x9caee] [DisplayControl] insert modelName_SN_to_Display_map
2025/10/20 05:36:32.425 [T:0x9caee] [DisplayControl] insert device_id_to_Displayer_map_
2025/10/20 05:36:32.425 [T:0x9caee] [DisplayControl] monitor size = 2
2025/10/20 05:36:32.425 [T:0x9caee] [DisplayControl] Exit ObtainControlHandler
2025/10/20 05:38:34.099 [T:0x9caee] [DisplayControl] Enter OperationThread::ExitThread
2025/10/20 05:38:34.099 [T:0x9caee] [DisplayControl] Exit OperationThread::ExitThread
2025/10/20 05:38:34.099 [T:0x9caee] [DisplayControl] Enter OperationThread::~OperationThread()
2025/10/20 05:38:34.099 [T:0x9caee] [DisplayControl] Enter OperationThread::ExitThread
2025/10/20 05:38:34.099 [T:0x9caee] [DisplayControl] Enter OperationThread::ExitThread
2025/10/20 05:38:34.099 [T:0x9caee] [DisplayControl] Exit OperationThread::ExitThread
2025/10/20 05:38:34.099 [T:0x9caee] [DisplayControl] Enter OperationThread::~OperationThread()
2025/10/20 05:38:34.099 [T:0x9caee] [DisplayControl] Enter OperationThread::ExitThread
2025/10/20 05:38:34.118 [T:0x9caee] [DbgStr] After calling display_control_client_listener_video_port_.UpdateAllDisplayPath()
2025/10/20 05:38:34.131 [T:0x9caee] [DbgStr] After calling display_control_client_listener_.GetAllDisplayEDID()
2025/10/20 05:38:34.132 [T:0x9caee] [DisplayControl] Version = 3.0.6.0
2025/10/20 05:38:34.133 [T:0x9caee] [DisplayControl] Enter ObtainControlHandler1
2025/10/20 05:38:34.133 [T:0x9caee] [DisplayControl] GetVideoPortCommander
2025/10/20 05:38:34.133 [T:0x9caee] [DisplayControl] GetUSBHubCommander
2025/10/20 05:38:34.133 [T:0x9caee] ====== List p_lpo_display_info_video_port, # of devices is ======2
2025/10/20 05:38:34.133 [T:0x9caee] [DisplayControl] index of p_lpo_display_info_video_port0
2025/10/20 05:38:34.133 [T:0x9caee] [DisplayControl] Model name from VideoPort = VG2458
2025/10/20 05:38:34.133 [T:0x9caee] [DisplayControl] SN from VideoPort = YDJ243400006
2025/10/20 05:38:34.133 [T:0x9caee] [DisplayControl] index of p_lpo_display_info_video_port1
2025/10/20 05:38:34.133 [T:0x9caee] [DisplayControl] Model name from VideoPort = VG275
2025/10/20 05:38:34.133 [T:0x9caee] [DisplayControl] SN from VideoPort = XF6232400003
2025/10/20 05:38:34.133 [T:0x9caee] ====== List p_lpo_display_info_rtd_scalar_rts_hub, # of devices is ======0
2025/10/20 05:38:34.133 [T:0x9caee] [DisplayControl] GetVSRtkHubControlClientListener
2025/10/20 05:38:34.133 [T:0x9caee] [DisplayControl] max monitor count = 2
2025/10/20 05:38:34.133 [T:0x9caee] [DisplayControl] index of display_info_vec = 0
2025/10/20 05:38:34.133 [T:0x9caee] [DisplayControl] index of p_lpo_display_info_video_port = 0
2025/10/20 05:38:34.133 [T:0x9caee] [DisplayControl] VideoPortMatchingRule
2025/10/20 05:38:34.133 [T:0x9caee] [DisplayControl] monitor display_info_model_name = VG2458
2025/10/20 05:38:34.133 [T:0x9caee] [DisplayControl] monitor video_port_model_name = VG2458
2025/10/20 05:38:34.133 [T:0x9caee] [DisplayControl] monitor display_info_sn = YDJ243400006
2025/10/20 05:38:34.133 [T:0x9caee] [DisplayControl] monitor video_port_sn = YDJ243400006
2025/10/20 05:38:34.133 [T:0x9caee] [DisplayControl] model_name_match = 1
2025/10/20 05:38:34.133 [T:0x9caee] [DisplayControl] sn_match = 1
2025/10/20 05:38:34.133 [T:0x9caee] [DisplayControl] video_port is_match = 1
2025/10/20 05:38:34.133 [T:0x9caee] [DisplayControl] index of display_info_vec = 1
2025/10/20 05:38:34.133 [T:0x9caee] [DisplayControl] index of p_lpo_display_info_video_port = 0
2025/10/20 05:38:34.133 [T:0x9caee] [DisplayControl] VideoPortMatchingRule
2025/10/20 05:38:34.133 [T:0x9caee] [DisplayControl] monitor display_info_model_name = VG275
2025/10/20 05:38:34.134 [T:0x9caee] [DisplayControl] monitor video_port_model_name = VG2458
2025/10/20 05:38:34.134 [T:0x9caee] [DisplayControl] monitor display_info_sn = XF6232400003
2025/10/20 05:38:34.134 [T:0x9caee] [DisplayControl] monitor video_port_sn = YDJ243400006
2025/10/20 05:38:34.134 [T:0x9caee] [DisplayControl] model_name_match = 0
2025/10/20 05:38:34.134 [T:0x9caee] [DisplayControl] sn_match = 0
2025/10/20 05:38:34.134 [T:0x9caee] [DisplayControl] video_port is_match = 0
2025/10/20 05:38:34.134 [T:0x9caee] [DisplayControl] index of display_info_vec = 1
2025/10/20 05:38:34.134 [T:0x9caee] [DisplayControl] index of p_lpo_display_info_video_port = 1
2025/10/20 05:38:34.134 [T:0x9caee] [DisplayControl] VideoPortMatchingRule
2025/10/20 05:38:34.134 [T:0x9caee] [DisplayControl] monitor display_info_model_name = VG275
2025/10/20 05:38:34.134 [T:0x9caee] [DisplayControl] monitor video_port_model_name = VG275
2025/10/20 05:38:34.134 [T:0x9caee] [DisplayControl] monitor display_info_sn = XF6232400003
2025/10/20 05:38:34.134 [T:0x9caee] [DisplayControl] monitor video_port_sn = XF6232400003
2025/10/20 05:38:34.134 [T:0x9caee] [DisplayControl] model_name_match = 1
2025/10/20 05:38:34.134 [T:0x9caee] [DisplayControl] sn_match = 1
2025/10/20 05:38:34.134 [T:0x9caee] [DisplayControl] video_port is_match = 1
2025/10/20 05:38:34.134 [T:0x9caee] [DisplayControl] i = 0
2025/10/20 05:38:34.134 [T:0x9caee] [DisplayControl] Enter OperationThread::OperationThread()
2025/10/20 05:38:34.134 [T:0x9caee] [DisplayControl] Enter OperationThread::CreateThread
2025/10/20 05:38:34.134 [T:0x9caee] [DisplayControl] new DisplayFunctioner
2025/10/20 05:38:34.134 [T:0x9caee] [DisplayControl] insert displayer_vector
2025/10/20 05:38:34.134 [T:0x9caee] [DisplayControl] insert modelName_SN_to_Display_map
2025/10/20 05:38:34.134 [T:0x9caee] [DisplayControl] insert device_id_to_Displayer_map_
2025/10/20 05:38:34.134 [T:0x9caee] [DisplayControl] i = 1
2025/10/20 05:38:34.134 [T:0x9caee] [DisplayControl] Enter OperationThread::OperationThread()
2025/10/20 05:38:34.134 [T:0x9caee] [DisplayControl] Enter OperationThread::CreateThread
2025/10/20 05:38:34.135 [T:0x9caee] [DisplayControl] new DisplayFunctioner
2025/10/20 05:38:34.135 [T:0x9caee] [DisplayControl] insert displayer_vector
2025/10/20 05:38:34.135 [T:0x9caee] [DisplayControl] insert modelName_SN_to_Display_map
2025/10/20 05:38:34.135 [T:0x9caee] [DisplayControl] insert device_id_to_Displayer_map_
2025/10/20 05:38:34.135 [T:0x9caee] [DisplayControl] monitor size = 2
2025/10/20 05:38:34.135 [T:0x9caee] [DisplayControl] Exit ObtainControlHandler
2025/10/20 05:40:38.890 [T:0xc25fe] [DisplayControl] Enter MCCSOtherSet::SetVCP(), vcp code = 16
2025/10/20 05:40:39.054 [T:0xc25fe] [DisplayControl] Exit MCCSOtherSet::SetVCP()
2025/10/20 05:42:12.240 [T:0x4226b] [DisplayControl] Enter MCCSOtherSet::SetVCP(), vcp code = 16
2025/10/20 05:42:12.434 [T:0x4226b] [DisplayControl] Exit MCCSOtherSet::SetVCP()
2025/10/20 05:43:43.588 [T:0x45e2b] [DisplayControl] Enter MCCSOtherSet::SetVCP(), vcp code = 18
2025/10/20 05:43:43.798 [T:0x45e2b] [DisplayControl] Exit MCCSOtherSet::SetVCP()
2025/10/20 05:45:15.969 [T:0x1b1d2] [DisplayControl] Enter MCCSOtherSet::SetVCP(), vcp code = 18
2025/10/20 05:45:16.164 [T:0x1b1d2] [DisplayControl] Exit MCCSOtherSet::SetVCP()
2025/10/20 05:46:48.285 [T:0x0f2c9] [DisplayControl] Enter MCCSOtherSet::SetVCP(), vcp code = 135
2025/10/20 05:46:48.479 [T:0x0f2c9] [DisplayControl] Exit MCCSOtherSet::SetVCP()
2025/10/20 05:48:20.600 [T:0xeab8f] [DisplayControl] Enter MCCSOtherSet::SetVCP(), vcp code = 135
2025/10/20 05:48:20.794 [T:0xeab8f] [DisplayControl] Exit MCCSOtherSet::SetVCP()
2025/10/20 05:49:52.786 [T:0x9caee] [DisplayControl] Enter MCCSOtherSet::SetVCP(), vcp code = 98
2025/10/20 05:49:53.279 [T:0x9caee] [DisplayControl] Exit MCCSOtherSet::SetVCP()
2025/10/20 05:49:53.388 [T:0xe614b] [DisplayControl] Enter MCCSOtherSet::SetVCP(), vcp code = 98
2025/10/20 05:49:53.582 [T:0xe614b] [DisplayControl] Exit MCCSOtherSet::SetVCP()
2025/10/20 05:51:25.135 [T:0x9caee] [DisplayControl] Enter MCCSOtherSet::SetVCP(), vcp code = 98
2025/10/20 05:51:25.366 [T:0x9caee] [DisplayControl] Exit MCCSOtherSet::SetVCP()
2025/10/20 05:51:25.478 [T:0x64b22] [DisplayControl] Enter MCCSOtherSet::SetVCP(), vcp code = 98
2025/10/20 05:51:25.641 [T:0x64b22] [DisplayControl] Exit MCCSOtherSet::SetVCP()
2025/10/20 05:53:01.109 [T:0xc0020] [DisplayControl] Enter MCCSOtherSet::SetVCP(), vcp code = 220
2025/10/20 05:53:02.095 [T:0xc0020] [DisplayControl] Exit MCCSOtherSet::SetVCP()
2025/10/20 05:53:07.716 [T:0xc0020] [DisplayControl] Enter MCCSOtherSet::GetVCP(), vcp code = 18
2025/10/20 05:53:07.798 [T:0xc0020] [DisplayControl] Exit MCCSOtherSet::GetVCP()
2025/10/20 05:53:08.513 [T:0xc0020] [DisplayControl] Enter MCCSOtherSet::GetVCP(), vcp code = 16
2025/10/20 05:53:08.594 [T:0xc0020] [DisplayControl] Exit MCCSOtherSet::GetVCP()
2025/10/20 05:53:09.310 [T:0xc0020] [DisplayControl] Enter MCCSOtherSet::GetVCP(), vcp code = 20
2025/10/20 05:53:09.391 [T:0xc0020] [DisplayControl] Exit MCCSOtherSet::GetVCP()
2025/10/20 05:53:10.107 [T:0xc0020] [DisplayControl] Enter MCCSOtherSet::GetVCP(), vcp code = 135
2025/10/20 05:53:10.188 [T:0xc0020] [DisplayControl] Exit MCCSOtherSet::GetVCP()
2025/10/20 05:54:54.705 [T:0x4d63c] [DisplayControl] Enter MCCSOtherSet::SetVCP(), vcp code = 220
2025/10/20 05:54:55.676 [T:0x4d63c] [DisplayControl] Exit MCCSOtherSet::SetVCP()
2025/10/20 05:55:01.298 [T:0x4d63c] [DisplayControl] Enter MCCSOtherSet::GetVCP(), vcp code = 18
2025/10/20 05:55:01.379 [T:0x4d63c] [DisplayControl] Exit MCCSOtherSet::GetVCP()
2025/10/20 05:55:02.095 [T:0x4d63c] [DisplayControl] Enter MCCSOtherSet::GetVCP(), vcp code = 16
2025/10/20 05:55:02.177 [T:0x4d63c] [DisplayControl] Exit MCCSOtherSet::GetVCP()
2025/10/20 05:55:02.892 [T:0x4d63c] [DisplayControl] Enter MCCSOtherSet::GetVCP(), vcp code = 20
2025/10/20 05:55:02.974 [T:0x4d63c] [DisplayControl] Exit MCCSOtherSet::GetVCP()
2025/10/20 05:55:03.689 [T:0x4d63c] [DisplayControl] Enter MCCSOtherSet::GetVCP(), vcp code = 135
2025/10/20 05:55:03.770 [T:0x4d63c] [DisplayControl] Exit MCCSOtherSet::GetVCP()
2025/10/20 05:56:48.284 [T:0xab6a5] [DisplayControl] Enter MCCSOtherSet::SetVCP(), vcp code = 220
2025/10/20 05:56:49.272 [T:0xab6a5] [DisplayControl] Exit MCCSOtherSet::SetVCP()
2025/10/20 05:56:54.894 [T:0xab6a5] [DisplayControl] Enter MCCSOtherSet::GetVCP(), vcp code = 18
2025/10/20 05:56:54.976 [T:0xab6a5] [DisplayControl] Exit MCCSOtherSet::GetVCP()
2025/10/20 05:56:55.690 [T:0xab6a5] [DisplayControl] Enter MCCSOtherSet::GetVCP(), vcp code = 16
2025/10/20 05:56:55.772 [T:0xab6a5] [DisplayControl] Exit MCCSOtherSet::GetVCP()
2025/10/20 05:56:56.487 [T:0xab6a5] [DisplayControl] Enter MCCSOtherSet::GetVCP(), vcp code = 20
2025/10/20 05:56:56.569 [T:0xab6a5] [DisplayControl] Exit MCCSOtherSet::GetVCP()
2025/10/20 05:56:57.284 [T:0xab6a5] [DisplayControl] Enter MCCSOtherSet::GetVCP(), vcp code = 135
2025/10/20 05:56:57.366 [T:0xab6a5] [DisplayControl] Exit MCCSOtherSet::GetVCP()
2025/10/20 05:58:41.881 [T:0x69cc4] [DisplayControl] Enter MCCSOtherSet::SetVCP(), vcp code = 220
2025/10/20 05:58:42.869 [T:0x69cc4] [DisplayControl] Exit MCCSOtherSet::SetVCP()
2025/10/20 05:58:48.490 [T:0x69cc4] [DisplayControl] Enter MCCSOtherSet::GetVCP(), vcp code = 18
2025/10/20 05:58:48.572 [T:0x69cc4] [DisplayControl] Exit MCCSOtherSet::GetVCP()
2025/10/20 05:58:49.287 [T:0x69cc4] [DisplayControl] Enter MCCSOtherSet::GetVCP(), vcp code = 16
2025/10/20 05:58:49.368 [T:0x69cc4] [DisplayControl] Exit MCCSOtherSet::GetVCP()
2025/10/20 05:58:50.084 [T:0x69cc4] [DisplayControl] Enter MCCSOtherSet::GetVCP(), vcp code = 20
2025/10/20 05:58:50.165 [T:0x69cc4] [DisplayControl] Exit MCCSOtherSet::GetVCP()
2025/10/20 05:58:50.881 [T:0x69cc4] [DisplayControl] Enter MCCSOtherSet::GetVCP(), vcp code = 135
2025/10/20 05:58:50.962 [T:0x69cc4] [DisplayControl] Exit MCCSOtherSet::GetVCP()
2025/10/20 06:00:35.466 [T:0xbf9e1] [DisplayControl] Enter MCCSOtherSet::SetVCP(), vcp code = 220
2025/10/20 06:00:36.437 [T:0xbf9e1] [DisplayControl] Exit MCCSOtherSet::SetVCP()
2025/10/20 06:00:42.059 [T:0xbf9e1] [DisplayControl] Enter MCCSOtherSet::GetVCP(), vcp code = 18
2025/10/20 06:00:42.141 [T:0xbf9e1] [DisplayControl] Exit MCCSOtherSet::GetVCP()
2025/10/20 06:00:42.856 [T:0xbf9e1] [DisplayControl] Enter MCCSOtherSet::GetVCP(), vcp code = 16
2025/10/20 06:00:42.937 [T:0xbf9e1] [DisplayControl] Exit MCCSOtherSet::GetVCP()
2025/10/20 06:00:43.652 [T:0xbf9e1] [DisplayControl] Enter MCCSOtherSet::GetVCP(), vcp code = 20
2025/10/20 06:00:43.734 [T:0xbf9e1] [DisplayControl] Exit MCCSOtherSet::GetVCP()
2025/10/20 06:00:44.449 [T:0xbf9e1] [DisplayControl] Enter MCCSOtherSet::GetVCP(), vcp code = 135
2025/10/20 06:00:44.531 [T:0xbf9e1] [DisplayControl] Exit MCCSOtherSet::GetVCP()
2025/10/20 06:02:29.059 [T:0x0938a] [DisplayControl] Enter MCCSOtherSet::SetVCP(), vcp code = 220
2025/10/20 06:02:30.045 [T:0x0938a] [DisplayControl] Exit MCCSOtherSet::SetVCP()
2025/10/20 06:02:35.666 [T:0x0938a] [DisplayControl] Enter MCCSOtherSet::GetVCP(), vcp code = 18
2025/10/20 06:02:35.748 [T:0x0938a] [DisplayControl] Exit MCCSOtherSet::GetVCP()
2025/10/20 06:02:36.463 [T:0x0938a] [DisplayControl] Enter MCCSOtherSet::GetVCP(), vcp code = 16
2025/10/20 06:02:36.545 [T:0x0938a] [DisplayControl] Exit MCCSOtherSet::GetVCP()
2025/10/20 06:02:37.260 [T:0x0938a] [DisplayControl] Enter MCCSOtherSet::GetVCP(), vcp code = 20
2025/10/20 06:02:37.342 [T:0x0938a] [DisplayControl] Exit MCCSOtherSet::GetVCP()
2025/10/20 06:02:38.057 [T:0x0938a] [DisplayControl] Enter MCCSOtherSet::GetVCP(), vcp code = 135
2025/10/20 06:02:38.139 [T:0x0938a] [DisplayControl] Exit MCCSOtherSet::GetVCP()
2025/10/20 06:04:22.673 [T:0xe0006] [DisplayControl] Enter MCCSOtherSet::SetVCP(), vcp code = 220
2025/10/20 06:04:23.646 [T:0xe0006] [DisplayControl] Exit MCCSOtherSet::SetVCP()
2025/10/20 06:04:29.267 [T:0xe0006] [DisplayControl] Enter MCCSOtherSet::GetVCP(), vcp code = 18
2025/10/20 06:04:29.349 [T:0xe0006] [DisplayControl] Exit MCCSOtherSet::GetVCP()
2025/10/20 06:04:30.063 [T:0xe0006] [DisplayControl] Enter MCCSOtherSet::GetVCP(), vcp code = 16
2025/10/20 06:04:30.145 [T:0xe0006] [DisplayControl] Exit MCCSOtherSet::GetVCP()
2025/10/20 06:04:30.860 [T:0xe0006] [DisplayControl] Enter MCCSOtherSet::GetVCP(), vcp code = 20
2025/10/20 06:04:30.942 [T:0xe0006] [DisplayControl] Exit MCCSOtherSet::GetVCP()
2025/10/20 06:04:31.657 [T:0xe0006] [DisplayControl] Enter MCCSOtherSet::GetVCP(), vcp code = 135
2025/10/20 06:04:31.739 [T:0xe0006] [DisplayControl] Exit MCCSOtherSet::GetVCP()
2025/10/20 06:06:16.283 [T:0x054d7] [DisplayControl] Enter MCCSOtherSet::SetVCP(), vcp code = 220
2025/10/20 06:06:17.269 [T:0x054d7] [DisplayControl] Exit MCCSOtherSet::SetVCP()
2025/10/20 06:06:22.890 [T:0x054d7] [DisplayControl] Enter MCCSOtherSet::GetVCP(), vcp code = 18
2025/10/20 06:06:22.971 [T:0x054d7] [DisplayControl] Exit MCCSOtherSet::GetVCP()
2025/10/20 06:06:23.687 [T:0x054d7] [DisplayControl] Enter MCCSOtherSet::GetVCP(), vcp code = 16
2025/10/20 06:06:23.768 [T:0x054d7] [DisplayControl] Exit MCCSOtherSet::GetVCP()
2025/10/20 06:06:24.483 [T:0x054d7] [DisplayControl] Enter MCCSOtherSet::GetVCP(), vcp code = 20
2025/10/20 06:06:24.565 [T:0x054d7] [DisplayControl] Exit MCCSOtherSet::GetVCP()
2025/10/20 06:06:25.280 [T:0x054d7] [DisplayControl] Enter MCCSOtherSet::GetVCP(), vcp code = 135
2025/10/20 06:06:25.362 [T:0x054d7] [DisplayControl] Exit MCCSOtherSet::GetVCP()
2025/10/20 06:08:09.814 [T:0x8b4ee] [DisplayControl] Enter MCCSOtherSet::SetVCP(), vcp code = 220
2025/10/20 06:08:10.784 [T:0x8b4ee] [DisplayControl] Exit MCCSOtherSet::SetVCP()
2025/10/20 06:08:16.405 [T:0x8b4ee] [DisplayControl] Enter MCCSOtherSet::GetVCP(), vcp code = 18
2025/10/20 06:08:16.487 [T:0x8b4ee] [DisplayControl] Exit MCCSOtherSet::GetVCP()
2025/10/20 06:08:17.202 [T:0x8b4ee] [DisplayControl] Enter MCCSOtherSet::GetVCP(), vcp code = 16
2025/10/20 06:08:17.284 [T:0x8b4ee] [DisplayControl] Exit MCCSOtherSet::GetVCP()
2025/10/20 06:08:17.999 [T:0x8b4ee] [DisplayControl] Enter MCCSOtherSet::GetVCP(), vcp code = 20
2025/10/20 06:08:18.081 [T:0x8b4ee] [DisplayControl] Exit MCCSOtherSet::GetVCP()
2025/10/20 06:08:18.796 [T:0x8b4ee] [DisplayControl] Enter MCCSOtherSet::GetVCP(), vcp code = 135
2025/10/20 06:08:18.877 [T:0x8b4ee] [DisplayControl] Exit MCCSOtherSet::GetVCP()
2025/10/20 06:10:03.403 [T:0x28838] [DisplayControl] Enter MCCSOtherSet::SetVCP(), vcp code = 220
2025/10/20 06:10:04.374 [T:0x28838] [DisplayControl] Exit MCCSOtherSet::SetVCP()
2025/10/20 06:10:09.995 [T:0x28838] [DisplayControl] Enter MCCSOtherSet::GetVCP(), vcp code = 18
2025/10/20 06:10:10.076 [T:0x28838] [DisplayControl] Exit MCCSOtherSet::GetVCP()
2025/10/20 06:10:10.791 [T:0x28838] [DisplayControl] Enter MCCSOtherSet::GetVCP(), vcp code = 16
2025/10/20 06:10:10.873 [T:0x28838] [DisplayControl] Exit MCCSOtherSet::GetVCP()
2025/10/20 06:10:11.588 [T:0x28838] [DisplayControl] Enter MCCSOtherSet::GetVCP(), vcp code = 20
2025/10/20 06:10:11.670 [T:0x28838] [DisplayControl] Exit MCCSOtherSet::GetVCP()
2025/10/20 06:10:12.385 [T:0x28838] [DisplayControl] Enter MCCSOtherSet::GetVCP(), vcp code = 135
2025/10/20 06:10:12.467 [T:0x28838] [DisplayControl] Exit MCCSOtherSet::GetVCP()
2025/10/20 06:11:56.951 [T:0x58a9e] [DisplayControl] Enter MCCSOtherSet::SetVCP(), vcp code = 220
2025/10/20 06:11:57.921 [T:0x58a9e] [DisplayControl] Exit MCCSOtherSet::SetVCP()
2025/10/20 06:12:03.542 [T:0x58a9e] [DisplayControl] Enter MCCSOtherSet::GetVCP(), vcp code = 18
2025/10/20 06:12:03.624 [T:0x58a9e] [DisplayControl] Exit MCCSOtherSet::GetVCP()
2025/10/20 06:12:04.339 [T:0x58a9e] [DisplayControl] Enter MCCSOtherSet::GetVCP(), vcp code = 16
2025/10/20 06:12:04.421 [T:0x58a9e] [DisplayControl] Exit MCCSOtherSet::GetVCP()
2025/10/20 06:12:05.136 [T:0x58a9e] [DisplayControl] Enter MCCSOtherSet::GetVCP(), vcp code = 20
2025/10/20 06:12:05.217 [T:0x58a9e] [DisplayControl] Exit MCCSOtherSet::GetVCP()
2025/10/20 06:12:05.933 [T:0x58a9e] [DisplayControl] Enter MCCSOtherSet::GetVCP(), vcp code = 135
2025/10/20 06:12:06.014 [T:0x58a9e] [DisplayControl] Exit MCCSOtherSet::GetVCP()
2025/10/20 06:13:50.494 [T:0xad2c3] [DisplayControl] Enter MCCSOtherSet::SetVCP(), vcp code = 220
2025/10/20 06:13:51.464 [T:0xad2c3] [DisplayControl] Exit MCCSOtherSet::SetVCP()
2025/10/20 06:13:57.086 [T:0xad2c3] [DisplayControl] Enter MCCSOtherSet::GetVCP(), vcp code = 18
2025/10/20 06:13:57.167 [T:0xad2c3] [DisplayControl] Exit MCCSOtherSet::GetVCP()
2025/10/20 06:13:57.882 [T:0xad2c3] [DisplayControl] Enter MCCSOtherSet::GetVCP(), vcp code = 16
2025/10/20 06:13:57.964 [T:0xad2c3] [DisplayControl] Exit MCCSOtherSet::GetVCP()
2025/10/20 06:13:58.679 [T:0xad2c3] [DisplayControl] Enter MCCSOtherSet::GetVCP(), vcp code = 20
2025/10/20 06:13:58.761 [T:0xad2c3] [DisplayControl] Exit MCCSOtherSet::GetVCP()
2025/10/20 06:13:59.476 [T:0xad2c3] [DisplayControl] Enter MCCSOtherSet::GetVCP(), vcp code = 135
2025/10/20 06:13:59.557 [T:0xad2c3] [DisplayControl] Exit MCCSOtherSet::GetVCP()
2025/10/20 06:15:44.002 [T:0xcc2ad] [DisplayControl] Enter MCCSOtherSet::SetVCP(), vcp code = 220
2025/10/20 06:15:44.987 [T:0xcc2ad] [DisplayControl] Exit MCCSOtherSet::SetVCP()
2025/10/20 06:15:50.608 [T:0xcc2ad] [DisplayControl] Enter MCCSOtherSet::GetVCP(), vcp code = 18
2025/10/20 06:15:50.690 [T:0xcc2ad] [DisplayControl] Exit MCCSOtherSet::GetVCP()
2025/10/20 06:15:51.405 [T:0xcc2ad] [DisplayControl] Enter MCCSOtherSet::GetVCP(), vcp code = 16
2025/10/20 06:15:51.487 [T:0xcc2ad] [DisplayControl] Exit MCCSOtherSet::GetVCP()
2025/10/20 06:15:52.202 [T:0xcc2ad] [DisplayControl] Enter MCCSOtherSet::GetVCP(), vcp code = 20
2025/10/20 06:15:52.284 [T:0xcc2ad] [DisplayControl] Exit MCCSOtherSet::GetVCP()
2025/10/20 06:15:52.999 [T:0xcc2ad] [DisplayControl] Enter MCCSOtherSet::GetVCP(), vcp code = 135
2025/10/20 06:15:53.080 [T:0xcc2ad] [DisplayControl] Exit MCCSOtherSet::GetVCP()
2025/10/20 06:17:51.883 [T:0x7fe83] [DisplayControl] Enter MCCSOtherSet::SetVCP(), vcp code = 4
2025/10/20 06:17:52.818 [T:0x7fe83] [DisplayControl] Exit MCCSOtherSet::SetVCP()
2025/10/20 06:17:57.930 [T:0x7fe83] [DisplayControl] Enter OperationThread::ExitThread
2025/10/20 06:17:57.930 [T:0x7fe83] [DisplayControl] Exit OperationThread::ExitThread
2025/10/20 06:17:57.930 [T:0x7fe83] [DisplayControl] Enter OperationThread::~OperationThread()
2025/10/20 06:17:57.930 [T:0x7fe83] [DisplayControl] Enter OperationThread::ExitThread
2025/10/20 06:17:57.930 [T:0x7fe83] [DisplayControl] Enter OperationThread::ExitThread
2025/10/20 06:17:57.931 [T:0x7fe83] [DisplayControl] Exit OperationThread::ExitThread
2025/10/20 06:17:57.931 [T:0x7fe83] [DisplayControl] Enter OperationThread::~OperationThread()
2025/10/20 06:17:57.931 [T:0x7fe83] [DisplayControl] Enter OperationThread::ExitThread
2025/10/20 06:17:57.951 [T:0x7fe83] [DbgStr] After calling display_control_client_listener_video_port_.UpdateAllDisplayPath()
2025/10/20 06:17:57.964 [T:0x7fe83] [DbgStr] After calling display_control_client_listener_.GetAllDisplayEDID()
2025/10/20 06:17:57.966 [T:0x7fe83] [DisplayControl] Version = 3.0.6.0
2025/10/20 06:17:57.966 [T:0x7fe83] [DisplayControl] Enter ObtainControlHandler1
2025/10/20 06:17:57.966 [T:0x7fe83] [DisplayControl] GetVideoPortCommander
2025/10/20 06:17:57.966 [T:0x7fe83] [DisplayControl] GetUSBHubCommander
2025/10/20 06:17:57.966 [T:0x7fe83] ====== List p_lpo_display_info_video_port, # of devices is ======2
2025/10/20 06:17:57.966 [T:0x7fe83] [DisplayControl] index of p_lpo_display_info_video_port0
2025/10/20 06:17:57.966 [T:0x7fe83] [DisplayControl] Model name from VideoPort = VG2458
2025/10/20 06:17:57.966 [T:0x7fe83] [DisplayControl] SN from VideoPort = YDJ243400006
2025/10/20 06:17:57.966 [T:0x7fe83] [DisplayControl] index of p_lpo_display_info_video_port1
2025/10/20 06:17:57.966 [T:0x7fe83] [DisplayControl] Model name from VideoPort = VG275
2025/10/20 06:17:57.966 [T:0x7fe83] [DisplayControl] SN from VideoPort = XF6232400003
2025/10/20 06:17:57.966 [T:0x7fe83] ====== List p_lpo_display_info_rtd_scalar_rts_hub, # of devices is ======0
2025/10/20 06:17:57.967 [T:0x7fe83] [DisplayControl] GetVSRtkHubControlClientListener
2025/10/20 06:17:57.967 [T:0x7fe83] [DisplayControl] max monitor count = 2
2025/10/20 06:17:57.967 [T:0x7fe83] [DisplayControl] index of display_info_vec = 0
2025/10/20 06:17:57.967 [T:0x7fe83] [DisplayControl] index of p_lpo_display_info_video_port = 0
2025/10/20 06:17:57.967 [T:0x7fe83] [DisplayControl] VideoPortMatchingRule
2025/10/20 06:17:57.967 [T:0x7fe83] [DisplayControl] monitor display_info_model_name = VG2458
2025/10/20 06:17:57.967 [T:0x7fe83] [DisplayControl] monitor video_port_model_name = VG2458
2025/10/20 06:17:57.967 [T:0x7fe83] [DisplayControl] monitor display_info_sn = YDJ243400006
2025/10/20 06:17:57.967 [T:0x7fe83] [DisplayControl] monitor video_port_sn = YDJ243400006
2025/10/20 06:17:57.967 [T:0x7fe83] [DisplayControl] model_name_match = 1
2025/10/20 06:17:57.967 [T:0x7fe83] [DisplayControl] sn_match = 1
2025/10/20 06:17:57.967 [T:0x7fe83] [DisplayControl] video_port is_match = 1
2025/10/20 06:17:57.967 [T:0x7fe83] [DisplayControl] index of display_info_vec = 1
2025/10/20 06:17:57.967 [T:0x7fe83] [DisplayControl] index of p_lpo_display_info_video_port = 0
2025/10/20 06:17:57.967 [T:0x7fe83] [DisplayControl] VideoPortMatchingRule
2025/10/20 06:17:57.967 [T:0x7fe83] [DisplayControl] monitor display_info_model_name = VG275
2025/10/20 06:17:57.967 [T:0x7fe83] [DisplayControl] monitor video_port_model_name = VG2458
2025/10/20 06:17:57.967 [T:0x7fe83] [DisplayControl] monitor display_info_sn = XF6232400003
2025/10/20 06:17:57.967 [T:0x7fe83] [DisplayControl] monitor video_port_sn = YDJ243400006
2025/10/20 06:17:57.967 [T:0x7fe83] [DisplayControl] model_name_match = 0
2025/10/20 06:17:57.967 [T:0x7fe83] [DisplayControl] sn_match = 0
2025/10/20 06:17:57.967 [T:0x7fe83] [DisplayControl] video_port is_match = 0
2025/10/20 06:17:57.967 [T:0x7fe83] [DisplayControl] index of display_info_vec = 1
2025/10/20 06:17:57.967 [T:0x7fe83] [DisplayControl] index of p_lpo_display_info_video_port = 1
2025/10/20 06:17:57.967 [T:0x7fe83] [DisplayControl] VideoPortMatchingRule
2025/10/20 06:17:57.967 [T:0x7fe83] [DisplayControl] monitor display_info_model_name = VG275
2025/10/20 06:17:57.967 [T:0x7fe83] [DisplayControl] monitor video_port_model_name = VG275
2025/10/20 06:17:57.967 [T:0x7fe83] [DisplayControl] monitor display_info_sn = XF6232400003
2025/10/20 06:17:57.968 [T:0x7fe83] [DisplayControl] monitor video_port_sn = XF6232400003
2025/10/20 06:17:57.968 [T:0x7fe83] [DisplayControl] model_name_match = 1
2025/10/20 06:17:57.968 [T:0x7fe83] [DisplayControl] sn_match = 1
2025/10/20 06:17:57.968 [T:0x7fe83] [DisplayControl] video_port is_match = 1
2025/10/20 06:17:57.968 [T:0x7fe83] [DisplayControl] i = 0
2025/10/20 06:17:57.968 [T:0x7fe83] [DisplayControl] Enter OperationThread::OperationThread()
2025/10/20 06:17:57.968 [T:0x7fe83] [DisplayControl] Enter OperationThread::CreateThread
2025/10/20 06:17:57.968 [T:0x7fe83] [DisplayControl] new DisplayFunctioner
2025/10/20 06:17:57.968 [T:0x7fe83] [DisplayControl] insert displayer_vector
2025/10/20 06:17:57.968 [T:0x7fe83] [DisplayControl] insert modelName_SN_to_Display_map
2025/10/20 06:17:57.968 [T:0x7fe83] [DisplayControl] insert device_id_to_Displayer_map_
2025/10/20 06:17:57.968 [T:0x7fe83] [DisplayControl] i = 1
2025/10/20 06:17:57.968 [T:0x7fe83] [DisplayControl] Enter OperationThread::OperationThread()
2025/10/20 06:17:57.968 [T:0x7fe83] [DisplayControl] Enter OperationThread::CreateThread
2025/10/20 06:17:57.968 [T:0x7fe83] [DisplayControl] new DisplayFunctioner
2025/10/20 06:17:57.968 [T:0x7fe83] [DisplayControl] insert displayer_vector
2025/10/20 06:17:57.968 [T:0x7fe83] [DisplayControl] insert modelName_SN_to_Display_map
2025/10/20 06:17:57.968 [T:0x7fe83] [DisplayControl] insert device_id_to_Displayer_map_
2025/10/20 06:17:57.968 [T:0x7fe83] [DisplayControl] monitor size = 2
2025/10/20 06:17:57.968 [T:0x7fe83] [DisplayControl] Exit ObtainControlHandler
2025/10/20 06:17:57.968 [T:0x7fe83] [DisplayControl] Enter MCCSOtherSet::GetVCP(), vcp code = 16
2025/10/20 06:17:58.042 [T:0x7fe83] [DisplayControl] Exit MCCSOtherSet::GetVCP()
2025/10/20 06:17:58.043 [T:0x7fe83] [DisplayControl] Enter MCCSOtherSet::GetVCP(), vcp code = 18
2025/10/20 06:17:58.183 [T:0x7fe83] [DisplayControl] Exit MCCSOtherSet::GetVCP()
2025/10/20 06:17:58.289 [T:0x7fe83] [DisplayControl] Enter MCCSOtherSet::GetVCP(), vcp code = 16
2025/10/20 06:17:58.370 [T:0x7fe83] [DisplayControl] Exit MCCSOtherSet::GetVCP()
2025/10/20 06:17:58.476 [T:0x7fe83] [DisplayControl] Enter MCCSOtherSet::GetVCP(), vcp code = 141
2025/10/20 06:17:58.558 [T:0x7fe83] [DisplayControl] Exit MCCSOtherSet::GetVCP()
2025/10/20 06:17:58.664 [T:0x7fe83] [DisplayControl] Enter MCCSOtherSet::GetVCP(), vcp code = 4
2025/10/20 06:17:58.745 [T:0x7fe83] [DisplayControl] Exit MCCSOtherSet::GetVCP()
2025/10/20 06:17:58.851 [T:0x7fe83] [DisplayControl] Enter MCCSOtherSet::GetVCP(), vcp code = 98
2025/10/20 06:17:58.933 [T:0x7fe83] [DisplayControl] Exit MCCSOtherSet::GetVCP()
2025/10/20 06:17:59.039 [T:0x7fe83] [DisplayControl] Enter MCCSOtherSet::GetVCP(), vcp code = 96
2025/10/20 06:17:59.120 [T:0x7fe83] [DisplayControl] Exit MCCSOtherSet::GetVCP()
2025/10/20 06:17:59.226 [T:0x7fe83] [DisplayControl] Enter MCCSOtherSet::GetVCP(), vcp code = 245
2025/10/20 06:17:59.308 [T:0x7fe83] [DisplayControl] Exit MCCSOtherSet::GetVCP()
2025/10/20 06:17:59.413 [T:0x7fe83] [DisplayControl] Enter MCCSOtherSet::GetVCP(), vcp code = 43
2025/10/20 06:17:59.495 [T:0x7fe83] [DisplayControl] Exit MCCSOtherSet::GetVCP()
2025/10/20 06:17:59.601 [T:0x7fe83] [DisplayControl] Enter MCCSOtherSet::GetVCP(), vcp code = 51
2025/10/20 06:17:59.682 [T:0x7fe83] [DisplayControl] Exit MCCSOtherSet::GetVCP()
2025/10/20 06:17:59.788 [T:0x7fe83] [DisplayControl] Enter MCCSOtherSet::GetVCP(), vcp code = 20
2025/10/20 06:17:59.870 [T:0x7fe83] [DisplayControl] Exit MCCSOtherSet::GetVCP()
2025/10/20 06:17:59.976 [T:0x7fe83] [DisplayControl] Enter MCCSOtherSet::GetVCP(), vcp code = 225
2025/10/20 06:18:00.058 [T:0x7fe83] [DisplayControl] Exit MCCSOtherSet::GetVCP()
2025/10/20 06:18:00.164 [T:0x7fe83] [DisplayControl] Enter MCCSOtherSet::GetVCP(), vcp code = 220
2025/10/20 06:18:00.245 [T:0x7fe83] [DisplayControl] Exit MCCSOtherSet::GetVCP()
2025/10/20 06:18:00.330 [T:0x9caee] [DisplayControl] Enter MCCSOtherSet::GetVCP(), vcp code = 96
2025/10/20 06:18:00.351 [T:0x7fe83] [DisplayControl] Enter MCCSOtherSet::GetVCP(), vcp code = 97
2025/10/20 06:18:00.410 [T:0x9caee] [DisplayControl] Exit MCCSOtherSet::GetVCP()
2025/10/20 06:18:00.583 [T:0x7fe83] [DisplayControl] Exit MCCSOtherSet::GetVCP()
2025/10/20 06:18:00.685 [T:0x7fe83] [DisplayControl] Enter MCCSOtherSet::GetVCP(), vcp code = 135
2025/10/20 06:18:00.899 [T:0x7fe83] [DisplayControl] Exit MCCSOtherSet::GetVCP()
2025/10/20 06:18:01.000 [T:0x7fe83] [DisplayControl] Enter MCCSOtherSet::GetVCP(), vcp code = 18
2025/10/20 06:18:01.086 [T:0x7fe83] [DisplayControl] Exit MCCSOtherSet::GetVCP()
2025/10/20 06:18:01.188 [T:0x7fe83] [DisplayControl] Enter MCCSOtherSet::GetVCP(), vcp code = 16
2025/10/20 06:18:01.274 [T:0x7fe83] [DisplayControl] Exit MCCSOtherSet::GetVCP()
2025/10/20 06:18:01.376 [T:0x7fe83] [DisplayControl] Enter MCCSOtherSet::GetVCP(), vcp code = 141
2025/10/20 06:18:01.461 [T:0x7fe83] [DisplayControl] Exit MCCSOtherSet::GetVCP()
2025/10/20 06:18:01.563 [T:0x7fe83] [DisplayControl] Enter MCCSOtherSet::GetVCP(), vcp code = 236
2025/10/20 06:18:01.649 [T:0x7fe83] [DisplayControl] Exit MCCSOtherSet::GetVCP()
2025/10/20 06:18:01.751 [T:0x7fe83] [DisplayControl] Enter MCCSOtherSet::GetVCP(), vcp code = 4
2025/10/20 06:18:01.837 [T:0x7fe83] [DisplayControl] Exit MCCSOtherSet::GetVCP()
2025/10/20 06:18:01.938 [T:0x7fe83] [DisplayControl] Enter MCCSOtherSet::GetVCP(), vcp code = 98
2025/10/20 06:18:02.024 [T:0x7fe83] [DisplayControl] Exit MCCSOtherSet::GetVCP()
2025/10/20 06:18:02.126 [T:0x7fe83] [DisplayControl] Enter MCCSOtherSet::GetVCP(), vcp code = 96
2025/10/20 06:18:02.211 [T:0x7fe83] [DisplayControl] Exit MCCSOtherSet::GetVCP()
2025/10/20 06:18:02.313 [T:0x7fe83] [DisplayControl] Enter MCCSOtherSet::GetVCP(), vcp code = 226
2025/10/20 06:18:02.399 [T:0x7fe83] [DisplayControl] Exit MCCSOtherSet::GetVCP()
2025/10/20 06:18:02.501 [T:0x7fe83] [DisplayControl] Enter MCCSOtherSet::GetVCP(), vcp code = 43
2025/10/20 06:18:02.586 [T:0x7fe83] [DisplayControl] Exit MCCSOtherSet::GetVCP()
2025/10/20 06:18:02.688 [T:0x7fe83] [DisplayControl] Enter MCCSOtherSet::GetVCP(), vcp code = 51
2025/10/20 06:18:02.774 [T:0x7fe83] [DisplayControl] Exit MCCSOtherSet::GetVCP()
2025/10/20 06:18:02.876 [T:0x7fe83] [DisplayControl] Enter MCCSOtherSet::GetVCP(), vcp code = 225
2025/10/20 06:18:02.961 [T:0x7fe83] [DisplayControl] Exit MCCSOtherSet::GetVCP()
2025/10/20 06:18:03.063 [T:0x7fe83] [DisplayControl] Enter MCCSOtherSet::GetVCP(), vcp code = 220
2025/10/20 06:18:03.149 [T:0x7fe83] [DisplayControl] Exit MCCSOtherSet::GetVCP()
2025/10/20 06:18:03.251 [T:0x7fe83] [DisplayControl] Enter MCCSOtherSet::GetVCP(), vcp code = 97
2025/10/20 06:18:03.336 [T:0x7fe83] [DisplayControl] Exit MCCSOtherSet::GetVCP()
2025/10/20 06:18:03.438 [T:0x7fe83] [DisplayControl] Enter MCCSOtherSet::GetVCP(), vcp code = 135
2025/10/20 06:18:03.524 [T:0x7fe83] [DisplayControl] Exit MCCSOtherSet::GetVCP()
2025/10/20 06:19:09.514 [T:0xcec65] [DisplayControl] Enter MCCSOtherSet::SetVCP(), vcp code = 20
2025/10/20 06:19:09.702 [T:0xcec65] [DisplayControl] Exit MCCSOtherSet::SetVCP()
2025/10/20 06:19:10.308 [T:0xcec65] [DisplayControl] Enter MCCSOtherSet::GetVCP(), vcp code = 18
2025/10/20 06:19:10.390 [T:0xcec65] [DisplayControl] Exit MCCSOtherSet::GetVCP()
2025/10/20 06:19:11.105 [T:0xcec65] [DisplayControl] Enter MCCSOtherSet::GetVCP(), vcp code = 16
2025/10/20 06:19:11.187 [T:0xcec65] [DisplayControl] Exit MCCSOtherSet::GetVCP()
2025/10/20 06:19:11.902 [T:0xcec65] [DisplayControl] Enter MCCSOtherSet::GetVCP(), vcp code = 20
2025/10/20 06:19:11.984 [T:0xcec65] [DisplayControl] Exit MCCSOtherSet::GetVCP()
2025/10/20 06:19:12.699 [T:0xcec65] [DisplayControl] Enter MCCSOtherSet::GetVCP(), vcp code = 135
2025/10/20 06:19:12.781 [T:0xcec65] [DisplayControl] Exit MCCSOtherSet::GetVCP()
2025/10/20 06:20:56.847 [T:0x16585] [DisplayControl] Enter MCCSOtherSet::SetVCP(), vcp code = 20
2025/10/20 06:20:57.036 [T:0x16585] [DisplayControl] Exit MCCSOtherSet::SetVCP()
2025/10/20 06:20:57.642 [T:0x16585] [DisplayControl] Enter MCCSOtherSet::GetVCP(), vcp code = 18
2025/10/20 06:20:57.723 [T:0x16585] [DisplayControl] Exit MCCSOtherSet::GetVCP()
2025/10/20 06:20:58.438 [T:0x16585] [DisplayControl] Enter MCCSOtherSet::GetVCP(), vcp code = 16
2025/10/20 06:20:58.520 [T:0x16585] [DisplayControl] Exit MCCSOtherSet::GetVCP()
2025/10/20 06:20:59.235 [T:0x16585] [DisplayControl] Enter MCCSOtherSet::GetVCP(), vcp code = 20
2025/10/20 06:20:59.317 [T:0x16585] [DisplayControl] Exit MCCSOtherSet::GetVCP()
2025/10/20 06:21:00.032 [T:0x16585] [DisplayControl] Enter MCCSOtherSet::GetVCP(), vcp code = 135
2025/10/20 06:21:00.114 [T:0x16585] [DisplayControl] Exit MCCSOtherSet::GetVCP()
2025/10/20 06:22:44.128 [T:0xb9ffa] [DisplayControl] Enter MCCSOtherSet::SetVCP(), vcp code = 20
2025/10/20 06:22:44.332 [T:0xb9ffa] [DisplayControl] Exit MCCSOtherSet::SetVCP()
2025/10/20 06:22:44.938 [T:0xb9ffa] [DisplayControl] Enter MCCSOtherSet::GetVCP(), vcp code = 18
2025/10/20 06:22:45.020 [T:0xb9ffa] [DisplayControl] Exit MCCSOtherSet::GetVCP()
2025/10/20 06:22:45.735 [T:0xb9ffa] [DisplayControl] Enter MCCSOtherSet::GetVCP(), vcp code = 16
2025/10/20 06:22:45.816 [T:0xb9ffa] [DisplayControl] Exit MCCSOtherSet::GetVCP()
2025/10/20 06:22:46.532 [T:0xb9ffa] [DisplayControl] Enter MCCSOtherSet::GetVCP(), vcp code = 20
2025/10/20 06:22:46.613 [T:0xb9ffa] [DisplayControl] Exit MCCSOtherSet::GetVCP()
2025/10/20 06:22:47.328 [T:0xb9ffa] [DisplayControl] Enter MCCSOtherSet::GetVCP(), vcp code = 135
2025/10/20 06:22:47.411 [T:0xb9ffa] [DisplayControl] Exit MCCSOtherSet::GetVCP()
2025/10/20 06:24:31.498 [T:0x55d62] [DisplayControl] Enter MCCSOtherSet::SetVCP(), vcp code = 20
2025/10/20 06:24:31.688 [T:0x55d62] [DisplayControl] Exit MCCSOtherSet::SetVCP()
2025/10/20 06:24:32.293 [T:0x55d62] [DisplayControl] Enter MCCSOtherSet::GetVCP(), vcp code = 18
2025/10/20 06:24:32.375 [T:0x55d62] [DisplayControl] Exit MCCSOtherSet::GetVCP()
2025/10/20 06:24:33.090 [T:0x55d62] [DisplayControl] Enter MCCSOtherSet::GetVCP(), vcp code = 16
2025/10/20 06:24:33.172 [T:0x55d62] [DisplayControl] Exit MCCSOtherSet::GetVCP()
2025/10/20 06:24:33.887 [T:0x55d62] [DisplayControl] Enter MCCSOtherSet::GetVCP(), vcp code = 20
2025/10/20 06:24:33.969 [T:0x55d62] [DisplayControl] Exit MCCSOtherSet::GetVCP()
2025/10/20 06:24:34.684 [T:0x55d62] [DisplayControl] Enter MCCSOtherSet::GetVCP(), vcp code = 135
2025/10/20 06:24:34.766 [T:0x55d62] [DisplayControl] Exit MCCSOtherSet::GetVCP()
2025/10/20 06:26:18.891 [T:0x44416] [DisplayControl] Enter MCCSOtherSet::SetVCP(), vcp code = 20
2025/10/20 06:26:19.080 [T:0x44416] [DisplayControl] Exit MCCSOtherSet::SetVCP()
2025/10/20 06:26:19.685 [T:0x44416] [DisplayControl] Enter MCCSOtherSet::GetVCP(), vcp code = 18
2025/10/20 06:26:19.767 [T:0x44416] [DisplayControl] Exit MCCSOtherSet::GetVCP()
2025/10/20 06:26:20.482 [T:0x44416] [DisplayControl] Enter MCCSOtherSet::GetVCP(), vcp code = 16
2025/10/20 06:26:20.564 [T:0x44416] [DisplayControl] Exit MCCSOtherSet::GetVCP()
2025/10/20 06:26:21.279 [T:0x44416] [DisplayControl] Enter MCCSOtherSet::GetVCP(), vcp code = 20
2025/10/20 06:26:21.360 [T:0x44416] [DisplayControl] Exit MCCSOtherSet::GetVCP()
2025/10/20 06:26:22.076 [T:0x44416] [DisplayControl] Enter MCCSOtherSet::GetVCP(), vcp code = 135
2025/10/20 06:26:22.157 [T:0x44416] [DisplayControl] Exit MCCSOtherSet::GetVCP()
2025/10/20 06:28:23.628 [T:0x9f247] [DisplayControl] Enter MCCSOtherSet::SetVCP(), vcp code = 4
2025/10/20 06:28:24.565 [T:0x9f247] [DisplayControl] Exit MCCSOtherSet::SetVCP()
2025/10/20 06:28:29.684 [T:0x9f247] [DisplayControl] Enter OperationThread::ExitThread
2025/10/20 06:28:29.684 [T:0x9f247] [DisplayControl] Exit OperationThread::ExitThread
2025/10/20 06:28:29.684 [T:0x9f247] [DisplayControl] Enter OperationThread::~OperationThread()
2025/10/20 06:28:29.684 [T:0x9f247] [DisplayControl] Enter OperationThread::ExitThread
2025/10/20 06:28:29.684 [T:0x9f247] [DisplayControl] Enter OperationThread::ExitThread
2025/10/20 06:28:29.685 [T:0x9f247] [DisplayControl] Exit OperationThread::ExitThread
2025/10/20 06:28:29.685 [T:0x9f247] [DisplayControl] Enter OperationThread::~OperationThread()
2025/10/20 06:28:29.685 [T:0x9f247] [DisplayControl] Enter OperationThread::ExitThread
2025/10/20 06:28:29.705 [T:0x9f247] [DbgStr] After calling display_control_client_listener_video_port_.UpdateAllDisplayPath()
2025/10/20 06:28:29.718 [T:0x9f247] [DbgStr] After calling display_control_client_listener_.GetAllDisplayEDID()
2025/10/20 06:28:29.719 [T:0x9f247] [DisplayControl] Version = 3.0.6.0
2025/10/20 06:28:29.719 [T:0x9f247] [DisplayControl] Enter ObtainControlHandler1
2025/10/20 06:28:29.719 [T:0x9f247] [DisplayControl] GetVideoPortCommander
2025/10/20 06:28:29.720 [T:0x9f247] [DisplayControl] GetUSBHubCommander
2025/10/20 06:28:29.720 [T:0x9f247] ====== List p_lpo_display_info_video_port, # of devices is ======2
2025/10/20 06:28:29.720 [T:0x9f247] [DisplayControl] index of p_lpo_display_info_video_port0
2025/10/20 06:28:29.720 [T:0x9f247] [DisplayControl] Model name from VideoPort = VG2458
2025/10/20 06:28:29.720 [T:0x9f247] [DisplayControl] SN from VideoPort = YDJ243400006
2025/10/20 06:28:29.720 [T:0x9f247] [DisplayControl] index of p_lpo_display_info_video_port1
2025/10/20 06:28:29.720 [T:0x9f247] [DisplayControl] Model name from VideoPort = VG275
2025/10/20 06:28:29.720 [T:0x9f247] [DisplayControl] SN from VideoPort = XF6232400003
2025/10/20 06:28:29.720 [T:0x9f247] ====== List p_lpo_display_info_rtd_scalar_rts_hub, # of devices is ======0
2025/10/20 06:28:29.720 [T:0x9f247] [DisplayControl] GetVSRtkHubControlClientListener
2025/10/20 06:28:29.720 [T:0x9f247] [DisplayControl] max monitor count = 2
2025/10/20 06:28:29.720 [T:0x9f247] [DisplayControl] index of display_info_vec = 0
2025/10/20 06:28:29.720 [T:0x9f247] [DisplayControl] index of p_lpo_display_info_video_port = 0
2025/10/20 06:28:29.720 [T:0x9f247] [DisplayControl] VideoPortMatchingRule
2025/10/20 06:28:29.720 [T:0x9f247] [DisplayControl] monitor display_info_model_name = VG2458
2025/10/20 06:28:29.720 [T:0x9f247] [DisplayControl] monitor video_port_model_name = VG2458
2025/10/20 06:28:29.720 [T:0x9f247] [DisplayControl] monitor display_info_sn = YDJ243400006
2025/10/20 06:28:29.720 [T:0x9f247] [DisplayControl] monitor video_port_sn = YDJ243400006
2025/10/20 06:28:29.720 [T:0x9f247] [DisplayControl] model_name_match = 1
2025/10/20 06:28:29.720 [T:0x9f247] [DisplayControl] sn_match = 1
2025/10/20 06:28:29.720 [T:0x9f247] [DisplayControl] video_port is_match = 1
2025/10/20 06:28:29.720 [T:0x9f247] [DisplayControl] index of display_info_vec = 1
2025/10/20 06:28:29.720 [T:0x9f247] [DisplayControl] index of p_lpo_display_info_video_port = 0
2025/10/20 06:28:29.720 [T:0x9f247] [DisplayControl] VideoPortMatchingRule
2025/10/20 06:28:29.720 [T:0x9f247] [DisplayControl] monitor display_info_model_name = VG275
2025/10/20 06:28:29.720 [T:0x9f247] [DisplayControl] monitor video_port_model_name = VG2458
2025/10/20 06:28:29.720 [T:0x9f247] [DisplayControl] monitor display_info_sn = XF6232400003
2025/10/20 06:28:29.720 [T:0x9f247] [DisplayControl] monitor video_port_sn = YDJ243400006
2025/10/20 06:28:29.721 [T:0x9f247] [DisplayControl] model_name_match = 0
2025/10/20 06:28:29.721 [T:0x9f247] [DisplayControl] sn_match = 0
2025/10/20 06:28:29.721 [T:0x9f247] [DisplayControl] video_port is_match = 0
2025/10/20 06:28:29.721 [T:0x9f247] [DisplayControl] index of display_info_vec = 1
2025/10/20 06:28:29.721 [T:0x9f247] [DisplayControl] index of p_lpo_display_info_video_port = 1
2025/10/20 06:28:29.721 [T:0x9f247] [DisplayControl] VideoPortMatchingRule
2025/10/20 06:28:29.721 [T:0x9f247] [DisplayControl] monitor display_info_model_name = VG275
2025/10/20 06:28:29.721 [T:0x9f247] [DisplayControl] monitor video_port_model_name = VG275
2025/10/20 06:28:29.721 [T:0x9f247] [DisplayControl] monitor display_info_sn = XF6232400003
2025/10/20 06:28:29.721 [T:0x9f247] [DisplayControl] monitor video_port_sn = XF6232400003
2025/10/20 06:28:29.721 [T:0x9f247] [DisplayControl] model_name_match = 1
2025/10/20 06:28:29.721 [T:0x9f247] [DisplayControl] sn_match = 1
2025/10/20 06:28:29.721 [T:0x9f247] [DisplayControl] video_port is_match = 1
2025/10/20 06:28:29.721 [T:0x9f247] [DisplayControl] i = 0
2025/10/20 06:28:29.721 [T:0x9f247] [DisplayControl] Enter OperationThread::OperationThread()
2025/10/20 06:28:29.721 [T:0x9f247] [DisplayControl] Enter OperationThread::CreateThread
2025/10/20 06:28:29.721 [T:0x9f247] [DisplayControl] new DisplayFunctioner
2025/10/20 06:28:29.721 [T:0x9f247] [DisplayControl] insert displayer_vector
2025/10/20 06:28:29.721 [T:0x9f247] [DisplayControl] insert modelName_SN_to_Display_map
2025/10/20 06:28:29.721 [T:0x9f247] [DisplayControl] insert device_id_to_Displayer_map_
2025/10/20 06:28:29.721 [T:0x9f247] [DisplayControl] i = 1
2025/10/20 06:28:29.721 [T:0x9f247] [DisplayControl] Enter OperationThread::OperationThread()
2025/10/20 06:28:29.721 [T:0x9f247] [DisplayControl] Enter OperationThread::CreateThread
2025/10/20 06:28:29.721 [T:0x9f247] [DisplayControl] new DisplayFunctioner
2025/10/20 06:28:29.721 [T:0x9f247] [DisplayControl] insert displayer_vector
2025/10/20 06:28:29.722 [T:0x9f247] [DisplayControl] insert modelName_SN_to_Display_map
2025/10/20 06:28:29.722 [T:0x9f247] [DisplayControl] insert device_id_to_Displayer_map_
2025/10/20 06:28:29.722 [T:0x9f247] [DisplayControl] monitor size = 2
2025/10/20 06:28:29.722 [T:0x9f247] [DisplayControl] Exit ObtainControlHandler
2025/10/20 06:28:29.722 [T:0x9f247] [DisplayControl] Enter MCCSOtherSet::GetVCP(), vcp code = 16
2025/10/20 06:28:29.796 [T:0x9f247] [DisplayControl] Exit MCCSOtherSet::GetVCP()
2025/10/20 06:28:29.797 [T:0x9f247] [DisplayControl] Enter MCCSOtherSet::GetVCP(), vcp code = 18
2025/10/20 06:28:29.937 [T:0x9f247] [DisplayControl] Exit MCCSOtherSet::GetVCP()
2025/10/20 06:28:30.043 [T:0x9f247] [DisplayControl] Enter MCCSOtherSet::GetVCP(), vcp code = 16
2025/10/20 06:28:30.124 [T:0x9f247] [DisplayControl] Exit MCCSOtherSet::GetVCP()
2025/10/20 06:28:30.230 [T:0x9f247] [DisplayControl] Enter MCCSOtherSet::GetVCP(), vcp code = 141
2025/10/20 06:28:30.312 [T:0x9f247] [DisplayControl] Exit MCCSOtherSet::GetVCP()
2025/10/20 06:28:30.418 [T:0x9f247] [DisplayControl] Enter MCCSOtherSet::GetVCP(), vcp code = 4
2025/10/20 06:28:30.499 [T:0x9f247] [DisplayControl] Exit MCCSOtherSet::GetVCP()
2025/10/20 06:28:30.605 [T:0x9f247] [DisplayControl] Enter MCCSOtherSet::GetVCP(), vcp code = 98
2025/10/20 06:28:30.687 [T:0x9f247] [DisplayControl] Exit MCCSOtherSet::GetVCP()
2025/10/20 06:28:30.793 [T:0x9f247] [DisplayControl] Enter MCCSOtherSet::GetVCP(), vcp code = 96
2025/10/20 06:28:30.874 [T:0x9f247] [DisplayControl] Exit MCCSOtherSet::GetVCP()
2025/10/20 06:28:30.980 [T:0x9f247] [DisplayControl] Enter MCCSOtherSet::GetVCP(), vcp code = 245
2025/10/20 06:28:31.062 [T:0x9f247] [DisplayControl] Exit MCCSOtherSet::GetVCP()
2025/10/20 06:28:31.168 [T:0x9f247] [DisplayControl] Enter MCCSOtherSet::GetVCP(), vcp code = 43
2025/10/20 06:28:31.249 [T:0x9f247] [DisplayControl] Exit MCCSOtherSet::GetVCP()
2025/10/20 06:28:31.355 [T:0x9f247] [DisplayControl] Enter MCCSOtherSet::GetVCP(), vcp code = 51
2025/10/20 06:28:31.437 [T:0x9f247] [DisplayControl] Exit MCCSOtherSet::GetVCP()
2025/10/20 06:28:31.543 [T:0x9f247] [DisplayControl] Enter MCCSOtherSet::GetVCP(), vcp code = 20
2025/10/20 06:28:31.624 [T:0x9f247] [DisplayControl] Exit MCCSOtherSet::GetVCP()
2025/10/20 06:28:31.730 [T:0x9f247] [DisplayControl] Enter MCCSOtherSet::GetVCP(), vcp code = 225
2025/10/20 06:28:31.812 [T:0x9f247] [DisplayControl] Exit MCCSOtherSet::GetVCP()
2025/10/20 06:28:31.918 [T:0x9f247] [DisplayControl] Enter MCCSOtherSet::GetVCP(), vcp code = 220
2025/10/20 06:28:31.999 [T:0x9f247] [DisplayControl] Exit MCCSOtherSet::GetVCP()
2025/10/20 06:28:32.036 [T:0x9caee] [DisplayControl] Enter MCCSOtherSet::GetVCP(), vcp code = 96
2025/10/20 06:28:32.104 [T:0x9f247] [DisplayControl] Enter MCCSOtherSet::GetVCP(), vcp code = 97
2025/10/20 06:28:32.147 [T:0x9caee] [DisplayControl] Exit MCCSOtherSet::GetVCP()
2025/10/20 06:28:32.337 [T:0x9f247] [DisplayControl] Exit MCCSOtherSet::GetVCP()
2025/10/20 06:28:32.439 [T:0x9f247] [DisplayControl] Enter MCCSOtherSet::GetVCP(), vcp code = 135
2025/10/20 06:28:32.652 [T:0x9f247] [DisplayControl] Exit MCCSOtherSet::GetVCP()
2025/10/20 06:28:32.766 [T:0x9f247] [DisplayControl] Enter MCCSOtherSet::GetVCP(), vcp code = 18
2025/10/20 06:28:32.841 [T:0x9f247] [DisplayControl] Exit MCCSOtherSet::GetVCP()
2025/10/20 06:28:32.943 [T:0x9f247] [DisplayControl] Enter MCCSOtherSet::GetVCP(), vcp code = 16
2025/10/20 06:28:33.029 [T:0x9f247] [DisplayControl] Exit MCCSOtherSet::GetVCP()
2025/10/20 06:28:33.131 [T:0x9f247] [DisplayControl] Enter MCCSOtherSet::GetVCP(), vcp code = 141
2025/10/20 06:28:33.216 [T:0x9f247] [DisplayControl] Exit MCCSOtherSet::GetVCP()
2025/10/20 06:28:33.318 [T:0x9f247] [DisplayControl] Enter MCCSOtherSet::GetVCP(), vcp code = 236
2025/10/20 06:28:33.404 [T:0x9f247] [DisplayControl] Exit MCCSOtherSet::GetVCP()
2025/10/20 06:28:33.506 [T:0x9f247] [DisplayControl] Enter MCCSOtherSet::GetVCP(), vcp code = 4
2025/10/20 06:28:33.591 [T:0x9f247] [DisplayControl] Exit MCCSOtherSet::GetVCP()
2025/10/20 06:28:33.693 [T:0x9f247] [DisplayControl] Enter MCCSOtherSet::GetVCP(), vcp code = 98
2025/10/20 06:28:33.778 [T:0x9f247] [DisplayControl] Exit MCCSOtherSet::GetVCP()
2025/10/20 06:28:33.880 [T:0x9f247] [DisplayControl] Enter MCCSOtherSet::GetVCP(), vcp code = 96
2025/10/20 06:28:33.966 [T:0x9f247] [DisplayControl] Exit MCCSOtherSet::GetVCP()
2025/10/20 06:28:34.068 [T:0x9f247] [DisplayControl] Enter MCCSOtherSet::GetVCP(), vcp code = 226
2025/10/20 06:28:34.153 [T:0x9f247] [DisplayControl] Exit MCCSOtherSet::GetVCP()
2025/10/20 06:28:34.256 [T:0x9f247] [DisplayControl] Enter MCCSOtherSet::GetVCP(), vcp code = 43
2025/10/20 06:28:34.341 [T:0x9f247] [DisplayControl] Exit MCCSOtherSet::GetVCP()
2025/10/20 06:28:34.443 [T:0x9f247] [DisplayControl] Enter MCCSOtherSet::GetVCP(), vcp code = 51
2025/10/20 06:28:34.528 [T:0x9f247] [DisplayControl] Exit MCCSOtherSet::GetVCP()
2025/10/20 06:28:34.630 [T:0x9f247] [DisplayControl] Enter MCCSOtherSet::GetVCP(), vcp code = 225
2025/10/20 06:28:34.716 [T:0x9f247] [DisplayControl] Exit MCCSOtherSet::GetVCP()
2025/10/20 06:28:34.818 [T:0x9f247] [DisplayControl] Enter MCCSOtherSet::GetVCP(), vcp code = 220
2025/10/20 06:28:34.903 [T:0x9f247] [DisplayControl] Exit MCCSOtherSet::GetVCP()
2025/10/20 06:28:35.005 [T:0x9f247] [DisplayControl] Enter MCCSOtherSet::GetVCP(), vcp code = 97
2025/10/20 06:28:35.091 [T:0x9f247] [DisplayControl] Exit MCCSOtherSet::GetVCP()
2025/10/20 06:28:35.193 [T:0x9f247] [DisplayControl] Enter MCCSOtherSet::GetVCP(), vcp code = 135
2025/10/20 06:28:35.278 [T:0x9f247] [DisplayControl] Exit MCCSOtherSet::GetVCP()
2025/10/20 06:29:40.045 [T:0x9caee] [DisplayControl] Enter MCCSOtherSet::GetVCP(), vcp code = 96
2025/10/20 06:29:40.152 [T:0x9caee] [DisplayControl] Exit MCCSOtherSet::GetVCP()
2025/10/20 06:29:40.378 [T:0x703b7] [DisplayControl] Enter MCCSOtherSet::GetVCP(), vcp code = 18
2025/10/20 06:29:40.456 [T:0x703b7] [DisplayControl] Exit MCCSOtherSet::GetVCP()
2025/10/20 06:29:40.569 [T:0x703b7] [DisplayControl] Enter MCCSOtherSet::GetVCP(), vcp code = 16
2025/10/20 06:29:40.655 [T:0x703b7] [DisplayControl] Exit MCCSOtherSet::GetVCP()
2025/10/20 06:29:40.757 [T:0x703b7] [DisplayControl] Enter MCCSOtherSet::GetVCP(), vcp code = 141
2025/10/20 06:29:40.842 [T:0x703b7] [DisplayControl] Exit MCCSOtherSet::GetVCP()
2025/10/20 06:29:40.944 [T:0x703b7] [DisplayControl] Enter MCCSOtherSet::GetVCP(), vcp code = 236
2025/10/20 06:29:41.030 [T:0x703b7] [DisplayControl] Exit MCCSOtherSet::GetVCP()
2025/10/20 06:29:41.132 [T:0x703b7] [DisplayControl] Enter MCCSOtherSet::GetVCP(), vcp code = 4
2025/10/20 06:29:41.217 [T:0x703b7] [DisplayControl] Exit MCCSOtherSet::GetVCP()
2025/10/20 06:29:41.319 [T:0x703b7] [DisplayControl] Enter MCCSOtherSet::GetVCP(), vcp code = 98
2025/10/20 06:29:41.405 [T:0x703b7] [DisplayControl] Exit MCCSOtherSet::GetVCP()
2025/10/20 06:29:41.507 [T:0x703b7] [DisplayControl] Enter MCCSOtherSet::GetVCP(), vcp code = 96
2025/10/20 06:29:41.592 [T:0x703b7] [DisplayControl] Exit MCCSOtherSet::GetVCP()
2025/10/20 06:29:41.694 [T:0x703b7] [DisplayControl] Enter MCCSOtherSet::GetVCP(), vcp code = 226
2025/10/20 06:29:41.780 [T:0x703b7] [DisplayControl] Exit MCCSOtherSet::GetVCP()
2025/10/20 06:29:41.882 [T:0x703b7] [DisplayControl] Enter MCCSOtherSet::GetVCP(), vcp code = 43
2025/10/20 06:29:41.967 [T:0x703b7] [DisplayControl] Exit MCCSOtherSet::GetVCP()
2025/10/20 06:29:42.069 [T:0x703b7] [DisplayControl] Enter MCCSOtherSet::GetVCP(), vcp code = 51
2025/10/20 06:29:42.155 [T:0x703b7] [DisplayControl] Exit MCCSOtherSet::GetVCP()
2025/10/20 06:29:42.257 [T:0x703b7] [DisplayControl] Enter MCCSOtherSet::GetVCP(), vcp code = 225
2025/10/20 06:29:42.342 [T:0x703b7] [DisplayControl] Exit MCCSOtherSet::GetVCP()
2025/10/20 06:29:42.444 [T:0x703b7] [DisplayControl] Enter MCCSOtherSet::GetVCP(), vcp code = 220
2025/10/20 06:29:42.530 [T:0x703b7] [DisplayControl] Exit MCCSOtherSet::GetVCP()
2025/10/20 06:29:42.632 [T:0x703b7] [DisplayControl] Enter MCCSOtherSet::GetVCP(), vcp code = 97
2025/10/20 06:29:42.717 [T:0x703b7] [DisplayControl] Exit MCCSOtherSet::GetVCP()
2025/10/20 06:29:42.819 [T:0x703b7] [DisplayControl] Enter MCCSOtherSet::GetVCP(), vcp code = 135
2025/10/20 06:29:42.904 [T:0x703b7] [DisplayControl] Exit MCCSOtherSet::GetVCP()
2025/10/20 06:29:56.800 [T:0x703b7] [DisplayControl] Enter MCCSOtherSet::SetVCP(), vcp code = 4
2025/10/20 06:29:57.742 [T:0x703b7] [DisplayControl] Exit MCCSOtherSet::SetVCP()
2025/10/20 06:30:02.860 [T:0x703b7] [DisplayControl] Enter OperationThread::ExitThread
2025/10/20 06:30:02.860 [T:0x703b7] [DisplayControl] Exit OperationThread::ExitThread
2025/10/20 06:30:02.860 [T:0x703b7] [DisplayControl] Enter OperationThread::~OperationThread()
2025/10/20 06:30:02.860 [T:0x703b7] [DisplayControl] Enter OperationThread::ExitThread
2025/10/20 06:30:02.860 [T:0x703b7] [DisplayControl] Enter OperationThread::ExitThread
2025/10/20 06:30:02.861 [T:0x703b7] [DisplayControl] Exit OperationThread::ExitThread
2025/10/20 06:30:02.861 [T:0x703b7] [DisplayControl] Enter OperationThread::~OperationThread()
2025/10/20 06:30:02.861 [T:0x703b7] [DisplayControl] Enter OperationThread::ExitThread
2025/10/20 06:30:02.881 [T:0x703b7] [DbgStr] After calling display_control_client_listener_video_port_.UpdateAllDisplayPath()
2025/10/20 06:30:02.894 [T:0x703b7] [DbgStr] After calling display_control_client_listener_.GetAllDisplayEDID()
2025/10/20 06:30:02.895 [T:0x703b7] [DisplayControl] Version = 3.0.6.0
2025/10/20 06:30:02.895 [T:0x703b7] [DisplayControl] Enter ObtainControlHandler1
2025/10/20 06:30:02.895 [T:0x703b7] [DisplayControl] GetVideoPortCommander
2025/10/20 06:30:02.895 [T:0x703b7] [DisplayControl] GetUSBHubCommander
2025/10/20 06:30:02.895 [T:0x703b7] ====== List p_lpo_display_info_video_port, # of devices is ======2
2025/10/20 06:30:02.895 [T:0x703b7] [DisplayControl] index of p_lpo_display_info_video_port0
2025/10/20 06:30:02.895 [T:0x703b7] [DisplayControl] Model name from VideoPort = VG2458
2025/10/20 06:30:02.896 [T:0x703b7] [DisplayControl] SN from VideoPort = YDJ243400006
2025/10/20 06:30:02.896 [T:0x703b7] [DisplayControl] index of p_lpo_display_info_video_port1
2025/10/20 06:30:02.896 [T:0x703b7] [DisplayControl] Model name from VideoPort = VG275
2025/10/20 06:30:02.896 [T:0x703b7] [DisplayControl] SN from VideoPort = XF6232400003
2025/10/20 06:30:02.896 [T:0x703b7] ====== List p_lpo_display_info_rtd_scalar_rts_hub, # of devices is ======0
2025/10/20 06:30:02.896 [T:0x703b7] [DisplayControl] GetVSRtkHubControlClientListener
2025/10/20 06:30:02.896 [T:0x703b7] [DisplayControl] max monitor count = 2
2025/10/20 06:30:02.896 [T:0x703b7] [DisplayControl] index of display_info_vec = 0
2025/10/20 06:30:02.896 [T:0x703b7] [DisplayControl] index of p_lpo_display_info_video_port = 0
2025/10/20 06:30:02.896 [T:0x703b7] [DisplayControl] VideoPortMatchingRule
2025/10/20 06:30:02.896 [T:0x703b7] [DisplayControl] monitor display_info_model_name = VG2458
2025/10/20 06:30:02.896 [T:0x703b7] [DisplayControl] monitor video_port_model_name = VG2458
2025/10/20 06:30:02.896 [T:0x703b7] [DisplayControl] monitor display_info_sn = YDJ243400006
2025/10/20 06:30:02.896 [T:0x703b7] [DisplayControl] monitor video_port_sn = YDJ243400006
2025/10/20 06:30:02.896 [T:0x703b7] [DisplayControl] model_name_match = 1
2025/10/20 06:30:02.896 [T:0x703b7] [DisplayControl] sn_match = 1
2025/10/20 06:30:02.896 [T:0x703b7] [DisplayControl] video_port is_match = 1
2025/10/20 06:30:02.896 [T:0x703b7] [DisplayControl] index of display_info_vec = 1
2025/10/20 06:30:02.896 [T:0x703b7] [DisplayControl] index of p_lpo_display_info_video_port = 0
2025/10/20 06:30:02.896 [T:0x703b7] [DisplayControl] VideoPortMatchingRule
2025/10/20 06:30:02.896 [T:0x703b7] [DisplayControl] monitor display_info_model_name = VG275
2025/10/20 06:30:02.896 [T:0x703b7] [DisplayControl] monitor video_port_model_name = VG2458
2025/10/20 06:30:02.896 [T:0x703b7] [DisplayControl] monitor display_info_sn = XF6232400003
2025/10/20 06:30:02.896 [T:0x703b7] [DisplayControl] monitor video_port_sn = YDJ243400006
2025/10/20 06:30:02.896 [T:0x703b7] [DisplayControl] model_name_match = 0
2025/10/20 06:30:02.896 [T:0x703b7] [DisplayControl] sn_match = 0
2025/10/20 06:30:02.896 [T:0x703b7] [DisplayControl] video_port is_match = 0
2025/10/20 06:30:02.896 [T:0x703b7] [DisplayControl] index of display_info_vec = 1
2025/10/20 06:30:02.897 [T:0x703b7] [DisplayControl] index of p_lpo_display_info_video_port = 1
2025/10/20 06:30:02.897 [T:0x703b7] [DisplayControl] VideoPortMatchingRule
2025/10/20 06:30:02.897 [T:0x703b7] [DisplayControl] monitor display_info_model_name = VG275
2025/10/20 06:30:02.897 [T:0x703b7] [DisplayControl] monitor video_port_model_name = VG275
2025/10/20 06:30:02.897 [T:0x703b7] [DisplayControl] monitor display_info_sn = XF6232400003
2025/10/20 06:30:02.897 [T:0x703b7] [DisplayControl] monitor video_port_sn = XF6232400003
2025/10/20 06:30:02.897 [T:0x703b7] [DisplayControl] model_name_match = 1
2025/10/20 06:30:02.897 [T:0x703b7] [DisplayControl] sn_match = 1
2025/10/20 06:30:02.897 [T:0x703b7] [DisplayControl] video_port is_match = 1
2025/10/20 06:30:02.897 [T:0x703b7] [DisplayControl] i = 0
2025/10/20 06:30:02.897 [T:0x703b7] [DisplayControl] Enter OperationThread::OperationThread()
2025/10/20 06:30:02.897 [T:0x703b7] [DisplayControl] Enter OperationThread::CreateThread
2025/10/20 06:30:02.897 [T:0x703b7] [DisplayControl] new DisplayFunctioner
2025/10/20 06:30:02.897 [T:0x703b7] [DisplayControl] insert displayer_vector
2025/10/20 06:30:02.897 [T:0x703b7] [DisplayControl] insert modelName_SN_to_Display_map
2025/10/20 06:30:02.897 [T:0x703b7] [DisplayControl] insert device_id_to_Displayer_map_
2025/10/20 06:30:02.897 [T:0x703b7] [DisplayControl] i = 1
2025/10/20 06:30:02.897 [T:0x703b7] [DisplayControl] Enter OperationThread::OperationThread()
2025/10/20 06:30:02.897 [T:0x703b7] [DisplayControl] Enter OperationThread::CreateThread
2025/10/20 06:30:02.897 [T:0x703b7] [DisplayControl] new DisplayFunctioner
2025/10/20 06:30:02.897 [T:0x703b7] [DisplayControl] insert displayer_vector
2025/10/20 06:30:02.897 [T:0x703b7] [DisplayControl] insert modelName_SN_to_Display_map
2025/10/20 06:30:02.897 [T:0x703b7] [DisplayControl] insert device_id_to_Displayer_map_
2025/10/20 06:30:02.897 [T:0x703b7] [DisplayControl] monitor size = 2
2025/10/20 06:30:02.897 [T:0x703b7] [DisplayControl] Exit ObtainControlHandler
2025/10/20 06:30:02.898 [T:0x703b7] [DisplayControl] Enter MCCSOtherSet::GetVCP(), vcp code = 16
2025/10/20 06:30:02.976 [T:0x703b7] [DisplayControl] Exit MCCSOtherSet::GetVCP()
2025/10/20 06:30:02.976 [T:0x703b7] [DisplayControl] Enter MCCSOtherSet::GetVCP(), vcp code = 18
2025/10/20 06:30:03.050 [T:0x703b7] [DisplayControl] Exit MCCSOtherSet::GetVCP()
2025/10/20 06:30:03.156 [T:0x703b7] [DisplayControl] Enter MCCSOtherSet::GetVCP(), vcp code = 16
2025/10/20 06:30:03.238 [T:0x703b7] [DisplayControl] Exit MCCSOtherSet::GetVCP()
2025/10/20 06:30:03.344 [T:0x703b7] [DisplayControl] Enter MCCSOtherSet::GetVCP(), vcp code = 141
2025/10/20 06:30:03.426 [T:0x703b7] [DisplayControl] Exit MCCSOtherSet::GetVCP()
2025/10/20 06:30:03.531 [T:0x703b7] [DisplayControl] Enter MCCSOtherSet::GetVCP(), vcp code = 4
2025/10/20 06:30:03.613 [T:0x703b7] [DisplayControl] Exit MCCSOtherSet::GetVCP()
2025/10/20 06:30:03.718 [T:0x703b7] [DisplayControl] Enter MCCSOtherSet::GetVCP(), vcp code = 98
2025/10/20 06:30:03.800 [T:0x703b7] [DisplayControl] Exit MCCSOtherSet::GetVCP()
2025/10/20 06:30:03.906 [T:0x703b7] [DisplayControl] Enter MCCSOtherSet::GetVCP(), vcp code = 96
2025/10/20 06:30:03.988 [T:0x703b7] [DisplayControl] Exit MCCSOtherSet::GetVCP()
2025/10/20 06:30:04.094 [T:0x703b7] [DisplayControl] Enter MCCSOtherSet::GetVCP(), vcp code = 245
2025/10/20 06:30:04.175 [T:0x703b7] [DisplayControl] Exit MCCSOtherSet::GetVCP()
2025/10/20 06:30:04.281 [T:0x703b7] [DisplayControl] Enter MCCSOtherSet::GetVCP(), vcp code = 43
2025/10/20 06:30:04.363 [T:0x703b7] [DisplayControl] Exit MCCSOtherSet::GetVCP()
2025/10/20 06:30:04.469 [T:0x703b7] [DisplayControl] Enter MCCSOtherSet::GetVCP(), vcp code = 51
2025/10/20 06:30:04.550 [T:0x703b7] [DisplayControl] Exit MCCSOtherSet::GetVCP()
2025/10/20 06:30:04.656 [T:0x703b7] [DisplayControl] Enter MCCSOtherSet::GetVCP(), vcp code = 20
2025/10/20 06:30:04.737 [T:0x703b7] [DisplayControl] Exit MCCSOtherSet::GetVCP()
2025/10/20 06:30:04.843 [T:0x703b7] [DisplayControl] Enter MCCSOtherSet::GetVCP(), vcp code = 225
2025/10/20 06:30:04.925 [T:0x703b7] [DisplayControl] Exit MCCSOtherSet::GetVCP()
2025/10/20 06:30:05.031 [T:0x703b7] [DisplayControl] Enter MCCSOtherSet::GetVCP(), vcp code = 220
2025/10/20 06:30:05.113 [T:0x703b7] [DisplayControl] Exit MCCSOtherSet::GetVCP()
2025/10/20 06:30:05.218 [T:0x703b7] [DisplayControl] Enter MCCSOtherSet::GetVCP(), vcp code = 97
2025/10/20 06:30:05.300 [T:0x703b7] [DisplayControl] Exit MCCSOtherSet::GetVCP()
2025/10/20 06:30:05.406 [T:0x703b7] [DisplayControl] Enter MCCSOtherSet::GetVCP(), vcp code = 135
2025/10/20 06:30:05.488 [T:0x703b7] [DisplayControl] Exit MCCSOtherSet::GetVCP()
2025/10/20 06:30:05.594 [T:0x703b7] [DisplayControl] Enter MCCSOtherSet::GetVCP(), vcp code = 18
2025/10/20 06:30:05.679 [T:0x703b7] [DisplayControl] Exit MCCSOtherSet::GetVCP()
2025/10/20 06:30:05.781 [T:0x703b7] [DisplayControl] Enter MCCSOtherSet::GetVCP(), vcp code = 16
2025/10/20 06:30:05.867 [T:0x703b7] [DisplayControl] Exit MCCSOtherSet::GetVCP()
2025/10/20 06:30:05.968 [T:0x703b7] [DisplayControl] Enter MCCSOtherSet::GetVCP(), vcp code = 141
2025/10/20 06:30:06.054 [T:0x703b7] [DisplayControl] Exit MCCSOtherSet::GetVCP()
2025/10/20 06:30:06.156 [T:0x703b7] [DisplayControl] Enter MCCSOtherSet::GetVCP(), vcp code = 236
2025/10/20 06:30:06.242 [T:0x703b7] [DisplayControl] Exit MCCSOtherSet::GetVCP()
2025/10/20 06:30:06.343 [T:0x703b7] [DisplayControl] Enter MCCSOtherSet::GetVCP(), vcp code = 4
2025/10/20 06:30:06.429 [T:0x703b7] [DisplayControl] Exit MCCSOtherSet::GetVCP()
2025/10/20 06:30:06.531 [T:0x703b7] [DisplayControl] Enter MCCSOtherSet::GetVCP(), vcp code = 98
2025/10/20 06:30:06.617 [T:0x703b7] [DisplayControl] Exit MCCSOtherSet::GetVCP()
2025/10/20 06:30:06.718 [T:0x703b7] [DisplayControl] Enter MCCSOtherSet::GetVCP(), vcp code = 96
2025/10/20 06:30:06.804 [T:0x703b7] [DisplayControl] Exit MCCSOtherSet::GetVCP()
2025/10/20 06:30:06.906 [T:0x703b7] [DisplayControl] Enter MCCSOtherSet::GetVCP(), vcp code = 226
2025/10/20 06:30:06.992 [T:0x703b7] [DisplayControl] Exit MCCSOtherSet::GetVCP()
2025/10/20 06:30:07.094 [T:0x703b7] [DisplayControl] Enter MCCSOtherSet::GetVCP(), vcp code = 43
2025/10/20 06:30:07.179 [T:0x703b7] [DisplayControl] Exit MCCSOtherSet::GetVCP()
2025/10/20 06:30:07.281 [T:0x703b7] [DisplayControl] Enter MCCSOtherSet::GetVCP(), vcp code = 51
2025/10/20 06:30:07.367 [T:0x703b7] [DisplayControl] Exit MCCSOtherSet::GetVCP()
2025/10/20 06:30:07.469 [T:0x703b7] [DisplayControl] Enter MCCSOtherSet::GetVCP(), vcp code = 225
2025/10/20 06:30:07.554 [T:0x703b7] [DisplayControl] Exit MCCSOtherSet::GetVCP()
2025/10/20 06:30:07.656 [T:0x703b7] [DisplayControl] Enter MCCSOtherSet::GetVCP(), vcp code = 220
2025/10/20 06:30:07.742 [T:0x703b7] [DisplayControl] Exit MCCSOtherSet::GetVCP()
2025/10/20 06:30:07.844 [T:0x703b7] [DisplayControl] Enter MCCSOtherSet::GetVCP(), vcp code = 97
2025/10/20 06:30:07.929 [T:0x703b7] [DisplayControl] Exit MCCSOtherSet::GetVCP()
2025/10/20 06:30:08.031 [T:0x703b7] [DisplayControl] Enter MCCSOtherSet::GetVCP(), vcp code = 135
2025/10/20 06:30:08.117 [T:0x703b7] [DisplayControl] Exit MCCSOtherSet::GetVCP()
