2025/10/31 05:01:38.039 [T:0x7f4c3] [DisplayControl] Enter ObtainControlHandler1
2025/10/31 05:01:38.039 [T:0x7f4c3] [DisplayControl] GetVideoPortCommander
2025/10/31 05:01:38.039 [T:0x7f4c3] [DisplayControl] GetUSBHubCommander
2025/10/31 05:01:38.039 [T:0x7f4c3] ====== List p_lpo_display_info_video_port, # of devices is ======2
2025/10/31 05:01:38.039 [T:0x7f4c3] [DisplayControl] index of p_lpo_display_info_video_port0
2025/10/31 05:01:38.039 [T:0x7f4c3] [DisplayControl] Model name from VideoPort = VG2458
2025/10/31 05:01:38.039 [T:0x7f4c3] [DisplayControl] SN from VideoPort = YDJ243400006
2025/10/31 05:01:38.040 [T:0x7f4c3] [DisplayControl] index of p_lpo_display_info_video_port1
2025/10/31 05:01:38.040 [T:0x7f4c3] [DisplayControl] Model name from VideoPort = VG275
2025/10/31 05:01:38.040 [T:0x7f4c3] [DisplayControl] SN from VideoPort = XF6232400003
2025/10/31 05:01:38.040 [T:0x7f4c3] ====== List p_lpo_display_info_rtd_scalar_rts_hub, # of devices is ======0
2025/10/31 05:01:38.040 [T:0x7f4c3] [DisplayControl] GetVSRtkHubControlClientListener
2025/10/31 05:01:38.040 [T:0x7f4c3] [DisplayControl] max monitor count = 2
2025/10/31 05:01:38.040 [T:0x7f4c3] [DisplayControl] index of display_info_vec = 0
2025/10/31 05:01:38.040 [T:0x7f4c3] [DisplayControl] index of p_lpo_display_info_video_port = 0
2025/10/31 05:01:38.040 [T:0x7f4c3] [DisplayControl] VideoPortMatchingRule
2025/10/31 05:01:38.040 [T:0x7f4c3] [DisplayControl] monitor display_info_model_name = VG2458
2025/10/31 05:01:38.040 [T:0x7f4c3] [DisplayControl] monitor video_port_model_name = VG2458
2025/10/31 05:01:38.040 [T:0x7f4c3] [DisplayControl] monitor display_info_sn = YDJ243400006
2025/10/31 05:01:38.040 [T:0x7f4c3] [DisplayControl] monitor video_port_sn = YDJ243400006
2025/10/31 05:01:38.040 [T:0x7f4c3] [DisplayControl] model_name_match = 1
2025/10/31 05:01:38.040 [T:0x7f4c3] [DisplayControl] sn_match = 1
2025/10/31 05:01:38.040 [T:0x7f4c3] [DisplayControl] video_port is_match = 1
2025/10/31 05:01:38.040 [T:0x7f4c3] [DisplayControl] index of display_info_vec = 1
2025/10/31 05:01:38.040 [T:0x7f4c3] [DisplayControl] index of p_lpo_display_info_video_port = 0
2025/10/31 05:01:38.040 [T:0x7f4c3] [DisplayControl] VideoPortMatchingRule
2025/10/31 05:01:38.040 [T:0x7f4c3] [DisplayControl] monitor display_info_model_name = VG275
2025/10/31 05:01:38.040 [T:0x7f4c3] [DisplayControl] monitor video_port_model_name = VG2458
2025/10/31 05:01:38.041 [T:0x7f4c3] [DisplayControl] monitor display_info_sn = XF6232400003
2025/10/31 05:01:38.041 [T:0x7f4c3] [DisplayControl] monitor video_port_sn = YDJ243400006
2025/10/31 05:01:38.041 [T:0x7f4c3] [DisplayControl] model_name_match = 0
2025/10/31 05:01:38.041 [T:0x7f4c3] [DisplayControl] sn_match = 0
2025/10/31 05:01:38.041 [T:0x7f4c3] [DisplayControl] video_port is_match = 0
2025/10/31 05:01:38.041 [T:0x7f4c3] [DisplayControl] index of display_info_vec = 1
2025/10/31 05:01:38.041 [T:0x7f4c3] [DisplayControl] index of p_lpo_display_info_video_port = 1
2025/10/31 05:01:38.041 [T:0x7f4c3] [DisplayControl] VideoPortMatchingRule
2025/10/31 05:01:38.041 [T:0x7f4c3] [DisplayControl] monitor display_info_model_name = VG275
2025/10/31 05:01:38.041 [T:0x7f4c3] [DisplayControl] monitor video_port_model_name = VG275
2025/10/31 05:01:38.041 [T:0x7f4c3] [DisplayControl] monitor display_info_sn = XF6232400003
2025/10/31 05:01:38.041 [T:0x7f4c3] [DisplayControl] monitor video_port_sn = XF6232400003
2025/10/31 05:01:38.041 [T:0x7f4c3] [DisplayControl] model_name_match = 1
2025/10/31 05:01:38.041 [T:0x7f4c3] [DisplayControl] sn_match = 1
2025/10/31 05:01:38.041 [T:0x7f4c3] [DisplayControl] video_port is_match = 1
2025/10/31 05:01:38.041 [T:0x7f4c3] [DisplayControl] i = 0
2025/10/31 05:01:38.041 [T:0x7f4c3] [DisplayControl] Enter OperationThread::OperationThread()
2025/10/31 05:01:38.041 [T:0x7f4c3] [DisplayControl] Enter OperationThread::CreateThread
2025/10/31 05:01:38.041 [T:0x7f4c3] [DisplayControl] new DisplayFunctioner
2025/10/31 05:01:38.041 [T:0x7f4c3] [DisplayControl] insert displayer_vector
2025/10/31 05:01:38.041 [T:0x7f4c3] [DisplayControl] insert modelName_SN_to_Display_map
2025/10/31 05:01:38.041 [T:0x7f4c3] [DisplayControl] insert device_id_to_Displayer_map_
2025/10/31 05:01:38.041 [T:0x7f4c3] [DisplayControl] i = 1
2025/10/31 05:01:38.042 [T:0x7f4c3] [DisplayControl] Enter OperationThread::OperationThread()
2025/10/31 05:01:38.042 [T:0x7f4c3] [DisplayControl] Enter OperationThread::CreateThread
2025/10/31 05:01:38.042 [T:0x7f4c3] [DisplayControl] new DisplayFunctioner
2025/10/31 05:01:38.042 [T:0x7f4c3] [DisplayControl] insert displayer_vector
2025/10/31 05:01:38.042 [T:0x7f4c3] [DisplayControl] insert modelName_SN_to_Display_map
2025/10/31 05:01:38.042 [T:0x7f4c3] [DisplayControl] insert device_id_to_Displayer_map_
2025/10/31 05:01:38.042 [T:0x7f4c3] [DisplayControl] monitor size = 2
2025/10/31 05:01:38.042 [T:0x7f4c3] [DisplayControl] Exit ObtainControlHandler
2025/10/31 05:01:38.042 [T:0x7f4c3] [DisplayControl] Enter MCCSOtherSet::GetVCP(), vcp code = 96
2025/10/31 05:01:38.128 [T:0x7f4c3] [DisplayControl] Exit MCCSOtherSet::GetVCP()
2025/10/31 05:01:38.478 [T:0x7f4c3] [DisplayControl] Enter MCCSOtherSet::GetVCP(), vcp code = 96
2025/10/31 05:01:38.589 [T:0x7f4c3] [DisplayControl] Exit MCCSOtherSet::GetVCP()
2025/10/31 05:01:38.972 [T:0x7f4c3] [DisplayControl] Enter MCCSOtherSet::SetVCP(), vcp code = 51
2025/10/31 05:01:39.149 [T:0x7f4c3] [DisplayControl] Exit MCCSOtherSet::SetVCP()
2025/10/31 05:01:39.150 [T:0x7f4c3] [DisplayControl] Enter MCCSOtherSet::SetVCP(), vcp code = 51
2025/10/31 05:01:39.374 [T:0x7f4c3] [DisplayControl] Exit MCCSOtherSet::SetVCP()
2025/10/31 05:01:39.376 [T:0x7f4c3] [DisplayControl] Enter MCCSOtherSet::GetVCP(), vcp code = 51
2025/10/31 05:01:39.478 [T:0x7f4c3] [DisplayControl] Exit MCCSOtherSet::GetVCP()
2025/10/31 05:01:39.594 [T:0x7f4c3] [DisplayControl] Enter MCCSOtherSet::GetVCP(), vcp code = 97
2025/10/31 05:01:39.674 [T:0x7f4c3] [DisplayControl] Exit MCCSOtherSet::GetVCP()
2025/10/31 05:01:39.782 [T:0x7f4c3] [DisplayControl] Enter MCCSOtherSet::GetVCP(), vcp code = 4
2025/10/31 05:01:39.916 [T:0x7f4c3] [DisplayControl] Exit MCCSOtherSet::GetVCP()
2025/10/31 05:01:40.033 [T:0x7f4c3] [DisplayControl] Enter MCCSOtherSet::GetVCP(), vcp code = 225
2025/10/31 05:01:40.168 [T:0x7f4c3] [DisplayControl] Exit MCCSOtherSet::GetVCP()
2025/10/31 05:01:40.283 [T:0x7f4c3] [DisplayControl] Enter MCCSOtherSet::GetVCP(), vcp code = 18
2025/10/31 05:01:40.364 [T:0x7f4c3] [DisplayControl] Exit MCCSOtherSet::GetVCP()
2025/10/31 05:01:40.472 [T:0x7f4c3] [DisplayControl] Enter MCCSOtherSet::GetVCP(), vcp code = 135
2025/10/31 05:01:40.553 [T:0x7f4c3] [DisplayControl] Exit MCCSOtherSet::GetVCP()
2025/10/31 05:01:40.660 [T:0x7f4c3] [DisplayControl] Enter MCCSOtherSet::GetVCP(), vcp code = 43
2025/10/31 05:01:40.741 [T:0x7f4c3] [DisplayControl] Exit MCCSOtherSet::GetVCP()
2025/10/31 05:01:40.848 [T:0x7f4c3] [DisplayControl] Enter MCCSOtherSet::GetVCP(), vcp code = 220
2025/10/31 05:01:40.929 [T:0x7f4c3] [DisplayControl] Exit MCCSOtherSet::GetVCP()
2025/10/31 05:01:41.037 [T:0x7f4c3] [DisplayControl] Enter MCCSOtherSet::GetVCP(), vcp code = 96
2025/10/31 05:01:41.118 [T:0x7f4c3] [DisplayControl] Exit MCCSOtherSet::GetVCP()
2025/10/31 05:01:41.225 [T:0x7f4c3] [DisplayControl] Enter MCCSOtherSet::GetVCP(), vcp code = 20
2025/10/31 05:01:41.306 [T:0x7f4c3] [DisplayControl] Exit MCCSOtherSet::GetVCP()
2025/10/31 05:01:41.413 [T:0x7f4c3] [DisplayControl] Enter MCCSOtherSet::GetVCP(), vcp code = 141
2025/10/31 05:01:41.494 [T:0x7f4c3] [DisplayControl] Exit MCCSOtherSet::GetVCP()
2025/10/31 05:01:41.601 [T:0x7f4c3] [DisplayControl] Enter MCCSOtherSet::GetVCP(), vcp code = 16
2025/10/31 05:01:41.682 [T:0x7f4c3] [DisplayControl] Exit MCCSOtherSet::GetVCP()
2025/10/31 05:01:41.790 [T:0x7f4c3] [DisplayControl] Enter MCCSOtherSet::GetVCP(), vcp code = 245
2025/10/31 05:01:41.870 [T:0x7f4c3] [DisplayControl] Exit MCCSOtherSet::GetVCP()
2025/10/31 05:01:41.978 [T:0x7f4c3] [DisplayControl] Enter MCCSOtherSet::GetVCP(), vcp code = 98
2025/10/31 05:01:42.059 [T:0x7f4c3] [DisplayControl] Exit MCCSOtherSet::GetVCP()
2025/10/31 05:01:42.167 [T:0x7f4c3] [DisplayControl] Enter MCCSOtherSet::GetVCP(), vcp code = 51
2025/10/31 05:01:42.252 [T:0x7f4c3] [DisplayControl] Exit MCCSOtherSet::GetVCP()
2025/10/31 05:01:42.355 [T:0x7f4c3] [DisplayControl] Enter MCCSOtherSet::GetVCP(), vcp code = 97
2025/10/31 05:01:42.440 [T:0x7f4c3] [DisplayControl] Exit MCCSOtherSet::GetVCP()
2025/10/31 05:01:42.543 [T:0x7f4c3] [DisplayControl] Enter MCCSOtherSet::GetVCP(), vcp code = 226
2025/10/31 05:01:42.628 [T:0x7f4c3] [DisplayControl] Exit MCCSOtherSet::GetVCP()
2025/10/31 05:01:42.731 [T:0x7f4c3] [DisplayControl] Enter MCCSOtherSet::GetVCP(), vcp code = 4
2025/10/31 05:01:42.816 [T:0x7f4c3] [DisplayControl] Exit MCCSOtherSet::GetVCP()
2025/10/31 05:01:42.919 [T:0x7f4c3] [DisplayControl] Enter MCCSOtherSet::GetVCP(), vcp code = 225
2025/10/31 05:01:43.004 [T:0x7f4c3] [DisplayControl] Exit MCCSOtherSet::GetVCP()
2025/10/31 05:01:43.107 [T:0x7f4c3] [DisplayControl] Enter MCCSOtherSet::GetVCP(), vcp code = 18
2025/10/31 05:01:43.193 [T:0x7f4c3] [DisplayControl] Exit MCCSOtherSet::GetVCP()
2025/10/31 05:01:43.295 [T:0x7f4c3] [DisplayControl] Enter MCCSOtherSet::GetVCP(), vcp code = 135
2025/10/31 05:01:43.381 [T:0x7f4c3] [DisplayControl] Exit MCCSOtherSet::GetVCP()
2025/10/31 05:01:43.484 [T:0x7f4c3] [DisplayControl] Enter MCCSOtherSet::GetVCP(), vcp code = 43
2025/10/31 05:01:43.569 [T:0x7f4c3] [DisplayControl] Exit MCCSOtherSet::GetVCP()
2025/10/31 05:01:43.672 [T:0x7f4c3] [DisplayControl] Enter MCCSOtherSet::GetVCP(), vcp code = 220
2025/10/31 05:01:43.757 [T:0x7f4c3] [DisplayControl] Exit MCCSOtherSet::GetVCP()
2025/10/31 05:01:43.860 [T:0x7f4c3] [DisplayControl] Enter MCCSOtherSet::GetVCP(), vcp code = 96
2025/10/31 05:01:43.945 [T:0x7f4c3] [DisplayControl] Exit MCCSOtherSet::GetVCP()
2025/10/31 05:01:44.048 [T:0x7f4c3] [DisplayControl] Enter MCCSOtherSet::GetVCP(), vcp code = 141
2025/10/31 05:01:44.134 [T:0x7f4c3] [DisplayControl] Exit MCCSOtherSet::GetVCP()
2025/10/31 05:01:44.237 [T:0x7f4c3] [DisplayControl] Enter MCCSOtherSet::GetVCP(), vcp code = 236
2025/10/31 05:01:44.322 [T:0x7f4c3] [DisplayControl] Exit MCCSOtherSet::GetVCP()
2025/10/31 05:01:44.425 [T:0x7f4c3] [DisplayControl] Enter MCCSOtherSet::GetVCP(), vcp code = 16
2025/10/31 05:01:44.510 [T:0x7f4c3] [DisplayControl] Exit MCCSOtherSet::GetVCP()
2025/10/31 05:01:44.613 [T:0x7f4c3] [DisplayControl] Enter MCCSOtherSet::GetVCP(), vcp code = 98
2025/10/31 05:01:44.698 [T:0x7f4c3] [DisplayControl] Exit MCCSOtherSet::GetVCP()
2025/10/31 05:01:44.807 [T:0x7f4c3] [DisplayControl] Enter MCCSOtherSet::GetVCP(), vcp code = 96
2025/10/31 05:01:44.883 [T:0x7f4c3] [DisplayControl] Exit MCCSOtherSet::GetVCP()
2025/10/31 05:01:44.884 [T:0x7f4c3] [DisplayControl] Enter MCCSOtherSet::GetVCP(), vcp code = 96
2025/10/31 05:01:44.966 [T:0x7f4c3] [DisplayControl] Exit MCCSOtherSet::GetVCP()
2025/10/31 05:01:45.801 [T:0x6b044] [DisplayControl] Enter MCCSOtherSet::SetVCP(), vcp code = 51
2025/10/31 05:01:45.972 [T:0x6b044] [DisplayControl] Exit MCCSOtherSet::SetVCP()
2025/10/31 05:02:09.573 [T:0x6b044] [DisplayControl] Enter MCCSOtherSet::SetVCP(), vcp code = 51
2025/10/31 05:02:09.929 [T:0x6b044] [DisplayControl] Exit MCCSOtherSet::SetVCP()
2025/10/31 05:02:25.735 [T:0x6b044] [DisplayControl] Enter MCCSOtherSet::SetVCP(), vcp code = 4
2025/10/31 05:02:26.672 [T:0x6b044] [DisplayControl] Exit MCCSOtherSet::SetVCP()
2025/10/31 05:02:31.794 [T:0x6b044] [DisplayControl] Enter OperationThread::ExitThread
2025/10/31 05:02:31.794 [T:0x6b044] [DisplayControl] Exit OperationThread::ExitThread
2025/10/31 05:02:31.794 [T:0x6b044] [DisplayControl] Enter OperationThread::~OperationThread()
2025/10/31 05:02:31.794 [T:0x6b044] [DisplayControl] Enter OperationThread::ExitThread
2025/10/31 05:02:31.794 [T:0x6b044] [DisplayControl] Enter OperationThread::ExitThread
2025/10/31 05:02:31.794 [T:0x6b044] [DisplayControl] Exit OperationThread::ExitThread
2025/10/31 05:02:31.794 [T:0x6b044] [DisplayControl] Enter OperationThread::~OperationThread()
2025/10/31 05:02:31.794 [T:0x6b044] [DisplayControl] Enter OperationThread::ExitThread
2025/10/31 05:02:31.819 [T:0x6b044] [DbgStr] After calling display_control_client_listener_video_port_.UpdateAllDisplayPath()
2025/10/31 05:02:31.836 [T:0x6b044] [DbgStr] After calling display_control_client_listener_.GetAllDisplayEDID()
2025/10/31 05:02:31.838 [T:0x6b044] [DisplayControl] Version = 3.0.6.0
2025/10/31 05:02:31.838 [T:0x6b044] [DisplayControl] Enter ObtainControlHandler1
2025/10/31 05:02:31.838 [T:0x6b044] [DisplayControl] GetVideoPortCommander
2025/10/31 05:02:31.838 [T:0x6b044] [DisplayControl] GetUSBHubCommander
2025/10/31 05:02:31.838 [T:0x6b044] ====== List p_lpo_display_info_video_port, # of devices is ======2
2025/10/31 05:02:31.838 [T:0x6b044] [DisplayControl] index of p_lpo_display_info_video_port0
2025/10/31 05:02:31.838 [T:0x6b044] [DisplayControl] Model name from VideoPort = VG2458
2025/10/31 05:02:31.839 [T:0x6b044] [DisplayControl] SN from VideoPort = YDJ243400006
2025/10/31 05:02:31.839 [T:0x6b044] [DisplayControl] index of p_lpo_display_info_video_port1
2025/10/31 05:02:31.839 [T:0x6b044] [DisplayControl] Model name from VideoPort = VG275
2025/10/31 05:02:31.839 [T:0x6b044] [DisplayControl] SN from VideoPort = XF6232400003
2025/10/31 05:02:31.839 [T:0x6b044] ====== List p_lpo_display_info_rtd_scalar_rts_hub, # of devices is ======0
2025/10/31 05:02:31.839 [T:0x6b044] [DisplayControl] GetVSRtkHubControlClientListener
2025/10/31 05:02:31.839 [T:0x6b044] [DisplayControl] max monitor count = 2
2025/10/31 05:02:31.839 [T:0x6b044] [DisplayControl] index of display_info_vec = 0
2025/10/31 05:02:31.839 [T:0x6b044] [DisplayControl] index of p_lpo_display_info_video_port = 0
2025/10/31 05:02:31.839 [T:0x6b044] [DisplayControl] VideoPortMatchingRule
2025/10/31 05:02:31.839 [T:0x6b044] [DisplayControl] monitor display_info_model_name = VG2458
2025/10/31 05:02:31.839 [T:0x6b044] [DisplayControl] monitor video_port_model_name = VG2458
2025/10/31 05:02:31.839 [T:0x6b044] [DisplayControl] monitor display_info_sn = YDJ243400006
2025/10/31 05:02:31.839 [T:0x6b044] [DisplayControl] monitor video_port_sn = YDJ243400006
2025/10/31 05:02:31.839 [T:0x6b044] [DisplayControl] model_name_match = 1
2025/10/31 05:02:31.839 [T:0x6b044] [DisplayControl] sn_match = 1
2025/10/31 05:02:31.839 [T:0x6b044] [DisplayControl] video_port is_match = 1
2025/10/31 05:02:31.839 [T:0x6b044] [DisplayControl] index of display_info_vec = 1
2025/10/31 05:02:31.839 [T:0x6b044] [DisplayControl] index of p_lpo_display_info_video_port = 0
2025/10/31 05:02:31.839 [T:0x6b044] [DisplayControl] VideoPortMatchingRule
2025/10/31 05:02:31.839 [T:0x6b044] [DisplayControl] monitor display_info_model_name = VG275
2025/10/31 05:02:31.839 [T:0x6b044] [DisplayControl] monitor video_port_model_name = VG2458
2025/10/31 05:02:31.839 [T:0x6b044] [DisplayControl] monitor display_info_sn = XF6232400003
2025/10/31 05:02:31.839 [T:0x6b044] [DisplayControl] monitor video_port_sn = YDJ243400006
2025/10/31 05:02:31.839 [T:0x6b044] [DisplayControl] model_name_match = 0
2025/10/31 05:02:31.839 [T:0x6b044] [DisplayControl] sn_match = 0
2025/10/31 05:02:31.839 [T:0x6b044] [DisplayControl] video_port is_match = 0
2025/10/31 05:02:31.840 [T:0x6b044] [DisplayControl] index of display_info_vec = 1
2025/10/31 05:02:31.840 [T:0x6b044] [DisplayControl] index of p_lpo_display_info_video_port = 1
2025/10/31 05:02:31.840 [T:0x6b044] [DisplayControl] VideoPortMatchingRule
2025/10/31 05:02:31.840 [T:0x6b044] [DisplayControl] monitor display_info_model_name = VG275
2025/10/31 05:02:31.840 [T:0x6b044] [DisplayControl] monitor video_port_model_name = VG275
2025/10/31 05:02:31.840 [T:0x6b044] [DisplayControl] monitor display_info_sn = XF6232400003
2025/10/31 05:02:31.840 [T:0x6b044] [DisplayControl] monitor video_port_sn = XF6232400003
2025/10/31 05:02:31.840 [T:0x6b044] [DisplayControl] model_name_match = 1
2025/10/31 05:02:31.840 [T:0x6b044] [DisplayControl] sn_match = 1
2025/10/31 05:02:31.840 [T:0x6b044] [DisplayControl] video_port is_match = 1
2025/10/31 05:02:31.840 [T:0x6b044] [DisplayControl] i = 0
2025/10/31 05:02:31.840 [T:0x6b044] [DisplayControl] Enter OperationThread::OperationThread()
2025/10/31 05:02:31.840 [T:0x6b044] [DisplayControl] Enter OperationThread::CreateThread
2025/10/31 05:02:31.840 [T:0x6b044] [DisplayControl] new DisplayFunctioner
2025/10/31 05:02:31.840 [T:0x6b044] [DisplayControl] insert displayer_vector
2025/10/31 05:02:31.840 [T:0x6b044] [DisplayControl] insert modelName_SN_to_Display_map
2025/10/31 05:02:31.840 [T:0x6b044] [DisplayControl] insert device_id_to_Displayer_map_
2025/10/31 05:02:31.840 [T:0x6b044] [DisplayControl] i = 1
2025/10/31 05:02:31.840 [T:0x6b044] [DisplayControl] Enter OperationThread::OperationThread()
2025/10/31 05:02:31.840 [T:0x6b044] [DisplayControl] Enter OperationThread::CreateThread
2025/10/31 05:02:31.840 [T:0x6b044] [DisplayControl] new DisplayFunctioner
2025/10/31 05:02:31.840 [T:0x6b044] [DisplayControl] insert displayer_vector
2025/10/31 05:02:31.841 [T:0x6b044] [DisplayControl] insert modelName_SN_to_Display_map
2025/10/31 05:02:31.841 [T:0x6b044] [DisplayControl] insert device_id_to_Displayer_map_
2025/10/31 05:02:31.841 [T:0x6b044] [DisplayControl] monitor size = 2
2025/10/31 05:02:31.841 [T:0x6b044] [DisplayControl] Exit ObtainControlHandler
2025/10/31 05:02:31.841 [T:0x6b044] [DisplayControl] Enter MCCSOtherSet::GetVCP(), vcp code = 16
2025/10/31 05:02:31.921 [T:0x6b044] [DisplayControl] Exit MCCSOtherSet::GetVCP()
2025/10/31 05:02:31.921 [T:0x6b044] [DisplayControl] Enter MCCSOtherSet::GetVCP(), vcp code = 51
2025/10/31 05:02:32.062 [T:0x6b044] [DisplayControl] Exit MCCSOtherSet::GetVCP()
2025/10/31 05:02:32.169 [T:0x6b044] [DisplayControl] Enter MCCSOtherSet::GetVCP(), vcp code = 97
2025/10/31 05:02:32.251 [T:0x6b044] [DisplayControl] Exit MCCSOtherSet::GetVCP()
2025/10/31 05:02:32.358 [T:0x6b044] [DisplayControl] Enter MCCSOtherSet::GetVCP(), vcp code = 4
2025/10/31 05:02:32.439 [T:0x6b044] [DisplayControl] Exit MCCSOtherSet::GetVCP()
2025/10/31 05:02:32.546 [T:0x6b044] [DisplayControl] Enter MCCSOtherSet::GetVCP(), vcp code = 225
2025/10/31 05:02:32.628 [T:0x6b044] [DisplayControl] Exit MCCSOtherSet::GetVCP()
2025/10/31 05:02:32.734 [T:0x6b044] [DisplayControl] Enter MCCSOtherSet::GetVCP(), vcp code = 18
2025/10/31 05:02:32.815 [T:0x6b044] [DisplayControl] Exit MCCSOtherSet::GetVCP()
2025/10/31 05:02:32.922 [T:0x6b044] [DisplayControl] Enter MCCSOtherSet::GetVCP(), vcp code = 135
2025/10/31 05:02:33.003 [T:0x6b044] [DisplayControl] Exit MCCSOtherSet::GetVCP()
2025/10/31 05:02:33.110 [T:0x6b044] [DisplayControl] Enter MCCSOtherSet::GetVCP(), vcp code = 43
2025/10/31 05:02:33.191 [T:0x6b044] [DisplayControl] Exit MCCSOtherSet::GetVCP()
2025/10/31 05:02:33.298 [T:0x6b044] [DisplayControl] Enter MCCSOtherSet::GetVCP(), vcp code = 220
2025/10/31 05:02:33.380 [T:0x6b044] [DisplayControl] Exit MCCSOtherSet::GetVCP()
2025/10/31 05:02:33.487 [T:0x6b044] [DisplayControl] Enter MCCSOtherSet::GetVCP(), vcp code = 96
2025/10/31 05:02:33.568 [T:0x6b044] [DisplayControl] Exit MCCSOtherSet::GetVCP()
2025/10/31 05:02:33.675 [T:0x6b044] [DisplayControl] Enter MCCSOtherSet::GetVCP(), vcp code = 20
2025/10/31 05:02:33.756 [T:0x6b044] [DisplayControl] Exit MCCSOtherSet::GetVCP()
2025/10/31 05:02:33.863 [T:0x6b044] [DisplayControl] Enter MCCSOtherSet::GetVCP(), vcp code = 141
2025/10/31 05:02:33.945 [T:0x6b044] [DisplayControl] Exit MCCSOtherSet::GetVCP()
2025/10/31 05:02:34.052 [T:0x6b044] [DisplayControl] Enter MCCSOtherSet::GetVCP(), vcp code = 16
2025/10/31 05:02:34.133 [T:0x6b044] [DisplayControl] Exit MCCSOtherSet::GetVCP()
2025/10/31 05:02:34.157 [T:0x7f4c3] [DisplayControl] Enter MCCSOtherSet::GetVCP(), vcp code = 96
2025/10/31 05:02:34.241 [T:0x6b044] [DisplayControl] Enter MCCSOtherSet::GetVCP(), vcp code = 245
2025/10/31 05:02:34.282 [T:0x7f4c3] [DisplayControl] Exit MCCSOtherSet::GetVCP()
2025/10/31 05:02:34.470 [T:0x6b044] [DisplayControl] Exit MCCSOtherSet::GetVCP()
2025/10/31 05:02:34.573 [T:0x6b044] [DisplayControl] Enter MCCSOtherSet::GetVCP(), vcp code = 98
2025/10/31 05:02:34.804 [T:0x6b044] [DisplayControl] Exit MCCSOtherSet::GetVCP()
2025/10/31 05:02:34.917 [T:0x6b044] [DisplayControl] Enter MCCSOtherSet::GetVCP(), vcp code = 51
2025/10/31 05:02:35.002 [T:0x6b044] [DisplayControl] Exit MCCSOtherSet::GetVCP()
2025/10/31 05:02:35.105 [T:0x6b044] [DisplayControl] Enter MCCSOtherSet::GetVCP(), vcp code = 97
2025/10/31 05:02:35.190 [T:0x6b044] [DisplayControl] Exit MCCSOtherSet::GetVCP()
2025/10/31 05:02:35.293 [T:0x6b044] [DisplayControl] Enter MCCSOtherSet::GetVCP(), vcp code = 226
2025/10/31 05:02:35.378 [T:0x6b044] [DisplayControl] Exit MCCSOtherSet::GetVCP()
2025/10/31 05:02:35.481 [T:0x6b044] [DisplayControl] Enter MCCSOtherSet::GetVCP(), vcp code = 4
2025/10/31 05:02:35.567 [T:0x6b044] [DisplayControl] Exit MCCSOtherSet::GetVCP()
2025/10/31 05:02:35.670 [T:0x6b044] [DisplayControl] Enter MCCSOtherSet::GetVCP(), vcp code = 225
2025/10/31 05:02:35.755 [T:0x6b044] [DisplayControl] Exit MCCSOtherSet::GetVCP()
2025/10/31 05:02:35.858 [T:0x6b044] [DisplayControl] Enter MCCSOtherSet::GetVCP(), vcp code = 18
2025/10/31 05:02:35.944 [T:0x6b044] [DisplayControl] Exit MCCSOtherSet::GetVCP()
2025/10/31 05:02:36.047 [T:0x6b044] [DisplayControl] Enter MCCSOtherSet::GetVCP(), vcp code = 135
2025/10/31 05:02:36.131 [T:0x6b044] [DisplayControl] Exit MCCSOtherSet::GetVCP()
2025/10/31 05:02:36.235 [T:0x6b044] [DisplayControl] Enter MCCSOtherSet::GetVCP(), vcp code = 43
2025/10/31 05:02:36.320 [T:0x6b044] [DisplayControl] Exit MCCSOtherSet::GetVCP()
2025/10/31 05:02:36.423 [T:0x6b044] [DisplayControl] Enter MCCSOtherSet::GetVCP(), vcp code = 220
2025/10/31 05:02:36.508 [T:0x6b044] [DisplayControl] Exit MCCSOtherSet::GetVCP()
2025/10/31 05:02:36.611 [T:0x6b044] [DisplayControl] Enter MCCSOtherSet::GetVCP(), vcp code = 96
2025/10/31 05:02:36.696 [T:0x6b044] [DisplayControl] Exit MCCSOtherSet::GetVCP()
2025/10/31 05:02:36.799 [T:0x6b044] [DisplayControl] Enter MCCSOtherSet::GetVCP(), vcp code = 141
2025/10/31 05:02:36.885 [T:0x6b044] [DisplayControl] Exit MCCSOtherSet::GetVCP()
2025/10/31 05:02:36.987 [T:0x6b044] [DisplayControl] Enter MCCSOtherSet::GetVCP(), vcp code = 236
2025/10/31 05:02:37.073 [T:0x6b044] [DisplayControl] Exit MCCSOtherSet::GetVCP()
2025/10/31 05:02:37.176 [T:0x6b044] [DisplayControl] Enter MCCSOtherSet::GetVCP(), vcp code = 16
2025/10/31 05:02:37.261 [T:0x6b044] [DisplayControl] Exit MCCSOtherSet::GetVCP()
2025/10/31 05:02:37.364 [T:0x6b044] [DisplayControl] Enter MCCSOtherSet::GetVCP(), vcp code = 98
2025/10/31 05:02:37.449 [T:0x6b044] [DisplayControl] Exit MCCSOtherSet::GetVCP()
2025/10/31 05:02:37.555 [T:0x6b044] [DisplayControl] Enter MCCSOtherSet::SetVCP(), vcp code = 51
2025/10/31 05:02:37.717 [T:0x6b044] [DisplayControl] Exit MCCSOtherSet::SetVCP()
2025/10/31 05:04:15.260 [T:0x26138] [DisplayControl] Enter MCCSOtherSet::SetVCP(), vcp code = 4
2025/10/31 05:04:16.198 [T:0x26138] [DisplayControl] Exit MCCSOtherSet::SetVCP()
2025/10/31 05:04:21.319 [T:0x26138] [DisplayControl] Enter OperationThread::ExitThread
2025/10/31 05:04:21.320 [T:0x26138] [DisplayControl] Exit OperationThread::ExitThread
2025/10/31 05:04:21.320 [T:0x26138] [DisplayControl] Enter OperationThread::~OperationThread()
2025/10/31 05:04:21.320 [T:0x26138] [DisplayControl] Enter OperationThread::ExitThread
2025/10/31 05:04:21.320 [T:0x26138] [DisplayControl] Enter OperationThread::ExitThread
2025/10/31 05:04:21.320 [T:0x26138] [DisplayControl] Exit OperationThread::ExitThread
2025/10/31 05:04:21.320 [T:0x26138] [DisplayControl] Enter OperationThread::~OperationThread()
2025/10/31 05:04:21.320 [T:0x26138] [DisplayControl] Enter OperationThread::ExitThread
2025/10/31 05:04:21.343 [T:0x26138] [DbgStr] After calling display_control_client_listener_video_port_.UpdateAllDisplayPath()
2025/10/31 05:04:21.360 [T:0x26138] [DbgStr] After calling display_control_client_listener_.GetAllDisplayEDID()
2025/10/31 05:04:21.361 [T:0x26138] [DisplayControl] Version = 3.0.6.0
2025/10/31 05:04:21.361 [T:0x26138] [DisplayControl] Enter ObtainControlHandler1
2025/10/31 05:04:21.361 [T:0x26138] [DisplayControl] GetVideoPortCommander
2025/10/31 05:04:21.362 [T:0x26138] [DisplayControl] GetUSBHubCommander
2025/10/31 05:04:21.362 [T:0x26138] ====== List p_lpo_display_info_video_port, # of devices is ======2
2025/10/31 05:04:21.362 [T:0x26138] [DisplayControl] index of p_lpo_display_info_video_port0
2025/10/31 05:04:21.362 [T:0x26138] [DisplayControl] Model name from VideoPort = VG2458
2025/10/31 05:04:21.362 [T:0x26138] [DisplayControl] SN from VideoPort = YDJ243400006
2025/10/31 05:04:21.362 [T:0x26138] [DisplayControl] index of p_lpo_display_info_video_port1
2025/10/31 05:04:21.362 [T:0x26138] [DisplayControl] Model name from VideoPort = VG275
2025/10/31 05:04:21.362 [T:0x26138] [DisplayControl] SN from VideoPort = XF6232400003
2025/10/31 05:04:21.362 [T:0x26138] ====== List p_lpo_display_info_rtd_scalar_rts_hub, # of devices is ======0
2025/10/31 05:04:21.362 [T:0x26138] [DisplayControl] GetVSRtkHubControlClientListener
2025/10/31 05:04:21.362 [T:0x26138] [DisplayControl] max monitor count = 2
2025/10/31 05:04:21.362 [T:0x26138] [DisplayControl] index of display_info_vec = 0
2025/10/31 05:04:21.362 [T:0x26138] [DisplayControl] index of p_lpo_display_info_video_port = 0
2025/10/31 05:04:21.362 [T:0x26138] [DisplayControl] VideoPortMatchingRule
2025/10/31 05:04:21.362 [T:0x26138] [DisplayControl] monitor display_info_model_name = VG2458
2025/10/31 05:04:21.362 [T:0x26138] [DisplayControl] monitor video_port_model_name = VG2458
2025/10/31 05:04:21.362 [T:0x26138] [DisplayControl] monitor display_info_sn = YDJ243400006
2025/10/31 05:04:21.362 [T:0x26138] [DisplayControl] monitor video_port_sn = YDJ243400006
2025/10/31 05:04:21.362 [T:0x26138] [DisplayControl] model_name_match = 1
2025/10/31 05:04:21.362 [T:0x26138] [DisplayControl] sn_match = 1
2025/10/31 05:04:21.362 [T:0x26138] [DisplayControl] video_port is_match = 1
2025/10/31 05:04:21.362 [T:0x26138] [DisplayControl] index of display_info_vec = 1
2025/10/31 05:04:21.362 [T:0x26138] [DisplayControl] index of p_lpo_display_info_video_port = 0
2025/10/31 05:04:21.362 [T:0x26138] [DisplayControl] VideoPortMatchingRule
2025/10/31 05:04:21.362 [T:0x26138] [DisplayControl] monitor display_info_model_name = VG275
2025/10/31 05:04:21.362 [T:0x26138] [DisplayControl] monitor video_port_model_name = VG2458
2025/10/31 05:04:21.362 [T:0x26138] [DisplayControl] monitor display_info_sn = XF6232400003
2025/10/31 05:04:21.363 [T:0x26138] [DisplayControl] monitor video_port_sn = YDJ243400006
2025/10/31 05:04:21.363 [T:0x26138] [DisplayControl] model_name_match = 0
2025/10/31 05:04:21.363 [T:0x26138] [DisplayControl] sn_match = 0
2025/10/31 05:04:21.363 [T:0x26138] [DisplayControl] video_port is_match = 0
2025/10/31 05:04:21.363 [T:0x26138] [DisplayControl] index of display_info_vec = 1
2025/10/31 05:04:21.363 [T:0x26138] [DisplayControl] index of p_lpo_display_info_video_port = 1
2025/10/31 05:04:21.363 [T:0x26138] [DisplayControl] VideoPortMatchingRule
2025/10/31 05:04:21.363 [T:0x26138] [DisplayControl] monitor display_info_model_name = VG275
2025/10/31 05:04:21.363 [T:0x26138] [DisplayControl] monitor video_port_model_name = VG275
2025/10/31 05:04:21.363 [T:0x26138] [DisplayControl] monitor display_info_sn = XF6232400003
2025/10/31 05:04:21.363 [T:0x26138] [DisplayControl] monitor video_port_sn = XF6232400003
2025/10/31 05:04:21.363 [T:0x26138] [DisplayControl] model_name_match = 1
2025/10/31 05:04:21.363 [T:0x26138] [DisplayControl] sn_match = 1
2025/10/31 05:04:21.363 [T:0x26138] [DisplayControl] video_port is_match = 1
2025/10/31 05:04:21.363 [T:0x26138] [DisplayControl] i = 0
2025/10/31 05:04:21.363 [T:0x26138] [DisplayControl] Enter OperationThread::OperationThread()
2025/10/31 05:04:21.363 [T:0x26138] [DisplayControl] Enter OperationThread::CreateThread
2025/10/31 05:04:21.363 [T:0x26138] [DisplayControl] new DisplayFunctioner
2025/10/31 05:04:21.363 [T:0x26138] [DisplayControl] insert displayer_vector
2025/10/31 05:04:21.363 [T:0x26138] [DisplayControl] insert modelName_SN_to_Display_map
2025/10/31 05:04:21.363 [T:0x26138] [DisplayControl] insert device_id_to_Displayer_map_
2025/10/31 05:04:21.363 [T:0x26138] [DisplayControl] i = 1
2025/10/31 05:04:21.363 [T:0x26138] [DisplayControl] Enter OperationThread::OperationThread()
2025/10/31 05:04:21.363 [T:0x26138] [DisplayControl] Enter OperationThread::CreateThread
2025/10/31 05:04:21.364 [T:0x26138] [DisplayControl] new DisplayFunctioner
2025/10/31 05:04:21.364 [T:0x26138] [DisplayControl] insert displayer_vector
2025/10/31 05:04:21.364 [T:0x26138] [DisplayControl] insert modelName_SN_to_Display_map
2025/10/31 05:04:21.364 [T:0x26138] [DisplayControl] insert device_id_to_Displayer_map_
2025/10/31 05:04:21.364 [T:0x26138] [DisplayControl] monitor size = 2
2025/10/31 05:04:21.364 [T:0x26138] [DisplayControl] Exit ObtainControlHandler
2025/10/31 05:04:21.364 [T:0x26138] [DisplayControl] Enter MCCSOtherSet::GetVCP(), vcp code = 16
2025/10/31 05:04:21.447 [T:0x26138] [DisplayControl] Exit MCCSOtherSet::GetVCP()
2025/10/31 05:04:21.447 [T:0x26138] [DisplayControl] Enter MCCSOtherSet::GetVCP(), vcp code = 51
2025/10/31 05:04:21.589 [T:0x26138] [DisplayControl] Exit MCCSOtherSet::GetVCP()
2025/10/31 05:04:21.695 [T:0x26138] [DisplayControl] Enter MCCSOtherSet::GetVCP(), vcp code = 97
2025/10/31 05:04:21.776 [T:0x26138] [DisplayControl] Exit MCCSOtherSet::GetVCP()
2025/10/31 05:04:21.883 [T:0x26138] [DisplayControl] Enter MCCSOtherSet::GetVCP(), vcp code = 4
2025/10/31 05:04:21.964 [T:0x26138] [DisplayControl] Exit MCCSOtherSet::GetVCP()
2025/10/31 05:04:22.071 [T:0x26138] [DisplayControl] Enter MCCSOtherSet::GetVCP(), vcp code = 225
2025/10/31 05:04:22.153 [T:0x26138] [DisplayControl] Exit MCCSOtherSet::GetVCP()
2025/10/31 05:04:22.260 [T:0x26138] [DisplayControl] Enter MCCSOtherSet::GetVCP(), vcp code = 18
2025/10/31 05:04:22.341 [T:0x26138] [DisplayControl] Exit MCCSOtherSet::GetVCP()
2025/10/31 05:04:22.448 [T:0x26138] [DisplayControl] Enter MCCSOtherSet::GetVCP(), vcp code = 135
2025/10/31 05:04:22.529 [T:0x26138] [DisplayControl] Exit MCCSOtherSet::GetVCP()
2025/10/31 05:04:22.637 [T:0x26138] [DisplayControl] Enter MCCSOtherSet::GetVCP(), vcp code = 43
2025/10/31 05:04:22.718 [T:0x26138] [DisplayControl] Exit MCCSOtherSet::GetVCP()
2025/10/31 05:04:22.825 [T:0x26138] [DisplayControl] Enter MCCSOtherSet::GetVCP(), vcp code = 220
2025/10/31 05:04:22.906 [T:0x26138] [DisplayControl] Exit MCCSOtherSet::GetVCP()
2025/10/31 05:04:23.013 [T:0x26138] [DisplayControl] Enter MCCSOtherSet::GetVCP(), vcp code = 96
2025/10/31 05:04:23.094 [T:0x26138] [DisplayControl] Exit MCCSOtherSet::GetVCP()
2025/10/31 05:04:23.201 [T:0x26138] [DisplayControl] Enter MCCSOtherSet::GetVCP(), vcp code = 20
2025/10/31 05:04:23.282 [T:0x26138] [DisplayControl] Exit MCCSOtherSet::GetVCP()
2025/10/31 05:04:23.389 [T:0x26138] [DisplayControl] Enter MCCSOtherSet::GetVCP(), vcp code = 141
2025/10/31 05:04:23.471 [T:0x26138] [DisplayControl] Exit MCCSOtherSet::GetVCP()
2025/10/31 05:04:23.578 [T:0x26138] [DisplayControl] Enter MCCSOtherSet::GetVCP(), vcp code = 16
2025/10/31 05:04:23.659 [T:0x26138] [DisplayControl] Exit MCCSOtherSet::GetVCP()
2025/10/31 05:04:23.698 [T:0x7f4c3] [DisplayControl] Enter MCCSOtherSet::GetVCP(), vcp code = 96
2025/10/31 05:04:23.767 [T:0x26138] [DisplayControl] Enter MCCSOtherSet::GetVCP(), vcp code = 245
2025/10/31 05:04:23.808 [T:0x7f4c3] [DisplayControl] Exit MCCSOtherSet::GetVCP()
2025/10/31 05:04:23.982 [T:0x26138] [DisplayControl] Exit MCCSOtherSet::GetVCP()
2025/10/31 05:04:24.084 [T:0x26138] [DisplayControl] Enter MCCSOtherSet::GetVCP(), vcp code = 98
2025/10/31 05:04:24.314 [T:0x26138] [DisplayControl] Exit MCCSOtherSet::GetVCP()
2025/10/31 05:04:24.417 [T:0x26138] [DisplayControl] Enter MCCSOtherSet::GetVCP(), vcp code = 51
2025/10/31 05:04:24.502 [T:0x26138] [DisplayControl] Exit MCCSOtherSet::GetVCP()
2025/10/31 05:04:24.605 [T:0x26138] [DisplayControl] Enter MCCSOtherSet::GetVCP(), vcp code = 97
2025/10/31 05:04:24.691 [T:0x26138] [DisplayControl] Exit MCCSOtherSet::GetVCP()
2025/10/31 05:04:24.793 [T:0x26138] [DisplayControl] Enter MCCSOtherSet::GetVCP(), vcp code = 226
2025/10/31 05:04:24.878 [T:0x26138] [DisplayControl] Exit MCCSOtherSet::GetVCP()
2025/10/31 05:04:24.981 [T:0x26138] [DisplayControl] Enter MCCSOtherSet::GetVCP(), vcp code = 4
2025/10/31 05:04:25.066 [T:0x26138] [DisplayControl] Exit MCCSOtherSet::GetVCP()
2025/10/31 05:04:25.169 [T:0x26138] [DisplayControl] Enter MCCSOtherSet::GetVCP(), vcp code = 225
2025/10/31 05:04:25.254 [T:0x26138] [DisplayControl] Exit MCCSOtherSet::GetVCP()
2025/10/31 05:04:25.358 [T:0x26138] [DisplayControl] Enter MCCSOtherSet::GetVCP(), vcp code = 18
2025/10/31 05:04:25.443 [T:0x26138] [DisplayControl] Exit MCCSOtherSet::GetVCP()
2025/10/31 05:04:25.546 [T:0x26138] [DisplayControl] Enter MCCSOtherSet::GetVCP(), vcp code = 135
2025/10/31 05:04:25.632 [T:0x26138] [DisplayControl] Exit MCCSOtherSet::GetVCP()
2025/10/31 05:04:25.735 [T:0x26138] [DisplayControl] Enter MCCSOtherSet::GetVCP(), vcp code = 43
2025/10/31 05:04:25.819 [T:0x26138] [DisplayControl] Exit MCCSOtherSet::GetVCP()
2025/10/31 05:04:25.923 [T:0x26138] [DisplayControl] Enter MCCSOtherSet::GetVCP(), vcp code = 220
2025/10/31 05:04:26.008 [T:0x26138] [DisplayControl] Exit MCCSOtherSet::GetVCP()
2025/10/31 05:04:26.111 [T:0x26138] [DisplayControl] Enter MCCSOtherSet::GetVCP(), vcp code = 96
2025/10/31 05:04:26.196 [T:0x26138] [DisplayControl] Exit MCCSOtherSet::GetVCP()
2025/10/31 05:04:26.299 [T:0x26138] [DisplayControl] Enter MCCSOtherSet::GetVCP(), vcp code = 141
2025/10/31 05:04:26.384 [T:0x26138] [DisplayControl] Exit MCCSOtherSet::GetVCP()
2025/10/31 05:04:26.488 [T:0x26138] [DisplayControl] Enter MCCSOtherSet::GetVCP(), vcp code = 236
2025/10/31 05:04:26.573 [T:0x26138] [DisplayControl] Exit MCCSOtherSet::GetVCP()
2025/10/31 05:04:26.676 [T:0x26138] [DisplayControl] Enter MCCSOtherSet::GetVCP(), vcp code = 16
2025/10/31 05:04:26.761 [T:0x26138] [DisplayControl] Exit MCCSOtherSet::GetVCP()
2025/10/31 05:04:26.864 [T:0x26138] [DisplayControl] Enter MCCSOtherSet::GetVCP(), vcp code = 98
2025/10/31 05:04:26.950 [T:0x26138] [DisplayControl] Exit MCCSOtherSet::GetVCP()
2025/10/31 05:05:46.082 [T:0xb6f72] [DisplayControl] Enter MCCSOtherSet::SetVCP(), vcp code = 51
2025/10/31 05:05:46.288 [T:0xb6f72] [DisplayControl] Exit MCCSOtherSet::SetVCP()
2025/10/31 05:06:03.739 [T:0xb6f72] [DisplayControl] Enter MCCSOtherSet::SetVCP(), vcp code = 16
2025/10/31 05:06:03.949 [T:0xb6f72] [DisplayControl] Exit MCCSOtherSet::SetVCP()
2025/10/31 05:06:30.016 [T:0xb6f72] [DisplayControl] Enter MCCSOtherSet::SetVCP(), vcp code = 51
2025/10/31 05:06:30.237 [T:0xb6f72] [DisplayControl] Exit MCCSOtherSet::SetVCP()
2025/10/31 05:06:47.673 [T:0xb6f72] [DisplayControl] Enter MCCSOtherSet::SetVCP(), vcp code = 18
2025/10/31 05:06:47.869 [T:0xb6f72] [DisplayControl] Exit MCCSOtherSet::SetVCP()
2025/10/31 05:13:59.483 [T:0xcec68] [DisplayControl] Enter MCCSOtherSet::SetVCP(), vcp code = 4
2025/10/31 05:14:00.420 [T:0xcec68] [DisplayControl] Exit MCCSOtherSet::SetVCP()
2025/10/31 05:14:05.532 [T:0xcec68] [DisplayControl] Enter OperationThread::ExitThread
2025/10/31 05:14:05.532 [T:0xcec68] [DisplayControl] Exit OperationThread::ExitThread
2025/10/31 05:14:05.532 [T:0xcec68] [DisplayControl] Enter OperationThread::~OperationThread()
2025/10/31 05:14:05.532 [T:0xcec68] [DisplayControl] Enter OperationThread::ExitThread
2025/10/31 05:14:05.532 [T:0xcec68] [DisplayControl] Enter OperationThread::ExitThread
2025/10/31 05:14:05.532 [T:0xcec68] [DisplayControl] Exit OperationThread::ExitThread
2025/10/31 05:14:05.532 [T:0xcec68] [DisplayControl] Enter OperationThread::~OperationThread()
2025/10/31 05:14:05.533 [T:0xcec68] [DisplayControl] Enter OperationThread::ExitThread
2025/10/31 05:14:05.556 [T:0xcec68] [DbgStr] After calling display_control_client_listener_video_port_.UpdateAllDisplayPath()
2025/10/31 05:14:05.574 [T:0xcec68] [DbgStr] After calling display_control_client_listener_.GetAllDisplayEDID()
2025/10/31 05:14:05.579 [T:0xcec68] [DisplayControl] Version = 3.0.6.0
2025/10/31 05:14:05.579 [T:0xcec68] [DisplayControl] Enter ObtainControlHandler1
2025/10/31 05:14:05.579 [T:0xcec68] [DisplayControl] GetVideoPortCommander
2025/10/31 05:14:05.579 [T:0xcec68] [DisplayControl] GetUSBHubCommander
2025/10/31 05:14:05.579 [T:0xcec68] ====== List p_lpo_display_info_video_port, # of devices is ======2
2025/10/31 05:14:05.579 [T:0xcec68] [DisplayControl] index of p_lpo_display_info_video_port0
2025/10/31 05:14:05.579 [T:0xcec68] [DisplayControl] Model name from VideoPort = VG2458
2025/10/31 05:14:05.579 [T:0xcec68] [DisplayControl] SN from VideoPort = YDJ243400006
2025/10/31 05:14:05.579 [T:0xcec68] [DisplayControl] index of p_lpo_display_info_video_port1
2025/10/31 05:14:05.579 [T:0xcec68] [DisplayControl] Model name from VideoPort = VG275
2025/10/31 05:14:05.579 [T:0xcec68] [DisplayControl] SN from VideoPort = XF6232400003
2025/10/31 05:14:05.579 [T:0xcec68] ====== List p_lpo_display_info_rtd_scalar_rts_hub, # of devices is ======0
2025/10/31 05:14:05.579 [T:0xcec68] [DisplayControl] GetVSRtkHubControlClientListener
2025/10/31 05:14:05.579 [T:0xcec68] [DisplayControl] max monitor count = 2
2025/10/31 05:14:05.579 [T:0xcec68] [DisplayControl] index of display_info_vec = 0
2025/10/31 05:14:05.579 [T:0xcec68] [DisplayControl] index of p_lpo_display_info_video_port = 0
2025/10/31 05:14:05.579 [T:0xcec68] [DisplayControl] VideoPortMatchingRule
2025/10/31 05:14:05.579 [T:0xcec68] [DisplayControl] monitor display_info_model_name = VG2458
2025/10/31 05:14:05.579 [T:0xcec68] [DisplayControl] monitor video_port_model_name = VG2458
2025/10/31 05:14:05.579 [T:0xcec68] [DisplayControl] monitor display_info_sn = YDJ243400006
2025/10/31 05:14:05.579 [T:0xcec68] [DisplayControl] monitor video_port_sn = YDJ243400006
2025/10/31 05:14:05.579 [T:0xcec68] [DisplayControl] model_name_match = 1
2025/10/31 05:14:05.579 [T:0xcec68] [DisplayControl] sn_match = 1
2025/10/31 05:14:05.579 [T:0xcec68] [DisplayControl] video_port is_match = 1
2025/10/31 05:14:05.580 [T:0xcec68] [DisplayControl] index of display_info_vec = 1
2025/10/31 05:14:05.580 [T:0xcec68] [DisplayControl] index of p_lpo_display_info_video_port = 0
2025/10/31 05:14:05.580 [T:0xcec68] [DisplayControl] VideoPortMatchingRule
2025/10/31 05:14:05.580 [T:0xcec68] [DisplayControl] monitor display_info_model_name = VG275
2025/10/31 05:14:05.580 [T:0xcec68] [DisplayControl] monitor video_port_model_name = VG2458
2025/10/31 05:14:05.580 [T:0xcec68] [DisplayControl] monitor display_info_sn = XF6232400003
2025/10/31 05:14:05.580 [T:0xcec68] [DisplayControl] monitor video_port_sn = YDJ243400006
2025/10/31 05:14:05.580 [T:0xcec68] [DisplayControl] model_name_match = 0
2025/10/31 05:14:05.580 [T:0xcec68] [DisplayControl] sn_match = 0
2025/10/31 05:14:05.580 [T:0xcec68] [DisplayControl] video_port is_match = 0
2025/10/31 05:14:05.580 [T:0xcec68] [DisplayControl] index of display_info_vec = 1
2025/10/31 05:14:05.580 [T:0xcec68] [DisplayControl] index of p_lpo_display_info_video_port = 1
2025/10/31 05:14:05.580 [T:0xcec68] [DisplayControl] VideoPortMatchingRule
2025/10/31 05:14:05.580 [T:0xcec68] [DisplayControl] monitor display_info_model_name = VG275
2025/10/31 05:14:05.580 [T:0xcec68] [DisplayControl] monitor video_port_model_name = VG275
2025/10/31 05:14:05.580 [T:0xcec68] [DisplayControl] monitor display_info_sn = XF6232400003
2025/10/31 05:14:05.580 [T:0xcec68] [DisplayControl] monitor video_port_sn = XF6232400003
2025/10/31 05:14:05.580 [T:0xcec68] [DisplayControl] model_name_match = 1
2025/10/31 05:14:05.580 [T:0xcec68] [DisplayControl] sn_match = 1
2025/10/31 05:14:05.580 [T:0xcec68] [DisplayControl] video_port is_match = 1
2025/10/31 05:14:05.580 [T:0xcec68] [DisplayControl] i = 0
2025/10/31 05:14:05.580 [T:0xcec68] [DisplayControl] Enter OperationThread::OperationThread()
2025/10/31 05:14:05.580 [T:0xcec68] [DisplayControl] Enter OperationThread::CreateThread
2025/10/31 05:14:05.580 [T:0xcec68] [DisplayControl] new DisplayFunctioner
2025/10/31 05:14:05.580 [T:0xcec68] [DisplayControl] insert displayer_vector
2025/10/31 05:14:05.580 [T:0xcec68] [DisplayControl] insert modelName_SN_to_Display_map
2025/10/31 05:14:05.581 [T:0xcec68] [DisplayControl] insert device_id_to_Displayer_map_
2025/10/31 05:14:05.581 [T:0xcec68] [DisplayControl] i = 1
2025/10/31 05:14:05.581 [T:0xcec68] [DisplayControl] Enter OperationThread::OperationThread()
2025/10/31 05:14:05.581 [T:0xcec68] [DisplayControl] Enter OperationThread::CreateThread
2025/10/31 05:14:05.581 [T:0xcec68] [DisplayControl] new DisplayFunctioner
2025/10/31 05:14:05.581 [T:0xcec68] [DisplayControl] insert displayer_vector
2025/10/31 05:14:05.581 [T:0xcec68] [DisplayControl] insert modelName_SN_to_Display_map
2025/10/31 05:14:05.581 [T:0xcec68] [DisplayControl] insert device_id_to_Displayer_map_
2025/10/31 05:14:05.581 [T:0xcec68] [DisplayControl] monitor size = 2
2025/10/31 05:14:05.581 [T:0xcec68] [DisplayControl] Exit ObtainControlHandler
2025/10/31 05:14:05.581 [T:0xcec68] [DisplayControl] Enter MCCSOtherSet::GetVCP(), vcp code = 16
2025/10/31 05:14:05.659 [T:0xcec68] [DisplayControl] Exit MCCSOtherSet::GetVCP()
2025/10/31 05:14:05.659 [T:0xcec68] [DisplayControl] Enter MCCSOtherSet::GetVCP(), vcp code = 51
2025/10/31 05:14:05.801 [T:0xcec68] [DisplayControl] Exit MCCSOtherSet::GetVCP()
2025/10/31 05:14:05.907 [T:0xcec68] [DisplayControl] Enter MCCSOtherSet::GetVCP(), vcp code = 97
2025/10/31 05:14:05.989 [T:0xcec68] [DisplayControl] Exit MCCSOtherSet::GetVCP()
2025/10/31 05:14:06.096 [T:0xcec68] [DisplayControl] Enter MCCSOtherSet::GetVCP(), vcp code = 4
2025/10/31 05:14:06.177 [T:0xcec68] [DisplayControl] Exit MCCSOtherSet::GetVCP()
2025/10/31 05:14:06.284 [T:0xcec68] [DisplayControl] Enter MCCSOtherSet::GetVCP(), vcp code = 225
2025/10/31 05:14:06.365 [T:0xcec68] [DisplayControl] Exit MCCSOtherSet::GetVCP()
2025/10/31 05:14:06.473 [T:0xcec68] [DisplayControl] Enter MCCSOtherSet::GetVCP(), vcp code = 18
2025/10/31 05:14:06.553 [T:0xcec68] [DisplayControl] Exit MCCSOtherSet::GetVCP()
2025/10/31 05:14:06.661 [T:0xcec68] [DisplayControl] Enter MCCSOtherSet::GetVCP(), vcp code = 135
2025/10/31 05:14:06.742 [T:0xcec68] [DisplayControl] Exit MCCSOtherSet::GetVCP()
2025/10/31 05:14:06.849 [T:0xcec68] [DisplayControl] Enter MCCSOtherSet::GetVCP(), vcp code = 43
2025/10/31 05:14:06.930 [T:0xcec68] [DisplayControl] Exit MCCSOtherSet::GetVCP()
2025/10/31 05:14:07.037 [T:0xcec68] [DisplayControl] Enter MCCSOtherSet::GetVCP(), vcp code = 220
2025/10/31 05:14:07.120 [T:0xcec68] [DisplayControl] Exit MCCSOtherSet::GetVCP()
2025/10/31 05:14:07.226 [T:0xcec68] [DisplayControl] Enter MCCSOtherSet::GetVCP(), vcp code = 96
2025/10/31 05:14:07.307 [T:0xcec68] [DisplayControl] Exit MCCSOtherSet::GetVCP()
2025/10/31 05:14:07.414 [T:0xcec68] [DisplayControl] Enter MCCSOtherSet::GetVCP(), vcp code = 20
2025/10/31 05:14:07.495 [T:0xcec68] [DisplayControl] Exit MCCSOtherSet::GetVCP()
2025/10/31 05:14:07.602 [T:0xcec68] [DisplayControl] Enter MCCSOtherSet::GetVCP(), vcp code = 141
2025/10/31 05:14:07.683 [T:0xcec68] [DisplayControl] Exit MCCSOtherSet::GetVCP()
2025/10/31 05:14:07.791 [T:0xcec68] [DisplayControl] Enter MCCSOtherSet::GetVCP(), vcp code = 16
2025/10/31 05:14:07.872 [T:0xcec68] [DisplayControl] Exit MCCSOtherSet::GetVCP()
2025/10/31 05:14:07.911 [T:0x7f4c3] [DisplayControl] Enter MCCSOtherSet::GetVCP(), vcp code = 96
2025/10/31 05:14:07.980 [T:0xcec68] [DisplayControl] Enter MCCSOtherSet::GetVCP(), vcp code = 245
2025/10/31 05:14:08.021 [T:0x7f4c3] [DisplayControl] Exit MCCSOtherSet::GetVCP()
2025/10/31 05:14:08.193 [T:0xcec68] [DisplayControl] Exit MCCSOtherSet::GetVCP()
2025/10/31 05:14:08.295 [T:0xcec68] [DisplayControl] Enter MCCSOtherSet::GetVCP(), vcp code = 98
2025/10/31 05:14:08.506 [T:0xcec68] [DisplayControl] Exit MCCSOtherSet::GetVCP()
2025/10/31 05:14:08.622 [T:0xcec68] [DisplayControl] Enter MCCSOtherSet::GetVCP(), vcp code = 51
2025/10/31 05:14:08.722 [T:0xcec68] [DisplayControl] Exit MCCSOtherSet::GetVCP()
2025/10/31 05:14:08.825 [T:0xcec68] [DisplayControl] Enter MCCSOtherSet::GetVCP(), vcp code = 97
2025/10/31 05:14:08.910 [T:0xcec68] [DisplayControl] Exit MCCSOtherSet::GetVCP()
2025/10/31 05:14:09.013 [T:0xcec68] [DisplayControl] Enter MCCSOtherSet::GetVCP(), vcp code = 226
2025/10/31 05:14:09.098 [T:0xcec68] [DisplayControl] Exit MCCSOtherSet::GetVCP()
2025/10/31 05:14:09.201 [T:0xcec68] [DisplayControl] Enter MCCSOtherSet::GetVCP(), vcp code = 4
2025/10/31 05:14:09.286 [T:0xcec68] [DisplayControl] Exit MCCSOtherSet::GetVCP()
2025/10/31 05:14:09.389 [T:0xcec68] [DisplayControl] Enter MCCSOtherSet::GetVCP(), vcp code = 225
2025/10/31 05:14:09.474 [T:0xcec68] [DisplayControl] Exit MCCSOtherSet::GetVCP()
2025/10/31 05:14:09.578 [T:0xcec68] [DisplayControl] Enter MCCSOtherSet::GetVCP(), vcp code = 18
2025/10/31 05:14:09.662 [T:0xcec68] [DisplayControl] Exit MCCSOtherSet::GetVCP()
2025/10/31 05:14:09.765 [T:0xcec68] [DisplayControl] Enter MCCSOtherSet::GetVCP(), vcp code = 135
2025/10/31 05:14:09.851 [T:0xcec68] [DisplayControl] Exit MCCSOtherSet::GetVCP()
2025/10/31 05:14:09.954 [T:0xcec68] [DisplayControl] Enter MCCSOtherSet::GetVCP(), vcp code = 43
2025/10/31 05:14:10.039 [T:0xcec68] [DisplayControl] Exit MCCSOtherSet::GetVCP()
2025/10/31 05:14:10.142 [T:0xcec68] [DisplayControl] Enter MCCSOtherSet::GetVCP(), vcp code = 220
2025/10/31 05:14:10.227 [T:0xcec68] [DisplayControl] Exit MCCSOtherSet::GetVCP()
2025/10/31 05:14:10.330 [T:0xcec68] [DisplayControl] Enter MCCSOtherSet::GetVCP(), vcp code = 96
2025/10/31 05:14:10.415 [T:0xcec68] [DisplayControl] Exit MCCSOtherSet::GetVCP()
2025/10/31 05:14:10.519 [T:0xcec68] [DisplayControl] Enter MCCSOtherSet::GetVCP(), vcp code = 141
2025/10/31 05:14:10.604 [T:0xcec68] [DisplayControl] Exit MCCSOtherSet::GetVCP()
2025/10/31 05:14:10.707 [T:0xcec68] [DisplayControl] Enter MCCSOtherSet::GetVCP(), vcp code = 236
2025/10/31 05:14:10.792 [T:0xcec68] [DisplayControl] Exit MCCSOtherSet::GetVCP()
2025/10/31 05:14:10.895 [T:0xcec68] [DisplayControl] Enter MCCSOtherSet::GetVCP(), vcp code = 16
2025/10/31 05:14:10.980 [T:0xcec68] [DisplayControl] Exit MCCSOtherSet::GetVCP()
2025/10/31 05:14:11.083 [T:0xcec68] [DisplayControl] Enter MCCSOtherSet::GetVCP(), vcp code = 98
2025/10/31 05:14:11.168 [T:0xcec68] [DisplayControl] Exit MCCSOtherSet::GetVCP()
2025/10/31 05:15:31.427 [T:0xa729d] [DisplayControl] Enter MCCSOtherSet::SetVCP(), vcp code = 51
2025/10/31 05:15:31.747 [T:0xa729d] [DisplayControl] Exit MCCSOtherSet::SetVCP()
2025/10/31 05:15:48.737 [T:0xa729d] [DisplayControl] Enter MCCSOtherSet::SetVCP(), vcp code = 4
2025/10/31 05:15:49.674 [T:0xa729d] [DisplayControl] Exit MCCSOtherSet::SetVCP()
2025/10/31 05:15:54.791 [T:0xa729d] [DisplayControl] Enter OperationThread::ExitThread
2025/10/31 05:15:54.791 [T:0xa729d] [DisplayControl] Exit OperationThread::ExitThread
2025/10/31 05:15:54.791 [T:0xa729d] [DisplayControl] Enter OperationThread::~OperationThread()
2025/10/31 05:15:54.791 [T:0xa729d] [DisplayControl] Enter OperationThread::ExitThread
2025/10/31 05:15:54.791 [T:0xa729d] [DisplayControl] Enter OperationThread::ExitThread
2025/10/31 05:15:54.791 [T:0xa729d] [DisplayControl] Exit OperationThread::ExitThread
2025/10/31 05:15:54.792 [T:0xa729d] [DisplayControl] Enter OperationThread::~OperationThread()
2025/10/31 05:15:54.792 [T:0xa729d] [DisplayControl] Enter OperationThread::ExitThread
2025/10/31 05:15:54.815 [T:0xa729d] [DbgStr] After calling display_control_client_listener_video_port_.UpdateAllDisplayPath()
2025/10/31 05:15:54.832 [T:0xa729d] [DbgStr] After calling display_control_client_listener_.GetAllDisplayEDID()
2025/10/31 05:15:54.834 [T:0xa729d] [DisplayControl] Version = 3.0.6.0
2025/10/31 05:15:54.834 [T:0xa729d] [DisplayControl] Enter ObtainControlHandler1
2025/10/31 05:15:54.834 [T:0xa729d] [DisplayControl] GetVideoPortCommander
2025/10/31 05:15:54.834 [T:0xa729d] [DisplayControl] GetUSBHubCommander
2025/10/31 05:15:54.834 [T:0xa729d] ====== List p_lpo_display_info_video_port, # of devices is ======2
2025/10/31 05:15:54.834 [T:0xa729d] [DisplayControl] index of p_lpo_display_info_video_port0
2025/10/31 05:15:54.834 [T:0xa729d] [DisplayControl] Model name from VideoPort = VG2458
2025/10/31 05:15:54.834 [T:0xa729d] [DisplayControl] SN from VideoPort = YDJ243400006
2025/10/31 05:15:54.834 [T:0xa729d] [DisplayControl] index of p_lpo_display_info_video_port1
2025/10/31 05:15:54.834 [T:0xa729d] [DisplayControl] Model name from VideoPort = VG275
2025/10/31 05:15:54.834 [T:0xa729d] [DisplayControl] SN from VideoPort = XF6232400003
2025/10/31 05:15:54.834 [T:0xa729d] ====== List p_lpo_display_info_rtd_scalar_rts_hub, # of devices is ======0
2025/10/31 05:15:54.834 [T:0xa729d] [DisplayControl] GetVSRtkHubControlClientListener
2025/10/31 05:15:54.834 [T:0xa729d] [DisplayControl] max monitor count = 2
2025/10/31 05:15:54.834 [T:0xa729d] [DisplayControl] index of display_info_vec = 0
2025/10/31 05:15:54.834 [T:0xa729d] [DisplayControl] index of p_lpo_display_info_video_port = 0
2025/10/31 05:15:54.835 [T:0xa729d] [DisplayControl] VideoPortMatchingRule
2025/10/31 05:15:54.835 [T:0xa729d] [DisplayControl] monitor display_info_model_name = VG2458
2025/10/31 05:15:54.835 [T:0xa729d] [DisplayControl] monitor video_port_model_name = VG2458
2025/10/31 05:15:54.835 [T:0xa729d] [DisplayControl] monitor display_info_sn = YDJ243400006
2025/10/31 05:15:54.835 [T:0xa729d] [DisplayControl] monitor video_port_sn = YDJ243400006
2025/10/31 05:15:54.835 [T:0xa729d] [DisplayControl] model_name_match = 1
2025/10/31 05:15:54.835 [T:0xa729d] [DisplayControl] sn_match = 1
2025/10/31 05:15:54.835 [T:0xa729d] [DisplayControl] video_port is_match = 1
2025/10/31 05:15:54.835 [T:0xa729d] [DisplayControl] index of display_info_vec = 1
2025/10/31 05:15:54.835 [T:0xa729d] [DisplayControl] index of p_lpo_display_info_video_port = 0
2025/10/31 05:15:54.835 [T:0xa729d] [DisplayControl] VideoPortMatchingRule
2025/10/31 05:15:54.835 [T:0xa729d] [DisplayControl] monitor display_info_model_name = VG275
2025/10/31 05:15:54.835 [T:0xa729d] [DisplayControl] monitor video_port_model_name = VG2458
2025/10/31 05:15:54.835 [T:0xa729d] [DisplayControl] monitor display_info_sn = XF6232400003
2025/10/31 05:15:54.835 [T:0xa729d] [DisplayControl] monitor video_port_sn = YDJ243400006
2025/10/31 05:15:54.835 [T:0xa729d] [DisplayControl] model_name_match = 0
2025/10/31 05:15:54.835 [T:0xa729d] [DisplayControl] sn_match = 0
2025/10/31 05:15:54.835 [T:0xa729d] [DisplayControl] video_port is_match = 0
2025/10/31 05:15:54.835 [T:0xa729d] [DisplayControl] index of display_info_vec = 1
2025/10/31 05:15:54.835 [T:0xa729d] [DisplayControl] index of p_lpo_display_info_video_port = 1
2025/10/31 05:15:54.835 [T:0xa729d] [DisplayControl] VideoPortMatchingRule
2025/10/31 05:15:54.835 [T:0xa729d] [DisplayControl] monitor display_info_model_name = VG275
2025/10/31 05:15:54.835 [T:0xa729d] [DisplayControl] monitor video_port_model_name = VG275
2025/10/31 05:15:54.835 [T:0xa729d] [DisplayControl] monitor display_info_sn = XF6232400003
2025/10/31 05:15:54.835 [T:0xa729d] [DisplayControl] monitor video_port_sn = XF6232400003
2025/10/31 05:15:54.835 [T:0xa729d] [DisplayControl] model_name_match = 1
2025/10/31 05:15:54.835 [T:0xa729d] [DisplayControl] sn_match = 1
2025/10/31 05:15:54.836 [T:0xa729d] [DisplayControl] video_port is_match = 1
2025/10/31 05:15:54.836 [T:0xa729d] [DisplayControl] i = 0
2025/10/31 05:15:54.836 [T:0xa729d] [DisplayControl] Enter OperationThread::OperationThread()
2025/10/31 05:15:54.836 [T:0xa729d] [DisplayControl] Enter OperationThread::CreateThread
2025/10/31 05:15:54.836 [T:0xa729d] [DisplayControl] new DisplayFunctioner
2025/10/31 05:15:54.836 [T:0xa729d] [DisplayControl] insert displayer_vector
2025/10/31 05:15:54.836 [T:0xa729d] [DisplayControl] insert modelName_SN_to_Display_map
2025/10/31 05:15:54.836 [T:0xa729d] [DisplayControl] insert device_id_to_Displayer_map_
2025/10/31 05:15:54.836 [T:0xa729d] [DisplayControl] i = 1
2025/10/31 05:15:54.836 [T:0xa729d] [DisplayControl] Enter OperationThread::OperationThread()
2025/10/31 05:15:54.836 [T:0xa729d] [DisplayControl] Enter OperationThread::CreateThread
2025/10/31 05:15:54.836 [T:0xa729d] [DisplayControl] new DisplayFunctioner
2025/10/31 05:15:54.836 [T:0xa729d] [DisplayControl] insert displayer_vector
2025/10/31 05:15:54.836 [T:0xa729d] [DisplayControl] insert modelName_SN_to_Display_map
2025/10/31 05:15:54.836 [T:0xa729d] [DisplayControl] insert device_id_to_Displayer_map_
2025/10/31 05:15:54.836 [T:0xa729d] [DisplayControl] monitor size = 2
2025/10/31 05:15:54.836 [T:0xa729d] [DisplayControl] Exit ObtainControlHandler
2025/10/31 05:15:54.836 [T:0xa729d] [DisplayControl] Enter MCCSOtherSet::GetVCP(), vcp code = 16
2025/10/31 05:15:54.918 [T:0xa729d] [DisplayControl] Exit MCCSOtherSet::GetVCP()
2025/10/31 05:15:54.919 [T:0xa729d] [DisplayControl] Enter MCCSOtherSet::GetVCP(), vcp code = 51
2025/10/31 05:15:55.060 [T:0xa729d] [DisplayControl] Exit MCCSOtherSet::GetVCP()
2025/10/31 05:15:55.167 [T:0xa729d] [DisplayControl] Enter MCCSOtherSet::GetVCP(), vcp code = 97
2025/10/31 05:15:55.250 [T:0xa729d] [DisplayControl] Exit MCCSOtherSet::GetVCP()
2025/10/31 05:15:55.356 [T:0xa729d] [DisplayControl] Enter MCCSOtherSet::GetVCP(), vcp code = 4
2025/10/31 05:15:55.437 [T:0xa729d] [DisplayControl] Exit MCCSOtherSet::GetVCP()
2025/10/31 05:15:55.544 [T:0xa729d] [DisplayControl] Enter MCCSOtherSet::GetVCP(), vcp code = 225
2025/10/31 05:15:55.625 [T:0xa729d] [DisplayControl] Exit MCCSOtherSet::GetVCP()
2025/10/31 05:15:55.732 [T:0xa729d] [DisplayControl] Enter MCCSOtherSet::GetVCP(), vcp code = 18
2025/10/31 05:15:55.813 [T:0xa729d] [DisplayControl] Exit MCCSOtherSet::GetVCP()
2025/10/31 05:15:55.920 [T:0xa729d] [DisplayControl] Enter MCCSOtherSet::GetVCP(), vcp code = 135
2025/10/31 05:15:56.002 [T:0xa729d] [DisplayControl] Exit MCCSOtherSet::GetVCP()
2025/10/31 05:15:56.109 [T:0xa729d] [DisplayControl] Enter MCCSOtherSet::GetVCP(), vcp code = 43
2025/10/31 05:15:56.190 [T:0xa729d] [DisplayControl] Exit MCCSOtherSet::GetVCP()
2025/10/31 05:15:56.297 [T:0xa729d] [DisplayControl] Enter MCCSOtherSet::GetVCP(), vcp code = 220
2025/10/31 05:15:56.378 [T:0xa729d] [DisplayControl] Exit MCCSOtherSet::GetVCP()
2025/10/31 05:15:56.486 [T:0xa729d] [DisplayControl] Enter MCCSOtherSet::GetVCP(), vcp code = 96
2025/10/31 05:15:56.567 [T:0xa729d] [DisplayControl] Exit MCCSOtherSet::GetVCP()
2025/10/31 05:15:56.674 [T:0xa729d] [DisplayControl] Enter MCCSOtherSet::GetVCP(), vcp code = 20
2025/10/31 05:15:56.755 [T:0xa729d] [DisplayControl] Exit MCCSOtherSet::GetVCP()
2025/10/31 05:15:56.862 [T:0xa729d] [DisplayControl] Enter MCCSOtherSet::GetVCP(), vcp code = 141
2025/10/31 05:15:56.943 [T:0xa729d] [DisplayControl] Exit MCCSOtherSet::GetVCP()
2025/10/31 05:15:57.051 [T:0xa729d] [DisplayControl] Enter MCCSOtherSet::GetVCP(), vcp code = 16
2025/10/31 05:15:57.132 [T:0xa729d] [DisplayControl] Exit MCCSOtherSet::GetVCP()
2025/10/31 05:15:57.170 [T:0x7f4c3] [DisplayControl] Enter MCCSOtherSet::GetVCP(), vcp code = 96
2025/10/31 05:15:57.240 [T:0xa729d] [DisplayControl] Enter MCCSOtherSet::GetVCP(), vcp code = 245
2025/10/31 05:15:57.281 [T:0x7f4c3] [DisplayControl] Exit MCCSOtherSet::GetVCP()
2025/10/31 05:15:57.454 [T:0xa729d] [DisplayControl] Exit MCCSOtherSet::GetVCP()
2025/10/31 05:15:57.557 [T:0xa729d] [DisplayControl] Enter MCCSOtherSet::GetVCP(), vcp code = 98
2025/10/31 05:15:57.793 [T:0xa729d] [DisplayControl] Exit MCCSOtherSet::GetVCP()
2025/10/31 05:15:57.896 [T:0xa729d] [DisplayControl] Enter MCCSOtherSet::GetVCP(), vcp code = 51
2025/10/31 05:15:57.981 [T:0xa729d] [DisplayControl] Exit MCCSOtherSet::GetVCP()
2025/10/31 05:15:58.084 [T:0xa729d] [DisplayControl] Enter MCCSOtherSet::GetVCP(), vcp code = 97
2025/10/31 05:15:58.170 [T:0xa729d] [DisplayControl] Exit MCCSOtherSet::GetVCP()
2025/10/31 05:15:58.273 [T:0xa729d] [DisplayControl] Enter MCCSOtherSet::GetVCP(), vcp code = 226
2025/10/31 05:15:58.358 [T:0xa729d] [DisplayControl] Exit MCCSOtherSet::GetVCP()
2025/10/31 05:15:58.461 [T:0xa729d] [DisplayControl] Enter MCCSOtherSet::GetVCP(), vcp code = 4
2025/10/31 05:15:58.546 [T:0xa729d] [DisplayControl] Exit MCCSOtherSet::GetVCP()
2025/10/31 05:15:58.649 [T:0xa729d] [DisplayControl] Enter MCCSOtherSet::GetVCP(), vcp code = 225
2025/10/31 05:15:58.734 [T:0xa729d] [DisplayControl] Exit MCCSOtherSet::GetVCP()
2025/10/31 05:15:58.838 [T:0xa729d] [DisplayControl] Enter MCCSOtherSet::GetVCP(), vcp code = 18
2025/10/31 05:15:58.923 [T:0xa729d] [DisplayControl] Exit MCCSOtherSet::GetVCP()
2025/10/31 05:15:59.026 [T:0xa729d] [DisplayControl] Enter MCCSOtherSet::GetVCP(), vcp code = 135
2025/10/31 05:15:59.111 [T:0xa729d] [DisplayControl] Exit MCCSOtherSet::GetVCP()
2025/10/31 05:15:59.214 [T:0xa729d] [DisplayControl] Enter MCCSOtherSet::GetVCP(), vcp code = 43
2025/10/31 05:15:59.300 [T:0xa729d] [DisplayControl] Exit MCCSOtherSet::GetVCP()
2025/10/31 05:15:59.403 [T:0xa729d] [DisplayControl] Enter MCCSOtherSet::GetVCP(), vcp code = 220
2025/10/31 05:15:59.488 [T:0xa729d] [DisplayControl] Exit MCCSOtherSet::GetVCP()
2025/10/31 05:15:59.591 [T:0xa729d] [DisplayControl] Enter MCCSOtherSet::GetVCP(), vcp code = 96
2025/10/31 05:15:59.676 [T:0xa729d] [DisplayControl] Exit MCCSOtherSet::GetVCP()
2025/10/31 05:15:59.779 [T:0xa729d] [DisplayControl] Enter MCCSOtherSet::GetVCP(), vcp code = 141
2025/10/31 05:15:59.865 [T:0xa729d] [DisplayControl] Exit MCCSOtherSet::GetVCP()
2025/10/31 05:15:59.968 [T:0xa729d] [DisplayControl] Enter MCCSOtherSet::GetVCP(), vcp code = 236
2025/10/31 05:16:00.053 [T:0xa729d] [DisplayControl] Exit MCCSOtherSet::GetVCP()
2025/10/31 05:16:00.156 [T:0xa729d] [DisplayControl] Enter MCCSOtherSet::GetVCP(), vcp code = 16
2025/10/31 05:16:00.242 [T:0xa729d] [DisplayControl] Exit MCCSOtherSet::GetVCP()
2025/10/31 05:16:00.345 [T:0xa729d] [DisplayControl] Enter MCCSOtherSet::GetVCP(), vcp code = 98
2025/10/31 05:16:00.430 [T:0xa729d] [DisplayControl] Exit MCCSOtherSet::GetVCP()
2025/10/31 05:16:00.536 [T:0xa729d] [DisplayControl] Enter MCCSOtherSet::SetVCP(), vcp code = 51
2025/10/31 05:16:00.699 [T:0xa729d] [DisplayControl] Exit MCCSOtherSet::SetVCP()
2025/10/31 05:19:25.821 [T:0x17064] [DisplayControl] Enter MCCSOtherSet::SetVCP(), vcp code = 51
2025/10/31 05:19:26.175 [T:0x17064] [DisplayControl] Exit MCCSOtherSet::SetVCP()
2025/10/31 05:23:06.883 [T:0x8360d] [DisplayControl] Enter MCCSOtherSet::SetVCP(), vcp code = 51
2025/10/31 05:23:07.095 [T:0x8360d] [DisplayControl] Exit MCCSOtherSet::SetVCP()
2025/10/31 05:23:26.033 [T:0x7f4c3] [DisplayControl] Enter OperationThread::ExitThread
2025/10/31 05:23:26.033 [T:0x7f4c3] [DisplayControl] Exit OperationThread::ExitThread
2025/10/31 05:23:26.033 [T:0x7f4c3] [DisplayControl] Enter OperationThread::~OperationThread()
2025/10/31 05:23:26.033 [T:0x7f4c3] [DisplayControl] Enter OperationThread::ExitThread
2025/10/31 05:23:26.033 [T:0x7f4c3] [DisplayControl] Enter OperationThread::ExitThread
2025/10/31 05:23:26.033 [T:0x7f4c3] [DisplayControl] Exit OperationThread::ExitThread
2025/10/31 05:23:26.033 [T:0x7f4c3] [DisplayControl] Enter OperationThread::~OperationThread()
2025/10/31 05:23:26.033 [T:0x7f4c3] [DisplayControl] Enter OperationThread::ExitThread
2025/10/31 05:23:26.105 [T:0x7f4c3] [DbgStr] After calling display_control_client_listener_video_port_.UpdateAllDisplayPath()
2025/10/31 05:23:26.128 [T:0x7f4c3] [DbgStr] After calling display_control_client_listener_.GetAllDisplayEDID()
2025/10/31 05:23:26.139 [T:0x7f4c3] [DisplayControl] Version = 3.0.6.0
2025/10/31 05:23:26.140 [T:0x7f4c3] [DisplayControl] Enter ObtainControlHandler1
2025/10/31 05:23:26.140 [T:0x7f4c3] [DisplayControl] GetVideoPortCommander
2025/10/31 05:23:26.140 [T:0x7f4c3] [DisplayControl] GetUSBHubCommander
2025/10/31 05:23:26.140 [T:0x7f4c3] ====== List p_lpo_display_info_video_port, # of devices is ======2
2025/10/31 05:23:26.140 [T:0x7f4c3] [DisplayControl] index of p_lpo_display_info_video_port0
2025/10/31 05:23:26.140 [T:0x7f4c3] [DisplayControl] Model name from VideoPort = VG2458
2025/10/31 05:23:26.140 [T:0x7f4c3] [DisplayControl] SN from VideoPort = YDJ243400006
2025/10/31 05:23:26.140 [T:0x7f4c3] [DisplayControl] index of p_lpo_display_info_video_port1
2025/10/31 05:23:26.140 [T:0x7f4c3] [DisplayControl] Model name from VideoPort = VG275
2025/10/31 05:23:26.140 [T:0x7f4c3] [DisplayControl] SN from VideoPort = XF6232400003
2025/10/31 05:23:26.140 [T:0x7f4c3] ====== List p_lpo_display_info_rtd_scalar_rts_hub, # of devices is ======0
2025/10/31 05:23:26.140 [T:0x7f4c3] [DisplayControl] GetVSRtkHubControlClientListener
2025/10/31 05:23:26.140 [T:0x7f4c3] [DisplayControl] max monitor count = 2
2025/10/31 05:23:26.140 [T:0x7f4c3] [DisplayControl] index of display_info_vec = 0
2025/10/31 05:23:26.140 [T:0x7f4c3] [DisplayControl] index of p_lpo_display_info_video_port = 0
2025/10/31 05:23:26.140 [T:0x7f4c3] [DisplayControl] VideoPortMatchingRule
2025/10/31 05:23:26.140 [T:0x7f4c3] [DisplayControl] monitor display_info_model_name = VG2458
2025/10/31 05:23:26.140 [T:0x7f4c3] [DisplayControl] monitor video_port_model_name = VG2458
2025/10/31 05:23:26.140 [T:0x7f4c3] [DisplayControl] monitor display_info_sn = YDJ243400006
2025/10/31 05:23:26.140 [T:0x7f4c3] [DisplayControl] monitor video_port_sn = YDJ243400006
2025/10/31 05:23:26.140 [T:0x7f4c3] [DisplayControl] model_name_match = 1
2025/10/31 05:23:26.140 [T:0x7f4c3] [DisplayControl] sn_match = 1
2025/10/31 05:23:26.140 [T:0x7f4c3] [DisplayControl] video_port is_match = 1
2025/10/31 05:23:26.140 [T:0x7f4c3] [DisplayControl] index of display_info_vec = 1
2025/10/31 05:23:26.140 [T:0x7f4c3] [DisplayControl] index of p_lpo_display_info_video_port = 0
2025/10/31 05:23:26.140 [T:0x7f4c3] [DisplayControl] VideoPortMatchingRule
2025/10/31 05:23:26.140 [T:0x7f4c3] [DisplayControl] monitor display_info_model_name = VG275
2025/10/31 05:23:26.141 [T:0x7f4c3] [DisplayControl] monitor video_port_model_name = VG2458
2025/10/31 05:23:26.141 [T:0x7f4c3] [DisplayControl] monitor display_info_sn = XF6232400003
2025/10/31 05:23:26.141 [T:0x7f4c3] [DisplayControl] monitor video_port_sn = YDJ243400006
2025/10/31 05:23:26.141 [T:0x7f4c3] [DisplayControl] model_name_match = 0
2025/10/31 05:23:26.141 [T:0x7f4c3] [DisplayControl] sn_match = 0
2025/10/31 05:23:26.141 [T:0x7f4c3] [DisplayControl] video_port is_match = 0
2025/10/31 05:23:26.141 [T:0x7f4c3] [DisplayControl] index of display_info_vec = 1
2025/10/31 05:23:26.141 [T:0x7f4c3] [DisplayControl] index of p_lpo_display_info_video_port = 1
2025/10/31 05:23:26.141 [T:0x7f4c3] [DisplayControl] VideoPortMatchingRule
2025/10/31 05:23:26.141 [T:0x7f4c3] [DisplayControl] monitor display_info_model_name = VG275
2025/10/31 05:23:26.141 [T:0x7f4c3] [DisplayControl] monitor video_port_model_name = VG275
2025/10/31 05:23:26.141 [T:0x7f4c3] [DisplayControl] monitor display_info_sn = XF6232400003
2025/10/31 05:23:26.141 [T:0x7f4c3] [DisplayControl] monitor video_port_sn = XF6232400003
2025/10/31 05:23:26.141 [T:0x7f4c3] [DisplayControl] model_name_match = 1
2025/10/31 05:23:26.141 [T:0x7f4c3] [DisplayControl] sn_match = 1
2025/10/31 05:23:26.141 [T:0x7f4c3] [DisplayControl] video_port is_match = 1
2025/10/31 05:23:26.141 [T:0x7f4c3] [DisplayControl] i = 0
2025/10/31 05:23:26.141 [T:0x7f4c3] [DisplayControl] Enter OperationThread::OperationThread()
2025/10/31 05:23:26.141 [T:0x7f4c3] [DisplayControl] Enter OperationThread::CreateThread
2025/10/31 05:23:26.141 [T:0x7f4c3] [DisplayControl] new DisplayFunctioner
2025/10/31 05:23:26.141 [T:0x7f4c3] [DisplayControl] insert displayer_vector
2025/10/31 05:23:26.141 [T:0x7f4c3] [DisplayControl] insert modelName_SN_to_Display_map
2025/10/31 05:23:26.141 [T:0x7f4c3] [DisplayControl] insert device_id_to_Displayer_map_
2025/10/31 05:23:26.141 [T:0x7f4c3] [DisplayControl] i = 1
2025/10/31 05:23:26.141 [T:0x7f4c3] [DisplayControl] Enter OperationThread::OperationThread()
2025/10/31 05:23:26.142 [T:0x7f4c3] [DisplayControl] Enter OperationThread::CreateThread
2025/10/31 05:23:26.142 [T:0x7f4c3] [DisplayControl] new DisplayFunctioner
2025/10/31 05:23:26.142 [T:0x7f4c3] [DisplayControl] insert displayer_vector
2025/10/31 05:23:26.142 [T:0x7f4c3] [DisplayControl] insert modelName_SN_to_Display_map
2025/10/31 05:23:26.142 [T:0x7f4c3] [DisplayControl] insert device_id_to_Displayer_map_
2025/10/31 05:23:26.142 [T:0x7f4c3] [DisplayControl] monitor size = 2
2025/10/31 05:23:26.142 [T:0x7f4c3] [DisplayControl] Exit ObtainControlHandler
2025/10/31 05:25:25.881 [T:0xbee1b] [DisplayControl] Enter MCCSOtherSet::SetVCP(), vcp code = 51
2025/10/31 05:25:26.236 [T:0xbee1b] [DisplayControl] Exit MCCSOtherSet::SetVCP()
2025/10/31 05:27:48.057 [T:0x7f4c3] [DisplayControl] Enter OperationThread::ExitThread
2025/10/31 05:27:48.057 [T:0x7f4c3] [DisplayControl] Exit OperationThread::ExitThread
2025/10/31 05:27:48.057 [T:0x7f4c3] [DisplayControl] Enter OperationThread::~OperationThread()
2025/10/31 05:27:48.057 [T:0x7f4c3] [DisplayControl] Enter OperationThread::ExitThread
2025/10/31 05:27:48.057 [T:0x7f4c3] [DisplayControl] Enter OperationThread::ExitThread
2025/10/31 05:27:48.057 [T:0x7f4c3] [DisplayControl] Exit OperationThread::ExitThread
2025/10/31 05:27:48.057 [T:0x7f4c3] [DisplayControl] Enter OperationThread::~OperationThread()
2025/10/31 05:27:48.057 [T:0x7f4c3] [DisplayControl] Enter OperationThread::ExitThread
2025/10/31 05:27:48.134 [T:0x7f4c3] [DbgStr] After calling display_control_client_listener_video_port_.UpdateAllDisplayPath()
2025/10/31 05:27:48.154 [T:0x7f4c3] [DbgStr] After calling display_control_client_listener_.GetAllDisplayEDID()
2025/10/31 05:27:48.157 [T:0x7f4c3] [DisplayControl] Version = 3.0.6.0
2025/10/31 05:27:48.157 [T:0x7f4c3] [DisplayControl] Enter ObtainControlHandler1
2025/10/31 05:27:48.157 [T:0x7f4c3] [DisplayControl] GetVideoPortCommander
2025/10/31 05:27:48.157 [T:0x7f4c3] [DisplayControl] GetUSBHubCommander
2025/10/31 05:27:48.157 [T:0x7f4c3] ====== List p_lpo_display_info_video_port, # of devices is ======2
2025/10/31 05:27:48.157 [T:0x7f4c3] [DisplayControl] index of p_lpo_display_info_video_port0
2025/10/31 05:27:48.157 [T:0x7f4c3] [DisplayControl] Model name from VideoPort = VG2458
2025/10/31 05:27:48.157 [T:0x7f4c3] [DisplayControl] SN from VideoPort = YDJ243400006
2025/10/31 05:27:48.157 [T:0x7f4c3] [DisplayControl] index of p_lpo_display_info_video_port1
2025/10/31 05:27:48.157 [T:0x7f4c3] [DisplayControl] Model name from VideoPort = VG275
2025/10/31 05:27:48.157 [T:0x7f4c3] [DisplayControl] SN from VideoPort = XF6232400003
2025/10/31 05:27:48.157 [T:0x7f4c3] ====== List p_lpo_display_info_rtd_scalar_rts_hub, # of devices is ======0
2025/10/31 05:27:48.157 [T:0x7f4c3] [DisplayControl] GetVSRtkHubControlClientListener
2025/10/31 05:27:48.157 [T:0x7f4c3] [DisplayControl] max monitor count = 2
2025/10/31 05:27:48.157 [T:0x7f4c3] [DisplayControl] index of display_info_vec = 0
2025/10/31 05:27:48.157 [T:0x7f4c3] [DisplayControl] index of p_lpo_display_info_video_port = 0
2025/10/31 05:27:48.158 [T:0x7f4c3] [DisplayControl] VideoPortMatchingRule
2025/10/31 05:27:48.158 [T:0x7f4c3] [DisplayControl] monitor display_info_model_name = VG2458
2025/10/31 05:27:48.158 [T:0x7f4c3] [DisplayControl] monitor video_port_model_name = VG2458
2025/10/31 05:27:48.158 [T:0x7f4c3] [DisplayControl] monitor display_info_sn = YDJ243400006
2025/10/31 05:27:48.158 [T:0x7f4c3] [DisplayControl] monitor video_port_sn = YDJ243400006
2025/10/31 05:27:48.158 [T:0x7f4c3] [DisplayControl] model_name_match = 1
2025/10/31 05:27:48.158 [T:0x7f4c3] [DisplayControl] sn_match = 1
2025/10/31 05:27:48.158 [T:0x7f4c3] [DisplayControl] video_port is_match = 1
2025/10/31 05:27:48.158 [T:0x7f4c3] [DisplayControl] index of display_info_vec = 1
2025/10/31 05:27:48.158 [T:0x7f4c3] [DisplayControl] index of p_lpo_display_info_video_port = 0
2025/10/31 05:27:48.158 [T:0x7f4c3] [DisplayControl] VideoPortMatchingRule
2025/10/31 05:27:48.158 [T:0x7f4c3] [DisplayControl] monitor display_info_model_name = VG275
2025/10/31 05:27:48.158 [T:0x7f4c3] [DisplayControl] monitor video_port_model_name = VG2458
2025/10/31 05:27:48.158 [T:0x7f4c3] [DisplayControl] monitor display_info_sn = XF6232400003
2025/10/31 05:27:48.158 [T:0x7f4c3] [DisplayControl] monitor video_port_sn = YDJ243400006
2025/10/31 05:27:48.158 [T:0x7f4c3] [DisplayControl] model_name_match = 0
2025/10/31 05:27:48.158 [T:0x7f4c3] [DisplayControl] sn_match = 0
2025/10/31 05:27:48.158 [T:0x7f4c3] [DisplayControl] video_port is_match = 0
2025/10/31 05:27:48.158 [T:0x7f4c3] [DisplayControl] index of display_info_vec = 1
2025/10/31 05:27:48.158 [T:0x7f4c3] [DisplayControl] index of p_lpo_display_info_video_port = 1
2025/10/31 05:27:48.158 [T:0x7f4c3] [DisplayControl] VideoPortMatchingRule
2025/10/31 05:27:48.158 [T:0x7f4c3] [DisplayControl] monitor display_info_model_name = VG275
2025/10/31 05:27:48.158 [T:0x7f4c3] [DisplayControl] monitor video_port_model_name = VG275
2025/10/31 05:27:48.158 [T:0x7f4c3] [DisplayControl] monitor display_info_sn = XF6232400003
2025/10/31 05:27:48.158 [T:0x7f4c3] [DisplayControl] monitor video_port_sn = XF6232400003
2025/10/31 05:27:48.158 [T:0x7f4c3] [DisplayControl] model_name_match = 1
2025/10/31 05:27:48.158 [T:0x7f4c3] [DisplayControl] sn_match = 1
2025/10/31 05:27:48.158 [T:0x7f4c3] [DisplayControl] video_port is_match = 1
2025/10/31 05:27:48.158 [T:0x7f4c3] [DisplayControl] i = 0
2025/10/31 05:27:48.159 [T:0x7f4c3] [DisplayControl] Enter OperationThread::OperationThread()
2025/10/31 05:27:48.159 [T:0x7f4c3] [DisplayControl] Enter OperationThread::CreateThread
2025/10/31 05:27:48.159 [T:0x7f4c3] [DisplayControl] new DisplayFunctioner
2025/10/31 05:27:48.159 [T:0x7f4c3] [DisplayControl] insert displayer_vector
2025/10/31 05:27:48.159 [T:0x7f4c3] [DisplayControl] insert modelName_SN_to_Display_map
2025/10/31 05:27:48.159 [T:0x7f4c3] [DisplayControl] insert device_id_to_Displayer_map_
2025/10/31 05:27:48.159 [T:0x7f4c3] [DisplayControl] i = 1
2025/10/31 05:27:48.159 [T:0x7f4c3] [DisplayControl] Enter OperationThread::OperationThread()
2025/10/31 05:27:48.159 [T:0x7f4c3] [DisplayControl] Enter OperationThread::CreateThread
2025/10/31 05:27:48.159 [T:0x7f4c3] [DisplayControl] new DisplayFunctioner
2025/10/31 05:27:48.159 [T:0x7f4c3] [DisplayControl] insert displayer_vector
2025/10/31 05:27:48.159 [T:0x7f4c3] [DisplayControl] insert modelName_SN_to_Display_map
2025/10/31 05:27:48.159 [T:0x7f4c3] [DisplayControl] insert device_id_to_Displayer_map_
2025/10/31 05:27:48.159 [T:0x7f4c3] [DisplayControl] monitor size = 2
2025/10/31 05:27:48.159 [T:0x7f4c3] [DisplayControl] Exit ObtainControlHandler
2025/10/31 05:30:04.157 [T:0x7f4c3] [DisplayControl] Enter OperationThread::ExitThread
2025/10/31 05:30:04.157 [T:0x7f4c3] [DisplayControl] Exit OperationThread::ExitThread
2025/10/31 05:30:04.157 [T:0x7f4c3] [DisplayControl] Enter OperationThread::~OperationThread()
2025/10/31 05:30:04.157 [T:0x7f4c3] [DisplayControl] Enter OperationThread::ExitThread
2025/10/31 05:30:04.157 [T:0x7f4c3] [DisplayControl] Enter OperationThread::ExitThread
2025/10/31 05:30:04.157 [T:0x7f4c3] [DisplayControl] Exit OperationThread::ExitThread
2025/10/31 05:30:04.157 [T:0x7f4c3] [DisplayControl] Enter OperationThread::~OperationThread()
2025/10/31 05:30:04.157 [T:0x7f4c3] [DisplayControl] Enter OperationThread::ExitThread
2025/10/31 05:30:04.233 [T:0x7f4c3] [DbgStr] After calling display_control_client_listener_video_port_.UpdateAllDisplayPath()
2025/10/31 05:30:04.253 [T:0x7f4c3] [DbgStr] After calling display_control_client_listener_.GetAllDisplayEDID()
2025/10/31 05:30:04.266 [T:0x7f4c3] [DisplayControl] Version = 3.0.6.0
2025/10/31 05:30:04.266 [T:0x7f4c3] [DisplayControl] Enter ObtainControlHandler1
2025/10/31 05:30:04.266 [T:0x7f4c3] [DisplayControl] GetVideoPortCommander
2025/10/31 05:30:04.266 [T:0x7f4c3] [DisplayControl] GetUSBHubCommander
2025/10/31 05:30:04.266 [T:0x7f4c3] ====== List p_lpo_display_info_video_port, # of devices is ======2
2025/10/31 05:30:04.266 [T:0x7f4c3] [DisplayControl] index of p_lpo_display_info_video_port0
2025/10/31 05:30:04.266 [T:0x7f4c3] [DisplayControl] Model name from VideoPort = VG2458
2025/10/31 05:30:04.266 [T:0x7f4c3] [DisplayControl] SN from VideoPort = YDJ243400006
2025/10/31 05:30:04.266 [T:0x7f4c3] [DisplayControl] index of p_lpo_display_info_video_port1
2025/10/31 05:30:04.266 [T:0x7f4c3] [DisplayControl] Model name from VideoPort = VG275
2025/10/31 05:30:04.266 [T:0x7f4c3] [DisplayControl] SN from VideoPort = XF6232400003
2025/10/31 05:30:04.266 [T:0x7f4c3] ====== List p_lpo_display_info_rtd_scalar_rts_hub, # of devices is ======0
2025/10/31 05:30:04.266 [T:0x7f4c3] [DisplayControl] GetVSRtkHubControlClientListener
2025/10/31 05:30:04.266 [T:0x7f4c3] [DisplayControl] max monitor count = 2
2025/10/31 05:30:04.266 [T:0x7f4c3] [DisplayControl] index of display_info_vec = 0
2025/10/31 05:30:04.266 [T:0x7f4c3] [DisplayControl] index of p_lpo_display_info_video_port = 0
2025/10/31 05:30:04.267 [T:0x7f4c3] [DisplayControl] VideoPortMatchingRule
2025/10/31 05:30:04.267 [T:0x7f4c3] [DisplayControl] monitor display_info_model_name = VG2458
2025/10/31 05:30:04.267 [T:0x7f4c3] [DisplayControl] monitor video_port_model_name = VG2458
2025/10/31 05:30:04.267 [T:0x7f4c3] [DisplayControl] monitor display_info_sn = YDJ243400006
2025/10/31 05:30:04.267 [T:0x7f4c3] [DisplayControl] monitor video_port_sn = YDJ243400006
2025/10/31 05:30:04.267 [T:0x7f4c3] [DisplayControl] model_name_match = 1
2025/10/31 05:30:04.267 [T:0x7f4c3] [DisplayControl] sn_match = 1
2025/10/31 05:30:04.267 [T:0x7f4c3] [DisplayControl] video_port is_match = 1
2025/10/31 05:30:04.267 [T:0x7f4c3] [DisplayControl] index of display_info_vec = 1
2025/10/31 05:30:04.267 [T:0x7f4c3] [DisplayControl] index of p_lpo_display_info_video_port = 0
2025/10/31 05:30:04.267 [T:0x7f4c3] [DisplayControl] VideoPortMatchingRule
2025/10/31 05:30:04.267 [T:0x7f4c3] [DisplayControl] monitor display_info_model_name = VG275
2025/10/31 05:30:04.267 [T:0x7f4c3] [DisplayControl] monitor video_port_model_name = VG2458
2025/10/31 05:30:04.267 [T:0x7f4c3] [DisplayControl] monitor display_info_sn = XF6232400003
2025/10/31 05:30:04.267 [T:0x7f4c3] [DisplayControl] monitor video_port_sn = YDJ243400006
2025/10/31 05:30:04.267 [T:0x7f4c3] [DisplayControl] model_name_match = 0
2025/10/31 05:30:04.267 [T:0x7f4c3] [DisplayControl] sn_match = 0
2025/10/31 05:30:04.267 [T:0x7f4c3] [DisplayControl] video_port is_match = 0
2025/10/31 05:30:04.267 [T:0x7f4c3] [DisplayControl] index of display_info_vec = 1
2025/10/31 05:30:04.267 [T:0x7f4c3] [DisplayControl] index of p_lpo_display_info_video_port = 1
2025/10/31 05:30:04.267 [T:0x7f4c3] [DisplayControl] VideoPortMatchingRule
2025/10/31 05:30:04.267 [T:0x7f4c3] [DisplayControl] monitor display_info_model_name = VG275
2025/10/31 05:30:04.267 [T:0x7f4c3] [DisplayControl] monitor video_port_model_name = VG275
2025/10/31 05:30:04.267 [T:0x7f4c3] [DisplayControl] monitor display_info_sn = XF6232400003
2025/10/31 05:30:04.267 [T:0x7f4c3] [DisplayControl] monitor video_port_sn = XF6232400003
2025/10/31 05:30:04.267 [T:0x7f4c3] [DisplayControl] model_name_match = 1
2025/10/31 05:30:04.267 [T:0x7f4c3] [DisplayControl] sn_match = 1
2025/10/31 05:30:04.267 [T:0x7f4c3] [DisplayControl] video_port is_match = 1
2025/10/31 05:30:04.267 [T:0x7f4c3] [DisplayControl] i = 0
2025/10/31 05:30:04.268 [T:0x7f4c3] [DisplayControl] Enter OperationThread::OperationThread()
2025/10/31 05:30:04.268 [T:0x7f4c3] [DisplayControl] Enter OperationThread::CreateThread
2025/10/31 05:30:04.268 [T:0x7f4c3] [DisplayControl] new DisplayFunctioner
2025/10/31 05:30:04.268 [T:0x7f4c3] [DisplayControl] insert displayer_vector
2025/10/31 05:30:04.268 [T:0x7f4c3] [DisplayControl] insert modelName_SN_to_Display_map
2025/10/31 05:30:04.268 [T:0x7f4c3] [DisplayControl] insert device_id_to_Displayer_map_
2025/10/31 05:30:04.268 [T:0x7f4c3] [DisplayControl] i = 1
2025/10/31 05:30:04.268 [T:0x7f4c3] [DisplayControl] Enter OperationThread::OperationThread()
2025/10/31 05:30:04.268 [T:0x7f4c3] [DisplayControl] Enter OperationThread::CreateThread
2025/10/31 05:30:04.268 [T:0x7f4c3] [DisplayControl] new DisplayFunctioner
2025/10/31 05:30:04.268 [T:0x7f4c3] [DisplayControl] insert displayer_vector
2025/10/31 05:30:04.268 [T:0x7f4c3] [DisplayControl] insert modelName_SN_to_Display_map
2025/10/31 05:30:04.268 [T:0x7f4c3] [DisplayControl] insert device_id_to_Displayer_map_
2025/10/31 05:30:04.268 [T:0x7f4c3] [DisplayControl] monitor size = 2
2025/10/31 05:30:04.268 [T:0x7f4c3] [DisplayControl] Exit ObtainControlHandler
2025/10/31 05:32:06.305 [T:0x7f4c3] [DisplayControl] Enter OperationThread::ExitThread
2025/10/31 05:32:06.306 [T:0x7f4c3] [DisplayControl] Exit OperationThread::ExitThread
2025/10/31 05:32:06.306 [T:0x7f4c3] [DisplayControl] Enter OperationThread::~OperationThread()
2025/10/31 05:32:06.306 [T:0x7f4c3] [DisplayControl] Enter OperationThread::ExitThread
2025/10/31 05:32:06.306 [T:0x7f4c3] [DisplayControl] Enter OperationThread::ExitThread
2025/10/31 05:32:06.306 [T:0x7f4c3] [DisplayControl] Exit OperationThread::ExitThread
2025/10/31 05:32:06.306 [T:0x7f4c3] [DisplayControl] Enter OperationThread::~OperationThread()
2025/10/31 05:32:06.306 [T:0x7f4c3] [DisplayControl] Enter OperationThread::ExitThread
2025/10/31 05:32:06.341 [T:0x7f4c3] [DbgStr] After calling display_control_client_listener_video_port_.UpdateAllDisplayPath()
2025/10/31 05:32:06.363 [T:0x7f4c3] [DbgStr] After calling display_control_client_listener_.GetAllDisplayEDID()
2025/10/31 05:32:06.366 [T:0x7f4c3] [DisplayControl] Version = 3.0.6.0
2025/10/31 05:32:06.367 [T:0x7f4c3] [DisplayControl] Enter ObtainControlHandler1
2025/10/31 05:32:06.367 [T:0x7f4c3] [DisplayControl] GetVideoPortCommander
2025/10/31 05:32:06.367 [T:0x7f4c3] [DisplayControl] GetUSBHubCommander
2025/10/31 05:32:06.367 [T:0x7f4c3] ====== List p_lpo_display_info_video_port, # of devices is ======2
2025/10/31 05:32:06.367 [T:0x7f4c3] [DisplayControl] index of p_lpo_display_info_video_port0
2025/10/31 05:32:06.367 [T:0x7f4c3] [DisplayControl] Model name from VideoPort = VG2458
2025/10/31 05:32:06.367 [T:0x7f4c3] [DisplayControl] SN from VideoPort = YDJ243400006
2025/10/31 05:32:06.367 [T:0x7f4c3] [DisplayControl] index of p_lpo_display_info_video_port1
2025/10/31 05:32:06.367 [T:0x7f4c3] [DisplayControl] Model name from VideoPort = VG275
2025/10/31 05:32:06.367 [T:0x7f4c3] [DisplayControl] SN from VideoPort = XF6232400003
2025/10/31 05:32:06.367 [T:0x7f4c3] ====== List p_lpo_display_info_rtd_scalar_rts_hub, # of devices is ======0
2025/10/31 05:32:06.367 [T:0x7f4c3] [DisplayControl] GetVSRtkHubControlClientListener
2025/10/31 05:32:06.367 [T:0x7f4c3] [DisplayControl] max monitor count = 2
2025/10/31 05:32:06.367 [T:0x7f4c3] [DisplayControl] index of display_info_vec = 0
2025/10/31 05:32:06.367 [T:0x7f4c3] [DisplayControl] index of p_lpo_display_info_video_port = 0
2025/10/31 05:32:06.367 [T:0x7f4c3] [DisplayControl] VideoPortMatchingRule
2025/10/31 05:32:06.367 [T:0x7f4c3] [DisplayControl] monitor display_info_model_name = VG2458
2025/10/31 05:32:06.367 [T:0x7f4c3] [DisplayControl] monitor video_port_model_name = VG2458
2025/10/31 05:32:06.367 [T:0x7f4c3] [DisplayControl] monitor display_info_sn = YDJ243400006
2025/10/31 05:32:06.367 [T:0x7f4c3] [DisplayControl] monitor video_port_sn = YDJ243400006
2025/10/31 05:32:06.367 [T:0x7f4c3] [DisplayControl] model_name_match = 1
2025/10/31 05:32:06.367 [T:0x7f4c3] [DisplayControl] sn_match = 1
2025/10/31 05:32:06.367 [T:0x7f4c3] [DisplayControl] video_port is_match = 1
2025/10/31 05:32:06.367 [T:0x7f4c3] [DisplayControl] index of display_info_vec = 1
2025/10/31 05:32:06.367 [T:0x7f4c3] [DisplayControl] index of p_lpo_display_info_video_port = 0
2025/10/31 05:32:06.368 [T:0x7f4c3] [DisplayControl] VideoPortMatchingRule
2025/10/31 05:32:06.368 [T:0x7f4c3] [DisplayControl] monitor display_info_model_name = VG275
2025/10/31 05:32:06.368 [T:0x7f4c3] [DisplayControl] monitor video_port_model_name = VG2458
2025/10/31 05:32:06.368 [T:0x7f4c3] [DisplayControl] monitor display_info_sn = XF6232400003
2025/10/31 05:32:06.368 [T:0x7f4c3] [DisplayControl] monitor video_port_sn = YDJ243400006
2025/10/31 05:32:06.368 [T:0x7f4c3] [DisplayControl] model_name_match = 0
2025/10/31 05:32:06.368 [T:0x7f4c3] [DisplayControl] sn_match = 0
2025/10/31 05:32:06.368 [T:0x7f4c3] [DisplayControl] video_port is_match = 0
2025/10/31 05:32:06.368 [T:0x7f4c3] [DisplayControl] index of display_info_vec = 1
2025/10/31 05:32:06.368 [T:0x7f4c3] [DisplayControl] index of p_lpo_display_info_video_port = 1
2025/10/31 05:32:06.368 [T:0x7f4c3] [DisplayControl] VideoPortMatchingRule
2025/10/31 05:32:06.368 [T:0x7f4c3] [DisplayControl] monitor display_info_model_name = VG275
2025/10/31 05:32:06.368 [T:0x7f4c3] [DisplayControl] monitor video_port_model_name = VG275
2025/10/31 05:32:06.368 [T:0x7f4c3] [DisplayControl] monitor display_info_sn = XF6232400003
2025/10/31 05:32:06.368 [T:0x7f4c3] [DisplayControl] monitor video_port_sn = XF6232400003
2025/10/31 05:32:06.368 [T:0x7f4c3] [DisplayControl] model_name_match = 1
2025/10/31 05:32:06.368 [T:0x7f4c3] [DisplayControl] sn_match = 1
2025/10/31 05:32:06.368 [T:0x7f4c3] [DisplayControl] video_port is_match = 1
2025/10/31 05:32:06.368 [T:0x7f4c3] [DisplayControl] i = 0
2025/10/31 05:32:06.368 [T:0x7f4c3] [DisplayControl] Enter OperationThread::OperationThread()
2025/10/31 05:32:06.368 [T:0x7f4c3] [DisplayControl] Enter OperationThread::CreateThread
2025/10/31 05:32:06.368 [T:0x7f4c3] [DisplayControl] new DisplayFunctioner
2025/10/31 05:32:06.369 [T:0x7f4c3] [DisplayControl] insert displayer_vector
2025/10/31 05:32:06.369 [T:0x7f4c3] [DisplayControl] insert modelName_SN_to_Display_map
2025/10/31 05:32:06.369 [T:0x7f4c3] [DisplayControl] insert device_id_to_Displayer_map_
2025/10/31 05:32:06.369 [T:0x7f4c3] [DisplayControl] i = 1
2025/10/31 05:32:06.369 [T:0x7f4c3] [DisplayControl] Enter OperationThread::OperationThread()
2025/10/31 05:32:06.369 [T:0x7f4c3] [DisplayControl] Enter OperationThread::CreateThread
2025/10/31 05:32:06.369 [T:0x7f4c3] [DisplayControl] new DisplayFunctioner
2025/10/31 05:32:06.369 [T:0x7f4c3] [DisplayControl] insert displayer_vector
2025/10/31 05:32:06.369 [T:0x7f4c3] [DisplayControl] insert modelName_SN_to_Display_map
2025/10/31 05:32:06.369 [T:0x7f4c3] [DisplayControl] insert device_id_to_Displayer_map_
2025/10/31 05:32:06.369 [T:0x7f4c3] [DisplayControl] monitor size = 2
2025/10/31 05:32:06.369 [T:0x7f4c3] [DisplayControl] Exit ObtainControlHandler
2025/10/31 05:34:22.316 [T:0x7f4c3] [DisplayControl] Enter OperationThread::ExitThread
2025/10/31 05:34:22.316 [T:0x7f4c3] [DisplayControl] Exit OperationThread::ExitThread
2025/10/31 05:34:22.316 [T:0x7f4c3] [DisplayControl] Enter OperationThread::~OperationThread()
2025/10/31 05:34:22.316 [T:0x7f4c3] [DisplayControl] Enter OperationThread::ExitThread
2025/10/31 05:34:22.316 [T:0x7f4c3] [DisplayControl] Enter OperationThread::ExitThread
2025/10/31 05:34:22.317 [T:0x7f4c3] [DisplayControl] Exit OperationThread::ExitThread
2025/10/31 05:34:22.317 [T:0x7f4c3] [DisplayControl] Enter OperationThread::~OperationThread()
2025/10/31 05:34:22.317 [T:0x7f4c3] [DisplayControl] Enter OperationThread::ExitThread
2025/10/31 05:34:22.385 [T:0x7f4c3] [DbgStr] After calling display_control_client_listener_video_port_.UpdateAllDisplayPath()
2025/10/31 05:34:22.404 [T:0x7f4c3] [DbgStr] After calling display_control_client_listener_.GetAllDisplayEDID()
2025/10/31 05:34:22.419 [T:0x7f4c3] [DisplayControl] Version = 3.0.6.0
2025/10/31 05:34:22.419 [T:0x7f4c3] [DisplayControl] Enter ObtainControlHandler1
2025/10/31 05:34:22.419 [T:0x7f4c3] [DisplayControl] GetVideoPortCommander
2025/10/31 05:34:22.419 [T:0x7f4c3] [DisplayControl] GetUSBHubCommander
2025/10/31 05:34:22.419 [T:0x7f4c3] ====== List p_lpo_display_info_video_port, # of devices is ======2
2025/10/31 05:34:22.419 [T:0x7f4c3] [DisplayControl] index of p_lpo_display_info_video_port0
2025/10/31 05:34:22.419 [T:0x7f4c3] [DisplayControl] Model name from VideoPort = VG2458
2025/10/31 05:34:22.419 [T:0x7f4c3] [DisplayControl] SN from VideoPort = YDJ243400006
2025/10/31 05:34:22.419 [T:0x7f4c3] [DisplayControl] index of p_lpo_display_info_video_port1
2025/10/31 05:34:22.419 [T:0x7f4c3] [DisplayControl] Model name from VideoPort = VG275
2025/10/31 05:34:22.419 [T:0x7f4c3] [DisplayControl] SN from VideoPort = XF6232400003
2025/10/31 05:34:22.419 [T:0x7f4c3] ====== List p_lpo_display_info_rtd_scalar_rts_hub, # of devices is ======0
2025/10/31 05:34:22.419 [T:0x7f4c3] [DisplayControl] GetVSRtkHubControlClientListener
2025/10/31 05:34:22.419 [T:0x7f4c3] [DisplayControl] max monitor count = 2
2025/10/31 05:34:22.419 [T:0x7f4c3] [DisplayControl] index of display_info_vec = 0
2025/10/31 05:34:22.419 [T:0x7f4c3] [DisplayControl] index of p_lpo_display_info_video_port = 0
2025/10/31 05:34:22.419 [T:0x7f4c3] [DisplayControl] VideoPortMatchingRule
2025/10/31 05:34:22.420 [T:0x7f4c3] [DisplayControl] monitor display_info_model_name = VG2458
2025/10/31 05:34:22.420 [T:0x7f4c3] [DisplayControl] monitor video_port_model_name = VG2458
2025/10/31 05:34:22.420 [T:0x7f4c3] [DisplayControl] monitor display_info_sn = YDJ243400006
2025/10/31 05:34:22.420 [T:0x7f4c3] [DisplayControl] monitor video_port_sn = YDJ243400006
2025/10/31 05:34:22.420 [T:0x7f4c3] [DisplayControl] model_name_match = 1
2025/10/31 05:34:22.420 [T:0x7f4c3] [DisplayControl] sn_match = 1
2025/10/31 05:34:22.420 [T:0x7f4c3] [DisplayControl] video_port is_match = 1
2025/10/31 05:34:22.420 [T:0x7f4c3] [DisplayControl] index of display_info_vec = 1
2025/10/31 05:34:22.420 [T:0x7f4c3] [DisplayControl] index of p_lpo_display_info_video_port = 0
2025/10/31 05:34:22.420 [T:0x7f4c3] [DisplayControl] VideoPortMatchingRule
2025/10/31 05:34:22.420 [T:0x7f4c3] [DisplayControl] monitor display_info_model_name = VG275
2025/10/31 05:34:22.420 [T:0x7f4c3] [DisplayControl] monitor video_port_model_name = VG2458
2025/10/31 05:34:22.420 [T:0x7f4c3] [DisplayControl] monitor display_info_sn = XF6232400003
2025/10/31 05:34:22.420 [T:0x7f4c3] [DisplayControl] monitor video_port_sn = YDJ243400006
2025/10/31 05:34:22.420 [T:0x7f4c3] [DisplayControl] model_name_match = 0
2025/10/31 05:34:22.420 [T:0x7f4c3] [DisplayControl] sn_match = 0
2025/10/31 05:34:22.420 [T:0x7f4c3] [DisplayControl] video_port is_match = 0
2025/10/31 05:34:22.420 [T:0x7f4c3] [DisplayControl] index of display_info_vec = 1
2025/10/31 05:34:22.420 [T:0x7f4c3] [DisplayControl] index of p_lpo_display_info_video_port = 1
2025/10/31 05:34:22.420 [T:0x7f4c3] [DisplayControl] VideoPortMatchingRule
2025/10/31 05:34:22.420 [T:0x7f4c3] [DisplayControl] monitor display_info_model_name = VG275
2025/10/31 05:34:22.420 [T:0x7f4c3] [DisplayControl] monitor video_port_model_name = VG275
2025/10/31 05:34:22.420 [T:0x7f4c3] [DisplayControl] monitor display_info_sn = XF6232400003
2025/10/31 05:34:22.420 [T:0x7f4c3] [DisplayControl] monitor video_port_sn = XF6232400003
2025/10/31 05:34:22.420 [T:0x7f4c3] [DisplayControl] model_name_match = 1
2025/10/31 05:34:22.420 [T:0x7f4c3] [DisplayControl] sn_match = 1
2025/10/31 05:34:22.420 [T:0x7f4c3] [DisplayControl] video_port is_match = 1
2025/10/31 05:34:22.420 [T:0x7f4c3] [DisplayControl] i = 0
2025/10/31 05:34:22.421 [T:0x7f4c3] [DisplayControl] Enter OperationThread::OperationThread()
2025/10/31 05:34:22.421 [T:0x7f4c3] [DisplayControl] Enter OperationThread::CreateThread
2025/10/31 05:34:22.421 [T:0x7f4c3] [DisplayControl] new DisplayFunctioner
2025/10/31 05:34:22.421 [T:0x7f4c3] [DisplayControl] insert displayer_vector
2025/10/31 05:34:22.421 [T:0x7f4c3] [DisplayControl] insert modelName_SN_to_Display_map
2025/10/31 05:34:22.421 [T:0x7f4c3] [DisplayControl] insert device_id_to_Displayer_map_
2025/10/31 05:34:22.421 [T:0x7f4c3] [DisplayControl] i = 1
2025/10/31 05:34:22.421 [T:0x7f4c3] [DisplayControl] Enter OperationThread::OperationThread()
2025/10/31 05:34:22.421 [T:0x7f4c3] [DisplayControl] Enter OperationThread::CreateThread
2025/10/31 05:34:22.421 [T:0x7f4c3] [DisplayControl] new DisplayFunctioner
2025/10/31 05:34:22.421 [T:0x7f4c3] [DisplayControl] insert displayer_vector
2025/10/31 05:34:22.421 [T:0x7f4c3] [DisplayControl] insert modelName_SN_to_Display_map
2025/10/31 05:34:22.421 [T:0x7f4c3] [DisplayControl] insert device_id_to_Displayer_map_
2025/10/31 05:34:22.421 [T:0x7f4c3] [DisplayControl] monitor size = 2
2025/10/31 05:34:22.421 [T:0x7f4c3] [DisplayControl] Exit ObtainControlHandler
2025/10/31 05:36:38.345 [T:0x7f4c3] [DisplayControl] Enter OperationThread::ExitThread
2025/10/31 05:36:38.345 [T:0x7f4c3] [DisplayControl] Exit OperationThread::ExitThread
2025/10/31 05:36:38.346 [T:0x7f4c3] [DisplayControl] Enter OperationThread::~OperationThread()
2025/10/31 05:36:38.346 [T:0x7f4c3] [DisplayControl] Enter OperationThread::ExitThread
2025/10/31 05:36:38.346 [T:0x7f4c3] [DisplayControl] Enter OperationThread::ExitThread
2025/10/31 05:36:38.346 [T:0x7f4c3] [DisplayControl] Exit OperationThread::ExitThread
2025/10/31 05:36:38.346 [T:0x7f4c3] [DisplayControl] Enter OperationThread::~OperationThread()
2025/10/31 05:36:38.346 [T:0x7f4c3] [DisplayControl] Enter OperationThread::ExitThread
2025/10/31 05:36:38.411 [T:0x7f4c3] [DbgStr] After calling display_control_client_listener_video_port_.UpdateAllDisplayPath()
2025/10/31 05:36:38.430 [T:0x7f4c3] [DbgStr] After calling display_control_client_listener_.GetAllDisplayEDID()
2025/10/31 05:36:38.439 [T:0x7f4c3] [DisplayControl] Version = 3.0.6.0
2025/10/31 05:36:38.439 [T:0x7f4c3] [DisplayControl] Enter ObtainControlHandler1
2025/10/31 05:36:38.439 [T:0x7f4c3] [DisplayControl] GetVideoPortCommander
2025/10/31 05:36:38.439 [T:0x7f4c3] [DisplayControl] GetUSBHubCommander
2025/10/31 05:36:38.439 [T:0x7f4c3] ====== List p_lpo_display_info_video_port, # of devices is ======2
2025/10/31 05:36:38.439 [T:0x7f4c3] [DisplayControl] index of p_lpo_display_info_video_port0
2025/10/31 05:36:38.439 [T:0x7f4c3] [DisplayControl] Model name from VideoPort = VG2458
2025/10/31 05:36:38.439 [T:0x7f4c3] [DisplayControl] SN from VideoPort = YDJ243400006
2025/10/31 05:36:38.439 [T:0x7f4c3] [DisplayControl] index of p_lpo_display_info_video_port1
2025/10/31 05:36:38.439 [T:0x7f4c3] [DisplayControl] Model name from VideoPort = VG275
2025/10/31 05:36:38.439 [T:0x7f4c3] [DisplayControl] SN from VideoPort = XF6232400003
2025/10/31 05:36:38.439 [T:0x7f4c3] ====== List p_lpo_display_info_rtd_scalar_rts_hub, # of devices is ======0
2025/10/31 05:36:38.439 [T:0x7f4c3] [DisplayControl] GetVSRtkHubControlClientListener
2025/10/31 05:36:38.439 [T:0x7f4c3] [DisplayControl] max monitor count = 2
2025/10/31 05:36:38.439 [T:0x7f4c3] [DisplayControl] index of display_info_vec = 0
2025/10/31 05:36:38.439 [T:0x7f4c3] [DisplayControl] index of p_lpo_display_info_video_port = 0
2025/10/31 05:36:38.439 [T:0x7f4c3] [DisplayControl] VideoPortMatchingRule
2025/10/31 05:36:38.440 [T:0x7f4c3] [DisplayControl] monitor display_info_model_name = VG2458
2025/10/31 05:36:38.440 [T:0x7f4c3] [DisplayControl] monitor video_port_model_name = VG2458
2025/10/31 05:36:38.440 [T:0x7f4c3] [DisplayControl] monitor display_info_sn = YDJ243400006
2025/10/31 05:36:38.440 [T:0x7f4c3] [DisplayControl] monitor video_port_sn = YDJ243400006
2025/10/31 05:36:38.440 [T:0x7f4c3] [DisplayControl] model_name_match = 1
2025/10/31 05:36:38.440 [T:0x7f4c3] [DisplayControl] sn_match = 1
2025/10/31 05:36:38.440 [T:0x7f4c3] [DisplayControl] video_port is_match = 1
2025/10/31 05:36:38.440 [T:0x7f4c3] [DisplayControl] index of display_info_vec = 1
2025/10/31 05:36:38.440 [T:0x7f4c3] [DisplayControl] index of p_lpo_display_info_video_port = 0
2025/10/31 05:36:38.440 [T:0x7f4c3] [DisplayControl] VideoPortMatchingRule
2025/10/31 05:36:38.440 [T:0x7f4c3] [DisplayControl] monitor display_info_model_name = VG275
2025/10/31 05:36:38.440 [T:0x7f4c3] [DisplayControl] monitor video_port_model_name = VG2458
2025/10/31 05:36:38.440 [T:0x7f4c3] [DisplayControl] monitor display_info_sn = XF6232400003
2025/10/31 05:36:38.440 [T:0x7f4c3] [DisplayControl] monitor video_port_sn = YDJ243400006
2025/10/31 05:36:38.440 [T:0x7f4c3] [DisplayControl] model_name_match = 0
2025/10/31 05:36:38.440 [T:0x7f4c3] [DisplayControl] sn_match = 0
2025/10/31 05:36:38.440 [T:0x7f4c3] [DisplayControl] video_port is_match = 0
2025/10/31 05:36:38.440 [T:0x7f4c3] [DisplayControl] index of display_info_vec = 1
2025/10/31 05:36:38.440 [T:0x7f4c3] [DisplayControl] index of p_lpo_display_info_video_port = 1
2025/10/31 05:36:38.440 [T:0x7f4c3] [DisplayControl] VideoPortMatchingRule
2025/10/31 05:36:38.440 [T:0x7f4c3] [DisplayControl] monitor display_info_model_name = VG275
2025/10/31 05:36:38.440 [T:0x7f4c3] [DisplayControl] monitor video_port_model_name = VG275
2025/10/31 05:36:38.440 [T:0x7f4c3] [DisplayControl] monitor display_info_sn = XF6232400003
2025/10/31 05:36:38.440 [T:0x7f4c3] [DisplayControl] monitor video_port_sn = XF6232400003
2025/10/31 05:36:38.440 [T:0x7f4c3] [DisplayControl] model_name_match = 1
2025/10/31 05:36:38.440 [T:0x7f4c3] [DisplayControl] sn_match = 1
2025/10/31 05:36:38.440 [T:0x7f4c3] [DisplayControl] video_port is_match = 1
2025/10/31 05:36:38.440 [T:0x7f4c3] [DisplayControl] i = 0
2025/10/31 05:36:38.441 [T:0x7f4c3] [DisplayControl] Enter OperationThread::OperationThread()
2025/10/31 05:36:38.441 [T:0x7f4c3] [DisplayControl] Enter OperationThread::CreateThread
2025/10/31 05:36:38.441 [T:0x7f4c3] [DisplayControl] new DisplayFunctioner
2025/10/31 05:36:38.441 [T:0x7f4c3] [DisplayControl] insert displayer_vector
2025/10/31 05:36:38.441 [T:0x7f4c3] [DisplayControl] insert modelName_SN_to_Display_map
2025/10/31 05:36:38.441 [T:0x7f4c3] [DisplayControl] insert device_id_to_Displayer_map_
2025/10/31 05:36:38.441 [T:0x7f4c3] [DisplayControl] i = 1
2025/10/31 05:36:38.441 [T:0x7f4c3] [DisplayControl] Enter OperationThread::OperationThread()
2025/10/31 05:36:38.441 [T:0x7f4c3] [DisplayControl] Enter OperationThread::CreateThread
2025/10/31 05:36:38.441 [T:0x7f4c3] [DisplayControl] new DisplayFunctioner
2025/10/31 05:36:38.441 [T:0x7f4c3] [DisplayControl] insert displayer_vector
2025/10/31 05:36:38.441 [T:0x7f4c3] [DisplayControl] insert modelName_SN_to_Display_map
2025/10/31 05:36:38.441 [T:0x7f4c3] [DisplayControl] insert device_id_to_Displayer_map_
2025/10/31 05:36:38.441 [T:0x7f4c3] [DisplayControl] monitor size = 2
2025/10/31 05:36:38.441 [T:0x7f4c3] [DisplayControl] Exit ObtainControlHandler
2025/10/31 05:38:40.411 [T:0x7f4c3] [DisplayControl] Enter OperationThread::ExitThread
2025/10/31 05:38:40.412 [T:0x7f4c3] [DisplayControl] Exit OperationThread::ExitThread
2025/10/31 05:38:40.412 [T:0x7f4c3] [DisplayControl] Enter OperationThread::~OperationThread()
2025/10/31 05:38:40.412 [T:0x7f4c3] [DisplayControl] Enter OperationThread::ExitThread
2025/10/31 05:38:40.412 [T:0x7f4c3] [DisplayControl] Enter OperationThread::ExitThread
2025/10/31 05:38:40.412 [T:0x7f4c3] [DisplayControl] Exit OperationThread::ExitThread
2025/10/31 05:38:40.412 [T:0x7f4c3] [DisplayControl] Enter OperationThread::~OperationThread()
2025/10/31 05:38:40.412 [T:0x7f4c3] [DisplayControl] Enter OperationThread::ExitThread
2025/10/31 05:38:40.434 [T:0x7f4c3] [DbgStr] After calling display_control_client_listener_video_port_.UpdateAllDisplayPath()
2025/10/31 05:38:40.451 [T:0x7f4c3] [DbgStr] After calling display_control_client_listener_.GetAllDisplayEDID()
2025/10/31 05:38:40.456 [T:0x7f4c3] [DisplayControl] Version = 3.0.6.0
2025/10/31 05:38:40.456 [T:0x7f4c3] [DisplayControl] Enter ObtainControlHandler1
2025/10/31 05:38:40.456 [T:0x7f4c3] [DisplayControl] GetVideoPortCommander
2025/10/31 05:38:40.456 [T:0x7f4c3] [DisplayControl] GetUSBHubCommander
2025/10/31 05:38:40.456 [T:0x7f4c3] ====== List p_lpo_display_info_video_port, # of devices is ======2
2025/10/31 05:38:40.456 [T:0x7f4c3] [DisplayControl] index of p_lpo_display_info_video_port0
2025/10/31 05:38:40.456 [T:0x7f4c3] [DisplayControl] Model name from VideoPort = VG2458
2025/10/31 05:38:40.456 [T:0x7f4c3] [DisplayControl] SN from VideoPort = YDJ243400006
2025/10/31 05:38:40.456 [T:0x7f4c3] [DisplayControl] index of p_lpo_display_info_video_port1
2025/10/31 05:38:40.456 [T:0x7f4c3] [DisplayControl] Model name from VideoPort = VG275
2025/10/31 05:38:40.457 [T:0x7f4c3] [DisplayControl] SN from VideoPort = XF6232400003
2025/10/31 05:38:40.457 [T:0x7f4c3] ====== List p_lpo_display_info_rtd_scalar_rts_hub, # of devices is ======0
2025/10/31 05:38:40.457 [T:0x7f4c3] [DisplayControl] GetVSRtkHubControlClientListener
2025/10/31 05:38:40.457 [T:0x7f4c3] [DisplayControl] max monitor count = 2
2025/10/31 05:38:40.457 [T:0x7f4c3] [DisplayControl] index of display_info_vec = 0
2025/10/31 05:38:40.457 [T:0x7f4c3] [DisplayControl] index of p_lpo_display_info_video_port = 0
2025/10/31 05:38:40.457 [T:0x7f4c3] [DisplayControl] VideoPortMatchingRule
2025/10/31 05:38:40.457 [T:0x7f4c3] [DisplayControl] monitor display_info_model_name = VG2458
2025/10/31 05:38:40.457 [T:0x7f4c3] [DisplayControl] monitor video_port_model_name = VG2458
2025/10/31 05:38:40.457 [T:0x7f4c3] [DisplayControl] monitor display_info_sn = YDJ243400006
2025/10/31 05:38:40.457 [T:0x7f4c3] [DisplayControl] monitor video_port_sn = YDJ243400006
2025/10/31 05:38:40.457 [T:0x7f4c3] [DisplayControl] model_name_match = 1
2025/10/31 05:38:40.457 [T:0x7f4c3] [DisplayControl] sn_match = 1
2025/10/31 05:38:40.457 [T:0x7f4c3] [DisplayControl] video_port is_match = 1
2025/10/31 05:38:40.457 [T:0x7f4c3] [DisplayControl] index of display_info_vec = 1
2025/10/31 05:38:40.457 [T:0x7f4c3] [DisplayControl] index of p_lpo_display_info_video_port = 0
2025/10/31 05:38:40.457 [T:0x7f4c3] [DisplayControl] VideoPortMatchingRule
2025/10/31 05:38:40.457 [T:0x7f4c3] [DisplayControl] monitor display_info_model_name = VG275
2025/10/31 05:38:40.457 [T:0x7f4c3] [DisplayControl] monitor video_port_model_name = VG2458
2025/10/31 05:38:40.457 [T:0x7f4c3] [DisplayControl] monitor display_info_sn = XF6232400003
2025/10/31 05:38:40.457 [T:0x7f4c3] [DisplayControl] monitor video_port_sn = YDJ243400006
2025/10/31 05:38:40.457 [T:0x7f4c3] [DisplayControl] model_name_match = 0
2025/10/31 05:38:40.457 [T:0x7f4c3] [DisplayControl] sn_match = 0
2025/10/31 05:38:40.457 [T:0x7f4c3] [DisplayControl] video_port is_match = 0
2025/10/31 05:38:40.457 [T:0x7f4c3] [DisplayControl] index of display_info_vec = 1
2025/10/31 05:38:40.457 [T:0x7f4c3] [DisplayControl] index of p_lpo_display_info_video_port = 1
2025/10/31 05:38:40.457 [T:0x7f4c3] [DisplayControl] VideoPortMatchingRule
2025/10/31 05:38:40.457 [T:0x7f4c3] [DisplayControl] monitor display_info_model_name = VG275
2025/10/31 05:38:40.458 [T:0x7f4c3] [DisplayControl] monitor video_port_model_name = VG275
2025/10/31 05:38:40.458 [T:0x7f4c3] [DisplayControl] monitor display_info_sn = XF6232400003
2025/10/31 05:38:40.458 [T:0x7f4c3] [DisplayControl] monitor video_port_sn = XF6232400003
2025/10/31 05:38:40.458 [T:0x7f4c3] [DisplayControl] model_name_match = 1
2025/10/31 05:38:40.458 [T:0x7f4c3] [DisplayControl] sn_match = 1
2025/10/31 05:38:40.458 [T:0x7f4c3] [DisplayControl] video_port is_match = 1
2025/10/31 05:38:40.458 [T:0x7f4c3] [DisplayControl] i = 0
2025/10/31 05:38:40.458 [T:0x7f4c3] [DisplayControl] Enter OperationThread::OperationThread()
2025/10/31 05:38:40.458 [T:0x7f4c3] [DisplayControl] Enter OperationThread::CreateThread
2025/10/31 05:38:40.458 [T:0x7f4c3] [DisplayControl] new DisplayFunctioner
2025/10/31 05:38:40.458 [T:0x7f4c3] [DisplayControl] insert displayer_vector
2025/10/31 05:38:40.458 [T:0x7f4c3] [DisplayControl] insert modelName_SN_to_Display_map
2025/10/31 05:38:40.458 [T:0x7f4c3] [DisplayControl] insert device_id_to_Displayer_map_
2025/10/31 05:38:40.458 [T:0x7f4c3] [DisplayControl] i = 1
2025/10/31 05:38:40.458 [T:0x7f4c3] [DisplayControl] Enter OperationThread::OperationThread()
2025/10/31 05:38:40.458 [T:0x7f4c3] [DisplayControl] Enter OperationThread::CreateThread
2025/10/31 05:38:40.458 [T:0x7f4c3] [DisplayControl] new DisplayFunctioner
2025/10/31 05:38:40.458 [T:0x7f4c3] [DisplayControl] insert displayer_vector
2025/10/31 05:38:40.458 [T:0x7f4c3] [DisplayControl] insert modelName_SN_to_Display_map
2025/10/31 05:38:40.458 [T:0x7f4c3] [DisplayControl] insert device_id_to_Displayer_map_
2025/10/31 05:38:40.458 [T:0x7f4c3] [DisplayControl] monitor size = 2
2025/10/31 05:38:40.458 [T:0x7f4c3] [DisplayControl] Exit ObtainControlHandler
2025/10/31 05:40:45.568 [T:0xf83fe] [DisplayControl] Enter MCCSOtherSet::SetVCP(), vcp code = 16
2025/10/31 05:40:45.730 [T:0xf83fe] [DisplayControl] Exit MCCSOtherSet::SetVCP()
2025/10/31 05:42:18.904 [T:0xd5683] [DisplayControl] Enter MCCSOtherSet::SetVCP(), vcp code = 16
2025/10/31 05:42:19.111 [T:0xd5683] [DisplayControl] Exit MCCSOtherSet::SetVCP()
2025/10/31 05:43:50.296 [T:0x0f151] [DisplayControl] Enter MCCSOtherSet::SetVCP(), vcp code = 18
2025/10/31 05:43:50.474 [T:0x0f151] [DisplayControl] Exit MCCSOtherSet::SetVCP()
2025/10/31 05:45:22.663 [T:0x53ad0] [DisplayControl] Enter MCCSOtherSet::SetVCP(), vcp code = 18
2025/10/31 05:45:22.871 [T:0x53ad0] [DisplayControl] Exit MCCSOtherSet::SetVCP()
2025/10/31 05:46:55.026 [T:0xf19e3] [DisplayControl] Enter MCCSOtherSet::SetVCP(), vcp code = 135
2025/10/31 05:46:55.251 [T:0xf19e3] [DisplayControl] Exit MCCSOtherSet::SetVCP()
2025/10/31 05:48:27.407 [T:0x823af] [DisplayControl] Enter MCCSOtherSet::SetVCP(), vcp code = 135
2025/10/31 05:48:27.616 [T:0x823af] [DisplayControl] Exit MCCSOtherSet::SetVCP()
2025/10/31 05:49:59.759 [T:0x7f4c3] [DisplayControl] Enter MCCSOtherSet::SetVCP(), vcp code = 98
2025/10/31 05:50:00.239 [T:0x7f4c3] [DisplayControl] Exit MCCSOtherSet::SetVCP()
2025/10/31 05:50:00.348 [T:0x0024b] [DisplayControl] Enter MCCSOtherSet::SetVCP(), vcp code = 98
2025/10/31 05:50:00.557 [T:0x0024b] [DisplayControl] Exit MCCSOtherSet::SetVCP()
2025/10/31 05:51:32.177 [T:0x7f4c3] [DisplayControl] Enter MCCSOtherSet::SetVCP(), vcp code = 98
2025/10/31 05:51:32.420 [T:0x7f4c3] [DisplayControl] Exit MCCSOtherSet::SetVCP()
2025/10/31 05:51:32.532 [T:0x6362a] [DisplayControl] Enter MCCSOtherSet::SetVCP(), vcp code = 98
2025/10/31 05:51:32.697 [T:0x6362a] [DisplayControl] Exit MCCSOtherSet::SetVCP()
2025/10/31 06:17:44.995 [T:0x4b0b7] [DisplayControl] Enter MCCSOtherSet::SetVCP(), vcp code = 51
2025/10/31 06:17:45.210 [T:0x4b0b7] [DisplayControl] Exit MCCSOtherSet::SetVCP()
2025/10/31 06:18:01.939 [T:0x4b0b7] [DisplayControl] Enter MCCSOtherSet::SetVCP(), vcp code = 4
2025/10/31 06:18:02.875 [T:0x4b0b7] [DisplayControl] Exit MCCSOtherSet::SetVCP()
2025/10/31 06:18:07.994 [T:0x4b0b7] [DisplayControl] Enter OperationThread::ExitThread
2025/10/31 06:18:07.994 [T:0x4b0b7] [DisplayControl] Exit OperationThread::ExitThread
2025/10/31 06:18:07.994 [T:0x4b0b7] [DisplayControl] Enter OperationThread::~OperationThread()
2025/10/31 06:18:07.994 [T:0x4b0b7] [DisplayControl] Enter OperationThread::ExitThread
2025/10/31 06:18:07.994 [T:0x4b0b7] [DisplayControl] Enter OperationThread::ExitThread
2025/10/31 06:18:07.994 [T:0x4b0b7] [DisplayControl] Exit OperationThread::ExitThread
2025/10/31 06:18:07.995 [T:0x4b0b7] [DisplayControl] Enter OperationThread::~OperationThread()
2025/10/31 06:18:07.995 [T:0x4b0b7] [DisplayControl] Enter OperationThread::ExitThread
2025/10/31 06:18:08.019 [T:0x4b0b7] [DbgStr] After calling display_control_client_listener_video_port_.UpdateAllDisplayPath()
2025/10/31 06:18:08.036 [T:0x4b0b7] [DbgStr] After calling display_control_client_listener_.GetAllDisplayEDID()
2025/10/31 06:18:08.038 [T:0x4b0b7] [DisplayControl] Version = 3.0.6.0
2025/10/31 06:18:08.038 [T:0x4b0b7] [DisplayControl] Enter ObtainControlHandler1
2025/10/31 06:18:08.038 [T:0x4b0b7] [DisplayControl] GetVideoPortCommander
2025/10/31 06:18:08.039 [T:0x4b0b7] [DisplayControl] GetUSBHubCommander
2025/10/31 06:18:08.039 [T:0x4b0b7] ====== List p_lpo_display_info_video_port, # of devices is ======2
2025/10/31 06:18:08.039 [T:0x4b0b7] [DisplayControl] index of p_lpo_display_info_video_port0
2025/10/31 06:18:08.039 [T:0x4b0b7] [DisplayControl] Model name from VideoPort = VG2458
2025/10/31 06:18:08.039 [T:0x4b0b7] [DisplayControl] SN from VideoPort = YDJ243400006
2025/10/31 06:18:08.039 [T:0x4b0b7] [DisplayControl] index of p_lpo_display_info_video_port1
2025/10/31 06:18:08.039 [T:0x4b0b7] [DisplayControl] Model name from VideoPort = VG275
2025/10/31 06:18:08.039 [T:0x4b0b7] [DisplayControl] SN from VideoPort = XF6232400003
2025/10/31 06:18:08.039 [T:0x4b0b7] ====== List p_lpo_display_info_rtd_scalar_rts_hub, # of devices is ======0
2025/10/31 06:18:08.039 [T:0x4b0b7] [DisplayControl] GetVSRtkHubControlClientListener
2025/10/31 06:18:08.039 [T:0x4b0b7] [DisplayControl] max monitor count = 2
2025/10/31 06:18:08.039 [T:0x4b0b7] [DisplayControl] index of display_info_vec = 0
2025/10/31 06:18:08.039 [T:0x4b0b7] [DisplayControl] index of p_lpo_display_info_video_port = 0
2025/10/31 06:18:08.039 [T:0x4b0b7] [DisplayControl] VideoPortMatchingRule
2025/10/31 06:18:08.039 [T:0x4b0b7] [DisplayControl] monitor display_info_model_name = VG2458
2025/10/31 06:18:08.039 [T:0x4b0b7] [DisplayControl] monitor video_port_model_name = VG2458
2025/10/31 06:18:08.039 [T:0x4b0b7] [DisplayControl] monitor display_info_sn = YDJ243400006
2025/10/31 06:18:08.039 [T:0x4b0b7] [DisplayControl] monitor video_port_sn = YDJ243400006
2025/10/31 06:18:08.039 [T:0x4b0b7] [DisplayControl] model_name_match = 1
2025/10/31 06:18:08.039 [T:0x4b0b7] [DisplayControl] sn_match = 1
2025/10/31 06:18:08.039 [T:0x4b0b7] [DisplayControl] video_port is_match = 1
2025/10/31 06:18:08.039 [T:0x4b0b7] [DisplayControl] index of display_info_vec = 1
2025/10/31 06:18:08.039 [T:0x4b0b7] [DisplayControl] index of p_lpo_display_info_video_port = 0
2025/10/31 06:18:08.039 [T:0x4b0b7] [DisplayControl] VideoPortMatchingRule
2025/10/31 06:18:08.039 [T:0x4b0b7] [DisplayControl] monitor display_info_model_name = VG275
2025/10/31 06:18:08.039 [T:0x4b0b7] [DisplayControl] monitor video_port_model_name = VG2458
2025/10/31 06:18:08.040 [T:0x4b0b7] [DisplayControl] monitor display_info_sn = XF6232400003
2025/10/31 06:18:08.040 [T:0x4b0b7] [DisplayControl] monitor video_port_sn = YDJ243400006
2025/10/31 06:18:08.040 [T:0x4b0b7] [DisplayControl] model_name_match = 0
2025/10/31 06:18:08.040 [T:0x4b0b7] [DisplayControl] sn_match = 0
2025/10/31 06:18:08.040 [T:0x4b0b7] [DisplayControl] video_port is_match = 0
2025/10/31 06:18:08.040 [T:0x4b0b7] [DisplayControl] index of display_info_vec = 1
2025/10/31 06:18:08.040 [T:0x4b0b7] [DisplayControl] index of p_lpo_display_info_video_port = 1
2025/10/31 06:18:08.040 [T:0x4b0b7] [DisplayControl] VideoPortMatchingRule
2025/10/31 06:18:08.040 [T:0x4b0b7] [DisplayControl] monitor display_info_model_name = VG275
2025/10/31 06:18:08.040 [T:0x4b0b7] [DisplayControl] monitor video_port_model_name = VG275
2025/10/31 06:18:08.040 [T:0x4b0b7] [DisplayControl] monitor display_info_sn = XF6232400003
2025/10/31 06:18:08.040 [T:0x4b0b7] [DisplayControl] monitor video_port_sn = XF6232400003
2025/10/31 06:18:08.040 [T:0x4b0b7] [DisplayControl] model_name_match = 1
2025/10/31 06:18:08.040 [T:0x4b0b7] [DisplayControl] sn_match = 1
2025/10/31 06:18:08.040 [T:0x4b0b7] [DisplayControl] video_port is_match = 1
2025/10/31 06:18:08.040 [T:0x4b0b7] [DisplayControl] i = 0
2025/10/31 06:18:08.040 [T:0x4b0b7] [DisplayControl] Enter OperationThread::OperationThread()
2025/10/31 06:18:08.040 [T:0x4b0b7] [DisplayControl] Enter OperationThread::CreateThread
2025/10/31 06:18:08.040 [T:0x4b0b7] [DisplayControl] new DisplayFunctioner
2025/10/31 06:18:08.040 [T:0x4b0b7] [DisplayControl] insert displayer_vector
2025/10/31 06:18:08.040 [T:0x4b0b7] [DisplayControl] insert modelName_SN_to_Display_map
2025/10/31 06:18:08.040 [T:0x4b0b7] [DisplayControl] insert device_id_to_Displayer_map_
2025/10/31 06:18:08.040 [T:0x4b0b7] [DisplayControl] i = 1
2025/10/31 06:18:08.040 [T:0x4b0b7] [DisplayControl] Enter OperationThread::OperationThread()
2025/10/31 06:18:08.040 [T:0x4b0b7] [DisplayControl] Enter OperationThread::CreateThread
2025/10/31 06:18:08.041 [T:0x4b0b7] [DisplayControl] new DisplayFunctioner
2025/10/31 06:18:08.041 [T:0x4b0b7] [DisplayControl] insert displayer_vector
2025/10/31 06:18:08.041 [T:0x4b0b7] [DisplayControl] insert modelName_SN_to_Display_map
2025/10/31 06:18:08.041 [T:0x4b0b7] [DisplayControl] insert device_id_to_Displayer_map_
2025/10/31 06:18:08.041 [T:0x4b0b7] [DisplayControl] monitor size = 2
2025/10/31 06:18:08.041 [T:0x4b0b7] [DisplayControl] Exit ObtainControlHandler
2025/10/31 06:18:08.041 [T:0x4b0b7] [DisplayControl] Enter MCCSOtherSet::GetVCP(), vcp code = 16
2025/10/31 06:18:08.121 [T:0x4b0b7] [DisplayControl] Exit MCCSOtherSet::GetVCP()
2025/10/31 06:18:08.122 [T:0x4b0b7] [DisplayControl] Enter MCCSOtherSet::GetVCP(), vcp code = 51
2025/10/31 06:18:08.263 [T:0x4b0b7] [DisplayControl] Exit MCCSOtherSet::GetVCP()
2025/10/31 06:18:08.370 [T:0x4b0b7] [DisplayControl] Enter MCCSOtherSet::GetVCP(), vcp code = 97
2025/10/31 06:18:08.451 [T:0x4b0b7] [DisplayControl] Exit MCCSOtherSet::GetVCP()
2025/10/31 06:18:08.558 [T:0x4b0b7] [DisplayControl] Enter MCCSOtherSet::GetVCP(), vcp code = 4
2025/10/31 06:18:08.639 [T:0x4b0b7] [DisplayControl] Exit MCCSOtherSet::GetVCP()
2025/10/31 06:18:08.746 [T:0x4b0b7] [DisplayControl] Enter MCCSOtherSet::GetVCP(), vcp code = 225
2025/10/31 06:18:08.826 [T:0x4b0b7] [DisplayControl] Exit MCCSOtherSet::GetVCP()
2025/10/31 06:18:08.934 [T:0x4b0b7] [DisplayControl] Enter MCCSOtherSet::GetVCP(), vcp code = 18
2025/10/31 06:18:09.015 [T:0x4b0b7] [DisplayControl] Exit MCCSOtherSet::GetVCP()
2025/10/31 06:18:09.122 [T:0x4b0b7] [DisplayControl] Enter MCCSOtherSet::GetVCP(), vcp code = 135
2025/10/31 06:18:09.204 [T:0x4b0b7] [DisplayControl] Exit MCCSOtherSet::GetVCP()
2025/10/31 06:18:09.311 [T:0x4b0b7] [DisplayControl] Enter MCCSOtherSet::GetVCP(), vcp code = 43
2025/10/31 06:18:09.392 [T:0x4b0b7] [DisplayControl] Exit MCCSOtherSet::GetVCP()
2025/10/31 06:18:09.499 [T:0x4b0b7] [DisplayControl] Enter MCCSOtherSet::GetVCP(), vcp code = 220
2025/10/31 06:18:09.580 [T:0x4b0b7] [DisplayControl] Exit MCCSOtherSet::GetVCP()
2025/10/31 06:18:09.687 [T:0x4b0b7] [DisplayControl] Enter MCCSOtherSet::GetVCP(), vcp code = 96
2025/10/31 06:18:09.768 [T:0x4b0b7] [DisplayControl] Exit MCCSOtherSet::GetVCP()
2025/10/31 06:18:09.875 [T:0x4b0b7] [DisplayControl] Enter MCCSOtherSet::GetVCP(), vcp code = 20
2025/10/31 06:18:09.956 [T:0x4b0b7] [DisplayControl] Exit MCCSOtherSet::GetVCP()
2025/10/31 06:18:10.063 [T:0x4b0b7] [DisplayControl] Enter MCCSOtherSet::GetVCP(), vcp code = 141
2025/10/31 06:18:10.144 [T:0x4b0b7] [DisplayControl] Exit MCCSOtherSet::GetVCP()
2025/10/31 06:18:10.252 [T:0x4b0b7] [DisplayControl] Enter MCCSOtherSet::GetVCP(), vcp code = 16
2025/10/31 06:18:10.333 [T:0x4b0b7] [DisplayControl] Exit MCCSOtherSet::GetVCP()
2025/10/31 06:18:10.341 [T:0x7f4c3] [DisplayControl] Enter MCCSOtherSet::GetVCP(), vcp code = 96
2025/10/31 06:18:10.434 [T:0x4b0b7] [DisplayControl] Enter MCCSOtherSet::GetVCP(), vcp code = 245
2025/10/31 06:18:10.512 [T:0x7f4c3] [DisplayControl] Exit MCCSOtherSet::GetVCP()
2025/10/31 06:18:10.702 [T:0x4b0b7] [DisplayControl] Exit MCCSOtherSet::GetVCP()
2025/10/31 06:18:10.804 [T:0x4b0b7] [DisplayControl] Enter MCCSOtherSet::GetVCP(), vcp code = 98
2025/10/31 06:18:11.023 [T:0x4b0b7] [DisplayControl] Exit MCCSOtherSet::GetVCP()
2025/10/31 06:18:11.139 [T:0x4b0b7] [DisplayControl] Enter MCCSOtherSet::GetVCP(), vcp code = 51
2025/10/31 06:18:11.269 [T:0x4b0b7] [DisplayControl] Exit MCCSOtherSet::GetVCP()
2025/10/31 06:18:11.373 [T:0x4b0b7] [DisplayControl] Enter MCCSOtherSet::GetVCP(), vcp code = 97
2025/10/31 06:18:11.458 [T:0x4b0b7] [DisplayControl] Exit MCCSOtherSet::GetVCP()
2025/10/31 06:18:11.560 [T:0x4b0b7] [DisplayControl] Enter MCCSOtherSet::GetVCP(), vcp code = 226
2025/10/31 06:18:11.645 [T:0x4b0b7] [DisplayControl] Exit MCCSOtherSet::GetVCP()
2025/10/31 06:18:11.749 [T:0x4b0b7] [DisplayControl] Enter MCCSOtherSet::GetVCP(), vcp code = 4
2025/10/31 06:18:11.834 [T:0x4b0b7] [DisplayControl] Exit MCCSOtherSet::GetVCP()
2025/10/31 06:18:11.937 [T:0x4b0b7] [DisplayControl] Enter MCCSOtherSet::GetVCP(), vcp code = 225
2025/10/31 06:18:12.022 [T:0x4b0b7] [DisplayControl] Exit MCCSOtherSet::GetVCP()
2025/10/31 06:18:12.125 [T:0x4b0b7] [DisplayControl] Enter MCCSOtherSet::GetVCP(), vcp code = 18
2025/10/31 06:18:12.211 [T:0x4b0b7] [DisplayControl] Exit MCCSOtherSet::GetVCP()
2025/10/31 06:18:12.314 [T:0x4b0b7] [DisplayControl] Enter MCCSOtherSet::GetVCP(), vcp code = 135
2025/10/31 06:18:12.399 [T:0x4b0b7] [DisplayControl] Exit MCCSOtherSet::GetVCP()
2025/10/31 06:18:12.502 [T:0x4b0b7] [DisplayControl] Enter MCCSOtherSet::GetVCP(), vcp code = 43
2025/10/31 06:18:12.587 [T:0x4b0b7] [DisplayControl] Exit MCCSOtherSet::GetVCP()
2025/10/31 06:18:12.690 [T:0x4b0b7] [DisplayControl] Enter MCCSOtherSet::GetVCP(), vcp code = 220
2025/10/31 06:18:12.775 [T:0x4b0b7] [DisplayControl] Exit MCCSOtherSet::GetVCP()
2025/10/31 06:18:12.879 [T:0x4b0b7] [DisplayControl] Enter MCCSOtherSet::GetVCP(), vcp code = 96
2025/10/31 06:18:12.964 [T:0x4b0b7] [DisplayControl] Exit MCCSOtherSet::GetVCP()
2025/10/31 06:18:13.067 [T:0x4b0b7] [DisplayControl] Enter MCCSOtherSet::GetVCP(), vcp code = 141
2025/10/31 06:18:13.152 [T:0x4b0b7] [DisplayControl] Exit MCCSOtherSet::GetVCP()
2025/10/31 06:18:13.255 [T:0x4b0b7] [DisplayControl] Enter MCCSOtherSet::GetVCP(), vcp code = 236
2025/10/31 06:18:13.340 [T:0x4b0b7] [DisplayControl] Exit MCCSOtherSet::GetVCP()
2025/10/31 06:18:13.443 [T:0x4b0b7] [DisplayControl] Enter MCCSOtherSet::GetVCP(), vcp code = 16
2025/10/31 06:18:13.528 [T:0x4b0b7] [DisplayControl] Exit MCCSOtherSet::GetVCP()
2025/10/31 06:18:13.631 [T:0x4b0b7] [DisplayControl] Enter MCCSOtherSet::GetVCP(), vcp code = 98
2025/10/31 06:18:13.717 [T:0x4b0b7] [DisplayControl] Exit MCCSOtherSet::GetVCP()
2025/10/31 06:28:16.621 [T:0x1446b] [DisplayControl] Enter MCCSOtherSet::SetVCP(), vcp code = 51
2025/10/31 06:28:16.986 [T:0x1446b] [DisplayControl] Exit MCCSOtherSet::SetVCP()
2025/10/31 06:28:33.636 [T:0x1446b] [DisplayControl] Enter MCCSOtherSet::SetVCP(), vcp code = 4
2025/10/31 06:28:34.572 [T:0x1446b] [DisplayControl] Exit MCCSOtherSet::SetVCP()
2025/10/31 06:28:39.686 [T:0x1446b] [DisplayControl] Enter OperationThread::ExitThread
2025/10/31 06:28:39.686 [T:0x1446b] [DisplayControl] Exit OperationThread::ExitThread
2025/10/31 06:28:39.686 [T:0x1446b] [DisplayControl] Enter OperationThread::~OperationThread()
2025/10/31 06:28:39.686 [T:0x1446b] [DisplayControl] Enter OperationThread::ExitThread
2025/10/31 06:28:39.687 [T:0x1446b] [DisplayControl] Enter OperationThread::ExitThread
2025/10/31 06:28:39.687 [T:0x1446b] [DisplayControl] Exit OperationThread::ExitThread
2025/10/31 06:28:39.687 [T:0x1446b] [DisplayControl] Enter OperationThread::~OperationThread()
2025/10/31 06:28:39.687 [T:0x1446b] [DisplayControl] Enter OperationThread::ExitThread
2025/10/31 06:28:39.710 [T:0x1446b] [DbgStr] After calling display_control_client_listener_video_port_.UpdateAllDisplayPath()
2025/10/31 06:28:39.727 [T:0x1446b] [DbgStr] After calling display_control_client_listener_.GetAllDisplayEDID()
2025/10/31 06:28:39.729 [T:0x1446b] [DisplayControl] Version = 3.0.6.0
2025/10/31 06:28:39.729 [T:0x1446b] [DisplayControl] Enter ObtainControlHandler1
2025/10/31 06:28:39.729 [T:0x1446b] [DisplayControl] GetVideoPortCommander
2025/10/31 06:28:39.729 [T:0x1446b] [DisplayControl] GetUSBHubCommander
2025/10/31 06:28:39.729 [T:0x1446b] ====== List p_lpo_display_info_video_port, # of devices is ======2
2025/10/31 06:28:39.729 [T:0x1446b] [DisplayControl] index of p_lpo_display_info_video_port0
2025/10/31 06:28:39.729 [T:0x1446b] [DisplayControl] Model name from VideoPort = VG2458
2025/10/31 06:28:39.729 [T:0x1446b] [DisplayControl] SN from VideoPort = YDJ243400006
2025/10/31 06:28:39.729 [T:0x1446b] [DisplayControl] index of p_lpo_display_info_video_port1
2025/10/31 06:28:39.729 [T:0x1446b] [DisplayControl] Model name from VideoPort = VG275
2025/10/31 06:28:39.729 [T:0x1446b] [DisplayControl] SN from VideoPort = XF6232400003
2025/10/31 06:28:39.729 [T:0x1446b] ====== List p_lpo_display_info_rtd_scalar_rts_hub, # of devices is ======0
2025/10/31 06:28:39.729 [T:0x1446b] [DisplayControl] GetVSRtkHubControlClientListener
2025/10/31 06:28:39.729 [T:0x1446b] [DisplayControl] max monitor count = 2
2025/10/31 06:28:39.729 [T:0x1446b] [DisplayControl] index of display_info_vec = 0
2025/10/31 06:28:39.729 [T:0x1446b] [DisplayControl] index of p_lpo_display_info_video_port = 0
2025/10/31 06:28:39.729 [T:0x1446b] [DisplayControl] VideoPortMatchingRule
2025/10/31 06:28:39.729 [T:0x1446b] [DisplayControl] monitor display_info_model_name = VG2458
2025/10/31 06:28:39.729 [T:0x1446b] [DisplayControl] monitor video_port_model_name = VG2458
2025/10/31 06:28:39.729 [T:0x1446b] [DisplayControl] monitor display_info_sn = YDJ243400006
2025/10/31 06:28:39.729 [T:0x1446b] [DisplayControl] monitor video_port_sn = YDJ243400006
2025/10/31 06:28:39.729 [T:0x1446b] [DisplayControl] model_name_match = 1
2025/10/31 06:28:39.729 [T:0x1446b] [DisplayControl] sn_match = 1
2025/10/31 06:28:39.729 [T:0x1446b] [DisplayControl] video_port is_match = 1
2025/10/31 06:28:39.729 [T:0x1446b] [DisplayControl] index of display_info_vec = 1
2025/10/31 06:28:39.730 [T:0x1446b] [DisplayControl] index of p_lpo_display_info_video_port = 0
2025/10/31 06:28:39.730 [T:0x1446b] [DisplayControl] VideoPortMatchingRule
2025/10/31 06:28:39.730 [T:0x1446b] [DisplayControl] monitor display_info_model_name = VG275
2025/10/31 06:28:39.730 [T:0x1446b] [DisplayControl] monitor video_port_model_name = VG2458
2025/10/31 06:28:39.730 [T:0x1446b] [DisplayControl] monitor display_info_sn = XF6232400003
2025/10/31 06:28:39.730 [T:0x1446b] [DisplayControl] monitor video_port_sn = YDJ243400006
2025/10/31 06:28:39.730 [T:0x1446b] [DisplayControl] model_name_match = 0
2025/10/31 06:28:39.730 [T:0x1446b] [DisplayControl] sn_match = 0
2025/10/31 06:28:39.730 [T:0x1446b] [DisplayControl] video_port is_match = 0
2025/10/31 06:28:39.730 [T:0x1446b] [DisplayControl] index of display_info_vec = 1
2025/10/31 06:28:39.730 [T:0x1446b] [DisplayControl] index of p_lpo_display_info_video_port = 1
2025/10/31 06:28:39.730 [T:0x1446b] [DisplayControl] VideoPortMatchingRule
2025/10/31 06:28:39.730 [T:0x1446b] [DisplayControl] monitor display_info_model_name = VG275
2025/10/31 06:28:39.730 [T:0x1446b] [DisplayControl] monitor video_port_model_name = VG275
2025/10/31 06:28:39.730 [T:0x1446b] [DisplayControl] monitor display_info_sn = XF6232400003
2025/10/31 06:28:39.730 [T:0x1446b] [DisplayControl] monitor video_port_sn = XF6232400003
2025/10/31 06:28:39.730 [T:0x1446b] [DisplayControl] model_name_match = 1
2025/10/31 06:28:39.730 [T:0x1446b] [DisplayControl] sn_match = 1
2025/10/31 06:28:39.730 [T:0x1446b] [DisplayControl] video_port is_match = 1
2025/10/31 06:28:39.730 [T:0x1446b] [DisplayControl] i = 0
2025/10/31 06:28:39.730 [T:0x1446b] [DisplayControl] Enter OperationThread::OperationThread()
2025/10/31 06:28:39.730 [T:0x1446b] [DisplayControl] Enter OperationThread::CreateThread
2025/10/31 06:28:39.730 [T:0x1446b] [DisplayControl] new DisplayFunctioner
2025/10/31 06:28:39.730 [T:0x1446b] [DisplayControl] insert displayer_vector
2025/10/31 06:28:39.730 [T:0x1446b] [DisplayControl] insert modelName_SN_to_Display_map
2025/10/31 06:28:39.731 [T:0x1446b] [DisplayControl] insert device_id_to_Displayer_map_
2025/10/31 06:28:39.731 [T:0x1446b] [DisplayControl] i = 1
2025/10/31 06:28:39.731 [T:0x1446b] [DisplayControl] Enter OperationThread::OperationThread()
2025/10/31 06:28:39.731 [T:0x1446b] [DisplayControl] Enter OperationThread::CreateThread
2025/10/31 06:28:39.731 [T:0x1446b] [DisplayControl] new DisplayFunctioner
2025/10/31 06:28:39.731 [T:0x1446b] [DisplayControl] insert displayer_vector
2025/10/31 06:28:39.731 [T:0x1446b] [DisplayControl] insert modelName_SN_to_Display_map
2025/10/31 06:28:39.731 [T:0x1446b] [DisplayControl] insert device_id_to_Displayer_map_
2025/10/31 06:28:39.731 [T:0x1446b] [DisplayControl] monitor size = 2
2025/10/31 06:28:39.731 [T:0x1446b] [DisplayControl] Exit ObtainControlHandler
2025/10/31 06:28:39.731 [T:0x1446b] [DisplayControl] Enter MCCSOtherSet::GetVCP(), vcp code = 16
2025/10/31 06:28:39.813 [T:0x1446b] [DisplayControl] Exit MCCSOtherSet::GetVCP()
2025/10/31 06:28:39.814 [T:0x1446b] [DisplayControl] Enter MCCSOtherSet::GetVCP(), vcp code = 51
2025/10/31 06:28:39.954 [T:0x1446b] [DisplayControl] Exit MCCSOtherSet::GetVCP()
2025/10/31 06:28:40.062 [T:0x1446b] [DisplayControl] Enter MCCSOtherSet::GetVCP(), vcp code = 97
2025/10/31 06:28:40.143 [T:0x1446b] [DisplayControl] Exit MCCSOtherSet::GetVCP()
2025/10/31 06:28:40.250 [T:0x1446b] [DisplayControl] Enter MCCSOtherSet::GetVCP(), vcp code = 4
2025/10/31 06:28:40.331 [T:0x1446b] [DisplayControl] Exit MCCSOtherSet::GetVCP()
2025/10/31 06:28:40.439 [T:0x1446b] [DisplayControl] Enter MCCSOtherSet::GetVCP(), vcp code = 225
2025/10/31 06:28:40.519 [T:0x1446b] [DisplayControl] Exit MCCSOtherSet::GetVCP()
2025/10/31 06:28:40.627 [T:0x1446b] [DisplayControl] Enter MCCSOtherSet::GetVCP(), vcp code = 18
2025/10/31 06:28:40.708 [T:0x1446b] [DisplayControl] Exit MCCSOtherSet::GetVCP()
2025/10/31 06:28:40.815 [T:0x1446b] [DisplayControl] Enter MCCSOtherSet::GetVCP(), vcp code = 135
2025/10/31 06:28:40.897 [T:0x1446b] [DisplayControl] Exit MCCSOtherSet::GetVCP()
2025/10/31 06:28:41.004 [T:0x1446b] [DisplayControl] Enter MCCSOtherSet::GetVCP(), vcp code = 43
2025/10/31 06:28:41.085 [T:0x1446b] [DisplayControl] Exit MCCSOtherSet::GetVCP()
2025/10/31 06:28:41.192 [T:0x1446b] [DisplayControl] Enter MCCSOtherSet::GetVCP(), vcp code = 220
2025/10/31 06:28:41.274 [T:0x1446b] [DisplayControl] Exit MCCSOtherSet::GetVCP()
2025/10/31 06:28:41.380 [T:0x1446b] [DisplayControl] Enter MCCSOtherSet::GetVCP(), vcp code = 96
2025/10/31 06:28:41.461 [T:0x1446b] [DisplayControl] Exit MCCSOtherSet::GetVCP()
2025/10/31 06:28:41.569 [T:0x1446b] [DisplayControl] Enter MCCSOtherSet::GetVCP(), vcp code = 20
2025/10/31 06:28:41.650 [T:0x1446b] [DisplayControl] Exit MCCSOtherSet::GetVCP()
2025/10/31 06:28:41.757 [T:0x1446b] [DisplayControl] Enter MCCSOtherSet::GetVCP(), vcp code = 141
2025/10/31 06:28:41.838 [T:0x1446b] [DisplayControl] Exit MCCSOtherSet::GetVCP()
2025/10/31 06:28:41.945 [T:0x1446b] [DisplayControl] Enter MCCSOtherSet::GetVCP(), vcp code = 16
2025/10/31 06:28:42.026 [T:0x1446b] [DisplayControl] Exit MCCSOtherSet::GetVCP()
2025/10/31 06:28:42.081 [T:0x7f4c3] [DisplayControl] Enter MCCSOtherSet::GetVCP(), vcp code = 96
2025/10/31 06:28:42.133 [T:0x1446b] [DisplayControl] Enter MCCSOtherSet::GetVCP(), vcp code = 245
2025/10/31 06:28:42.174 [T:0x7f4c3] [DisplayControl] Exit MCCSOtherSet::GetVCP()
2025/10/31 06:28:42.346 [T:0x1446b] [DisplayControl] Exit MCCSOtherSet::GetVCP()
2025/10/31 06:28:42.448 [T:0x1446b] [DisplayControl] Enter MCCSOtherSet::GetVCP(), vcp code = 98
2025/10/31 06:28:42.676 [T:0x1446b] [DisplayControl] Exit MCCSOtherSet::GetVCP()
2025/10/31 06:28:42.793 [T:0x1446b] [DisplayControl] Enter MCCSOtherSet::GetVCP(), vcp code = 51
2025/10/31 06:28:42.892 [T:0x1446b] [DisplayControl] Exit MCCSOtherSet::GetVCP()
2025/10/31 06:28:42.996 [T:0x1446b] [DisplayControl] Enter MCCSOtherSet::GetVCP(), vcp code = 97
2025/10/31 06:28:43.081 [T:0x1446b] [DisplayControl] Exit MCCSOtherSet::GetVCP()
2025/10/31 06:28:43.184 [T:0x1446b] [DisplayControl] Enter MCCSOtherSet::GetVCP(), vcp code = 226
2025/10/31 06:28:43.269 [T:0x1446b] [DisplayControl] Exit MCCSOtherSet::GetVCP()
2025/10/31 06:28:43.372 [T:0x1446b] [DisplayControl] Enter MCCSOtherSet::GetVCP(), vcp code = 4
2025/10/31 06:28:43.457 [T:0x1446b] [DisplayControl] Exit MCCSOtherSet::GetVCP()
2025/10/31 06:28:43.561 [T:0x1446b] [DisplayControl] Enter MCCSOtherSet::GetVCP(), vcp code = 225
2025/10/31 06:28:43.646 [T:0x1446b] [DisplayControl] Exit MCCSOtherSet::GetVCP()
2025/10/31 06:28:43.749 [T:0x1446b] [DisplayControl] Enter MCCSOtherSet::GetVCP(), vcp code = 18
2025/10/31 06:28:43.834 [T:0x1446b] [DisplayControl] Exit MCCSOtherSet::GetVCP()
2025/10/31 06:28:43.937 [T:0x1446b] [DisplayControl] Enter MCCSOtherSet::GetVCP(), vcp code = 135
2025/10/31 06:28:44.022 [T:0x1446b] [DisplayControl] Exit MCCSOtherSet::GetVCP()
2025/10/31 06:28:44.125 [T:0x1446b] [DisplayControl] Enter MCCSOtherSet::GetVCP(), vcp code = 43
2025/10/31 06:28:44.210 [T:0x1446b] [DisplayControl] Exit MCCSOtherSet::GetVCP()
2025/10/31 06:28:44.313 [T:0x1446b] [DisplayControl] Enter MCCSOtherSet::GetVCP(), vcp code = 220
2025/10/31 06:28:44.398 [T:0x1446b] [DisplayControl] Exit MCCSOtherSet::GetVCP()
2025/10/31 06:28:44.502 [T:0x1446b] [DisplayControl] Enter MCCSOtherSet::GetVCP(), vcp code = 96
2025/10/31 06:28:44.587 [T:0x1446b] [DisplayControl] Exit MCCSOtherSet::GetVCP()
2025/10/31 06:28:44.690 [T:0x1446b] [DisplayControl] Enter MCCSOtherSet::GetVCP(), vcp code = 141
2025/10/31 06:28:44.775 [T:0x1446b] [DisplayControl] Exit MCCSOtherSet::GetVCP()
2025/10/31 06:28:44.878 [T:0x1446b] [DisplayControl] Enter MCCSOtherSet::GetVCP(), vcp code = 236
2025/10/31 06:28:44.964 [T:0x1446b] [DisplayControl] Exit MCCSOtherSet::GetVCP()
2025/10/31 06:28:45.067 [T:0x1446b] [DisplayControl] Enter MCCSOtherSet::GetVCP(), vcp code = 16
2025/10/31 06:28:45.151 [T:0x1446b] [DisplayControl] Exit MCCSOtherSet::GetVCP()
2025/10/31 06:28:45.255 [T:0x1446b] [DisplayControl] Enter MCCSOtherSet::GetVCP(), vcp code = 98
2025/10/31 06:28:45.340 [T:0x1446b] [DisplayControl] Exit MCCSOtherSet::GetVCP()
2025/10/31 06:28:45.446 [T:0x1446b] [DisplayControl] Enter MCCSOtherSet::SetVCP(), vcp code = 51
2025/10/31 06:28:45.608 [T:0x1446b] [DisplayControl] Exit MCCSOtherSet::SetVCP()
2025/10/31 06:30:08.044 [T:0xd0c07] [DisplayControl] Enter MCCSOtherSet::SetVCP(), vcp code = 4
2025/10/31 06:30:08.981 [T:0xd0c07] [DisplayControl] Exit MCCSOtherSet::SetVCP()
2025/10/31 06:30:14.099 [T:0xd0c07] [DisplayControl] Enter OperationThread::ExitThread
2025/10/31 06:30:14.099 [T:0xd0c07] [DisplayControl] Exit OperationThread::ExitThread
2025/10/31 06:30:14.099 [T:0xd0c07] [DisplayControl] Enter OperationThread::~OperationThread()
2025/10/31 06:30:14.099 [T:0xd0c07] [DisplayControl] Enter OperationThread::ExitThread
2025/10/31 06:30:14.099 [T:0xd0c07] [DisplayControl] Enter OperationThread::ExitThread
2025/10/31 06:30:14.099 [T:0xd0c07] [DisplayControl] Exit OperationThread::ExitThread
2025/10/31 06:30:14.099 [T:0xd0c07] [DisplayControl] Enter OperationThread::~OperationThread()
2025/10/31 06:30:14.099 [T:0xd0c07] [DisplayControl] Enter OperationThread::ExitThread
2025/10/31 06:30:14.123 [T:0xd0c07] [DbgStr] After calling display_control_client_listener_video_port_.UpdateAllDisplayPath()
2025/10/31 06:30:14.141 [T:0xd0c07] [DbgStr] After calling display_control_client_listener_.GetAllDisplayEDID()
2025/10/31 06:30:14.142 [T:0xd0c07] [DisplayControl] Version = 3.0.6.0
2025/10/31 06:30:14.143 [T:0xd0c07] [DisplayControl] Enter ObtainControlHandler1
2025/10/31 06:30:14.143 [T:0xd0c07] [DisplayControl] GetVideoPortCommander
2025/10/31 06:30:14.143 [T:0xd0c07] [DisplayControl] GetUSBHubCommander
2025/10/31 06:30:14.143 [T:0xd0c07] ====== List p_lpo_display_info_video_port, # of devices is ======2
2025/10/31 06:30:14.143 [T:0xd0c07] [DisplayControl] index of p_lpo_display_info_video_port0
2025/10/31 06:30:14.143 [T:0xd0c07] [DisplayControl] Model name from VideoPort = VG2458
2025/10/31 06:30:14.143 [T:0xd0c07] [DisplayControl] SN from VideoPort = YDJ243400006
2025/10/31 06:30:14.143 [T:0xd0c07] [DisplayControl] index of p_lpo_display_info_video_port1
2025/10/31 06:30:14.143 [T:0xd0c07] [DisplayControl] Model name from VideoPort = VG275
2025/10/31 06:30:14.143 [T:0xd0c07] [DisplayControl] SN from VideoPort = XF6232400003
2025/10/31 06:30:14.143 [T:0xd0c07] ====== List p_lpo_display_info_rtd_scalar_rts_hub, # of devices is ======0
2025/10/31 06:30:14.143 [T:0xd0c07] [DisplayControl] GetVSRtkHubControlClientListener
2025/10/31 06:30:14.143 [T:0xd0c07] [DisplayControl] max monitor count = 2
2025/10/31 06:30:14.143 [T:0xd0c07] [DisplayControl] index of display_info_vec = 0
2025/10/31 06:30:14.143 [T:0xd0c07] [DisplayControl] index of p_lpo_display_info_video_port = 0
2025/10/31 06:30:14.143 [T:0xd0c07] [DisplayControl] VideoPortMatchingRule
2025/10/31 06:30:14.143 [T:0xd0c07] [DisplayControl] monitor display_info_model_name = VG2458
2025/10/31 06:30:14.143 [T:0xd0c07] [DisplayControl] monitor video_port_model_name = VG2458
2025/10/31 06:30:14.143 [T:0xd0c07] [DisplayControl] monitor display_info_sn = YDJ243400006
2025/10/31 06:30:14.143 [T:0xd0c07] [DisplayControl] monitor video_port_sn = YDJ243400006
2025/10/31 06:30:14.143 [T:0xd0c07] [DisplayControl] model_name_match = 1
2025/10/31 06:30:14.143 [T:0xd0c07] [DisplayControl] sn_match = 1
2025/10/31 06:30:14.143 [T:0xd0c07] [DisplayControl] video_port is_match = 1
2025/10/31 06:30:14.143 [T:0xd0c07] [DisplayControl] index of display_info_vec = 1
2025/10/31 06:30:14.143 [T:0xd0c07] [DisplayControl] index of p_lpo_display_info_video_port = 0
2025/10/31 06:30:14.143 [T:0xd0c07] [DisplayControl] VideoPortMatchingRule
2025/10/31 06:30:14.144 [T:0xd0c07] [DisplayControl] monitor display_info_model_name = VG275
2025/10/31 06:30:14.144 [T:0xd0c07] [DisplayControl] monitor video_port_model_name = VG2458
2025/10/31 06:30:14.144 [T:0xd0c07] [DisplayControl] monitor display_info_sn = XF6232400003
2025/10/31 06:30:14.144 [T:0xd0c07] [DisplayControl] monitor video_port_sn = YDJ243400006
2025/10/31 06:30:14.144 [T:0xd0c07] [DisplayControl] model_name_match = 0
2025/10/31 06:30:14.144 [T:0xd0c07] [DisplayControl] sn_match = 0
2025/10/31 06:30:14.144 [T:0xd0c07] [DisplayControl] video_port is_match = 0
2025/10/31 06:30:14.144 [T:0xd0c07] [DisplayControl] index of display_info_vec = 1
2025/10/31 06:30:14.144 [T:0xd0c07] [DisplayControl] index of p_lpo_display_info_video_port = 1
2025/10/31 06:30:14.144 [T:0xd0c07] [DisplayControl] VideoPortMatchingRule
2025/10/31 06:30:14.144 [T:0xd0c07] [DisplayControl] monitor display_info_model_name = VG275
2025/10/31 06:30:14.144 [T:0xd0c07] [DisplayControl] monitor video_port_model_name = VG275
2025/10/31 06:30:14.144 [T:0xd0c07] [DisplayControl] monitor display_info_sn = XF6232400003
2025/10/31 06:30:14.144 [T:0xd0c07] [DisplayControl] monitor video_port_sn = XF6232400003
2025/10/31 06:30:14.144 [T:0xd0c07] [DisplayControl] model_name_match = 1
2025/10/31 06:30:14.144 [T:0xd0c07] [DisplayControl] sn_match = 1
2025/10/31 06:30:14.144 [T:0xd0c07] [DisplayControl] video_port is_match = 1
2025/10/31 06:30:14.144 [T:0xd0c07] [DisplayControl] i = 0
2025/10/31 06:30:14.144 [T:0xd0c07] [DisplayControl] Enter OperationThread::OperationThread()
2025/10/31 06:30:14.144 [T:0xd0c07] [DisplayControl] Enter OperationThread::CreateThread
2025/10/31 06:30:14.144 [T:0xd0c07] [DisplayControl] new DisplayFunctioner
2025/10/31 06:30:14.144 [T:0xd0c07] [DisplayControl] insert displayer_vector
2025/10/31 06:30:14.144 [T:0xd0c07] [DisplayControl] insert modelName_SN_to_Display_map
2025/10/31 06:30:14.144 [T:0xd0c07] [DisplayControl] insert device_id_to_Displayer_map_
2025/10/31 06:30:14.144 [T:0xd0c07] [DisplayControl] i = 1
2025/10/31 06:30:14.145 [T:0xd0c07] [DisplayControl] Enter OperationThread::OperationThread()
2025/10/31 06:30:14.145 [T:0xd0c07] [DisplayControl] Enter OperationThread::CreateThread
2025/10/31 06:30:14.145 [T:0xd0c07] [DisplayControl] new DisplayFunctioner
2025/10/31 06:30:14.145 [T:0xd0c07] [DisplayControl] insert displayer_vector
2025/10/31 06:30:14.145 [T:0xd0c07] [DisplayControl] insert modelName_SN_to_Display_map
2025/10/31 06:30:14.145 [T:0xd0c07] [DisplayControl] insert device_id_to_Displayer_map_
2025/10/31 06:30:14.145 [T:0xd0c07] [DisplayControl] monitor size = 2
2025/10/31 06:30:14.145 [T:0xd0c07] [DisplayControl] Exit ObtainControlHandler
2025/10/31 06:30:14.145 [T:0xd0c07] [DisplayControl] Enter MCCSOtherSet::GetVCP(), vcp code = 16
2025/10/31 06:30:14.227 [T:0xd0c07] [DisplayControl] Exit MCCSOtherSet::GetVCP()
2025/10/31 06:30:14.227 [T:0xd0c07] [DisplayControl] Enter MCCSOtherSet::GetVCP(), vcp code = 51
2025/10/31 06:30:14.367 [T:0xd0c07] [DisplayControl] Exit MCCSOtherSet::GetVCP()
2025/10/31 06:30:14.474 [T:0xd0c07] [DisplayControl] Enter MCCSOtherSet::GetVCP(), vcp code = 97
2025/10/31 06:30:14.556 [T:0xd0c07] [DisplayControl] Exit MCCSOtherSet::GetVCP()
2025/10/31 06:30:14.663 [T:0xd0c07] [DisplayControl] Enter MCCSOtherSet::GetVCP(), vcp code = 4
2025/10/31 06:30:14.744 [T:0xd0c07] [DisplayControl] Exit MCCSOtherSet::GetVCP()
2025/10/31 06:30:14.851 [T:0xd0c07] [DisplayControl] Enter MCCSOtherSet::GetVCP(), vcp code = 225
2025/10/31 06:30:14.932 [T:0xd0c07] [DisplayControl] Exit MCCSOtherSet::GetVCP()
2025/10/31 06:30:15.040 [T:0xd0c07] [DisplayControl] Enter MCCSOtherSet::GetVCP(), vcp code = 18
2025/10/31 06:30:15.121 [T:0xd0c07] [DisplayControl] Exit MCCSOtherSet::GetVCP()
2025/10/31 06:30:15.228 [T:0xd0c07] [DisplayControl] Enter MCCSOtherSet::GetVCP(), vcp code = 135
2025/10/31 06:30:15.309 [T:0xd0c07] [DisplayControl] Exit MCCSOtherSet::GetVCP()
2025/10/31 06:30:15.416 [T:0xd0c07] [DisplayControl] Enter MCCSOtherSet::GetVCP(), vcp code = 43
2025/10/31 06:30:15.497 [T:0xd0c07] [DisplayControl] Exit MCCSOtherSet::GetVCP()
2025/10/31 06:30:15.604 [T:0xd0c07] [DisplayControl] Enter MCCSOtherSet::GetVCP(), vcp code = 220
2025/10/31 06:30:15.686 [T:0xd0c07] [DisplayControl] Exit MCCSOtherSet::GetVCP()
2025/10/31 06:30:15.793 [T:0xd0c07] [DisplayControl] Enter MCCSOtherSet::GetVCP(), vcp code = 96
2025/10/31 06:30:15.874 [T:0xd0c07] [DisplayControl] Exit MCCSOtherSet::GetVCP()
2025/10/31 06:30:15.981 [T:0xd0c07] [DisplayControl] Enter MCCSOtherSet::GetVCP(), vcp code = 20
2025/10/31 06:30:16.062 [T:0xd0c07] [DisplayControl] Exit MCCSOtherSet::GetVCP()
2025/10/31 06:30:16.169 [T:0xd0c07] [DisplayControl] Enter MCCSOtherSet::GetVCP(), vcp code = 141
2025/10/31 06:30:16.250 [T:0xd0c07] [DisplayControl] Exit MCCSOtherSet::GetVCP()
2025/10/31 06:30:16.357 [T:0xd0c07] [DisplayControl] Enter MCCSOtherSet::GetVCP(), vcp code = 16
2025/10/31 06:30:16.438 [T:0xd0c07] [DisplayControl] Exit MCCSOtherSet::GetVCP()
2025/10/31 06:30:16.477 [T:0x7f4c3] [DisplayControl] Enter MCCSOtherSet::GetVCP(), vcp code = 96
2025/10/31 06:30:16.546 [T:0xd0c07] [DisplayControl] Enter MCCSOtherSet::GetVCP(), vcp code = 245
2025/10/31 06:30:16.635 [T:0x7f4c3] [DisplayControl] Exit MCCSOtherSet::GetVCP()
2025/10/31 06:30:16.808 [T:0xd0c07] [DisplayControl] Exit MCCSOtherSet::GetVCP()
2025/10/31 06:30:16.910 [T:0xd0c07] [DisplayControl] Enter MCCSOtherSet::GetVCP(), vcp code = 98
2025/10/31 06:30:17.140 [T:0xd0c07] [DisplayControl] Exit MCCSOtherSet::GetVCP()
2025/10/31 06:30:17.242 [T:0xd0c07] [DisplayControl] Enter MCCSOtherSet::GetVCP(), vcp code = 51
2025/10/31 06:30:17.327 [T:0xd0c07] [DisplayControl] Exit MCCSOtherSet::GetVCP()
2025/10/31 06:30:17.430 [T:0xd0c07] [DisplayControl] Enter MCCSOtherSet::GetVCP(), vcp code = 97
2025/10/31 06:30:17.515 [T:0xd0c07] [DisplayControl] Exit MCCSOtherSet::GetVCP()
2025/10/31 06:30:17.619 [T:0xd0c07] [DisplayControl] Enter MCCSOtherSet::GetVCP(), vcp code = 226
2025/10/31 06:30:17.703 [T:0xd0c07] [DisplayControl] Exit MCCSOtherSet::GetVCP()
2025/10/31 06:30:17.807 [T:0xd0c07] [DisplayControl] Enter MCCSOtherSet::GetVCP(), vcp code = 4
2025/10/31 06:30:17.892 [T:0xd0c07] [DisplayControl] Exit MCCSOtherSet::GetVCP()
2025/10/31 06:30:17.995 [T:0xd0c07] [DisplayControl] Enter MCCSOtherSet::GetVCP(), vcp code = 225
2025/10/31 06:30:18.080 [T:0xd0c07] [DisplayControl] Exit MCCSOtherSet::GetVCP()
2025/10/31 06:30:18.183 [T:0xd0c07] [DisplayControl] Enter MCCSOtherSet::GetVCP(), vcp code = 18
2025/10/31 06:30:18.268 [T:0xd0c07] [DisplayControl] Exit MCCSOtherSet::GetVCP()
2025/10/31 06:30:18.372 [T:0xd0c07] [DisplayControl] Enter MCCSOtherSet::GetVCP(), vcp code = 135
2025/10/31 06:30:18.456 [T:0xd0c07] [DisplayControl] Exit MCCSOtherSet::GetVCP()
2025/10/31 06:30:18.560 [T:0xd0c07] [DisplayControl] Enter MCCSOtherSet::GetVCP(), vcp code = 43
2025/10/31 06:30:18.644 [T:0xd0c07] [DisplayControl] Exit MCCSOtherSet::GetVCP()
2025/10/31 06:30:18.748 [T:0xd0c07] [DisplayControl] Enter MCCSOtherSet::GetVCP(), vcp code = 220
2025/10/31 06:30:18.833 [T:0xd0c07] [DisplayControl] Exit MCCSOtherSet::GetVCP()
2025/10/31 06:30:18.936 [T:0xd0c07] [DisplayControl] Enter MCCSOtherSet::GetVCP(), vcp code = 96
2025/10/31 06:30:19.021 [T:0xd0c07] [DisplayControl] Exit MCCSOtherSet::GetVCP()
2025/10/31 06:30:19.125 [T:0xd0c07] [DisplayControl] Enter MCCSOtherSet::GetVCP(), vcp code = 141
2025/10/31 06:30:19.209 [T:0xd0c07] [DisplayControl] Exit MCCSOtherSet::GetVCP()
2025/10/31 06:30:19.313 [T:0xd0c07] [DisplayControl] Enter MCCSOtherSet::GetVCP(), vcp code = 236
2025/10/31 06:30:19.398 [T:0xd0c07] [DisplayControl] Exit MCCSOtherSet::GetVCP()
2025/10/31 06:30:19.501 [T:0xd0c07] [DisplayControl] Enter MCCSOtherSet::GetVCP(), vcp code = 16
2025/10/31 06:30:19.586 [T:0xd0c07] [DisplayControl] Exit MCCSOtherSet::GetVCP()
2025/10/31 06:30:19.689 [T:0xd0c07] [DisplayControl] Enter MCCSOtherSet::GetVCP(), vcp code = 98
2025/10/31 06:30:19.774 [T:0xd0c07] [DisplayControl] Exit MCCSOtherSet::GetVCP()
