2025/10/28 18:20:17.513 [T:0x4d845] [DisplayControl] Enter ObtainControlHandler1
2025/10/28 18:20:17.513 [T:0x4d845] [DisplayControl] GetVideoPortCommander
2025/10/28 18:20:17.513 [T:0x4d845] [DisplayControl] GetUSBHubCommander
2025/10/28 18:20:17.513 [T:0x4d845] ====== List p_lpo_display_info_video_port, # of devices is ======3
2025/10/28 18:20:17.513 [T:0x4d845] [DisplayControl] index of p_lpo_display_info_video_port0
2025/10/28 18:20:17.513 [T:0x4d845] [DisplayControl] Model name from VideoPort = Generic PnP Monitor
2025/10/28 18:20:17.513 [T:0x4d845] [DisplayControl] SN from VideoPort = M3NRKD019636107
2025/10/28 18:20:17.514 [T:0x4d845] [DisplayControl] index of p_lpo_display_info_video_port1
2025/10/28 18:20:17.514 [T:0x4d845] [DisplayControl] Model name from VideoPort = VP2458
2025/10/28 18:20:17.514 [T:0x4d845] [DisplayControl] SN from VideoPort = VKR183100011
2025/10/28 18:20:17.514 [T:0x4d845] [DisplayControl] index of p_lpo_display_info_video_port2
2025/10/28 18:20:17.514 [T:0x4d845] [DisplayControl] Model name from VideoPort = VP3256-4K
2025/10/28 18:20:17.514 [T:0x4d845] [DisplayControl] SN from VideoPort = WPK214700016
2025/10/28 18:20:17.514 [T:0x4d845] ====== List p_lpo_display_info_rtd_scalar_rts_hub, # of devices is ======0
2025/10/28 18:20:17.514 [T:0x4d845] [DisplayControl] GetVSRtkHubControlClientListener
2025/10/28 18:20:17.514 [T:0x4d845] [DisplayControl] max monitor count = 3
2025/10/28 18:20:17.514 [T:0x4d845] [DisplayControl] index of display_info_vec = 0
2025/10/28 18:20:17.515 [T:0x4d845] [DisplayControl] index of p_lpo_display_info_video_port = 0
2025/10/28 18:20:17.515 [T:0x4d845] [DisplayControl] VideoPortMatchingRule
2025/10/28 18:20:17.515 [T:0x4d845] [DisplayControl] monitor display_info_model_name = Generic PnP Monitor
2025/10/28 18:20:17.515 [T:0x4d845] [DisplayControl] monitor video_port_model_name = Generic PnP Monitor
2025/10/28 18:20:17.515 [T:0x4d845] [DisplayControl] monitor display_info_sn = M3NRKD019636107
2025/10/28 18:20:17.515 [T:0x4d845] [DisplayControl] monitor video_port_sn = M3NRKD019636107
2025/10/28 18:20:17.515 [T:0x4d845] [DisplayControl] model_name_match = 1
2025/10/28 18:20:17.515 [T:0x4d845] [DisplayControl] sn_match = 1
2025/10/28 18:20:17.515 [T:0x4d845] [DisplayControl] video_port is_match = 1
2025/10/28 18:20:17.515 [T:0x4d845] [DisplayControl] index of display_info_vec = 1
2025/10/28 18:20:17.515 [T:0x4d845] [DisplayControl] index of p_lpo_display_info_video_port = 0
2025/10/28 18:20:17.515 [T:0x4d845] [DisplayControl] VideoPortMatchingRule
2025/10/28 18:20:17.515 [T:0x4d845] [DisplayControl] monitor display_info_model_name = VP2458
2025/10/28 18:20:17.515 [T:0x4d845] [DisplayControl] monitor video_port_model_name = Generic PnP Monitor
2025/10/28 18:20:17.515 [T:0x4d845] [DisplayControl] monitor display_info_sn = VKR183100011
2025/10/28 18:20:17.515 [T:0x4d845] [DisplayControl] monitor video_port_sn = M3NRKD019636107
2025/10/28 18:20:17.515 [T:0x4d845] [DisplayControl] model_name_match = 0
2025/10/28 18:20:17.515 [T:0x4d845] [DisplayControl] sn_match = 0
2025/10/28 18:20:17.515 [T:0x4d845] [DisplayControl] video_port is_match = 0
2025/10/28 18:20:17.515 [T:0x4d845] [DisplayControl] index of display_info_vec = 1
2025/10/28 18:20:17.515 [T:0x4d845] [DisplayControl] index of p_lpo_display_info_video_port = 1
2025/10/28 18:20:17.515 [T:0x4d845] [DisplayControl] VideoPortMatchingRule
2025/10/28 18:20:17.515 [T:0x4d845] [DisplayControl] monitor display_info_model_name = VP2458
2025/10/28 18:20:17.515 [T:0x4d845] [DisplayControl] monitor video_port_model_name = VP2458
2025/10/28 18:20:17.515 [T:0x4d845] [DisplayControl] monitor display_info_sn = VKR183100011
2025/10/28 18:20:17.515 [T:0x4d845] [DisplayControl] monitor video_port_sn = VKR183100011
2025/10/28 18:20:17.515 [T:0x4d845] [DisplayControl] model_name_match = 1
2025/10/28 18:20:17.515 [T:0x4d845] [DisplayControl] sn_match = 1
2025/10/28 18:20:17.515 [T:0x4d845] [DisplayControl] video_port is_match = 1
2025/10/28 18:20:17.515 [T:0x4d845] [DisplayControl] index of display_info_vec = 2
2025/10/28 18:20:17.516 [T:0x4d845] [DisplayControl] index of p_lpo_display_info_video_port = 0
2025/10/28 18:20:17.516 [T:0x4d845] [DisplayControl] VideoPortMatchingRule
2025/10/28 18:20:17.516 [T:0x4d845] [DisplayControl] monitor display_info_model_name = VP3256-4K
2025/10/28 18:20:17.516 [T:0x4d845] [DisplayControl] monitor video_port_model_name = Generic PnP Monitor
2025/10/28 18:20:17.516 [T:0x4d845] [DisplayControl] monitor display_info_sn = WPK214700016
2025/10/28 18:20:17.516 [T:0x4d845] [DisplayControl] monitor video_port_sn = M3NRKD019636107
2025/10/28 18:20:17.516 [T:0x4d845] [DisplayControl] model_name_match = 0
2025/10/28 18:20:17.516 [T:0x4d845] [DisplayControl] sn_match = 0
2025/10/28 18:20:17.516 [T:0x4d845] [DisplayControl] video_port is_match = 0
2025/10/28 18:20:17.516 [T:0x4d845] [DisplayControl] index of display_info_vec = 2
2025/10/28 18:20:17.516 [T:0x4d845] [DisplayControl] index of p_lpo_display_info_video_port = 1
2025/10/28 18:20:17.516 [T:0x4d845] [DisplayControl] VideoPortMatchingRule
2025/10/28 18:20:17.516 [T:0x4d845] [DisplayControl] monitor display_info_model_name = VP3256-4K
2025/10/28 18:20:17.516 [T:0x4d845] [DisplayControl] monitor video_port_model_name = VP2458
2025/10/28 18:20:17.516 [T:0x4d845] [DisplayControl] monitor display_info_sn = WPK214700016
2025/10/28 18:20:17.516 [T:0x4d845] [DisplayControl] monitor video_port_sn = VKR183100011
2025/10/28 18:20:17.516 [T:0x4d845] [DisplayControl] model_name_match = 0
2025/10/28 18:20:17.516 [T:0x4d845] [DisplayControl] sn_match = 0
2025/10/28 18:20:17.516 [T:0x4d845] [DisplayControl] video_port is_match = 0
2025/10/28 18:20:17.516 [T:0x4d845] [DisplayControl] index of display_info_vec = 2
2025/10/28 18:20:17.516 [T:0x4d845] [DisplayControl] index of p_lpo_display_info_video_port = 2
2025/10/28 18:20:17.516 [T:0x4d845] [DisplayControl] VideoPortMatchingRule
2025/10/28 18:20:17.516 [T:0x4d845] [DisplayControl] monitor display_info_model_name = VP3256-4K
2025/10/28 18:20:17.516 [T:0x4d845] [DisplayControl] monitor video_port_model_name = VP3256-4K
2025/10/28 18:20:17.516 [T:0x4d845] [DisplayControl] monitor display_info_sn = WPK214700016
2025/10/28 18:20:17.516 [T:0x4d845] [DisplayControl] monitor video_port_sn = WPK214700016
2025/10/28 18:20:17.516 [T:0x4d845] [DisplayControl] model_name_match = 1
2025/10/28 18:20:17.516 [T:0x4d845] [DisplayControl] sn_match = 1
2025/10/28 18:20:17.516 [T:0x4d845] [DisplayControl] video_port is_match = 1
2025/10/28 18:20:17.516 [T:0x4d845] [DisplayControl] i = 0
2025/10/28 18:20:17.517 [T:0x4d845] [DisplayControl] Enter OperationThread::OperationThread()
2025/10/28 18:20:17.517 [T:0x4d845] [DisplayControl] Enter OperationThread::CreateThread
2025/10/28 18:20:17.517 [T:0x4d845] [DisplayControl] new DisplayFunctioner
2025/10/28 18:20:17.517 [T:0x4d845] [DisplayControl] insert displayer_vector
2025/10/28 18:20:17.517 [T:0x4d845] [DisplayControl] insert modelName_SN_to_Display_map
2025/10/28 18:20:17.517 [T:0x4d845] [DisplayControl] insert device_id_to_Displayer_map_
2025/10/28 18:20:17.517 [T:0x4d845] [DisplayControl] i = 1
2025/10/28 18:20:17.517 [T:0x4d845] [DisplayControl] Enter OperationThread::OperationThread()
2025/10/28 18:20:17.517 [T:0x4d845] [DisplayControl] Enter OperationThread::CreateThread
2025/10/28 18:20:17.517 [T:0x4d845] [DisplayControl] new DisplayFunctioner
2025/10/28 18:20:17.517 [T:0x4d845] [DisplayControl] insert displayer_vector
2025/10/28 18:20:17.517 [T:0x4d845] [DisplayControl] insert modelName_SN_to_Display_map
2025/10/28 18:20:17.517 [T:0x4d845] [DisplayControl] insert device_id_to_Displayer_map_
2025/10/28 18:20:17.517 [T:0x4d845] [DisplayControl] i = 2
2025/10/28 18:20:17.517 [T:0x4d845] [DisplayControl] Enter OperationThread::OperationThread()
2025/10/28 18:20:17.517 [T:0x4d845] [DisplayControl] Enter OperationThread::CreateThread
2025/10/28 18:20:17.517 [T:0x4d845] [DisplayControl] new DisplayFunctioner
2025/10/28 18:20:17.517 [T:0x4d845] [DisplayControl] insert displayer_vector
2025/10/28 18:20:17.517 [T:0x4d845] [DisplayControl] insert modelName_SN_to_Display_map
2025/10/28 18:20:17.517 [T:0x4d845] [DisplayControl] insert device_id_to_Displayer_map_
2025/10/28 18:20:17.517 [T:0x4d845] [DisplayControl] monitor size = 3
2025/10/28 18:20:17.517 [T:0x4d845] [DisplayControl] Exit ObtainControlHandler
2025/10/28 18:20:17.518 [T:0x4d845] [DisplayControl] Enter MCCSOtherSet::GetVCP(), vcp code = 96
2025/10/28 18:20:17.587 [T:0x4d845] [DisplayControl] Exit MCCSOtherSet::GetVCP()
2025/10/28 18:20:17.843 [T:0x4d845] [DisplayControl] Enter MCCSOtherSet::GetVCP(), vcp code = 96
2025/10/28 18:20:17.926 [T:0x4d845] [DisplayControl] Exit MCCSOtherSet::GetVCP()
2025/10/28 18:20:18.194 [T:0x4d845] [DisplayControl] Enter MCCSOtherSet::SetVCP(), vcp code = 51
2025/10/28 18:20:19.144 [T:0x4d845] [DisplayControl] Exit MCCSOtherSet::SetVCP()
2025/10/28 18:20:19.145 [T:0x4d845] [DisplayControl] Enter MCCSOtherSet::SetVCP(), vcp code = 51
2025/10/28 18:20:19.301 [T:0x4d845] [DisplayControl] Exit MCCSOtherSet::SetVCP()
2025/10/28 18:20:19.302 [T:0x4d845] [DisplayControl] Enter MCCSOtherSet::GetVCP(), vcp code = 5
2025/10/28 18:20:19.429 [T:0x4d845] [DisplayControl] Exit MCCSOtherSet::GetVCP()
2025/10/28 18:20:19.531 [T:0x4d845] [DisplayControl] Enter MCCSOtherSet::GetVCP(), vcp code = 8
2025/10/28 18:20:19.602 [T:0x4d845] [DisplayControl] Exit MCCSOtherSet::GetVCP()
2025/10/28 18:20:19.705 [T:0x4d845] [DisplayControl] Enter MCCSOtherSet::GetVCP(), vcp code = 20
2025/10/28 18:20:19.778 [T:0x4d845] [DisplayControl] Exit MCCSOtherSet::GetVCP()
2025/10/28 18:20:19.880 [T:0x4d845] [DisplayControl] Enter MCCSOtherSet::GetVCP(), vcp code = 16
2025/10/28 18:20:19.950 [T:0x4d845] [DisplayControl] Exit MCCSOtherSet::GetVCP()
2025/10/28 18:20:20.056 [T:0x4d845] [DisplayControl] Enter MCCSOtherSet::GetVCP(), vcp code = 4
2025/10/28 18:20:20.129 [T:0x4d845] [DisplayControl] Exit MCCSOtherSet::GetVCP()
2025/10/28 18:20:20.231 [T:0x4d845] [DisplayControl] Enter MCCSOtherSet::GetVCP(), vcp code = 141
2025/10/28 18:20:20.299 [T:0x4d845] [DisplayControl] Exit MCCSOtherSet::GetVCP()
2025/10/28 18:20:20.405 [T:0x4d845] [DisplayControl] Enter MCCSOtherSet::GetVCP(), vcp code = 170
2025/10/28 18:20:20.476 [T:0x4d845] [DisplayControl] Exit MCCSOtherSet::GetVCP()
2025/10/28 18:20:20.578 [T:0x4d845] [DisplayControl] Enter MCCSOtherSet::GetVCP(), vcp code = 18
2025/10/28 18:20:20.647 [T:0x4d845] [DisplayControl] Exit MCCSOtherSet::GetVCP()
2025/10/28 18:20:20.750 [T:0x4d845] [DisplayControl] Enter MCCSOtherSet::GetVCP(), vcp code = 96
2025/10/28 18:20:20.819 [T:0x4d845] [DisplayControl] Exit MCCSOtherSet::GetVCP()
2025/10/28 18:20:20.925 [T:0x4d845] [DisplayControl] Enter MCCSOtherSet::GetVCP(), vcp code = 51
2025/10/28 18:20:20.994 [T:0x4d845] [DisplayControl] Exit MCCSOtherSet::GetVCP()
2025/10/28 18:20:21.099 [T:0x4d845] [DisplayControl] Enter MCCSOtherSet::GetVCP(), vcp code = 97
2025/10/28 18:20:21.169 [T:0x4d845] [DisplayControl] Exit MCCSOtherSet::GetVCP()
2025/10/28 18:20:21.274 [T:0x4d845] [DisplayControl] Enter MCCSOtherSet::GetVCP(), vcp code = 135
2025/10/28 18:20:21.346 [T:0x4d845] [DisplayControl] Exit MCCSOtherSet::GetVCP()
2025/10/28 18:20:21.448 [T:0x4d845] [DisplayControl] Enter MCCSOtherSet::GetVCP(), vcp code = 220
2025/10/28 18:20:21.536 [T:0x4d845] [DisplayControl] Exit MCCSOtherSet::GetVCP()
2025/10/28 18:20:21.638 [T:0x4d845] [DisplayControl] Enter MCCSOtherSet::GetVCP(), vcp code = 226
2025/10/28 18:20:21.710 [T:0x4d845] [DisplayControl] Exit MCCSOtherSet::GetVCP()
2025/10/28 18:20:21.814 [T:0x4d845] [DisplayControl] Enter MCCSOtherSet::GetVCP(), vcp code = 43
2025/10/28 18:20:21.905 [T:0x4d845] [DisplayControl] Exit MCCSOtherSet::GetVCP()
2025/10/28 18:20:22.020 [T:0x4d845] [DisplayControl] Enter MCCSOtherSet::GetVCP(), vcp code = 5
2025/10/28 18:20:22.096 [T:0x4d845] [DisplayControl] Exit MCCSOtherSet::GetVCP()
2025/10/28 18:20:22.211 [T:0x4d845] [DisplayControl] Enter MCCSOtherSet::GetVCP(), vcp code = 8
2025/10/28 18:20:22.287 [T:0x4d845] [DisplayControl] Exit MCCSOtherSet::GetVCP()
2025/10/28 18:20:22.403 [T:0x4d845] [DisplayControl] Enter MCCSOtherSet::GetVCP(), vcp code = 20
2025/10/28 18:20:22.479 [T:0x4d845] [DisplayControl] Exit MCCSOtherSet::GetVCP()
2025/10/28 18:20:22.593 [T:0x4d845] [DisplayControl] Enter MCCSOtherSet::GetVCP(), vcp code = 16
2025/10/28 18:20:22.689 [T:0x4d845] [DisplayControl] Exit MCCSOtherSet::GetVCP()
2025/10/28 18:20:22.800 [T:0x4d845] [DisplayControl] Enter MCCSOtherSet::GetVCP(), vcp code = 4
2025/10/28 18:20:22.896 [T:0x4d845] [DisplayControl] Exit MCCSOtherSet::GetVCP()
2025/10/28 18:20:23.007 [T:0x4d845] [DisplayControl] Enter MCCSOtherSet::GetVCP(), vcp code = 141
2025/10/28 18:20:23.082 [T:0x4d845] [DisplayControl] Exit MCCSOtherSet::GetVCP()
2025/10/28 18:20:23.197 [T:0x4d845] [DisplayControl] Enter MCCSOtherSet::GetVCP(), vcp code = 170
2025/10/28 18:20:23.280 [T:0x4d845] [DisplayControl] Exit MCCSOtherSet::GetVCP()
2025/10/28 18:20:23.389 [T:0x4d845] [DisplayControl] Enter MCCSOtherSet::GetVCP(), vcp code = 98
2025/10/28 18:20:23.479 [T:0x4d845] [DisplayControl] Exit MCCSOtherSet::GetVCP()
2025/10/28 18:20:23.595 [T:0x4d845] [DisplayControl] Enter MCCSOtherSet::GetVCP(), vcp code = 18
2025/10/28 18:20:23.686 [T:0x4d845] [DisplayControl] Exit MCCSOtherSet::GetVCP()
2025/10/28 18:20:23.800 [T:0x4d845] [DisplayControl] Enter MCCSOtherSet::GetVCP(), vcp code = 96
2025/10/28 18:20:23.877 [T:0x4d845] [DisplayControl] Exit MCCSOtherSet::GetVCP()
2025/10/28 18:20:23.991 [T:0x4d845] [DisplayControl] Enter MCCSOtherSet::GetVCP(), vcp code = 51
2025/10/28 18:20:24.084 [T:0x4d845] [DisplayControl] Exit MCCSOtherSet::GetVCP()
2025/10/28 18:20:24.197 [T:0x4d845] [DisplayControl] Enter MCCSOtherSet::GetVCP(), vcp code = 97
2025/10/28 18:20:24.289 [T:0x4d845] [DisplayControl] Exit MCCSOtherSet::GetVCP()
2025/10/28 18:20:24.404 [T:0x4d845] [DisplayControl] Enter MCCSOtherSet::GetVCP(), vcp code = 245
2025/10/28 18:20:24.479 [T:0x4d845] [DisplayControl] Exit MCCSOtherSet::GetVCP()
2025/10/28 18:20:24.595 [T:0x4d845] [DisplayControl] Enter MCCSOtherSet::GetVCP(), vcp code = 135
2025/10/28 18:20:24.688 [T:0x4d845] [DisplayControl] Exit MCCSOtherSet::GetVCP()
2025/10/28 18:20:24.801 [T:0x4d845] [DisplayControl] Enter MCCSOtherSet::GetVCP(), vcp code = 220
2025/10/28 18:20:24.875 [T:0x4d845] [DisplayControl] Exit MCCSOtherSet::GetVCP()
2025/10/28 18:20:24.992 [T:0x4d845] [DisplayControl] Enter MCCSOtherSet::GetVCP(), vcp code = 114
2025/10/28 18:20:25.069 [T:0x4d845] [DisplayControl] Exit MCCSOtherSet::GetVCP()
2025/10/28 18:20:25.182 [T:0x4d845] [DisplayControl] Enter MCCSOtherSet::GetVCP(), vcp code = 226
2025/10/28 18:20:25.278 [T:0x4d845] [DisplayControl] Exit MCCSOtherSet::GetVCP()
2025/10/28 18:20:25.392 [T:0x4d845] [DisplayControl] Enter MCCSOtherSet::GetVCP(), vcp code = 170
2025/10/28 18:20:25.481 [T:0x4d845] [DisplayControl] Exit MCCSOtherSet::GetVCP()
2025/10/28 18:20:25.483 [T:0x4d845] [DisplayControl] Enter MCCSOtherSet::GetVCP(), vcp code = 170
2025/10/28 18:20:25.557 [T:0x4d845] [DisplayControl] Exit MCCSOtherSet::GetVCP()
2025/10/28 18:20:25.736 [T:0x4d845] [DisplayControl] Enter MCCSOtherSet::GetVCP(), vcp code = 96
2025/10/28 18:20:25.924 [T:0x4d845] [DisplayControl] Exit MCCSOtherSet::GetVCP()
2025/10/28 18:20:25.925 [T:0x4d845] [DisplayControl] Enter MCCSOtherSet::GetVCP(), vcp code = 96
2025/10/28 18:20:26.005 [T:0x4d845] [DisplayControl] Exit MCCSOtherSet::GetVCP()
2025/10/28 18:20:26.124 [T:0x4d845] [DisplayControl] Enter MCCSOtherSet::GetVCP(), vcp code = 170
2025/10/28 18:20:26.206 [T:0x4d845] [DisplayControl] Exit MCCSOtherSet::GetVCP()
2025/10/28 18:20:26.244 [T:0x4d845] [DisplayControl] Enter MCCSOtherSet::GetVCP(), vcp code = 170
2025/10/28 18:20:26.324 [T:0x4d845] [DisplayControl] Exit MCCSOtherSet::GetVCP()
2025/10/28 18:20:27.722 [T:0x4d845] [DisplayControl] Enter MCCSOtherSet::GetVCP(), vcp code = 170
2025/10/28 18:20:27.839 [T:0x4d845] [DisplayControl] Exit MCCSOtherSet::GetVCP()
2025/10/28 18:21:13.245 [T:0xc2517] [DisplayControl] Enter MCCSOtherSet::SetVCP(), vcp code = 20
2025/10/28 18:21:13.397 [T:0xc2517] [DisplayControl] Exit MCCSOtherSet::SetVCP()
2025/10/28 18:21:14.017 [T:0xc2517] [DisplayControl] Enter MCCSOtherSet::GetVCP(), vcp code = 20
2025/10/28 18:21:14.092 [T:0xc2517] [DisplayControl] Exit MCCSOtherSet::GetVCP()
2025/10/28 18:21:14.815 [T:0xc2517] [DisplayControl] Enter MCCSOtherSet::GetVCP(), vcp code = 16
2025/10/28 18:21:14.910 [T:0xc2517] [DisplayControl] Exit MCCSOtherSet::GetVCP()
2025/10/28 18:21:15.637 [T:0xc2517] [DisplayControl] Enter MCCSOtherSet::GetVCP(), vcp code = 18
2025/10/28 18:21:15.717 [T:0xc2517] [DisplayControl] Exit MCCSOtherSet::GetVCP()
2025/10/28 18:21:16.433 [T:0xc2517] [DisplayControl] Enter MCCSOtherSet::GetVCP(), vcp code = 135
2025/10/28 18:21:16.509 [T:0xc2517] [DisplayControl] Exit MCCSOtherSet::GetVCP()
2025/10/28 18:22:16.971 [T:0x4d845] [DisplayControl] Enter MCCSOtherSet::GetVCP(), vcp code = 170
2025/10/28 18:22:17.094 [T:0x4d845] [DisplayControl] Exit MCCSOtherSet::GetVCP()
2025/10/28 18:22:20.072 [T:0x8fa6e] [DisplayControl] Enter MCCSOtherSet::SetVCP(), vcp code = 4
2025/10/28 18:22:20.937 [T:0x8fa6e] [DisplayControl] Exit MCCSOtherSet::SetVCP()
2025/10/28 18:22:25.944 [T:0x8fa6e] [DisplayControl] Enter OperationThread::ExitThread
2025/10/28 18:22:25.944 [T:0x8fa6e] [DisplayControl] Exit OperationThread::ExitThread
2025/10/28 18:22:25.944 [T:0x8fa6e] [DisplayControl] Enter OperationThread::~OperationThread()
2025/10/28 18:22:25.944 [T:0x8fa6e] [DisplayControl] Enter OperationThread::ExitThread
2025/10/28 18:22:25.944 [T:0x8fa6e] [DisplayControl] Enter OperationThread::ExitThread
2025/10/28 18:22:25.945 [T:0x8fa6e] [DisplayControl] Exit OperationThread::ExitThread
2025/10/28 18:22:25.945 [T:0x8fa6e] [DisplayControl] Enter OperationThread::~OperationThread()
2025/10/28 18:22:25.945 [T:0x8fa6e] [DisplayControl] Enter OperationThread::ExitThread
2025/10/28 18:22:25.945 [T:0x8fa6e] [DisplayControl] Enter OperationThread::ExitThread
2025/10/28 18:22:25.945 [T:0x8fa6e] [DisplayControl] Exit OperationThread::ExitThread
2025/10/28 18:22:25.945 [T:0x8fa6e] [DisplayControl] Enter OperationThread::~OperationThread()
2025/10/28 18:22:25.945 [T:0x8fa6e] [DisplayControl] Enter OperationThread::ExitThread
2025/10/28 18:22:25.996 [T:0x8fa6e] [DbgStr] After calling display_control_client_listener_video_port_.UpdateAllDisplayPath()
2025/10/28 18:22:26.003 [T:0x8fa6e] [DbgStr] After calling display_control_client_listener_.GetAllDisplayEDID()
2025/10/28 18:22:26.153 [T:0x8fa6e] [DbgStr] After calling display_control_client_listener_rtd_scalar_rts_hub_.GetAllDisplayEDID()
2025/10/28 18:22:26.172 [T:0x8fa6e] [DisplayControl] Version = 3.0.6.0
2025/10/28 18:22:26.172 [T:0x8fa6e] [DisplayControl] Enter ObtainControlHandler1
2025/10/28 18:22:26.172 [T:0x8fa6e] [DisplayControl] GetVideoPortCommander
2025/10/28 18:22:26.172 [T:0x8fa6e] [DisplayControl] GetUSBHubCommander
2025/10/28 18:22:26.172 [T:0x8fa6e] ====== List p_lpo_display_info_video_port, # of devices is ======3
2025/10/28 18:22:26.172 [T:0x8fa6e] [DisplayControl] index of p_lpo_display_info_video_port0
2025/10/28 18:22:26.172 [T:0x8fa6e] [DisplayControl] Model name from VideoPort = Generic PnP Monitor
2025/10/28 18:22:26.172 [T:0x8fa6e] [DisplayControl] SN from VideoPort = M3NRKD019636107
2025/10/28 18:22:26.172 [T:0x8fa6e] [DisplayControl] index of p_lpo_display_info_video_port1
2025/10/28 18:22:26.172 [T:0x8fa6e] [DisplayControl] Model name from VideoPort = VP2458
2025/10/28 18:22:26.172 [T:0x8fa6e] [DisplayControl] SN from VideoPort = VKR183100011
2025/10/28 18:22:26.172 [T:0x8fa6e] [DisplayControl] index of p_lpo_display_info_video_port2
2025/10/28 18:22:26.172 [T:0x8fa6e] [DisplayControl] Model name from VideoPort = VP3256-4K
2025/10/28 18:22:26.173 [T:0x8fa6e] [DisplayControl] SN from VideoPort = WPK214700016
2025/10/28 18:22:26.173 [T:0x8fa6e] ====== List p_lpo_display_info_rtd_scalar_rts_hub, # of devices is ======0
2025/10/28 18:22:26.173 [T:0x8fa6e] [DisplayControl] GetVSRtkHubControlClientListener
2025/10/28 18:22:26.173 [T:0x8fa6e] [DisplayControl] max monitor count = 3
2025/10/28 18:22:26.173 [T:0x8fa6e] [DisplayControl] index of display_info_vec = 0
2025/10/28 18:22:26.173 [T:0x8fa6e] [DisplayControl] index of p_lpo_display_info_video_port = 0
2025/10/28 18:22:26.173 [T:0x8fa6e] [DisplayControl] VideoPortMatchingRule
2025/10/28 18:22:26.173 [T:0x8fa6e] [DisplayControl] monitor display_info_model_name = Generic PnP Monitor
2025/10/28 18:22:26.173 [T:0x8fa6e] [DisplayControl] monitor video_port_model_name = Generic PnP Monitor
2025/10/28 18:22:26.173 [T:0x8fa6e] [DisplayControl] monitor display_info_sn = M3NRKD019636107
2025/10/28 18:22:26.173 [T:0x8fa6e] [DisplayControl] monitor video_port_sn = M3NRKD019636107
2025/10/28 18:22:26.173 [T:0x8fa6e] [DisplayControl] model_name_match = 1
2025/10/28 18:22:26.173 [T:0x8fa6e] [DisplayControl] sn_match = 1
2025/10/28 18:22:26.173 [T:0x8fa6e] [DisplayControl] video_port is_match = 1
2025/10/28 18:22:26.173 [T:0x8fa6e] [DisplayControl] index of display_info_vec = 1
2025/10/28 18:22:26.173 [T:0x8fa6e] [DisplayControl] index of p_lpo_display_info_video_port = 0
2025/10/28 18:22:26.173 [T:0x8fa6e] [DisplayControl] VideoPortMatchingRule
2025/10/28 18:22:26.173 [T:0x8fa6e] [DisplayControl] monitor display_info_model_name = VP2458
2025/10/28 18:22:26.173 [T:0x8fa6e] [DisplayControl] monitor video_port_model_name = Generic PnP Monitor
2025/10/28 18:22:26.173 [T:0x8fa6e] [DisplayControl] monitor display_info_sn = VKR183100011
2025/10/28 18:22:26.173 [T:0x8fa6e] [DisplayControl] monitor video_port_sn = M3NRKD019636107
2025/10/28 18:22:26.173 [T:0x8fa6e] [DisplayControl] model_name_match = 0
2025/10/28 18:22:26.173 [T:0x8fa6e] [DisplayControl] sn_match = 0
2025/10/28 18:22:26.173 [T:0x8fa6e] [DisplayControl] video_port is_match = 0
2025/10/28 18:22:26.173 [T:0x8fa6e] [DisplayControl] index of display_info_vec = 1
2025/10/28 18:22:26.173 [T:0x8fa6e] [DisplayControl] index of p_lpo_display_info_video_port = 1
2025/10/28 18:22:26.173 [T:0x8fa6e] [DisplayControl] VideoPortMatchingRule
2025/10/28 18:22:26.174 [T:0x8fa6e] [DisplayControl] monitor display_info_model_name = VP2458
2025/10/28 18:22:26.174 [T:0x8fa6e] [DisplayControl] monitor video_port_model_name = VP2458
2025/10/28 18:22:26.174 [T:0x8fa6e] [DisplayControl] monitor display_info_sn = VKR183100011
2025/10/28 18:22:26.174 [T:0x8fa6e] [DisplayControl] monitor video_port_sn = VKR183100011
2025/10/28 18:22:26.174 [T:0x8fa6e] [DisplayControl] model_name_match = 1
2025/10/28 18:22:26.174 [T:0x8fa6e] [DisplayControl] sn_match = 1
2025/10/28 18:22:26.174 [T:0x8fa6e] [DisplayControl] video_port is_match = 1
2025/10/28 18:22:26.174 [T:0x8fa6e] [DisplayControl] index of display_info_vec = 2
2025/10/28 18:22:26.174 [T:0x8fa6e] [DisplayControl] index of p_lpo_display_info_video_port = 0
2025/10/28 18:22:26.174 [T:0x8fa6e] [DisplayControl] VideoPortMatchingRule
2025/10/28 18:22:26.174 [T:0x8fa6e] [DisplayControl] monitor display_info_model_name = VP3256-4K
2025/10/28 18:22:26.174 [T:0x8fa6e] [DisplayControl] monitor video_port_model_name = Generic PnP Monitor
2025/10/28 18:22:26.174 [T:0x8fa6e] [DisplayControl] monitor display_info_sn = WPK214700016
2025/10/28 18:22:26.174 [T:0x8fa6e] [DisplayControl] monitor video_port_sn = M3NRKD019636107
2025/10/28 18:22:26.174 [T:0x8fa6e] [DisplayControl] model_name_match = 0
2025/10/28 18:22:26.174 [T:0x8fa6e] [DisplayControl] sn_match = 0
2025/10/28 18:22:26.174 [T:0x8fa6e] [DisplayControl] video_port is_match = 0
2025/10/28 18:22:26.174 [T:0x8fa6e] [DisplayControl] index of display_info_vec = 2
2025/10/28 18:22:26.174 [T:0x8fa6e] [DisplayControl] index of p_lpo_display_info_video_port = 1
2025/10/28 18:22:26.174 [T:0x8fa6e] [DisplayControl] VideoPortMatchingRule
2025/10/28 18:22:26.174 [T:0x8fa6e] [DisplayControl] monitor display_info_model_name = VP3256-4K
2025/10/28 18:22:26.174 [T:0x8fa6e] [DisplayControl] monitor video_port_model_name = VP2458
2025/10/28 18:22:26.174 [T:0x8fa6e] [DisplayControl] monitor display_info_sn = WPK214700016
2025/10/28 18:22:26.174 [T:0x8fa6e] [DisplayControl] monitor video_port_sn = VKR183100011
2025/10/28 18:22:26.174 [T:0x8fa6e] [DisplayControl] model_name_match = 0
2025/10/28 18:22:26.174 [T:0x8fa6e] [DisplayControl] sn_match = 0
2025/10/28 18:22:26.174 [T:0x8fa6e] [DisplayControl] video_port is_match = 0
2025/10/28 18:22:26.175 [T:0x8fa6e] [DisplayControl] index of display_info_vec = 2
2025/10/28 18:22:26.175 [T:0x8fa6e] [DisplayControl] index of p_lpo_display_info_video_port = 2
2025/10/28 18:22:26.175 [T:0x8fa6e] [DisplayControl] VideoPortMatchingRule
2025/10/28 18:22:26.175 [T:0x8fa6e] [DisplayControl] monitor display_info_model_name = VP3256-4K
2025/10/28 18:22:26.175 [T:0x8fa6e] [DisplayControl] monitor video_port_model_name = VP3256-4K
2025/10/28 18:22:26.175 [T:0x8fa6e] [DisplayControl] monitor display_info_sn = WPK214700016
2025/10/28 18:22:26.175 [T:0x8fa6e] [DisplayControl] monitor video_port_sn = WPK214700016
2025/10/28 18:22:26.175 [T:0x8fa6e] [DisplayControl] model_name_match = 1
2025/10/28 18:22:26.175 [T:0x8fa6e] [DisplayControl] sn_match = 1
2025/10/28 18:22:26.175 [T:0x8fa6e] [DisplayControl] video_port is_match = 1
2025/10/28 18:22:26.175 [T:0x8fa6e] [DisplayControl] i = 0
2025/10/28 18:22:26.175 [T:0x8fa6e] [DisplayControl] Enter OperationThread::OperationThread()
2025/10/28 18:22:26.175 [T:0x8fa6e] [DisplayControl] Enter OperationThread::CreateThread
2025/10/28 18:22:26.175 [T:0x8fa6e] [DisplayControl] new DisplayFunctioner
2025/10/28 18:22:26.175 [T:0x8fa6e] [DisplayControl] insert displayer_vector
2025/10/28 18:22:26.175 [T:0x8fa6e] [DisplayControl] insert modelName_SN_to_Display_map
2025/10/28 18:22:26.175 [T:0x8fa6e] [DisplayControl] insert device_id_to_Displayer_map_
2025/10/28 18:22:26.175 [T:0x8fa6e] [DisplayControl] i = 1
2025/10/28 18:22:26.175 [T:0x8fa6e] [DisplayControl] Enter OperationThread::OperationThread()
2025/10/28 18:22:26.175 [T:0x8fa6e] [DisplayControl] Enter OperationThread::CreateThread
2025/10/28 18:22:26.175 [T:0x8fa6e] [DisplayControl] new DisplayFunctioner
2025/10/28 18:22:26.175 [T:0x8fa6e] [DisplayControl] insert displayer_vector
2025/10/28 18:22:26.175 [T:0x8fa6e] [DisplayControl] insert modelName_SN_to_Display_map
2025/10/28 18:22:26.175 [T:0x8fa6e] [DisplayControl] insert device_id_to_Displayer_map_
2025/10/28 18:22:26.176 [T:0x8fa6e] [DisplayControl] i = 2
2025/10/28 18:22:26.176 [T:0x8fa6e] [DisplayControl] Enter OperationThread::OperationThread()
2025/10/28 18:22:26.176 [T:0x8fa6e] [DisplayControl] Enter OperationThread::CreateThread
2025/10/28 18:22:26.176 [T:0x8fa6e] [DisplayControl] new DisplayFunctioner
2025/10/28 18:22:26.176 [T:0x8fa6e] [DisplayControl] insert displayer_vector
2025/10/28 18:22:26.176 [T:0x8fa6e] [DisplayControl] insert modelName_SN_to_Display_map
2025/10/28 18:22:26.176 [T:0x8fa6e] [DisplayControl] insert device_id_to_Displayer_map_
2025/10/28 18:22:26.176 [T:0x8fa6e] [DisplayControl] monitor size = 3
2025/10/28 18:22:26.176 [T:0x8fa6e] [DisplayControl] Exit ObtainControlHandler
2025/10/28 18:22:26.177 [T:0x8fa6e] [DisplayControl] Enter MCCSOtherSet::GetVCP(), vcp code = 96
2025/10/28 18:22:26.253 [T:0x8fa6e] [DisplayControl] Exit MCCSOtherSet::GetVCP()
2025/10/28 18:22:26.544 [T:0x8fa6e] [DisplayControl] Enter MCCSOtherSet::GetVCP(), vcp code = 96
2025/10/28 18:22:26.622 [T:0x8fa6e] [DisplayControl] Exit MCCSOtherSet::GetVCP()
2025/10/28 18:22:26.909 [T:0x8fa6e] [DisplayControl] Enter MCCSOtherSet::GetVCP(), vcp code = 5
2025/10/28 18:22:26.986 [T:0x8fa6e] [DisplayControl] Exit MCCSOtherSet::GetVCP()
2025/10/28 18:22:27.091 [T:0x8fa6e] [DisplayControl] Enter MCCSOtherSet::GetVCP(), vcp code = 8
2025/10/28 18:22:27.166 [T:0x8fa6e] [DisplayControl] Exit MCCSOtherSet::GetVCP()
2025/10/28 18:22:27.271 [T:0x8fa6e] [DisplayControl] Enter MCCSOtherSet::GetVCP(), vcp code = 20
2025/10/28 18:22:27.347 [T:0x8fa6e] [DisplayControl] Exit MCCSOtherSet::GetVCP()
2025/10/28 18:22:27.467 [T:0x8fa6e] [DisplayControl] Enter MCCSOtherSet::GetVCP(), vcp code = 16
2025/10/28 18:22:27.543 [T:0x8fa6e] [DisplayControl] Exit MCCSOtherSet::GetVCP()
2025/10/28 18:22:27.647 [T:0x8fa6e] [DisplayControl] Enter MCCSOtherSet::GetVCP(), vcp code = 4
2025/10/28 18:22:27.722 [T:0x8fa6e] [DisplayControl] Exit MCCSOtherSet::GetVCP()
2025/10/28 18:22:27.836 [T:0x8fa6e] [DisplayControl] Enter MCCSOtherSet::GetVCP(), vcp code = 141
2025/10/28 18:22:27.918 [T:0x8fa6e] [DisplayControl] Exit MCCSOtherSet::GetVCP()
2025/10/28 18:22:28.022 [T:0x8fa6e] [DisplayControl] Enter MCCSOtherSet::GetVCP(), vcp code = 170
2025/10/28 18:22:28.099 [T:0x8fa6e] [DisplayControl] Exit MCCSOtherSet::GetVCP()
2025/10/28 18:22:28.219 [T:0x8fa6e] [DisplayControl] Enter MCCSOtherSet::GetVCP(), vcp code = 18
2025/10/28 18:22:28.296 [T:0x8fa6e] [DisplayControl] Exit MCCSOtherSet::GetVCP()
2025/10/28 18:22:28.401 [T:0x8fa6e] [DisplayControl] Enter MCCSOtherSet::GetVCP(), vcp code = 96
2025/10/28 18:22:28.477 [T:0x8fa6e] [DisplayControl] Exit MCCSOtherSet::GetVCP()
2025/10/28 18:22:28.581 [T:0x8fa6e] [DisplayControl] Enter MCCSOtherSet::GetVCP(), vcp code = 51
2025/10/28 18:22:28.657 [T:0x8fa6e] [DisplayControl] Exit MCCSOtherSet::GetVCP()
2025/10/28 18:22:28.777 [T:0x8fa6e] [DisplayControl] Enter MCCSOtherSet::GetVCP(), vcp code = 97
2025/10/28 18:22:28.854 [T:0x8fa6e] [DisplayControl] Exit MCCSOtherSet::GetVCP()
2025/10/28 18:22:28.967 [T:0x8fa6e] [DisplayControl] Enter MCCSOtherSet::GetVCP(), vcp code = 135
2025/10/28 18:22:29.050 [T:0x8fa6e] [DisplayControl] Exit MCCSOtherSet::GetVCP()
2025/10/28 18:22:29.169 [T:0x8fa6e] [DisplayControl] Enter MCCSOtherSet::GetVCP(), vcp code = 220
2025/10/28 18:22:29.245 [T:0x8fa6e] [DisplayControl] Exit MCCSOtherSet::GetVCP()
2025/10/28 18:22:29.349 [T:0x8fa6e] [DisplayControl] Enter MCCSOtherSet::GetVCP(), vcp code = 226
2025/10/28 18:22:29.426 [T:0x8fa6e] [DisplayControl] Exit MCCSOtherSet::GetVCP()
2025/10/28 18:22:29.541 [T:0x8fa6e] [DisplayControl] Enter MCCSOtherSet::GetVCP(), vcp code = 43
2025/10/28 18:22:29.628 [T:0x8fa6e] [DisplayControl] Exit MCCSOtherSet::GetVCP()
2025/10/28 18:22:29.742 [T:0x8fa6e] [DisplayControl] Enter MCCSOtherSet::GetVCP(), vcp code = 5
2025/10/28 18:22:29.830 [T:0x8fa6e] [DisplayControl] Exit MCCSOtherSet::GetVCP()
2025/10/28 18:22:29.938 [T:0x8fa6e] [DisplayControl] Enter MCCSOtherSet::GetVCP(), vcp code = 8
2025/10/28 18:22:30.024 [T:0x8fa6e] [DisplayControl] Exit MCCSOtherSet::GetVCP()
2025/10/28 18:22:30.133 [T:0x8fa6e] [DisplayControl] Enter MCCSOtherSet::GetVCP(), vcp code = 20
2025/10/28 18:22:30.220 [T:0x8fa6e] [DisplayControl] Exit MCCSOtherSet::GetVCP()
2025/10/28 18:22:30.334 [T:0x8fa6e] [DisplayControl] Enter MCCSOtherSet::GetVCP(), vcp code = 16
2025/10/28 18:22:30.418 [T:0x8fa6e] [DisplayControl] Exit MCCSOtherSet::GetVCP()
2025/10/28 18:22:30.529 [T:0x8fa6e] [DisplayControl] Enter MCCSOtherSet::GetVCP(), vcp code = 4
2025/10/28 18:22:30.610 [T:0x8fa6e] [DisplayControl] Exit MCCSOtherSet::GetVCP()
2025/10/28 18:22:30.724 [T:0x8fa6e] [DisplayControl] Enter MCCSOtherSet::GetVCP(), vcp code = 141
2025/10/28 18:22:30.810 [T:0x8fa6e] [DisplayControl] Exit MCCSOtherSet::GetVCP()
2025/10/28 18:22:30.920 [T:0x8fa6e] [DisplayControl] Enter MCCSOtherSet::GetVCP(), vcp code = 170
2025/10/28 18:22:31.007 [T:0x8fa6e] [DisplayControl] Exit MCCSOtherSet::GetVCP()
2025/10/28 18:22:31.116 [T:0x8fa6e] [DisplayControl] Enter MCCSOtherSet::GetVCP(), vcp code = 98
2025/10/28 18:22:31.203 [T:0x8fa6e] [DisplayControl] Exit MCCSOtherSet::GetVCP()
2025/10/28 18:22:31.312 [T:0x8fa6e] [DisplayControl] Enter MCCSOtherSet::GetVCP(), vcp code = 18
2025/10/28 18:22:31.397 [T:0x8fa6e] [DisplayControl] Exit MCCSOtherSet::GetVCP()
2025/10/28 18:22:31.513 [T:0x8fa6e] [DisplayControl] Enter MCCSOtherSet::GetVCP(), vcp code = 96
2025/10/28 18:22:31.599 [T:0x8fa6e] [DisplayControl] Exit MCCSOtherSet::GetVCP()
2025/10/28 18:22:31.708 [T:0x8fa6e] [DisplayControl] Enter MCCSOtherSet::GetVCP(), vcp code = 51
2025/10/28 18:22:31.790 [T:0x8fa6e] [DisplayControl] Exit MCCSOtherSet::GetVCP()
2025/10/28 18:22:31.906 [T:0x8fa6e] [DisplayControl] Enter MCCSOtherSet::GetVCP(), vcp code = 97
2025/10/28 18:22:31.987 [T:0x8fa6e] [DisplayControl] Exit MCCSOtherSet::GetVCP()
2025/10/28 18:22:32.100 [T:0x8fa6e] [DisplayControl] Enter MCCSOtherSet::GetVCP(), vcp code = 245
2025/10/28 18:22:32.182 [T:0x8fa6e] [DisplayControl] Exit MCCSOtherSet::GetVCP()
2025/10/28 18:22:32.297 [T:0x8fa6e] [DisplayControl] Enter MCCSOtherSet::GetVCP(), vcp code = 135
2025/10/28 18:22:32.383 [T:0x8fa6e] [DisplayControl] Exit MCCSOtherSet::GetVCP()
2025/10/28 18:22:32.493 [T:0x8fa6e] [DisplayControl] Enter MCCSOtherSet::GetVCP(), vcp code = 220
2025/10/28 18:22:32.579 [T:0x8fa6e] [DisplayControl] Exit MCCSOtherSet::GetVCP()
2025/10/28 18:22:32.689 [T:0x8fa6e] [DisplayControl] Enter MCCSOtherSet::GetVCP(), vcp code = 114
2025/10/28 18:22:32.781 [T:0x8fa6e] [DisplayControl] Exit MCCSOtherSet::GetVCP()
2025/10/28 18:22:32.884 [T:0x8fa6e] [DisplayControl] Enter MCCSOtherSet::GetVCP(), vcp code = 226
2025/10/28 18:22:32.970 [T:0x8fa6e] [DisplayControl] Exit MCCSOtherSet::GetVCP()
2025/10/28 18:22:33.086 [T:0x4d845] [DisplayControl] Enter MCCSOtherSet::GetVCP(), vcp code = 170
2025/10/28 18:22:33.172 [T:0x4d845] [DisplayControl] Exit MCCSOtherSet::GetVCP()
2025/10/28 18:22:33.173 [T:0x4d845] [DisplayControl] Enter MCCSOtherSet::GetVCP(), vcp code = 170
2025/10/28 18:22:33.244 [T:0x4d845] [DisplayControl] Exit MCCSOtherSet::GetVCP()
2025/10/28 18:22:33.448 [T:0x4d845] [DisplayControl] Enter MCCSOtherSet::GetVCP(), vcp code = 170
2025/10/28 18:22:33.569 [T:0x4d845] [DisplayControl] Exit MCCSOtherSet::GetVCP()
2025/10/28 18:22:35.708 [T:0xc2517] [DisplayControl] Enter MCCSOtherSet::SetVCP(), vcp code = 226
2025/10/28 18:22:36.020 [T:0xc2517] [DisplayControl] Exit MCCSOtherSet::SetVCP()
2025/10/28 18:22:36.208 [T:0x8fa6e] [DisplayControl] Enter MCCSOtherSet::SetVCP(), vcp code = 226
2025/10/28 18:22:36.471 [T:0x8fa6e] [DisplayControl] Exit MCCSOtherSet::SetVCP()
2025/10/28 18:22:38.068 [T:0xc2517] [DisplayControl] Enter MCCSOtherSet::SetVCP(), vcp code = 226
2025/10/28 18:22:38.224 [T:0xc2517] [DisplayControl] Exit MCCSOtherSet::SetVCP()
2025/10/28 18:22:38.569 [T:0xc2517] [DisplayControl] Enter MCCSOtherSet::SetVCP(), vcp code = 226
2025/10/28 18:22:38.717 [T:0xc2517] [DisplayControl] Exit MCCSOtherSet::SetVCP()
2025/10/28 19:04:27.908 [T:0x4d845] [DisplayControl] Enter MCCSOtherSet::GetVCP(), vcp code = 170
2025/10/28 19:04:28.031 [T:0x4d845] [DisplayControl] Exit MCCSOtherSet::GetVCP()
2025/10/28 19:04:45.828 [T:0x8fa6e] [DisplayControl] Enter MCCSOtherSet::SetVCP(), vcp code = 4
2025/10/28 19:04:46.711 [T:0x8fa6e] [DisplayControl] Exit MCCSOtherSet::SetVCP()
2025/10/28 19:04:51.720 [T:0x8fa6e] [DisplayControl] Enter OperationThread::ExitThread
2025/10/28 19:04:51.720 [T:0x8fa6e] [DisplayControl] Exit OperationThread::ExitThread
2025/10/28 19:04:51.721 [T:0x8fa6e] [DisplayControl] Enter OperationThread::~OperationThread()
2025/10/28 19:04:51.721 [T:0x8fa6e] [DisplayControl] Enter OperationThread::ExitThread
2025/10/28 19:04:51.721 [T:0x8fa6e] [DisplayControl] Enter OperationThread::ExitThread
2025/10/28 19:04:51.721 [T:0x8fa6e] [DisplayControl] Exit OperationThread::ExitThread
2025/10/28 19:04:51.721 [T:0x8fa6e] [DisplayControl] Enter OperationThread::~OperationThread()
2025/10/28 19:04:51.721 [T:0x8fa6e] [DisplayControl] Enter OperationThread::ExitThread
2025/10/28 19:04:51.721 [T:0x8fa6e] [DisplayControl] Enter OperationThread::ExitThread
2025/10/28 19:04:51.721 [T:0x8fa6e] [DisplayControl] Exit OperationThread::ExitThread
2025/10/28 19:04:51.722 [T:0x8fa6e] [DisplayControl] Enter OperationThread::~OperationThread()
2025/10/28 19:04:51.722 [T:0x8fa6e] [DisplayControl] Enter OperationThread::ExitThread
2025/10/28 19:04:51.771 [T:0x8fa6e] [DbgStr] After calling display_control_client_listener_video_port_.UpdateAllDisplayPath()
2025/10/28 19:04:51.779 [T:0x8fa6e] [DbgStr] After calling display_control_client_listener_.GetAllDisplayEDID()
2025/10/28 19:04:51.980 [T:0x8fa6e] [DbgStr] After calling display_control_client_listener_rtd_scalar_rts_hub_.GetAllDisplayEDID()
2025/10/28 19:04:51.999 [T:0x8fa6e] [DisplayControl] Version = 3.0.6.0
2025/10/28 19:04:51.999 [T:0x8fa6e] [DisplayControl] Enter ObtainControlHandler1
2025/10/28 19:04:51.999 [T:0x8fa6e] [DisplayControl] GetVideoPortCommander
2025/10/28 19:04:51.999 [T:0x8fa6e] [DisplayControl] GetUSBHubCommander
2025/10/28 19:04:51.999 [T:0x8fa6e] ====== List p_lpo_display_info_video_port, # of devices is ======3
2025/10/28 19:04:51.999 [T:0x8fa6e] [DisplayControl] index of p_lpo_display_info_video_port0
2025/10/28 19:04:51.999 [T:0x8fa6e] [DisplayControl] Model name from VideoPort = Generic PnP Monitor
2025/10/28 19:04:52.000 [T:0x8fa6e] [DisplayControl] SN from VideoPort = M3NRKD019636107
2025/10/28 19:04:52.000 [T:0x8fa6e] [DisplayControl] index of p_lpo_display_info_video_port1
2025/10/28 19:04:52.000 [T:0x8fa6e] [DisplayControl] Model name from VideoPort = VP2458
2025/10/28 19:04:52.000 [T:0x8fa6e] [DisplayControl] SN from VideoPort = VKR183100011
2025/10/28 19:04:52.000 [T:0x8fa6e] [DisplayControl] index of p_lpo_display_info_video_port2
2025/10/28 19:04:52.000 [T:0x8fa6e] [DisplayControl] Model name from VideoPort = VP3256-4K
2025/10/28 19:04:52.000 [T:0x8fa6e] [DisplayControl] SN from VideoPort = WPK214700016
2025/10/28 19:04:52.000 [T:0x8fa6e] ====== List p_lpo_display_info_rtd_scalar_rts_hub, # of devices is ======0
2025/10/28 19:04:52.000 [T:0x8fa6e] [DisplayControl] GetVSRtkHubControlClientListener
2025/10/28 19:04:52.000 [T:0x8fa6e] [DisplayControl] max monitor count = 3
2025/10/28 19:04:52.000 [T:0x8fa6e] [DisplayControl] index of display_info_vec = 0
2025/10/28 19:04:52.000 [T:0x8fa6e] [DisplayControl] index of p_lpo_display_info_video_port = 0
2025/10/28 19:04:52.000 [T:0x8fa6e] [DisplayControl] VideoPortMatchingRule
2025/10/28 19:04:52.000 [T:0x8fa6e] [DisplayControl] monitor display_info_model_name = Generic PnP Monitor
2025/10/28 19:04:52.000 [T:0x8fa6e] [DisplayControl] monitor video_port_model_name = Generic PnP Monitor
2025/10/28 19:04:52.000 [T:0x8fa6e] [DisplayControl] monitor display_info_sn = M3NRKD019636107
2025/10/28 19:04:52.000 [T:0x8fa6e] [DisplayControl] monitor video_port_sn = M3NRKD019636107
2025/10/28 19:04:52.000 [T:0x8fa6e] [DisplayControl] model_name_match = 1
2025/10/28 19:04:52.000 [T:0x8fa6e] [DisplayControl] sn_match = 1
2025/10/28 19:04:52.000 [T:0x8fa6e] [DisplayControl] video_port is_match = 1
2025/10/28 19:04:52.000 [T:0x8fa6e] [DisplayControl] index of display_info_vec = 1
2025/10/28 19:04:52.000 [T:0x8fa6e] [DisplayControl] index of p_lpo_display_info_video_port = 0
2025/10/28 19:04:52.000 [T:0x8fa6e] [DisplayControl] VideoPortMatchingRule
2025/10/28 19:04:52.000 [T:0x8fa6e] [DisplayControl] monitor display_info_model_name = VP2458
2025/10/28 19:04:52.000 [T:0x8fa6e] [DisplayControl] monitor video_port_model_name = Generic PnP Monitor
2025/10/28 19:04:52.000 [T:0x8fa6e] [DisplayControl] monitor display_info_sn = VKR183100011
2025/10/28 19:04:52.000 [T:0x8fa6e] [DisplayControl] monitor video_port_sn = M3NRKD019636107
2025/10/28 19:04:52.001 [T:0x8fa6e] [DisplayControl] model_name_match = 0
2025/10/28 19:04:52.001 [T:0x8fa6e] [DisplayControl] sn_match = 0
2025/10/28 19:04:52.001 [T:0x8fa6e] [DisplayControl] video_port is_match = 0
2025/10/28 19:04:52.001 [T:0x8fa6e] [DisplayControl] index of display_info_vec = 1
2025/10/28 19:04:52.001 [T:0x8fa6e] [DisplayControl] index of p_lpo_display_info_video_port = 1
2025/10/28 19:04:52.001 [T:0x8fa6e] [DisplayControl] VideoPortMatchingRule
2025/10/28 19:04:52.001 [T:0x8fa6e] [DisplayControl] monitor display_info_model_name = VP2458
2025/10/28 19:04:52.001 [T:0x8fa6e] [DisplayControl] monitor video_port_model_name = VP2458
2025/10/28 19:04:52.001 [T:0x8fa6e] [DisplayControl] monitor display_info_sn = VKR183100011
2025/10/28 19:04:52.001 [T:0x8fa6e] [DisplayControl] monitor video_port_sn = VKR183100011
2025/10/28 19:04:52.001 [T:0x8fa6e] [DisplayControl] model_name_match = 1
2025/10/28 19:04:52.001 [T:0x8fa6e] [DisplayControl] sn_match = 1
2025/10/28 19:04:52.001 [T:0x8fa6e] [DisplayControl] video_port is_match = 1
2025/10/28 19:04:52.001 [T:0x8fa6e] [DisplayControl] index of display_info_vec = 2
2025/10/28 19:04:52.001 [T:0x8fa6e] [DisplayControl] index of p_lpo_display_info_video_port = 0
2025/10/28 19:04:52.001 [T:0x8fa6e] [DisplayControl] VideoPortMatchingRule
2025/10/28 19:04:52.001 [T:0x8fa6e] [DisplayControl] monitor display_info_model_name = VP3256-4K
2025/10/28 19:04:52.001 [T:0x8fa6e] [DisplayControl] monitor video_port_model_name = Generic PnP Monitor
2025/10/28 19:04:52.001 [T:0x8fa6e] [DisplayControl] monitor display_info_sn = WPK214700016
2025/10/28 19:04:52.001 [T:0x8fa6e] [DisplayControl] monitor video_port_sn = M3NRKD019636107
2025/10/28 19:04:52.001 [T:0x8fa6e] [DisplayControl] model_name_match = 0
2025/10/28 19:04:52.001 [T:0x8fa6e] [DisplayControl] sn_match = 0
2025/10/28 19:04:52.001 [T:0x8fa6e] [DisplayControl] video_port is_match = 0
2025/10/28 19:04:52.001 [T:0x8fa6e] [DisplayControl] index of display_info_vec = 2
2025/10/28 19:04:52.001 [T:0x8fa6e] [DisplayControl] index of p_lpo_display_info_video_port = 1
2025/10/28 19:04:52.001 [T:0x8fa6e] [DisplayControl] VideoPortMatchingRule
2025/10/28 19:04:52.001 [T:0x8fa6e] [DisplayControl] monitor display_info_model_name = VP3256-4K
2025/10/28 19:04:52.002 [T:0x8fa6e] [DisplayControl] monitor video_port_model_name = VP2458
2025/10/28 19:04:52.002 [T:0x8fa6e] [DisplayControl] monitor display_info_sn = WPK214700016
2025/10/28 19:04:52.002 [T:0x8fa6e] [DisplayControl] monitor video_port_sn = VKR183100011
2025/10/28 19:04:52.002 [T:0x8fa6e] [DisplayControl] model_name_match = 0
2025/10/28 19:04:52.002 [T:0x8fa6e] [DisplayControl] sn_match = 0
2025/10/28 19:04:52.002 [T:0x8fa6e] [DisplayControl] video_port is_match = 0
2025/10/28 19:04:52.002 [T:0x8fa6e] [DisplayControl] index of display_info_vec = 2
2025/10/28 19:04:52.002 [T:0x8fa6e] [DisplayControl] index of p_lpo_display_info_video_port = 2
2025/10/28 19:04:52.002 [T:0x8fa6e] [DisplayControl] VideoPortMatchingRule
2025/10/28 19:04:52.002 [T:0x8fa6e] [DisplayControl] monitor display_info_model_name = VP3256-4K
2025/10/28 19:04:52.002 [T:0x8fa6e] [DisplayControl] monitor video_port_model_name = VP3256-4K
2025/10/28 19:04:52.002 [T:0x8fa6e] [DisplayControl] monitor display_info_sn = WPK214700016
2025/10/28 19:04:52.002 [T:0x8fa6e] [DisplayControl] monitor video_port_sn = WPK214700016
2025/10/28 19:04:52.002 [T:0x8fa6e] [DisplayControl] model_name_match = 1
2025/10/28 19:04:52.002 [T:0x8fa6e] [DisplayControl] sn_match = 1
2025/10/28 19:04:52.002 [T:0x8fa6e] [DisplayControl] video_port is_match = 1
2025/10/28 19:04:52.002 [T:0x8fa6e] [DisplayControl] i = 0
2025/10/28 19:04:52.002 [T:0x8fa6e] [DisplayControl] Enter OperationThread::OperationThread()
2025/10/28 19:04:52.002 [T:0x8fa6e] [DisplayControl] Enter OperationThread::CreateThread
2025/10/28 19:04:52.002 [T:0x8fa6e] [DisplayControl] new DisplayFunctioner
2025/10/28 19:04:52.002 [T:0x8fa6e] [DisplayControl] insert displayer_vector
2025/10/28 19:04:52.002 [T:0x8fa6e] [DisplayControl] insert modelName_SN_to_Display_map
2025/10/28 19:04:52.002 [T:0x8fa6e] [DisplayControl] insert device_id_to_Displayer_map_
2025/10/28 19:04:52.002 [T:0x8fa6e] [DisplayControl] i = 1
2025/10/28 19:04:52.002 [T:0x8fa6e] [DisplayControl] Enter OperationThread::OperationThread()
2025/10/28 19:04:52.003 [T:0x8fa6e] [DisplayControl] Enter OperationThread::CreateThread
2025/10/28 19:04:52.003 [T:0x8fa6e] [DisplayControl] new DisplayFunctioner
2025/10/28 19:04:52.003 [T:0x8fa6e] [DisplayControl] insert displayer_vector
2025/10/28 19:04:52.003 [T:0x8fa6e] [DisplayControl] insert modelName_SN_to_Display_map
2025/10/28 19:04:52.003 [T:0x8fa6e] [DisplayControl] insert device_id_to_Displayer_map_
2025/10/28 19:04:52.003 [T:0x8fa6e] [DisplayControl] i = 2
2025/10/28 19:04:52.003 [T:0x8fa6e] [DisplayControl] Enter OperationThread::OperationThread()
2025/10/28 19:04:52.003 [T:0x8fa6e] [DisplayControl] Enter OperationThread::CreateThread
2025/10/28 19:04:52.003 [T:0x8fa6e] [DisplayControl] new DisplayFunctioner
2025/10/28 19:04:52.003 [T:0x8fa6e] [DisplayControl] insert displayer_vector
2025/10/28 19:04:52.003 [T:0x8fa6e] [DisplayControl] insert modelName_SN_to_Display_map
2025/10/28 19:04:52.003 [T:0x8fa6e] [DisplayControl] insert device_id_to_Displayer_map_
2025/10/28 19:04:52.003 [T:0x8fa6e] [DisplayControl] monitor size = 3
2025/10/28 19:04:52.003 [T:0x8fa6e] [DisplayControl] Exit ObtainControlHandler
2025/10/28 19:04:52.004 [T:0x8fa6e] [DisplayControl] Enter MCCSOtherSet::GetVCP(), vcp code = 96
2025/10/28 19:04:52.073 [T:0x8fa6e] [DisplayControl] Exit MCCSOtherSet::GetVCP()
2025/10/28 19:04:52.342 [T:0x8fa6e] [DisplayControl] Enter MCCSOtherSet::GetVCP(), vcp code = 96
2025/10/28 19:04:52.419 [T:0x8fa6e] [DisplayControl] Exit MCCSOtherSet::GetVCP()
2025/10/28 19:04:52.706 [T:0x8fa6e] [DisplayControl] Enter MCCSOtherSet::GetVCP(), vcp code = 5
2025/10/28 19:04:52.785 [T:0x8fa6e] [DisplayControl] Exit MCCSOtherSet::GetVCP()
2025/10/28 19:04:52.889 [T:0x8fa6e] [DisplayControl] Enter MCCSOtherSet::GetVCP(), vcp code = 8
2025/10/28 19:04:52.966 [T:0x8fa6e] [DisplayControl] Exit MCCSOtherSet::GetVCP()
2025/10/28 19:04:53.069 [T:0x8fa6e] [DisplayControl] Enter MCCSOtherSet::GetVCP(), vcp code = 20
2025/10/28 19:04:53.146 [T:0x8fa6e] [DisplayControl] Exit MCCSOtherSet::GetVCP()
2025/10/28 19:04:53.249 [T:0x8fa6e] [DisplayControl] Enter MCCSOtherSet::GetVCP(), vcp code = 16
2025/10/28 19:04:53.325 [T:0x8fa6e] [DisplayControl] Exit MCCSOtherSet::GetVCP()
2025/10/28 19:04:53.443 [T:0x8fa6e] [DisplayControl] Enter MCCSOtherSet::GetVCP(), vcp code = 4
2025/10/28 19:04:53.521 [T:0x8fa6e] [DisplayControl] Exit MCCSOtherSet::GetVCP()
2025/10/28 19:04:53.641 [T:0x8fa6e] [DisplayControl] Enter MCCSOtherSet::GetVCP(), vcp code = 141
2025/10/28 19:04:53.717 [T:0x8fa6e] [DisplayControl] Exit MCCSOtherSet::GetVCP()
2025/10/28 19:04:53.822 [T:0x8fa6e] [DisplayControl] Enter MCCSOtherSet::GetVCP(), vcp code = 170
2025/10/28 19:04:53.898 [T:0x8fa6e] [DisplayControl] Exit MCCSOtherSet::GetVCP()
2025/10/28 19:04:54.002 [T:0x8fa6e] [DisplayControl] Enter MCCSOtherSet::GetVCP(), vcp code = 18
2025/10/28 19:04:54.078 [T:0x8fa6e] [DisplayControl] Exit MCCSOtherSet::GetVCP()
2025/10/28 19:04:54.198 [T:0x8fa6e] [DisplayControl] Enter MCCSOtherSet::GetVCP(), vcp code = 96
2025/10/28 19:04:54.275 [T:0x8fa6e] [DisplayControl] Exit MCCSOtherSet::GetVCP()
2025/10/28 19:04:54.379 [T:0x8fa6e] [DisplayControl] Enter MCCSOtherSet::GetVCP(), vcp code = 51
2025/10/28 19:04:54.456 [T:0x8fa6e] [DisplayControl] Exit MCCSOtherSet::GetVCP()
2025/10/28 19:04:54.575 [T:0x8fa6e] [DisplayControl] Enter MCCSOtherSet::GetVCP(), vcp code = 97
2025/10/28 19:04:54.651 [T:0x8fa6e] [DisplayControl] Exit MCCSOtherSet::GetVCP()
2025/10/28 19:04:54.757 [T:0x8fa6e] [DisplayControl] Enter MCCSOtherSet::GetVCP(), vcp code = 135
2025/10/28 19:04:54.833 [T:0x8fa6e] [DisplayControl] Exit MCCSOtherSet::GetVCP()
2025/10/28 19:04:54.953 [T:0x8fa6e] [DisplayControl] Enter MCCSOtherSet::GetVCP(), vcp code = 220
2025/10/28 19:04:55.030 [T:0x8fa6e] [DisplayControl] Exit MCCSOtherSet::GetVCP()
2025/10/28 19:04:55.135 [T:0x8fa6e] [DisplayControl] Enter MCCSOtherSet::GetVCP(), vcp code = 226
2025/10/28 19:04:55.211 [T:0x8fa6e] [DisplayControl] Exit MCCSOtherSet::GetVCP()
2025/10/28 19:04:55.317 [T:0x8fa6e] [DisplayControl] Enter MCCSOtherSet::GetVCP(), vcp code = 43
2025/10/28 19:04:55.396 [T:0x8fa6e] [DisplayControl] Exit MCCSOtherSet::GetVCP()
2025/10/28 19:04:55.513 [T:0x8fa6e] [DisplayControl] Enter MCCSOtherSet::GetVCP(), vcp code = 5
2025/10/28 19:04:55.594 [T:0x8fa6e] [DisplayControl] Exit MCCSOtherSet::GetVCP()
2025/10/28 19:04:55.709 [T:0x8fa6e] [DisplayControl] Enter MCCSOtherSet::GetVCP(), vcp code = 8
2025/10/28 19:04:55.792 [T:0x8fa6e] [DisplayControl] Exit MCCSOtherSet::GetVCP()
2025/10/28 19:04:55.905 [T:0x8fa6e] [DisplayControl] Enter MCCSOtherSet::GetVCP(), vcp code = 20
2025/10/28 19:04:55.986 [T:0x8fa6e] [DisplayControl] Exit MCCSOtherSet::GetVCP()
2025/10/28 19:04:56.101 [T:0x8fa6e] [DisplayControl] Enter MCCSOtherSet::GetVCP(), vcp code = 16
2025/10/28 19:04:56.186 [T:0x8fa6e] [DisplayControl] Exit MCCSOtherSet::GetVCP()
2025/10/28 19:04:56.297 [T:0x8fa6e] [DisplayControl] Enter MCCSOtherSet::GetVCP(), vcp code = 4
2025/10/28 19:04:56.384 [T:0x8fa6e] [DisplayControl] Exit MCCSOtherSet::GetVCP()
2025/10/28 19:04:56.494 [T:0x8fa6e] [DisplayControl] Enter MCCSOtherSet::GetVCP(), vcp code = 141
2025/10/28 19:04:56.580 [T:0x8fa6e] [DisplayControl] Exit MCCSOtherSet::GetVCP()
2025/10/28 19:04:56.691 [T:0x8fa6e] [DisplayControl] Enter MCCSOtherSet::GetVCP(), vcp code = 170
2025/10/28 19:04:56.776 [T:0x8fa6e] [DisplayControl] Exit MCCSOtherSet::GetVCP()
2025/10/28 19:04:56.886 [T:0x8fa6e] [DisplayControl] Enter MCCSOtherSet::GetVCP(), vcp code = 98
2025/10/28 19:04:56.978 [T:0x8fa6e] [DisplayControl] Exit MCCSOtherSet::GetVCP()
2025/10/28 19:04:57.084 [T:0x8fa6e] [DisplayControl] Enter MCCSOtherSet::GetVCP(), vcp code = 18
2025/10/28 19:04:57.171 [T:0x8fa6e] [DisplayControl] Exit MCCSOtherSet::GetVCP()
2025/10/28 19:04:57.286 [T:0x8fa6e] [DisplayControl] Enter MCCSOtherSet::GetVCP(), vcp code = 96
2025/10/28 19:04:57.367 [T:0x8fa6e] [DisplayControl] Exit MCCSOtherSet::GetVCP()
2025/10/28 19:04:57.483 [T:0x8fa6e] [DisplayControl] Enter MCCSOtherSet::GetVCP(), vcp code = 51
2025/10/28 19:04:57.563 [T:0x8fa6e] [DisplayControl] Exit MCCSOtherSet::GetVCP()
2025/10/28 19:04:57.680 [T:0x8fa6e] [DisplayControl] Enter MCCSOtherSet::GetVCP(), vcp code = 97
2025/10/28 19:04:57.761 [T:0x8fa6e] [DisplayControl] Exit MCCSOtherSet::GetVCP()
2025/10/28 19:04:57.878 [T:0x8fa6e] [DisplayControl] Enter MCCSOtherSet::GetVCP(), vcp code = 245
2025/10/28 19:04:57.958 [T:0x8fa6e] [DisplayControl] Exit MCCSOtherSet::GetVCP()
2025/10/28 19:04:58.073 [T:0x8fa6e] [DisplayControl] Enter MCCSOtherSet::GetVCP(), vcp code = 135
2025/10/28 19:04:58.162 [T:0x8fa6e] [DisplayControl] Exit MCCSOtherSet::GetVCP()
2025/10/28 19:04:58.270 [T:0x8fa6e] [DisplayControl] Enter MCCSOtherSet::GetVCP(), vcp code = 220
2025/10/28 19:04:58.355 [T:0x8fa6e] [DisplayControl] Exit MCCSOtherSet::GetVCP()
2025/10/28 19:04:58.472 [T:0x8fa6e] [DisplayControl] Enter MCCSOtherSet::GetVCP(), vcp code = 114
2025/10/28 19:04:58.553 [T:0x8fa6e] [DisplayControl] Exit MCCSOtherSet::GetVCP()
2025/10/28 19:04:58.669 [T:0x8fa6e] [DisplayControl] Enter MCCSOtherSet::GetVCP(), vcp code = 226
2025/10/28 19:04:58.750 [T:0x8fa6e] [DisplayControl] Exit MCCSOtherSet::GetVCP()
2025/10/28 19:04:58.855 [T:0x4d845] [DisplayControl] Enter MCCSOtherSet::GetVCP(), vcp code = 170
2025/10/28 19:04:58.942 [T:0x4d845] [DisplayControl] Exit MCCSOtherSet::GetVCP()
2025/10/28 19:04:58.943 [T:0x4d845] [DisplayControl] Enter MCCSOtherSet::GetVCP(), vcp code = 170
2025/10/28 19:04:59.015 [T:0x4d845] [DisplayControl] Exit MCCSOtherSet::GetVCP()
2025/10/28 19:04:59.221 [T:0x4d845] [DisplayControl] Enter MCCSOtherSet::GetVCP(), vcp code = 170
2025/10/28 19:04:59.344 [T:0x4d845] [DisplayControl] Exit MCCSOtherSet::GetVCP()
2025/10/28 19:06:00.837 [T:0x4d845] [DisplayControl] Enter MCCSOtherSet::GetVCP(), vcp code = 170
2025/10/28 19:06:00.960 [T:0x4d845] [DisplayControl] Exit MCCSOtherSet::GetVCP()
2025/10/28 19:06:07.367 [T:0x4d845] [DisplayControl] Enter MCCSOtherSet::GetVCP(), vcp code = 245
2025/10/28 19:06:07.482 [T:0x4d845] [DisplayControl] Exit MCCSOtherSet::GetVCP()
2025/10/28 19:06:07.608 [T:0x4d845] [DisplayControl] Enter MCCSOtherSet::GetVCP(), vcp code = 170
2025/10/28 19:06:07.735 [T:0x4d845] [DisplayControl] Exit MCCSOtherSet::GetVCP()
2025/10/28 19:06:18.149 [T:0xc2517] [DisplayControl] Enter MCCSOtherSet::SetVCP(), vcp code = 4
2025/10/28 19:06:19.139 [T:0xc2517] [DisplayControl] Exit MCCSOtherSet::SetVCP()
2025/10/28 19:06:24.151 [T:0xc2517] [DisplayControl] Enter OperationThread::ExitThread
2025/10/28 19:06:24.152 [T:0xc2517] [DisplayControl] Exit OperationThread::ExitThread
2025/10/28 19:06:24.152 [T:0xc2517] [DisplayControl] Enter OperationThread::~OperationThread()
2025/10/28 19:06:24.152 [T:0xc2517] [DisplayControl] Enter OperationThread::ExitThread
2025/10/28 19:06:24.152 [T:0xc2517] [DisplayControl] Enter OperationThread::ExitThread
2025/10/28 19:06:24.152 [T:0xc2517] [DisplayControl] Exit OperationThread::ExitThread
2025/10/28 19:06:24.152 [T:0xc2517] [DisplayControl] Enter OperationThread::~OperationThread()
2025/10/28 19:06:24.152 [T:0xc2517] [DisplayControl] Enter OperationThread::ExitThread
2025/10/28 19:06:24.152 [T:0xc2517] [DisplayControl] Enter OperationThread::ExitThread
2025/10/28 19:06:24.153 [T:0xc2517] [DisplayControl] Exit OperationThread::ExitThread
2025/10/28 19:06:24.153 [T:0xc2517] [DisplayControl] Enter OperationThread::~OperationThread()
2025/10/28 19:06:24.153 [T:0xc2517] [DisplayControl] Enter OperationThread::ExitThread
2025/10/28 19:06:24.203 [T:0xc2517] [DbgStr] After calling display_control_client_listener_video_port_.UpdateAllDisplayPath()
2025/10/28 19:06:24.210 [T:0xc2517] [DbgStr] After calling display_control_client_listener_.GetAllDisplayEDID()
2025/10/28 19:06:24.360 [T:0xc2517] [DbgStr] After calling display_control_client_listener_rtd_scalar_rts_hub_.GetAllDisplayEDID()
2025/10/28 19:06:24.378 [T:0xc2517] [DisplayControl] Version = 3.0.6.0
2025/10/28 19:06:24.378 [T:0xc2517] [DisplayControl] Enter ObtainControlHandler1
2025/10/28 19:06:24.379 [T:0xc2517] [DisplayControl] GetVideoPortCommander
2025/10/28 19:06:24.379 [T:0xc2517] [DisplayControl] GetUSBHubCommander
2025/10/28 19:06:24.379 [T:0xc2517] ====== List p_lpo_display_info_video_port, # of devices is ======3
2025/10/28 19:06:24.379 [T:0xc2517] [DisplayControl] index of p_lpo_display_info_video_port0
2025/10/28 19:06:24.379 [T:0xc2517] [DisplayControl] Model name from VideoPort = Generic PnP Monitor
2025/10/28 19:06:24.379 [T:0xc2517] [DisplayControl] SN from VideoPort = M3NRKD019636107
2025/10/28 19:06:24.379 [T:0xc2517] [DisplayControl] index of p_lpo_display_info_video_port1
2025/10/28 19:06:24.379 [T:0xc2517] [DisplayControl] Model name from VideoPort = VP2458
2025/10/28 19:06:24.379 [T:0xc2517] [DisplayControl] SN from VideoPort = VKR183100011
2025/10/28 19:06:24.379 [T:0xc2517] [DisplayControl] index of p_lpo_display_info_video_port2
2025/10/28 19:06:24.379 [T:0xc2517] [DisplayControl] Model name from VideoPort = VP3256-4K
2025/10/28 19:06:24.379 [T:0xc2517] [DisplayControl] SN from VideoPort = WPK214700016
2025/10/28 19:06:24.379 [T:0xc2517] ====== List p_lpo_display_info_rtd_scalar_rts_hub, # of devices is ======0
2025/10/28 19:06:24.379 [T:0xc2517] [DisplayControl] GetVSRtkHubControlClientListener
2025/10/28 19:06:24.379 [T:0xc2517] [DisplayControl] max monitor count = 3
2025/10/28 19:06:24.379 [T:0xc2517] [DisplayControl] index of display_info_vec = 0
2025/10/28 19:06:24.379 [T:0xc2517] [DisplayControl] index of p_lpo_display_info_video_port = 0
2025/10/28 19:06:24.379 [T:0xc2517] [DisplayControl] VideoPortMatchingRule
2025/10/28 19:06:24.379 [T:0xc2517] [DisplayControl] monitor display_info_model_name = Generic PnP Monitor
2025/10/28 19:06:24.379 [T:0xc2517] [DisplayControl] monitor video_port_model_name = Generic PnP Monitor
2025/10/28 19:06:24.379 [T:0xc2517] [DisplayControl] monitor display_info_sn = M3NRKD019636107
2025/10/28 19:06:24.379 [T:0xc2517] [DisplayControl] monitor video_port_sn = M3NRKD019636107
2025/10/28 19:06:24.379 [T:0xc2517] [DisplayControl] model_name_match = 1
2025/10/28 19:06:24.379 [T:0xc2517] [DisplayControl] sn_match = 1
2025/10/28 19:06:24.380 [T:0xc2517] [DisplayControl] video_port is_match = 1
2025/10/28 19:06:24.380 [T:0xc2517] [DisplayControl] index of display_info_vec = 1
2025/10/28 19:06:24.380 [T:0xc2517] [DisplayControl] index of p_lpo_display_info_video_port = 0
2025/10/28 19:06:24.380 [T:0xc2517] [DisplayControl] VideoPortMatchingRule
2025/10/28 19:06:24.380 [T:0xc2517] [DisplayControl] monitor display_info_model_name = VP2458
2025/10/28 19:06:24.380 [T:0xc2517] [DisplayControl] monitor video_port_model_name = Generic PnP Monitor
2025/10/28 19:06:24.380 [T:0xc2517] [DisplayControl] monitor display_info_sn = VKR183100011
2025/10/28 19:06:24.380 [T:0xc2517] [DisplayControl] monitor video_port_sn = M3NRKD019636107
2025/10/28 19:06:24.380 [T:0xc2517] [DisplayControl] model_name_match = 0
2025/10/28 19:06:24.380 [T:0xc2517] [DisplayControl] sn_match = 0
2025/10/28 19:06:24.380 [T:0xc2517] [DisplayControl] video_port is_match = 0
2025/10/28 19:06:24.380 [T:0xc2517] [DisplayControl] index of display_info_vec = 1
2025/10/28 19:06:24.380 [T:0xc2517] [DisplayControl] index of p_lpo_display_info_video_port = 1
2025/10/28 19:06:24.380 [T:0xc2517] [DisplayControl] VideoPortMatchingRule
2025/10/28 19:06:24.380 [T:0xc2517] [DisplayControl] monitor display_info_model_name = VP2458
2025/10/28 19:06:24.380 [T:0xc2517] [DisplayControl] monitor video_port_model_name = VP2458
2025/10/28 19:06:24.380 [T:0xc2517] [DisplayControl] monitor display_info_sn = VKR183100011
2025/10/28 19:06:24.380 [T:0xc2517] [DisplayControl] monitor video_port_sn = VKR183100011
2025/10/28 19:06:24.380 [T:0xc2517] [DisplayControl] model_name_match = 1
2025/10/28 19:06:24.380 [T:0xc2517] [DisplayControl] sn_match = 1
2025/10/28 19:06:24.380 [T:0xc2517] [DisplayControl] video_port is_match = 1
2025/10/28 19:06:24.380 [T:0xc2517] [DisplayControl] index of display_info_vec = 2
2025/10/28 19:06:24.380 [T:0xc2517] [DisplayControl] index of p_lpo_display_info_video_port = 0
2025/10/28 19:06:24.380 [T:0xc2517] [DisplayControl] VideoPortMatchingRule
2025/10/28 19:06:24.380 [T:0xc2517] [DisplayControl] monitor display_info_model_name = VP3256-4K
2025/10/28 19:06:24.380 [T:0xc2517] [DisplayControl] monitor video_port_model_name = Generic PnP Monitor
2025/10/28 19:06:24.381 [T:0xc2517] [DisplayControl] monitor display_info_sn = WPK214700016
2025/10/28 19:06:24.381 [T:0xc2517] [DisplayControl] monitor video_port_sn = M3NRKD019636107
2025/10/28 19:06:24.381 [T:0xc2517] [DisplayControl] model_name_match = 0
2025/10/28 19:06:24.381 [T:0xc2517] [DisplayControl] sn_match = 0
2025/10/28 19:06:24.381 [T:0xc2517] [DisplayControl] video_port is_match = 0
2025/10/28 19:06:24.381 [T:0xc2517] [DisplayControl] index of display_info_vec = 2
2025/10/28 19:06:24.381 [T:0xc2517] [DisplayControl] index of p_lpo_display_info_video_port = 1
2025/10/28 19:06:24.381 [T:0xc2517] [DisplayControl] VideoPortMatchingRule
2025/10/28 19:06:24.381 [T:0xc2517] [DisplayControl] monitor display_info_model_name = VP3256-4K
2025/10/28 19:06:24.381 [T:0xc2517] [DisplayControl] monitor video_port_model_name = VP2458
2025/10/28 19:06:24.381 [T:0xc2517] [DisplayControl] monitor display_info_sn = WPK214700016
2025/10/28 19:06:24.381 [T:0xc2517] [DisplayControl] monitor video_port_sn = VKR183100011
2025/10/28 19:06:24.381 [T:0xc2517] [DisplayControl] model_name_match = 0
2025/10/28 19:06:24.381 [T:0xc2517] [DisplayControl] sn_match = 0
2025/10/28 19:06:24.381 [T:0xc2517] [DisplayControl] video_port is_match = 0
2025/10/28 19:06:24.381 [T:0xc2517] [DisplayControl] index of display_info_vec = 2
2025/10/28 19:06:24.381 [T:0xc2517] [DisplayControl] index of p_lpo_display_info_video_port = 2
2025/10/28 19:06:24.381 [T:0xc2517] [DisplayControl] VideoPortMatchingRule
2025/10/28 19:06:24.381 [T:0xc2517] [DisplayControl] monitor display_info_model_name = VP3256-4K
2025/10/28 19:06:24.381 [T:0xc2517] [DisplayControl] monitor video_port_model_name = VP3256-4K
2025/10/28 19:06:24.381 [T:0xc2517] [DisplayControl] monitor display_info_sn = WPK214700016
2025/10/28 19:06:24.381 [T:0xc2517] [DisplayControl] monitor video_port_sn = WPK214700016
2025/10/28 19:06:24.381 [T:0xc2517] [DisplayControl] model_name_match = 1
2025/10/28 19:06:24.381 [T:0xc2517] [DisplayControl] sn_match = 1
2025/10/28 19:06:24.381 [T:0xc2517] [DisplayControl] video_port is_match = 1
2025/10/28 19:06:24.381 [T:0xc2517] [DisplayControl] i = 0
2025/10/28 19:06:24.381 [T:0xc2517] [DisplayControl] Enter OperationThread::OperationThread()
2025/10/28 19:06:24.381 [T:0xc2517] [DisplayControl] Enter OperationThread::CreateThread
2025/10/28 19:06:24.382 [T:0xc2517] [DisplayControl] new DisplayFunctioner
2025/10/28 19:06:24.382 [T:0xc2517] [DisplayControl] insert displayer_vector
2025/10/28 19:06:24.382 [T:0xc2517] [DisplayControl] insert modelName_SN_to_Display_map
2025/10/28 19:06:24.382 [T:0xc2517] [DisplayControl] insert device_id_to_Displayer_map_
2025/10/28 19:06:24.382 [T:0xc2517] [DisplayControl] i = 1
2025/10/28 19:06:24.382 [T:0xc2517] [DisplayControl] Enter OperationThread::OperationThread()
2025/10/28 19:06:24.382 [T:0xc2517] [DisplayControl] Enter OperationThread::CreateThread
2025/10/28 19:06:24.382 [T:0xc2517] [DisplayControl] new DisplayFunctioner
2025/10/28 19:06:24.382 [T:0xc2517] [DisplayControl] insert displayer_vector
2025/10/28 19:06:24.382 [T:0xc2517] [DisplayControl] insert modelName_SN_to_Display_map
2025/10/28 19:06:24.382 [T:0xc2517] [DisplayControl] insert device_id_to_Displayer_map_
2025/10/28 19:06:24.382 [T:0xc2517] [DisplayControl] i = 2
2025/10/28 19:06:24.382 [T:0xc2517] [DisplayControl] Enter OperationThread::OperationThread()
2025/10/28 19:06:24.382 [T:0xc2517] [DisplayControl] Enter OperationThread::CreateThread
2025/10/28 19:06:24.382 [T:0xc2517] [DisplayControl] new DisplayFunctioner
2025/10/28 19:06:24.382 [T:0xc2517] [DisplayControl] insert displayer_vector
2025/10/28 19:06:24.382 [T:0xc2517] [DisplayControl] insert modelName_SN_to_Display_map
2025/10/28 19:06:24.382 [T:0xc2517] [DisplayControl] insert device_id_to_Displayer_map_
2025/10/28 19:06:24.382 [T:0xc2517] [DisplayControl] monitor size = 3
2025/10/28 19:06:24.382 [T:0xc2517] [DisplayControl] Exit ObtainControlHandler
2025/10/28 19:06:24.383 [T:0xc2517] [DisplayControl] Enter MCCSOtherSet::GetVCP(), vcp code = 96
2025/10/28 19:06:24.453 [T:0xc2517] [DisplayControl] Exit MCCSOtherSet::GetVCP()
2025/10/28 19:06:24.704 [T:0xc2517] [DisplayControl] Enter MCCSOtherSet::GetVCP(), vcp code = 96
2025/10/28 19:06:24.786 [T:0xc2517] [DisplayControl] Exit MCCSOtherSet::GetVCP()
2025/10/28 19:06:25.052 [T:0xc2517] [DisplayControl] Enter MCCSOtherSet::GetVCP(), vcp code = 5
2025/10/28 19:06:25.124 [T:0xc2517] [DisplayControl] Exit MCCSOtherSet::GetVCP()
2025/10/28 19:06:25.227 [T:0xc2517] [DisplayControl] Enter MCCSOtherSet::GetVCP(), vcp code = 8
2025/10/28 19:06:25.295 [T:0xc2517] [DisplayControl] Exit MCCSOtherSet::GetVCP()
2025/10/28 19:06:25.397 [T:0xc2517] [DisplayControl] Enter MCCSOtherSet::GetVCP(), vcp code = 20
2025/10/28 19:06:25.469 [T:0xc2517] [DisplayControl] Exit MCCSOtherSet::GetVCP()
2025/10/28 19:06:25.573 [T:0xc2517] [DisplayControl] Enter MCCSOtherSet::GetVCP(), vcp code = 16
2025/10/28 19:06:25.642 [T:0xc2517] [DisplayControl] Exit MCCSOtherSet::GetVCP()
2025/10/28 19:06:25.744 [T:0xc2517] [DisplayControl] Enter MCCSOtherSet::GetVCP(), vcp code = 4
2025/10/28 19:06:25.813 [T:0xc2517] [DisplayControl] Exit MCCSOtherSet::GetVCP()
2025/10/28 19:06:25.914 [T:0xc2517] [DisplayControl] Enter MCCSOtherSet::GetVCP(), vcp code = 141
2025/10/28 19:06:25.986 [T:0xc2517] [DisplayControl] Exit MCCSOtherSet::GetVCP()
2025/10/28 19:06:26.087 [T:0xc2517] [DisplayControl] Enter MCCSOtherSet::GetVCP(), vcp code = 170
2025/10/28 19:06:26.158 [T:0xc2517] [DisplayControl] Exit MCCSOtherSet::GetVCP()
2025/10/28 19:06:26.259 [T:0xc2517] [DisplayControl] Enter MCCSOtherSet::GetVCP(), vcp code = 18
2025/10/28 19:06:26.328 [T:0xc2517] [DisplayControl] Exit MCCSOtherSet::GetVCP()
2025/10/28 19:06:26.444 [T:0xc2517] [DisplayControl] Enter MCCSOtherSet::GetVCP(), vcp code = 96
2025/10/28 19:06:26.514 [T:0xc2517] [DisplayControl] Exit MCCSOtherSet::GetVCP()
2025/10/28 19:06:26.615 [T:0xc2517] [DisplayControl] Enter MCCSOtherSet::GetVCP(), vcp code = 51
2025/10/28 19:06:26.685 [T:0xc2517] [DisplayControl] Exit MCCSOtherSet::GetVCP()
2025/10/28 19:06:26.786 [T:0xc2517] [DisplayControl] Enter MCCSOtherSet::GetVCP(), vcp code = 97
2025/10/28 19:06:26.856 [T:0xc2517] [DisplayControl] Exit MCCSOtherSet::GetVCP()
2025/10/28 19:06:26.958 [T:0xc2517] [DisplayControl] Enter MCCSOtherSet::GetVCP(), vcp code = 135
2025/10/28 19:06:27.026 [T:0xc2517] [DisplayControl] Exit MCCSOtherSet::GetVCP()
2025/10/28 19:06:27.129 [T:0xc2517] [DisplayControl] Enter MCCSOtherSet::GetVCP(), vcp code = 220
2025/10/28 19:06:27.199 [T:0xc2517] [DisplayControl] Exit MCCSOtherSet::GetVCP()
2025/10/28 19:06:27.302 [T:0xc2517] [DisplayControl] Enter MCCSOtherSet::GetVCP(), vcp code = 226
2025/10/28 19:06:27.371 [T:0xc2517] [DisplayControl] Exit MCCSOtherSet::GetVCP()
2025/10/28 19:06:27.487 [T:0xc2517] [DisplayControl] Enter MCCSOtherSet::GetVCP(), vcp code = 43
2025/10/28 19:06:27.561 [T:0xc2517] [DisplayControl] Exit MCCSOtherSet::GetVCP()
2025/10/28 19:06:27.675 [T:0xc2517] [DisplayControl] Enter MCCSOtherSet::GetVCP(), vcp code = 5
2025/10/28 19:06:27.751 [T:0xc2517] [DisplayControl] Exit MCCSOtherSet::GetVCP()
2025/10/28 19:06:27.862 [T:0xc2517] [DisplayControl] Enter MCCSOtherSet::GetVCP(), vcp code = 8
2025/10/28 19:06:27.936 [T:0xc2517] [DisplayControl] Exit MCCSOtherSet::GetVCP()
2025/10/28 19:06:28.049 [T:0xc2517] [DisplayControl] Enter MCCSOtherSet::GetVCP(), vcp code = 20
2025/10/28 19:06:28.137 [T:0xc2517] [DisplayControl] Exit MCCSOtherSet::GetVCP()
2025/10/28 19:06:28.250 [T:0xc2517] [DisplayControl] Enter MCCSOtherSet::GetVCP(), vcp code = 16
2025/10/28 19:06:28.323 [T:0xc2517] [DisplayControl] Exit MCCSOtherSet::GetVCP()
2025/10/28 19:06:28.437 [T:0xc2517] [DisplayControl] Enter MCCSOtherSet::GetVCP(), vcp code = 4
2025/10/28 19:06:28.513 [T:0xc2517] [DisplayControl] Exit MCCSOtherSet::GetVCP()
2025/10/28 19:06:28.623 [T:0xc2517] [DisplayControl] Enter MCCSOtherSet::GetVCP(), vcp code = 141
2025/10/28 19:06:28.712 [T:0xc2517] [DisplayControl] Exit MCCSOtherSet::GetVCP()
2025/10/28 19:06:28.825 [T:0xc2517] [DisplayControl] Enter MCCSOtherSet::GetVCP(), vcp code = 170
2025/10/28 19:06:28.900 [T:0xc2517] [DisplayControl] Exit MCCSOtherSet::GetVCP()
2025/10/28 19:06:29.014 [T:0xc2517] [DisplayControl] Enter MCCSOtherSet::GetVCP(), vcp code = 98
2025/10/28 19:06:29.089 [T:0xc2517] [DisplayControl] Exit MCCSOtherSet::GetVCP()
2025/10/28 19:06:29.202 [T:0xc2517] [DisplayControl] Enter MCCSOtherSet::GetVCP(), vcp code = 18
2025/10/28 19:06:29.279 [T:0xc2517] [DisplayControl] Exit MCCSOtherSet::GetVCP()
2025/10/28 19:06:29.390 [T:0xc2517] [DisplayControl] Enter MCCSOtherSet::GetVCP(), vcp code = 96
2025/10/28 19:06:29.463 [T:0xc2517] [DisplayControl] Exit MCCSOtherSet::GetVCP()
2025/10/28 19:06:29.576 [T:0xc2517] [DisplayControl] Enter MCCSOtherSet::GetVCP(), vcp code = 51
2025/10/28 19:06:29.650 [T:0xc2517] [DisplayControl] Exit MCCSOtherSet::GetVCP()
2025/10/28 19:06:29.764 [T:0xc2517] [DisplayControl] Enter MCCSOtherSet::GetVCP(), vcp code = 97
2025/10/28 19:06:29.838 [T:0xc2517] [DisplayControl] Exit MCCSOtherSet::GetVCP()
2025/10/28 19:06:29.951 [T:0xc2517] [DisplayControl] Enter MCCSOtherSet::GetVCP(), vcp code = 245
2025/10/28 19:06:30.025 [T:0xc2517] [DisplayControl] Exit MCCSOtherSet::GetVCP()
2025/10/28 19:06:30.138 [T:0xc2517] [DisplayControl] Enter MCCSOtherSet::GetVCP(), vcp code = 135
2025/10/28 19:06:30.212 [T:0xc2517] [DisplayControl] Exit MCCSOtherSet::GetVCP()
2025/10/28 19:06:30.326 [T:0xc2517] [DisplayControl] Enter MCCSOtherSet::GetVCP(), vcp code = 220
2025/10/28 19:06:30.400 [T:0xc2517] [DisplayControl] Exit MCCSOtherSet::GetVCP()
2025/10/28 19:06:30.515 [T:0xc2517] [DisplayControl] Enter MCCSOtherSet::GetVCP(), vcp code = 114
2025/10/28 19:06:30.589 [T:0xc2517] [DisplayControl] Exit MCCSOtherSet::GetVCP()
2025/10/28 19:06:30.702 [T:0xc2517] [DisplayControl] Enter MCCSOtherSet::GetVCP(), vcp code = 226
2025/10/28 19:06:30.774 [T:0xc2517] [DisplayControl] Exit MCCSOtherSet::GetVCP()
2025/10/28 19:06:30.893 [T:0x4d845] [DisplayControl] Enter MCCSOtherSet::GetVCP(), vcp code = 170
2025/10/28 19:06:30.979 [T:0x4d845] [DisplayControl] Exit MCCSOtherSet::GetVCP()
2025/10/28 19:06:30.980 [T:0x4d845] [DisplayControl] Enter MCCSOtherSet::GetVCP(), vcp code = 170
2025/10/28 19:06:31.051 [T:0x4d845] [DisplayControl] Exit MCCSOtherSet::GetVCP()
2025/10/28 19:06:31.052 [T:0x4d845] [DisplayControl] Enter MCCSOtherSet::GetVCP(), vcp code = 245
2025/10/28 19:06:31.178 [T:0x4d845] [DisplayControl] Exit MCCSOtherSet::GetVCP()
2025/10/28 19:06:31.509 [T:0x4d845] [DisplayControl] Enter MCCSOtherSet::GetVCP(), vcp code = 170
2025/10/28 19:06:31.650 [T:0x4d845] [DisplayControl] Exit MCCSOtherSet::GetVCP()
2025/10/28 19:07:30.710 [T:0x4d845] [DisplayControl] Enter MCCSOtherSet::GetVCP(), vcp code = 170
2025/10/28 19:07:30.833 [T:0x4d845] [DisplayControl] Exit MCCSOtherSet::GetVCP()
2025/10/28 19:07:45.115 [T:0x8fa6e] [DisplayControl] Enter MCCSOtherSet::SetVCP(), vcp code = 16
2025/10/28 19:07:45.263 [T:0x8fa6e] [DisplayControl] Exit MCCSOtherSet::SetVCP()
2025/10/28 19:07:45.621 [T:0xc2517] [DisplayControl] Enter MCCSOtherSet::SetVCP(), vcp code = 16
2025/10/28 19:07:45.779 [T:0xc2517] [DisplayControl] Exit MCCSOtherSet::SetVCP()
2025/10/28 19:08:20.636 [T:0xc2517] [DisplayControl] Enter MCCSOtherSet::SetVCP(), vcp code = 18
2025/10/28 19:08:20.828 [T:0xc2517] [DisplayControl] Exit MCCSOtherSet::SetVCP()
2025/10/28 19:08:21.138 [T:0x8fa6e] [DisplayControl] Enter MCCSOtherSet::SetVCP(), vcp code = 18
2025/10/28 19:08:21.297 [T:0x8fa6e] [DisplayControl] Exit MCCSOtherSet::SetVCP()
2025/10/28 19:08:53.331 [T:0x4d845] [DisplayControl] Enter MCCSOtherSet::GetVCP(), vcp code = 245
2025/10/28 19:08:53.463 [T:0x4d845] [DisplayControl] Exit MCCSOtherSet::GetVCP()
2025/10/28 19:08:53.608 [T:0x4d845] [DisplayControl] Enter MCCSOtherSet::GetVCP(), vcp code = 170
2025/10/28 19:08:53.742 [T:0x4d845] [DisplayControl] Exit MCCSOtherSet::GetVCP()
2025/10/28 19:09:07.757 [T:0xc2517] [DisplayControl] Enter MCCSOtherSet::SetVCP(), vcp code = 16
2025/10/28 19:09:07.912 [T:0xc2517] [DisplayControl] Exit MCCSOtherSet::SetVCP()
2025/10/28 19:09:08.258 [T:0x8fa6e] [DisplayControl] Enter MCCSOtherSet::SetVCP(), vcp code = 16
2025/10/28 19:09:08.423 [T:0x8fa6e] [DisplayControl] Exit MCCSOtherSet::SetVCP()
2025/10/28 19:09:43.273 [T:0xc2517] [DisplayControl] Enter MCCSOtherSet::SetVCP(), vcp code = 18
2025/10/28 19:09:43.427 [T:0xc2517] [DisplayControl] Exit MCCSOtherSet::SetVCP()
2025/10/28 19:09:43.775 [T:0x8fa6e] [DisplayControl] Enter MCCSOtherSet::SetVCP(), vcp code = 18
2025/10/28 19:09:43.940 [T:0x8fa6e] [DisplayControl] Exit MCCSOtherSet::SetVCP()
2025/10/28 19:14:44.400 [T:0x4d845] [DisplayControl] Enter MCCSOtherSet::GetVCP(), vcp code = 245
2025/10/28 19:14:44.518 [T:0x4d845] [DisplayControl] Exit MCCSOtherSet::GetVCP()
2025/10/28 19:14:44.656 [T:0x4d845] [DisplayControl] Enter MCCSOtherSet::GetVCP(), vcp code = 170
2025/10/28 19:14:44.795 [T:0x4d845] [DisplayControl] Exit MCCSOtherSet::GetVCP()
2025/10/28 19:15:01.772 [T:0xc2517] [DisplayControl] Enter MCCSOtherSet::SetVCP(), vcp code = 4
2025/10/28 19:15:02.765 [T:0xc2517] [DisplayControl] Exit MCCSOtherSet::SetVCP()
2025/10/28 19:15:07.767 [T:0xc2517] [DisplayControl] Enter OperationThread::ExitThread
2025/10/28 19:15:07.767 [T:0xc2517] [DisplayControl] Exit OperationThread::ExitThread
2025/10/28 19:15:07.767 [T:0xc2517] [DisplayControl] Enter OperationThread::~OperationThread()
2025/10/28 19:15:07.767 [T:0xc2517] [DisplayControl] Enter OperationThread::ExitThread
2025/10/28 19:15:07.767 [T:0xc2517] [DisplayControl] Enter OperationThread::ExitThread
2025/10/28 19:15:07.768 [T:0xc2517] [DisplayControl] Exit OperationThread::ExitThread
2025/10/28 19:15:07.768 [T:0xc2517] [DisplayControl] Enter OperationThread::~OperationThread()
2025/10/28 19:15:07.768 [T:0xc2517] [DisplayControl] Enter OperationThread::ExitThread
2025/10/28 19:15:07.768 [T:0xc2517] [DisplayControl] Enter OperationThread::ExitThread
2025/10/28 19:15:07.768 [T:0xc2517] [DisplayControl] Exit OperationThread::ExitThread
2025/10/28 19:15:07.768 [T:0xc2517] [DisplayControl] Enter OperationThread::~OperationThread()
2025/10/28 19:15:07.768 [T:0xc2517] [DisplayControl] Enter OperationThread::ExitThread
2025/10/28 19:15:07.818 [T:0xc2517] [DbgStr] After calling display_control_client_listener_video_port_.UpdateAllDisplayPath()
2025/10/28 19:15:07.826 [T:0xc2517] [DbgStr] After calling display_control_client_listener_.GetAllDisplayEDID()
2025/10/28 19:15:07.982 [T:0xc2517] [DbgStr] After calling display_control_client_listener_rtd_scalar_rts_hub_.GetAllDisplayEDID()
2025/10/28 19:15:08.001 [T:0xc2517] [DisplayControl] Version = 3.0.6.0
2025/10/28 19:15:08.001 [T:0xc2517] [DisplayControl] Enter ObtainControlHandler1
2025/10/28 19:15:08.001 [T:0xc2517] [DisplayControl] GetVideoPortCommander
2025/10/28 19:15:08.001 [T:0xc2517] [DisplayControl] GetUSBHubCommander
2025/10/28 19:15:08.001 [T:0xc2517] ====== List p_lpo_display_info_video_port, # of devices is ======3
2025/10/28 19:15:08.001 [T:0xc2517] [DisplayControl] index of p_lpo_display_info_video_port0
2025/10/28 19:15:08.001 [T:0xc2517] [DisplayControl] Model name from VideoPort = Generic PnP Monitor
2025/10/28 19:15:08.002 [T:0xc2517] [DisplayControl] SN from VideoPort = M3NRKD019636107
2025/10/28 19:15:08.002 [T:0xc2517] [DisplayControl] index of p_lpo_display_info_video_port1
2025/10/28 19:15:08.002 [T:0xc2517] [DisplayControl] Model name from VideoPort = VP2458
2025/10/28 19:15:08.002 [T:0xc2517] [DisplayControl] SN from VideoPort = VKR183100011
2025/10/28 19:15:08.002 [T:0xc2517] [DisplayControl] index of p_lpo_display_info_video_port2
2025/10/28 19:15:08.002 [T:0xc2517] [DisplayControl] Model name from VideoPort = VP3256-4K
2025/10/28 19:15:08.002 [T:0xc2517] [DisplayControl] SN from VideoPort = WPK214700016
2025/10/28 19:15:08.002 [T:0xc2517] ====== List p_lpo_display_info_rtd_scalar_rts_hub, # of devices is ======0
2025/10/28 19:15:08.002 [T:0xc2517] [DisplayControl] GetVSRtkHubControlClientListener
2025/10/28 19:15:08.002 [T:0xc2517] [DisplayControl] max monitor count = 3
2025/10/28 19:15:08.002 [T:0xc2517] [DisplayControl] index of display_info_vec = 0
2025/10/28 19:15:08.002 [T:0xc2517] [DisplayControl] index of p_lpo_display_info_video_port = 0
2025/10/28 19:15:08.002 [T:0xc2517] [DisplayControl] VideoPortMatchingRule
2025/10/28 19:15:08.002 [T:0xc2517] [DisplayControl] monitor display_info_model_name = Generic PnP Monitor
2025/10/28 19:15:08.002 [T:0xc2517] [DisplayControl] monitor video_port_model_name = Generic PnP Monitor
2025/10/28 19:15:08.002 [T:0xc2517] [DisplayControl] monitor display_info_sn = M3NRKD019636107
2025/10/28 19:15:08.002 [T:0xc2517] [DisplayControl] monitor video_port_sn = M3NRKD019636107
2025/10/28 19:15:08.002 [T:0xc2517] [DisplayControl] model_name_match = 1
2025/10/28 19:15:08.002 [T:0xc2517] [DisplayControl] sn_match = 1
2025/10/28 19:15:08.002 [T:0xc2517] [DisplayControl] video_port is_match = 1
2025/10/28 19:15:08.002 [T:0xc2517] [DisplayControl] index of display_info_vec = 1
2025/10/28 19:15:08.002 [T:0xc2517] [DisplayControl] index of p_lpo_display_info_video_port = 0
2025/10/28 19:15:08.002 [T:0xc2517] [DisplayControl] VideoPortMatchingRule
2025/10/28 19:15:08.002 [T:0xc2517] [DisplayControl] monitor display_info_model_name = VP2458
2025/10/28 19:15:08.002 [T:0xc2517] [DisplayControl] monitor video_port_model_name = Generic PnP Monitor
2025/10/28 19:15:08.002 [T:0xc2517] [DisplayControl] monitor display_info_sn = VKR183100011
2025/10/28 19:15:08.002 [T:0xc2517] [DisplayControl] monitor video_port_sn = M3NRKD019636107
2025/10/28 19:15:08.003 [T:0xc2517] [DisplayControl] model_name_match = 0
2025/10/28 19:15:08.003 [T:0xc2517] [DisplayControl] sn_match = 0
2025/10/28 19:15:08.003 [T:0xc2517] [DisplayControl] video_port is_match = 0
2025/10/28 19:15:08.003 [T:0xc2517] [DisplayControl] index of display_info_vec = 1
2025/10/28 19:15:08.003 [T:0xc2517] [DisplayControl] index of p_lpo_display_info_video_port = 1
2025/10/28 19:15:08.003 [T:0xc2517] [DisplayControl] VideoPortMatchingRule
2025/10/28 19:15:08.003 [T:0xc2517] [DisplayControl] monitor display_info_model_name = VP2458
2025/10/28 19:15:08.003 [T:0xc2517] [DisplayControl] monitor video_port_model_name = VP2458
2025/10/28 19:15:08.003 [T:0xc2517] [DisplayControl] monitor display_info_sn = VKR183100011
2025/10/28 19:15:08.003 [T:0xc2517] [DisplayControl] monitor video_port_sn = VKR183100011
2025/10/28 19:15:08.003 [T:0xc2517] [DisplayControl] model_name_match = 1
2025/10/28 19:15:08.003 [T:0xc2517] [DisplayControl] sn_match = 1
2025/10/28 19:15:08.003 [T:0xc2517] [DisplayControl] video_port is_match = 1
2025/10/28 19:15:08.003 [T:0xc2517] [DisplayControl] index of display_info_vec = 2
2025/10/28 19:15:08.003 [T:0xc2517] [DisplayControl] index of p_lpo_display_info_video_port = 0
2025/10/28 19:15:08.003 [T:0xc2517] [DisplayControl] VideoPortMatchingRule
2025/10/28 19:15:08.003 [T:0xc2517] [DisplayControl] monitor display_info_model_name = VP3256-4K
2025/10/28 19:15:08.003 [T:0xc2517] [DisplayControl] monitor video_port_model_name = Generic PnP Monitor
2025/10/28 19:15:08.003 [T:0xc2517] [DisplayControl] monitor display_info_sn = WPK214700016
2025/10/28 19:15:08.003 [T:0xc2517] [DisplayControl] monitor video_port_sn = M3NRKD019636107
2025/10/28 19:15:08.003 [T:0xc2517] [DisplayControl] model_name_match = 0
2025/10/28 19:15:08.003 [T:0xc2517] [DisplayControl] sn_match = 0
2025/10/28 19:15:08.003 [T:0xc2517] [DisplayControl] video_port is_match = 0
2025/10/28 19:15:08.003 [T:0xc2517] [DisplayControl] index of display_info_vec = 2
2025/10/28 19:15:08.003 [T:0xc2517] [DisplayControl] index of p_lpo_display_info_video_port = 1
2025/10/28 19:15:08.003 [T:0xc2517] [DisplayControl] VideoPortMatchingRule
2025/10/28 19:15:08.003 [T:0xc2517] [DisplayControl] monitor display_info_model_name = VP3256-4K
2025/10/28 19:15:08.004 [T:0xc2517] [DisplayControl] monitor video_port_model_name = VP2458
2025/10/28 19:15:08.004 [T:0xc2517] [DisplayControl] monitor display_info_sn = WPK214700016
2025/10/28 19:15:08.004 [T:0xc2517] [DisplayControl] monitor video_port_sn = VKR183100011
2025/10/28 19:15:08.004 [T:0xc2517] [DisplayControl] model_name_match = 0
2025/10/28 19:15:08.004 [T:0xc2517] [DisplayControl] sn_match = 0
2025/10/28 19:15:08.004 [T:0xc2517] [DisplayControl] video_port is_match = 0
2025/10/28 19:15:08.004 [T:0xc2517] [DisplayControl] index of display_info_vec = 2
2025/10/28 19:15:08.004 [T:0xc2517] [DisplayControl] index of p_lpo_display_info_video_port = 2
2025/10/28 19:15:08.004 [T:0xc2517] [DisplayControl] VideoPortMatchingRule
2025/10/28 19:15:08.004 [T:0xc2517] [DisplayControl] monitor display_info_model_name = VP3256-4K
2025/10/28 19:15:08.004 [T:0xc2517] [DisplayControl] monitor video_port_model_name = VP3256-4K
2025/10/28 19:15:08.004 [T:0xc2517] [DisplayControl] monitor display_info_sn = WPK214700016
2025/10/28 19:15:08.004 [T:0xc2517] [DisplayControl] monitor video_port_sn = WPK214700016
2025/10/28 19:15:08.004 [T:0xc2517] [DisplayControl] model_name_match = 1
2025/10/28 19:15:08.004 [T:0xc2517] [DisplayControl] sn_match = 1
2025/10/28 19:15:08.004 [T:0xc2517] [DisplayControl] video_port is_match = 1
2025/10/28 19:15:08.004 [T:0xc2517] [DisplayControl] i = 0
2025/10/28 19:15:08.004 [T:0xc2517] [DisplayControl] Enter OperationThread::OperationThread()
2025/10/28 19:15:08.004 [T:0xc2517] [DisplayControl] Enter OperationThread::CreateThread
2025/10/28 19:15:08.004 [T:0xc2517] [DisplayControl] new DisplayFunctioner
2025/10/28 19:15:08.004 [T:0xc2517] [DisplayControl] insert displayer_vector
2025/10/28 19:15:08.004 [T:0xc2517] [DisplayControl] insert modelName_SN_to_Display_map
2025/10/28 19:15:08.004 [T:0xc2517] [DisplayControl] insert device_id_to_Displayer_map_
2025/10/28 19:15:08.004 [T:0xc2517] [DisplayControl] i = 1
2025/10/28 19:15:08.004 [T:0xc2517] [DisplayControl] Enter OperationThread::OperationThread()
2025/10/28 19:15:08.004 [T:0xc2517] [DisplayControl] Enter OperationThread::CreateThread
2025/10/28 19:15:08.005 [T:0xc2517] [DisplayControl] new DisplayFunctioner
2025/10/28 19:15:08.005 [T:0xc2517] [DisplayControl] insert displayer_vector
2025/10/28 19:15:08.005 [T:0xc2517] [DisplayControl] insert modelName_SN_to_Display_map
2025/10/28 19:15:08.005 [T:0xc2517] [DisplayControl] insert device_id_to_Displayer_map_
2025/10/28 19:15:08.005 [T:0xc2517] [DisplayControl] i = 2
2025/10/28 19:15:08.005 [T:0xc2517] [DisplayControl] Enter OperationThread::OperationThread()
2025/10/28 19:15:08.005 [T:0xc2517] [DisplayControl] Enter OperationThread::CreateThread
2025/10/28 19:15:08.005 [T:0xc2517] [DisplayControl] new DisplayFunctioner
2025/10/28 19:15:08.005 [T:0xc2517] [DisplayControl] insert displayer_vector
2025/10/28 19:15:08.005 [T:0xc2517] [DisplayControl] insert modelName_SN_to_Display_map
2025/10/28 19:15:08.005 [T:0xc2517] [DisplayControl] insert device_id_to_Displayer_map_
2025/10/28 19:15:08.005 [T:0xc2517] [DisplayControl] monitor size = 3
2025/10/28 19:15:08.005 [T:0xc2517] [DisplayControl] Exit ObtainControlHandler
2025/10/28 19:15:08.006 [T:0xc2517] [DisplayControl] Enter MCCSOtherSet::GetVCP(), vcp code = 96
2025/10/28 19:15:08.085 [T:0xc2517] [DisplayControl] Exit MCCSOtherSet::GetVCP()
2025/10/28 19:15:08.335 [T:0xc2517] [DisplayControl] Enter MCCSOtherSet::GetVCP(), vcp code = 96
2025/10/28 19:15:08.418 [T:0xc2517] [DisplayControl] Exit MCCSOtherSet::GetVCP()
2025/10/28 19:15:08.697 [T:0xc2517] [DisplayControl] Enter MCCSOtherSet::GetVCP(), vcp code = 5
2025/10/28 19:15:08.769 [T:0xc2517] [DisplayControl] Exit MCCSOtherSet::GetVCP()
2025/10/28 19:15:08.870 [T:0xc2517] [DisplayControl] Enter MCCSOtherSet::GetVCP(), vcp code = 8
2025/10/28 19:15:08.940 [T:0xc2517] [DisplayControl] Exit MCCSOtherSet::GetVCP()
2025/10/28 19:15:09.042 [T:0xc2517] [DisplayControl] Enter MCCSOtherSet::GetVCP(), vcp code = 20
2025/10/28 19:15:09.112 [T:0xc2517] [DisplayControl] Exit MCCSOtherSet::GetVCP()
2025/10/28 19:15:09.215 [T:0xc2517] [DisplayControl] Enter MCCSOtherSet::GetVCP(), vcp code = 16
2025/10/28 19:15:09.285 [T:0xc2517] [DisplayControl] Exit MCCSOtherSet::GetVCP()
2025/10/28 19:15:09.286 [T:0xc2517] [DisplayControl] Enter MCCSOtherSet::GetVCP(), vcp code = 16
2025/10/28 19:15:09.410 [T:0xc2517] [DisplayControl] Exit MCCSOtherSet::GetVCP()
2025/10/28 19:15:09.410 [T:0xc2517] [DisplayControl] Enter MCCSOtherSet::GetVCP(), vcp code = 16
2025/10/28 19:15:09.537 [T:0xc2517] [DisplayControl] Exit MCCSOtherSet::GetVCP()
2025/10/28 19:15:09.538 [T:0xc2517] [DisplayControl] Enter MCCSOtherSet::GetVCP(), vcp code = 16
2025/10/28 19:15:09.662 [T:0xc2517] [DisplayControl] Exit MCCSOtherSet::GetVCP()
2025/10/28 19:15:09.663 [T:0xc2517] [DisplayControl] Enter MCCSOtherSet::GetVCP(), vcp code = 16
2025/10/28 19:15:09.787 [T:0xc2517] [DisplayControl] Exit MCCSOtherSet::GetVCP()
2025/10/28 19:15:09.788 [T:0xc2517] [DisplayControl] Enter MCCSOtherSet::GetVCP(), vcp code = 16
2025/10/28 19:15:09.912 [T:0xc2517] [DisplayControl] Exit MCCSOtherSet::GetVCP()
2025/10/28 19:15:09.912 [T:0xc2517] [DisplayControl] Enter MCCSOtherSet::GetVCP(), vcp code = 16
2025/10/28 19:15:10.037 [T:0xc2517] [DisplayControl] Exit MCCSOtherSet::GetVCP()
2025/10/28 19:15:10.037 [T:0xc2517] [DisplayControl] Enter MCCSOtherSet::GetVCP(), vcp code = 16
2025/10/28 19:15:10.160 [T:0xc2517] [DisplayControl] Exit MCCSOtherSet::GetVCP()
2025/10/28 19:15:10.161 [T:0xc2517] [DisplayControl] Enter MCCSOtherSet::GetVCP(), vcp code = 16
2025/10/28 19:15:10.287 [T:0xc2517] [DisplayControl] Exit MCCSOtherSet::GetVCP()
2025/10/28 19:15:10.288 [T:0xc2517] [DisplayControl] Enter MCCSOtherSet::GetVCP(), vcp code = 16
2025/10/28 19:15:10.412 [T:0xc2517] [DisplayControl] Exit MCCSOtherSet::GetVCP()
2025/10/28 19:15:10.412 [T:0xc2517] [DisplayControl] Enter MCCSOtherSet::GetVCP(), vcp code = 16
2025/10/28 19:15:10.535 [T:0xc2517] [DisplayControl] Exit MCCSOtherSet::GetVCP()
2025/10/28 19:15:10.536 [T:0xc2517] [DisplayControl] Enter MCCSOtherSet::GetVCP(), vcp code = 16
2025/10/28 19:15:10.662 [T:0xc2517] [DisplayControl] Exit MCCSOtherSet::GetVCP()
2025/10/28 19:15:10.662 [T:0xc2517] [DisplayControl] Enter MCCSOtherSet::GetVCP(), vcp code = 16
2025/10/28 19:15:10.786 [T:0xc2517] [DisplayControl] Exit MCCSOtherSet::GetVCP()
2025/10/28 19:15:10.787 [T:0xc2517] [DisplayControl] Enter MCCSOtherSet::GetVCP(), vcp code = 16
2025/10/28 19:15:10.911 [T:0xc2517] [DisplayControl] Exit MCCSOtherSet::GetVCP()
2025/10/28 19:15:10.912 [T:0xc2517] [DisplayControl] Enter MCCSOtherSet::GetVCP(), vcp code = 16
2025/10/28 19:15:11.036 [T:0xc2517] [DisplayControl] Exit MCCSOtherSet::GetVCP()
2025/10/28 19:15:11.036 [T:0xc2517] [DisplayControl] Enter MCCSOtherSet::GetVCP(), vcp code = 16
2025/10/28 19:15:11.161 [T:0xc2517] [DisplayControl] Exit MCCSOtherSet::GetVCP()
2025/10/28 19:15:11.161 [T:0xc2517] [DisplayControl] Enter MCCSOtherSet::GetVCP(), vcp code = 16
2025/10/28 19:15:11.285 [T:0xc2517] [DisplayControl] Exit MCCSOtherSet::GetVCP()
2025/10/28 19:15:11.286 [T:0xc2517] [DisplayControl] Enter MCCSOtherSet::GetVCP(), vcp code = 16
2025/10/28 19:15:11.410 [T:0xc2517] [DisplayControl] Exit MCCSOtherSet::GetVCP()
2025/10/28 19:15:11.411 [T:0xc2517] [DisplayControl] Enter MCCSOtherSet::GetVCP(), vcp code = 16
2025/10/28 19:15:11.534 [T:0xc2517] [DisplayControl] Exit MCCSOtherSet::GetVCP()
2025/10/28 19:15:11.535 [T:0xc2517] [DisplayControl] Enter MCCSOtherSet::GetVCP(), vcp code = 16
2025/10/28 19:15:11.659 [T:0xc2517] [DisplayControl] Exit MCCSOtherSet::GetVCP()
2025/10/28 19:15:11.660 [T:0xc2517] [DisplayControl] Enter MCCSOtherSet::GetVCP(), vcp code = 16
2025/10/28 19:15:11.783 [T:0xc2517] [DisplayControl] Exit MCCSOtherSet::GetVCP()
2025/10/28 19:15:11.783 [T:0xc2517] [DisplayControl] Enter MCCSOtherSet::GetVCP(), vcp code = 16
2025/10/28 19:15:11.907 [T:0xc2517] [DisplayControl] Exit MCCSOtherSet::GetVCP()
2025/10/28 19:15:11.908 [T:0xc2517] [DisplayControl] Enter MCCSOtherSet::GetVCP(), vcp code = 16
2025/10/28 19:15:12.030 [T:0xc2517] [DisplayControl] Exit MCCSOtherSet::GetVCP()
2025/10/28 19:15:12.031 [T:0xc2517] [DisplayControl] Enter MCCSOtherSet::GetVCP(), vcp code = 16
2025/10/28 19:15:12.154 [T:0xc2517] [DisplayControl] Exit MCCSOtherSet::GetVCP()
2025/10/28 19:15:12.155 [T:0xc2517] [DisplayControl] Enter MCCSOtherSet::GetVCP(), vcp code = 16
2025/10/28 19:15:12.280 [T:0xc2517] [DisplayControl] Exit MCCSOtherSet::GetVCP()
2025/10/28 19:15:12.280 [T:0xc2517] [DisplayControl] Enter MCCSOtherSet::GetVCP(), vcp code = 16
2025/10/28 19:15:12.405 [T:0xc2517] [DisplayControl] Exit MCCSOtherSet::GetVCP()
2025/10/28 19:15:12.406 [T:0xc2517] [DisplayControl] Enter MCCSOtherSet::GetVCP(), vcp code = 16
2025/10/28 19:15:12.531 [T:0xc2517] [DisplayControl] Exit MCCSOtherSet::GetVCP()
2025/10/28 19:15:12.532 [T:0xc2517] [DisplayControl] Enter MCCSOtherSet::GetVCP(), vcp code = 16
2025/10/28 19:15:12.655 [T:0xc2517] [DisplayControl] Exit MCCSOtherSet::GetVCP()
2025/10/28 19:15:12.656 [T:0xc2517] [DisplayControl] Enter MCCSOtherSet::GetVCP(), vcp code = 16
2025/10/28 19:15:12.780 [T:0xc2517] [DisplayControl] Exit MCCSOtherSet::GetVCP()
2025/10/28 19:15:12.780 [T:0xc2517] [DisplayControl] Enter MCCSOtherSet::GetVCP(), vcp code = 16
2025/10/28 19:15:12.905 [T:0xc2517] [DisplayControl] Exit MCCSOtherSet::GetVCP()
2025/10/28 19:15:12.905 [T:0xc2517] [DisplayControl] Enter MCCSOtherSet::GetVCP(), vcp code = 16
2025/10/28 19:15:13.029 [T:0xc2517] [DisplayControl] Exit MCCSOtherSet::GetVCP()
2025/10/28 19:15:13.030 [T:0xc2517] [DisplayControl] Enter MCCSOtherSet::GetVCP(), vcp code = 16
2025/10/28 19:15:13.152 [T:0xc2517] [DisplayControl] Exit MCCSOtherSet::GetVCP()
2025/10/28 19:15:13.153 [T:0xc2517] [DisplayControl] Enter MCCSOtherSet::GetVCP(), vcp code = 16
2025/10/28 19:15:13.276 [T:0xc2517] [DisplayControl] Exit MCCSOtherSet::GetVCP()
2025/10/28 19:15:13.277 [T:0xc2517] [DisplayControl] Enter MCCSOtherSet::GetVCP(), vcp code = 16
2025/10/28 19:15:13.401 [T:0xc2517] [DisplayControl] Exit MCCSOtherSet::GetVCP()
2025/10/28 19:15:13.401 [T:0xc2517] [DisplayControl] Enter MCCSOtherSet::GetVCP(), vcp code = 16
2025/10/28 19:15:13.524 [T:0xc2517] [DisplayControl] Exit MCCSOtherSet::GetVCP()
2025/10/28 19:15:13.525 [T:0xc2517] [DisplayControl] Enter MCCSOtherSet::GetVCP(), vcp code = 16
2025/10/28 19:15:13.648 [T:0xc2517] [DisplayControl] Exit MCCSOtherSet::GetVCP()
2025/10/28 19:15:13.649 [T:0xc2517] [DisplayControl] Enter MCCSOtherSet::GetVCP(), vcp code = 16
2025/10/28 19:15:13.772 [T:0xc2517] [DisplayControl] Exit MCCSOtherSet::GetVCP()
2025/10/28 19:15:13.772 [T:0xc2517] [DisplayControl] Enter MCCSOtherSet::GetVCP(), vcp code = 16
2025/10/28 19:15:13.895 [T:0xc2517] [DisplayControl] Exit MCCSOtherSet::GetVCP()
2025/10/28 19:15:13.896 [T:0xc2517] [DisplayControl] Enter MCCSOtherSet::GetVCP(), vcp code = 16
2025/10/28 19:15:14.018 [T:0xc2517] [DisplayControl] Exit MCCSOtherSet::GetVCP()
2025/10/28 19:15:14.019 [T:0xc2517] [DisplayControl] Enter MCCSOtherSet::GetVCP(), vcp code = 16
2025/10/28 19:15:14.144 [T:0xc2517] [DisplayControl] Exit MCCSOtherSet::GetVCP()
2025/10/28 19:15:14.145 [T:0xc2517] [DisplayControl] Enter MCCSOtherSet::GetVCP(), vcp code = 16
2025/10/28 19:15:14.271 [T:0xc2517] [DisplayControl] Exit MCCSOtherSet::GetVCP()
2025/10/28 19:15:14.385 [T:0xc2517] [DisplayControl] Enter MCCSOtherSet::GetVCP(), vcp code = 4
2025/10/28 19:15:14.454 [T:0xc2517] [DisplayControl] Exit MCCSOtherSet::GetVCP()
2025/10/28 19:15:14.556 [T:0xc2517] [DisplayControl] Enter MCCSOtherSet::GetVCP(), vcp code = 141
2025/10/28 19:15:14.626 [T:0xc2517] [DisplayControl] Exit MCCSOtherSet::GetVCP()
2025/10/28 19:15:14.727 [T:0xc2517] [DisplayControl] Enter MCCSOtherSet::GetVCP(), vcp code = 170
2025/10/28 19:15:14.797 [T:0xc2517] [DisplayControl] Exit MCCSOtherSet::GetVCP()
2025/10/28 19:15:14.899 [T:0xc2517] [DisplayControl] Enter MCCSOtherSet::GetVCP(), vcp code = 18
2025/10/28 19:15:14.968 [T:0xc2517] [DisplayControl] Exit MCCSOtherSet::GetVCP()
2025/10/28 19:15:14.969 [T:0xc2517] [DisplayControl] Enter MCCSOtherSet::GetVCP(), vcp code = 18
2025/10/28 19:15:15.092 [T:0xc2517] [DisplayControl] Exit MCCSOtherSet::GetVCP()
2025/10/28 19:15:15.092 [T:0xc2517] [DisplayControl] Enter MCCSOtherSet::GetVCP(), vcp code = 18
2025/10/28 19:15:15.217 [T:0xc2517] [DisplayControl] Exit MCCSOtherSet::GetVCP()
2025/10/28 19:15:15.218 [T:0xc2517] [DisplayControl] Enter MCCSOtherSet::GetVCP(), vcp code = 18
2025/10/28 19:15:15.342 [T:0xc2517] [DisplayControl] Exit MCCSOtherSet::GetVCP()
2025/10/28 19:15:15.343 [T:0xc2517] [DisplayControl] Enter MCCSOtherSet::GetVCP(), vcp code = 18
2025/10/28 19:15:15.468 [T:0xc2517] [DisplayControl] Exit MCCSOtherSet::GetVCP()
2025/10/28 19:15:15.469 [T:0xc2517] [DisplayControl] Enter MCCSOtherSet::GetVCP(), vcp code = 18
2025/10/28 19:15:15.593 [T:0xc2517] [DisplayControl] Exit MCCSOtherSet::GetVCP()
2025/10/28 19:15:15.594 [T:0xc2517] [DisplayControl] Enter MCCSOtherSet::GetVCP(), vcp code = 18
2025/10/28 19:15:15.717 [T:0xc2517] [DisplayControl] Exit MCCSOtherSet::GetVCP()
2025/10/28 19:15:15.718 [T:0xc2517] [DisplayControl] Enter MCCSOtherSet::GetVCP(), vcp code = 18
2025/10/28 19:15:15.843 [T:0xc2517] [DisplayControl] Exit MCCSOtherSet::GetVCP()
2025/10/28 19:15:15.843 [T:0xc2517] [DisplayControl] Enter MCCSOtherSet::GetVCP(), vcp code = 18
2025/10/28 19:15:15.967 [T:0xc2517] [DisplayControl] Exit MCCSOtherSet::GetVCP()
2025/10/28 19:15:15.967 [T:0xc2517] [DisplayControl] Enter MCCSOtherSet::GetVCP(), vcp code = 18
2025/10/28 19:15:16.091 [T:0xc2517] [DisplayControl] Exit MCCSOtherSet::GetVCP()
2025/10/28 19:15:16.092 [T:0xc2517] [DisplayControl] Enter MCCSOtherSet::GetVCP(), vcp code = 18
2025/10/28 19:15:16.216 [T:0xc2517] [DisplayControl] Exit MCCSOtherSet::GetVCP()
2025/10/28 19:15:16.217 [T:0xc2517] [DisplayControl] Enter MCCSOtherSet::GetVCP(), vcp code = 18
2025/10/28 19:15:16.340 [T:0xc2517] [DisplayControl] Exit MCCSOtherSet::GetVCP()
2025/10/28 19:15:16.341 [T:0xc2517] [DisplayControl] Enter MCCSOtherSet::GetVCP(), vcp code = 18
2025/10/28 19:15:16.465 [T:0xc2517] [DisplayControl] Exit MCCSOtherSet::GetVCP()
2025/10/28 19:15:16.465 [T:0xc2517] [DisplayControl] Enter MCCSOtherSet::GetVCP(), vcp code = 18
2025/10/28 19:15:16.590 [T:0xc2517] [DisplayControl] Exit MCCSOtherSet::GetVCP()
2025/10/28 19:15:16.590 [T:0xc2517] [DisplayControl] Enter MCCSOtherSet::GetVCP(), vcp code = 18
2025/10/28 19:15:16.715 [T:0xc2517] [DisplayControl] Exit MCCSOtherSet::GetVCP()
2025/10/28 19:15:16.715 [T:0xc2517] [DisplayControl] Enter MCCSOtherSet::GetVCP(), vcp code = 18
2025/10/28 19:15:16.838 [T:0xc2517] [DisplayControl] Exit MCCSOtherSet::GetVCP()
2025/10/28 19:15:16.839 [T:0xc2517] [DisplayControl] Enter MCCSOtherSet::GetVCP(), vcp code = 18
2025/10/28 19:15:16.962 [T:0xc2517] [DisplayControl] Exit MCCSOtherSet::GetVCP()
2025/10/28 19:15:16.963 [T:0xc2517] [DisplayControl] Enter MCCSOtherSet::GetVCP(), vcp code = 18
2025/10/28 19:15:17.087 [T:0xc2517] [DisplayControl] Exit MCCSOtherSet::GetVCP()
2025/10/28 19:15:17.088 [T:0xc2517] [DisplayControl] Enter MCCSOtherSet::GetVCP(), vcp code = 18
2025/10/28 19:15:17.212 [T:0xc2517] [DisplayControl] Exit MCCSOtherSet::GetVCP()
2025/10/28 19:15:17.213 [T:0xc2517] [DisplayControl] Enter MCCSOtherSet::GetVCP(), vcp code = 18
2025/10/28 19:15:17.335 [T:0xc2517] [DisplayControl] Exit MCCSOtherSet::GetVCP()
2025/10/28 19:15:17.335 [T:0xc2517] [DisplayControl] Enter MCCSOtherSet::GetVCP(), vcp code = 18
2025/10/28 19:15:17.461 [T:0xc2517] [DisplayControl] Exit MCCSOtherSet::GetVCP()
2025/10/28 19:15:17.461 [T:0xc2517] [DisplayControl] Enter MCCSOtherSet::GetVCP(), vcp code = 18
2025/10/28 19:15:17.584 [T:0xc2517] [DisplayControl] Exit MCCSOtherSet::GetVCP()
2025/10/28 19:15:17.585 [T:0xc2517] [DisplayControl] Enter MCCSOtherSet::GetVCP(), vcp code = 18
2025/10/28 19:15:17.709 [T:0xc2517] [DisplayControl] Exit MCCSOtherSet::GetVCP()
2025/10/28 19:15:17.709 [T:0xc2517] [DisplayControl] Enter MCCSOtherSet::GetVCP(), vcp code = 18
2025/10/28 19:15:17.834 [T:0xc2517] [DisplayControl] Exit MCCSOtherSet::GetVCP()
2025/10/28 19:15:17.835 [T:0xc2517] [DisplayControl] Enter MCCSOtherSet::GetVCP(), vcp code = 18
2025/10/28 19:15:17.959 [T:0xc2517] [DisplayControl] Exit MCCSOtherSet::GetVCP()
2025/10/28 19:15:17.959 [T:0xc2517] [DisplayControl] Enter MCCSOtherSet::GetVCP(), vcp code = 18
2025/10/28 19:15:18.084 [T:0xc2517] [DisplayControl] Exit MCCSOtherSet::GetVCP()
2025/10/28 19:15:18.084 [T:0xc2517] [DisplayControl] Enter MCCSOtherSet::GetVCP(), vcp code = 18
2025/10/28 19:15:18.209 [T:0xc2517] [DisplayControl] Exit MCCSOtherSet::GetVCP()
2025/10/28 19:15:18.209 [T:0xc2517] [DisplayControl] Enter MCCSOtherSet::GetVCP(), vcp code = 18
2025/10/28 19:15:18.334 [T:0xc2517] [DisplayControl] Exit MCCSOtherSet::GetVCP()
2025/10/28 19:15:18.335 [T:0xc2517] [DisplayControl] Enter MCCSOtherSet::GetVCP(), vcp code = 18
2025/10/28 19:15:18.459 [T:0xc2517] [DisplayControl] Exit MCCSOtherSet::GetVCP()
2025/10/28 19:15:18.460 [T:0xc2517] [DisplayControl] Enter MCCSOtherSet::GetVCP(), vcp code = 18
2025/10/28 19:15:18.584 [T:0xc2517] [DisplayControl] Exit MCCSOtherSet::GetVCP()
2025/10/28 19:15:18.585 [T:0xc2517] [DisplayControl] Enter MCCSOtherSet::GetVCP(), vcp code = 18
2025/10/28 19:15:18.710 [T:0xc2517] [DisplayControl] Exit MCCSOtherSet::GetVCP()
2025/10/28 19:15:18.710 [T:0xc2517] [DisplayControl] Enter MCCSOtherSet::GetVCP(), vcp code = 18
2025/10/28 19:15:18.849 [T:0xc2517] [DisplayControl] Exit MCCSOtherSet::GetVCP()
2025/10/28 19:15:18.850 [T:0xc2517] [DisplayControl] Enter MCCSOtherSet::GetVCP(), vcp code = 18
2025/10/28 19:15:18.976 [T:0xc2517] [DisplayControl] Exit MCCSOtherSet::GetVCP()
2025/10/28 19:15:18.976 [T:0xc2517] [DisplayControl] Enter MCCSOtherSet::GetVCP(), vcp code = 18
2025/10/28 19:15:19.101 [T:0xc2517] [DisplayControl] Exit MCCSOtherSet::GetVCP()
2025/10/28 19:15:19.102 [T:0xc2517] [DisplayControl] Enter MCCSOtherSet::GetVCP(), vcp code = 18
2025/10/28 19:15:19.226 [T:0xc2517] [DisplayControl] Exit MCCSOtherSet::GetVCP()
2025/10/28 19:15:19.226 [T:0xc2517] [DisplayControl] Enter MCCSOtherSet::GetVCP(), vcp code = 18
2025/10/28 19:15:19.350 [T:0xc2517] [DisplayControl] Exit MCCSOtherSet::GetVCP()
2025/10/28 19:15:19.351 [T:0xc2517] [DisplayControl] Enter MCCSOtherSet::GetVCP(), vcp code = 18
2025/10/28 19:15:19.474 [T:0xc2517] [DisplayControl] Exit MCCSOtherSet::GetVCP()
2025/10/28 19:15:19.475 [T:0xc2517] [DisplayControl] Enter MCCSOtherSet::GetVCP(), vcp code = 18
2025/10/28 19:15:19.598 [T:0xc2517] [DisplayControl] Exit MCCSOtherSet::GetVCP()
2025/10/28 19:15:19.599 [T:0xc2517] [DisplayControl] Enter MCCSOtherSet::GetVCP(), vcp code = 18
2025/10/28 19:15:19.723 [T:0xc2517] [DisplayControl] Exit MCCSOtherSet::GetVCP()
2025/10/28 19:15:19.724 [T:0xc2517] [DisplayControl] Enter MCCSOtherSet::GetVCP(), vcp code = 18
2025/10/28 19:15:19.849 [T:0xc2517] [DisplayControl] Exit MCCSOtherSet::GetVCP()
2025/10/28 19:15:19.850 [T:0xc2517] [DisplayControl] Enter MCCSOtherSet::GetVCP(), vcp code = 18
2025/10/28 19:15:19.973 [T:0xc2517] [DisplayControl] Exit MCCSOtherSet::GetVCP()
2025/10/28 19:15:20.077 [T:0xc2517] [DisplayControl] Enter MCCSOtherSet::GetVCP(), vcp code = 96
2025/10/28 19:15:20.145 [T:0xc2517] [DisplayControl] Exit MCCSOtherSet::GetVCP()
2025/10/28 19:15:20.249 [T:0xc2517] [DisplayControl] Enter MCCSOtherSet::GetVCP(), vcp code = 51
2025/10/28 19:15:20.319 [T:0xc2517] [DisplayControl] Exit MCCSOtherSet::GetVCP()
2025/10/28 19:15:20.420 [T:0xc2517] [DisplayControl] Enter MCCSOtherSet::GetVCP(), vcp code = 97
2025/10/28 19:15:20.490 [T:0xc2517] [DisplayControl] Exit MCCSOtherSet::GetVCP()
2025/10/28 19:15:20.592 [T:0xc2517] [DisplayControl] Enter MCCSOtherSet::GetVCP(), vcp code = 135
2025/10/28 19:15:20.661 [T:0xc2517] [DisplayControl] Exit MCCSOtherSet::GetVCP()
2025/10/28 19:15:20.762 [T:0xc2517] [DisplayControl] Enter MCCSOtherSet::GetVCP(), vcp code = 220
2025/10/28 19:15:20.858 [T:0xc2517] [DisplayControl] Exit MCCSOtherSet::GetVCP()
2025/10/28 19:15:20.964 [T:0xc2517] [DisplayControl] Enter MCCSOtherSet::GetVCP(), vcp code = 226
2025/10/28 19:15:21.034 [T:0xc2517] [DisplayControl] Exit MCCSOtherSet::GetVCP()
2025/10/28 19:15:21.136 [T:0xc2517] [DisplayControl] Enter MCCSOtherSet::GetVCP(), vcp code = 43
2025/10/28 19:15:21.210 [T:0xc2517] [DisplayControl] Exit MCCSOtherSet::GetVCP()
2025/10/28 19:15:21.323 [T:0xc2517] [DisplayControl] Enter MCCSOtherSet::GetVCP(), vcp code = 5
2025/10/28 19:15:21.398 [T:0xc2517] [DisplayControl] Exit MCCSOtherSet::GetVCP()
2025/10/28 19:15:21.510 [T:0xc2517] [DisplayControl] Enter MCCSOtherSet::GetVCP(), vcp code = 8
2025/10/28 19:15:21.599 [T:0xc2517] [DisplayControl] Exit MCCSOtherSet::GetVCP()
2025/10/28 19:15:21.713 [T:0xc2517] [DisplayControl] Enter MCCSOtherSet::GetVCP(), vcp code = 20
2025/10/28 19:15:21.787 [T:0xc2517] [DisplayControl] Exit MCCSOtherSet::GetVCP()
2025/10/28 19:15:21.900 [T:0xc2517] [DisplayControl] Enter MCCSOtherSet::GetVCP(), vcp code = 16
2025/10/28 19:15:21.973 [T:0xc2517] [DisplayControl] Exit MCCSOtherSet::GetVCP()
2025/10/28 19:15:22.087 [T:0xc2517] [DisplayControl] Enter MCCSOtherSet::GetVCP(), vcp code = 4
2025/10/28 19:15:22.162 [T:0xc2517] [DisplayControl] Exit MCCSOtherSet::GetVCP()
2025/10/28 19:15:22.273 [T:0xc2517] [DisplayControl] Enter MCCSOtherSet::GetVCP(), vcp code = 141
2025/10/28 19:15:22.347 [T:0xc2517] [DisplayControl] Exit MCCSOtherSet::GetVCP()
2025/10/28 19:15:22.460 [T:0xc2517] [DisplayControl] Enter MCCSOtherSet::GetVCP(), vcp code = 170
2025/10/28 19:15:22.536 [T:0xc2517] [DisplayControl] Exit MCCSOtherSet::GetVCP()
2025/10/28 19:15:22.649 [T:0xc2517] [DisplayControl] Enter MCCSOtherSet::GetVCP(), vcp code = 98
2025/10/28 19:15:22.724 [T:0xc2517] [DisplayControl] Exit MCCSOtherSet::GetVCP()
2025/10/28 19:15:22.837 [T:0xc2517] [DisplayControl] Enter MCCSOtherSet::GetVCP(), vcp code = 18
2025/10/28 19:15:22.911 [T:0xc2517] [DisplayControl] Exit MCCSOtherSet::GetVCP()
2025/10/28 19:15:23.024 [T:0xc2517] [DisplayControl] Enter MCCSOtherSet::GetVCP(), vcp code = 96
2025/10/28 19:15:23.098 [T:0xc2517] [DisplayControl] Exit MCCSOtherSet::GetVCP()
2025/10/28 19:15:23.210 [T:0xc2517] [DisplayControl] Enter MCCSOtherSet::GetVCP(), vcp code = 51
2025/10/28 19:15:23.284 [T:0xc2517] [DisplayControl] Exit MCCSOtherSet::GetVCP()
2025/10/28 19:15:23.398 [T:0xc2517] [DisplayControl] Enter MCCSOtherSet::GetVCP(), vcp code = 97
2025/10/28 19:15:23.473 [T:0xc2517] [DisplayControl] Exit MCCSOtherSet::GetVCP()
2025/10/28 19:15:23.585 [T:0xc2517] [DisplayControl] Enter MCCSOtherSet::GetVCP(), vcp code = 245
2025/10/28 19:15:23.659 [T:0xc2517] [DisplayControl] Exit MCCSOtherSet::GetVCP()
2025/10/28 19:15:23.771 [T:0xc2517] [DisplayControl] Enter MCCSOtherSet::GetVCP(), vcp code = 135
2025/10/28 19:15:23.846 [T:0xc2517] [DisplayControl] Exit MCCSOtherSet::GetVCP()
2025/10/28 19:15:23.957 [T:0xc2517] [DisplayControl] Enter MCCSOtherSet::GetVCP(), vcp code = 220
2025/10/28 19:15:24.031 [T:0xc2517] [DisplayControl] Exit MCCSOtherSet::GetVCP()
2025/10/28 19:15:24.144 [T:0xc2517] [DisplayControl] Enter MCCSOtherSet::GetVCP(), vcp code = 114
2025/10/28 19:15:24.218 [T:0xc2517] [DisplayControl] Exit MCCSOtherSet::GetVCP()
2025/10/28 19:15:24.330 [T:0xc2517] [DisplayControl] Enter MCCSOtherSet::GetVCP(), vcp code = 226
2025/10/28 19:15:24.404 [T:0xc2517] [DisplayControl] Exit MCCSOtherSet::GetVCP()
2025/10/28 19:15:24.524 [T:0x4d845] [DisplayControl] Enter MCCSOtherSet::GetVCP(), vcp code = 170
2025/10/28 19:15:24.606 [T:0x4d845] [DisplayControl] Exit MCCSOtherSet::GetVCP()
2025/10/28 19:15:24.607 [T:0x4d845] [DisplayControl] Enter MCCSOtherSet::GetVCP(), vcp code = 170
2025/10/28 19:15:24.681 [T:0x4d845] [DisplayControl] Exit MCCSOtherSet::GetVCP()
2025/10/28 19:15:24.682 [T:0x4d845] [DisplayControl] Enter MCCSOtherSet::GetVCP(), vcp code = 245
2025/10/28 19:15:24.811 [T:0x4d845] [DisplayControl] Exit MCCSOtherSet::GetVCP()
2025/10/28 19:15:25.140 [T:0x4d845] [DisplayControl] Enter MCCSOtherSet::GetVCP(), vcp code = 170
2025/10/28 19:15:25.282 [T:0x4d845] [DisplayControl] Exit MCCSOtherSet::GetVCP()
2025/10/28 19:16:11.947 [T:0x4d845] [DisplayControl] Enter MCCSOtherSet::GetVCP(), vcp code = 245
2025/10/28 19:16:12.080 [T:0x4d845] [DisplayControl] Exit MCCSOtherSet::GetVCP()
2025/10/28 19:16:12.203 [T:0x4d845] [DisplayControl] Enter MCCSOtherSet::GetVCP(), vcp code = 170
2025/10/28 19:16:12.530 [T:0x4d845] [DisplayControl] Exit MCCSOtherSet::GetVCP()
2025/10/28 19:16:18.684 [T:0x4d845] [DisplayControl] Enter MCCSOtherSet::GetVCP(), vcp code = 170
2025/10/28 19:16:18.807 [T:0x4d845] [DisplayControl] Exit MCCSOtherSet::GetVCP()
2025/10/28 19:16:29.267 [T:0x8fa6e] [DisplayControl] Enter MCCSOtherSet::SetVCP(), vcp code = 4
2025/10/28 19:16:30.193 [T:0x8fa6e] [DisplayControl] Exit MCCSOtherSet::SetVCP()
2025/10/28 19:16:35.207 [T:0x8fa6e] [DisplayControl] Enter OperationThread::ExitThread
2025/10/28 19:16:35.207 [T:0x8fa6e] [DisplayControl] Exit OperationThread::ExitThread
2025/10/28 19:16:35.207 [T:0x8fa6e] [DisplayControl] Enter OperationThread::~OperationThread()
2025/10/28 19:16:35.208 [T:0x8fa6e] [DisplayControl] Enter OperationThread::ExitThread
2025/10/28 19:16:35.208 [T:0x8fa6e] [DisplayControl] Enter OperationThread::ExitThread
2025/10/28 19:16:35.208 [T:0x8fa6e] [DisplayControl] Exit OperationThread::ExitThread
2025/10/28 19:16:35.208 [T:0x8fa6e] [DisplayControl] Enter OperationThread::~OperationThread()
2025/10/28 19:16:35.208 [T:0x8fa6e] [DisplayControl] Enter OperationThread::ExitThread
2025/10/28 19:16:35.208 [T:0x8fa6e] [DisplayControl] Enter OperationThread::ExitThread
2025/10/28 19:16:35.208 [T:0x8fa6e] [DisplayControl] Exit OperationThread::ExitThread
2025/10/28 19:16:35.209 [T:0x8fa6e] [DisplayControl] Enter OperationThread::~OperationThread()
2025/10/28 19:16:35.209 [T:0x8fa6e] [DisplayControl] Enter OperationThread::ExitThread
2025/10/28 19:16:35.258 [T:0x8fa6e] [DbgStr] After calling display_control_client_listener_video_port_.UpdateAllDisplayPath()
2025/10/28 19:16:35.265 [T:0x8fa6e] [DbgStr] After calling display_control_client_listener_.GetAllDisplayEDID()
2025/10/28 19:16:35.416 [T:0x8fa6e] [DbgStr] After calling display_control_client_listener_rtd_scalar_rts_hub_.GetAllDisplayEDID()
2025/10/28 19:16:35.434 [T:0x8fa6e] [DisplayControl] Version = 3.0.6.0
2025/10/28 19:16:35.434 [T:0x8fa6e] [DisplayControl] Enter ObtainControlHandler1
2025/10/28 19:16:35.434 [T:0x8fa6e] [DisplayControl] GetVideoPortCommander
2025/10/28 19:16:35.434 [T:0x8fa6e] [DisplayControl] GetUSBHubCommander
2025/10/28 19:16:35.434 [T:0x8fa6e] ====== List p_lpo_display_info_video_port, # of devices is ======3
2025/10/28 19:16:35.434 [T:0x8fa6e] [DisplayControl] index of p_lpo_display_info_video_port0
2025/10/28 19:16:35.434 [T:0x8fa6e] [DisplayControl] Model name from VideoPort = Generic PnP Monitor
2025/10/28 19:16:35.434 [T:0x8fa6e] [DisplayControl] SN from VideoPort = M3NRKD019636107
2025/10/28 19:16:35.435 [T:0x8fa6e] [DisplayControl] index of p_lpo_display_info_video_port1
2025/10/28 19:16:35.435 [T:0x8fa6e] [DisplayControl] Model name from VideoPort = VP2458
2025/10/28 19:16:35.435 [T:0x8fa6e] [DisplayControl] SN from VideoPort = VKR183100011
2025/10/28 19:16:35.435 [T:0x8fa6e] [DisplayControl] index of p_lpo_display_info_video_port2
2025/10/28 19:16:35.435 [T:0x8fa6e] [DisplayControl] Model name from VideoPort = VP3256-4K
2025/10/28 19:16:35.435 [T:0x8fa6e] [DisplayControl] SN from VideoPort = WPK214700016
2025/10/28 19:16:35.435 [T:0x8fa6e] ====== List p_lpo_display_info_rtd_scalar_rts_hub, # of devices is ======0
2025/10/28 19:16:35.435 [T:0x8fa6e] [DisplayControl] GetVSRtkHubControlClientListener
2025/10/28 19:16:35.435 [T:0x8fa6e] [DisplayControl] max monitor count = 3
2025/10/28 19:16:35.435 [T:0x8fa6e] [DisplayControl] index of display_info_vec = 0
2025/10/28 19:16:35.435 [T:0x8fa6e] [DisplayControl] index of p_lpo_display_info_video_port = 0
2025/10/28 19:16:35.435 [T:0x8fa6e] [DisplayControl] VideoPortMatchingRule
2025/10/28 19:16:35.435 [T:0x8fa6e] [DisplayControl] monitor display_info_model_name = Generic PnP Monitor
2025/10/28 19:16:35.435 [T:0x8fa6e] [DisplayControl] monitor video_port_model_name = Generic PnP Monitor
2025/10/28 19:16:35.435 [T:0x8fa6e] [DisplayControl] monitor display_info_sn = M3NRKD019636107
2025/10/28 19:16:35.435 [T:0x8fa6e] [DisplayControl] monitor video_port_sn = M3NRKD019636107
2025/10/28 19:16:35.435 [T:0x8fa6e] [DisplayControl] model_name_match = 1
2025/10/28 19:16:35.435 [T:0x8fa6e] [DisplayControl] sn_match = 1
2025/10/28 19:16:35.435 [T:0x8fa6e] [DisplayControl] video_port is_match = 1
2025/10/28 19:16:35.435 [T:0x8fa6e] [DisplayControl] index of display_info_vec = 1
2025/10/28 19:16:35.435 [T:0x8fa6e] [DisplayControl] index of p_lpo_display_info_video_port = 0
2025/10/28 19:16:35.435 [T:0x8fa6e] [DisplayControl] VideoPortMatchingRule
2025/10/28 19:16:35.435 [T:0x8fa6e] [DisplayControl] monitor display_info_model_name = VP2458
2025/10/28 19:16:35.435 [T:0x8fa6e] [DisplayControl] monitor video_port_model_name = Generic PnP Monitor
2025/10/28 19:16:35.435 [T:0x8fa6e] [DisplayControl] monitor display_info_sn = VKR183100011
2025/10/28 19:16:35.435 [T:0x8fa6e] [DisplayControl] monitor video_port_sn = M3NRKD019636107
2025/10/28 19:16:35.435 [T:0x8fa6e] [DisplayControl] model_name_match = 0
2025/10/28 19:16:35.436 [T:0x8fa6e] [DisplayControl] sn_match = 0
2025/10/28 19:16:35.436 [T:0x8fa6e] [DisplayControl] video_port is_match = 0
2025/10/28 19:16:35.436 [T:0x8fa6e] [DisplayControl] index of display_info_vec = 1
2025/10/28 19:16:35.436 [T:0x8fa6e] [DisplayControl] index of p_lpo_display_info_video_port = 1
2025/10/28 19:16:35.436 [T:0x8fa6e] [DisplayControl] VideoPortMatchingRule
2025/10/28 19:16:35.436 [T:0x8fa6e] [DisplayControl] monitor display_info_model_name = VP2458
2025/10/28 19:16:35.436 [T:0x8fa6e] [DisplayControl] monitor video_port_model_name = VP2458
2025/10/28 19:16:35.436 [T:0x8fa6e] [DisplayControl] monitor display_info_sn = VKR183100011
2025/10/28 19:16:35.436 [T:0x8fa6e] [DisplayControl] monitor video_port_sn = VKR183100011
2025/10/28 19:16:35.436 [T:0x8fa6e] [DisplayControl] model_name_match = 1
2025/10/28 19:16:35.436 [T:0x8fa6e] [DisplayControl] sn_match = 1
2025/10/28 19:16:35.436 [T:0x8fa6e] [DisplayControl] video_port is_match = 1
2025/10/28 19:16:35.436 [T:0x8fa6e] [DisplayControl] index of display_info_vec = 2
2025/10/28 19:16:35.436 [T:0x8fa6e] [DisplayControl] index of p_lpo_display_info_video_port = 0
2025/10/28 19:16:35.436 [T:0x8fa6e] [DisplayControl] VideoPortMatchingRule
2025/10/28 19:16:35.436 [T:0x8fa6e] [DisplayControl] monitor display_info_model_name = VP3256-4K
2025/10/28 19:16:35.436 [T:0x8fa6e] [DisplayControl] monitor video_port_model_name = Generic PnP Monitor
2025/10/28 19:16:35.436 [T:0x8fa6e] [DisplayControl] monitor display_info_sn = WPK214700016
2025/10/28 19:16:35.436 [T:0x8fa6e] [DisplayControl] monitor video_port_sn = M3NRKD019636107
2025/10/28 19:16:35.436 [T:0x8fa6e] [DisplayControl] model_name_match = 0
2025/10/28 19:16:35.436 [T:0x8fa6e] [DisplayControl] sn_match = 0
2025/10/28 19:16:35.436 [T:0x8fa6e] [DisplayControl] video_port is_match = 0
2025/10/28 19:16:35.436 [T:0x8fa6e] [DisplayControl] index of display_info_vec = 2
2025/10/28 19:16:35.436 [T:0x8fa6e] [DisplayControl] index of p_lpo_display_info_video_port = 1
2025/10/28 19:16:35.436 [T:0x8fa6e] [DisplayControl] VideoPortMatchingRule
2025/10/28 19:16:35.436 [T:0x8fa6e] [DisplayControl] monitor display_info_model_name = VP3256-4K
2025/10/28 19:16:35.436 [T:0x8fa6e] [DisplayControl] monitor video_port_model_name = VP2458
2025/10/28 19:16:35.436 [T:0x8fa6e] [DisplayControl] monitor display_info_sn = WPK214700016
2025/10/28 19:16:35.437 [T:0x8fa6e] [DisplayControl] monitor video_port_sn = VKR183100011
2025/10/28 19:16:35.437 [T:0x8fa6e] [DisplayControl] model_name_match = 0
2025/10/28 19:16:35.437 [T:0x8fa6e] [DisplayControl] sn_match = 0
2025/10/28 19:16:35.437 [T:0x8fa6e] [DisplayControl] video_port is_match = 0
2025/10/28 19:16:35.437 [T:0x8fa6e] [DisplayControl] index of display_info_vec = 2
2025/10/28 19:16:35.437 [T:0x8fa6e] [DisplayControl] index of p_lpo_display_info_video_port = 2
2025/10/28 19:16:35.437 [T:0x8fa6e] [DisplayControl] VideoPortMatchingRule
2025/10/28 19:16:35.437 [T:0x8fa6e] [DisplayControl] monitor display_info_model_name = VP3256-4K
2025/10/28 19:16:35.437 [T:0x8fa6e] [DisplayControl] monitor video_port_model_name = VP3256-4K
2025/10/28 19:16:35.437 [T:0x8fa6e] [DisplayControl] monitor display_info_sn = WPK214700016
2025/10/28 19:16:35.437 [T:0x8fa6e] [DisplayControl] monitor video_port_sn = WPK214700016
2025/10/28 19:16:35.437 [T:0x8fa6e] [DisplayControl] model_name_match = 1
2025/10/28 19:16:35.437 [T:0x8fa6e] [DisplayControl] sn_match = 1
2025/10/28 19:16:35.437 [T:0x8fa6e] [DisplayControl] video_port is_match = 1
2025/10/28 19:16:35.437 [T:0x8fa6e] [DisplayControl] i = 0
2025/10/28 19:16:35.437 [T:0x8fa6e] [DisplayControl] Enter OperationThread::OperationThread()
2025/10/28 19:16:35.437 [T:0x8fa6e] [DisplayControl] Enter OperationThread::CreateThread
2025/10/28 19:16:35.437 [T:0x8fa6e] [DisplayControl] new DisplayFunctioner
2025/10/28 19:16:35.437 [T:0x8fa6e] [DisplayControl] insert displayer_vector
2025/10/28 19:16:35.437 [T:0x8fa6e] [DisplayControl] insert modelName_SN_to_Display_map
2025/10/28 19:16:35.437 [T:0x8fa6e] [DisplayControl] insert device_id_to_Displayer_map_
2025/10/28 19:16:35.437 [T:0x8fa6e] [DisplayControl] i = 1
2025/10/28 19:16:35.437 [T:0x8fa6e] [DisplayControl] Enter OperationThread::OperationThread()
2025/10/28 19:16:35.437 [T:0x8fa6e] [DisplayControl] Enter OperationThread::CreateThread
2025/10/28 19:16:35.437 [T:0x8fa6e] [DisplayControl] new DisplayFunctioner
2025/10/28 19:16:35.438 [T:0x8fa6e] [DisplayControl] insert displayer_vector
2025/10/28 19:16:35.438 [T:0x8fa6e] [DisplayControl] insert modelName_SN_to_Display_map
2025/10/28 19:16:35.438 [T:0x8fa6e] [DisplayControl] insert device_id_to_Displayer_map_
2025/10/28 19:16:35.438 [T:0x8fa6e] [DisplayControl] i = 2
2025/10/28 19:16:35.438 [T:0x8fa6e] [DisplayControl] Enter OperationThread::OperationThread()
2025/10/28 19:16:35.438 [T:0x8fa6e] [DisplayControl] Enter OperationThread::CreateThread
2025/10/28 19:16:35.438 [T:0x8fa6e] [DisplayControl] new DisplayFunctioner
2025/10/28 19:16:35.438 [T:0x8fa6e] [DisplayControl] insert displayer_vector
2025/10/28 19:16:35.438 [T:0x8fa6e] [DisplayControl] insert modelName_SN_to_Display_map
2025/10/28 19:16:35.438 [T:0x8fa6e] [DisplayControl] insert device_id_to_Displayer_map_
2025/10/28 19:16:35.438 [T:0x8fa6e] [DisplayControl] monitor size = 3
2025/10/28 19:16:35.438 [T:0x8fa6e] [DisplayControl] Exit ObtainControlHandler
2025/10/28 19:16:35.439 [T:0x8fa6e] [DisplayControl] Enter MCCSOtherSet::GetVCP(), vcp code = 96
2025/10/28 19:16:35.510 [T:0x8fa6e] [DisplayControl] Exit MCCSOtherSet::GetVCP()
2025/10/28 19:16:35.762 [T:0x8fa6e] [DisplayControl] Enter MCCSOtherSet::GetVCP(), vcp code = 96
2025/10/28 19:16:35.842 [T:0x8fa6e] [DisplayControl] Exit MCCSOtherSet::GetVCP()
2025/10/28 19:16:36.107 [T:0x8fa6e] [DisplayControl] Enter MCCSOtherSet::GetVCP(), vcp code = 5
2025/10/28 19:16:36.180 [T:0x8fa6e] [DisplayControl] Exit MCCSOtherSet::GetVCP()
2025/10/28 19:16:36.296 [T:0x8fa6e] [DisplayControl] Enter MCCSOtherSet::GetVCP(), vcp code = 8
2025/10/28 19:16:36.367 [T:0x8fa6e] [DisplayControl] Exit MCCSOtherSet::GetVCP()
2025/10/28 19:16:36.469 [T:0x8fa6e] [DisplayControl] Enter MCCSOtherSet::GetVCP(), vcp code = 20
2025/10/28 19:16:36.539 [T:0x8fa6e] [DisplayControl] Exit MCCSOtherSet::GetVCP()
2025/10/28 19:16:36.640 [T:0x8fa6e] [DisplayControl] Enter MCCSOtherSet::GetVCP(), vcp code = 16
2025/10/28 19:16:36.709 [T:0x8fa6e] [DisplayControl] Exit MCCSOtherSet::GetVCP()
2025/10/28 19:16:36.811 [T:0x8fa6e] [DisplayControl] Enter MCCSOtherSet::GetVCP(), vcp code = 4
2025/10/28 19:16:36.880 [T:0x8fa6e] [DisplayControl] Exit MCCSOtherSet::GetVCP()
2025/10/28 19:16:36.981 [T:0x8fa6e] [DisplayControl] Enter MCCSOtherSet::GetVCP(), vcp code = 141
2025/10/28 19:16:37.050 [T:0x8fa6e] [DisplayControl] Exit MCCSOtherSet::GetVCP()
2025/10/28 19:16:37.153 [T:0x8fa6e] [DisplayControl] Enter MCCSOtherSet::GetVCP(), vcp code = 170
2025/10/28 19:16:37.222 [T:0x8fa6e] [DisplayControl] Exit MCCSOtherSet::GetVCP()
2025/10/28 19:16:37.325 [T:0x8fa6e] [DisplayControl] Enter MCCSOtherSet::GetVCP(), vcp code = 18
2025/10/28 19:16:37.393 [T:0x8fa6e] [DisplayControl] Exit MCCSOtherSet::GetVCP()
2025/10/28 19:16:37.496 [T:0x8fa6e] [DisplayControl] Enter MCCSOtherSet::GetVCP(), vcp code = 96
2025/10/28 19:16:37.567 [T:0x8fa6e] [DisplayControl] Exit MCCSOtherSet::GetVCP()
2025/10/28 19:16:37.682 [T:0x8fa6e] [DisplayControl] Enter MCCSOtherSet::GetVCP(), vcp code = 51
2025/10/28 19:16:37.750 [T:0x8fa6e] [DisplayControl] Exit MCCSOtherSet::GetVCP()
2025/10/28 19:16:37.853 [T:0x8fa6e] [DisplayControl] Enter MCCSOtherSet::GetVCP(), vcp code = 97
2025/10/28 19:16:37.922 [T:0x8fa6e] [DisplayControl] Exit MCCSOtherSet::GetVCP()
2025/10/28 19:16:38.024 [T:0x8fa6e] [DisplayControl] Enter MCCSOtherSet::GetVCP(), vcp code = 135
2025/10/28 19:16:38.093 [T:0x8fa6e] [DisplayControl] Exit MCCSOtherSet::GetVCP()
2025/10/28 19:16:38.196 [T:0x8fa6e] [DisplayControl] Enter MCCSOtherSet::GetVCP(), vcp code = 220
2025/10/28 19:16:38.265 [T:0x8fa6e] [DisplayControl] Exit MCCSOtherSet::GetVCP()
2025/10/28 19:16:38.367 [T:0x8fa6e] [DisplayControl] Enter MCCSOtherSet::GetVCP(), vcp code = 226
2025/10/28 19:16:38.437 [T:0x8fa6e] [DisplayControl] Exit MCCSOtherSet::GetVCP()
2025/10/28 19:16:38.540 [T:0x8fa6e] [DisplayControl] Enter MCCSOtherSet::GetVCP(), vcp code = 43
2025/10/28 19:16:38.612 [T:0x8fa6e] [DisplayControl] Exit MCCSOtherSet::GetVCP()
2025/10/28 19:16:38.726 [T:0x8fa6e] [DisplayControl] Enter MCCSOtherSet::GetVCP(), vcp code = 5
2025/10/28 19:16:38.803 [T:0x8fa6e] [DisplayControl] Exit MCCSOtherSet::GetVCP()
2025/10/28 19:16:38.914 [T:0x8fa6e] [DisplayControl] Enter MCCSOtherSet::GetVCP(), vcp code = 8
2025/10/28 19:16:38.989 [T:0x8fa6e] [DisplayControl] Exit MCCSOtherSet::GetVCP()
2025/10/28 19:16:39.101 [T:0x8fa6e] [DisplayControl] Enter MCCSOtherSet::GetVCP(), vcp code = 20
2025/10/28 19:16:39.175 [T:0x8fa6e] [DisplayControl] Exit MCCSOtherSet::GetVCP()
2025/10/28 19:16:39.289 [T:0x8fa6e] [DisplayControl] Enter MCCSOtherSet::GetVCP(), vcp code = 16
2025/10/28 19:16:39.362 [T:0x8fa6e] [DisplayControl] Exit MCCSOtherSet::GetVCP()
2025/10/28 19:16:39.476 [T:0x8fa6e] [DisplayControl] Enter MCCSOtherSet::GetVCP(), vcp code = 4
2025/10/28 19:16:39.549 [T:0x8fa6e] [DisplayControl] Exit MCCSOtherSet::GetVCP()
2025/10/28 19:16:39.664 [T:0x8fa6e] [DisplayControl] Enter MCCSOtherSet::GetVCP(), vcp code = 141
2025/10/28 19:16:39.753 [T:0x8fa6e] [DisplayControl] Exit MCCSOtherSet::GetVCP()
2025/10/28 19:16:39.867 [T:0x8fa6e] [DisplayControl] Enter MCCSOtherSet::GetVCP(), vcp code = 170
2025/10/28 19:16:39.941 [T:0x8fa6e] [DisplayControl] Exit MCCSOtherSet::GetVCP()
2025/10/28 19:16:40.056 [T:0x8fa6e] [DisplayControl] Enter MCCSOtherSet::GetVCP(), vcp code = 98
2025/10/28 19:16:40.130 [T:0x8fa6e] [DisplayControl] Exit MCCSOtherSet::GetVCP()
2025/10/28 19:16:40.243 [T:0x8fa6e] [DisplayControl] Enter MCCSOtherSet::GetVCP(), vcp code = 18
2025/10/28 19:16:40.335 [T:0x8fa6e] [DisplayControl] Exit MCCSOtherSet::GetVCP()
2025/10/28 19:16:40.436 [T:0x8fa6e] [DisplayControl] Enter MCCSOtherSet::GetVCP(), vcp code = 96
2025/10/28 19:16:40.519 [T:0x8fa6e] [DisplayControl] Exit MCCSOtherSet::GetVCP()
2025/10/28 19:16:40.632 [T:0x8fa6e] [DisplayControl] Enter MCCSOtherSet::GetVCP(), vcp code = 51
2025/10/28 19:16:40.705 [T:0x8fa6e] [DisplayControl] Exit MCCSOtherSet::GetVCP()
2025/10/28 19:16:40.805 [T:0x8fa6e] [DisplayControl] Enter MCCSOtherSet::GetVCP(), vcp code = 97
2025/10/28 19:16:40.893 [T:0x8fa6e] [DisplayControl] Exit MCCSOtherSet::GetVCP()
2025/10/28 19:16:41.006 [T:0x8fa6e] [DisplayControl] Enter MCCSOtherSet::GetVCP(), vcp code = 245
2025/10/28 19:16:41.080 [T:0x8fa6e] [DisplayControl] Exit MCCSOtherSet::GetVCP()
2025/10/28 19:16:41.193 [T:0x8fa6e] [DisplayControl] Enter MCCSOtherSet::GetVCP(), vcp code = 135
2025/10/28 19:16:41.282 [T:0x8fa6e] [DisplayControl] Exit MCCSOtherSet::GetVCP()
2025/10/28 19:16:41.396 [T:0x8fa6e] [DisplayControl] Enter MCCSOtherSet::GetVCP(), vcp code = 220
2025/10/28 19:16:41.468 [T:0x8fa6e] [DisplayControl] Exit MCCSOtherSet::GetVCP()
2025/10/28 19:16:41.579 [T:0x8fa6e] [DisplayControl] Enter MCCSOtherSet::GetVCP(), vcp code = 114
2025/10/28 19:16:41.653 [T:0x8fa6e] [DisplayControl] Exit MCCSOtherSet::GetVCP()
2025/10/28 19:16:41.766 [T:0x8fa6e] [DisplayControl] Enter MCCSOtherSet::GetVCP(), vcp code = 226
2025/10/28 19:16:41.840 [T:0x8fa6e] [DisplayControl] Exit MCCSOtherSet::GetVCP()
2025/10/28 19:16:41.956 [T:0x4d845] [DisplayControl] Enter MCCSOtherSet::GetVCP(), vcp code = 170
2025/10/28 19:16:42.043 [T:0x4d845] [DisplayControl] Exit MCCSOtherSet::GetVCP()
2025/10/28 19:16:42.044 [T:0x4d845] [DisplayControl] Enter MCCSOtherSet::GetVCP(), vcp code = 170
2025/10/28 19:16:42.120 [T:0x4d845] [DisplayControl] Exit MCCSOtherSet::GetVCP()
2025/10/28 19:16:42.321 [T:0x4d845] [DisplayControl] Enter MCCSOtherSet::GetVCP(), vcp code = 170
2025/10/28 19:16:42.442 [T:0x4d845] [DisplayControl] Exit MCCSOtherSet::GetVCP()
2025/10/28 19:19:35.831 [T:0xc2517] [DisplayControl] Enter MCCSOtherSet::SetVCP(), vcp code = 51
2025/10/28 19:19:35.991 [T:0xc2517] [DisplayControl] Exit MCCSOtherSet::SetVCP()
2025/10/28 19:21:11.157 [T:0x8fa6e] [DisplayControl] Enter MCCSOtherSet::SetVCP(), vcp code = 96
2025/10/28 19:21:11.920 [T:0x8fa6e] [DisplayControl] Exit MCCSOtherSet::SetVCP()
2025/10/28 19:23:05.845 [T:0xc2517] [DisplayControl] Enter MCCSOtherSet::SetVCP(), vcp code = 96
2025/10/28 19:23:06.305 [T:0xc2517] [DisplayControl] Exit MCCSOtherSet::SetVCP()
2025/10/28 19:25:00.621 [T:0x8fa6e] [DisplayControl] Enter MCCSOtherSet::SetVCP(), vcp code = 96
2025/10/28 19:25:01.550 [T:0x8fa6e] [DisplayControl] Exit MCCSOtherSet::SetVCP()
2025/10/28 19:38:06.890 [T:0xc2517] [DisplayControl] Enter MCCSOtherSet::SetVCP(), vcp code = 16
2025/10/28 19:38:07.048 [T:0xc2517] [DisplayControl] Exit MCCSOtherSet::SetVCP()
2025/10/28 19:38:07.391 [T:0x8fa6e] [DisplayControl] Enter MCCSOtherSet::SetVCP(), vcp code = 16
2025/10/28 19:38:07.571 [T:0x8fa6e] [DisplayControl] Exit MCCSOtherSet::SetVCP()
2025/10/28 19:38:08.712 [T:0xc2517] [DisplayControl] Enter MCCSOtherSet::SetVCP(), vcp code = 16
2025/10/28 19:38:08.911 [T:0xc2517] [DisplayControl] Exit MCCSOtherSet::SetVCP()
2025/10/28 19:38:09.214 [T:0x8fa6e] [DisplayControl] Enter MCCSOtherSet::SetVCP(), vcp code = 16
2025/10/28 19:38:09.365 [T:0x8fa6e] [DisplayControl] Exit MCCSOtherSet::SetVCP()
2025/10/28 19:39:34.175 [T:0xc2517] [DisplayControl] Enter MCCSOtherSet::SetVCP(), vcp code = 16
2025/10/28 19:39:34.333 [T:0xc2517] [DisplayControl] Exit MCCSOtherSet::SetVCP()
2025/10/28 19:39:34.676 [T:0x8fa6e] [DisplayControl] Enter MCCSOtherSet::SetVCP(), vcp code = 16
2025/10/28 19:39:34.831 [T:0x8fa6e] [DisplayControl] Exit MCCSOtherSet::SetVCP()
2025/10/28 19:39:35.985 [T:0xc2517] [DisplayControl] Enter MCCSOtherSet::SetVCP(), vcp code = 16
2025/10/28 19:39:36.143 [T:0xc2517] [DisplayControl] Exit MCCSOtherSet::SetVCP()
2025/10/28 19:39:36.486 [T:0x8fa6e] [DisplayControl] Enter MCCSOtherSet::SetVCP(), vcp code = 16
2025/10/28 19:39:36.671 [T:0x8fa6e] [DisplayControl] Exit MCCSOtherSet::SetVCP()
2025/10/28 19:41:01.598 [T:0xc2517] [DisplayControl] Enter MCCSOtherSet::SetVCP(), vcp code = 18
2025/10/28 19:41:01.798 [T:0xc2517] [DisplayControl] Exit MCCSOtherSet::SetVCP()
2025/10/28 19:41:02.100 [T:0x8fa6e] [DisplayControl] Enter MCCSOtherSet::SetVCP(), vcp code = 18
2025/10/28 19:41:02.264 [T:0x8fa6e] [DisplayControl] Exit MCCSOtherSet::SetVCP()
2025/10/28 19:42:28.941 [T:0xc2517] [DisplayControl] Enter MCCSOtherSet::SetVCP(), vcp code = 18
2025/10/28 19:42:29.099 [T:0xc2517] [DisplayControl] Exit MCCSOtherSet::SetVCP()
2025/10/28 19:42:29.443 [T:0x8fa6e] [DisplayControl] Enter MCCSOtherSet::SetVCP(), vcp code = 18
2025/10/28 19:42:29.594 [T:0x8fa6e] [DisplayControl] Exit MCCSOtherSet::SetVCP()
2025/10/28 19:43:56.348 [T:0x8fa6e] [DisplayControl] Enter MCCSOtherSet::SetVCP(), vcp code = 135
2025/10/28 19:43:56.566 [T:0x8fa6e] [DisplayControl] Exit MCCSOtherSet::SetVCP()
2025/10/28 19:43:56.850 [T:0x8fa6e] [DisplayControl] Enter MCCSOtherSet::SetVCP(), vcp code = 135
2025/10/28 19:43:57.008 [T:0x8fa6e] [DisplayControl] Exit MCCSOtherSet::SetVCP()
2025/10/28 19:45:23.746 [T:0xc2517] [DisplayControl] Enter MCCSOtherSet::SetVCP(), vcp code = 135
2025/10/28 19:45:23.899 [T:0xc2517] [DisplayControl] Exit MCCSOtherSet::SetVCP()
2025/10/28 19:45:24.247 [T:0x8fa6e] [DisplayControl] Enter MCCSOtherSet::SetVCP(), vcp code = 135
2025/10/28 19:45:24.401 [T:0x8fa6e] [DisplayControl] Exit MCCSOtherSet::SetVCP()
2025/10/28 19:46:51.166 [T:0xc2517] [DisplayControl] Enter MCCSOtherSet::SetVCP(), vcp code = 226
2025/10/28 19:46:51.487 [T:0xc2517] [DisplayControl] Exit MCCSOtherSet::SetVCP()
2025/10/28 19:46:51.669 [T:0xc2517] [DisplayControl] Enter MCCSOtherSet::SetVCP(), vcp code = 226
2025/10/28 19:46:51.871 [T:0xc2517] [DisplayControl] Exit MCCSOtherSet::SetVCP()
2025/10/28 19:48:18.601 [T:0x8fa6e] [DisplayControl] Enter MCCSOtherSet::SetVCP(), vcp code = 226
2025/10/28 19:48:18.758 [T:0x8fa6e] [DisplayControl] Exit MCCSOtherSet::SetVCP()
2025/10/28 19:48:19.103 [T:0xc2517] [DisplayControl] Enter MCCSOtherSet::SetVCP(), vcp code = 226
2025/10/28 19:48:19.251 [T:0xc2517] [DisplayControl] Exit MCCSOtherSet::SetVCP()
2025/10/28 19:49:51.606 [T:0x8fa6e] [DisplayControl] Enter MCCSOtherSet::SetVCP(), vcp code = 20
2025/10/28 19:49:51.763 [T:0x8fa6e] [DisplayControl] Exit MCCSOtherSet::SetVCP()
2025/10/28 19:49:52.368 [T:0x8fa6e] [DisplayControl] Enter MCCSOtherSet::GetVCP(), vcp code = 20
2025/10/28 19:49:52.514 [T:0x8fa6e] [DisplayControl] Exit MCCSOtherSet::GetVCP()
2025/10/28 19:49:53.221 [T:0x8fa6e] [DisplayControl] Enter MCCSOtherSet::GetVCP(), vcp code = 16
2025/10/28 19:49:53.289 [T:0x8fa6e] [DisplayControl] Exit MCCSOtherSet::GetVCP()
2025/10/28 19:49:54.000 [T:0x8fa6e] [DisplayControl] Enter MCCSOtherSet::GetVCP(), vcp code = 18
2025/10/28 19:49:54.068 [T:0x8fa6e] [DisplayControl] Exit MCCSOtherSet::GetVCP()
2025/10/28 19:49:54.781 [T:0x8fa6e] [DisplayControl] Enter MCCSOtherSet::GetVCP(), vcp code = 135
2025/10/28 19:49:54.851 [T:0x8fa6e] [DisplayControl] Exit MCCSOtherSet::GetVCP()
2025/10/28 19:51:26.042 [T:0x4d845] [DisplayControl] Enter MCCSOtherSet::GetVCP(), vcp code = 170
2025/10/28 19:51:26.166 [T:0x4d845] [DisplayControl] Exit MCCSOtherSet::GetVCP()
2025/10/28 19:51:51.420 [T:0xc2517] [DisplayControl] Enter MCCSOtherSet::SetVCP(), vcp code = 20
2025/10/28 19:51:51.577 [T:0xc2517] [DisplayControl] Exit MCCSOtherSet::SetVCP()
2025/10/28 19:51:52.192 [T:0xc2517] [DisplayControl] Enter MCCSOtherSet::GetVCP(), vcp code = 20
2025/10/28 19:51:52.262 [T:0xc2517] [DisplayControl] Exit MCCSOtherSet::GetVCP()
2025/10/28 19:51:52.974 [T:0xc2517] [DisplayControl] Enter MCCSOtherSet::GetVCP(), vcp code = 16
2025/10/28 19:51:53.044 [T:0xc2517] [DisplayControl] Exit MCCSOtherSet::GetVCP()
2025/10/28 19:51:53.753 [T:0xc2517] [DisplayControl] Enter MCCSOtherSet::GetVCP(), vcp code = 18
2025/10/28 19:51:53.823 [T:0xc2517] [DisplayControl] Exit MCCSOtherSet::GetVCP()
2025/10/28 19:51:54.535 [T:0xc2517] [DisplayControl] Enter MCCSOtherSet::GetVCP(), vcp code = 135
2025/10/28 19:51:54.635 [T:0xc2517] [DisplayControl] Exit MCCSOtherSet::GetVCP()
2025/10/28 19:53:25.864 [T:0x4d845] [DisplayControl] Enter MCCSOtherSet::GetVCP(), vcp code = 170
2025/10/28 19:53:25.985 [T:0x4d845] [DisplayControl] Exit MCCSOtherSet::GetVCP()
2025/10/28 19:53:51.278 [T:0xc2517] [DisplayControl] Enter MCCSOtherSet::SetVCP(), vcp code = 20
2025/10/28 19:53:51.435 [T:0xc2517] [DisplayControl] Exit MCCSOtherSet::SetVCP()
2025/10/28 19:53:52.048 [T:0xc2517] [DisplayControl] Enter MCCSOtherSet::GetVCP(), vcp code = 20
2025/10/28 19:53:52.181 [T:0xc2517] [DisplayControl] Exit MCCSOtherSet::GetVCP()
2025/10/28 19:53:52.893 [T:0xc2517] [DisplayControl] Enter MCCSOtherSet::GetVCP(), vcp code = 16
2025/10/28 19:53:52.963 [T:0xc2517] [DisplayControl] Exit MCCSOtherSet::GetVCP()
2025/10/28 19:53:53.672 [T:0xc2517] [DisplayControl] Enter MCCSOtherSet::GetVCP(), vcp code = 18
2025/10/28 19:53:53.742 [T:0xc2517] [DisplayControl] Exit MCCSOtherSet::GetVCP()
2025/10/28 19:53:54.449 [T:0xc2517] [DisplayControl] Enter MCCSOtherSet::GetVCP(), vcp code = 135
2025/10/28 19:53:54.531 [T:0xc2517] [DisplayControl] Exit MCCSOtherSet::GetVCP()
2025/10/28 19:55:25.642 [T:0x4d845] [DisplayControl] Enter MCCSOtherSet::GetVCP(), vcp code = 170
2025/10/28 19:55:25.765 [T:0x4d845] [DisplayControl] Exit MCCSOtherSet::GetVCP()
2025/10/28 19:55:51.048 [T:0xc2517] [DisplayControl] Enter MCCSOtherSet::SetVCP(), vcp code = 20
2025/10/28 19:55:51.200 [T:0xc2517] [DisplayControl] Exit MCCSOtherSet::SetVCP()
2025/10/28 19:55:51.813 [T:0xc2517] [DisplayControl] Enter MCCSOtherSet::GetVCP(), vcp code = 20
2025/10/28 19:55:51.882 [T:0xc2517] [DisplayControl] Exit MCCSOtherSet::GetVCP()
2025/10/28 19:55:52.588 [T:0xc2517] [DisplayControl] Enter MCCSOtherSet::GetVCP(), vcp code = 16
2025/10/28 19:55:52.659 [T:0xc2517] [DisplayControl] Exit MCCSOtherSet::GetVCP()
2025/10/28 19:55:53.383 [T:0xc2517] [DisplayControl] Enter MCCSOtherSet::GetVCP(), vcp code = 18
2025/10/28 19:55:53.452 [T:0xc2517] [DisplayControl] Exit MCCSOtherSet::GetVCP()
2025/10/28 19:55:54.162 [T:0xc2517] [DisplayControl] Enter MCCSOtherSet::GetVCP(), vcp code = 135
2025/10/28 19:55:54.340 [T:0xc2517] [DisplayControl] Exit MCCSOtherSet::GetVCP()
2025/10/28 19:57:25.435 [T:0x4d845] [DisplayControl] Enter MCCSOtherSet::GetVCP(), vcp code = 170
2025/10/28 19:57:25.559 [T:0x4d845] [DisplayControl] Exit MCCSOtherSet::GetVCP()
2025/10/28 19:57:45.340 [T:0x4d845] [DisplayControl] Enter MCCSOtherSet::GetVCP(), vcp code = 170
2025/10/28 19:57:45.464 [T:0x4d845] [DisplayControl] Exit MCCSOtherSet::GetVCP()
2025/10/28 19:58:02.443 [T:0x8fa6e] [DisplayControl] Enter MCCSOtherSet::SetVCP(), vcp code = 4
2025/10/28 19:58:03.374 [T:0x8fa6e] [DisplayControl] Exit MCCSOtherSet::SetVCP()
2025/10/28 19:58:08.381 [T:0x8fa6e] [DisplayControl] Enter OperationThread::ExitThread
2025/10/28 19:58:08.382 [T:0x8fa6e] [DisplayControl] Exit OperationThread::ExitThread
2025/10/28 19:58:08.382 [T:0x8fa6e] [DisplayControl] Enter OperationThread::~OperationThread()
2025/10/28 19:58:08.382 [T:0x8fa6e] [DisplayControl] Enter OperationThread::ExitThread
2025/10/28 19:58:08.382 [T:0x8fa6e] [DisplayControl] Enter OperationThread::ExitThread
2025/10/28 19:58:08.382 [T:0x8fa6e] [DisplayControl] Exit OperationThread::ExitThread
2025/10/28 19:58:08.382 [T:0x8fa6e] [DisplayControl] Enter OperationThread::~OperationThread()
2025/10/28 19:58:08.382 [T:0x8fa6e] [DisplayControl] Enter OperationThread::ExitThread
2025/10/28 19:58:08.382 [T:0x8fa6e] [DisplayControl] Enter OperationThread::ExitThread
2025/10/28 19:58:08.383 [T:0x8fa6e] [DisplayControl] Exit OperationThread::ExitThread
2025/10/28 19:58:08.383 [T:0x8fa6e] [DisplayControl] Enter OperationThread::~OperationThread()
2025/10/28 19:58:08.383 [T:0x8fa6e] [DisplayControl] Enter OperationThread::ExitThread
2025/10/28 19:58:08.434 [T:0x8fa6e] [DbgStr] After calling display_control_client_listener_video_port_.UpdateAllDisplayPath()
2025/10/28 19:58:08.442 [T:0x8fa6e] [DbgStr] After calling display_control_client_listener_.GetAllDisplayEDID()
2025/10/28 19:58:08.594 [T:0x8fa6e] [DbgStr] After calling display_control_client_listener_rtd_scalar_rts_hub_.GetAllDisplayEDID()
2025/10/28 19:58:08.614 [T:0x8fa6e] [DisplayControl] Version = 3.0.6.0
2025/10/28 19:58:08.614 [T:0x8fa6e] [DisplayControl] Enter ObtainControlHandler1
2025/10/28 19:58:08.614 [T:0x8fa6e] [DisplayControl] GetVideoPortCommander
2025/10/28 19:58:08.614 [T:0x8fa6e] [DisplayControl] GetUSBHubCommander
2025/10/28 19:58:08.614 [T:0x8fa6e] ====== List p_lpo_display_info_video_port, # of devices is ======3
2025/10/28 19:58:08.614 [T:0x8fa6e] [DisplayControl] index of p_lpo_display_info_video_port0
2025/10/28 19:58:08.614 [T:0x8fa6e] [DisplayControl] Model name from VideoPort = Generic PnP Monitor
2025/10/28 19:58:08.614 [T:0x8fa6e] [DisplayControl] SN from VideoPort = M3NRKD019636107
2025/10/28 19:58:08.614 [T:0x8fa6e] [DisplayControl] index of p_lpo_display_info_video_port1
2025/10/28 19:58:08.614 [T:0x8fa6e] [DisplayControl] Model name from VideoPort = VP2458
2025/10/28 19:58:08.614 [T:0x8fa6e] [DisplayControl] SN from VideoPort = VKR183100011
2025/10/28 19:58:08.614 [T:0x8fa6e] [DisplayControl] index of p_lpo_display_info_video_port2
2025/10/28 19:58:08.614 [T:0x8fa6e] [DisplayControl] Model name from VideoPort = VP3256-4K
2025/10/28 19:58:08.614 [T:0x8fa6e] [DisplayControl] SN from VideoPort = WPK214700016
2025/10/28 19:58:08.614 [T:0x8fa6e] ====== List p_lpo_display_info_rtd_scalar_rts_hub, # of devices is ======0
2025/10/28 19:58:08.614 [T:0x8fa6e] [DisplayControl] GetVSRtkHubControlClientListener
2025/10/28 19:58:08.614 [T:0x8fa6e] [DisplayControl] max monitor count = 3
2025/10/28 19:58:08.614 [T:0x8fa6e] [DisplayControl] index of display_info_vec = 0
2025/10/28 19:58:08.615 [T:0x8fa6e] [DisplayControl] index of p_lpo_display_info_video_port = 0
2025/10/28 19:58:08.615 [T:0x8fa6e] [DisplayControl] VideoPortMatchingRule
2025/10/28 19:58:08.615 [T:0x8fa6e] [DisplayControl] monitor display_info_model_name = Generic PnP Monitor
2025/10/28 19:58:08.615 [T:0x8fa6e] [DisplayControl] monitor video_port_model_name = Generic PnP Monitor
2025/10/28 19:58:08.615 [T:0x8fa6e] [DisplayControl] monitor display_info_sn = M3NRKD019636107
2025/10/28 19:58:08.615 [T:0x8fa6e] [DisplayControl] monitor video_port_sn = M3NRKD019636107
2025/10/28 19:58:08.615 [T:0x8fa6e] [DisplayControl] model_name_match = 1
2025/10/28 19:58:08.615 [T:0x8fa6e] [DisplayControl] sn_match = 1
2025/10/28 19:58:08.615 [T:0x8fa6e] [DisplayControl] video_port is_match = 1
2025/10/28 19:58:08.615 [T:0x8fa6e] [DisplayControl] index of display_info_vec = 1
2025/10/28 19:58:08.615 [T:0x8fa6e] [DisplayControl] index of p_lpo_display_info_video_port = 0
2025/10/28 19:58:08.615 [T:0x8fa6e] [DisplayControl] VideoPortMatchingRule
2025/10/28 19:58:08.615 [T:0x8fa6e] [DisplayControl] monitor display_info_model_name = VP2458
2025/10/28 19:58:08.615 [T:0x8fa6e] [DisplayControl] monitor video_port_model_name = Generic PnP Monitor
2025/10/28 19:58:08.615 [T:0x8fa6e] [DisplayControl] monitor display_info_sn = VKR183100011
2025/10/28 19:58:08.615 [T:0x8fa6e] [DisplayControl] monitor video_port_sn = M3NRKD019636107
2025/10/28 19:58:08.615 [T:0x8fa6e] [DisplayControl] model_name_match = 0
2025/10/28 19:58:08.615 [T:0x8fa6e] [DisplayControl] sn_match = 0
2025/10/28 19:58:08.615 [T:0x8fa6e] [DisplayControl] video_port is_match = 0
2025/10/28 19:58:08.615 [T:0x8fa6e] [DisplayControl] index of display_info_vec = 1
2025/10/28 19:58:08.615 [T:0x8fa6e] [DisplayControl] index of p_lpo_display_info_video_port = 1
2025/10/28 19:58:08.615 [T:0x8fa6e] [DisplayControl] VideoPortMatchingRule
2025/10/28 19:58:08.615 [T:0x8fa6e] [DisplayControl] monitor display_info_model_name = VP2458
2025/10/28 19:58:08.615 [T:0x8fa6e] [DisplayControl] monitor video_port_model_name = VP2458
2025/10/28 19:58:08.615 [T:0x8fa6e] [DisplayControl] monitor display_info_sn = VKR183100011
2025/10/28 19:58:08.615 [T:0x8fa6e] [DisplayControl] monitor video_port_sn = VKR183100011
2025/10/28 19:58:08.615 [T:0x8fa6e] [DisplayControl] model_name_match = 1
2025/10/28 19:58:08.616 [T:0x8fa6e] [DisplayControl] sn_match = 1
2025/10/28 19:58:08.616 [T:0x8fa6e] [DisplayControl] video_port is_match = 1
2025/10/28 19:58:08.616 [T:0x8fa6e] [DisplayControl] index of display_info_vec = 2
2025/10/28 19:58:08.616 [T:0x8fa6e] [DisplayControl] index of p_lpo_display_info_video_port = 0
2025/10/28 19:58:08.616 [T:0x8fa6e] [DisplayControl] VideoPortMatchingRule
2025/10/28 19:58:08.616 [T:0x8fa6e] [DisplayControl] monitor display_info_model_name = VP3256-4K
2025/10/28 19:58:08.616 [T:0x8fa6e] [DisplayControl] monitor video_port_model_name = Generic PnP Monitor
2025/10/28 19:58:08.616 [T:0x8fa6e] [DisplayControl] monitor display_info_sn = WPK214700016
2025/10/28 19:58:08.616 [T:0x8fa6e] [DisplayControl] monitor video_port_sn = M3NRKD019636107
2025/10/28 19:58:08.616 [T:0x8fa6e] [DisplayControl] model_name_match = 0
2025/10/28 19:58:08.616 [T:0x8fa6e] [DisplayControl] sn_match = 0
2025/10/28 19:58:08.616 [T:0x8fa6e] [DisplayControl] video_port is_match = 0
2025/10/28 19:58:08.616 [T:0x8fa6e] [DisplayControl] index of display_info_vec = 2
2025/10/28 19:58:08.616 [T:0x8fa6e] [DisplayControl] index of p_lpo_display_info_video_port = 1
2025/10/28 19:58:08.616 [T:0x8fa6e] [DisplayControl] VideoPortMatchingRule
2025/10/28 19:58:08.616 [T:0x8fa6e] [DisplayControl] monitor display_info_model_name = VP3256-4K
2025/10/28 19:58:08.616 [T:0x8fa6e] [DisplayControl] monitor video_port_model_name = VP2458
2025/10/28 19:58:08.616 [T:0x8fa6e] [DisplayControl] monitor display_info_sn = WPK214700016
2025/10/28 19:58:08.616 [T:0x8fa6e] [DisplayControl] monitor video_port_sn = VKR183100011
2025/10/28 19:58:08.616 [T:0x8fa6e] [DisplayControl] model_name_match = 0
2025/10/28 19:58:08.616 [T:0x8fa6e] [DisplayControl] sn_match = 0
2025/10/28 19:58:08.616 [T:0x8fa6e] [DisplayControl] video_port is_match = 0
2025/10/28 19:58:08.616 [T:0x8fa6e] [DisplayControl] index of display_info_vec = 2
2025/10/28 19:58:08.616 [T:0x8fa6e] [DisplayControl] index of p_lpo_display_info_video_port = 2
2025/10/28 19:58:08.616 [T:0x8fa6e] [DisplayControl] VideoPortMatchingRule
2025/10/28 19:58:08.616 [T:0x8fa6e] [DisplayControl] monitor display_info_model_name = VP3256-4K
2025/10/28 19:58:08.616 [T:0x8fa6e] [DisplayControl] monitor video_port_model_name = VP3256-4K
2025/10/28 19:58:08.617 [T:0x8fa6e] [DisplayControl] monitor display_info_sn = WPK214700016
2025/10/28 19:58:08.617 [T:0x8fa6e] [DisplayControl] monitor video_port_sn = WPK214700016
2025/10/28 19:58:08.617 [T:0x8fa6e] [DisplayControl] model_name_match = 1
2025/10/28 19:58:08.617 [T:0x8fa6e] [DisplayControl] sn_match = 1
2025/10/28 19:58:08.617 [T:0x8fa6e] [DisplayControl] video_port is_match = 1
2025/10/28 19:58:08.617 [T:0x8fa6e] [DisplayControl] i = 0
2025/10/28 19:58:08.617 [T:0x8fa6e] [DisplayControl] Enter OperationThread::OperationThread()
2025/10/28 19:58:08.617 [T:0x8fa6e] [DisplayControl] Enter OperationThread::CreateThread
2025/10/28 19:58:08.617 [T:0x8fa6e] [DisplayControl] new DisplayFunctioner
2025/10/28 19:58:08.617 [T:0x8fa6e] [DisplayControl] insert displayer_vector
2025/10/28 19:58:08.617 [T:0x8fa6e] [DisplayControl] insert modelName_SN_to_Display_map
2025/10/28 19:58:08.617 [T:0x8fa6e] [DisplayControl] insert device_id_to_Displayer_map_
2025/10/28 19:58:08.617 [T:0x8fa6e] [DisplayControl] i = 1
2025/10/28 19:58:08.617 [T:0x8fa6e] [DisplayControl] Enter OperationThread::OperationThread()
2025/10/28 19:58:08.617 [T:0x8fa6e] [DisplayControl] Enter OperationThread::CreateThread
2025/10/28 19:58:08.617 [T:0x8fa6e] [DisplayControl] new DisplayFunctioner
2025/10/28 19:58:08.617 [T:0x8fa6e] [DisplayControl] insert displayer_vector
2025/10/28 19:58:08.618 [T:0x8fa6e] [DisplayControl] insert modelName_SN_to_Display_map
2025/10/28 19:58:08.618 [T:0x8fa6e] [DisplayControl] insert device_id_to_Displayer_map_
2025/10/28 19:58:08.618 [T:0x8fa6e] [DisplayControl] i = 2
2025/10/28 19:58:08.618 [T:0x8fa6e] [DisplayControl] Enter OperationThread::OperationThread()
2025/10/28 19:58:08.618 [T:0x8fa6e] [DisplayControl] Enter OperationThread::CreateThread
2025/10/28 19:58:08.618 [T:0x8fa6e] [DisplayControl] new DisplayFunctioner
2025/10/28 19:58:08.618 [T:0x8fa6e] [DisplayControl] insert displayer_vector
2025/10/28 19:58:08.618 [T:0x8fa6e] [DisplayControl] insert modelName_SN_to_Display_map
2025/10/28 19:58:08.618 [T:0x8fa6e] [DisplayControl] insert device_id_to_Displayer_map_
2025/10/28 19:58:08.618 [T:0x8fa6e] [DisplayControl] monitor size = 3
2025/10/28 19:58:08.618 [T:0x8fa6e] [DisplayControl] Exit ObtainControlHandler
2025/10/28 19:58:08.619 [T:0x8fa6e] [DisplayControl] Enter MCCSOtherSet::GetVCP(), vcp code = 96
2025/10/28 19:58:08.698 [T:0x8fa6e] [DisplayControl] Exit MCCSOtherSet::GetVCP()
2025/10/28 19:58:08.948 [T:0x8fa6e] [DisplayControl] Enter MCCSOtherSet::GetVCP(), vcp code = 96
2025/10/28 19:58:09.032 [T:0x8fa6e] [DisplayControl] Exit MCCSOtherSet::GetVCP()
2025/10/28 19:58:09.296 [T:0x8fa6e] [DisplayControl] Enter MCCSOtherSet::GetVCP(), vcp code = 5
2025/10/28 19:58:09.366 [T:0x8fa6e] [DisplayControl] Exit MCCSOtherSet::GetVCP()
2025/10/28 19:58:09.468 [T:0x8fa6e] [DisplayControl] Enter MCCSOtherSet::GetVCP(), vcp code = 8
2025/10/28 19:58:09.537 [T:0x8fa6e] [DisplayControl] Exit MCCSOtherSet::GetVCP()
2025/10/28 19:58:09.639 [T:0x8fa6e] [DisplayControl] Enter MCCSOtherSet::GetVCP(), vcp code = 20
2025/10/28 19:58:09.710 [T:0x8fa6e] [DisplayControl] Exit MCCSOtherSet::GetVCP()
2025/10/28 19:58:09.812 [T:0x8fa6e] [DisplayControl] Enter MCCSOtherSet::GetVCP(), vcp code = 16
2025/10/28 19:58:09.880 [T:0x8fa6e] [DisplayControl] Exit MCCSOtherSet::GetVCP()
2025/10/28 19:58:09.982 [T:0x8fa6e] [DisplayControl] Enter MCCSOtherSet::GetVCP(), vcp code = 4
2025/10/28 19:58:10.052 [T:0x8fa6e] [DisplayControl] Exit MCCSOtherSet::GetVCP()
2025/10/28 19:58:10.155 [T:0x8fa6e] [DisplayControl] Enter MCCSOtherSet::GetVCP(), vcp code = 141
2025/10/28 19:58:10.225 [T:0x8fa6e] [DisplayControl] Exit MCCSOtherSet::GetVCP()
2025/10/28 19:58:10.327 [T:0x8fa6e] [DisplayControl] Enter MCCSOtherSet::GetVCP(), vcp code = 170
2025/10/28 19:58:10.397 [T:0x8fa6e] [DisplayControl] Exit MCCSOtherSet::GetVCP()
2025/10/28 19:58:10.499 [T:0x8fa6e] [DisplayControl] Enter MCCSOtherSet::GetVCP(), vcp code = 18
2025/10/28 19:58:10.569 [T:0x8fa6e] [DisplayControl] Exit MCCSOtherSet::GetVCP()
2025/10/28 19:58:10.671 [T:0x8fa6e] [DisplayControl] Enter MCCSOtherSet::GetVCP(), vcp code = 96
2025/10/28 19:58:10.740 [T:0x8fa6e] [DisplayControl] Exit MCCSOtherSet::GetVCP()
2025/10/28 19:58:10.843 [T:0x8fa6e] [DisplayControl] Enter MCCSOtherSet::GetVCP(), vcp code = 51
2025/10/28 19:58:10.912 [T:0x8fa6e] [DisplayControl] Exit MCCSOtherSet::GetVCP()
2025/10/28 19:58:11.013 [T:0x8fa6e] [DisplayControl] Enter MCCSOtherSet::GetVCP(), vcp code = 97
2025/10/28 19:58:11.083 [T:0x8fa6e] [DisplayControl] Exit MCCSOtherSet::GetVCP()
2025/10/28 19:58:11.184 [T:0x8fa6e] [DisplayControl] Enter MCCSOtherSet::GetVCP(), vcp code = 135
2025/10/28 19:58:11.253 [T:0x8fa6e] [DisplayControl] Exit MCCSOtherSet::GetVCP()
2025/10/28 19:58:11.355 [T:0x8fa6e] [DisplayControl] Enter MCCSOtherSet::GetVCP(), vcp code = 220
2025/10/28 19:58:11.424 [T:0x8fa6e] [DisplayControl] Exit MCCSOtherSet::GetVCP()
2025/10/28 19:58:11.540 [T:0x8fa6e] [DisplayControl] Enter MCCSOtherSet::GetVCP(), vcp code = 226
2025/10/28 19:58:11.609 [T:0x8fa6e] [DisplayControl] Exit MCCSOtherSet::GetVCP()
2025/10/28 19:58:11.712 [T:0x8fa6e] [DisplayControl] Enter MCCSOtherSet::GetVCP(), vcp code = 43
2025/10/28 19:58:11.785 [T:0x8fa6e] [DisplayControl] Exit MCCSOtherSet::GetVCP()
2025/10/28 19:58:11.896 [T:0x8fa6e] [DisplayControl] Enter MCCSOtherSet::GetVCP(), vcp code = 5
2025/10/28 19:58:11.974 [T:0x8fa6e] [DisplayControl] Exit MCCSOtherSet::GetVCP()
2025/10/28 19:58:12.085 [T:0x8fa6e] [DisplayControl] Enter MCCSOtherSet::GetVCP(), vcp code = 8
2025/10/28 19:58:12.158 [T:0x8fa6e] [DisplayControl] Exit MCCSOtherSet::GetVCP()
2025/10/28 19:58:12.272 [T:0x8fa6e] [DisplayControl] Enter MCCSOtherSet::GetVCP(), vcp code = 20
2025/10/28 19:58:12.346 [T:0x8fa6e] [DisplayControl] Exit MCCSOtherSet::GetVCP()
2025/10/28 19:58:12.459 [T:0x8fa6e] [DisplayControl] Enter MCCSOtherSet::GetVCP(), vcp code = 16
2025/10/28 19:58:12.532 [T:0x8fa6e] [DisplayControl] Exit MCCSOtherSet::GetVCP()
2025/10/28 19:58:12.646 [T:0x8fa6e] [DisplayControl] Enter MCCSOtherSet::GetVCP(), vcp code = 4
2025/10/28 19:58:12.718 [T:0x8fa6e] [DisplayControl] Exit MCCSOtherSet::GetVCP()
2025/10/28 19:58:12.832 [T:0x8fa6e] [DisplayControl] Enter MCCSOtherSet::GetVCP(), vcp code = 141
2025/10/28 19:58:12.907 [T:0x8fa6e] [DisplayControl] Exit MCCSOtherSet::GetVCP()
2025/10/28 19:58:13.020 [T:0x8fa6e] [DisplayControl] Enter MCCSOtherSet::GetVCP(), vcp code = 170
2025/10/28 19:58:13.093 [T:0x8fa6e] [DisplayControl] Exit MCCSOtherSet::GetVCP()
2025/10/28 19:58:13.206 [T:0x8fa6e] [DisplayControl] Enter MCCSOtherSet::GetVCP(), vcp code = 98
2025/10/28 19:58:13.283 [T:0x8fa6e] [DisplayControl] Exit MCCSOtherSet::GetVCP()
2025/10/28 19:58:13.391 [T:0x8fa6e] [DisplayControl] Enter MCCSOtherSet::GetVCP(), vcp code = 18
2025/10/28 19:58:13.465 [T:0x8fa6e] [DisplayControl] Exit MCCSOtherSet::GetVCP()
2025/10/28 19:58:13.580 [T:0x8fa6e] [DisplayControl] Enter MCCSOtherSet::GetVCP(), vcp code = 96
2025/10/28 19:58:13.654 [T:0x8fa6e] [DisplayControl] Exit MCCSOtherSet::GetVCP()
2025/10/28 19:58:13.769 [T:0x8fa6e] [DisplayControl] Enter MCCSOtherSet::GetVCP(), vcp code = 51
2025/10/28 19:58:13.842 [T:0x8fa6e] [DisplayControl] Exit MCCSOtherSet::GetVCP()
2025/10/28 19:58:13.956 [T:0x8fa6e] [DisplayControl] Enter MCCSOtherSet::GetVCP(), vcp code = 97
2025/10/28 19:58:14.031 [T:0x8fa6e] [DisplayControl] Exit MCCSOtherSet::GetVCP()
2025/10/28 19:58:14.143 [T:0x8fa6e] [DisplayControl] Enter MCCSOtherSet::GetVCP(), vcp code = 245
2025/10/28 19:58:14.218 [T:0x8fa6e] [DisplayControl] Exit MCCSOtherSet::GetVCP()
2025/10/28 19:58:14.329 [T:0x8fa6e] [DisplayControl] Enter MCCSOtherSet::GetVCP(), vcp code = 135
2025/10/28 19:58:14.403 [T:0x8fa6e] [DisplayControl] Exit MCCSOtherSet::GetVCP()
2025/10/28 19:58:14.516 [T:0x8fa6e] [DisplayControl] Enter MCCSOtherSet::GetVCP(), vcp code = 220
2025/10/28 19:58:14.592 [T:0x8fa6e] [DisplayControl] Exit MCCSOtherSet::GetVCP()
2025/10/28 19:58:14.702 [T:0x8fa6e] [DisplayControl] Enter MCCSOtherSet::GetVCP(), vcp code = 114
2025/10/28 19:58:14.791 [T:0x8fa6e] [DisplayControl] Exit MCCSOtherSet::GetVCP()
2025/10/28 19:58:14.903 [T:0x8fa6e] [DisplayControl] Enter MCCSOtherSet::GetVCP(), vcp code = 226
2025/10/28 19:58:14.977 [T:0x8fa6e] [DisplayControl] Exit MCCSOtherSet::GetVCP()
2025/10/28 19:58:15.096 [T:0x4d845] [DisplayControl] Enter MCCSOtherSet::GetVCP(), vcp code = 170
2025/10/28 19:58:15.178 [T:0x4d845] [DisplayControl] Exit MCCSOtherSet::GetVCP()
2025/10/28 19:58:15.179 [T:0x4d845] [DisplayControl] Enter MCCSOtherSet::GetVCP(), vcp code = 170
2025/10/28 19:58:15.253 [T:0x4d845] [DisplayControl] Exit MCCSOtherSet::GetVCP()
2025/10/28 19:58:15.379 [T:0x4d845] [DisplayControl] Enter MCCSOtherSet::GetVCP(), vcp code = 170
2025/10/28 19:58:15.533 [T:0x4d845] [DisplayControl] Exit MCCSOtherSet::GetVCP()
2025/10/28 20:00:46.266 [T:0x4d845] [DisplayControl] Enter MCCSOtherSet::GetVCP(), vcp code = 170
2025/10/28 20:00:46.390 [T:0x4d845] [DisplayControl] Exit MCCSOtherSet::GetVCP()
2025/10/28 20:01:11.625 [T:0xc2517] [DisplayControl] Enter MCCSOtherSet::SetVCP(), vcp code = 220
2025/10/28 20:01:12.551 [T:0xc2517] [DisplayControl] Exit MCCSOtherSet::SetVCP()
2025/10/28 20:01:13.164 [T:0xc2517] [DisplayControl] Enter MCCSOtherSet::GetVCP(), vcp code = 20
2025/10/28 20:01:13.234 [T:0xc2517] [DisplayControl] Exit MCCSOtherSet::GetVCP()
2025/10/28 20:01:13.939 [T:0xc2517] [DisplayControl] Enter MCCSOtherSet::GetVCP(), vcp code = 16
2025/10/28 20:01:14.022 [T:0xc2517] [DisplayControl] Exit MCCSOtherSet::GetVCP()
2025/10/28 20:01:14.732 [T:0xc2517] [DisplayControl] Enter MCCSOtherSet::GetVCP(), vcp code = 18
2025/10/28 20:01:14.801 [T:0xc2517] [DisplayControl] Exit MCCSOtherSet::GetVCP()
2025/10/28 20:01:15.509 [T:0xc2517] [DisplayControl] Enter MCCSOtherSet::GetVCP(), vcp code = 135
2025/10/28 20:01:15.592 [T:0xc2517] [DisplayControl] Exit MCCSOtherSet::GetVCP()
2025/10/28 20:02:51.212 [T:0x4d845] [DisplayControl] Enter MCCSOtherSet::GetVCP(), vcp code = 170
2025/10/28 20:02:51.336 [T:0x4d845] [DisplayControl] Exit MCCSOtherSet::GetVCP()
2025/10/28 20:03:16.501 [T:0xc2517] [DisplayControl] Enter MCCSOtherSet::SetVCP(), vcp code = 220
2025/10/28 20:03:17.481 [T:0xc2517] [DisplayControl] Exit MCCSOtherSet::SetVCP()
2025/10/28 20:03:18.084 [T:0xc2517] [DisplayControl] Enter MCCSOtherSet::GetVCP(), vcp code = 20
2025/10/28 20:03:18.168 [T:0xc2517] [DisplayControl] Exit MCCSOtherSet::GetVCP()
2025/10/28 20:03:18.878 [T:0xc2517] [DisplayControl] Enter MCCSOtherSet::GetVCP(), vcp code = 16
2025/10/28 20:03:18.995 [T:0xc2517] [DisplayControl] Exit MCCSOtherSet::GetVCP()
2025/10/28 20:03:19.709 [T:0xc2517] [DisplayControl] Enter MCCSOtherSet::GetVCP(), vcp code = 18
2025/10/28 20:03:19.778 [T:0xc2517] [DisplayControl] Exit MCCSOtherSet::GetVCP()
2025/10/28 20:03:20.488 [T:0xc2517] [DisplayControl] Enter MCCSOtherSet::GetVCP(), vcp code = 135
2025/10/28 20:03:20.558 [T:0xc2517] [DisplayControl] Exit MCCSOtherSet::GetVCP()
2025/10/28 20:04:56.056 [T:0x4d845] [DisplayControl] Enter MCCSOtherSet::GetVCP(), vcp code = 170
2025/10/28 20:04:56.179 [T:0x4d845] [DisplayControl] Exit MCCSOtherSet::GetVCP()
2025/10/28 20:05:21.396 [T:0xc2517] [DisplayControl] Enter MCCSOtherSet::SetVCP(), vcp code = 220
2025/10/28 20:05:22.320 [T:0xc2517] [DisplayControl] Exit MCCSOtherSet::SetVCP()
2025/10/28 20:05:22.924 [T:0xc2517] [DisplayControl] Enter MCCSOtherSet::GetVCP(), vcp code = 20
2025/10/28 20:05:22.994 [T:0xc2517] [DisplayControl] Exit MCCSOtherSet::GetVCP()
2025/10/28 20:05:23.704 [T:0xc2517] [DisplayControl] Enter MCCSOtherSet::GetVCP(), vcp code = 16
2025/10/28 20:05:23.835 [T:0xc2517] [DisplayControl] Exit MCCSOtherSet::GetVCP()
2025/10/28 20:05:24.544 [T:0xc2517] [DisplayControl] Enter MCCSOtherSet::GetVCP(), vcp code = 18
2025/10/28 20:05:24.615 [T:0xc2517] [DisplayControl] Exit MCCSOtherSet::GetVCP()
2025/10/28 20:05:25.320 [T:0xc2517] [DisplayControl] Enter MCCSOtherSet::GetVCP(), vcp code = 135
2025/10/28 20:05:25.390 [T:0xc2517] [DisplayControl] Exit MCCSOtherSet::GetVCP()
2025/10/28 20:07:01.012 [T:0x4d845] [DisplayControl] Enter MCCSOtherSet::GetVCP(), vcp code = 170
2025/10/28 20:07:01.136 [T:0x4d845] [DisplayControl] Exit MCCSOtherSet::GetVCP()
2025/10/28 20:07:26.214 [T:0x8fa6e] [DisplayControl] Enter MCCSOtherSet::SetVCP(), vcp code = 220
2025/10/28 20:07:27.148 [T:0x8fa6e] [DisplayControl] Exit MCCSOtherSet::SetVCP()
2025/10/28 20:07:27.749 [T:0x8fa6e] [DisplayControl] Enter MCCSOtherSet::GetVCP(), vcp code = 20
2025/10/28 20:07:27.818 [T:0x8fa6e] [DisplayControl] Exit MCCSOtherSet::GetVCP()
2025/10/28 20:07:28.523 [T:0x8fa6e] [DisplayControl] Enter MCCSOtherSet::GetVCP(), vcp code = 16
2025/10/28 20:07:28.607 [T:0x8fa6e] [DisplayControl] Exit MCCSOtherSet::GetVCP()
2025/10/28 20:07:29.316 [T:0x8fa6e] [DisplayControl] Enter MCCSOtherSet::GetVCP(), vcp code = 18
2025/10/28 20:07:29.384 [T:0x8fa6e] [DisplayControl] Exit MCCSOtherSet::GetVCP()
2025/10/28 20:07:30.093 [T:0x8fa6e] [DisplayControl] Enter MCCSOtherSet::GetVCP(), vcp code = 135
2025/10/28 20:07:30.163 [T:0x8fa6e] [DisplayControl] Exit MCCSOtherSet::GetVCP()
2025/10/28 20:09:05.687 [T:0x4d845] [DisplayControl] Enter MCCSOtherSet::GetVCP(), vcp code = 170
2025/10/28 20:09:05.811 [T:0x4d845] [DisplayControl] Exit MCCSOtherSet::GetVCP()
2025/10/28 20:11:10.679 [T:0x4d845] [DisplayControl] Enter MCCSOtherSet::GetVCP(), vcp code = 170
2025/10/28 20:11:10.815 [T:0x4d845] [DisplayControl] Exit MCCSOtherSet::GetVCP()
2025/10/28 20:11:35.984 [T:0xc2517] [DisplayControl] Enter MCCSOtherSet::SetVCP(), vcp code = 220
2025/10/28 20:11:36.909 [T:0xc2517] [DisplayControl] Exit MCCSOtherSet::SetVCP()
2025/10/28 20:11:37.523 [T:0xc2517] [DisplayControl] Enter MCCSOtherSet::GetVCP(), vcp code = 20
2025/10/28 20:11:37.592 [T:0xc2517] [DisplayControl] Exit MCCSOtherSet::GetVCP()
2025/10/28 20:11:38.299 [T:0xc2517] [DisplayControl] Enter MCCSOtherSet::GetVCP(), vcp code = 16
2025/10/28 20:11:38.414 [T:0xc2517] [DisplayControl] Exit MCCSOtherSet::GetVCP()
2025/10/28 20:11:39.125 [T:0xc2517] [DisplayControl] Enter MCCSOtherSet::GetVCP(), vcp code = 18
2025/10/28 20:11:39.194 [T:0xc2517] [DisplayControl] Exit MCCSOtherSet::GetVCP()
2025/10/28 20:11:39.901 [T:0xc2517] [DisplayControl] Enter MCCSOtherSet::GetVCP(), vcp code = 135
2025/10/28 20:11:39.972 [T:0xc2517] [DisplayControl] Exit MCCSOtherSet::GetVCP()
2025/10/28 20:13:15.512 [T:0x4d845] [DisplayControl] Enter MCCSOtherSet::GetVCP(), vcp code = 170
2025/10/28 20:13:15.664 [T:0x4d845] [DisplayControl] Exit MCCSOtherSet::GetVCP()
2025/10/28 20:13:40.866 [T:0x8fa6e] [DisplayControl] Enter MCCSOtherSet::SetVCP(), vcp code = 220
2025/10/28 20:13:41.813 [T:0x8fa6e] [DisplayControl] Exit MCCSOtherSet::SetVCP()
2025/10/28 20:13:42.415 [T:0x8fa6e] [DisplayControl] Enter MCCSOtherSet::GetVCP(), vcp code = 20
2025/10/28 20:13:42.485 [T:0x8fa6e] [DisplayControl] Exit MCCSOtherSet::GetVCP()
2025/10/28 20:13:43.193 [T:0x8fa6e] [DisplayControl] Enter MCCSOtherSet::GetVCP(), vcp code = 16
2025/10/28 20:13:43.326 [T:0x8fa6e] [DisplayControl] Exit MCCSOtherSet::GetVCP()
2025/10/28 20:13:44.052 [T:0x8fa6e] [DisplayControl] Enter MCCSOtherSet::GetVCP(), vcp code = 18
2025/10/28 20:13:44.122 [T:0x8fa6e] [DisplayControl] Exit MCCSOtherSet::GetVCP()
2025/10/28 20:13:44.829 [T:0x8fa6e] [DisplayControl] Enter MCCSOtherSet::GetVCP(), vcp code = 135
2025/10/28 20:13:44.899 [T:0x8fa6e] [DisplayControl] Exit MCCSOtherSet::GetVCP()
2025/10/28 20:15:20.401 [T:0x4d845] [DisplayControl] Enter MCCSOtherSet::GetVCP(), vcp code = 170
2025/10/28 20:15:20.523 [T:0x4d845] [DisplayControl] Exit MCCSOtherSet::GetVCP()
2025/10/28 20:15:45.708 [T:0xc2517] [DisplayControl] Enter MCCSOtherSet::SetVCP(), vcp code = 220
2025/10/28 20:15:46.639 [T:0xc2517] [DisplayControl] Exit MCCSOtherSet::SetVCP()
2025/10/28 20:15:47.240 [T:0xc2517] [DisplayControl] Enter MCCSOtherSet::GetVCP(), vcp code = 20
2025/10/28 20:15:47.309 [T:0xc2517] [DisplayControl] Exit MCCSOtherSet::GetVCP()
2025/10/28 20:15:48.022 [T:0xc2517] [DisplayControl] Enter MCCSOtherSet::GetVCP(), vcp code = 16
2025/10/28 20:15:48.214 [T:0xc2517] [DisplayControl] Exit MCCSOtherSet::GetVCP()
2025/10/28 20:15:48.926 [T:0xc2517] [DisplayControl] Enter MCCSOtherSet::GetVCP(), vcp code = 18
2025/10/28 20:15:48.995 [T:0xc2517] [DisplayControl] Exit MCCSOtherSet::GetVCP()
2025/10/28 20:15:49.706 [T:0xc2517] [DisplayControl] Enter MCCSOtherSet::GetVCP(), vcp code = 135
2025/10/28 20:15:49.775 [T:0xc2517] [DisplayControl] Exit MCCSOtherSet::GetVCP()
2025/10/28 20:17:25.185 [T:0x4d845] [DisplayControl] Enter MCCSOtherSet::GetVCP(), vcp code = 170
2025/10/28 20:17:25.308 [T:0x4d845] [DisplayControl] Exit MCCSOtherSet::GetVCP()
2025/10/28 20:17:50.587 [T:0x8fa6e] [DisplayControl] Enter MCCSOtherSet::SetVCP(), vcp code = 220
2025/10/28 20:17:51.525 [T:0x8fa6e] [DisplayControl] Exit MCCSOtherSet::SetVCP()
2025/10/28 20:17:52.128 [T:0x8fa6e] [DisplayControl] Enter MCCSOtherSet::GetVCP(), vcp code = 20
2025/10/28 20:17:52.197 [T:0x8fa6e] [DisplayControl] Exit MCCSOtherSet::GetVCP()
2025/10/28 20:17:52.904 [T:0x8fa6e] [DisplayControl] Enter MCCSOtherSet::GetVCP(), vcp code = 16
2025/10/28 20:17:52.988 [T:0x8fa6e] [DisplayControl] Exit MCCSOtherSet::GetVCP()
2025/10/28 20:17:53.698 [T:0x8fa6e] [DisplayControl] Enter MCCSOtherSet::GetVCP(), vcp code = 18
2025/10/28 20:17:53.767 [T:0x8fa6e] [DisplayControl] Exit MCCSOtherSet::GetVCP()
2025/10/28 20:17:54.478 [T:0x8fa6e] [DisplayControl] Enter MCCSOtherSet::GetVCP(), vcp code = 135
2025/10/28 20:17:54.547 [T:0x8fa6e] [DisplayControl] Exit MCCSOtherSet::GetVCP()
2025/10/28 20:19:30.051 [T:0x4d845] [DisplayControl] Enter MCCSOtherSet::GetVCP(), vcp code = 170
2025/10/28 20:19:30.207 [T:0x4d845] [DisplayControl] Exit MCCSOtherSet::GetVCP()
2025/10/28 20:19:55.456 [T:0x8fa6e] [DisplayControl] Enter MCCSOtherSet::SetVCP(), vcp code = 220
2025/10/28 20:19:56.447 [T:0x8fa6e] [DisplayControl] Exit MCCSOtherSet::SetVCP()
2025/10/28 20:19:57.063 [T:0x8fa6e] [DisplayControl] Enter MCCSOtherSet::GetVCP(), vcp code = 20
2025/10/28 20:19:57.134 [T:0x8fa6e] [DisplayControl] Exit MCCSOtherSet::GetVCP()
2025/10/28 20:19:57.841 [T:0x8fa6e] [DisplayControl] Enter MCCSOtherSet::GetVCP(), vcp code = 16
2025/10/28 20:19:57.959 [T:0x8fa6e] [DisplayControl] Exit MCCSOtherSet::GetVCP()
2025/10/28 20:19:58.673 [T:0x8fa6e] [DisplayControl] Enter MCCSOtherSet::GetVCP(), vcp code = 18
2025/10/28 20:19:58.742 [T:0x8fa6e] [DisplayControl] Exit MCCSOtherSet::GetVCP()
2025/10/28 20:19:59.449 [T:0x8fa6e] [DisplayControl] Enter MCCSOtherSet::GetVCP(), vcp code = 135
2025/10/28 20:19:59.518 [T:0x8fa6e] [DisplayControl] Exit MCCSOtherSet::GetVCP()
2025/10/28 20:21:35.040 [T:0x4d845] [DisplayControl] Enter MCCSOtherSet::GetVCP(), vcp code = 170
2025/10/28 20:21:35.163 [T:0x4d845] [DisplayControl] Exit MCCSOtherSet::GetVCP()
2025/10/28 20:22:00.358 [T:0xc2517] [DisplayControl] Enter MCCSOtherSet::SetVCP(), vcp code = 220
2025/10/28 20:22:01.307 [T:0xc2517] [DisplayControl] Exit MCCSOtherSet::SetVCP()
2025/10/28 20:22:01.911 [T:0xc2517] [DisplayControl] Enter MCCSOtherSet::GetVCP(), vcp code = 20
2025/10/28 20:22:01.994 [T:0xc2517] [DisplayControl] Exit MCCSOtherSet::GetVCP()
2025/10/28 20:22:02.707 [T:0xc2517] [DisplayControl] Enter MCCSOtherSet::GetVCP(), vcp code = 16
2025/10/28 20:22:02.823 [T:0xc2517] [DisplayControl] Exit MCCSOtherSet::GetVCP()
2025/10/28 20:22:03.532 [T:0xc2517] [DisplayControl] Enter MCCSOtherSet::GetVCP(), vcp code = 18
2025/10/28 20:22:03.602 [T:0xc2517] [DisplayControl] Exit MCCSOtherSet::GetVCP()
2025/10/28 20:22:04.316 [T:0xc2517] [DisplayControl] Enter MCCSOtherSet::GetVCP(), vcp code = 135
2025/10/28 20:22:04.384 [T:0xc2517] [DisplayControl] Exit MCCSOtherSet::GetVCP()
2025/10/28 20:23:39.801 [T:0x4d845] [DisplayControl] Enter MCCSOtherSet::GetVCP(), vcp code = 170
2025/10/28 20:23:39.925 [T:0x4d845] [DisplayControl] Exit MCCSOtherSet::GetVCP()
2025/10/28 20:24:05.126 [T:0xc2517] [DisplayControl] Enter MCCSOtherSet::SetVCP(), vcp code = 220
2025/10/28 20:24:06.053 [T:0xc2517] [DisplayControl] Exit MCCSOtherSet::SetVCP()
2025/10/28 20:24:06.655 [T:0xc2517] [DisplayControl] Enter MCCSOtherSet::GetVCP(), vcp code = 20
2025/10/28 20:24:06.725 [T:0xc2517] [DisplayControl] Exit MCCSOtherSet::GetVCP()
2025/10/28 20:24:07.430 [T:0xc2517] [DisplayControl] Enter MCCSOtherSet::GetVCP(), vcp code = 16
2025/10/28 20:24:07.548 [T:0xc2517] [DisplayControl] Exit MCCSOtherSet::GetVCP()
2025/10/28 20:24:08.269 [T:0xc2517] [DisplayControl] Enter MCCSOtherSet::GetVCP(), vcp code = 18
2025/10/28 20:24:08.338 [T:0xc2517] [DisplayControl] Exit MCCSOtherSet::GetVCP()
2025/10/28 20:24:09.048 [T:0xc2517] [DisplayControl] Enter MCCSOtherSet::GetVCP(), vcp code = 135
2025/10/28 20:24:09.117 [T:0xc2517] [DisplayControl] Exit MCCSOtherSet::GetVCP()
2025/10/28 20:25:44.654 [T:0x4d845] [DisplayControl] Enter MCCSOtherSet::GetVCP(), vcp code = 170
2025/10/28 20:25:44.808 [T:0x4d845] [DisplayControl] Exit MCCSOtherSet::GetVCP()
2025/10/28 20:26:10.086 [T:0x8fa6e] [DisplayControl] Enter MCCSOtherSet::SetVCP(), vcp code = 220
2025/10/28 20:26:11.121 [T:0x8fa6e] [DisplayControl] Exit MCCSOtherSet::SetVCP()
2025/10/28 20:26:11.737 [T:0x8fa6e] [DisplayControl] Enter MCCSOtherSet::GetVCP(), vcp code = 20
2025/10/28 20:26:11.807 [T:0x8fa6e] [DisplayControl] Exit MCCSOtherSet::GetVCP()
2025/10/28 20:26:12.519 [T:0x8fa6e] [DisplayControl] Enter MCCSOtherSet::GetVCP(), vcp code = 16
2025/10/28 20:26:12.618 [T:0x8fa6e] [DisplayControl] Exit MCCSOtherSet::GetVCP()
2025/10/28 20:26:13.331 [T:0x8fa6e] [DisplayControl] Enter MCCSOtherSet::GetVCP(), vcp code = 18
2025/10/28 20:26:13.402 [T:0x8fa6e] [DisplayControl] Exit MCCSOtherSet::GetVCP()
2025/10/28 20:26:14.109 [T:0x8fa6e] [DisplayControl] Enter MCCSOtherSet::GetVCP(), vcp code = 135
2025/10/28 20:26:14.179 [T:0x8fa6e] [DisplayControl] Exit MCCSOtherSet::GetVCP()
2025/10/28 20:27:49.673 [T:0x4d845] [DisplayControl] Enter MCCSOtherSet::GetVCP(), vcp code = 170
2025/10/28 20:27:49.798 [T:0x4d845] [DisplayControl] Exit MCCSOtherSet::GetVCP()
2025/10/28 20:28:14.956 [T:0xc2517] [DisplayControl] Enter MCCSOtherSet::SetVCP(), vcp code = 220
2025/10/28 20:28:15.882 [T:0xc2517] [DisplayControl] Exit MCCSOtherSet::SetVCP()
2025/10/28 20:28:16.485 [T:0xc2517] [DisplayControl] Enter MCCSOtherSet::GetVCP(), vcp code = 20
2025/10/28 20:28:16.568 [T:0xc2517] [DisplayControl] Exit MCCSOtherSet::GetVCP()
2025/10/28 20:28:17.293 [T:0xc2517] [DisplayControl] Enter MCCSOtherSet::GetVCP(), vcp code = 16
2025/10/28 20:28:17.391 [T:0xc2517] [DisplayControl] Exit MCCSOtherSet::GetVCP()
2025/10/28 20:28:18.102 [T:0xc2517] [DisplayControl] Enter MCCSOtherSet::GetVCP(), vcp code = 18
2025/10/28 20:28:18.172 [T:0xc2517] [DisplayControl] Exit MCCSOtherSet::GetVCP()
2025/10/28 20:28:18.874 [T:0xc2517] [DisplayControl] Enter MCCSOtherSet::GetVCP(), vcp code = 135
2025/10/28 20:28:18.946 [T:0xc2517] [DisplayControl] Exit MCCSOtherSet::GetVCP()
2025/10/28 20:29:54.386 [T:0x4d845] [DisplayControl] Enter MCCSOtherSet::GetVCP(), vcp code = 170
2025/10/28 20:29:54.507 [T:0x4d845] [DisplayControl] Exit MCCSOtherSet::GetVCP()
2025/10/28 20:30:19.816 [T:0xc2517] [DisplayControl] Enter MCCSOtherSet::SetVCP(), vcp code = 220
2025/10/28 20:30:20.770 [T:0xc2517] [DisplayControl] Exit MCCSOtherSet::SetVCP()
2025/10/28 20:30:21.373 [T:0xc2517] [DisplayControl] Enter MCCSOtherSet::GetVCP(), vcp code = 20
2025/10/28 20:30:21.443 [T:0xc2517] [DisplayControl] Exit MCCSOtherSet::GetVCP()
2025/10/28 20:30:22.152 [T:0xc2517] [DisplayControl] Enter MCCSOtherSet::GetVCP(), vcp code = 16
2025/10/28 20:30:22.285 [T:0xc2517] [DisplayControl] Exit MCCSOtherSet::GetVCP()
2025/10/28 20:30:22.988 [T:0xc2517] [DisplayControl] Enter MCCSOtherSet::GetVCP(), vcp code = 18
2025/10/28 20:30:23.069 [T:0xc2517] [DisplayControl] Exit MCCSOtherSet::GetVCP()
2025/10/28 20:30:23.776 [T:0xc2517] [DisplayControl] Enter MCCSOtherSet::GetVCP(), vcp code = 135
2025/10/28 20:30:23.846 [T:0xc2517] [DisplayControl] Exit MCCSOtherSet::GetVCP()
2025/10/28 20:31:59.317 [T:0x4d845] [DisplayControl] Enter MCCSOtherSet::GetVCP(), vcp code = 170
2025/10/28 20:31:59.438 [T:0x4d845] [DisplayControl] Exit MCCSOtherSet::GetVCP()
2025/10/28 20:32:24.726 [T:0xc2517] [DisplayControl] Enter MCCSOtherSet::SetVCP(), vcp code = 220
2025/10/28 20:32:25.683 [T:0xc2517] [DisplayControl] Exit MCCSOtherSet::SetVCP()
2025/10/28 20:32:26.285 [T:0xc2517] [DisplayControl] Enter MCCSOtherSet::GetVCP(), vcp code = 20
2025/10/28 20:32:26.355 [T:0xc2517] [DisplayControl] Exit MCCSOtherSet::GetVCP()
2025/10/28 20:32:27.061 [T:0xc2517] [DisplayControl] Enter MCCSOtherSet::GetVCP(), vcp code = 16
2025/10/28 20:32:27.145 [T:0xc2517] [DisplayControl] Exit MCCSOtherSet::GetVCP()
2025/10/28 20:32:27.857 [T:0xc2517] [DisplayControl] Enter MCCSOtherSet::GetVCP(), vcp code = 18
2025/10/28 20:32:27.926 [T:0xc2517] [DisplayControl] Exit MCCSOtherSet::GetVCP()
2025/10/28 20:32:28.635 [T:0xc2517] [DisplayControl] Enter MCCSOtherSet::GetVCP(), vcp code = 135
2025/10/28 20:32:28.706 [T:0xc2517] [DisplayControl] Exit MCCSOtherSet::GetVCP()
2025/10/28 20:34:04.111 [T:0x4d845] [DisplayControl] Enter MCCSOtherSet::GetVCP(), vcp code = 170
2025/10/28 20:34:04.230 [T:0x4d845] [DisplayControl] Exit MCCSOtherSet::GetVCP()
2025/10/28 20:34:24.124 [T:0x4d845] [DisplayControl] Enter MCCSOtherSet::GetVCP(), vcp code = 170
2025/10/28 20:34:24.280 [T:0x4d845] [DisplayControl] Exit MCCSOtherSet::GetVCP()
2025/10/28 20:34:41.981 [T:0x8fa6e] [DisplayControl] Enter MCCSOtherSet::SetVCP(), vcp code = 4
2025/10/28 20:34:42.914 [T:0x8fa6e] [DisplayControl] Exit MCCSOtherSet::SetVCP()
2025/10/28 20:34:47.930 [T:0x8fa6e] [DisplayControl] Enter OperationThread::ExitThread
2025/10/28 20:34:47.930 [T:0x8fa6e] [DisplayControl] Exit OperationThread::ExitThread
2025/10/28 20:34:47.930 [T:0x8fa6e] [DisplayControl] Enter OperationThread::~OperationThread()
2025/10/28 20:34:47.930 [T:0x8fa6e] [DisplayControl] Enter OperationThread::ExitThread
2025/10/28 20:34:47.930 [T:0x8fa6e] [DisplayControl] Enter OperationThread::ExitThread
2025/10/28 20:34:47.931 [T:0x8fa6e] [DisplayControl] Exit OperationThread::ExitThread
2025/10/28 20:34:47.931 [T:0x8fa6e] [DisplayControl] Enter OperationThread::~OperationThread()
2025/10/28 20:34:47.931 [T:0x8fa6e] [DisplayControl] Enter OperationThread::ExitThread
2025/10/28 20:34:47.931 [T:0x8fa6e] [DisplayControl] Enter OperationThread::ExitThread
2025/10/28 20:34:47.931 [T:0x8fa6e] [DisplayControl] Exit OperationThread::ExitThread
2025/10/28 20:34:47.931 [T:0x8fa6e] [DisplayControl] Enter OperationThread::~OperationThread()
2025/10/28 20:34:47.931 [T:0x8fa6e] [DisplayControl] Enter OperationThread::ExitThread
2025/10/28 20:34:47.980 [T:0x8fa6e] [DbgStr] After calling display_control_client_listener_video_port_.UpdateAllDisplayPath()
2025/10/28 20:34:47.984 [T:0x8fa6e] [DbgStr] After calling display_control_client_listener_.GetAllDisplayEDID()
2025/10/28 20:34:48.126 [T:0x8fa6e] [DbgStr] After calling display_control_client_listener_rtd_scalar_rts_hub_.GetAllDisplayEDID()
2025/10/28 20:34:48.147 [T:0x8fa6e] [DisplayControl] Version = 3.0.6.0
2025/10/28 20:34:48.147 [T:0x8fa6e] [DisplayControl] Enter ObtainControlHandler1
2025/10/28 20:34:48.147 [T:0x8fa6e] [DisplayControl] GetVideoPortCommander
2025/10/28 20:34:48.148 [T:0x8fa6e] [DisplayControl] GetUSBHubCommander
2025/10/28 20:34:48.148 [T:0x8fa6e] ====== List p_lpo_display_info_video_port, # of devices is ======3
2025/10/28 20:34:48.148 [T:0x8fa6e] [DisplayControl] index of p_lpo_display_info_video_port0
2025/10/28 20:34:48.148 [T:0x8fa6e] [DisplayControl] Model name from VideoPort = Generic PnP Monitor
2025/10/28 20:34:48.148 [T:0x8fa6e] [DisplayControl] SN from VideoPort = M3NRKD019636107
2025/10/28 20:34:48.148 [T:0x8fa6e] [DisplayControl] index of p_lpo_display_info_video_port1
2025/10/28 20:34:48.148 [T:0x8fa6e] [DisplayControl] Model name from VideoPort = VP2458
2025/10/28 20:34:48.148 [T:0x8fa6e] [DisplayControl] SN from VideoPort = VKR183100011
2025/10/28 20:34:48.148 [T:0x8fa6e] [DisplayControl] index of p_lpo_display_info_video_port2
2025/10/28 20:34:48.148 [T:0x8fa6e] [DisplayControl] Model name from VideoPort = VP3256-4K
2025/10/28 20:34:48.148 [T:0x8fa6e] [DisplayControl] SN from VideoPort = WPK214700016
2025/10/28 20:34:48.148 [T:0x8fa6e] ====== List p_lpo_display_info_rtd_scalar_rts_hub, # of devices is ======0
2025/10/28 20:34:48.148 [T:0x8fa6e] [DisplayControl] GetVSRtkHubControlClientListener
2025/10/28 20:34:48.148 [T:0x8fa6e] [DisplayControl] max monitor count = 3
2025/10/28 20:34:48.148 [T:0x8fa6e] [DisplayControl] index of display_info_vec = 0
2025/10/28 20:34:48.148 [T:0x8fa6e] [DisplayControl] index of p_lpo_display_info_video_port = 0
2025/10/28 20:34:48.148 [T:0x8fa6e] [DisplayControl] VideoPortMatchingRule
2025/10/28 20:34:48.148 [T:0x8fa6e] [DisplayControl] monitor display_info_model_name = Generic PnP Monitor
2025/10/28 20:34:48.148 [T:0x8fa6e] [DisplayControl] monitor video_port_model_name = Generic PnP Monitor
2025/10/28 20:34:48.148 [T:0x8fa6e] [DisplayControl] monitor display_info_sn = M3NRKD019636107
2025/10/28 20:34:48.148 [T:0x8fa6e] [DisplayControl] monitor video_port_sn = M3NRKD019636107
2025/10/28 20:34:48.148 [T:0x8fa6e] [DisplayControl] model_name_match = 1
2025/10/28 20:34:48.148 [T:0x8fa6e] [DisplayControl] sn_match = 1
2025/10/28 20:34:48.148 [T:0x8fa6e] [DisplayControl] video_port is_match = 1
2025/10/28 20:34:48.148 [T:0x8fa6e] [DisplayControl] index of display_info_vec = 1
2025/10/28 20:34:48.148 [T:0x8fa6e] [DisplayControl] index of p_lpo_display_info_video_port = 0
2025/10/28 20:34:48.148 [T:0x8fa6e] [DisplayControl] VideoPortMatchingRule
2025/10/28 20:34:48.149 [T:0x8fa6e] [DisplayControl] monitor display_info_model_name = VP2458
2025/10/28 20:34:48.149 [T:0x8fa6e] [DisplayControl] monitor video_port_model_name = Generic PnP Monitor
2025/10/28 20:34:48.149 [T:0x8fa6e] [DisplayControl] monitor display_info_sn = VKR183100011
2025/10/28 20:34:48.149 [T:0x8fa6e] [DisplayControl] monitor video_port_sn = M3NRKD019636107
2025/10/28 20:34:48.149 [T:0x8fa6e] [DisplayControl] model_name_match = 0
2025/10/28 20:34:48.149 [T:0x8fa6e] [DisplayControl] sn_match = 0
2025/10/28 20:34:48.149 [T:0x8fa6e] [DisplayControl] video_port is_match = 0
2025/10/28 20:34:48.149 [T:0x8fa6e] [DisplayControl] index of display_info_vec = 1
2025/10/28 20:34:48.149 [T:0x8fa6e] [DisplayControl] index of p_lpo_display_info_video_port = 1
2025/10/28 20:34:48.149 [T:0x8fa6e] [DisplayControl] VideoPortMatchingRule
2025/10/28 20:34:48.149 [T:0x8fa6e] [DisplayControl] monitor display_info_model_name = VP2458
2025/10/28 20:34:48.149 [T:0x8fa6e] [DisplayControl] monitor video_port_model_name = VP2458
2025/10/28 20:34:48.149 [T:0x8fa6e] [DisplayControl] monitor display_info_sn = VKR183100011
2025/10/28 20:34:48.149 [T:0x8fa6e] [DisplayControl] monitor video_port_sn = VKR183100011
2025/10/28 20:34:48.149 [T:0x8fa6e] [DisplayControl] model_name_match = 1
2025/10/28 20:34:48.149 [T:0x8fa6e] [DisplayControl] sn_match = 1
2025/10/28 20:34:48.149 [T:0x8fa6e] [DisplayControl] video_port is_match = 1
2025/10/28 20:34:48.149 [T:0x8fa6e] [DisplayControl] index of display_info_vec = 2
2025/10/28 20:34:48.149 [T:0x8fa6e] [DisplayControl] index of p_lpo_display_info_video_port = 0
2025/10/28 20:34:48.149 [T:0x8fa6e] [DisplayControl] VideoPortMatchingRule
2025/10/28 20:34:48.149 [T:0x8fa6e] [DisplayControl] monitor display_info_model_name = VP3256-4K
2025/10/28 20:34:48.149 [T:0x8fa6e] [DisplayControl] monitor video_port_model_name = Generic PnP Monitor
2025/10/28 20:34:48.149 [T:0x8fa6e] [DisplayControl] monitor display_info_sn = WPK214700016
2025/10/28 20:34:48.149 [T:0x8fa6e] [DisplayControl] monitor video_port_sn = M3NRKD019636107
2025/10/28 20:34:48.149 [T:0x8fa6e] [DisplayControl] model_name_match = 0
2025/10/28 20:34:48.149 [T:0x8fa6e] [DisplayControl] sn_match = 0
2025/10/28 20:34:48.149 [T:0x8fa6e] [DisplayControl] video_port is_match = 0
2025/10/28 20:34:48.150 [T:0x8fa6e] [DisplayControl] index of display_info_vec = 2
2025/10/28 20:34:48.150 [T:0x8fa6e] [DisplayControl] index of p_lpo_display_info_video_port = 1
2025/10/28 20:34:48.150 [T:0x8fa6e] [DisplayControl] VideoPortMatchingRule
2025/10/28 20:34:48.150 [T:0x8fa6e] [DisplayControl] monitor display_info_model_name = VP3256-4K
2025/10/28 20:34:48.150 [T:0x8fa6e] [DisplayControl] monitor video_port_model_name = VP2458
2025/10/28 20:34:48.150 [T:0x8fa6e] [DisplayControl] monitor display_info_sn = WPK214700016
2025/10/28 20:34:48.150 [T:0x8fa6e] [DisplayControl] monitor video_port_sn = VKR183100011
2025/10/28 20:34:48.150 [T:0x8fa6e] [DisplayControl] model_name_match = 0
2025/10/28 20:34:48.150 [T:0x8fa6e] [DisplayControl] sn_match = 0
2025/10/28 20:34:48.150 [T:0x8fa6e] [DisplayControl] video_port is_match = 0
2025/10/28 20:34:48.150 [T:0x8fa6e] [DisplayControl] index of display_info_vec = 2
2025/10/28 20:34:48.150 [T:0x8fa6e] [DisplayControl] index of p_lpo_display_info_video_port = 2
2025/10/28 20:34:48.150 [T:0x8fa6e] [DisplayControl] VideoPortMatchingRule
2025/10/28 20:34:48.150 [T:0x8fa6e] [DisplayControl] monitor display_info_model_name = VP3256-4K
2025/10/28 20:34:48.150 [T:0x8fa6e] [DisplayControl] monitor video_port_model_name = VP3256-4K
2025/10/28 20:34:48.150 [T:0x8fa6e] [DisplayControl] monitor display_info_sn = WPK214700016
2025/10/28 20:34:48.150 [T:0x8fa6e] [DisplayControl] monitor video_port_sn = WPK214700016
2025/10/28 20:34:48.150 [T:0x8fa6e] [DisplayControl] model_name_match = 1
2025/10/28 20:34:48.150 [T:0x8fa6e] [DisplayControl] sn_match = 1
2025/10/28 20:34:48.150 [T:0x8fa6e] [DisplayControl] video_port is_match = 1
2025/10/28 20:34:48.150 [T:0x8fa6e] [DisplayControl] i = 0
2025/10/28 20:34:48.150 [T:0x8fa6e] [DisplayControl] Enter OperationThread::OperationThread()
2025/10/28 20:34:48.150 [T:0x8fa6e] [DisplayControl] Enter OperationThread::CreateThread
2025/10/28 20:34:48.150 [T:0x8fa6e] [DisplayControl] new DisplayFunctioner
2025/10/28 20:34:48.150 [T:0x8fa6e] [DisplayControl] insert displayer_vector
2025/10/28 20:34:48.150 [T:0x8fa6e] [DisplayControl] insert modelName_SN_to_Display_map
2025/10/28 20:34:48.151 [T:0x8fa6e] [DisplayControl] insert device_id_to_Displayer_map_
2025/10/28 20:34:48.151 [T:0x8fa6e] [DisplayControl] i = 1
2025/10/28 20:34:48.151 [T:0x8fa6e] [DisplayControl] Enter OperationThread::OperationThread()
2025/10/28 20:34:48.151 [T:0x8fa6e] [DisplayControl] Enter OperationThread::CreateThread
2025/10/28 20:34:48.151 [T:0x8fa6e] [DisplayControl] new DisplayFunctioner
2025/10/28 20:34:48.151 [T:0x8fa6e] [DisplayControl] insert displayer_vector
2025/10/28 20:34:48.151 [T:0x8fa6e] [DisplayControl] insert modelName_SN_to_Display_map
2025/10/28 20:34:48.151 [T:0x8fa6e] [DisplayControl] insert device_id_to_Displayer_map_
2025/10/28 20:34:48.151 [T:0x8fa6e] [DisplayControl] i = 2
2025/10/28 20:34:48.151 [T:0x8fa6e] [DisplayControl] Enter OperationThread::OperationThread()
2025/10/28 20:34:48.151 [T:0x8fa6e] [DisplayControl] Enter OperationThread::CreateThread
2025/10/28 20:34:48.151 [T:0x8fa6e] [DisplayControl] new DisplayFunctioner
2025/10/28 20:34:48.151 [T:0x8fa6e] [DisplayControl] insert displayer_vector
2025/10/28 20:34:48.151 [T:0x8fa6e] [DisplayControl] insert modelName_SN_to_Display_map
2025/10/28 20:34:48.151 [T:0x8fa6e] [DisplayControl] insert device_id_to_Displayer_map_
2025/10/28 20:34:48.151 [T:0x8fa6e] [DisplayControl] monitor size = 3
2025/10/28 20:34:48.151 [T:0x8fa6e] [DisplayControl] Exit ObtainControlHandler
2025/10/28 20:34:48.152 [T:0x8fa6e] [DisplayControl] Enter MCCSOtherSet::GetVCP(), vcp code = 96
2025/10/28 20:34:48.218 [T:0x8fa6e] [DisplayControl] Exit MCCSOtherSet::GetVCP()
2025/10/28 20:34:48.468 [T:0x8fa6e] [DisplayControl] Enter MCCSOtherSet::GetVCP(), vcp code = 96
2025/10/28 20:34:48.549 [T:0x8fa6e] [DisplayControl] Exit MCCSOtherSet::GetVCP()
2025/10/28 20:34:48.831 [T:0x8fa6e] [DisplayControl] Enter MCCSOtherSet::GetVCP(), vcp code = 5
2025/10/28 20:34:48.901 [T:0x8fa6e] [DisplayControl] Exit MCCSOtherSet::GetVCP()
2025/10/28 20:34:49.004 [T:0x8fa6e] [DisplayControl] Enter MCCSOtherSet::GetVCP(), vcp code = 8
2025/10/28 20:34:49.074 [T:0x8fa6e] [DisplayControl] Exit MCCSOtherSet::GetVCP()
2025/10/28 20:34:49.177 [T:0x8fa6e] [DisplayControl] Enter MCCSOtherSet::GetVCP(), vcp code = 20
2025/10/28 20:34:49.247 [T:0x8fa6e] [DisplayControl] Exit MCCSOtherSet::GetVCP()
2025/10/28 20:34:49.349 [T:0x8fa6e] [DisplayControl] Enter MCCSOtherSet::GetVCP(), vcp code = 16
2025/10/28 20:34:49.420 [T:0x8fa6e] [DisplayControl] Exit MCCSOtherSet::GetVCP()
2025/10/28 20:34:49.521 [T:0x8fa6e] [DisplayControl] Enter MCCSOtherSet::GetVCP(), vcp code = 4
2025/10/28 20:34:49.591 [T:0x8fa6e] [DisplayControl] Exit MCCSOtherSet::GetVCP()
2025/10/28 20:34:49.691 [T:0x8fa6e] [DisplayControl] Enter MCCSOtherSet::GetVCP(), vcp code = 141
2025/10/28 20:34:49.762 [T:0x8fa6e] [DisplayControl] Exit MCCSOtherSet::GetVCP()
2025/10/28 20:34:49.863 [T:0x8fa6e] [DisplayControl] Enter MCCSOtherSet::GetVCP(), vcp code = 170
2025/10/28 20:34:49.934 [T:0x8fa6e] [DisplayControl] Exit MCCSOtherSet::GetVCP()
2025/10/28 20:34:50.049 [T:0x8fa6e] [DisplayControl] Enter MCCSOtherSet::GetVCP(), vcp code = 18
2025/10/28 20:34:50.118 [T:0x8fa6e] [DisplayControl] Exit MCCSOtherSet::GetVCP()
2025/10/28 20:34:50.220 [T:0x8fa6e] [DisplayControl] Enter MCCSOtherSet::GetVCP(), vcp code = 96
2025/10/28 20:34:50.291 [T:0x8fa6e] [DisplayControl] Exit MCCSOtherSet::GetVCP()
2025/10/28 20:34:50.407 [T:0x8fa6e] [DisplayControl] Enter MCCSOtherSet::GetVCP(), vcp code = 51
2025/10/28 20:34:50.476 [T:0x8fa6e] [DisplayControl] Exit MCCSOtherSet::GetVCP()
2025/10/28 20:34:50.580 [T:0x8fa6e] [DisplayControl] Enter MCCSOtherSet::GetVCP(), vcp code = 97
2025/10/28 20:34:50.649 [T:0x8fa6e] [DisplayControl] Exit MCCSOtherSet::GetVCP()
2025/10/28 20:34:50.752 [T:0x8fa6e] [DisplayControl] Enter MCCSOtherSet::GetVCP(), vcp code = 135
2025/10/28 20:34:50.821 [T:0x8fa6e] [DisplayControl] Exit MCCSOtherSet::GetVCP()
2025/10/28 20:34:50.923 [T:0x8fa6e] [DisplayControl] Enter MCCSOtherSet::GetVCP(), vcp code = 220
2025/10/28 20:34:50.993 [T:0x8fa6e] [DisplayControl] Exit MCCSOtherSet::GetVCP()
2025/10/28 20:34:51.095 [T:0x8fa6e] [DisplayControl] Enter MCCSOtherSet::GetVCP(), vcp code = 226
2025/10/28 20:34:51.165 [T:0x8fa6e] [DisplayControl] Exit MCCSOtherSet::GetVCP()
2025/10/28 20:34:51.281 [T:0x8fa6e] [DisplayControl] Enter MCCSOtherSet::GetVCP(), vcp code = 43
2025/10/28 20:34:51.358 [T:0x8fa6e] [DisplayControl] Exit MCCSOtherSet::GetVCP()
2025/10/28 20:34:51.469 [T:0x8fa6e] [DisplayControl] Enter MCCSOtherSet::GetVCP(), vcp code = 5
2025/10/28 20:34:51.541 [T:0x8fa6e] [DisplayControl] Exit MCCSOtherSet::GetVCP()
2025/10/28 20:34:51.657 [T:0x8fa6e] [DisplayControl] Enter MCCSOtherSet::GetVCP(), vcp code = 8
2025/10/28 20:34:51.729 [T:0x8fa6e] [DisplayControl] Exit MCCSOtherSet::GetVCP()
2025/10/28 20:34:51.844 [T:0x8fa6e] [DisplayControl] Enter MCCSOtherSet::GetVCP(), vcp code = 20
2025/10/28 20:34:51.916 [T:0x8fa6e] [DisplayControl] Exit MCCSOtherSet::GetVCP()
2025/10/28 20:34:52.029 [T:0x8fa6e] [DisplayControl] Enter MCCSOtherSet::GetVCP(), vcp code = 16
2025/10/28 20:34:52.102 [T:0x8fa6e] [DisplayControl] Exit MCCSOtherSet::GetVCP()
2025/10/28 20:34:52.217 [T:0x8fa6e] [DisplayControl] Enter MCCSOtherSet::GetVCP(), vcp code = 4
2025/10/28 20:34:52.292 [T:0x8fa6e] [DisplayControl] Exit MCCSOtherSet::GetVCP()
2025/10/28 20:34:52.405 [T:0x8fa6e] [DisplayControl] Enter MCCSOtherSet::GetVCP(), vcp code = 141
2025/10/28 20:34:52.480 [T:0x8fa6e] [DisplayControl] Exit MCCSOtherSet::GetVCP()
2025/10/28 20:34:52.591 [T:0x8fa6e] [DisplayControl] Enter MCCSOtherSet::GetVCP(), vcp code = 170
2025/10/28 20:34:52.668 [T:0x8fa6e] [DisplayControl] Exit MCCSOtherSet::GetVCP()
2025/10/28 20:34:52.778 [T:0x8fa6e] [DisplayControl] Enter MCCSOtherSet::GetVCP(), vcp code = 98
2025/10/28 20:34:52.852 [T:0x8fa6e] [DisplayControl] Exit MCCSOtherSet::GetVCP()
2025/10/28 20:34:52.965 [T:0x8fa6e] [DisplayControl] Enter MCCSOtherSet::GetVCP(), vcp code = 18
2025/10/28 20:34:53.037 [T:0x8fa6e] [DisplayControl] Exit MCCSOtherSet::GetVCP()
2025/10/28 20:34:53.150 [T:0x8fa6e] [DisplayControl] Enter MCCSOtherSet::GetVCP(), vcp code = 96
2025/10/28 20:34:53.223 [T:0x8fa6e] [DisplayControl] Exit MCCSOtherSet::GetVCP()
2025/10/28 20:34:53.337 [T:0x8fa6e] [DisplayControl] Enter MCCSOtherSet::GetVCP(), vcp code = 51
2025/10/28 20:34:53.410 [T:0x8fa6e] [DisplayControl] Exit MCCSOtherSet::GetVCP()
2025/10/28 20:34:53.523 [T:0x8fa6e] [DisplayControl] Enter MCCSOtherSet::GetVCP(), vcp code = 97
2025/10/28 20:34:53.596 [T:0x8fa6e] [DisplayControl] Exit MCCSOtherSet::GetVCP()
2025/10/28 20:34:53.710 [T:0x8fa6e] [DisplayControl] Enter MCCSOtherSet::GetVCP(), vcp code = 245
2025/10/28 20:34:53.783 [T:0x8fa6e] [DisplayControl] Exit MCCSOtherSet::GetVCP()
2025/10/28 20:34:53.897 [T:0x8fa6e] [DisplayControl] Enter MCCSOtherSet::GetVCP(), vcp code = 135
2025/10/28 20:34:53.976 [T:0x8fa6e] [DisplayControl] Exit MCCSOtherSet::GetVCP()
2025/10/28 20:34:54.085 [T:0x8fa6e] [DisplayControl] Enter MCCSOtherSet::GetVCP(), vcp code = 220
2025/10/28 20:34:54.158 [T:0x8fa6e] [DisplayControl] Exit MCCSOtherSet::GetVCP()
2025/10/28 20:34:54.271 [T:0x8fa6e] [DisplayControl] Enter MCCSOtherSet::GetVCP(), vcp code = 114
2025/10/28 20:34:54.346 [T:0x8fa6e] [DisplayControl] Exit MCCSOtherSet::GetVCP()
2025/10/28 20:34:54.460 [T:0x8fa6e] [DisplayControl] Enter MCCSOtherSet::GetVCP(), vcp code = 226
2025/10/28 20:34:54.534 [T:0x8fa6e] [DisplayControl] Exit MCCSOtherSet::GetVCP()
2025/10/28 20:34:54.661 [T:0x4d845] [DisplayControl] Enter MCCSOtherSet::GetVCP(), vcp code = 170
2025/10/28 20:34:54.738 [T:0x4d845] [DisplayControl] Exit MCCSOtherSet::GetVCP()
2025/10/28 20:34:54.739 [T:0x4d845] [DisplayControl] Enter MCCSOtherSet::GetVCP(), vcp code = 170
2025/10/28 20:34:54.809 [T:0x4d845] [DisplayControl] Exit MCCSOtherSet::GetVCP()
2025/10/28 20:34:55.000 [T:0x4d845] [DisplayControl] Enter MCCSOtherSet::GetVCP(), vcp code = 170
2025/10/28 20:34:55.122 [T:0x4d845] [DisplayControl] Exit MCCSOtherSet::GetVCP()
2025/10/28 20:35:45.531 [T:0xc2517] [DisplayControl] Enter MCCSOtherSet::SetVCP(), vcp code = 20
2025/10/28 20:35:45.684 [T:0xc2517] [DisplayControl] Exit MCCSOtherSet::SetVCP()
2025/10/28 20:35:46.301 [T:0xc2517] [DisplayControl] Enter MCCSOtherSet::GetVCP(), vcp code = 20
2025/10/28 20:35:46.371 [T:0xc2517] [DisplayControl] Exit MCCSOtherSet::GetVCP()
2025/10/28 20:35:47.078 [T:0xc2517] [DisplayControl] Enter MCCSOtherSet::GetVCP(), vcp code = 16
2025/10/28 20:35:47.176 [T:0xc2517] [DisplayControl] Exit MCCSOtherSet::GetVCP()
2025/10/28 20:35:47.888 [T:0xc2517] [DisplayControl] Enter MCCSOtherSet::GetVCP(), vcp code = 18
2025/10/28 20:35:47.957 [T:0xc2517] [DisplayControl] Exit MCCSOtherSet::GetVCP()
2025/10/28 20:35:48.668 [T:0xc2517] [DisplayControl] Enter MCCSOtherSet::GetVCP(), vcp code = 135
2025/10/28 20:35:48.739 [T:0xc2517] [DisplayControl] Exit MCCSOtherSet::GetVCP()
2025/10/28 20:37:25.039 [T:0x8fa6e] [DisplayControl] Enter MCCSOtherSet::SetVCP(), vcp code = 20
2025/10/28 20:37:25.203 [T:0x8fa6e] [DisplayControl] Exit MCCSOtherSet::SetVCP()
2025/10/28 20:37:25.804 [T:0x8fa6e] [DisplayControl] Enter MCCSOtherSet::GetVCP(), vcp code = 20
2025/10/28 20:37:25.881 [T:0x8fa6e] [DisplayControl] Exit MCCSOtherSet::GetVCP()
2025/10/28 20:37:26.594 [T:0x8fa6e] [DisplayControl] Enter MCCSOtherSet::GetVCP(), vcp code = 16
2025/10/28 20:37:26.709 [T:0x8fa6e] [DisplayControl] Exit MCCSOtherSet::GetVCP()
2025/10/28 20:37:27.423 [T:0x8fa6e] [DisplayControl] Enter MCCSOtherSet::GetVCP(), vcp code = 18
2025/10/28 20:37:27.492 [T:0x8fa6e] [DisplayControl] Exit MCCSOtherSet::GetVCP()
2025/10/28 20:37:28.205 [T:0x8fa6e] [DisplayControl] Enter MCCSOtherSet::GetVCP(), vcp code = 135
2025/10/28 20:37:28.287 [T:0x8fa6e] [DisplayControl] Exit MCCSOtherSet::GetVCP()
2025/10/28 20:39:04.194 [T:0x8fa6e] [DisplayControl] Enter MCCSOtherSet::SetVCP(), vcp code = 20
2025/10/28 20:39:04.359 [T:0x8fa6e] [DisplayControl] Exit MCCSOtherSet::SetVCP()
2025/10/28 20:39:04.961 [T:0x8fa6e] [DisplayControl] Enter MCCSOtherSet::GetVCP(), vcp code = 20
2025/10/28 20:39:05.030 [T:0x8fa6e] [DisplayControl] Exit MCCSOtherSet::GetVCP()
2025/10/28 20:39:05.740 [T:0x8fa6e] [DisplayControl] Enter MCCSOtherSet::GetVCP(), vcp code = 16
2025/10/28 20:39:05.933 [T:0x8fa6e] [DisplayControl] Exit MCCSOtherSet::GetVCP()
2025/10/28 20:39:06.640 [T:0x8fa6e] [DisplayControl] Enter MCCSOtherSet::GetVCP(), vcp code = 18
2025/10/28 20:39:06.710 [T:0x8fa6e] [DisplayControl] Exit MCCSOtherSet::GetVCP()
2025/10/28 20:39:07.431 [T:0x8fa6e] [DisplayControl] Enter MCCSOtherSet::GetVCP(), vcp code = 135
2025/10/28 20:39:07.516 [T:0x8fa6e] [DisplayControl] Exit MCCSOtherSet::GetVCP()
2025/10/28 20:40:43.285 [T:0xc2517] [DisplayControl] Enter MCCSOtherSet::SetVCP(), vcp code = 20
2025/10/28 20:40:43.446 [T:0xc2517] [DisplayControl] Exit MCCSOtherSet::SetVCP()
2025/10/28 20:40:44.059 [T:0xc2517] [DisplayControl] Enter MCCSOtherSet::GetVCP(), vcp code = 20
2025/10/28 20:40:44.128 [T:0xc2517] [DisplayControl] Exit MCCSOtherSet::GetVCP()
2025/10/28 20:40:44.836 [T:0xc2517] [DisplayControl] Enter MCCSOtherSet::GetVCP(), vcp code = 16
2025/10/28 20:40:44.905 [T:0xc2517] [DisplayControl] Exit MCCSOtherSet::GetVCP()
2025/10/28 20:40:45.608 [T:0xc2517] [DisplayControl] Enter MCCSOtherSet::GetVCP(), vcp code = 18
2025/10/28 20:40:45.738 [T:0xc2517] [DisplayControl] Exit MCCSOtherSet::GetVCP()
2025/10/28 20:40:46.446 [T:0xc2517] [DisplayControl] Enter MCCSOtherSet::GetVCP(), vcp code = 135
2025/10/28 20:40:46.515 [T:0xc2517] [DisplayControl] Exit MCCSOtherSet::GetVCP()
2025/10/28 20:42:22.365 [T:0x8fa6e] [DisplayControl] Enter MCCSOtherSet::SetVCP(), vcp code = 20
2025/10/28 20:42:22.521 [T:0x8fa6e] [DisplayControl] Exit MCCSOtherSet::SetVCP()
2025/10/28 20:42:23.131 [T:0x8fa6e] [DisplayControl] Enter MCCSOtherSet::GetVCP(), vcp code = 20
2025/10/28 20:42:23.201 [T:0x8fa6e] [DisplayControl] Exit MCCSOtherSet::GetVCP()
2025/10/28 20:42:23.913 [T:0x8fa6e] [DisplayControl] Enter MCCSOtherSet::GetVCP(), vcp code = 16
2025/10/28 20:42:23.983 [T:0x8fa6e] [DisplayControl] Exit MCCSOtherSet::GetVCP()
2025/10/28 20:42:24.694 [T:0x8fa6e] [DisplayControl] Enter MCCSOtherSet::GetVCP(), vcp code = 18
2025/10/28 20:42:24.763 [T:0x8fa6e] [DisplayControl] Exit MCCSOtherSet::GetVCP()
2025/10/28 20:42:25.473 [T:0x8fa6e] [DisplayControl] Enter MCCSOtherSet::GetVCP(), vcp code = 135
2025/10/28 20:42:25.621 [T:0x8fa6e] [DisplayControl] Exit MCCSOtherSet::GetVCP()
2025/10/28 20:44:01.448 [T:0xc2517] [DisplayControl] Enter MCCSOtherSet::SetVCP(), vcp code = 20
2025/10/28 20:44:01.635 [T:0xc2517] [DisplayControl] Exit MCCSOtherSet::SetVCP()
2025/10/28 20:44:02.236 [T:0xc2517] [DisplayControl] Enter MCCSOtherSet::GetVCP(), vcp code = 20
2025/10/28 20:44:02.306 [T:0xc2517] [DisplayControl] Exit MCCSOtherSet::GetVCP()
2025/10/28 20:44:03.013 [T:0xc2517] [DisplayControl] Enter MCCSOtherSet::GetVCP(), vcp code = 16
2025/10/28 20:44:03.129 [T:0xc2517] [DisplayControl] Exit MCCSOtherSet::GetVCP()
2025/10/28 20:44:03.837 [T:0xc2517] [DisplayControl] Enter MCCSOtherSet::GetVCP(), vcp code = 18
2025/10/28 20:44:03.906 [T:0xc2517] [DisplayControl] Exit MCCSOtherSet::GetVCP()
2025/10/28 20:44:04.614 [T:0xc2517] [DisplayControl] Enter MCCSOtherSet::GetVCP(), vcp code = 135
2025/10/28 20:44:04.683 [T:0xc2517] [DisplayControl] Exit MCCSOtherSet::GetVCP()
2025/10/28 20:45:35.052 [T:0x4d845] [DisplayControl] Enter MCCSOtherSet::GetVCP(), vcp code = 170
2025/10/28 20:45:35.173 [T:0x4d845] [DisplayControl] Exit MCCSOtherSet::GetVCP()
2025/10/28 20:45:52.095 [T:0x8fa6e] [DisplayControl] Enter MCCSOtherSet::SetVCP(), vcp code = 4
2025/10/28 20:45:53.021 [T:0x8fa6e] [DisplayControl] Exit MCCSOtherSet::SetVCP()
2025/10/28 20:45:58.032 [T:0x8fa6e] [DisplayControl] Enter OperationThread::ExitThread
2025/10/28 20:45:58.033 [T:0x8fa6e] [DisplayControl] Exit OperationThread::ExitThread
2025/10/28 20:45:58.033 [T:0x8fa6e] [DisplayControl] Enter OperationThread::~OperationThread()
2025/10/28 20:45:58.033 [T:0x8fa6e] [DisplayControl] Enter OperationThread::ExitThread
2025/10/28 20:45:58.033 [T:0x8fa6e] [DisplayControl] Enter OperationThread::ExitThread
2025/10/28 20:45:58.033 [T:0x8fa6e] [DisplayControl] Exit OperationThread::ExitThread
2025/10/28 20:45:58.033 [T:0x8fa6e] [DisplayControl] Enter OperationThread::~OperationThread()
2025/10/28 20:45:58.033 [T:0x8fa6e] [DisplayControl] Enter OperationThread::ExitThread
2025/10/28 20:45:58.033 [T:0x8fa6e] [DisplayControl] Enter OperationThread::ExitThread
2025/10/28 20:45:58.034 [T:0x8fa6e] [DisplayControl] Exit OperationThread::ExitThread
2025/10/28 20:45:58.034 [T:0x8fa6e] [DisplayControl] Enter OperationThread::~OperationThread()
2025/10/28 20:45:58.034 [T:0x8fa6e] [DisplayControl] Enter OperationThread::ExitThread
2025/10/28 20:45:58.083 [T:0x8fa6e] [DbgStr] After calling display_control_client_listener_video_port_.UpdateAllDisplayPath()
2025/10/28 20:45:58.092 [T:0x8fa6e] [DbgStr] After calling display_control_client_listener_.GetAllDisplayEDID()
2025/10/28 20:45:58.248 [T:0x8fa6e] [DbgStr] After calling display_control_client_listener_rtd_scalar_rts_hub_.GetAllDisplayEDID()
2025/10/28 20:45:58.266 [T:0x8fa6e] [DisplayControl] Version = 3.0.6.0
2025/10/28 20:45:58.266 [T:0x8fa6e] [DisplayControl] Enter ObtainControlHandler1
2025/10/28 20:45:58.266 [T:0x8fa6e] [DisplayControl] GetVideoPortCommander
2025/10/28 20:45:58.266 [T:0x8fa6e] [DisplayControl] GetUSBHubCommander
2025/10/28 20:45:58.266 [T:0x8fa6e] ====== List p_lpo_display_info_video_port, # of devices is ======3
2025/10/28 20:45:58.266 [T:0x8fa6e] [DisplayControl] index of p_lpo_display_info_video_port0
2025/10/28 20:45:58.267 [T:0x8fa6e] [DisplayControl] Model name from VideoPort = Generic PnP Monitor
2025/10/28 20:45:58.267 [T:0x8fa6e] [DisplayControl] SN from VideoPort = M3NRKD019636107
2025/10/28 20:45:58.267 [T:0x8fa6e] [DisplayControl] index of p_lpo_display_info_video_port1
2025/10/28 20:45:58.267 [T:0x8fa6e] [DisplayControl] Model name from VideoPort = VP2458
2025/10/28 20:45:58.267 [T:0x8fa6e] [DisplayControl] SN from VideoPort = VKR183100011
2025/10/28 20:45:58.267 [T:0x8fa6e] [DisplayControl] index of p_lpo_display_info_video_port2
2025/10/28 20:45:58.267 [T:0x8fa6e] [DisplayControl] Model name from VideoPort = VP3256-4K
2025/10/28 20:45:58.267 [T:0x8fa6e] [DisplayControl] SN from VideoPort = WPK214700016
2025/10/28 20:45:58.267 [T:0x8fa6e] ====== List p_lpo_display_info_rtd_scalar_rts_hub, # of devices is ======0
2025/10/28 20:45:58.267 [T:0x8fa6e] [DisplayControl] GetVSRtkHubControlClientListener
2025/10/28 20:45:58.267 [T:0x8fa6e] [DisplayControl] max monitor count = 3
2025/10/28 20:45:58.267 [T:0x8fa6e] [DisplayControl] index of display_info_vec = 0
2025/10/28 20:45:58.267 [T:0x8fa6e] [DisplayControl] index of p_lpo_display_info_video_port = 0
2025/10/28 20:45:58.267 [T:0x8fa6e] [DisplayControl] VideoPortMatchingRule
2025/10/28 20:45:58.267 [T:0x8fa6e] [DisplayControl] monitor display_info_model_name = Generic PnP Monitor
2025/10/28 20:45:58.267 [T:0x8fa6e] [DisplayControl] monitor video_port_model_name = Generic PnP Monitor
2025/10/28 20:45:58.267 [T:0x8fa6e] [DisplayControl] monitor display_info_sn = M3NRKD019636107
2025/10/28 20:45:58.268 [T:0x8fa6e] [DisplayControl] monitor video_port_sn = M3NRKD019636107
2025/10/28 20:45:58.268 [T:0x8fa6e] [DisplayControl] model_name_match = 1
2025/10/28 20:45:58.268 [T:0x8fa6e] [DisplayControl] sn_match = 1
2025/10/28 20:45:58.268 [T:0x8fa6e] [DisplayControl] video_port is_match = 1
2025/10/28 20:45:58.268 [T:0x8fa6e] [DisplayControl] index of display_info_vec = 1
2025/10/28 20:45:58.268 [T:0x8fa6e] [DisplayControl] index of p_lpo_display_info_video_port = 0
2025/10/28 20:45:58.268 [T:0x8fa6e] [DisplayControl] VideoPortMatchingRule
2025/10/28 20:45:58.268 [T:0x8fa6e] [DisplayControl] monitor display_info_model_name = VP2458
2025/10/28 20:45:58.268 [T:0x8fa6e] [DisplayControl] monitor video_port_model_name = Generic PnP Monitor
2025/10/28 20:45:58.268 [T:0x8fa6e] [DisplayControl] monitor display_info_sn = VKR183100011
2025/10/28 20:45:58.268 [T:0x8fa6e] [DisplayControl] monitor video_port_sn = M3NRKD019636107
2025/10/28 20:45:58.268 [T:0x8fa6e] [DisplayControl] model_name_match = 0
2025/10/28 20:45:58.268 [T:0x8fa6e] [DisplayControl] sn_match = 0
2025/10/28 20:45:58.268 [T:0x8fa6e] [DisplayControl] video_port is_match = 0
2025/10/28 20:45:58.268 [T:0x8fa6e] [DisplayControl] index of display_info_vec = 1
2025/10/28 20:45:58.268 [T:0x8fa6e] [DisplayControl] index of p_lpo_display_info_video_port = 1
2025/10/28 20:45:58.268 [T:0x8fa6e] [DisplayControl] VideoPortMatchingRule
2025/10/28 20:45:58.268 [T:0x8fa6e] [DisplayControl] monitor display_info_model_name = VP2458
2025/10/28 20:45:58.269 [T:0x8fa6e] [DisplayControl] monitor video_port_model_name = VP2458
2025/10/28 20:45:58.269 [T:0x8fa6e] [DisplayControl] monitor display_info_sn = VKR183100011
2025/10/28 20:45:58.269 [T:0x8fa6e] [DisplayControl] monitor video_port_sn = VKR183100011
2025/10/28 20:45:58.269 [T:0x8fa6e] [DisplayControl] model_name_match = 1
2025/10/28 20:45:58.269 [T:0x8fa6e] [DisplayControl] sn_match = 1
2025/10/28 20:45:58.269 [T:0x8fa6e] [DisplayControl] video_port is_match = 1
2025/10/28 20:45:58.269 [T:0x8fa6e] [DisplayControl] index of display_info_vec = 2
2025/10/28 20:45:58.269 [T:0x8fa6e] [DisplayControl] index of p_lpo_display_info_video_port = 0
2025/10/28 20:45:58.269 [T:0x8fa6e] [DisplayControl] VideoPortMatchingRule
2025/10/28 20:45:58.269 [T:0x8fa6e] [DisplayControl] monitor display_info_model_name = VP3256-4K
2025/10/28 20:45:58.269 [T:0x8fa6e] [DisplayControl] monitor video_port_model_name = Generic PnP Monitor
2025/10/28 20:45:58.269 [T:0x8fa6e] [DisplayControl] monitor display_info_sn = WPK214700016
2025/10/28 20:45:58.269 [T:0x8fa6e] [DisplayControl] monitor video_port_sn = M3NRKD019636107
2025/10/28 20:45:58.269 [T:0x8fa6e] [DisplayControl] model_name_match = 0
2025/10/28 20:45:58.269 [T:0x8fa6e] [DisplayControl] sn_match = 0
2025/10/28 20:45:58.269 [T:0x8fa6e] [DisplayControl] video_port is_match = 0
2025/10/28 20:45:58.269 [T:0x8fa6e] [DisplayControl] index of display_info_vec = 2
2025/10/28 20:45:58.270 [T:0x8fa6e] [DisplayControl] index of p_lpo_display_info_video_port = 1
2025/10/28 20:45:58.270 [T:0x8fa6e] [DisplayControl] VideoPortMatchingRule
2025/10/28 20:45:58.270 [T:0x8fa6e] [DisplayControl] monitor display_info_model_name = VP3256-4K
2025/10/28 20:45:58.270 [T:0x8fa6e] [DisplayControl] monitor video_port_model_name = VP2458
2025/10/28 20:45:58.270 [T:0x8fa6e] [DisplayControl] monitor display_info_sn = WPK214700016
2025/10/28 20:45:58.270 [T:0x8fa6e] [DisplayControl] monitor video_port_sn = VKR183100011
2025/10/28 20:45:58.270 [T:0x8fa6e] [DisplayControl] model_name_match = 0
2025/10/28 20:45:58.270 [T:0x8fa6e] [DisplayControl] sn_match = 0
2025/10/28 20:45:58.270 [T:0x8fa6e] [DisplayControl] video_port is_match = 0
2025/10/28 20:45:58.270 [T:0x8fa6e] [DisplayControl] index of display_info_vec = 2
2025/10/28 20:45:58.270 [T:0x8fa6e] [DisplayControl] index of p_lpo_display_info_video_port = 2
2025/10/28 20:45:58.270 [T:0x8fa6e] [DisplayControl] VideoPortMatchingRule
2025/10/28 20:45:58.270 [T:0x8fa6e] [DisplayControl] monitor display_info_model_name = VP3256-4K
2025/10/28 20:45:58.270 [T:0x8fa6e] [DisplayControl] monitor video_port_model_name = VP3256-4K
2025/10/28 20:45:58.270 [T:0x8fa6e] [DisplayControl] monitor display_info_sn = WPK214700016
2025/10/28 20:45:58.270 [T:0x8fa6e] [DisplayControl] monitor video_port_sn = WPK214700016
2025/10/28 20:45:58.270 [T:0x8fa6e] [DisplayControl] model_name_match = 1
2025/10/28 20:45:58.270 [T:0x8fa6e] [DisplayControl] sn_match = 1
2025/10/28 20:45:58.271 [T:0x8fa6e] [DisplayControl] video_port is_match = 1
2025/10/28 20:45:58.271 [T:0x8fa6e] [DisplayControl] i = 0
2025/10/28 20:45:58.271 [T:0x8fa6e] [DisplayControl] Enter OperationThread::OperationThread()
2025/10/28 20:45:58.271 [T:0x8fa6e] [DisplayControl] Enter OperationThread::CreateThread
2025/10/28 20:45:58.271 [T:0x8fa6e] [DisplayControl] new DisplayFunctioner
2025/10/28 20:45:58.271 [T:0x8fa6e] [DisplayControl] insert displayer_vector
2025/10/28 20:45:58.271 [T:0x8fa6e] [DisplayControl] insert modelName_SN_to_Display_map
2025/10/28 20:45:58.271 [T:0x8fa6e] [DisplayControl] insert device_id_to_Displayer_map_
2025/10/28 20:45:58.271 [T:0x8fa6e] [DisplayControl] i = 1
2025/10/28 20:45:58.271 [T:0x8fa6e] [DisplayControl] Enter OperationThread::OperationThread()
2025/10/28 20:45:58.271 [T:0x8fa6e] [DisplayControl] Enter OperationThread::CreateThread
2025/10/28 20:45:58.271 [T:0x8fa6e] [DisplayControl] new DisplayFunctioner
2025/10/28 20:45:58.271 [T:0x8fa6e] [DisplayControl] insert displayer_vector
2025/10/28 20:45:58.271 [T:0x8fa6e] [DisplayControl] insert modelName_SN_to_Display_map
2025/10/28 20:45:58.271 [T:0x8fa6e] [DisplayControl] insert device_id_to_Displayer_map_
2025/10/28 20:45:58.272 [T:0x8fa6e] [DisplayControl] i = 2
2025/10/28 20:45:58.272 [T:0x8fa6e] [DisplayControl] Enter OperationThread::OperationThread()
2025/10/28 20:45:58.272 [T:0x8fa6e] [DisplayControl] Enter OperationThread::CreateThread
2025/10/28 20:45:58.272 [T:0x8fa6e] [DisplayControl] new DisplayFunctioner
2025/10/28 20:45:58.272 [T:0x8fa6e] [DisplayControl] insert displayer_vector
2025/10/28 20:45:58.272 [T:0x8fa6e] [DisplayControl] insert modelName_SN_to_Display_map
2025/10/28 20:45:58.272 [T:0x8fa6e] [DisplayControl] insert device_id_to_Displayer_map_
2025/10/28 20:45:58.272 [T:0x8fa6e] [DisplayControl] monitor size = 3
2025/10/28 20:45:58.272 [T:0x8fa6e] [DisplayControl] Exit ObtainControlHandler
2025/10/28 20:45:58.273 [T:0x8fa6e] [DisplayControl] Enter MCCSOtherSet::GetVCP(), vcp code = 96
2025/10/28 20:45:58.350 [T:0x8fa6e] [DisplayControl] Exit MCCSOtherSet::GetVCP()
2025/10/28 20:45:58.599 [T:0x8fa6e] [DisplayControl] Enter MCCSOtherSet::GetVCP(), vcp code = 96
2025/10/28 20:45:58.678 [T:0x8fa6e] [DisplayControl] Exit MCCSOtherSet::GetVCP()
2025/10/28 20:45:58.958 [T:0x8fa6e] [DisplayControl] Enter MCCSOtherSet::GetVCP(), vcp code = 5
2025/10/28 20:45:59.029 [T:0x8fa6e] [DisplayControl] Exit MCCSOtherSet::GetVCP()
2025/10/28 20:45:59.129 [T:0x8fa6e] [DisplayControl] Enter MCCSOtherSet::GetVCP(), vcp code = 8
2025/10/28 20:45:59.198 [T:0x8fa6e] [DisplayControl] Exit MCCSOtherSet::GetVCP()
2025/10/28 20:45:59.302 [T:0x8fa6e] [DisplayControl] Enter MCCSOtherSet::GetVCP(), vcp code = 20
2025/10/28 20:45:59.373 [T:0x8fa6e] [DisplayControl] Exit MCCSOtherSet::GetVCP()
2025/10/28 20:45:59.488 [T:0x8fa6e] [DisplayControl] Enter MCCSOtherSet::GetVCP(), vcp code = 16
2025/10/28 20:45:59.559 [T:0x8fa6e] [DisplayControl] Exit MCCSOtherSet::GetVCP()
2025/10/28 20:45:59.661 [T:0x8fa6e] [DisplayControl] Enter MCCSOtherSet::GetVCP(), vcp code = 4
2025/10/28 20:45:59.730 [T:0x8fa6e] [DisplayControl] Exit MCCSOtherSet::GetVCP()
2025/10/28 20:45:59.832 [T:0x8fa6e] [DisplayControl] Enter MCCSOtherSet::GetVCP(), vcp code = 141
2025/10/28 20:45:59.901 [T:0x8fa6e] [DisplayControl] Exit MCCSOtherSet::GetVCP()
2025/10/28 20:46:00.004 [T:0x8fa6e] [DisplayControl] Enter MCCSOtherSet::GetVCP(), vcp code = 170
2025/10/28 20:46:00.072 [T:0x8fa6e] [DisplayControl] Exit MCCSOtherSet::GetVCP()
2025/10/28 20:46:00.188 [T:0x8fa6e] [DisplayControl] Enter MCCSOtherSet::GetVCP(), vcp code = 18
2025/10/28 20:46:00.258 [T:0x8fa6e] [DisplayControl] Exit MCCSOtherSet::GetVCP()
2025/10/28 20:46:00.360 [T:0x8fa6e] [DisplayControl] Enter MCCSOtherSet::GetVCP(), vcp code = 96
2025/10/28 20:46:00.431 [T:0x8fa6e] [DisplayControl] Exit MCCSOtherSet::GetVCP()
2025/10/28 20:46:00.533 [T:0x8fa6e] [DisplayControl] Enter MCCSOtherSet::GetVCP(), vcp code = 51
2025/10/28 20:46:00.602 [T:0x8fa6e] [DisplayControl] Exit MCCSOtherSet::GetVCP()
2025/10/28 20:46:00.703 [T:0x8fa6e] [DisplayControl] Enter MCCSOtherSet::GetVCP(), vcp code = 97
2025/10/28 20:46:00.773 [T:0x8fa6e] [DisplayControl] Exit MCCSOtherSet::GetVCP()
2025/10/28 20:46:00.875 [T:0x8fa6e] [DisplayControl] Enter MCCSOtherSet::GetVCP(), vcp code = 135
2025/10/28 20:46:00.945 [T:0x8fa6e] [DisplayControl] Exit MCCSOtherSet::GetVCP()
2025/10/28 20:46:01.048 [T:0x8fa6e] [DisplayControl] Enter MCCSOtherSet::GetVCP(), vcp code = 220
2025/10/28 20:46:01.117 [T:0x8fa6e] [DisplayControl] Exit MCCSOtherSet::GetVCP()
2025/10/28 20:46:01.220 [T:0x8fa6e] [DisplayControl] Enter MCCSOtherSet::GetVCP(), vcp code = 226
2025/10/28 20:46:01.289 [T:0x8fa6e] [DisplayControl] Exit MCCSOtherSet::GetVCP()
2025/10/28 20:46:01.390 [T:0x8fa6e] [DisplayControl] Enter MCCSOtherSet::GetVCP(), vcp code = 43
2025/10/28 20:46:01.463 [T:0x8fa6e] [DisplayControl] Exit MCCSOtherSet::GetVCP()
2025/10/28 20:46:01.577 [T:0x8fa6e] [DisplayControl] Enter MCCSOtherSet::GetVCP(), vcp code = 5
2025/10/28 20:46:01.650 [T:0x8fa6e] [DisplayControl] Exit MCCSOtherSet::GetVCP()
2025/10/28 20:46:01.764 [T:0x8fa6e] [DisplayControl] Enter MCCSOtherSet::GetVCP(), vcp code = 8
2025/10/28 20:46:01.839 [T:0x8fa6e] [DisplayControl] Exit MCCSOtherSet::GetVCP()
2025/10/28 20:46:01.953 [T:0x8fa6e] [DisplayControl] Enter MCCSOtherSet::GetVCP(), vcp code = 20
2025/10/28 20:46:02.030 [T:0x8fa6e] [DisplayControl] Exit MCCSOtherSet::GetVCP()
2025/10/28 20:46:02.140 [T:0x8fa6e] [DisplayControl] Enter MCCSOtherSet::GetVCP(), vcp code = 16
2025/10/28 20:46:02.214 [T:0x8fa6e] [DisplayControl] Exit MCCSOtherSet::GetVCP()
2025/10/28 20:46:02.328 [T:0x8fa6e] [DisplayControl] Enter MCCSOtherSet::GetVCP(), vcp code = 4
2025/10/28 20:46:02.402 [T:0x8fa6e] [DisplayControl] Exit MCCSOtherSet::GetVCP()
2025/10/28 20:46:02.514 [T:0x8fa6e] [DisplayControl] Enter MCCSOtherSet::GetVCP(), vcp code = 141
2025/10/28 20:46:02.586 [T:0x8fa6e] [DisplayControl] Exit MCCSOtherSet::GetVCP()
2025/10/28 20:46:02.701 [T:0x8fa6e] [DisplayControl] Enter MCCSOtherSet::GetVCP(), vcp code = 170
2025/10/28 20:46:02.775 [T:0x8fa6e] [DisplayControl] Exit MCCSOtherSet::GetVCP()
2025/10/28 20:46:02.888 [T:0x8fa6e] [DisplayControl] Enter MCCSOtherSet::GetVCP(), vcp code = 98
2025/10/28 20:46:02.962 [T:0x8fa6e] [DisplayControl] Exit MCCSOtherSet::GetVCP()
2025/10/28 20:46:03.076 [T:0x8fa6e] [DisplayControl] Enter MCCSOtherSet::GetVCP(), vcp code = 18
2025/10/28 20:46:03.149 [T:0x8fa6e] [DisplayControl] Exit MCCSOtherSet::GetVCP()
2025/10/28 20:46:03.263 [T:0x8fa6e] [DisplayControl] Enter MCCSOtherSet::GetVCP(), vcp code = 96
2025/10/28 20:46:03.338 [T:0x8fa6e] [DisplayControl] Exit MCCSOtherSet::GetVCP()
2025/10/28 20:46:03.450 [T:0x8fa6e] [DisplayControl] Enter MCCSOtherSet::GetVCP(), vcp code = 51
2025/10/28 20:46:03.537 [T:0x8fa6e] [DisplayControl] Exit MCCSOtherSet::GetVCP()
2025/10/28 20:46:03.638 [T:0x8fa6e] [DisplayControl] Enter MCCSOtherSet::GetVCP(), vcp code = 97
2025/10/28 20:46:03.724 [T:0x8fa6e] [DisplayControl] Exit MCCSOtherSet::GetVCP()
2025/10/28 20:46:03.836 [T:0x8fa6e] [DisplayControl] Enter MCCSOtherSet::GetVCP(), vcp code = 245
2025/10/28 20:46:03.910 [T:0x8fa6e] [DisplayControl] Exit MCCSOtherSet::GetVCP()
2025/10/28 20:46:04.023 [T:0x8fa6e] [DisplayControl] Enter MCCSOtherSet::GetVCP(), vcp code = 135
2025/10/28 20:46:04.112 [T:0x8fa6e] [DisplayControl] Exit MCCSOtherSet::GetVCP()
2025/10/28 20:46:04.225 [T:0x8fa6e] [DisplayControl] Enter MCCSOtherSet::GetVCP(), vcp code = 220
2025/10/28 20:46:04.300 [T:0x8fa6e] [DisplayControl] Exit MCCSOtherSet::GetVCP()
2025/10/28 20:46:04.412 [T:0x8fa6e] [DisplayControl] Enter MCCSOtherSet::GetVCP(), vcp code = 114
2025/10/28 20:46:04.486 [T:0x8fa6e] [DisplayControl] Exit MCCSOtherSet::GetVCP()
2025/10/28 20:46:04.599 [T:0x8fa6e] [DisplayControl] Enter MCCSOtherSet::GetVCP(), vcp code = 226
2025/10/28 20:46:04.673 [T:0x8fa6e] [DisplayControl] Exit MCCSOtherSet::GetVCP()
2025/10/28 20:46:04.807 [T:0x4d845] [DisplayControl] Enter MCCSOtherSet::GetVCP(), vcp code = 170
2025/10/28 20:46:04.894 [T:0x4d845] [DisplayControl] Exit MCCSOtherSet::GetVCP()
2025/10/28 20:46:04.895 [T:0x4d845] [DisplayControl] Enter MCCSOtherSet::GetVCP(), vcp code = 170
2025/10/28 20:46:04.967 [T:0x4d845] [DisplayControl] Exit MCCSOtherSet::GetVCP()
2025/10/28 20:46:05.170 [T:0x4d845] [DisplayControl] Enter MCCSOtherSet::GetVCP(), vcp code = 170
2025/10/28 20:46:05.294 [T:0x4d845] [DisplayControl] Exit MCCSOtherSet::GetVCP()
2025/10/28 20:46:51.063 [T:0x4d845] [DisplayControl] Enter MCCSOtherSet::GetVCP(), vcp code = 170
2025/10/28 20:46:51.186 [T:0x4d845] [DisplayControl] Exit MCCSOtherSet::GetVCP()
2025/10/28 20:46:58.087 [T:0x4d845] [DisplayControl] Enter MCCSOtherSet::GetVCP(), vcp code = 245
2025/10/28 20:46:58.215 [T:0x4d845] [DisplayControl] Exit MCCSOtherSet::GetVCP()
2025/10/28 20:46:58.354 [T:0x4d845] [DisplayControl] Enter MCCSOtherSet::GetVCP(), vcp code = 170
2025/10/28 20:46:58.493 [T:0x4d845] [DisplayControl] Exit MCCSOtherSet::GetVCP()
2025/10/28 20:47:09.100 [T:0xc2517] [DisplayControl] Enter MCCSOtherSet::SetVCP(), vcp code = 4
2025/10/28 20:47:10.102 [T:0xc2517] [DisplayControl] Exit MCCSOtherSet::SetVCP()
2025/10/28 20:47:15.115 [T:0xc2517] [DisplayControl] Enter OperationThread::ExitThread
2025/10/28 20:47:15.115 [T:0xc2517] [DisplayControl] Exit OperationThread::ExitThread
2025/10/28 20:47:15.115 [T:0xc2517] [DisplayControl] Enter OperationThread::~OperationThread()
2025/10/28 20:47:15.115 [T:0xc2517] [DisplayControl] Enter OperationThread::ExitThread
2025/10/28 20:47:15.115 [T:0xc2517] [DisplayControl] Enter OperationThread::ExitThread
2025/10/28 20:47:15.115 [T:0xc2517] [DisplayControl] Exit OperationThread::ExitThread
2025/10/28 20:47:15.116 [T:0xc2517] [DisplayControl] Enter OperationThread::~OperationThread()
2025/10/28 20:47:15.116 [T:0xc2517] [DisplayControl] Enter OperationThread::ExitThread
2025/10/28 20:47:15.116 [T:0xc2517] [DisplayControl] Enter OperationThread::ExitThread
2025/10/28 20:47:15.116 [T:0xc2517] [DisplayControl] Exit OperationThread::ExitThread
2025/10/28 20:47:15.116 [T:0xc2517] [DisplayControl] Enter OperationThread::~OperationThread()
2025/10/28 20:47:15.116 [T:0xc2517] [DisplayControl] Enter OperationThread::ExitThread
2025/10/28 20:47:15.168 [T:0xc2517] [DbgStr] After calling display_control_client_listener_video_port_.UpdateAllDisplayPath()
2025/10/28 20:47:15.175 [T:0xc2517] [DbgStr] After calling display_control_client_listener_.GetAllDisplayEDID()
2025/10/28 20:47:15.333 [T:0xc2517] [DbgStr] After calling display_control_client_listener_rtd_scalar_rts_hub_.GetAllDisplayEDID()
2025/10/28 20:47:15.350 [T:0xc2517] [DisplayControl] Version = 3.0.6.0
2025/10/28 20:47:15.351 [T:0xc2517] [DisplayControl] Enter ObtainControlHandler1
2025/10/28 20:47:15.351 [T:0xc2517] [DisplayControl] GetVideoPortCommander
2025/10/28 20:47:15.351 [T:0xc2517] [DisplayControl] GetUSBHubCommander
2025/10/28 20:47:15.351 [T:0xc2517] ====== List p_lpo_display_info_video_port, # of devices is ======3
2025/10/28 20:47:15.351 [T:0xc2517] [DisplayControl] index of p_lpo_display_info_video_port0
2025/10/28 20:47:15.351 [T:0xc2517] [DisplayControl] Model name from VideoPort = Generic PnP Monitor
2025/10/28 20:47:15.351 [T:0xc2517] [DisplayControl] SN from VideoPort = M3NRKD019636107
2025/10/28 20:47:15.351 [T:0xc2517] [DisplayControl] index of p_lpo_display_info_video_port1
2025/10/28 20:47:15.351 [T:0xc2517] [DisplayControl] Model name from VideoPort = VP2458
2025/10/28 20:47:15.351 [T:0xc2517] [DisplayControl] SN from VideoPort = VKR183100011
2025/10/28 20:47:15.351 [T:0xc2517] [DisplayControl] index of p_lpo_display_info_video_port2
2025/10/28 20:47:15.351 [T:0xc2517] [DisplayControl] Model name from VideoPort = VP3256-4K
2025/10/28 20:47:15.351 [T:0xc2517] [DisplayControl] SN from VideoPort = WPK214700016
2025/10/28 20:47:15.351 [T:0xc2517] ====== List p_lpo_display_info_rtd_scalar_rts_hub, # of devices is ======0
2025/10/28 20:47:15.351 [T:0xc2517] [DisplayControl] GetVSRtkHubControlClientListener
2025/10/28 20:47:15.351 [T:0xc2517] [DisplayControl] max monitor count = 3
2025/10/28 20:47:15.351 [T:0xc2517] [DisplayControl] index of display_info_vec = 0
2025/10/28 20:47:15.351 [T:0xc2517] [DisplayControl] index of p_lpo_display_info_video_port = 0
2025/10/28 20:47:15.352 [T:0xc2517] [DisplayControl] VideoPortMatchingRule
2025/10/28 20:47:15.352 [T:0xc2517] [DisplayControl] monitor display_info_model_name = Generic PnP Monitor
2025/10/28 20:47:15.352 [T:0xc2517] [DisplayControl] monitor video_port_model_name = Generic PnP Monitor
2025/10/28 20:47:15.352 [T:0xc2517] [DisplayControl] monitor display_info_sn = M3NRKD019636107
2025/10/28 20:47:15.352 [T:0xc2517] [DisplayControl] monitor video_port_sn = M3NRKD019636107
2025/10/28 20:47:15.352 [T:0xc2517] [DisplayControl] model_name_match = 1
2025/10/28 20:47:15.352 [T:0xc2517] [DisplayControl] sn_match = 1
2025/10/28 20:47:15.352 [T:0xc2517] [DisplayControl] video_port is_match = 1
2025/10/28 20:47:15.352 [T:0xc2517] [DisplayControl] index of display_info_vec = 1
2025/10/28 20:47:15.352 [T:0xc2517] [DisplayControl] index of p_lpo_display_info_video_port = 0
2025/10/28 20:47:15.352 [T:0xc2517] [DisplayControl] VideoPortMatchingRule
2025/10/28 20:47:15.352 [T:0xc2517] [DisplayControl] monitor display_info_model_name = VP2458
2025/10/28 20:47:15.352 [T:0xc2517] [DisplayControl] monitor video_port_model_name = Generic PnP Monitor
2025/10/28 20:47:15.352 [T:0xc2517] [DisplayControl] monitor display_info_sn = VKR183100011
2025/10/28 20:47:15.352 [T:0xc2517] [DisplayControl] monitor video_port_sn = M3NRKD019636107
2025/10/28 20:47:15.352 [T:0xc2517] [DisplayControl] model_name_match = 0
2025/10/28 20:47:15.352 [T:0xc2517] [DisplayControl] sn_match = 0
2025/10/28 20:47:15.352 [T:0xc2517] [DisplayControl] video_port is_match = 0
2025/10/28 20:47:15.352 [T:0xc2517] [DisplayControl] index of display_info_vec = 1
2025/10/28 20:47:15.352 [T:0xc2517] [DisplayControl] index of p_lpo_display_info_video_port = 1
2025/10/28 20:47:15.352 [T:0xc2517] [DisplayControl] VideoPortMatchingRule
2025/10/28 20:47:15.352 [T:0xc2517] [DisplayControl] monitor display_info_model_name = VP2458
2025/10/28 20:47:15.352 [T:0xc2517] [DisplayControl] monitor video_port_model_name = VP2458
2025/10/28 20:47:15.352 [T:0xc2517] [DisplayControl] monitor display_info_sn = VKR183100011
2025/10/28 20:47:15.352 [T:0xc2517] [DisplayControl] monitor video_port_sn = VKR183100011
2025/10/28 20:47:15.352 [T:0xc2517] [DisplayControl] model_name_match = 1
2025/10/28 20:47:15.352 [T:0xc2517] [DisplayControl] sn_match = 1
2025/10/28 20:47:15.353 [T:0xc2517] [DisplayControl] video_port is_match = 1
2025/10/28 20:47:15.353 [T:0xc2517] [DisplayControl] index of display_info_vec = 2
2025/10/28 20:47:15.353 [T:0xc2517] [DisplayControl] index of p_lpo_display_info_video_port = 0
2025/10/28 20:47:15.353 [T:0xc2517] [DisplayControl] VideoPortMatchingRule
2025/10/28 20:47:15.353 [T:0xc2517] [DisplayControl] monitor display_info_model_name = VP3256-4K
2025/10/28 20:47:15.353 [T:0xc2517] [DisplayControl] monitor video_port_model_name = Generic PnP Monitor
2025/10/28 20:47:15.353 [T:0xc2517] [DisplayControl] monitor display_info_sn = WPK214700016
2025/10/28 20:47:15.353 [T:0xc2517] [DisplayControl] monitor video_port_sn = M3NRKD019636107
2025/10/28 20:47:15.353 [T:0xc2517] [DisplayControl] model_name_match = 0
2025/10/28 20:47:15.353 [T:0xc2517] [DisplayControl] sn_match = 0
2025/10/28 20:47:15.353 [T:0xc2517] [DisplayControl] video_port is_match = 0
2025/10/28 20:47:15.353 [T:0xc2517] [DisplayControl] index of display_info_vec = 2
2025/10/28 20:47:15.353 [T:0xc2517] [DisplayControl] index of p_lpo_display_info_video_port = 1
2025/10/28 20:47:15.353 [T:0xc2517] [DisplayControl] VideoPortMatchingRule
2025/10/28 20:47:15.353 [T:0xc2517] [DisplayControl] monitor display_info_model_name = VP3256-4K
2025/10/28 20:47:15.353 [T:0xc2517] [DisplayControl] monitor video_port_model_name = VP2458
2025/10/28 20:47:15.353 [T:0xc2517] [DisplayControl] monitor display_info_sn = WPK214700016
2025/10/28 20:47:15.353 [T:0xc2517] [DisplayControl] monitor video_port_sn = VKR183100011
2025/10/28 20:47:15.353 [T:0xc2517] [DisplayControl] model_name_match = 0
2025/10/28 20:47:15.353 [T:0xc2517] [DisplayControl] sn_match = 0
2025/10/28 20:47:15.353 [T:0xc2517] [DisplayControl] video_port is_match = 0
2025/10/28 20:47:15.353 [T:0xc2517] [DisplayControl] index of display_info_vec = 2
2025/10/28 20:47:15.353 [T:0xc2517] [DisplayControl] index of p_lpo_display_info_video_port = 2
2025/10/28 20:47:15.353 [T:0xc2517] [DisplayControl] VideoPortMatchingRule
2025/10/28 20:47:15.353 [T:0xc2517] [DisplayControl] monitor display_info_model_name = VP3256-4K
2025/10/28 20:47:15.353 [T:0xc2517] [DisplayControl] monitor video_port_model_name = VP3256-4K
2025/10/28 20:47:15.353 [T:0xc2517] [DisplayControl] monitor display_info_sn = WPK214700016
2025/10/28 20:47:15.353 [T:0xc2517] [DisplayControl] monitor video_port_sn = WPK214700016
2025/10/28 20:47:15.354 [T:0xc2517] [DisplayControl] model_name_match = 1
2025/10/28 20:47:15.354 [T:0xc2517] [DisplayControl] sn_match = 1
2025/10/28 20:47:15.354 [T:0xc2517] [DisplayControl] video_port is_match = 1
2025/10/28 20:47:15.354 [T:0xc2517] [DisplayControl] i = 0
2025/10/28 20:47:15.354 [T:0xc2517] [DisplayControl] Enter OperationThread::OperationThread()
2025/10/28 20:47:15.354 [T:0xc2517] [DisplayControl] Enter OperationThread::CreateThread
2025/10/28 20:47:15.354 [T:0xc2517] [DisplayControl] new DisplayFunctioner
2025/10/28 20:47:15.354 [T:0xc2517] [DisplayControl] insert displayer_vector
2025/10/28 20:47:15.354 [T:0xc2517] [DisplayControl] insert modelName_SN_to_Display_map
2025/10/28 20:47:15.354 [T:0xc2517] [DisplayControl] insert device_id_to_Displayer_map_
2025/10/28 20:47:15.354 [T:0xc2517] [DisplayControl] i = 1
2025/10/28 20:47:15.354 [T:0xc2517] [DisplayControl] Enter OperationThread::OperationThread()
2025/10/28 20:47:15.354 [T:0xc2517] [DisplayControl] Enter OperationThread::CreateThread
2025/10/28 20:47:15.354 [T:0xc2517] [DisplayControl] new DisplayFunctioner
2025/10/28 20:47:15.354 [T:0xc2517] [DisplayControl] insert displayer_vector
2025/10/28 20:47:15.354 [T:0xc2517] [DisplayControl] insert modelName_SN_to_Display_map
2025/10/28 20:47:15.354 [T:0xc2517] [DisplayControl] insert device_id_to_Displayer_map_
2025/10/28 20:47:15.354 [T:0xc2517] [DisplayControl] i = 2
2025/10/28 20:47:15.354 [T:0xc2517] [DisplayControl] Enter OperationThread::OperationThread()
2025/10/28 20:47:15.354 [T:0xc2517] [DisplayControl] Enter OperationThread::CreateThread
2025/10/28 20:47:15.354 [T:0xc2517] [DisplayControl] new DisplayFunctioner
2025/10/28 20:47:15.354 [T:0xc2517] [DisplayControl] insert displayer_vector
2025/10/28 20:47:15.354 [T:0xc2517] [DisplayControl] insert modelName_SN_to_Display_map
2025/10/28 20:47:15.355 [T:0xc2517] [DisplayControl] insert device_id_to_Displayer_map_
2025/10/28 20:47:15.355 [T:0xc2517] [DisplayControl] monitor size = 3
2025/10/28 20:47:15.355 [T:0xc2517] [DisplayControl] Exit ObtainControlHandler
2025/10/28 20:47:15.355 [T:0xc2517] [DisplayControl] Enter MCCSOtherSet::GetVCP(), vcp code = 96
2025/10/28 20:47:15.434 [T:0xc2517] [DisplayControl] Exit MCCSOtherSet::GetVCP()
2025/10/28 20:47:15.685 [T:0xc2517] [DisplayControl] Enter MCCSOtherSet::GetVCP(), vcp code = 96
2025/10/28 20:47:15.764 [T:0xc2517] [DisplayControl] Exit MCCSOtherSet::GetVCP()
2025/10/28 20:47:16.016 [T:0xc2517] [DisplayControl] Enter MCCSOtherSet::GetVCP(), vcp code = 5
2025/10/28 20:47:16.087 [T:0xc2517] [DisplayControl] Exit MCCSOtherSet::GetVCP()
2025/10/28 20:47:16.192 [T:0xc2517] [DisplayControl] Enter MCCSOtherSet::GetVCP(), vcp code = 8
2025/10/28 20:47:16.261 [T:0xc2517] [DisplayControl] Exit MCCSOtherSet::GetVCP()
2025/10/28 20:47:16.362 [T:0xc2517] [DisplayControl] Enter MCCSOtherSet::GetVCP(), vcp code = 20
2025/10/28 20:47:16.430 [T:0xc2517] [DisplayControl] Exit MCCSOtherSet::GetVCP()
2025/10/28 20:47:16.533 [T:0xc2517] [DisplayControl] Enter MCCSOtherSet::GetVCP(), vcp code = 16
2025/10/28 20:47:16.602 [T:0xc2517] [DisplayControl] Exit MCCSOtherSet::GetVCP()
2025/10/28 20:47:16.704 [T:0xc2517] [DisplayControl] Enter MCCSOtherSet::GetVCP(), vcp code = 4
2025/10/28 20:47:16.773 [T:0xc2517] [DisplayControl] Exit MCCSOtherSet::GetVCP()
2025/10/28 20:47:16.875 [T:0xc2517] [DisplayControl] Enter MCCSOtherSet::GetVCP(), vcp code = 141
2025/10/28 20:47:16.946 [T:0xc2517] [DisplayControl] Exit MCCSOtherSet::GetVCP()
2025/10/28 20:47:17.062 [T:0xc2517] [DisplayControl] Enter MCCSOtherSet::GetVCP(), vcp code = 170
2025/10/28 20:47:17.133 [T:0xc2517] [DisplayControl] Exit MCCSOtherSet::GetVCP()
2025/10/28 20:47:17.249 [T:0xc2517] [DisplayControl] Enter MCCSOtherSet::GetVCP(), vcp code = 18
2025/10/28 20:47:17.319 [T:0xc2517] [DisplayControl] Exit MCCSOtherSet::GetVCP()
2025/10/28 20:47:17.421 [T:0xc2517] [DisplayControl] Enter MCCSOtherSet::GetVCP(), vcp code = 96
2025/10/28 20:47:17.490 [T:0xc2517] [DisplayControl] Exit MCCSOtherSet::GetVCP()
2025/10/28 20:47:17.591 [T:0xc2517] [DisplayControl] Enter MCCSOtherSet::GetVCP(), vcp code = 51
2025/10/28 20:47:17.660 [T:0xc2517] [DisplayControl] Exit MCCSOtherSet::GetVCP()
2025/10/28 20:47:17.763 [T:0xc2517] [DisplayControl] Enter MCCSOtherSet::GetVCP(), vcp code = 97
2025/10/28 20:47:17.832 [T:0xc2517] [DisplayControl] Exit MCCSOtherSet::GetVCP()
2025/10/28 20:47:17.948 [T:0xc2517] [DisplayControl] Enter MCCSOtherSet::GetVCP(), vcp code = 135
2025/10/28 20:47:18.017 [T:0xc2517] [DisplayControl] Exit MCCSOtherSet::GetVCP()
2025/10/28 20:47:18.119 [T:0xc2517] [DisplayControl] Enter MCCSOtherSet::GetVCP(), vcp code = 220
2025/10/28 20:47:18.189 [T:0xc2517] [DisplayControl] Exit MCCSOtherSet::GetVCP()
2025/10/28 20:47:18.290 [T:0xc2517] [DisplayControl] Enter MCCSOtherSet::GetVCP(), vcp code = 226
2025/10/28 20:47:18.359 [T:0xc2517] [DisplayControl] Exit MCCSOtherSet::GetVCP()
2025/10/28 20:47:18.461 [T:0xc2517] [DisplayControl] Enter MCCSOtherSet::GetVCP(), vcp code = 43
2025/10/28 20:47:18.534 [T:0xc2517] [DisplayControl] Exit MCCSOtherSet::GetVCP()
2025/10/28 20:47:18.647 [T:0xc2517] [DisplayControl] Enter MCCSOtherSet::GetVCP(), vcp code = 5
2025/10/28 20:47:18.722 [T:0xc2517] [DisplayControl] Exit MCCSOtherSet::GetVCP()
2025/10/28 20:47:18.835 [T:0xc2517] [DisplayControl] Enter MCCSOtherSet::GetVCP(), vcp code = 8
2025/10/28 20:47:18.910 [T:0xc2517] [DisplayControl] Exit MCCSOtherSet::GetVCP()
2025/10/28 20:47:19.021 [T:0xc2517] [DisplayControl] Enter MCCSOtherSet::GetVCP(), vcp code = 20
2025/10/28 20:47:19.096 [T:0xc2517] [DisplayControl] Exit MCCSOtherSet::GetVCP()
2025/10/28 20:47:19.209 [T:0xc2517] [DisplayControl] Enter MCCSOtherSet::GetVCP(), vcp code = 16
2025/10/28 20:47:19.282 [T:0xc2517] [DisplayControl] Exit MCCSOtherSet::GetVCP()
2025/10/28 20:47:19.393 [T:0xc2517] [DisplayControl] Enter MCCSOtherSet::GetVCP(), vcp code = 4
2025/10/28 20:47:19.466 [T:0xc2517] [DisplayControl] Exit MCCSOtherSet::GetVCP()
2025/10/28 20:47:19.580 [T:0xc2517] [DisplayControl] Enter MCCSOtherSet::GetVCP(), vcp code = 141
2025/10/28 20:47:19.654 [T:0xc2517] [DisplayControl] Exit MCCSOtherSet::GetVCP()
2025/10/28 20:47:19.768 [T:0xc2517] [DisplayControl] Enter MCCSOtherSet::GetVCP(), vcp code = 170
2025/10/28 20:47:19.843 [T:0xc2517] [DisplayControl] Exit MCCSOtherSet::GetVCP()
2025/10/28 20:47:19.957 [T:0xc2517] [DisplayControl] Enter MCCSOtherSet::GetVCP(), vcp code = 98
2025/10/28 20:47:20.032 [T:0xc2517] [DisplayControl] Exit MCCSOtherSet::GetVCP()
2025/10/28 20:47:20.145 [T:0xc2517] [DisplayControl] Enter MCCSOtherSet::GetVCP(), vcp code = 18
2025/10/28 20:47:20.232 [T:0xc2517] [DisplayControl] Exit MCCSOtherSet::GetVCP()
2025/10/28 20:47:20.345 [T:0xc2517] [DisplayControl] Enter MCCSOtherSet::GetVCP(), vcp code = 96
2025/10/28 20:47:20.418 [T:0xc2517] [DisplayControl] Exit MCCSOtherSet::GetVCP()
2025/10/28 20:47:20.532 [T:0xc2517] [DisplayControl] Enter MCCSOtherSet::GetVCP(), vcp code = 51
2025/10/28 20:47:20.606 [T:0xc2517] [DisplayControl] Exit MCCSOtherSet::GetVCP()
2025/10/28 20:47:20.720 [T:0xc2517] [DisplayControl] Enter MCCSOtherSet::GetVCP(), vcp code = 97
2025/10/28 20:47:20.795 [T:0xc2517] [DisplayControl] Exit MCCSOtherSet::GetVCP()
2025/10/28 20:47:20.908 [T:0xc2517] [DisplayControl] Enter MCCSOtherSet::GetVCP(), vcp code = 245
2025/10/28 20:47:20.985 [T:0xc2517] [DisplayControl] Exit MCCSOtherSet::GetVCP()
2025/10/28 20:47:21.095 [T:0xc2517] [DisplayControl] Enter MCCSOtherSet::GetVCP(), vcp code = 135
2025/10/28 20:47:21.169 [T:0xc2517] [DisplayControl] Exit MCCSOtherSet::GetVCP()
2025/10/28 20:47:21.282 [T:0xc2517] [DisplayControl] Enter MCCSOtherSet::GetVCP(), vcp code = 220
2025/10/28 20:47:21.356 [T:0xc2517] [DisplayControl] Exit MCCSOtherSet::GetVCP()
2025/10/28 20:47:21.469 [T:0xc2517] [DisplayControl] Enter MCCSOtherSet::GetVCP(), vcp code = 114
2025/10/28 20:47:21.543 [T:0xc2517] [DisplayControl] Exit MCCSOtherSet::GetVCP()
2025/10/28 20:47:21.658 [T:0xc2517] [DisplayControl] Enter MCCSOtherSet::GetVCP(), vcp code = 226
2025/10/28 20:47:21.732 [T:0xc2517] [DisplayControl] Exit MCCSOtherSet::GetVCP()
2025/10/28 20:47:21.866 [T:0x4d845] [DisplayControl] Enter MCCSOtherSet::GetVCP(), vcp code = 170
2025/10/28 20:47:21.951 [T:0x4d845] [DisplayControl] Exit MCCSOtherSet::GetVCP()
2025/10/28 20:47:21.951 [T:0x4d845] [DisplayControl] Enter MCCSOtherSet::GetVCP(), vcp code = 170
2025/10/28 20:47:22.023 [T:0x4d845] [DisplayControl] Exit MCCSOtherSet::GetVCP()
2025/10/28 20:47:22.024 [T:0x4d845] [DisplayControl] Enter MCCSOtherSet::GetVCP(), vcp code = 245
2025/10/28 20:47:22.151 [T:0x4d845] [DisplayControl] Exit MCCSOtherSet::GetVCP()
2025/10/28 20:47:22.470 [T:0x4d845] [DisplayControl] Enter MCCSOtherSet::GetVCP(), vcp code = 170
2025/10/28 20:47:22.606 [T:0x4d845] [DisplayControl] Exit MCCSOtherSet::GetVCP()
