2025/10/14 07:57:16.010 [T:0x4ed99] [DisplayControl] Enter ObtainControlHandler1
2025/10/14 07:57:16.011 [T:0x4ed99] [DisplayControl] GetVideoPortCommander
2025/10/14 07:57:16.011 [T:0x4ed99] [DisplayControl] GetUSBHubCommander
2025/10/14 07:57:16.011 [T:0x4ed99] ====== List p_lpo_display_info_video_port, # of devices is ======2
2025/10/14 07:57:16.011 [T:0x4ed99] [DisplayControl] index of p_lpo_display_info_video_port0
2025/10/14 07:57:16.011 [T:0x4ed99] [DisplayControl] Model name from VideoPort = VG2458
2025/10/14 07:57:16.011 [T:0x4ed99] [DisplayControl] SN from VideoPort = YDJ243400006
2025/10/14 07:57:16.011 [T:0x4ed99] [DisplayControl] index of p_lpo_display_info_video_port1
2025/10/14 07:57:16.011 [T:0x4ed99] [DisplayControl] Model name from VideoPort = VG275
2025/10/14 07:57:16.011 [T:0x4ed99] [DisplayControl] SN from VideoPort = XF6232400003
2025/10/14 07:57:16.011 [T:0x4ed99] ====== List p_lpo_display_info_rtd_scalar_rts_hub, # of devices is ======0
2025/10/14 07:57:16.011 [T:0x4ed99] [DisplayControl] GetVSRtkHubControlClientListener
2025/10/14 07:57:16.011 [T:0x4ed99] [DisplayControl] max monitor count = 2
2025/10/14 07:57:16.011 [T:0x4ed99] [DisplayControl] index of display_info_vec = 0
2025/10/14 07:57:16.011 [T:0x4ed99] [DisplayControl] index of p_lpo_display_info_video_port = 0
2025/10/14 07:57:16.011 [T:0x4ed99] [DisplayControl] VideoPortMatchingRule
2025/10/14 07:57:16.011 [T:0x4ed99] [DisplayControl] monitor display_info_model_name = VG2458
2025/10/14 07:57:16.011 [T:0x4ed99] [DisplayControl] monitor video_port_model_name = VG2458
2025/10/14 07:57:16.011 [T:0x4ed99] [DisplayControl] monitor display_info_sn = YDJ243400006
2025/10/14 07:57:16.011 [T:0x4ed99] [DisplayControl] monitor video_port_sn = YDJ243400006
2025/10/14 07:57:16.011 [T:0x4ed99] [DisplayControl] model_name_match = 1
2025/10/14 07:57:16.011 [T:0x4ed99] [DisplayControl] sn_match = 1
2025/10/14 07:57:16.011 [T:0x4ed99] [DisplayControl] video_port is_match = 1
2025/10/14 07:57:16.011 [T:0x4ed99] [DisplayControl] index of display_info_vec = 1
2025/10/14 07:57:16.012 [T:0x4ed99] [DisplayControl] index of p_lpo_display_info_video_port = 0
2025/10/14 07:57:16.012 [T:0x4ed99] [DisplayControl] VideoPortMatchingRule
2025/10/14 07:57:16.012 [T:0x4ed99] [DisplayControl] monitor display_info_model_name = VG275
2025/10/14 07:57:16.012 [T:0x4ed99] [DisplayControl] monitor video_port_model_name = VG2458
2025/10/14 07:57:16.012 [T:0x4ed99] [DisplayControl] monitor display_info_sn = XF6232400003
2025/10/14 07:57:16.012 [T:0x4ed99] [DisplayControl] monitor video_port_sn = YDJ243400006
2025/10/14 07:57:16.012 [T:0x4ed99] [DisplayControl] model_name_match = 0
2025/10/14 07:57:16.012 [T:0x4ed99] [DisplayControl] sn_match = 0
2025/10/14 07:57:16.012 [T:0x4ed99] [DisplayControl] video_port is_match = 0
2025/10/14 07:57:16.012 [T:0x4ed99] [DisplayControl] index of display_info_vec = 1
2025/10/14 07:57:16.012 [T:0x4ed99] [DisplayControl] index of p_lpo_display_info_video_port = 1
2025/10/14 07:57:16.012 [T:0x4ed99] [DisplayControl] VideoPortMatchingRule
2025/10/14 07:57:16.012 [T:0x4ed99] [DisplayControl] monitor display_info_model_name = VG275
2025/10/14 07:57:16.012 [T:0x4ed99] [DisplayControl] monitor video_port_model_name = VG275
2025/10/14 07:57:16.012 [T:0x4ed99] [DisplayControl] monitor display_info_sn = XF6232400003
2025/10/14 07:57:16.012 [T:0x4ed99] [DisplayControl] monitor video_port_sn = XF6232400003
2025/10/14 07:57:16.012 [T:0x4ed99] [DisplayControl] model_name_match = 1
2025/10/14 07:57:16.012 [T:0x4ed99] [DisplayControl] sn_match = 1
2025/10/14 07:57:16.012 [T:0x4ed99] [DisplayControl] video_port is_match = 1
2025/10/14 07:57:16.012 [T:0x4ed99] [DisplayControl] i = 0
2025/10/14 07:57:16.012 [T:0x4ed99] [DisplayControl] Enter OperationThread::OperationThread()
2025/10/14 07:57:16.012 [T:0x4ed99] [DisplayControl] Enter OperationThread::CreateThread
2025/10/14 07:57:16.012 [T:0x4ed99] [DisplayControl] new DisplayFunctioner
2025/10/14 07:57:16.012 [T:0x4ed99] [DisplayControl] insert displayer_vector
2025/10/14 07:57:16.012 [T:0x4ed99] [DisplayControl] insert modelName_SN_to_Display_map
2025/10/14 07:57:16.012 [T:0x4ed99] [DisplayControl] insert device_id_to_Displayer_map_
2025/10/14 07:57:16.012 [T:0x4ed99] [DisplayControl] i = 1
2025/10/14 07:57:16.013 [T:0x4ed99] [DisplayControl] Enter OperationThread::OperationThread()
2025/10/14 07:57:16.013 [T:0x4ed99] [DisplayControl] Enter OperationThread::CreateThread
2025/10/14 07:57:16.013 [T:0x4ed99] [DisplayControl] new DisplayFunctioner
2025/10/14 07:57:16.013 [T:0x4ed99] [DisplayControl] insert displayer_vector
2025/10/14 07:57:16.013 [T:0x4ed99] [DisplayControl] insert modelName_SN_to_Display_map
2025/10/14 07:57:16.013 [T:0x4ed99] [DisplayControl] insert device_id_to_Displayer_map_
2025/10/14 07:57:16.013 [T:0x4ed99] [DisplayControl] monitor size = 2
2025/10/14 07:57:16.013 [T:0x4ed99] [DisplayControl] Exit ObtainControlHandler
2025/10/14 07:57:16.013 [T:0x4ed99] [DisplayControl] Enter MCCSOtherSet::GetVCP(), vcp code = 96
2025/10/14 07:57:16.098 [T:0x4ed99] [DisplayControl] Exit MCCSOtherSet::GetVCP()
2025/10/14 07:57:16.416 [T:0x4ed99] [DisplayControl] Enter MCCSOtherSet::GetVCP(), vcp code = 96
2025/10/14 07:57:16.556 [T:0x4ed99] [DisplayControl] Exit MCCSOtherSet::GetVCP()
2025/10/14 07:57:16.937 [T:0x4ed99] [DisplayControl] Enter MCCSOtherSet::SetVCP(), vcp code = 51
2025/10/14 07:57:17.129 [T:0x4ed99] [DisplayControl] Exit MCCSOtherSet::SetVCP()
2025/10/14 07:57:17.131 [T:0x4ed99] [DisplayControl] Enter MCCSOtherSet::SetVCP(), vcp code = 51
2025/10/14 07:57:17.339 [T:0x4ed99] [DisplayControl] Exit MCCSOtherSet::SetVCP()
2025/10/14 07:57:17.342 [T:0x4ed99] [DisplayControl] Enter MCCSOtherSet::GetVCP(), vcp code = 225
2025/10/14 07:57:17.489 [T:0x4ed99] [DisplayControl] Exit MCCSOtherSet::GetVCP()
2025/10/14 07:57:17.605 [T:0x4ed99] [DisplayControl] Enter MCCSOtherSet::GetVCP(), vcp code = 245
2025/10/14 07:57:17.754 [T:0x4ed99] [DisplayControl] Exit MCCSOtherSet::GetVCP()
2025/10/14 07:57:17.870 [T:0x4ed99] [DisplayControl] Enter MCCSOtherSet::GetVCP(), vcp code = 18
2025/10/14 07:57:17.989 [T:0x4ed99] [DisplayControl] Exit MCCSOtherSet::GetVCP()
2025/10/14 07:57:18.105 [T:0x4ed99] [DisplayControl] Enter MCCSOtherSet::GetVCP(), vcp code = 141
2025/10/14 07:57:18.220 [T:0x4ed99] [DisplayControl] Exit MCCSOtherSet::GetVCP()
2025/10/14 07:57:18.324 [T:0x4ed99] [DisplayControl] Enter MCCSOtherSet::GetVCP(), vcp code = 16
2025/10/14 07:57:18.405 [T:0x4ed99] [DisplayControl] Exit MCCSOtherSet::GetVCP()
2025/10/14 07:57:18.511 [T:0x4ed99] [DisplayControl] Enter MCCSOtherSet::GetVCP(), vcp code = 220
2025/10/14 07:57:18.592 [T:0x4ed99] [DisplayControl] Exit MCCSOtherSet::GetVCP()
2025/10/14 07:57:18.699 [T:0x4ed99] [DisplayControl] Enter MCCSOtherSet::GetVCP(), vcp code = 4
2025/10/14 07:57:18.780 [T:0x4ed99] [DisplayControl] Exit MCCSOtherSet::GetVCP()
2025/10/14 07:57:18.887 [T:0x4ed99] [DisplayControl] Enter MCCSOtherSet::GetVCP(), vcp code = 96
2025/10/14 07:57:19.006 [T:0x4ed99] [DisplayControl] Exit MCCSOtherSet::GetVCP()
2025/10/14 07:57:19.121 [T:0x4ed99] [DisplayControl] Enter MCCSOtherSet::GetVCP(), vcp code = 98
2025/10/14 07:57:19.233 [T:0x4ed99] [DisplayControl] Exit MCCSOtherSet::GetVCP()
2025/10/14 07:57:19.340 [T:0x4ed99] [DisplayControl] Enter MCCSOtherSet::GetVCP(), vcp code = 97
2025/10/14 07:57:19.490 [T:0x4ed99] [DisplayControl] Exit MCCSOtherSet::GetVCP()
2025/10/14 07:57:19.605 [T:0x4ed99] [DisplayControl] Enter MCCSOtherSet::GetVCP(), vcp code = 43
2025/10/14 07:57:19.740 [T:0x4ed99] [DisplayControl] Exit MCCSOtherSet::GetVCP()
2025/10/14 07:57:19.855 [T:0x4ed99] [DisplayControl] Enter MCCSOtherSet::GetVCP(), vcp code = 135
2025/10/14 07:57:19.990 [T:0x4ed99] [DisplayControl] Exit MCCSOtherSet::GetVCP()
2025/10/14 07:57:20.105 [T:0x4ed99] [DisplayControl] Enter MCCSOtherSet::GetVCP(), vcp code = 51
2025/10/14 07:57:20.222 [T:0x4ed99] [DisplayControl] Exit MCCSOtherSet::GetVCP()
2025/10/14 07:57:20.324 [T:0x4ed99] [DisplayControl] Enter MCCSOtherSet::GetVCP(), vcp code = 20
2025/10/14 07:57:20.412 [T:0x4ed99] [DisplayControl] Exit MCCSOtherSet::GetVCP()
2025/10/14 07:57:20.529 [T:0x4ed99] [DisplayControl] Enter MCCSOtherSet::GetVCP(), vcp code = 225
2025/10/14 07:57:20.652 [T:0x4ed99] [DisplayControl] Exit MCCSOtherSet::GetVCP()
2025/10/14 07:57:20.762 [T:0x4ed99] [DisplayControl] Enter MCCSOtherSet::GetVCP(), vcp code = 18
2025/10/14 07:57:20.862 [T:0x4ed99] [DisplayControl] Exit MCCSOtherSet::GetVCP()
2025/10/14 07:57:20.965 [T:0x4ed99] [DisplayControl] Enter MCCSOtherSet::GetVCP(), vcp code = 141
2025/10/14 07:57:21.058 [T:0x4ed99] [DisplayControl] Exit MCCSOtherSet::GetVCP()
2025/10/14 07:57:21.168 [T:0x4ed99] [DisplayControl] Enter MCCSOtherSet::GetVCP(), vcp code = 16
2025/10/14 07:57:21.284 [T:0x4ed99] [DisplayControl] Exit MCCSOtherSet::GetVCP()
2025/10/14 07:57:21.387 [T:0x4ed99] [DisplayControl] Enter MCCSOtherSet::GetVCP(), vcp code = 226
2025/10/14 07:57:21.543 [T:0x4ed99] [DisplayControl] Exit MCCSOtherSet::GetVCP()
2025/10/14 07:57:21.653 [T:0x4ed99] [DisplayControl] Enter MCCSOtherSet::GetVCP(), vcp code = 220
2025/10/14 07:57:21.809 [T:0x4ed99] [DisplayControl] Exit MCCSOtherSet::GetVCP()
2025/10/14 07:57:21.918 [T:0x4ed99] [DisplayControl] Enter MCCSOtherSet::GetVCP(), vcp code = 4
2025/10/14 07:57:22.043 [T:0x4ed99] [DisplayControl] Exit MCCSOtherSet::GetVCP()
2025/10/14 07:57:22.153 [T:0x4ed99] [DisplayControl] Enter MCCSOtherSet::GetVCP(), vcp code = 96
2025/10/14 07:57:22.284 [T:0x4ed99] [DisplayControl] Exit MCCSOtherSet::GetVCP()
2025/10/14 07:57:22.388 [T:0x4ed99] [DisplayControl] Enter MCCSOtherSet::GetVCP(), vcp code = 98
2025/10/14 07:57:22.528 [T:0x4ed99] [DisplayControl] Exit MCCSOtherSet::GetVCP()
2025/10/14 07:57:22.638 [T:0x4ed99] [DisplayControl] Enter MCCSOtherSet::GetVCP(), vcp code = 97
2025/10/14 07:57:22.763 [T:0x4ed99] [DisplayControl] Exit MCCSOtherSet::GetVCP()
2025/10/14 07:57:22.872 [T:0x4ed99] [DisplayControl] Enter MCCSOtherSet::GetVCP(), vcp code = 236
2025/10/14 07:57:23.015 [T:0x4ed99] [DisplayControl] Exit MCCSOtherSet::GetVCP()
2025/10/14 07:57:23.123 [T:0x4ed99] [DisplayControl] Enter MCCSOtherSet::GetVCP(), vcp code = 43
2025/10/14 07:57:23.279 [T:0x4ed99] [DisplayControl] Exit MCCSOtherSet::GetVCP()
2025/10/14 07:57:23.388 [T:0x4ed99] [DisplayControl] Enter MCCSOtherSet::GetVCP(), vcp code = 135
2025/10/14 07:57:23.513 [T:0x4ed99] [DisplayControl] Exit MCCSOtherSet::GetVCP()
2025/10/14 07:57:23.623 [T:0x4ed99] [DisplayControl] Enter MCCSOtherSet::GetVCP(), vcp code = 51
2025/10/14 07:57:23.754 [T:0x4ed99] [DisplayControl] Exit MCCSOtherSet::GetVCP()
2025/10/14 07:57:23.884 [T:0x4ed99] [DisplayControl] Enter MCCSOtherSet::GetVCP(), vcp code = 96
2025/10/14 07:57:24.007 [T:0x4ed99] [DisplayControl] Exit MCCSOtherSet::GetVCP()
2025/10/14 07:57:24.009 [T:0x4ed99] [DisplayControl] Enter MCCSOtherSet::GetVCP(), vcp code = 96
2025/10/14 07:57:24.169 [T:0x4ed99] [DisplayControl] Exit MCCSOtherSet::GetVCP()
2025/10/14 07:57:24.843 [T:0x14a19] [DisplayControl] Enter MCCSOtherSet::SetVCP(), vcp code = 51
2025/10/14 07:57:25.001 [T:0x14a19] [DisplayControl] Exit MCCSOtherSet::SetVCP()
2025/10/14 07:58:03.744 [T:0x85521] [DisplayControl] Enter MCCSOtherSet::SetVCP(), vcp code = 4
2025/10/14 07:58:04.691 [T:0x85521] [DisplayControl] Exit MCCSOtherSet::SetVCP()
2025/10/14 07:58:09.805 [T:0x85521] [DisplayControl] Enter OperationThread::ExitThread
2025/10/14 07:58:09.805 [T:0x85521] [DisplayControl] Exit OperationThread::ExitThread
2025/10/14 07:58:09.805 [T:0x85521] [DisplayControl] Enter OperationThread::~OperationThread()
2025/10/14 07:58:09.805 [T:0x85521] [DisplayControl] Enter OperationThread::ExitThread
2025/10/14 07:58:09.805 [T:0x85521] [DisplayControl] Enter OperationThread::ExitThread
2025/10/14 07:58:09.805 [T:0x85521] [DisplayControl] Exit OperationThread::ExitThread
2025/10/14 07:58:09.805 [T:0x85521] [DisplayControl] Enter OperationThread::~OperationThread()
2025/10/14 07:58:09.806 [T:0x85521] [DisplayControl] Enter OperationThread::ExitThread
2025/10/14 07:58:09.831 [T:0x85521] [DbgStr] After calling display_control_client_listener_video_port_.UpdateAllDisplayPath()
2025/10/14 07:58:09.852 [T:0x85521] [DbgStr] After calling display_control_client_listener_.GetAllDisplayEDID()
2025/10/14 07:58:09.854 [T:0x85521] [DisplayControl] Version = 3.0.6.0
2025/10/14 07:58:09.854 [T:0x85521] [DisplayControl] Enter ObtainControlHandler1
2025/10/14 07:58:09.854 [T:0x85521] [DisplayControl] GetVideoPortCommander
2025/10/14 07:58:09.854 [T:0x85521] [DisplayControl] GetUSBHubCommander
2025/10/14 07:58:09.854 [T:0x85521] ====== List p_lpo_display_info_video_port, # of devices is ======2
2025/10/14 07:58:09.854 [T:0x85521] [DisplayControl] index of p_lpo_display_info_video_port0
2025/10/14 07:58:09.854 [T:0x85521] [DisplayControl] Model name from VideoPort = VG2458
2025/10/14 07:58:09.855 [T:0x85521] [DisplayControl] SN from VideoPort = YDJ243400006
2025/10/14 07:58:09.855 [T:0x85521] [DisplayControl] index of p_lpo_display_info_video_port1
2025/10/14 07:58:09.855 [T:0x85521] [DisplayControl] Model name from VideoPort = VG275
2025/10/14 07:58:09.855 [T:0x85521] [DisplayControl] SN from VideoPort = XF6232400003
2025/10/14 07:58:09.855 [T:0x85521] ====== List p_lpo_display_info_rtd_scalar_rts_hub, # of devices is ======0
2025/10/14 07:58:09.855 [T:0x85521] [DisplayControl] GetVSRtkHubControlClientListener
2025/10/14 07:58:09.855 [T:0x85521] [DisplayControl] max monitor count = 2
2025/10/14 07:58:09.855 [T:0x85521] [DisplayControl] index of display_info_vec = 0
2025/10/14 07:58:09.855 [T:0x85521] [DisplayControl] index of p_lpo_display_info_video_port = 0
2025/10/14 07:58:09.855 [T:0x85521] [DisplayControl] VideoPortMatchingRule
2025/10/14 07:58:09.855 [T:0x85521] [DisplayControl] monitor display_info_model_name = VG2458
2025/10/14 07:58:09.855 [T:0x85521] [DisplayControl] monitor video_port_model_name = VG2458
2025/10/14 07:58:09.855 [T:0x85521] [DisplayControl] monitor display_info_sn = YDJ243400006
2025/10/14 07:58:09.855 [T:0x85521] [DisplayControl] monitor video_port_sn = YDJ243400006
2025/10/14 07:58:09.855 [T:0x85521] [DisplayControl] model_name_match = 1
2025/10/14 07:58:09.855 [T:0x85521] [DisplayControl] sn_match = 1
2025/10/14 07:58:09.855 [T:0x85521] [DisplayControl] video_port is_match = 1
2025/10/14 07:58:09.855 [T:0x85521] [DisplayControl] index of display_info_vec = 1
2025/10/14 07:58:09.855 [T:0x85521] [DisplayControl] index of p_lpo_display_info_video_port = 0
2025/10/14 07:58:09.855 [T:0x85521] [DisplayControl] VideoPortMatchingRule
2025/10/14 07:58:09.855 [T:0x85521] [DisplayControl] monitor display_info_model_name = VG275
2025/10/14 07:58:09.855 [T:0x85521] [DisplayControl] monitor video_port_model_name = VG2458
2025/10/14 07:58:09.855 [T:0x85521] [DisplayControl] monitor display_info_sn = XF6232400003
2025/10/14 07:58:09.855 [T:0x85521] [DisplayControl] monitor video_port_sn = YDJ243400006
2025/10/14 07:58:09.855 [T:0x85521] [DisplayControl] model_name_match = 0
2025/10/14 07:58:09.855 [T:0x85521] [DisplayControl] sn_match = 0
2025/10/14 07:58:09.855 [T:0x85521] [DisplayControl] video_port is_match = 0
2025/10/14 07:58:09.855 [T:0x85521] [DisplayControl] index of display_info_vec = 1
2025/10/14 07:58:09.855 [T:0x85521] [DisplayControl] index of p_lpo_display_info_video_port = 1
2025/10/14 07:58:09.856 [T:0x85521] [DisplayControl] VideoPortMatchingRule
2025/10/14 07:58:09.856 [T:0x85521] [DisplayControl] monitor display_info_model_name = VG275
2025/10/14 07:58:09.856 [T:0x85521] [DisplayControl] monitor video_port_model_name = VG275
2025/10/14 07:58:09.856 [T:0x85521] [DisplayControl] monitor display_info_sn = XF6232400003
2025/10/14 07:58:09.856 [T:0x85521] [DisplayControl] monitor video_port_sn = XF6232400003
2025/10/14 07:58:09.856 [T:0x85521] [DisplayControl] model_name_match = 1
2025/10/14 07:58:09.856 [T:0x85521] [DisplayControl] sn_match = 1
2025/10/14 07:58:09.856 [T:0x85521] [DisplayControl] video_port is_match = 1
2025/10/14 07:58:09.856 [T:0x85521] [DisplayControl] i = 0
2025/10/14 07:58:09.856 [T:0x85521] [DisplayControl] Enter OperationThread::OperationThread()
2025/10/14 07:58:09.856 [T:0x85521] [DisplayControl] Enter OperationThread::CreateThread
2025/10/14 07:58:09.856 [T:0x85521] [DisplayControl] new DisplayFunctioner
2025/10/14 07:58:09.856 [T:0x85521] [DisplayControl] insert displayer_vector
2025/10/14 07:58:09.856 [T:0x85521] [DisplayControl] insert modelName_SN_to_Display_map
2025/10/14 07:58:09.856 [T:0x85521] [DisplayControl] insert device_id_to_Displayer_map_
2025/10/14 07:58:09.856 [T:0x85521] [DisplayControl] i = 1
2025/10/14 07:58:09.856 [T:0x85521] [DisplayControl] Enter OperationThread::OperationThread()
2025/10/14 07:58:09.856 [T:0x85521] [DisplayControl] Enter OperationThread::CreateThread
2025/10/14 07:58:09.856 [T:0x85521] [DisplayControl] new DisplayFunctioner
2025/10/14 07:58:09.856 [T:0x85521] [DisplayControl] insert displayer_vector
2025/10/14 07:58:09.856 [T:0x85521] [DisplayControl] insert modelName_SN_to_Display_map
2025/10/14 07:58:09.856 [T:0x85521] [DisplayControl] insert device_id_to_Displayer_map_
2025/10/14 07:58:09.856 [T:0x85521] [DisplayControl] monitor size = 2
2025/10/14 07:58:09.857 [T:0x85521] [DisplayControl] Exit ObtainControlHandler
2025/10/14 07:58:09.857 [T:0x85521] [DisplayControl] Enter MCCSOtherSet::GetVCP(), vcp code = 16
2025/10/14 07:58:09.933 [T:0x85521] [DisplayControl] Exit MCCSOtherSet::GetVCP()
2025/10/14 07:58:09.933 [T:0x85521] [DisplayControl] Enter MCCSOtherSet::GetVCP(), vcp code = 225
2025/10/14 07:58:10.075 [T:0x85521] [DisplayControl] Exit MCCSOtherSet::GetVCP()
2025/10/14 07:58:10.184 [T:0x85521] [DisplayControl] Enter MCCSOtherSet::GetVCP(), vcp code = 245
2025/10/14 07:58:10.266 [T:0x85521] [DisplayControl] Exit MCCSOtherSet::GetVCP()
2025/10/14 07:58:10.375 [T:0x85521] [DisplayControl] Enter MCCSOtherSet::GetVCP(), vcp code = 18
2025/10/14 07:58:10.458 [T:0x85521] [DisplayControl] Exit MCCSOtherSet::GetVCP()
2025/10/14 07:58:10.567 [T:0x85521] [DisplayControl] Enter MCCSOtherSet::GetVCP(), vcp code = 141
2025/10/14 07:58:10.649 [T:0x85521] [DisplayControl] Exit MCCSOtherSet::GetVCP()
2025/10/14 07:58:10.757 [T:0x85521] [DisplayControl] Enter MCCSOtherSet::GetVCP(), vcp code = 16
2025/10/14 07:58:10.839 [T:0x85521] [DisplayControl] Exit MCCSOtherSet::GetVCP()
2025/10/14 07:58:10.948 [T:0x85521] [DisplayControl] Enter MCCSOtherSet::GetVCP(), vcp code = 220
2025/10/14 07:58:11.031 [T:0x85521] [DisplayControl] Exit MCCSOtherSet::GetVCP()
2025/10/14 07:58:11.139 [T:0x85521] [DisplayControl] Enter MCCSOtherSet::GetVCP(), vcp code = 4
2025/10/14 07:58:11.222 [T:0x85521] [DisplayControl] Exit MCCSOtherSet::GetVCP()
2025/10/14 07:58:11.330 [T:0x85521] [DisplayControl] Enter MCCSOtherSet::GetVCP(), vcp code = 96
2025/10/14 07:58:11.412 [T:0x85521] [DisplayControl] Exit MCCSOtherSet::GetVCP()
2025/10/14 07:58:11.520 [T:0x85521] [DisplayControl] Enter MCCSOtherSet::GetVCP(), vcp code = 98
2025/10/14 07:58:11.601 [T:0x85521] [DisplayControl] Exit MCCSOtherSet::GetVCP()
2025/10/14 07:58:11.705 [T:0x85521] [DisplayControl] Enter MCCSOtherSet::GetVCP(), vcp code = 97
2025/10/14 07:58:11.787 [T:0x85521] [DisplayControl] Exit MCCSOtherSet::GetVCP()
2025/10/14 07:58:11.893 [T:0x85521] [DisplayControl] Enter MCCSOtherSet::GetVCP(), vcp code = 43
2025/10/14 07:58:11.975 [T:0x85521] [DisplayControl] Exit MCCSOtherSet::GetVCP()
2025/10/14 07:58:12.082 [T:0x85521] [DisplayControl] Enter MCCSOtherSet::GetVCP(), vcp code = 135
2025/10/14 07:58:12.162 [T:0x85521] [DisplayControl] Exit MCCSOtherSet::GetVCP()
2025/10/14 07:58:12.189 [T:0x4ed99] [DisplayControl] Enter MCCSOtherSet::GetVCP(), vcp code = 96
2025/10/14 07:58:12.270 [T:0x85521] [DisplayControl] Enter MCCSOtherSet::GetVCP(), vcp code = 51
2025/10/14 07:58:12.310 [T:0x4ed99] [DisplayControl] Exit MCCSOtherSet::GetVCP()
2025/10/14 07:58:12.482 [T:0x85521] [DisplayControl] Exit MCCSOtherSet::GetVCP()
2025/10/14 07:58:12.584 [T:0x85521] [DisplayControl] Enter MCCSOtherSet::GetVCP(), vcp code = 20
2025/10/14 07:58:12.821 [T:0x85521] [DisplayControl] Exit MCCSOtherSet::GetVCP()
2025/10/14 07:58:12.929 [T:0x85521] [DisplayControl] Enter MCCSOtherSet::GetVCP(), vcp code = 225
2025/10/14 07:58:13.030 [T:0x85521] [DisplayControl] Exit MCCSOtherSet::GetVCP()
2025/10/14 07:58:13.134 [T:0x85521] [DisplayControl] Enter MCCSOtherSet::GetVCP(), vcp code = 18
2025/10/14 07:58:13.220 [T:0x85521] [DisplayControl] Exit MCCSOtherSet::GetVCP()
2025/10/14 07:58:13.324 [T:0x85521] [DisplayControl] Enter MCCSOtherSet::GetVCP(), vcp code = 141
2025/10/14 07:58:13.410 [T:0x85521] [DisplayControl] Exit MCCSOtherSet::GetVCP()
2025/10/14 07:58:13.512 [T:0x85521] [DisplayControl] Enter MCCSOtherSet::GetVCP(), vcp code = 16
2025/10/14 07:58:13.597 [T:0x85521] [DisplayControl] Exit MCCSOtherSet::GetVCP()
2025/10/14 07:58:13.700 [T:0x85521] [DisplayControl] Enter MCCSOtherSet::GetVCP(), vcp code = 226
2025/10/14 07:58:13.786 [T:0x85521] [DisplayControl] Exit MCCSOtherSet::GetVCP()
2025/10/14 07:58:13.891 [T:0x85521] [DisplayControl] Enter MCCSOtherSet::GetVCP(), vcp code = 220
2025/10/14 07:58:13.978 [T:0x85521] [DisplayControl] Exit MCCSOtherSet::GetVCP()
2025/10/14 07:58:14.081 [T:0x85521] [DisplayControl] Enter MCCSOtherSet::GetVCP(), vcp code = 4
2025/10/14 07:58:14.167 [T:0x85521] [DisplayControl] Exit MCCSOtherSet::GetVCP()
2025/10/14 07:58:14.283 [T:0x85521] [DisplayControl] Enter MCCSOtherSet::GetVCP(), vcp code = 96
2025/10/14 07:58:14.368 [T:0x85521] [DisplayControl] Exit MCCSOtherSet::GetVCP()
2025/10/14 07:58:14.469 [T:0x85521] [DisplayControl] Enter MCCSOtherSet::GetVCP(), vcp code = 98
2025/10/14 07:58:14.555 [T:0x85521] [DisplayControl] Exit MCCSOtherSet::GetVCP()
2025/10/14 07:58:14.660 [T:0x85521] [DisplayControl] Enter MCCSOtherSet::GetVCP(), vcp code = 97
2025/10/14 07:58:14.744 [T:0x85521] [DisplayControl] Exit MCCSOtherSet::GetVCP()
2025/10/14 07:58:14.848 [T:0x85521] [DisplayControl] Enter MCCSOtherSet::GetVCP(), vcp code = 236
2025/10/14 07:58:14.931 [T:0x85521] [DisplayControl] Exit MCCSOtherSet::GetVCP()
2025/10/14 07:58:15.047 [T:0x85521] [DisplayControl] Enter MCCSOtherSet::GetVCP(), vcp code = 43
2025/10/14 07:58:15.131 [T:0x85521] [DisplayControl] Exit MCCSOtherSet::GetVCP()
2025/10/14 07:58:15.236 [T:0x85521] [DisplayControl] Enter MCCSOtherSet::GetVCP(), vcp code = 135
2025/10/14 07:58:15.321 [T:0x85521] [DisplayControl] Exit MCCSOtherSet::GetVCP()
2025/10/14 07:58:15.426 [T:0x85521] [DisplayControl] Enter MCCSOtherSet::GetVCP(), vcp code = 51
2025/10/14 07:58:15.511 [T:0x85521] [DisplayControl] Exit MCCSOtherSet::GetVCP()
2025/10/14 07:59:19.444 [T:0x4ed99] [DisplayControl] Enter MCCSOtherSet::GetVCP(), vcp code = 96
2025/10/14 07:59:19.555 [T:0x4ed99] [DisplayControl] Exit MCCSOtherSet::GetVCP()
2025/10/14 07:59:19.726 [T:0x35f2c] [DisplayControl] Enter MCCSOtherSet::GetVCP(), vcp code = 225
2025/10/14 07:59:19.865 [T:0x35f2c] [DisplayControl] Exit MCCSOtherSet::GetVCP()
2025/10/14 07:59:19.968 [T:0x35f2c] [DisplayControl] Enter MCCSOtherSet::GetVCP(), vcp code = 18
2025/10/14 07:59:20.053 [T:0x35f2c] [DisplayControl] Exit MCCSOtherSet::GetVCP()
2025/10/14 07:59:20.156 [T:0x35f2c] [DisplayControl] Enter MCCSOtherSet::GetVCP(), vcp code = 141
2025/10/14 07:59:20.242 [T:0x35f2c] [DisplayControl] Exit MCCSOtherSet::GetVCP()
2025/10/14 07:59:20.343 [T:0x35f2c] [DisplayControl] Enter MCCSOtherSet::GetVCP(), vcp code = 16
2025/10/14 07:59:20.427 [T:0x35f2c] [DisplayControl] Exit MCCSOtherSet::GetVCP()
2025/10/14 07:59:20.532 [T:0x35f2c] [DisplayControl] Enter MCCSOtherSet::GetVCP(), vcp code = 226
2025/10/14 07:59:20.616 [T:0x35f2c] [DisplayControl] Exit MCCSOtherSet::GetVCP()
2025/10/14 07:59:20.719 [T:0x35f2c] [DisplayControl] Enter MCCSOtherSet::GetVCP(), vcp code = 220
2025/10/14 07:59:20.803 [T:0x35f2c] [DisplayControl] Exit MCCSOtherSet::GetVCP()
2025/10/14 07:59:20.905 [T:0x35f2c] [DisplayControl] Enter MCCSOtherSet::GetVCP(), vcp code = 4
2025/10/14 07:59:20.990 [T:0x35f2c] [DisplayControl] Exit MCCSOtherSet::GetVCP()
2025/10/14 07:59:21.091 [T:0x35f2c] [DisplayControl] Enter MCCSOtherSet::GetVCP(), vcp code = 96
2025/10/14 07:59:21.177 [T:0x35f2c] [DisplayControl] Exit MCCSOtherSet::GetVCP()
2025/10/14 07:59:21.280 [T:0x35f2c] [DisplayControl] Enter MCCSOtherSet::GetVCP(), vcp code = 98
2025/10/14 07:59:21.365 [T:0x35f2c] [DisplayControl] Exit MCCSOtherSet::GetVCP()
2025/10/14 07:59:21.469 [T:0x35f2c] [DisplayControl] Enter MCCSOtherSet::GetVCP(), vcp code = 97
2025/10/14 07:59:21.554 [T:0x35f2c] [DisplayControl] Exit MCCSOtherSet::GetVCP()
2025/10/14 07:59:21.654 [T:0x35f2c] [DisplayControl] Enter MCCSOtherSet::GetVCP(), vcp code = 236
2025/10/14 07:59:21.740 [T:0x35f2c] [DisplayControl] Exit MCCSOtherSet::GetVCP()
2025/10/14 07:59:21.843 [T:0x35f2c] [DisplayControl] Enter MCCSOtherSet::GetVCP(), vcp code = 43
2025/10/14 07:59:21.930 [T:0x35f2c] [DisplayControl] Exit MCCSOtherSet::GetVCP()
2025/10/14 07:59:22.034 [T:0x35f2c] [DisplayControl] Enter MCCSOtherSet::GetVCP(), vcp code = 135
2025/10/14 07:59:22.120 [T:0x35f2c] [DisplayControl] Exit MCCSOtherSet::GetVCP()
2025/10/14 07:59:22.221 [T:0x35f2c] [DisplayControl] Enter MCCSOtherSet::GetVCP(), vcp code = 51
2025/10/14 07:59:22.306 [T:0x35f2c] [DisplayControl] Exit MCCSOtherSet::GetVCP()
2025/10/14 07:59:36.233 [T:0x35f2c] [DisplayControl] Enter MCCSOtherSet::SetVCP(), vcp code = 4
2025/10/14 07:59:37.179 [T:0x35f2c] [DisplayControl] Exit MCCSOtherSet::SetVCP()
2025/10/14 07:59:42.297 [T:0x35f2c] [DisplayControl] Enter OperationThread::ExitThread
2025/10/14 07:59:42.297 [T:0x35f2c] [DisplayControl] Exit OperationThread::ExitThread
2025/10/14 07:59:42.297 [T:0x35f2c] [DisplayControl] Enter OperationThread::~OperationThread()
2025/10/14 07:59:42.298 [T:0x35f2c] [DisplayControl] Enter OperationThread::ExitThread
2025/10/14 07:59:42.298 [T:0x35f2c] [DisplayControl] Enter OperationThread::ExitThread
2025/10/14 07:59:42.298 [T:0x35f2c] [DisplayControl] Exit OperationThread::ExitThread
2025/10/14 07:59:42.298 [T:0x35f2c] [DisplayControl] Enter OperationThread::~OperationThread()
2025/10/14 07:59:42.298 [T:0x35f2c] [DisplayControl] Enter OperationThread::ExitThread
2025/10/14 07:59:42.323 [T:0x35f2c] [DbgStr] After calling display_control_client_listener_video_port_.UpdateAllDisplayPath()
2025/10/14 07:59:42.343 [T:0x35f2c] [DbgStr] After calling display_control_client_listener_.GetAllDisplayEDID()
2025/10/14 07:59:42.345 [T:0x35f2c] [DisplayControl] Version = 3.0.6.0
2025/10/14 07:59:42.345 [T:0x35f2c] [DisplayControl] Enter ObtainControlHandler1
2025/10/14 07:59:42.345 [T:0x35f2c] [DisplayControl] GetVideoPortCommander
2025/10/14 07:59:42.345 [T:0x35f2c] [DisplayControl] GetUSBHubCommander
2025/10/14 07:59:42.345 [T:0x35f2c] ====== List p_lpo_display_info_video_port, # of devices is ======2
2025/10/14 07:59:42.345 [T:0x35f2c] [DisplayControl] index of p_lpo_display_info_video_port0
2025/10/14 07:59:42.345 [T:0x35f2c] [DisplayControl] Model name from VideoPort = VG2458
2025/10/14 07:59:42.345 [T:0x35f2c] [DisplayControl] SN from VideoPort = YDJ243400006
2025/10/14 07:59:42.345 [T:0x35f2c] [DisplayControl] index of p_lpo_display_info_video_port1
2025/10/14 07:59:42.345 [T:0x35f2c] [DisplayControl] Model name from VideoPort = VG275
2025/10/14 07:59:42.345 [T:0x35f2c] [DisplayControl] SN from VideoPort = XF6232400003
2025/10/14 07:59:42.345 [T:0x35f2c] ====== List p_lpo_display_info_rtd_scalar_rts_hub, # of devices is ======0
2025/10/14 07:59:42.345 [T:0x35f2c] [DisplayControl] GetVSRtkHubControlClientListener
2025/10/14 07:59:42.345 [T:0x35f2c] [DisplayControl] max monitor count = 2
2025/10/14 07:59:42.345 [T:0x35f2c] [DisplayControl] index of display_info_vec = 0
2025/10/14 07:59:42.345 [T:0x35f2c] [DisplayControl] index of p_lpo_display_info_video_port = 0
2025/10/14 07:59:42.345 [T:0x35f2c] [DisplayControl] VideoPortMatchingRule
2025/10/14 07:59:42.345 [T:0x35f2c] [DisplayControl] monitor display_info_model_name = VG2458
2025/10/14 07:59:42.346 [T:0x35f2c] [DisplayControl] monitor video_port_model_name = VG2458
2025/10/14 07:59:42.346 [T:0x35f2c] [DisplayControl] monitor display_info_sn = YDJ243400006
2025/10/14 07:59:42.346 [T:0x35f2c] [DisplayControl] monitor video_port_sn = YDJ243400006
2025/10/14 07:59:42.346 [T:0x35f2c] [DisplayControl] model_name_match = 1
2025/10/14 07:59:42.346 [T:0x35f2c] [DisplayControl] sn_match = 1
2025/10/14 07:59:42.346 [T:0x35f2c] [DisplayControl] video_port is_match = 1
2025/10/14 07:59:42.346 [T:0x35f2c] [DisplayControl] index of display_info_vec = 1
2025/10/14 07:59:42.346 [T:0x35f2c] [DisplayControl] index of p_lpo_display_info_video_port = 0
2025/10/14 07:59:42.346 [T:0x35f2c] [DisplayControl] VideoPortMatchingRule
2025/10/14 07:59:42.346 [T:0x35f2c] [DisplayControl] monitor display_info_model_name = VG275
2025/10/14 07:59:42.346 [T:0x35f2c] [DisplayControl] monitor video_port_model_name = VG2458
2025/10/14 07:59:42.346 [T:0x35f2c] [DisplayControl] monitor display_info_sn = XF6232400003
2025/10/14 07:59:42.346 [T:0x35f2c] [DisplayControl] monitor video_port_sn = YDJ243400006
2025/10/14 07:59:42.346 [T:0x35f2c] [DisplayControl] model_name_match = 0
2025/10/14 07:59:42.346 [T:0x35f2c] [DisplayControl] sn_match = 0
2025/10/14 07:59:42.346 [T:0x35f2c] [DisplayControl] video_port is_match = 0
2025/10/14 07:59:42.346 [T:0x35f2c] [DisplayControl] index of display_info_vec = 1
2025/10/14 07:59:42.346 [T:0x35f2c] [DisplayControl] index of p_lpo_display_info_video_port = 1
2025/10/14 07:59:42.346 [T:0x35f2c] [DisplayControl] VideoPortMatchingRule
2025/10/14 07:59:42.346 [T:0x35f2c] [DisplayControl] monitor display_info_model_name = VG275
2025/10/14 07:59:42.346 [T:0x35f2c] [DisplayControl] monitor video_port_model_name = VG275
2025/10/14 07:59:42.346 [T:0x35f2c] [DisplayControl] monitor display_info_sn = XF6232400003
2025/10/14 07:59:42.346 [T:0x35f2c] [DisplayControl] monitor video_port_sn = XF6232400003
2025/10/14 07:59:42.346 [T:0x35f2c] [DisplayControl] model_name_match = 1
2025/10/14 07:59:42.346 [T:0x35f2c] [DisplayControl] sn_match = 1
2025/10/14 07:59:42.346 [T:0x35f2c] [DisplayControl] video_port is_match = 1
2025/10/14 07:59:42.346 [T:0x35f2c] [DisplayControl] i = 0
2025/10/14 07:59:42.346 [T:0x35f2c] [DisplayControl] Enter OperationThread::OperationThread()
2025/10/14 07:59:42.347 [T:0x35f2c] [DisplayControl] Enter OperationThread::CreateThread
2025/10/14 07:59:42.347 [T:0x35f2c] [DisplayControl] new DisplayFunctioner
2025/10/14 07:59:42.347 [T:0x35f2c] [DisplayControl] insert displayer_vector
2025/10/14 07:59:42.347 [T:0x35f2c] [DisplayControl] insert modelName_SN_to_Display_map
2025/10/14 07:59:42.347 [T:0x35f2c] [DisplayControl] insert device_id_to_Displayer_map_
2025/10/14 07:59:42.347 [T:0x35f2c] [DisplayControl] i = 1
2025/10/14 07:59:42.347 [T:0x35f2c] [DisplayControl] Enter OperationThread::OperationThread()
2025/10/14 07:59:42.347 [T:0x35f2c] [DisplayControl] Enter OperationThread::CreateThread
2025/10/14 07:59:42.347 [T:0x35f2c] [DisplayControl] new DisplayFunctioner
2025/10/14 07:59:42.347 [T:0x35f2c] [DisplayControl] insert displayer_vector
2025/10/14 07:59:42.347 [T:0x35f2c] [DisplayControl] insert modelName_SN_to_Display_map
2025/10/14 07:59:42.347 [T:0x35f2c] [DisplayControl] insert device_id_to_Displayer_map_
2025/10/14 07:59:42.347 [T:0x35f2c] [DisplayControl] monitor size = 2
2025/10/14 07:59:42.347 [T:0x35f2c] [DisplayControl] Exit ObtainControlHandler
2025/10/14 07:59:42.347 [T:0x35f2c] [DisplayControl] Enter MCCSOtherSet::GetVCP(), vcp code = 16
2025/10/14 07:59:42.430 [T:0x35f2c] [DisplayControl] Exit MCCSOtherSet::GetVCP()
2025/10/14 07:59:42.431 [T:0x35f2c] [DisplayControl] Enter MCCSOtherSet::GetVCP(), vcp code = 225
2025/10/14 07:59:42.504 [T:0x35f2c] [DisplayControl] Exit MCCSOtherSet::GetVCP()
2025/10/14 07:59:42.612 [T:0x35f2c] [DisplayControl] Enter MCCSOtherSet::GetVCP(), vcp code = 245
2025/10/14 07:59:42.694 [T:0x35f2c] [DisplayControl] Exit MCCSOtherSet::GetVCP()
2025/10/14 07:59:42.803 [T:0x35f2c] [DisplayControl] Enter MCCSOtherSet::GetVCP(), vcp code = 18
2025/10/14 07:59:42.886 [T:0x35f2c] [DisplayControl] Exit MCCSOtherSet::GetVCP()
2025/10/14 07:59:42.992 [T:0x35f2c] [DisplayControl] Enter MCCSOtherSet::GetVCP(), vcp code = 141
2025/10/14 07:59:43.075 [T:0x35f2c] [DisplayControl] Exit MCCSOtherSet::GetVCP()
2025/10/14 07:59:43.181 [T:0x35f2c] [DisplayControl] Enter MCCSOtherSet::GetVCP(), vcp code = 16
2025/10/14 07:59:43.262 [T:0x35f2c] [DisplayControl] Exit MCCSOtherSet::GetVCP()
2025/10/14 07:59:43.369 [T:0x35f2c] [DisplayControl] Enter MCCSOtherSet::GetVCP(), vcp code = 220
2025/10/14 07:59:43.451 [T:0x35f2c] [DisplayControl] Exit MCCSOtherSet::GetVCP()
2025/10/14 07:59:43.557 [T:0x35f2c] [DisplayControl] Enter MCCSOtherSet::GetVCP(), vcp code = 4
2025/10/14 07:59:43.639 [T:0x35f2c] [DisplayControl] Exit MCCSOtherSet::GetVCP()
2025/10/14 07:59:43.748 [T:0x35f2c] [DisplayControl] Enter MCCSOtherSet::GetVCP(), vcp code = 96
2025/10/14 07:59:43.830 [T:0x35f2c] [DisplayControl] Exit MCCSOtherSet::GetVCP()
2025/10/14 07:59:43.939 [T:0x35f2c] [DisplayControl] Enter MCCSOtherSet::GetVCP(), vcp code = 98
2025/10/14 07:59:44.021 [T:0x35f2c] [DisplayControl] Exit MCCSOtherSet::GetVCP()
2025/10/14 07:59:44.130 [T:0x35f2c] [DisplayControl] Enter MCCSOtherSet::GetVCP(), vcp code = 97
2025/10/14 07:59:44.210 [T:0x35f2c] [DisplayControl] Exit MCCSOtherSet::GetVCP()
2025/10/14 07:59:44.315 [T:0x35f2c] [DisplayControl] Enter MCCSOtherSet::GetVCP(), vcp code = 43
2025/10/14 07:59:44.396 [T:0x35f2c] [DisplayControl] Exit MCCSOtherSet::GetVCP()
2025/10/14 07:59:44.501 [T:0x35f2c] [DisplayControl] Enter MCCSOtherSet::GetVCP(), vcp code = 135
2025/10/14 07:59:44.582 [T:0x35f2c] [DisplayControl] Exit MCCSOtherSet::GetVCP()
2025/10/14 07:59:44.689 [T:0x35f2c] [DisplayControl] Enter MCCSOtherSet::GetVCP(), vcp code = 51
2025/10/14 07:59:44.770 [T:0x35f2c] [DisplayControl] Exit MCCSOtherSet::GetVCP()
2025/10/14 07:59:44.877 [T:0x35f2c] [DisplayControl] Enter MCCSOtherSet::GetVCP(), vcp code = 20
2025/10/14 07:59:44.958 [T:0x35f2c] [DisplayControl] Exit MCCSOtherSet::GetVCP()
2025/10/14 07:59:45.062 [T:0x35f2c] [DisplayControl] Enter MCCSOtherSet::GetVCP(), vcp code = 225
2025/10/14 07:59:45.147 [T:0x35f2c] [DisplayControl] Exit MCCSOtherSet::GetVCP()
2025/10/14 07:59:45.252 [T:0x35f2c] [DisplayControl] Enter MCCSOtherSet::GetVCP(), vcp code = 18
2025/10/14 07:59:45.336 [T:0x35f2c] [DisplayControl] Exit MCCSOtherSet::GetVCP()
2025/10/14 07:59:45.441 [T:0x35f2c] [DisplayControl] Enter MCCSOtherSet::GetVCP(), vcp code = 141
2025/10/14 07:59:45.527 [T:0x35f2c] [DisplayControl] Exit MCCSOtherSet::GetVCP()
2025/10/14 07:59:45.628 [T:0x35f2c] [DisplayControl] Enter MCCSOtherSet::GetVCP(), vcp code = 16
2025/10/14 07:59:45.712 [T:0x35f2c] [DisplayControl] Exit MCCSOtherSet::GetVCP()
2025/10/14 07:59:45.813 [T:0x35f2c] [DisplayControl] Enter MCCSOtherSet::GetVCP(), vcp code = 226
2025/10/14 07:59:45.899 [T:0x35f2c] [DisplayControl] Exit MCCSOtherSet::GetVCP()
2025/10/14 07:59:46.004 [T:0x35f2c] [DisplayControl] Enter MCCSOtherSet::GetVCP(), vcp code = 220
2025/10/14 07:59:46.090 [T:0x35f2c] [DisplayControl] Exit MCCSOtherSet::GetVCP()
2025/10/14 07:59:46.192 [T:0x35f2c] [DisplayControl] Enter MCCSOtherSet::GetVCP(), vcp code = 4
2025/10/14 07:59:46.277 [T:0x35f2c] [DisplayControl] Exit MCCSOtherSet::GetVCP()
2025/10/14 07:59:46.380 [T:0x35f2c] [DisplayControl] Enter MCCSOtherSet::GetVCP(), vcp code = 96
2025/10/14 07:59:46.466 [T:0x35f2c] [DisplayControl] Exit MCCSOtherSet::GetVCP()
2025/10/14 07:59:46.581 [T:0x35f2c] [DisplayControl] Enter MCCSOtherSet::GetVCP(), vcp code = 98
2025/10/14 07:59:46.667 [T:0x35f2c] [DisplayControl] Exit MCCSOtherSet::GetVCP()
2025/10/14 07:59:46.772 [T:0x35f2c] [DisplayControl] Enter MCCSOtherSet::GetVCP(), vcp code = 97
2025/10/14 07:59:46.855 [T:0x35f2c] [DisplayControl] Exit MCCSOtherSet::GetVCP()
2025/10/14 07:59:46.957 [T:0x35f2c] [DisplayControl] Enter MCCSOtherSet::GetVCP(), vcp code = 236
2025/10/14 07:59:47.041 [T:0x35f2c] [DisplayControl] Exit MCCSOtherSet::GetVCP()
2025/10/14 07:59:47.145 [T:0x35f2c] [DisplayControl] Enter MCCSOtherSet::GetVCP(), vcp code = 43
2025/10/14 07:59:47.229 [T:0x35f2c] [DisplayControl] Exit MCCSOtherSet::GetVCP()
2025/10/14 07:59:47.331 [T:0x35f2c] [DisplayControl] Enter MCCSOtherSet::GetVCP(), vcp code = 135
2025/10/14 07:59:47.416 [T:0x35f2c] [DisplayControl] Exit MCCSOtherSet::GetVCP()
2025/10/14 07:59:47.520 [T:0x35f2c] [DisplayControl] Enter MCCSOtherSet::GetVCP(), vcp code = 51
2025/10/14 07:59:47.605 [T:0x35f2c] [DisplayControl] Exit MCCSOtherSet::GetVCP()
2025/10/14 08:00:46.535 [T:0x4ed99] [DisplayControl] Enter MCCSOtherSet::GetVCP(), vcp code = 96
2025/10/14 08:00:46.640 [T:0x4ed99] [DisplayControl] Exit MCCSOtherSet::GetVCP()
2025/10/14 08:00:46.842 [T:0x2525b] [DisplayControl] Enter MCCSOtherSet::GetVCP(), vcp code = 225
2025/10/14 08:00:46.947 [T:0x2525b] [DisplayControl] Exit MCCSOtherSet::GetVCP()
2025/10/14 08:00:47.054 [T:0x2525b] [DisplayControl] Enter MCCSOtherSet::GetVCP(), vcp code = 245
2025/10/14 08:00:47.135 [T:0x2525b] [DisplayControl] Exit MCCSOtherSet::GetVCP()
2025/10/14 08:00:47.243 [T:0x2525b] [DisplayControl] Enter MCCSOtherSet::GetVCP(), vcp code = 18
2025/10/14 08:00:47.325 [T:0x2525b] [DisplayControl] Exit MCCSOtherSet::GetVCP()
2025/10/14 08:00:47.432 [T:0x2525b] [DisplayControl] Enter MCCSOtherSet::GetVCP(), vcp code = 141
2025/10/14 08:00:47.514 [T:0x2525b] [DisplayControl] Exit MCCSOtherSet::GetVCP()
2025/10/14 08:00:47.620 [T:0x2525b] [DisplayControl] Enter MCCSOtherSet::GetVCP(), vcp code = 16
2025/10/14 08:00:47.703 [T:0x2525b] [DisplayControl] Exit MCCSOtherSet::GetVCP()
2025/10/14 08:00:47.811 [T:0x2525b] [DisplayControl] Enter MCCSOtherSet::GetVCP(), vcp code = 220
2025/10/14 08:00:47.892 [T:0x2525b] [DisplayControl] Exit MCCSOtherSet::GetVCP()
2025/10/14 08:00:48.000 [T:0x2525b] [DisplayControl] Enter MCCSOtherSet::GetVCP(), vcp code = 4
2025/10/14 08:00:48.081 [T:0x2525b] [DisplayControl] Exit MCCSOtherSet::GetVCP()
2025/10/14 08:00:48.189 [T:0x2525b] [DisplayControl] Enter MCCSOtherSet::GetVCP(), vcp code = 96
2025/10/14 08:00:48.269 [T:0x2525b] [DisplayControl] Exit MCCSOtherSet::GetVCP()
2025/10/14 08:00:48.375 [T:0x2525b] [DisplayControl] Enter MCCSOtherSet::GetVCP(), vcp code = 98
2025/10/14 08:00:48.456 [T:0x2525b] [DisplayControl] Exit MCCSOtherSet::GetVCP()
2025/10/14 08:00:48.564 [T:0x2525b] [DisplayControl] Enter MCCSOtherSet::GetVCP(), vcp code = 97
2025/10/14 08:00:48.646 [T:0x2525b] [DisplayControl] Exit MCCSOtherSet::GetVCP()
2025/10/14 08:00:48.755 [T:0x2525b] [DisplayControl] Enter MCCSOtherSet::GetVCP(), vcp code = 43
2025/10/14 08:00:48.837 [T:0x2525b] [DisplayControl] Exit MCCSOtherSet::GetVCP()
2025/10/14 08:00:48.943 [T:0x2525b] [DisplayControl] Enter MCCSOtherSet::GetVCP(), vcp code = 135
2025/10/14 08:00:49.024 [T:0x2525b] [DisplayControl] Exit MCCSOtherSet::GetVCP()
2025/10/14 08:00:49.129 [T:0x2525b] [DisplayControl] Enter MCCSOtherSet::GetVCP(), vcp code = 51
2025/10/14 08:00:49.209 [T:0x2525b] [DisplayControl] Exit MCCSOtherSet::GetVCP()
2025/10/14 08:00:49.315 [T:0x2525b] [DisplayControl] Enter MCCSOtherSet::GetVCP(), vcp code = 20
2025/10/14 08:00:49.395 [T:0x2525b] [DisplayControl] Exit MCCSOtherSet::GetVCP()
2025/10/14 08:01:03.566 [T:0x2525b] [DisplayControl] Enter MCCSOtherSet::SetVCP(), vcp code = 16
2025/10/14 08:01:03.753 [T:0x2525b] [DisplayControl] Exit MCCSOtherSet::SetVCP()
2025/10/14 08:01:38.885 [T:0x6d884] [DisplayControl] Enter MCCSOtherSet::SetVCP(), vcp code = 18
2025/10/14 08:01:39.095 [T:0x6d884] [DisplayControl] Exit MCCSOtherSet::SetVCP()
2025/10/14 08:02:08.485 [T:0x4ed99] [DisplayControl] Enter MCCSOtherSet::GetVCP(), vcp code = 96
2025/10/14 08:02:08.583 [T:0x4ed99] [DisplayControl] Exit MCCSOtherSet::GetVCP()
2025/10/14 08:02:08.799 [T:0x6d884] [DisplayControl] Enter MCCSOtherSet::GetVCP(), vcp code = 225
2025/10/14 08:02:08.920 [T:0x6d884] [DisplayControl] Exit MCCSOtherSet::GetVCP()
2025/10/14 08:02:09.021 [T:0x6d884] [DisplayControl] Enter MCCSOtherSet::GetVCP(), vcp code = 18
2025/10/14 08:02:09.108 [T:0x6d884] [DisplayControl] Exit MCCSOtherSet::GetVCP()
2025/10/14 08:02:09.210 [T:0x6d884] [DisplayControl] Enter MCCSOtherSet::GetVCP(), vcp code = 141
2025/10/14 08:02:09.295 [T:0x6d884] [DisplayControl] Exit MCCSOtherSet::GetVCP()
2025/10/14 08:02:09.398 [T:0x6d884] [DisplayControl] Enter MCCSOtherSet::GetVCP(), vcp code = 16
2025/10/14 08:02:09.484 [T:0x6d884] [DisplayControl] Exit MCCSOtherSet::GetVCP()
2025/10/14 08:02:09.588 [T:0x6d884] [DisplayControl] Enter MCCSOtherSet::GetVCP(), vcp code = 226
2025/10/14 08:02:09.675 [T:0x6d884] [DisplayControl] Exit MCCSOtherSet::GetVCP()
2025/10/14 08:02:09.778 [T:0x6d884] [DisplayControl] Enter MCCSOtherSet::GetVCP(), vcp code = 220
2025/10/14 08:02:09.864 [T:0x6d884] [DisplayControl] Exit MCCSOtherSet::GetVCP()
2025/10/14 08:02:09.967 [T:0x6d884] [DisplayControl] Enter MCCSOtherSet::GetVCP(), vcp code = 4
2025/10/14 08:02:10.052 [T:0x6d884] [DisplayControl] Exit MCCSOtherSet::GetVCP()
2025/10/14 08:02:10.154 [T:0x6d884] [DisplayControl] Enter MCCSOtherSet::GetVCP(), vcp code = 96
2025/10/14 08:02:10.238 [T:0x6d884] [DisplayControl] Exit MCCSOtherSet::GetVCP()
2025/10/14 08:02:10.340 [T:0x6d884] [DisplayControl] Enter MCCSOtherSet::GetVCP(), vcp code = 98
2025/10/14 08:02:10.426 [T:0x6d884] [DisplayControl] Exit MCCSOtherSet::GetVCP()
2025/10/14 08:02:10.531 [T:0x6d884] [DisplayControl] Enter MCCSOtherSet::GetVCP(), vcp code = 97
2025/10/14 08:02:10.616 [T:0x6d884] [DisplayControl] Exit MCCSOtherSet::GetVCP()
2025/10/14 08:02:10.721 [T:0x6d884] [DisplayControl] Enter MCCSOtherSet::GetVCP(), vcp code = 236
2025/10/14 08:02:10.806 [T:0x6d884] [DisplayControl] Exit MCCSOtherSet::GetVCP()
2025/10/14 08:02:10.908 [T:0x6d884] [DisplayControl] Enter MCCSOtherSet::GetVCP(), vcp code = 43
2025/10/14 08:02:10.993 [T:0x6d884] [DisplayControl] Exit MCCSOtherSet::GetVCP()
2025/10/14 08:02:11.094 [T:0x6d884] [DisplayControl] Enter MCCSOtherSet::GetVCP(), vcp code = 135
2025/10/14 08:02:11.179 [T:0x6d884] [DisplayControl] Exit MCCSOtherSet::GetVCP()
2025/10/14 08:02:11.284 [T:0x6d884] [DisplayControl] Enter MCCSOtherSet::GetVCP(), vcp code = 51
2025/10/14 08:02:11.370 [T:0x6d884] [DisplayControl] Exit MCCSOtherSet::GetVCP()
2025/10/14 08:02:25.496 [T:0x6d884] [DisplayControl] Enter MCCSOtherSet::SetVCP(), vcp code = 16
2025/10/14 08:02:25.704 [T:0x6d884] [DisplayControl] Exit MCCSOtherSet::SetVCP()
2025/10/14 08:03:00.816 [T:0x7100e] [DisplayControl] Enter MCCSOtherSet::SetVCP(), vcp code = 18
2025/10/14 08:03:01.023 [T:0x7100e] [DisplayControl] Exit MCCSOtherSet::SetVCP()
2025/10/14 08:08:15.942 [T:0xe8492] [DisplayControl] Enter MCCSOtherSet::SetVCP(), vcp code = 4
2025/10/14 08:08:16.899 [T:0xe8492] [DisplayControl] Exit MCCSOtherSet::SetVCP()
2025/10/14 08:08:22.012 [T:0xe8492] [DisplayControl] Enter OperationThread::ExitThread
2025/10/14 08:08:22.013 [T:0xe8492] [DisplayControl] Exit OperationThread::ExitThread
2025/10/14 08:08:22.013 [T:0xe8492] [DisplayControl] Enter OperationThread::~OperationThread()
2025/10/14 08:08:22.013 [T:0xe8492] [DisplayControl] Enter OperationThread::ExitThread
2025/10/14 08:08:22.013 [T:0xe8492] [DisplayControl] Enter OperationThread::ExitThread
2025/10/14 08:08:22.013 [T:0xe8492] [DisplayControl] Exit OperationThread::ExitThread
2025/10/14 08:08:22.013 [T:0xe8492] [DisplayControl] Enter OperationThread::~OperationThread()
2025/10/14 08:08:22.013 [T:0xe8492] [DisplayControl] Enter OperationThread::ExitThread
2025/10/14 08:08:22.039 [T:0xe8492] [DbgStr] After calling display_control_client_listener_video_port_.UpdateAllDisplayPath()
2025/10/14 08:08:22.057 [T:0xe8492] [DbgStr] After calling display_control_client_listener_.GetAllDisplayEDID()
2025/10/14 08:08:22.059 [T:0xe8492] [DisplayControl] Version = 3.0.6.0
2025/10/14 08:08:22.059 [T:0xe8492] [DisplayControl] Enter ObtainControlHandler1
2025/10/14 08:08:22.059 [T:0xe8492] [DisplayControl] GetVideoPortCommander
2025/10/14 08:08:22.059 [T:0xe8492] [DisplayControl] GetUSBHubCommander
2025/10/14 08:08:22.059 [T:0xe8492] ====== List p_lpo_display_info_video_port, # of devices is ======2
2025/10/14 08:08:22.059 [T:0xe8492] [DisplayControl] index of p_lpo_display_info_video_port0
2025/10/14 08:08:22.059 [T:0xe8492] [DisplayControl] Model name from VideoPort = VG2458
2025/10/14 08:08:22.059 [T:0xe8492] [DisplayControl] SN from VideoPort = YDJ243400006
2025/10/14 08:08:22.059 [T:0xe8492] [DisplayControl] index of p_lpo_display_info_video_port1
2025/10/14 08:08:22.059 [T:0xe8492] [DisplayControl] Model name from VideoPort = VG275
2025/10/14 08:08:22.059 [T:0xe8492] [DisplayControl] SN from VideoPort = XF6232400003
2025/10/14 08:08:22.059 [T:0xe8492] ====== List p_lpo_display_info_rtd_scalar_rts_hub, # of devices is ======0
2025/10/14 08:08:22.059 [T:0xe8492] [DisplayControl] GetVSRtkHubControlClientListener
2025/10/14 08:08:22.060 [T:0xe8492] [DisplayControl] max monitor count = 2
2025/10/14 08:08:22.060 [T:0xe8492] [DisplayControl] index of display_info_vec = 0
2025/10/14 08:08:22.060 [T:0xe8492] [DisplayControl] index of p_lpo_display_info_video_port = 0
2025/10/14 08:08:22.060 [T:0xe8492] [DisplayControl] VideoPortMatchingRule
2025/10/14 08:08:22.060 [T:0xe8492] [DisplayControl] monitor display_info_model_name = VG2458
2025/10/14 08:08:22.060 [T:0xe8492] [DisplayControl] monitor video_port_model_name = VG2458
2025/10/14 08:08:22.060 [T:0xe8492] [DisplayControl] monitor display_info_sn = YDJ243400006
2025/10/14 08:08:22.060 [T:0xe8492] [DisplayControl] monitor video_port_sn = YDJ243400006
2025/10/14 08:08:22.060 [T:0xe8492] [DisplayControl] model_name_match = 1
2025/10/14 08:08:22.060 [T:0xe8492] [DisplayControl] sn_match = 1
2025/10/14 08:08:22.060 [T:0xe8492] [DisplayControl] video_port is_match = 1
2025/10/14 08:08:22.060 [T:0xe8492] [DisplayControl] index of display_info_vec = 1
2025/10/14 08:08:22.060 [T:0xe8492] [DisplayControl] index of p_lpo_display_info_video_port = 0
2025/10/14 08:08:22.060 [T:0xe8492] [DisplayControl] VideoPortMatchingRule
2025/10/14 08:08:22.060 [T:0xe8492] [DisplayControl] monitor display_info_model_name = VG275
2025/10/14 08:08:22.060 [T:0xe8492] [DisplayControl] monitor video_port_model_name = VG2458
2025/10/14 08:08:22.060 [T:0xe8492] [DisplayControl] monitor display_info_sn = XF6232400003
2025/10/14 08:08:22.060 [T:0xe8492] [DisplayControl] monitor video_port_sn = YDJ243400006
2025/10/14 08:08:22.060 [T:0xe8492] [DisplayControl] model_name_match = 0
2025/10/14 08:08:22.060 [T:0xe8492] [DisplayControl] sn_match = 0
2025/10/14 08:08:22.060 [T:0xe8492] [DisplayControl] video_port is_match = 0
2025/10/14 08:08:22.060 [T:0xe8492] [DisplayControl] index of display_info_vec = 1
2025/10/14 08:08:22.060 [T:0xe8492] [DisplayControl] index of p_lpo_display_info_video_port = 1
2025/10/14 08:08:22.060 [T:0xe8492] [DisplayControl] VideoPortMatchingRule
2025/10/14 08:08:22.060 [T:0xe8492] [DisplayControl] monitor display_info_model_name = VG275
2025/10/14 08:08:22.060 [T:0xe8492] [DisplayControl] monitor video_port_model_name = VG275
2025/10/14 08:08:22.060 [T:0xe8492] [DisplayControl] monitor display_info_sn = XF6232400003
2025/10/14 08:08:22.060 [T:0xe8492] [DisplayControl] monitor video_port_sn = XF6232400003
2025/10/14 08:08:22.060 [T:0xe8492] [DisplayControl] model_name_match = 1
2025/10/14 08:08:22.061 [T:0xe8492] [DisplayControl] sn_match = 1
2025/10/14 08:08:22.061 [T:0xe8492] [DisplayControl] video_port is_match = 1
2025/10/14 08:08:22.061 [T:0xe8492] [DisplayControl] i = 0
2025/10/14 08:08:22.061 [T:0xe8492] [DisplayControl] Enter OperationThread::OperationThread()
2025/10/14 08:08:22.061 [T:0xe8492] [DisplayControl] Enter OperationThread::CreateThread
2025/10/14 08:08:22.061 [T:0xe8492] [DisplayControl] new DisplayFunctioner
2025/10/14 08:08:22.061 [T:0xe8492] [DisplayControl] insert displayer_vector
2025/10/14 08:08:22.061 [T:0xe8492] [DisplayControl] insert modelName_SN_to_Display_map
2025/10/14 08:08:22.061 [T:0xe8492] [DisplayControl] insert device_id_to_Displayer_map_
2025/10/14 08:08:22.061 [T:0xe8492] [DisplayControl] i = 1
2025/10/14 08:08:22.061 [T:0xe8492] [DisplayControl] Enter OperationThread::OperationThread()
2025/10/14 08:08:22.061 [T:0xe8492] [DisplayControl] Enter OperationThread::CreateThread
2025/10/14 08:08:22.061 [T:0xe8492] [DisplayControl] new DisplayFunctioner
2025/10/14 08:08:22.061 [T:0xe8492] [DisplayControl] insert displayer_vector
2025/10/14 08:08:22.061 [T:0xe8492] [DisplayControl] insert modelName_SN_to_Display_map
2025/10/14 08:08:22.061 [T:0xe8492] [DisplayControl] insert device_id_to_Displayer_map_
2025/10/14 08:08:22.061 [T:0xe8492] [DisplayControl] monitor size = 2
2025/10/14 08:08:22.061 [T:0xe8492] [DisplayControl] Exit ObtainControlHandler
2025/10/14 08:08:22.061 [T:0xe8492] [DisplayControl] Enter MCCSOtherSet::GetVCP(), vcp code = 16
2025/10/14 08:08:22.145 [T:0xe8492] [DisplayControl] Exit MCCSOtherSet::GetVCP()
2025/10/14 08:08:22.145 [T:0xe8492] [DisplayControl] Enter MCCSOtherSet::GetVCP(), vcp code = 225
2025/10/14 08:08:22.219 [T:0xe8492] [DisplayControl] Exit MCCSOtherSet::GetVCP()
2025/10/14 08:08:22.324 [T:0xe8492] [DisplayControl] Enter MCCSOtherSet::GetVCP(), vcp code = 245
2025/10/14 08:08:22.406 [T:0xe8492] [DisplayControl] Exit MCCSOtherSet::GetVCP()
2025/10/14 08:08:22.515 [T:0xe8492] [DisplayControl] Enter MCCSOtherSet::GetVCP(), vcp code = 18
2025/10/14 08:08:22.598 [T:0xe8492] [DisplayControl] Exit MCCSOtherSet::GetVCP()
2025/10/14 08:08:22.598 [T:0xe8492] [DisplayControl] Enter MCCSOtherSet::GetVCP(), vcp code = 18
2025/10/14 08:08:22.739 [T:0xe8492] [DisplayControl] Exit MCCSOtherSet::GetVCP()
2025/10/14 08:08:22.740 [T:0xe8492] [DisplayControl] Enter MCCSOtherSet::GetVCP(), vcp code = 18
2025/10/14 08:08:22.880 [T:0xe8492] [DisplayControl] Exit MCCSOtherSet::GetVCP()
2025/10/14 08:08:22.881 [T:0xe8492] [DisplayControl] Enter MCCSOtherSet::GetVCP(), vcp code = 18
2025/10/14 08:08:23.021 [T:0xe8492] [DisplayControl] Exit MCCSOtherSet::GetVCP()
2025/10/14 08:08:23.021 [T:0xe8492] [DisplayControl] Enter MCCSOtherSet::GetVCP(), vcp code = 18
2025/10/14 08:08:23.161 [T:0xe8492] [DisplayControl] Exit MCCSOtherSet::GetVCP()
2025/10/14 08:08:23.161 [T:0xe8492] [DisplayControl] Enter MCCSOtherSet::GetVCP(), vcp code = 18
2025/10/14 08:08:23.302 [T:0xe8492] [DisplayControl] Exit MCCSOtherSet::GetVCP()
2025/10/14 08:08:23.302 [T:0xe8492] [DisplayControl] Enter MCCSOtherSet::GetVCP(), vcp code = 18
2025/10/14 08:08:23.444 [T:0xe8492] [DisplayControl] Exit MCCSOtherSet::GetVCP()
2025/10/14 08:08:23.445 [T:0xe8492] [DisplayControl] Enter MCCSOtherSet::GetVCP(), vcp code = 18
2025/10/14 08:08:23.585 [T:0xe8492] [DisplayControl] Exit MCCSOtherSet::GetVCP()
2025/10/14 08:08:23.585 [T:0xe8492] [DisplayControl] Enter MCCSOtherSet::GetVCP(), vcp code = 18
2025/10/14 08:08:23.725 [T:0xe8492] [DisplayControl] Exit MCCSOtherSet::GetVCP()
2025/10/14 08:08:23.725 [T:0xe8492] [DisplayControl] Enter MCCSOtherSet::GetVCP(), vcp code = 18
2025/10/14 08:08:23.864 [T:0xe8492] [DisplayControl] Exit MCCSOtherSet::GetVCP()
2025/10/14 08:08:23.865 [T:0xe8492] [DisplayControl] Enter MCCSOtherSet::GetVCP(), vcp code = 18
2025/10/14 08:08:24.006 [T:0xe8492] [DisplayControl] Exit MCCSOtherSet::GetVCP()
2025/10/14 08:08:24.006 [T:0xe8492] [DisplayControl] Enter MCCSOtherSet::GetVCP(), vcp code = 18
2025/10/14 08:08:24.148 [T:0xe8492] [DisplayControl] Exit MCCSOtherSet::GetVCP()
2025/10/14 08:08:24.148 [T:0xe8492] [DisplayControl] Enter MCCSOtherSet::GetVCP(), vcp code = 18
2025/10/14 08:08:24.289 [T:0xe8492] [DisplayControl] Exit MCCSOtherSet::GetVCP()
2025/10/14 08:08:24.290 [T:0xe8492] [DisplayControl] Enter MCCSOtherSet::GetVCP(), vcp code = 18
2025/10/14 08:08:24.433 [T:0xe8492] [DisplayControl] Exit MCCSOtherSet::GetVCP()
2025/10/14 08:08:24.433 [T:0xe8492] [DisplayControl] Enter MCCSOtherSet::GetVCP(), vcp code = 18
2025/10/14 08:08:24.575 [T:0xe8492] [DisplayControl] Exit MCCSOtherSet::GetVCP()
2025/10/14 08:08:24.575 [T:0xe8492] [DisplayControl] Enter MCCSOtherSet::GetVCP(), vcp code = 18
2025/10/14 08:08:24.715 [T:0xe8492] [DisplayControl] Exit MCCSOtherSet::GetVCP()
2025/10/14 08:08:24.716 [T:0xe8492] [DisplayControl] Enter MCCSOtherSet::GetVCP(), vcp code = 18
2025/10/14 08:08:24.857 [T:0xe8492] [DisplayControl] Exit MCCSOtherSet::GetVCP()
2025/10/14 08:08:24.857 [T:0xe8492] [DisplayControl] Enter MCCSOtherSet::GetVCP(), vcp code = 18
2025/10/14 08:08:24.998 [T:0xe8492] [DisplayControl] Exit MCCSOtherSet::GetVCP()
2025/10/14 08:08:24.998 [T:0xe8492] [DisplayControl] Enter MCCSOtherSet::GetVCP(), vcp code = 18
2025/10/14 08:08:25.142 [T:0xe8492] [DisplayControl] Exit MCCSOtherSet::GetVCP()
2025/10/14 08:08:25.142 [T:0xe8492] [DisplayControl] Enter MCCSOtherSet::GetVCP(), vcp code = 18
2025/10/14 08:08:25.284 [T:0xe8492] [DisplayControl] Exit MCCSOtherSet::GetVCP()
2025/10/14 08:08:25.284 [T:0xe8492] [DisplayControl] Enter MCCSOtherSet::GetVCP(), vcp code = 18
2025/10/14 08:08:25.426 [T:0xe8492] [DisplayControl] Exit MCCSOtherSet::GetVCP()
2025/10/14 08:08:25.432 [T:0xe8492] [DisplayControl] Enter MCCSOtherSet::GetVCP(), vcp code = 18
2025/10/14 08:08:25.567 [T:0xe8492] [DisplayControl] Exit MCCSOtherSet::GetVCP()
2025/10/14 08:08:25.567 [T:0xe8492] [DisplayControl] Enter MCCSOtherSet::GetVCP(), vcp code = 18
2025/10/14 08:08:25.706 [T:0xe8492] [DisplayControl] Exit MCCSOtherSet::GetVCP()
2025/10/14 08:08:25.706 [T:0xe8492] [DisplayControl] Enter MCCSOtherSet::GetVCP(), vcp code = 18
2025/10/14 08:08:25.847 [T:0xe8492] [DisplayControl] Exit MCCSOtherSet::GetVCP()
2025/10/14 08:08:25.847 [T:0xe8492] [DisplayControl] Enter MCCSOtherSet::GetVCP(), vcp code = 18
2025/10/14 08:08:25.989 [T:0xe8492] [DisplayControl] Exit MCCSOtherSet::GetVCP()
2025/10/14 08:08:25.989 [T:0xe8492] [DisplayControl] Enter MCCSOtherSet::GetVCP(), vcp code = 18
2025/10/14 08:08:26.132 [T:0xe8492] [DisplayControl] Exit MCCSOtherSet::GetVCP()
2025/10/14 08:08:26.132 [T:0xe8492] [DisplayControl] Enter MCCSOtherSet::GetVCP(), vcp code = 18
2025/10/14 08:08:26.272 [T:0xe8492] [DisplayControl] Exit MCCSOtherSet::GetVCP()
2025/10/14 08:08:26.272 [T:0xe8492] [DisplayControl] Enter MCCSOtherSet::GetVCP(), vcp code = 18
2025/10/14 08:08:26.411 [T:0xe8492] [DisplayControl] Exit MCCSOtherSet::GetVCP()
2025/10/14 08:08:26.412 [T:0xe8492] [DisplayControl] Enter MCCSOtherSet::GetVCP(), vcp code = 18
2025/10/14 08:08:26.551 [T:0xe8492] [DisplayControl] Exit MCCSOtherSet::GetVCP()
2025/10/14 08:08:26.551 [T:0xe8492] [DisplayControl] Enter MCCSOtherSet::GetVCP(), vcp code = 18
2025/10/14 08:08:26.694 [T:0xe8492] [DisplayControl] Exit MCCSOtherSet::GetVCP()
2025/10/14 08:08:26.694 [T:0xe8492] [DisplayControl] Enter MCCSOtherSet::GetVCP(), vcp code = 18
2025/10/14 08:08:26.836 [T:0xe8492] [DisplayControl] Exit MCCSOtherSet::GetVCP()
2025/10/14 08:08:26.836 [T:0xe8492] [DisplayControl] Enter MCCSOtherSet::GetVCP(), vcp code = 18
2025/10/14 08:08:26.975 [T:0xe8492] [DisplayControl] Exit MCCSOtherSet::GetVCP()
2025/10/14 08:08:26.976 [T:0xe8492] [DisplayControl] Enter MCCSOtherSet::GetVCP(), vcp code = 18
2025/10/14 08:08:27.115 [T:0xe8492] [DisplayControl] Exit MCCSOtherSet::GetVCP()
2025/10/14 08:08:27.115 [T:0xe8492] [DisplayControl] Enter MCCSOtherSet::GetVCP(), vcp code = 18
2025/10/14 08:08:27.254 [T:0xe8492] [DisplayControl] Exit MCCSOtherSet::GetVCP()
2025/10/14 08:08:27.255 [T:0xe8492] [DisplayControl] Enter MCCSOtherSet::GetVCP(), vcp code = 18
2025/10/14 08:08:27.398 [T:0xe8492] [DisplayControl] Exit MCCSOtherSet::GetVCP()
2025/10/14 08:08:27.398 [T:0xe8492] [DisplayControl] Enter MCCSOtherSet::GetVCP(), vcp code = 18
2025/10/14 08:08:27.541 [T:0xe8492] [DisplayControl] Exit MCCSOtherSet::GetVCP()
2025/10/14 08:08:27.648 [T:0xe8492] [DisplayControl] Enter MCCSOtherSet::GetVCP(), vcp code = 141
2025/10/14 08:08:27.730 [T:0xe8492] [DisplayControl] Exit MCCSOtherSet::GetVCP()
2025/10/14 08:08:27.838 [T:0xe8492] [DisplayControl] Enter MCCSOtherSet::GetVCP(), vcp code = 16
2025/10/14 08:08:27.919 [T:0xe8492] [DisplayControl] Exit MCCSOtherSet::GetVCP()
2025/10/14 08:08:27.919 [T:0xe8492] [DisplayControl] Enter MCCSOtherSet::GetVCP(), vcp code = 16
2025/10/14 08:08:28.061 [T:0xe8492] [DisplayControl] Exit MCCSOtherSet::GetVCP()
2025/10/14 08:08:28.061 [T:0xe8492] [DisplayControl] Enter MCCSOtherSet::GetVCP(), vcp code = 16
2025/10/14 08:08:28.202 [T:0xe8492] [DisplayControl] Exit MCCSOtherSet::GetVCP()
2025/10/14 08:08:28.202 [T:0xe8492] [DisplayControl] Enter MCCSOtherSet::GetVCP(), vcp code = 16
2025/10/14 08:08:28.344 [T:0xe8492] [DisplayControl] Exit MCCSOtherSet::GetVCP()
2025/10/14 08:08:28.344 [T:0xe8492] [DisplayControl] Enter MCCSOtherSet::GetVCP(), vcp code = 16
2025/10/14 08:08:28.486 [T:0xe8492] [DisplayControl] Exit MCCSOtherSet::GetVCP()
2025/10/14 08:08:28.486 [T:0xe8492] [DisplayControl] Enter MCCSOtherSet::GetVCP(), vcp code = 16
2025/10/14 08:08:28.627 [T:0xe8492] [DisplayControl] Exit MCCSOtherSet::GetVCP()
2025/10/14 08:08:28.627 [T:0xe8492] [DisplayControl] Enter MCCSOtherSet::GetVCP(), vcp code = 16
2025/10/14 08:08:28.771 [T:0xe8492] [DisplayControl] Exit MCCSOtherSet::GetVCP()
2025/10/14 08:08:28.772 [T:0xe8492] [DisplayControl] Enter MCCSOtherSet::GetVCP(), vcp code = 16
2025/10/14 08:08:28.914 [T:0xe8492] [DisplayControl] Exit MCCSOtherSet::GetVCP()
2025/10/14 08:08:28.914 [T:0xe8492] [DisplayControl] Enter MCCSOtherSet::GetVCP(), vcp code = 16
2025/10/14 08:08:29.053 [T:0xe8492] [DisplayControl] Exit MCCSOtherSet::GetVCP()
2025/10/14 08:08:29.053 [T:0xe8492] [DisplayControl] Enter MCCSOtherSet::GetVCP(), vcp code = 16
2025/10/14 08:08:29.192 [T:0xe8492] [DisplayControl] Exit MCCSOtherSet::GetVCP()
2025/10/14 08:08:29.192 [T:0xe8492] [DisplayControl] Enter MCCSOtherSet::GetVCP(), vcp code = 16
2025/10/14 08:08:29.334 [T:0xe8492] [DisplayControl] Exit MCCSOtherSet::GetVCP()
2025/10/14 08:08:29.334 [T:0xe8492] [DisplayControl] Enter MCCSOtherSet::GetVCP(), vcp code = 16
2025/10/14 08:08:29.477 [T:0xe8492] [DisplayControl] Exit MCCSOtherSet::GetVCP()
2025/10/14 08:08:29.478 [T:0xe8492] [DisplayControl] Enter MCCSOtherSet::GetVCP(), vcp code = 16
2025/10/14 08:08:29.618 [T:0xe8492] [DisplayControl] Exit MCCSOtherSet::GetVCP()
2025/10/14 08:08:29.618 [T:0xe8492] [DisplayControl] Enter MCCSOtherSet::GetVCP(), vcp code = 16
2025/10/14 08:08:29.757 [T:0xe8492] [DisplayControl] Exit MCCSOtherSet::GetVCP()
2025/10/14 08:08:29.757 [T:0xe8492] [DisplayControl] Enter MCCSOtherSet::GetVCP(), vcp code = 16
2025/10/14 08:08:29.897 [T:0xe8492] [DisplayControl] Exit MCCSOtherSet::GetVCP()
2025/10/14 08:08:29.897 [T:0xe8492] [DisplayControl] Enter MCCSOtherSet::GetVCP(), vcp code = 16
2025/10/14 08:08:30.039 [T:0xe8492] [DisplayControl] Exit MCCSOtherSet::GetVCP()
2025/10/14 08:08:30.039 [T:0xe8492] [DisplayControl] Enter MCCSOtherSet::GetVCP(), vcp code = 16
2025/10/14 08:08:30.182 [T:0xe8492] [DisplayControl] Exit MCCSOtherSet::GetVCP()
2025/10/14 08:08:30.182 [T:0xe8492] [DisplayControl] Enter MCCSOtherSet::GetVCP(), vcp code = 16
2025/10/14 08:08:30.326 [T:0xe8492] [DisplayControl] Exit MCCSOtherSet::GetVCP()
2025/10/14 08:08:30.326 [T:0xe8492] [DisplayControl] Enter MCCSOtherSet::GetVCP(), vcp code = 16
2025/10/14 08:08:30.468 [T:0xe8492] [DisplayControl] Exit MCCSOtherSet::GetVCP()
2025/10/14 08:08:30.469 [T:0xe8492] [DisplayControl] Enter MCCSOtherSet::GetVCP(), vcp code = 16
2025/10/14 08:08:30.610 [T:0xe8492] [DisplayControl] Exit MCCSOtherSet::GetVCP()
2025/10/14 08:08:30.610 [T:0xe8492] [DisplayControl] Enter MCCSOtherSet::GetVCP(), vcp code = 16
2025/10/14 08:08:30.753 [T:0xe8492] [DisplayControl] Exit MCCSOtherSet::GetVCP()
2025/10/14 08:08:30.753 [T:0xe8492] [DisplayControl] Enter MCCSOtherSet::GetVCP(), vcp code = 16
2025/10/14 08:08:30.891 [T:0xe8492] [DisplayControl] Exit MCCSOtherSet::GetVCP()
2025/10/14 08:08:30.898 [T:0xe8492] [DisplayControl] Enter MCCSOtherSet::GetVCP(), vcp code = 16
2025/10/14 08:08:31.033 [T:0xe8492] [DisplayControl] Exit MCCSOtherSet::GetVCP()
2025/10/14 08:08:31.033 [T:0xe8492] [DisplayControl] Enter MCCSOtherSet::GetVCP(), vcp code = 16
2025/10/14 08:08:31.174 [T:0xe8492] [DisplayControl] Exit MCCSOtherSet::GetVCP()
2025/10/14 08:08:31.174 [T:0xe8492] [DisplayControl] Enter MCCSOtherSet::GetVCP(), vcp code = 16
2025/10/14 08:08:31.316 [T:0xe8492] [DisplayControl] Exit MCCSOtherSet::GetVCP()
2025/10/14 08:08:31.317 [T:0xe8492] [DisplayControl] Enter MCCSOtherSet::GetVCP(), vcp code = 16
2025/10/14 08:08:31.460 [T:0xe8492] [DisplayControl] Exit MCCSOtherSet::GetVCP()
2025/10/14 08:08:31.460 [T:0xe8492] [DisplayControl] Enter MCCSOtherSet::GetVCP(), vcp code = 16
2025/10/14 08:08:31.600 [T:0xe8492] [DisplayControl] Exit MCCSOtherSet::GetVCP()
2025/10/14 08:08:31.601 [T:0xe8492] [DisplayControl] Enter MCCSOtherSet::GetVCP(), vcp code = 16
2025/10/14 08:08:31.739 [T:0xe8492] [DisplayControl] Exit MCCSOtherSet::GetVCP()
2025/10/14 08:08:31.739 [T:0xe8492] [DisplayControl] Enter MCCSOtherSet::GetVCP(), vcp code = 16
2025/10/14 08:08:31.878 [T:0xe8492] [DisplayControl] Exit MCCSOtherSet::GetVCP()
2025/10/14 08:08:31.878 [T:0xe8492] [DisplayControl] Enter MCCSOtherSet::GetVCP(), vcp code = 16
2025/10/14 08:08:32.022 [T:0xe8492] [DisplayControl] Exit MCCSOtherSet::GetVCP()
2025/10/14 08:08:32.022 [T:0xe8492] [DisplayControl] Enter MCCSOtherSet::GetVCP(), vcp code = 16
2025/10/14 08:08:32.166 [T:0xe8492] [DisplayControl] Exit MCCSOtherSet::GetVCP()
2025/10/14 08:08:32.166 [T:0xe8492] [DisplayControl] Enter MCCSOtherSet::GetVCP(), vcp code = 16
2025/10/14 08:08:32.308 [T:0xe8492] [DisplayControl] Exit MCCSOtherSet::GetVCP()
2025/10/14 08:08:32.308 [T:0xe8492] [DisplayControl] Enter MCCSOtherSet::GetVCP(), vcp code = 16
2025/10/14 08:08:32.451 [T:0xe8492] [DisplayControl] Exit MCCSOtherSet::GetVCP()
2025/10/14 08:08:32.451 [T:0xe8492] [DisplayControl] Enter MCCSOtherSet::GetVCP(), vcp code = 16
2025/10/14 08:08:32.592 [T:0xe8492] [DisplayControl] Exit MCCSOtherSet::GetVCP()
2025/10/14 08:08:32.593 [T:0xe8492] [DisplayControl] Enter MCCSOtherSet::GetVCP(), vcp code = 16
2025/10/14 08:08:32.735 [T:0xe8492] [DisplayControl] Exit MCCSOtherSet::GetVCP()
2025/10/14 08:08:32.735 [T:0xe8492] [DisplayControl] Enter MCCSOtherSet::GetVCP(), vcp code = 16
2025/10/14 08:08:32.877 [T:0xe8492] [DisplayControl] Exit MCCSOtherSet::GetVCP()
2025/10/14 08:08:32.983 [T:0xe8492] [DisplayControl] Enter MCCSOtherSet::GetVCP(), vcp code = 220
2025/10/14 08:08:33.065 [T:0xe8492] [DisplayControl] Exit MCCSOtherSet::GetVCP()
2025/10/14 08:08:33.172 [T:0xe8492] [DisplayControl] Enter MCCSOtherSet::GetVCP(), vcp code = 4
2025/10/14 08:08:33.254 [T:0xe8492] [DisplayControl] Exit MCCSOtherSet::GetVCP()
2025/10/14 08:08:33.363 [T:0xe8492] [DisplayControl] Enter MCCSOtherSet::GetVCP(), vcp code = 96
2025/10/14 08:08:33.445 [T:0xe8492] [DisplayControl] Exit MCCSOtherSet::GetVCP()
2025/10/14 08:08:33.550 [T:0xe8492] [DisplayControl] Enter MCCSOtherSet::GetVCP(), vcp code = 98
2025/10/14 08:08:33.631 [T:0xe8492] [DisplayControl] Exit MCCSOtherSet::GetVCP()
2025/10/14 08:08:33.737 [T:0xe8492] [DisplayControl] Enter MCCSOtherSet::GetVCP(), vcp code = 97
2025/10/14 08:08:33.819 [T:0xe8492] [DisplayControl] Exit MCCSOtherSet::GetVCP()
2025/10/14 08:08:33.924 [T:0xe8492] [DisplayControl] Enter MCCSOtherSet::GetVCP(), vcp code = 43
2025/10/14 08:08:34.006 [T:0xe8492] [DisplayControl] Exit MCCSOtherSet::GetVCP()
2025/10/14 08:08:34.115 [T:0xe8492] [DisplayControl] Enter MCCSOtherSet::GetVCP(), vcp code = 135
2025/10/14 08:08:34.197 [T:0xe8492] [DisplayControl] Exit MCCSOtherSet::GetVCP()
2025/10/14 08:08:34.305 [T:0xe8492] [DisplayControl] Enter MCCSOtherSet::GetVCP(), vcp code = 51
2025/10/14 08:08:34.387 [T:0xe8492] [DisplayControl] Exit MCCSOtherSet::GetVCP()
2025/10/14 08:08:34.495 [T:0xe8492] [DisplayControl] Enter MCCSOtherSet::GetVCP(), vcp code = 20
2025/10/14 08:08:34.576 [T:0xe8492] [DisplayControl] Exit MCCSOtherSet::GetVCP()
2025/10/14 08:08:34.685 [T:0xe8492] [DisplayControl] Enter MCCSOtherSet::GetVCP(), vcp code = 225
2025/10/14 08:08:34.771 [T:0xe8492] [DisplayControl] Exit MCCSOtherSet::GetVCP()
2025/10/14 08:08:34.874 [T:0xe8492] [DisplayControl] Enter MCCSOtherSet::GetVCP(), vcp code = 18
2025/10/14 08:08:34.959 [T:0xe8492] [DisplayControl] Exit MCCSOtherSet::GetVCP()
2025/10/14 08:08:35.061 [T:0xe8492] [DisplayControl] Enter MCCSOtherSet::GetVCP(), vcp code = 141
2025/10/14 08:08:35.147 [T:0xe8492] [DisplayControl] Exit MCCSOtherSet::GetVCP()
2025/10/14 08:08:35.251 [T:0xe8492] [DisplayControl] Enter MCCSOtherSet::GetVCP(), vcp code = 16
2025/10/14 08:08:35.337 [T:0xe8492] [DisplayControl] Exit MCCSOtherSet::GetVCP()
2025/10/14 08:08:35.440 [T:0xe8492] [DisplayControl] Enter MCCSOtherSet::GetVCP(), vcp code = 226
2025/10/14 08:08:35.526 [T:0xe8492] [DisplayControl] Exit MCCSOtherSet::GetVCP()
2025/10/14 08:08:35.628 [T:0xe8492] [DisplayControl] Enter MCCSOtherSet::GetVCP(), vcp code = 220
2025/10/14 08:08:35.713 [T:0xe8492] [DisplayControl] Exit MCCSOtherSet::GetVCP()
2025/10/14 08:08:35.815 [T:0xe8492] [DisplayControl] Enter MCCSOtherSet::GetVCP(), vcp code = 4
2025/10/14 08:08:35.900 [T:0xe8492] [DisplayControl] Exit MCCSOtherSet::GetVCP()
2025/10/14 08:08:36.004 [T:0xe8492] [DisplayControl] Enter MCCSOtherSet::GetVCP(), vcp code = 96
2025/10/14 08:08:36.090 [T:0xe8492] [DisplayControl] Exit MCCSOtherSet::GetVCP()
2025/10/14 08:08:36.195 [T:0xe8492] [DisplayControl] Enter MCCSOtherSet::GetVCP(), vcp code = 98
2025/10/14 08:08:36.282 [T:0xe8492] [DisplayControl] Exit MCCSOtherSet::GetVCP()
2025/10/14 08:08:36.385 [T:0xe8492] [DisplayControl] Enter MCCSOtherSet::GetVCP(), vcp code = 97
2025/10/14 08:08:36.470 [T:0xe8492] [DisplayControl] Exit MCCSOtherSet::GetVCP()
2025/10/14 08:08:36.573 [T:0xe8492] [DisplayControl] Enter MCCSOtherSet::GetVCP(), vcp code = 236
2025/10/14 08:08:36.658 [T:0xe8492] [DisplayControl] Exit MCCSOtherSet::GetVCP()
2025/10/14 08:08:36.759 [T:0xe8492] [DisplayControl] Enter MCCSOtherSet::GetVCP(), vcp code = 43
2025/10/14 08:08:36.844 [T:0xe8492] [DisplayControl] Exit MCCSOtherSet::GetVCP()
2025/10/14 08:08:36.948 [T:0xe8492] [DisplayControl] Enter MCCSOtherSet::GetVCP(), vcp code = 135
2025/10/14 08:08:37.034 [T:0xe8492] [DisplayControl] Exit MCCSOtherSet::GetVCP()
2025/10/14 08:08:37.139 [T:0xe8492] [DisplayControl] Enter MCCSOtherSet::GetVCP(), vcp code = 51
2025/10/14 08:08:37.224 [T:0xe8492] [DisplayControl] Exit MCCSOtherSet::GetVCP()
2025/10/14 08:09:27.092 [T:0x4ed99] [DisplayControl] Enter MCCSOtherSet::GetVCP(), vcp code = 96
2025/10/14 08:09:27.199 [T:0x4ed99] [DisplayControl] Exit MCCSOtherSet::GetVCP()
2025/10/14 08:09:27.424 [T:0x59548] [DisplayControl] Enter MCCSOtherSet::GetVCP(), vcp code = 225
2025/10/14 08:09:27.521 [T:0x59548] [DisplayControl] Exit MCCSOtherSet::GetVCP()
2025/10/14 08:09:27.628 [T:0x59548] [DisplayControl] Enter MCCSOtherSet::GetVCP(), vcp code = 245
2025/10/14 08:09:27.708 [T:0x59548] [DisplayControl] Exit MCCSOtherSet::GetVCP()
2025/10/14 08:09:27.815 [T:0x59548] [DisplayControl] Enter MCCSOtherSet::GetVCP(), vcp code = 18
2025/10/14 08:09:27.896 [T:0x59548] [DisplayControl] Exit MCCSOtherSet::GetVCP()
2025/10/14 08:09:27.896 [T:0x59548] [DisplayControl] Enter MCCSOtherSet::GetVCP(), vcp code = 18
2025/10/14 08:09:28.036 [T:0x59548] [DisplayControl] Exit MCCSOtherSet::GetVCP()
2025/10/14 08:09:28.036 [T:0x59548] [DisplayControl] Enter MCCSOtherSet::GetVCP(), vcp code = 18
2025/10/14 08:09:28.179 [T:0x59548] [DisplayControl] Exit MCCSOtherSet::GetVCP()
2025/10/14 08:09:28.179 [T:0x59548] [DisplayControl] Enter MCCSOtherSet::GetVCP(), vcp code = 18
2025/10/14 08:09:28.319 [T:0x59548] [DisplayControl] Exit MCCSOtherSet::GetVCP()
2025/10/14 08:09:28.319 [T:0x59548] [DisplayControl] Enter MCCSOtherSet::GetVCP(), vcp code = 18
2025/10/14 08:09:28.459 [T:0x59548] [DisplayControl] Exit MCCSOtherSet::GetVCP()
2025/10/14 08:09:28.459 [T:0x59548] [DisplayControl] Enter MCCSOtherSet::GetVCP(), vcp code = 18
2025/10/14 08:09:28.598 [T:0x59548] [DisplayControl] Exit MCCSOtherSet::GetVCP()
2025/10/14 08:09:28.598 [T:0x59548] [DisplayControl] Enter MCCSOtherSet::GetVCP(), vcp code = 18
2025/10/14 08:09:28.742 [T:0x59548] [DisplayControl] Exit MCCSOtherSet::GetVCP()
2025/10/14 08:09:28.742 [T:0x59548] [DisplayControl] Enter MCCSOtherSet::GetVCP(), vcp code = 18
2025/10/14 08:09:28.884 [T:0x59548] [DisplayControl] Exit MCCSOtherSet::GetVCP()
2025/10/14 08:09:28.885 [T:0x59548] [DisplayControl] Enter MCCSOtherSet::GetVCP(), vcp code = 18
2025/10/14 08:09:29.026 [T:0x59548] [DisplayControl] Exit MCCSOtherSet::GetVCP()
2025/10/14 08:09:29.027 [T:0x59548] [DisplayControl] Enter MCCSOtherSet::GetVCP(), vcp code = 18
2025/10/14 08:09:29.169 [T:0x59548] [DisplayControl] Exit MCCSOtherSet::GetVCP()
2025/10/14 08:09:29.170 [T:0x59548] [DisplayControl] Enter MCCSOtherSet::GetVCP(), vcp code = 18
2025/10/14 08:09:29.313 [T:0x59548] [DisplayControl] Exit MCCSOtherSet::GetVCP()
2025/10/14 08:09:29.313 [T:0x59548] [DisplayControl] Enter MCCSOtherSet::GetVCP(), vcp code = 18
2025/10/14 08:09:29.455 [T:0x59548] [DisplayControl] Exit MCCSOtherSet::GetVCP()
2025/10/14 08:09:29.455 [T:0x59548] [DisplayControl] Enter MCCSOtherSet::GetVCP(), vcp code = 18
2025/10/14 08:09:29.597 [T:0x59548] [DisplayControl] Exit MCCSOtherSet::GetVCP()
2025/10/14 08:09:29.598 [T:0x59548] [DisplayControl] Enter MCCSOtherSet::GetVCP(), vcp code = 18
2025/10/14 08:09:29.737 [T:0x59548] [DisplayControl] Exit MCCSOtherSet::GetVCP()
2025/10/14 08:09:29.737 [T:0x59548] [DisplayControl] Enter MCCSOtherSet::GetVCP(), vcp code = 18
2025/10/14 08:09:29.879 [T:0x59548] [DisplayControl] Exit MCCSOtherSet::GetVCP()
2025/10/14 08:09:29.879 [T:0x59548] [DisplayControl] Enter MCCSOtherSet::GetVCP(), vcp code = 18
2025/10/14 08:09:30.022 [T:0x59548] [DisplayControl] Exit MCCSOtherSet::GetVCP()
2025/10/14 08:09:30.022 [T:0x59548] [DisplayControl] Enter MCCSOtherSet::GetVCP(), vcp code = 18
2025/10/14 08:09:30.164 [T:0x59548] [DisplayControl] Exit MCCSOtherSet::GetVCP()
2025/10/14 08:09:30.165 [T:0x59548] [DisplayControl] Enter MCCSOtherSet::GetVCP(), vcp code = 18
2025/10/14 08:09:30.307 [T:0x59548] [DisplayControl] Exit MCCSOtherSet::GetVCP()
2025/10/14 08:09:30.307 [T:0x59548] [DisplayControl] Enter MCCSOtherSet::GetVCP(), vcp code = 18
2025/10/14 08:09:30.449 [T:0x59548] [DisplayControl] Exit MCCSOtherSet::GetVCP()
2025/10/14 08:09:30.449 [T:0x59548] [DisplayControl] Enter MCCSOtherSet::GetVCP(), vcp code = 18
2025/10/14 08:09:30.590 [T:0x59548] [DisplayControl] Exit MCCSOtherSet::GetVCP()
2025/10/14 08:09:30.590 [T:0x59548] [DisplayControl] Enter MCCSOtherSet::GetVCP(), vcp code = 18
2025/10/14 08:09:30.733 [T:0x59548] [DisplayControl] Exit MCCSOtherSet::GetVCP()
2025/10/14 08:09:30.733 [T:0x59548] [DisplayControl] Enter MCCSOtherSet::GetVCP(), vcp code = 18
2025/10/14 08:09:30.874 [T:0x59548] [DisplayControl] Exit MCCSOtherSet::GetVCP()
2025/10/14 08:09:30.874 [T:0x59548] [DisplayControl] Enter MCCSOtherSet::GetVCP(), vcp code = 18
2025/10/14 08:09:31.015 [T:0x59548] [DisplayControl] Exit MCCSOtherSet::GetVCP()
2025/10/14 08:09:31.015 [T:0x59548] [DisplayControl] Enter MCCSOtherSet::GetVCP(), vcp code = 18
2025/10/14 08:09:31.158 [T:0x59548] [DisplayControl] Exit MCCSOtherSet::GetVCP()
2025/10/14 08:09:31.158 [T:0x59548] [DisplayControl] Enter MCCSOtherSet::GetVCP(), vcp code = 18
2025/10/14 08:09:31.301 [T:0x59548] [DisplayControl] Exit MCCSOtherSet::GetVCP()
2025/10/14 08:09:31.301 [T:0x59548] [DisplayControl] Enter MCCSOtherSet::GetVCP(), vcp code = 18
2025/10/14 08:09:31.444 [T:0x59548] [DisplayControl] Exit MCCSOtherSet::GetVCP()
2025/10/14 08:09:31.445 [T:0x59548] [DisplayControl] Enter MCCSOtherSet::GetVCP(), vcp code = 18
2025/10/14 08:09:31.586 [T:0x59548] [DisplayControl] Exit MCCSOtherSet::GetVCP()
2025/10/14 08:09:31.587 [T:0x59548] [DisplayControl] Enter MCCSOtherSet::GetVCP(), vcp code = 18
2025/10/14 08:09:31.725 [T:0x59548] [DisplayControl] Exit MCCSOtherSet::GetVCP()
2025/10/14 08:09:31.726 [T:0x59548] [DisplayControl] Enter MCCSOtherSet::GetVCP(), vcp code = 18
2025/10/14 08:09:31.867 [T:0x59548] [DisplayControl] Exit MCCSOtherSet::GetVCP()
2025/10/14 08:09:31.867 [T:0x59548] [DisplayControl] Enter MCCSOtherSet::GetVCP(), vcp code = 18
2025/10/14 08:09:32.007 [T:0x59548] [DisplayControl] Exit MCCSOtherSet::GetVCP()
2025/10/14 08:09:32.007 [T:0x59548] [DisplayControl] Enter MCCSOtherSet::GetVCP(), vcp code = 18
2025/10/14 08:09:32.150 [T:0x59548] [DisplayControl] Exit MCCSOtherSet::GetVCP()
2025/10/14 08:09:32.150 [T:0x59548] [DisplayControl] Enter MCCSOtherSet::GetVCP(), vcp code = 18
2025/10/14 08:09:32.292 [T:0x59548] [DisplayControl] Exit MCCSOtherSet::GetVCP()
2025/10/14 08:09:32.293 [T:0x59548] [DisplayControl] Enter MCCSOtherSet::GetVCP(), vcp code = 18
2025/10/14 08:09:32.435 [T:0x59548] [DisplayControl] Exit MCCSOtherSet::GetVCP()
2025/10/14 08:09:32.435 [T:0x59548] [DisplayControl] Enter MCCSOtherSet::GetVCP(), vcp code = 18
2025/10/14 08:09:32.577 [T:0x59548] [DisplayControl] Exit MCCSOtherSet::GetVCP()
2025/10/14 08:09:32.577 [T:0x59548] [DisplayControl] Enter MCCSOtherSet::GetVCP(), vcp code = 18
2025/10/14 08:09:32.718 [T:0x59548] [DisplayControl] Exit MCCSOtherSet::GetVCP()
2025/10/14 08:09:32.719 [T:0x59548] [DisplayControl] Enter MCCSOtherSet::GetVCP(), vcp code = 18
2025/10/14 08:09:32.861 [T:0x59548] [DisplayControl] Exit MCCSOtherSet::GetVCP()
2025/10/14 08:09:32.965 [T:0x59548] [DisplayControl] Enter MCCSOtherSet::GetVCP(), vcp code = 141
2025/10/14 08:09:33.047 [T:0x59548] [DisplayControl] Exit MCCSOtherSet::GetVCP()
2025/10/14 08:09:33.156 [T:0x59548] [DisplayControl] Enter MCCSOtherSet::GetVCP(), vcp code = 16
2025/10/14 08:09:33.238 [T:0x59548] [DisplayControl] Exit MCCSOtherSet::GetVCP()
2025/10/14 08:09:33.238 [T:0x59548] [DisplayControl] Enter MCCSOtherSet::GetVCP(), vcp code = 16
2025/10/14 08:09:33.382 [T:0x59548] [DisplayControl] Exit MCCSOtherSet::GetVCP()
2025/10/14 08:09:33.382 [T:0x59548] [DisplayControl] Enter MCCSOtherSet::GetVCP(), vcp code = 16
2025/10/14 08:09:33.526 [T:0x59548] [DisplayControl] Exit MCCSOtherSet::GetVCP()
2025/10/14 08:09:33.526 [T:0x59548] [DisplayControl] Enter MCCSOtherSet::GetVCP(), vcp code = 16
2025/10/14 08:09:33.667 [T:0x59548] [DisplayControl] Exit MCCSOtherSet::GetVCP()
2025/10/14 08:09:33.667 [T:0x59548] [DisplayControl] Enter MCCSOtherSet::GetVCP(), vcp code = 16
2025/10/14 08:09:33.810 [T:0x59548] [DisplayControl] Exit MCCSOtherSet::GetVCP()
2025/10/14 08:09:33.810 [T:0x59548] [DisplayControl] Enter MCCSOtherSet::GetVCP(), vcp code = 16
2025/10/14 08:09:33.954 [T:0x59548] [DisplayControl] Exit MCCSOtherSet::GetVCP()
2025/10/14 08:09:33.954 [T:0x59548] [DisplayControl] Enter MCCSOtherSet::GetVCP(), vcp code = 16
2025/10/14 08:09:34.095 [T:0x59548] [DisplayControl] Exit MCCSOtherSet::GetVCP()
2025/10/14 08:09:34.096 [T:0x59548] [DisplayControl] Enter MCCSOtherSet::GetVCP(), vcp code = 16
2025/10/14 08:09:34.235 [T:0x59548] [DisplayControl] Exit MCCSOtherSet::GetVCP()
2025/10/14 08:09:34.235 [T:0x59548] [DisplayControl] Enter MCCSOtherSet::GetVCP(), vcp code = 16
2025/10/14 08:09:34.374 [T:0x59548] [DisplayControl] Exit MCCSOtherSet::GetVCP()
2025/10/14 08:09:34.374 [T:0x59548] [DisplayControl] Enter MCCSOtherSet::GetVCP(), vcp code = 16
2025/10/14 08:09:34.518 [T:0x59548] [DisplayControl] Exit MCCSOtherSet::GetVCP()
2025/10/14 08:09:34.518 [T:0x59548] [DisplayControl] Enter MCCSOtherSet::GetVCP(), vcp code = 16
2025/10/14 08:09:34.661 [T:0x59548] [DisplayControl] Exit MCCSOtherSet::GetVCP()
2025/10/14 08:09:34.661 [T:0x59548] [DisplayControl] Enter MCCSOtherSet::GetVCP(), vcp code = 16
2025/10/14 08:09:34.804 [T:0x59548] [DisplayControl] Exit MCCSOtherSet::GetVCP()
2025/10/14 08:09:34.804 [T:0x59548] [DisplayControl] Enter MCCSOtherSet::GetVCP(), vcp code = 16
2025/10/14 08:09:34.947 [T:0x59548] [DisplayControl] Exit MCCSOtherSet::GetVCP()
2025/10/14 08:09:34.952 [T:0x59548] [DisplayControl] Enter MCCSOtherSet::GetVCP(), vcp code = 16
2025/10/14 08:09:35.090 [T:0x59548] [DisplayControl] Exit MCCSOtherSet::GetVCP()
2025/10/14 08:09:35.090 [T:0x59548] [DisplayControl] Enter MCCSOtherSet::GetVCP(), vcp code = 16
2025/10/14 08:09:35.233 [T:0x59548] [DisplayControl] Exit MCCSOtherSet::GetVCP()
2025/10/14 08:09:35.233 [T:0x59548] [DisplayControl] Enter MCCSOtherSet::GetVCP(), vcp code = 16
2025/10/14 08:09:35.373 [T:0x59548] [DisplayControl] Exit MCCSOtherSet::GetVCP()
2025/10/14 08:09:35.374 [T:0x59548] [DisplayControl] Enter MCCSOtherSet::GetVCP(), vcp code = 16
2025/10/14 08:09:35.513 [T:0x59548] [DisplayControl] Exit MCCSOtherSet::GetVCP()
2025/10/14 08:09:35.513 [T:0x59548] [DisplayControl] Enter MCCSOtherSet::GetVCP(), vcp code = 16
2025/10/14 08:09:35.655 [T:0x59548] [DisplayControl] Exit MCCSOtherSet::GetVCP()
2025/10/14 08:09:35.655 [T:0x59548] [DisplayControl] Enter MCCSOtherSet::GetVCP(), vcp code = 16
2025/10/14 08:09:35.798 [T:0x59548] [DisplayControl] Exit MCCSOtherSet::GetVCP()
2025/10/14 08:09:35.798 [T:0x59548] [DisplayControl] Enter MCCSOtherSet::GetVCP(), vcp code = 16
2025/10/14 08:09:35.942 [T:0x59548] [DisplayControl] Exit MCCSOtherSet::GetVCP()
2025/10/14 08:09:35.942 [T:0x59548] [DisplayControl] Enter MCCSOtherSet::GetVCP(), vcp code = 16
2025/10/14 08:09:36.084 [T:0x59548] [DisplayControl] Exit MCCSOtherSet::GetVCP()
2025/10/14 08:09:36.085 [T:0x59548] [DisplayControl] Enter MCCSOtherSet::GetVCP(), vcp code = 16
2025/10/14 08:09:36.228 [T:0x59548] [DisplayControl] Exit MCCSOtherSet::GetVCP()
2025/10/14 08:09:36.228 [T:0x59548] [DisplayControl] Enter MCCSOtherSet::GetVCP(), vcp code = 16
2025/10/14 08:09:36.366 [T:0x59548] [DisplayControl] Exit MCCSOtherSet::GetVCP()
2025/10/14 08:09:36.367 [T:0x59548] [DisplayControl] Enter MCCSOtherSet::GetVCP(), vcp code = 16
2025/10/14 08:09:36.507 [T:0x59548] [DisplayControl] Exit MCCSOtherSet::GetVCP()
2025/10/14 08:09:36.507 [T:0x59548] [DisplayControl] Enter MCCSOtherSet::GetVCP(), vcp code = 16
2025/10/14 08:09:36.647 [T:0x59548] [DisplayControl] Exit MCCSOtherSet::GetVCP()
2025/10/14 08:09:36.647 [T:0x59548] [DisplayControl] Enter MCCSOtherSet::GetVCP(), vcp code = 16
2025/10/14 08:09:36.790 [T:0x59548] [DisplayControl] Exit MCCSOtherSet::GetVCP()
2025/10/14 08:09:36.790 [T:0x59548] [DisplayControl] Enter MCCSOtherSet::GetVCP(), vcp code = 16
2025/10/14 08:09:36.932 [T:0x59548] [DisplayControl] Exit MCCSOtherSet::GetVCP()
2025/10/14 08:09:36.932 [T:0x59548] [DisplayControl] Enter MCCSOtherSet::GetVCP(), vcp code = 16
2025/10/14 08:09:37.075 [T:0x59548] [DisplayControl] Exit MCCSOtherSet::GetVCP()
2025/10/14 08:09:37.075 [T:0x59548] [DisplayControl] Enter MCCSOtherSet::GetVCP(), vcp code = 16
2025/10/14 08:09:37.218 [T:0x59548] [DisplayControl] Exit MCCSOtherSet::GetVCP()
2025/10/14 08:09:37.218 [T:0x59548] [DisplayControl] Enter MCCSOtherSet::GetVCP(), vcp code = 16
2025/10/14 08:09:37.359 [T:0x59548] [DisplayControl] Exit MCCSOtherSet::GetVCP()
2025/10/14 08:09:37.360 [T:0x59548] [DisplayControl] Enter MCCSOtherSet::GetVCP(), vcp code = 16
2025/10/14 08:09:37.502 [T:0x59548] [DisplayControl] Exit MCCSOtherSet::GetVCP()
2025/10/14 08:09:37.502 [T:0x59548] [DisplayControl] Enter MCCSOtherSet::GetVCP(), vcp code = 16
2025/10/14 08:09:37.643 [T:0x59548] [DisplayControl] Exit MCCSOtherSet::GetVCP()
2025/10/14 08:09:37.644 [T:0x59548] [DisplayControl] Enter MCCSOtherSet::GetVCP(), vcp code = 16
2025/10/14 08:09:37.784 [T:0x59548] [DisplayControl] Exit MCCSOtherSet::GetVCP()
2025/10/14 08:09:37.784 [T:0x59548] [DisplayControl] Enter MCCSOtherSet::GetVCP(), vcp code = 16
2025/10/14 08:09:37.926 [T:0x59548] [DisplayControl] Exit MCCSOtherSet::GetVCP()
2025/10/14 08:09:37.926 [T:0x59548] [DisplayControl] Enter MCCSOtherSet::GetVCP(), vcp code = 16
2025/10/14 08:09:38.067 [T:0x59548] [DisplayControl] Exit MCCSOtherSet::GetVCP()
2025/10/14 08:09:38.067 [T:0x59548] [DisplayControl] Enter MCCSOtherSet::GetVCP(), vcp code = 16
2025/10/14 08:09:38.209 [T:0x59548] [DisplayControl] Exit MCCSOtherSet::GetVCP()
2025/10/14 08:09:38.315 [T:0x59548] [DisplayControl] Enter MCCSOtherSet::GetVCP(), vcp code = 220
2025/10/14 08:09:38.394 [T:0x59548] [DisplayControl] Exit MCCSOtherSet::GetVCP()
2025/10/14 08:09:38.502 [T:0x59548] [DisplayControl] Enter MCCSOtherSet::GetVCP(), vcp code = 4
2025/10/14 08:09:38.583 [T:0x59548] [DisplayControl] Exit MCCSOtherSet::GetVCP()
2025/10/14 08:09:38.691 [T:0x59548] [DisplayControl] Enter MCCSOtherSet::GetVCP(), vcp code = 96
2025/10/14 08:09:38.774 [T:0x59548] [DisplayControl] Exit MCCSOtherSet::GetVCP()
2025/10/14 08:09:38.882 [T:0x59548] [DisplayControl] Enter MCCSOtherSet::GetVCP(), vcp code = 98
2025/10/14 08:09:38.964 [T:0x59548] [DisplayControl] Exit MCCSOtherSet::GetVCP()
2025/10/14 08:09:39.070 [T:0x59548] [DisplayControl] Enter MCCSOtherSet::GetVCP(), vcp code = 97
2025/10/14 08:09:39.153 [T:0x59548] [DisplayControl] Exit MCCSOtherSet::GetVCP()
2025/10/14 08:09:39.262 [T:0x59548] [DisplayControl] Enter MCCSOtherSet::GetVCP(), vcp code = 43
2025/10/14 08:09:39.344 [T:0x59548] [DisplayControl] Exit MCCSOtherSet::GetVCP()
2025/10/14 08:09:39.452 [T:0x59548] [DisplayControl] Enter MCCSOtherSet::GetVCP(), vcp code = 135
2025/10/14 08:09:39.534 [T:0x59548] [DisplayControl] Exit MCCSOtherSet::GetVCP()
2025/10/14 08:09:39.639 [T:0x59548] [DisplayControl] Enter MCCSOtherSet::GetVCP(), vcp code = 51
2025/10/14 08:09:39.718 [T:0x59548] [DisplayControl] Exit MCCSOtherSet::GetVCP()
2025/10/14 08:09:39.828 [T:0x59548] [DisplayControl] Enter MCCSOtherSet::GetVCP(), vcp code = 20
2025/10/14 08:09:39.909 [T:0x59548] [DisplayControl] Exit MCCSOtherSet::GetVCP()
2025/10/14 08:09:43.945 [T:0x59548] [DisplayControl] Enter MCCSOtherSet::SetVCP(), vcp code = 4
2025/10/14 08:09:44.878 [T:0x59548] [DisplayControl] Exit MCCSOtherSet::SetVCP()
2025/10/14 08:09:49.992 [T:0x59548] [DisplayControl] Enter OperationThread::ExitThread
2025/10/14 08:09:49.993 [T:0x59548] [DisplayControl] Exit OperationThread::ExitThread
2025/10/14 08:09:49.993 [T:0x59548] [DisplayControl] Enter OperationThread::~OperationThread()
2025/10/14 08:09:49.993 [T:0x59548] [DisplayControl] Enter OperationThread::ExitThread
2025/10/14 08:09:49.993 [T:0x59548] [DisplayControl] Enter OperationThread::ExitThread
2025/10/14 08:09:49.993 [T:0x59548] [DisplayControl] Exit OperationThread::ExitThread
2025/10/14 08:09:49.993 [T:0x59548] [DisplayControl] Enter OperationThread::~OperationThread()
2025/10/14 08:09:49.993 [T:0x59548] [DisplayControl] Enter OperationThread::ExitThread
2025/10/14 08:09:50.018 [T:0x59548] [DbgStr] After calling display_control_client_listener_video_port_.UpdateAllDisplayPath()
2025/10/14 08:09:50.037 [T:0x59548] [DbgStr] After calling display_control_client_listener_.GetAllDisplayEDID()
2025/10/14 08:09:50.040 [T:0x59548] [DisplayControl] Version = 3.0.6.0
2025/10/14 08:09:50.040 [T:0x59548] [DisplayControl] Enter ObtainControlHandler1
2025/10/14 08:09:50.040 [T:0x59548] [DisplayControl] GetVideoPortCommander
2025/10/14 08:09:50.040 [T:0x59548] [DisplayControl] GetUSBHubCommander
2025/10/14 08:09:50.040 [T:0x59548] ====== List p_lpo_display_info_video_port, # of devices is ======2
2025/10/14 08:09:50.040 [T:0x59548] [DisplayControl] index of p_lpo_display_info_video_port0
2025/10/14 08:09:50.040 [T:0x59548] [DisplayControl] Model name from VideoPort = VG2458
2025/10/14 08:09:50.040 [T:0x59548] [DisplayControl] SN from VideoPort = YDJ243400006
2025/10/14 08:09:50.040 [T:0x59548] [DisplayControl] index of p_lpo_display_info_video_port1
2025/10/14 08:09:50.040 [T:0x59548] [DisplayControl] Model name from VideoPort = VG275
2025/10/14 08:09:50.040 [T:0x59548] [DisplayControl] SN from VideoPort = XF6232400003
2025/10/14 08:09:50.040 [T:0x59548] ====== List p_lpo_display_info_rtd_scalar_rts_hub, # of devices is ======0
2025/10/14 08:09:50.040 [T:0x59548] [DisplayControl] GetVSRtkHubControlClientListener
2025/10/14 08:09:50.040 [T:0x59548] [DisplayControl] max monitor count = 2
2025/10/14 08:09:50.040 [T:0x59548] [DisplayControl] index of display_info_vec = 0
2025/10/14 08:09:50.040 [T:0x59548] [DisplayControl] index of p_lpo_display_info_video_port = 0
2025/10/14 08:09:50.041 [T:0x59548] [DisplayControl] VideoPortMatchingRule
2025/10/14 08:09:50.041 [T:0x59548] [DisplayControl] monitor display_info_model_name = VG2458
2025/10/14 08:09:50.041 [T:0x59548] [DisplayControl] monitor video_port_model_name = VG2458
2025/10/14 08:09:50.041 [T:0x59548] [DisplayControl] monitor display_info_sn = YDJ243400006
2025/10/14 08:09:50.041 [T:0x59548] [DisplayControl] monitor video_port_sn = YDJ243400006
2025/10/14 08:09:50.041 [T:0x59548] [DisplayControl] model_name_match = 1
2025/10/14 08:09:50.041 [T:0x59548] [DisplayControl] sn_match = 1
2025/10/14 08:09:50.041 [T:0x59548] [DisplayControl] video_port is_match = 1
2025/10/14 08:09:50.041 [T:0x59548] [DisplayControl] index of display_info_vec = 1
2025/10/14 08:09:50.041 [T:0x59548] [DisplayControl] index of p_lpo_display_info_video_port = 0
2025/10/14 08:09:50.041 [T:0x59548] [DisplayControl] VideoPortMatchingRule
2025/10/14 08:09:50.041 [T:0x59548] [DisplayControl] monitor display_info_model_name = VG275
2025/10/14 08:09:50.041 [T:0x59548] [DisplayControl] monitor video_port_model_name = VG2458
2025/10/14 08:09:50.041 [T:0x59548] [DisplayControl] monitor display_info_sn = XF6232400003
2025/10/14 08:09:50.041 [T:0x59548] [DisplayControl] monitor video_port_sn = YDJ243400006
2025/10/14 08:09:50.041 [T:0x59548] [DisplayControl] model_name_match = 0
2025/10/14 08:09:50.041 [T:0x59548] [DisplayControl] sn_match = 0
2025/10/14 08:09:50.041 [T:0x59548] [DisplayControl] video_port is_match = 0
2025/10/14 08:09:50.041 [T:0x59548] [DisplayControl] index of display_info_vec = 1
2025/10/14 08:09:50.041 [T:0x59548] [DisplayControl] index of p_lpo_display_info_video_port = 1
2025/10/14 08:09:50.041 [T:0x59548] [DisplayControl] VideoPortMatchingRule
2025/10/14 08:09:50.041 [T:0x59548] [DisplayControl] monitor display_info_model_name = VG275
2025/10/14 08:09:50.041 [T:0x59548] [DisplayControl] monitor video_port_model_name = VG275
2025/10/14 08:09:50.041 [T:0x59548] [DisplayControl] monitor display_info_sn = XF6232400003
2025/10/14 08:09:50.041 [T:0x59548] [DisplayControl] monitor video_port_sn = XF6232400003
2025/10/14 08:09:50.041 [T:0x59548] [DisplayControl] model_name_match = 1
2025/10/14 08:09:50.041 [T:0x59548] [DisplayControl] sn_match = 1
2025/10/14 08:09:50.041 [T:0x59548] [DisplayControl] video_port is_match = 1
2025/10/14 08:09:50.042 [T:0x59548] [DisplayControl] i = 0
2025/10/14 08:09:50.042 [T:0x59548] [DisplayControl] Enter OperationThread::OperationThread()
2025/10/14 08:09:50.042 [T:0x59548] [DisplayControl] Enter OperationThread::CreateThread
2025/10/14 08:09:50.042 [T:0x59548] [DisplayControl] new DisplayFunctioner
2025/10/14 08:09:50.042 [T:0x59548] [DisplayControl] insert displayer_vector
2025/10/14 08:09:50.042 [T:0x59548] [DisplayControl] insert modelName_SN_to_Display_map
2025/10/14 08:09:50.042 [T:0x59548] [DisplayControl] insert device_id_to_Displayer_map_
2025/10/14 08:09:50.042 [T:0x59548] [DisplayControl] i = 1
2025/10/14 08:09:50.042 [T:0x59548] [DisplayControl] Enter OperationThread::OperationThread()
2025/10/14 08:09:50.042 [T:0x59548] [DisplayControl] Enter OperationThread::CreateThread
2025/10/14 08:09:50.042 [T:0x59548] [DisplayControl] new DisplayFunctioner
2025/10/14 08:09:50.042 [T:0x59548] [DisplayControl] insert displayer_vector
2025/10/14 08:09:50.042 [T:0x59548] [DisplayControl] insert modelName_SN_to_Display_map
2025/10/14 08:09:50.042 [T:0x59548] [DisplayControl] insert device_id_to_Displayer_map_
2025/10/14 08:09:50.042 [T:0x59548] [DisplayControl] monitor size = 2
2025/10/14 08:09:50.042 [T:0x59548] [DisplayControl] Exit ObtainControlHandler
2025/10/14 08:09:50.042 [T:0x59548] [DisplayControl] Enter MCCSOtherSet::GetVCP(), vcp code = 16
2025/10/14 08:09:50.121 [T:0x59548] [DisplayControl] Exit MCCSOtherSet::GetVCP()
2025/10/14 08:09:50.121 [T:0x59548] [DisplayControl] Enter MCCSOtherSet::GetVCP(), vcp code = 225
2025/10/14 08:09:50.262 [T:0x59548] [DisplayControl] Exit MCCSOtherSet::GetVCP()
2025/10/14 08:09:50.370 [T:0x59548] [DisplayControl] Enter MCCSOtherSet::GetVCP(), vcp code = 245
2025/10/14 08:09:50.452 [T:0x59548] [DisplayControl] Exit MCCSOtherSet::GetVCP()
2025/10/14 08:09:50.561 [T:0x59548] [DisplayControl] Enter MCCSOtherSet::GetVCP(), vcp code = 18
2025/10/14 08:09:50.644 [T:0x59548] [DisplayControl] Exit MCCSOtherSet::GetVCP()
2025/10/14 08:09:50.752 [T:0x59548] [DisplayControl] Enter MCCSOtherSet::GetVCP(), vcp code = 141
2025/10/14 08:09:50.835 [T:0x59548] [DisplayControl] Exit MCCSOtherSet::GetVCP()
2025/10/14 08:09:50.944 [T:0x59548] [DisplayControl] Enter MCCSOtherSet::GetVCP(), vcp code = 16
2025/10/14 08:09:51.025 [T:0x59548] [DisplayControl] Exit MCCSOtherSet::GetVCP()
2025/10/14 08:09:51.134 [T:0x59548] [DisplayControl] Enter MCCSOtherSet::GetVCP(), vcp code = 220
2025/10/14 08:09:51.217 [T:0x59548] [DisplayControl] Exit MCCSOtherSet::GetVCP()
2025/10/14 08:09:51.325 [T:0x59548] [DisplayControl] Enter MCCSOtherSet::GetVCP(), vcp code = 4
2025/10/14 08:09:51.406 [T:0x59548] [DisplayControl] Exit MCCSOtherSet::GetVCP()
2025/10/14 08:09:51.514 [T:0x59548] [DisplayControl] Enter MCCSOtherSet::GetVCP(), vcp code = 96
2025/10/14 08:09:51.595 [T:0x59548] [DisplayControl] Exit MCCSOtherSet::GetVCP()
2025/10/14 08:09:51.701 [T:0x59548] [DisplayControl] Enter MCCSOtherSet::GetVCP(), vcp code = 98
2025/10/14 08:09:51.782 [T:0x59548] [DisplayControl] Exit MCCSOtherSet::GetVCP()
2025/10/14 08:09:51.890 [T:0x59548] [DisplayControl] Enter MCCSOtherSet::GetVCP(), vcp code = 97
2025/10/14 08:09:51.971 [T:0x59548] [DisplayControl] Exit MCCSOtherSet::GetVCP()
2025/10/14 08:09:52.079 [T:0x59548] [DisplayControl] Enter MCCSOtherSet::GetVCP(), vcp code = 43
2025/10/14 08:09:52.160 [T:0x59548] [DisplayControl] Exit MCCSOtherSet::GetVCP()
2025/10/14 08:09:52.266 [T:0x59548] [DisplayControl] Enter MCCSOtherSet::GetVCP(), vcp code = 135
2025/10/14 08:09:52.347 [T:0x59548] [DisplayControl] Exit MCCSOtherSet::GetVCP()
2025/10/14 08:09:52.412 [T:0x4ed99] [DisplayControl] Enter MCCSOtherSet::GetVCP(), vcp code = 96
2025/10/14 08:09:52.453 [T:0x59548] [DisplayControl] Enter MCCSOtherSet::GetVCP(), vcp code = 51
2025/10/14 08:09:52.489 [T:0x4ed99] [DisplayControl] Exit MCCSOtherSet::GetVCP()
2025/10/14 08:09:52.666 [T:0x59548] [DisplayControl] Exit MCCSOtherSet::GetVCP()
2025/10/14 08:09:52.768 [T:0x59548] [DisplayControl] Enter MCCSOtherSet::GetVCP(), vcp code = 20
2025/10/14 08:09:52.972 [T:0x59548] [DisplayControl] Exit MCCSOtherSet::GetVCP()
2025/10/14 08:09:53.078 [T:0x59548] [DisplayControl] Enter MCCSOtherSet::GetVCP(), vcp code = 225
2025/10/14 08:09:53.163 [T:0x59548] [DisplayControl] Exit MCCSOtherSet::GetVCP()
2025/10/14 08:09:53.267 [T:0x59548] [DisplayControl] Enter MCCSOtherSet::GetVCP(), vcp code = 18
2025/10/14 08:09:53.354 [T:0x59548] [DisplayControl] Exit MCCSOtherSet::GetVCP()
2025/10/14 08:09:53.457 [T:0x59548] [DisplayControl] Enter MCCSOtherSet::GetVCP(), vcp code = 141
2025/10/14 08:09:53.542 [T:0x59548] [DisplayControl] Exit MCCSOtherSet::GetVCP()
2025/10/14 08:09:53.644 [T:0x59548] [DisplayControl] Enter MCCSOtherSet::GetVCP(), vcp code = 16
2025/10/14 08:09:53.728 [T:0x59548] [DisplayControl] Exit MCCSOtherSet::GetVCP()
2025/10/14 08:09:53.830 [T:0x59548] [DisplayControl] Enter MCCSOtherSet::GetVCP(), vcp code = 226
2025/10/14 08:09:53.915 [T:0x59548] [DisplayControl] Exit MCCSOtherSet::GetVCP()
2025/10/14 08:09:54.019 [T:0x59548] [DisplayControl] Enter MCCSOtherSet::GetVCP(), vcp code = 220
2025/10/14 08:09:54.104 [T:0x59548] [DisplayControl] Exit MCCSOtherSet::GetVCP()
2025/10/14 08:09:54.207 [T:0x59548] [DisplayControl] Enter MCCSOtherSet::GetVCP(), vcp code = 4
2025/10/14 08:09:54.292 [T:0x59548] [DisplayControl] Exit MCCSOtherSet::GetVCP()
2025/10/14 08:09:54.394 [T:0x59548] [DisplayControl] Enter MCCSOtherSet::GetVCP(), vcp code = 96
2025/10/14 08:09:54.479 [T:0x59548] [DisplayControl] Exit MCCSOtherSet::GetVCP()
2025/10/14 08:09:54.581 [T:0x59548] [DisplayControl] Enter MCCSOtherSet::GetVCP(), vcp code = 98
2025/10/14 08:09:54.667 [T:0x59548] [DisplayControl] Exit MCCSOtherSet::GetVCP()
2025/10/14 08:09:54.772 [T:0x59548] [DisplayControl] Enter MCCSOtherSet::GetVCP(), vcp code = 97
2025/10/14 08:09:54.858 [T:0x59548] [DisplayControl] Exit MCCSOtherSet::GetVCP()
2025/10/14 08:09:54.962 [T:0x59548] [DisplayControl] Enter MCCSOtherSet::GetVCP(), vcp code = 236
2025/10/14 08:09:55.049 [T:0x59548] [DisplayControl] Exit MCCSOtherSet::GetVCP()
2025/10/14 08:09:55.151 [T:0x59548] [DisplayControl] Enter MCCSOtherSet::GetVCP(), vcp code = 43
2025/10/14 08:09:55.237 [T:0x59548] [DisplayControl] Exit MCCSOtherSet::GetVCP()
2025/10/14 08:09:55.340 [T:0x59548] [DisplayControl] Enter MCCSOtherSet::GetVCP(), vcp code = 135
2025/10/14 08:09:55.425 [T:0x59548] [DisplayControl] Exit MCCSOtherSet::GetVCP()
2025/10/14 08:09:55.528 [T:0x59548] [DisplayControl] Enter MCCSOtherSet::GetVCP(), vcp code = 51
2025/10/14 08:09:55.612 [T:0x59548] [DisplayControl] Exit MCCSOtherSet::GetVCP()
2025/10/14 08:12:47.179 [T:0x7ad16] [DisplayControl] Enter MCCSOtherSet::SetVCP(), vcp code = 51
2025/10/14 08:12:47.532 [T:0x7ad16] [DisplayControl] Exit MCCSOtherSet::SetVCP()
2025/10/14 08:14:22.090 [T:0x2f04a] [DisplayControl] Enter MCCSOtherSet::SetVCP(), vcp code = 96
2025/10/14 08:14:22.921 [T:0x2f04a] [DisplayControl] Exit MCCSOtherSet::SetVCP()
2025/10/14 08:14:30.326 [T:0x2f04a] [DisplayControl] Enter OperationThread::ExitThread
2025/10/14 08:14:30.327 [T:0x2f04a] [DisplayControl] Exit OperationThread::ExitThread
2025/10/14 08:14:30.328 [T:0x2f04a] [DisplayControl] Enter OperationThread::~OperationThread()
2025/10/14 08:14:30.328 [T:0x2f04a] [DisplayControl] Enter OperationThread::ExitThread
2025/10/14 08:14:30.328 [T:0x2f04a] [DisplayControl] Enter OperationThread::ExitThread
2025/10/14 08:14:30.329 [T:0x2f04a] [DisplayControl] Exit OperationThread::ExitThread
2025/10/14 08:14:30.329 [T:0x2f04a] [DisplayControl] Enter OperationThread::~OperationThread()
2025/10/14 08:14:30.329 [T:0x2f04a] [DisplayControl] Enter OperationThread::ExitThread
2025/10/14 08:14:30.389 [T:0x2f04a] [DbgStr] After calling display_control_client_listener_video_port_.UpdateAllDisplayPath()
2025/10/14 08:14:30.412 [T:0x2f04a] [DbgStr] After calling display_control_client_listener_.GetAllDisplayEDID()
2025/10/14 08:14:30.413 [T:0x2f04a] [DisplayControl] Version = 3.0.6.0
2025/10/14 08:14:30.413 [T:0x2f04a] [DisplayControl] Enter ObtainControlHandler1
2025/10/14 08:14:30.414 [T:0x2f04a] [DisplayControl] GetVideoPortCommander
2025/10/14 08:14:30.414 [T:0x2f04a] [DisplayControl] GetUSBHubCommander
2025/10/14 08:14:30.414 [T:0x2f04a] ====== List p_lpo_display_info_video_port, # of devices is ======2
2025/10/14 08:14:30.414 [T:0x2f04a] [DisplayControl] index of p_lpo_display_info_video_port0
2025/10/14 08:14:30.414 [T:0x2f04a] [DisplayControl] Model name from VideoPort = VG2458
2025/10/14 08:14:30.414 [T:0x2f04a] [DisplayControl] SN from VideoPort = YDJ243400006
2025/10/14 08:14:30.414 [T:0x2f04a] [DisplayControl] index of p_lpo_display_info_video_port1
2025/10/14 08:14:30.414 [T:0x2f04a] [DisplayControl] Model name from VideoPort = VG275
2025/10/14 08:14:30.414 [T:0x2f04a] [DisplayControl] SN from VideoPort = XF6232400003
2025/10/14 08:14:30.414 [T:0x2f04a] ====== List p_lpo_display_info_rtd_scalar_rts_hub, # of devices is ======0
2025/10/14 08:14:30.414 [T:0x2f04a] [DisplayControl] GetVSRtkHubControlClientListener
2025/10/14 08:14:30.414 [T:0x2f04a] [DisplayControl] max monitor count = 2
2025/10/14 08:14:30.414 [T:0x2f04a] [DisplayControl] index of display_info_vec = 0
2025/10/14 08:14:30.414 [T:0x2f04a] [DisplayControl] index of p_lpo_display_info_video_port = 0
2025/10/14 08:14:30.414 [T:0x2f04a] [DisplayControl] VideoPortMatchingRule
2025/10/14 08:14:30.414 [T:0x2f04a] [DisplayControl] monitor display_info_model_name = VG2458
2025/10/14 08:14:30.414 [T:0x2f04a] [DisplayControl] monitor video_port_model_name = VG2458
2025/10/14 08:14:30.414 [T:0x2f04a] [DisplayControl] monitor display_info_sn = YDJ243400006
2025/10/14 08:14:30.414 [T:0x2f04a] [DisplayControl] monitor video_port_sn = YDJ243400006
2025/10/14 08:14:30.414 [T:0x2f04a] [DisplayControl] model_name_match = 1
2025/10/14 08:14:30.414 [T:0x2f04a] [DisplayControl] sn_match = 1
2025/10/14 08:14:30.414 [T:0x2f04a] [DisplayControl] video_port is_match = 1
2025/10/14 08:14:30.414 [T:0x2f04a] [DisplayControl] index of display_info_vec = 1
2025/10/14 08:14:30.414 [T:0x2f04a] [DisplayControl] index of p_lpo_display_info_video_port = 0
2025/10/14 08:14:30.414 [T:0x2f04a] [DisplayControl] VideoPortMatchingRule
2025/10/14 08:14:30.414 [T:0x2f04a] [DisplayControl] monitor display_info_model_name = VG275
2025/10/14 08:14:30.414 [T:0x2f04a] [DisplayControl] monitor video_port_model_name = VG2458
2025/10/14 08:14:30.414 [T:0x2f04a] [DisplayControl] monitor display_info_sn = XF6232400003
2025/10/14 08:14:30.415 [T:0x2f04a] [DisplayControl] monitor video_port_sn = YDJ243400006
2025/10/14 08:14:30.415 [T:0x2f04a] [DisplayControl] model_name_match = 0
2025/10/14 08:14:30.415 [T:0x2f04a] [DisplayControl] sn_match = 0
2025/10/14 08:14:30.415 [T:0x2f04a] [DisplayControl] video_port is_match = 0
2025/10/14 08:14:30.415 [T:0x2f04a] [DisplayControl] index of display_info_vec = 1
2025/10/14 08:14:30.415 [T:0x2f04a] [DisplayControl] index of p_lpo_display_info_video_port = 1
2025/10/14 08:14:30.415 [T:0x2f04a] [DisplayControl] VideoPortMatchingRule
2025/10/14 08:14:30.415 [T:0x2f04a] [DisplayControl] monitor display_info_model_name = VG275
2025/10/14 08:14:30.415 [T:0x2f04a] [DisplayControl] monitor video_port_model_name = VG275
2025/10/14 08:14:30.415 [T:0x2f04a] [DisplayControl] monitor display_info_sn = XF6232400003
2025/10/14 08:14:30.415 [T:0x2f04a] [DisplayControl] monitor video_port_sn = XF6232400003
2025/10/14 08:14:30.415 [T:0x2f04a] [DisplayControl] model_name_match = 1
2025/10/14 08:14:30.415 [T:0x2f04a] [DisplayControl] sn_match = 1
2025/10/14 08:14:30.415 [T:0x2f04a] [DisplayControl] video_port is_match = 1
2025/10/14 08:14:30.415 [T:0x2f04a] [DisplayControl] i = 0
2025/10/14 08:14:30.415 [T:0x2f04a] [DisplayControl] Enter OperationThread::OperationThread()
2025/10/14 08:14:30.415 [T:0x2f04a] [DisplayControl] Enter OperationThread::CreateThread
2025/10/14 08:14:30.415 [T:0x2f04a] [DisplayControl] new DisplayFunctioner
2025/10/14 08:14:30.415 [T:0x2f04a] [DisplayControl] insert displayer_vector
2025/10/14 08:14:30.415 [T:0x2f04a] [DisplayControl] insert modelName_SN_to_Display_map
2025/10/14 08:14:30.415 [T:0x2f04a] [DisplayControl] insert device_id_to_Displayer_map_
2025/10/14 08:14:30.415 [T:0x2f04a] [DisplayControl] i = 1
2025/10/14 08:14:30.415 [T:0x2f04a] [DisplayControl] Enter OperationThread::OperationThread()
2025/10/14 08:14:30.415 [T:0x2f04a] [DisplayControl] Enter OperationThread::CreateThread
2025/10/14 08:14:30.416 [T:0x2f04a] [DisplayControl] new DisplayFunctioner
2025/10/14 08:14:30.416 [T:0x2f04a] [DisplayControl] insert displayer_vector
2025/10/14 08:14:30.416 [T:0x2f04a] [DisplayControl] insert modelName_SN_to_Display_map
2025/10/14 08:14:30.416 [T:0x2f04a] [DisplayControl] insert device_id_to_Displayer_map_
2025/10/14 08:14:30.416 [T:0x2f04a] [DisplayControl] monitor size = 2
2025/10/14 08:14:30.416 [T:0x2f04a] [DisplayControl] Exit ObtainControlHandler
2025/10/14 08:14:30.416 [T:0x2f04a] [DisplayControl] Enter MCCSOtherSet::GetVCP(), vcp code = 96
2025/10/14 08:14:30.499 [T:0x2f04a] [DisplayControl] Exit MCCSOtherSet::GetVCP()
2025/10/14 08:14:30.785 [T:0x2f04a] [DisplayControl] Enter MCCSOtherSet::GetVCP(), vcp code = 96
2025/10/14 08:14:30.866 [T:0x2f04a] [DisplayControl] Exit MCCSOtherSet::GetVCP()
2025/10/14 08:14:31.147 [T:0x2f04a] [DisplayControl] Enter MCCSOtherSet::SetVCP(), vcp code = 51
2025/10/14 08:14:31.459 [T:0x2f04a] [DisplayControl] Exit MCCSOtherSet::SetVCP()
2025/10/14 08:14:31.459 [T:0x2f04a] [DisplayControl] Enter MCCSOtherSet::SetVCP(), vcp code = 51
2025/10/14 08:14:31.617 [T:0x2f04a] [DisplayControl] Exit MCCSOtherSet::SetVCP()
2025/10/14 08:14:31.618 [T:0x2f04a] [DisplayControl] Enter MCCSOtherSet::GetVCP(), vcp code = 225
2025/10/14 08:14:31.706 [T:0x2f04a] [DisplayControl] Exit MCCSOtherSet::GetVCP()
2025/10/14 08:14:31.813 [T:0x2f04a] [DisplayControl] Enter MCCSOtherSet::GetVCP(), vcp code = 245
2025/10/14 08:14:31.894 [T:0x2f04a] [DisplayControl] Exit MCCSOtherSet::GetVCP()
2025/10/14 08:14:32.001 [T:0x2f04a] [DisplayControl] Enter MCCSOtherSet::GetVCP(), vcp code = 18
2025/10/14 08:14:32.082 [T:0x2f04a] [DisplayControl] Exit MCCSOtherSet::GetVCP()
2025/10/14 08:14:32.188 [T:0x2f04a] [DisplayControl] Enter MCCSOtherSet::GetVCP(), vcp code = 141
2025/10/14 08:14:32.270 [T:0x2f04a] [DisplayControl] Exit MCCSOtherSet::GetVCP()
2025/10/14 08:14:32.375 [T:0x2f04a] [DisplayControl] Enter MCCSOtherSet::GetVCP(), vcp code = 16
2025/10/14 08:14:32.456 [T:0x2f04a] [DisplayControl] Exit MCCSOtherSet::GetVCP()
2025/10/14 08:14:32.563 [T:0x2f04a] [DisplayControl] Enter MCCSOtherSet::GetVCP(), vcp code = 220
2025/10/14 08:14:32.644 [T:0x2f04a] [DisplayControl] Exit MCCSOtherSet::GetVCP()
2025/10/14 08:14:32.752 [T:0x2f04a] [DisplayControl] Enter MCCSOtherSet::GetVCP(), vcp code = 4
2025/10/14 08:14:32.834 [T:0x2f04a] [DisplayControl] Exit MCCSOtherSet::GetVCP()
2025/10/14 08:14:32.942 [T:0x2f04a] [DisplayControl] Enter MCCSOtherSet::GetVCP(), vcp code = 96
2025/10/14 08:14:33.022 [T:0x2f04a] [DisplayControl] Exit MCCSOtherSet::GetVCP()
2025/10/14 08:14:33.127 [T:0x2f04a] [DisplayControl] Enter MCCSOtherSet::GetVCP(), vcp code = 98
2025/10/14 08:14:33.207 [T:0x2f04a] [DisplayControl] Exit MCCSOtherSet::GetVCP()
2025/10/14 08:14:33.315 [T:0x2f04a] [DisplayControl] Enter MCCSOtherSet::GetVCP(), vcp code = 97
2025/10/14 08:14:33.398 [T:0x2f04a] [DisplayControl] Exit MCCSOtherSet::GetVCP()
2025/10/14 08:14:33.506 [T:0x2f04a] [DisplayControl] Enter MCCSOtherSet::GetVCP(), vcp code = 43
2025/10/14 08:14:33.586 [T:0x2f04a] [DisplayControl] Exit MCCSOtherSet::GetVCP()
2025/10/14 08:14:33.695 [T:0x2f04a] [DisplayControl] Enter MCCSOtherSet::GetVCP(), vcp code = 135
2025/10/14 08:14:33.778 [T:0x2f04a] [DisplayControl] Exit MCCSOtherSet::GetVCP()
2025/10/14 08:14:33.886 [T:0x2f04a] [DisplayControl] Enter MCCSOtherSet::GetVCP(), vcp code = 51
2025/10/14 08:14:33.968 [T:0x2f04a] [DisplayControl] Exit MCCSOtherSet::GetVCP()
2025/10/14 08:14:34.076 [T:0x2f04a] [DisplayControl] Enter MCCSOtherSet::GetVCP(), vcp code = 20
2025/10/14 08:14:34.157 [T:0x2f04a] [DisplayControl] Exit MCCSOtherSet::GetVCP()
2025/10/14 08:14:34.264 [T:0x2f04a] [DisplayControl] Enter MCCSOtherSet::GetVCP(), vcp code = 225
2025/10/14 08:14:34.348 [T:0x2f04a] [DisplayControl] Exit MCCSOtherSet::GetVCP()
2025/10/14 08:14:34.451 [T:0x2f04a] [DisplayControl] Enter MCCSOtherSet::GetVCP(), vcp code = 18
2025/10/14 08:14:34.536 [T:0x2f04a] [DisplayControl] Exit MCCSOtherSet::GetVCP()
2025/10/14 08:14:34.639 [T:0x2f04a] [DisplayControl] Enter MCCSOtherSet::GetVCP(), vcp code = 141
2025/10/14 08:14:34.725 [T:0x2f04a] [DisplayControl] Exit MCCSOtherSet::GetVCP()
2025/10/14 08:14:34.830 [T:0x2f04a] [DisplayControl] Enter MCCSOtherSet::GetVCP(), vcp code = 16
2025/10/14 08:14:34.913 [T:0x2f04a] [DisplayControl] Exit MCCSOtherSet::GetVCP()
2025/10/14 08:14:35.014 [T:0x2f04a] [DisplayControl] Enter MCCSOtherSet::GetVCP(), vcp code = 226
2025/10/14 08:14:35.098 [T:0x2f04a] [DisplayControl] Exit MCCSOtherSet::GetVCP()
2025/10/14 08:14:35.203 [T:0x2f04a] [DisplayControl] Enter MCCSOtherSet::GetVCP(), vcp code = 220
2025/10/14 08:14:35.289 [T:0x2f04a] [DisplayControl] Exit MCCSOtherSet::GetVCP()
2025/10/14 08:14:35.392 [T:0x2f04a] [DisplayControl] Enter MCCSOtherSet::GetVCP(), vcp code = 4
2025/10/14 08:14:35.478 [T:0x2f04a] [DisplayControl] Exit MCCSOtherSet::GetVCP()
2025/10/14 08:14:35.580 [T:0x2f04a] [DisplayControl] Enter MCCSOtherSet::GetVCP(), vcp code = 96
2025/10/14 08:14:35.664 [T:0x2f04a] [DisplayControl] Exit MCCSOtherSet::GetVCP()
2025/10/14 08:14:35.765 [T:0x2f04a] [DisplayControl] Enter MCCSOtherSet::GetVCP(), vcp code = 98
2025/10/14 08:14:35.850 [T:0x2f04a] [DisplayControl] Exit MCCSOtherSet::GetVCP()
2025/10/14 08:14:35.953 [T:0x2f04a] [DisplayControl] Enter MCCSOtherSet::GetVCP(), vcp code = 97
2025/10/14 08:14:36.038 [T:0x2f04a] [DisplayControl] Exit MCCSOtherSet::GetVCP()
2025/10/14 08:14:36.140 [T:0x2f04a] [DisplayControl] Enter MCCSOtherSet::GetVCP(), vcp code = 236
2025/10/14 08:14:36.225 [T:0x2f04a] [DisplayControl] Exit MCCSOtherSet::GetVCP()
2025/10/14 08:14:36.326 [T:0x2f04a] [DisplayControl] Enter MCCSOtherSet::GetVCP(), vcp code = 43
2025/10/14 08:14:36.412 [T:0x2f04a] [DisplayControl] Exit MCCSOtherSet::GetVCP()
2025/10/14 08:14:36.516 [T:0x2f04a] [DisplayControl] Enter MCCSOtherSet::GetVCP(), vcp code = 135
2025/10/14 08:14:36.602 [T:0x2f04a] [DisplayControl] Exit MCCSOtherSet::GetVCP()
2025/10/14 08:14:36.707 [T:0x2f04a] [DisplayControl] Enter MCCSOtherSet::GetVCP(), vcp code = 51
2025/10/14 08:14:36.794 [T:0x2f04a] [DisplayControl] Exit MCCSOtherSet::GetVCP()
2025/10/14 08:14:36.904 [T:0x2f04a] [DisplayControl] Enter MCCSOtherSet::SetVCP(), vcp code = 51
2025/10/14 08:14:37.069 [T:0x2f04a] [DisplayControl] Exit MCCSOtherSet::SetVCP()
2025/10/14 08:14:37.074 [T:0x4ed99] [DisplayControl] Enter MCCSOtherSet::GetVCP(), vcp code = 96
2025/10/14 08:14:37.216 [T:0x4ed99] [DisplayControl] Exit MCCSOtherSet::GetVCP()
2025/10/14 08:16:10.310 [T:0x9b7ff] [DisplayControl] Enter MCCSOtherSet::SetVCP(), vcp code = 51
2025/10/14 08:16:10.510 [T:0x9b7ff] [DisplayControl] Exit MCCSOtherSet::SetVCP()
2025/10/14 08:16:26.370 [T:0x9b7ff] [DisplayControl] Enter MCCSOtherSet::SetVCP(), vcp code = 96
2025/10/14 08:16:26.986 [T:0x9b7ff] [DisplayControl] Exit MCCSOtherSet::SetVCP()
2025/10/14 08:16:33.783 [T:0x9b7ff] [DisplayControl] Enter OperationThread::ExitThread
2025/10/14 08:16:33.784 [T:0x9b7ff] [DisplayControl] Exit OperationThread::ExitThread
2025/10/14 08:16:33.785 [T:0x9b7ff] [DisplayControl] Enter OperationThread::~OperationThread()
2025/10/14 08:16:33.785 [T:0x9b7ff] [DisplayControl] Enter OperationThread::ExitThread
2025/10/14 08:16:33.785 [T:0x9b7ff] [DisplayControl] Enter OperationThread::ExitThread
2025/10/14 08:16:33.786 [T:0x9b7ff] [DisplayControl] Exit OperationThread::ExitThread
2025/10/14 08:16:33.786 [T:0x9b7ff] [DisplayControl] Enter OperationThread::~OperationThread()
2025/10/14 08:16:33.786 [T:0x9b7ff] [DisplayControl] Enter OperationThread::ExitThread
2025/10/14 08:16:33.840 [T:0x9b7ff] [DbgStr] After calling display_control_client_listener_video_port_.UpdateAllDisplayPath()
2025/10/14 08:16:33.860 [T:0x9b7ff] [DbgStr] After calling display_control_client_listener_.GetAllDisplayEDID()
2025/10/14 08:16:33.861 [T:0x9b7ff] [DisplayControl] Version = 3.0.6.0
2025/10/14 08:16:33.862 [T:0x9b7ff] [DisplayControl] Enter ObtainControlHandler1
2025/10/14 08:16:33.862 [T:0x9b7ff] [DisplayControl] GetVideoPortCommander
2025/10/14 08:16:33.862 [T:0x9b7ff] [DisplayControl] GetUSBHubCommander
2025/10/14 08:16:33.862 [T:0x9b7ff] ====== List p_lpo_display_info_video_port, # of devices is ======2
2025/10/14 08:16:33.862 [T:0x9b7ff] [DisplayControl] index of p_lpo_display_info_video_port0
2025/10/14 08:16:33.862 [T:0x9b7ff] [DisplayControl] Model name from VideoPort = VG2458
2025/10/14 08:16:33.862 [T:0x9b7ff] [DisplayControl] SN from VideoPort = YDJ243400006
2025/10/14 08:16:33.862 [T:0x9b7ff] [DisplayControl] index of p_lpo_display_info_video_port1
2025/10/14 08:16:33.862 [T:0x9b7ff] [DisplayControl] Model name from VideoPort = VG275
2025/10/14 08:16:33.862 [T:0x9b7ff] [DisplayControl] SN from VideoPort = XF6232400003
2025/10/14 08:16:33.862 [T:0x9b7ff] ====== List p_lpo_display_info_rtd_scalar_rts_hub, # of devices is ======0
2025/10/14 08:16:33.862 [T:0x9b7ff] [DisplayControl] GetVSRtkHubControlClientListener
2025/10/14 08:16:33.862 [T:0x9b7ff] [DisplayControl] max monitor count = 2
2025/10/14 08:16:33.862 [T:0x9b7ff] [DisplayControl] index of display_info_vec = 0
2025/10/14 08:16:33.862 [T:0x9b7ff] [DisplayControl] index of p_lpo_display_info_video_port = 0
2025/10/14 08:16:33.862 [T:0x9b7ff] [DisplayControl] VideoPortMatchingRule
2025/10/14 08:16:33.862 [T:0x9b7ff] [DisplayControl] monitor display_info_model_name = VG2458
2025/10/14 08:16:33.862 [T:0x9b7ff] [DisplayControl] monitor video_port_model_name = VG2458
2025/10/14 08:16:33.862 [T:0x9b7ff] [DisplayControl] monitor display_info_sn = YDJ243400006
2025/10/14 08:16:33.862 [T:0x9b7ff] [DisplayControl] monitor video_port_sn = YDJ243400006
2025/10/14 08:16:33.862 [T:0x9b7ff] [DisplayControl] model_name_match = 1
2025/10/14 08:16:33.862 [T:0x9b7ff] [DisplayControl] sn_match = 1
2025/10/14 08:16:33.862 [T:0x9b7ff] [DisplayControl] video_port is_match = 1
2025/10/14 08:16:33.862 [T:0x9b7ff] [DisplayControl] index of display_info_vec = 1
2025/10/14 08:16:33.862 [T:0x9b7ff] [DisplayControl] index of p_lpo_display_info_video_port = 0
2025/10/14 08:16:33.862 [T:0x9b7ff] [DisplayControl] VideoPortMatchingRule
2025/10/14 08:16:33.863 [T:0x9b7ff] [DisplayControl] monitor display_info_model_name = VG275
2025/10/14 08:16:33.863 [T:0x9b7ff] [DisplayControl] monitor video_port_model_name = VG2458
2025/10/14 08:16:33.863 [T:0x9b7ff] [DisplayControl] monitor display_info_sn = XF6232400003
2025/10/14 08:16:33.863 [T:0x9b7ff] [DisplayControl] monitor video_port_sn = YDJ243400006
2025/10/14 08:16:33.863 [T:0x9b7ff] [DisplayControl] model_name_match = 0
2025/10/14 08:16:33.863 [T:0x9b7ff] [DisplayControl] sn_match = 0
2025/10/14 08:16:33.863 [T:0x9b7ff] [DisplayControl] video_port is_match = 0
2025/10/14 08:16:33.863 [T:0x9b7ff] [DisplayControl] index of display_info_vec = 1
2025/10/14 08:16:33.863 [T:0x9b7ff] [DisplayControl] index of p_lpo_display_info_video_port = 1
2025/10/14 08:16:33.863 [T:0x9b7ff] [DisplayControl] VideoPortMatchingRule
2025/10/14 08:16:33.863 [T:0x9b7ff] [DisplayControl] monitor display_info_model_name = VG275
2025/10/14 08:16:33.863 [T:0x9b7ff] [DisplayControl] monitor video_port_model_name = VG275
2025/10/14 08:16:33.863 [T:0x9b7ff] [DisplayControl] monitor display_info_sn = XF6232400003
2025/10/14 08:16:33.863 [T:0x9b7ff] [DisplayControl] monitor video_port_sn = XF6232400003
2025/10/14 08:16:33.863 [T:0x9b7ff] [DisplayControl] model_name_match = 1
2025/10/14 08:16:33.863 [T:0x9b7ff] [DisplayControl] sn_match = 1
2025/10/14 08:16:33.863 [T:0x9b7ff] [DisplayControl] video_port is_match = 1
2025/10/14 08:16:33.863 [T:0x9b7ff] [DisplayControl] i = 0
2025/10/14 08:16:33.863 [T:0x9b7ff] [DisplayControl] Enter OperationThread::OperationThread()
2025/10/14 08:16:33.863 [T:0x9b7ff] [DisplayControl] Enter OperationThread::CreateThread
2025/10/14 08:16:33.863 [T:0x9b7ff] [DisplayControl] new DisplayFunctioner
2025/10/14 08:16:33.863 [T:0x9b7ff] [DisplayControl] insert displayer_vector
2025/10/14 08:16:33.863 [T:0x9b7ff] [DisplayControl] insert modelName_SN_to_Display_map
2025/10/14 08:16:33.863 [T:0x9b7ff] [DisplayControl] insert device_id_to_Displayer_map_
2025/10/14 08:16:33.863 [T:0x9b7ff] [DisplayControl] i = 1
2025/10/14 08:16:33.863 [T:0x9b7ff] [DisplayControl] Enter OperationThread::OperationThread()
2025/10/14 08:16:33.864 [T:0x9b7ff] [DisplayControl] Enter OperationThread::CreateThread
2025/10/14 08:16:33.864 [T:0x9b7ff] [DisplayControl] new DisplayFunctioner
2025/10/14 08:16:33.864 [T:0x9b7ff] [DisplayControl] insert displayer_vector
2025/10/14 08:16:33.864 [T:0x9b7ff] [DisplayControl] insert modelName_SN_to_Display_map
2025/10/14 08:16:33.864 [T:0x9b7ff] [DisplayControl] insert device_id_to_Displayer_map_
2025/10/14 08:16:33.864 [T:0x9b7ff] [DisplayControl] monitor size = 2
2025/10/14 08:16:33.864 [T:0x9b7ff] [DisplayControl] Exit ObtainControlHandler
2025/10/14 08:16:33.864 [T:0x9b7ff] [DisplayControl] Enter MCCSOtherSet::GetVCP(), vcp code = 96
2025/10/14 08:16:33.942 [T:0x9b7ff] [DisplayControl] Exit MCCSOtherSet::GetVCP()
2025/10/14 08:16:34.227 [T:0x9b7ff] [DisplayControl] Enter MCCSOtherSet::GetVCP(), vcp code = 96
2025/10/14 08:16:34.307 [T:0x9b7ff] [DisplayControl] Exit MCCSOtherSet::GetVCP()
2025/10/14 08:16:34.588 [T:0x9b7ff] [DisplayControl] Enter MCCSOtherSet::SetVCP(), vcp code = 51
2025/10/14 08:16:34.756 [T:0x9b7ff] [DisplayControl] Exit MCCSOtherSet::SetVCP()
2025/10/14 08:16:34.756 [T:0x9b7ff] [DisplayControl] Enter MCCSOtherSet::SetVCP(), vcp code = 51
2025/10/14 08:16:34.915 [T:0x9b7ff] [DisplayControl] Exit MCCSOtherSet::SetVCP()
2025/10/14 08:16:34.916 [T:0x9b7ff] [DisplayControl] Enter MCCSOtherSet::GetVCP(), vcp code = 225
2025/10/14 08:16:35.003 [T:0x9b7ff] [DisplayControl] Exit MCCSOtherSet::GetVCP()
2025/10/14 08:16:35.111 [T:0x9b7ff] [DisplayControl] Enter MCCSOtherSet::GetVCP(), vcp code = 245
2025/10/14 08:16:35.191 [T:0x9b7ff] [DisplayControl] Exit MCCSOtherSet::GetVCP()
2025/10/14 08:16:35.300 [T:0x9b7ff] [DisplayControl] Enter MCCSOtherSet::GetVCP(), vcp code = 18
2025/10/14 08:16:35.381 [T:0x9b7ff] [DisplayControl] Exit MCCSOtherSet::GetVCP()
2025/10/14 08:16:35.488 [T:0x9b7ff] [DisplayControl] Enter MCCSOtherSet::GetVCP(), vcp code = 141
2025/10/14 08:16:35.569 [T:0x9b7ff] [DisplayControl] Exit MCCSOtherSet::GetVCP()
2025/10/14 08:16:35.674 [T:0x9b7ff] [DisplayControl] Enter MCCSOtherSet::GetVCP(), vcp code = 16
2025/10/14 08:16:35.755 [T:0x9b7ff] [DisplayControl] Exit MCCSOtherSet::GetVCP()
2025/10/14 08:16:35.860 [T:0x9b7ff] [DisplayControl] Enter MCCSOtherSet::GetVCP(), vcp code = 220
2025/10/14 08:16:35.942 [T:0x9b7ff] [DisplayControl] Exit MCCSOtherSet::GetVCP()
2025/10/14 08:16:36.051 [T:0x9b7ff] [DisplayControl] Enter MCCSOtherSet::GetVCP(), vcp code = 4
2025/10/14 08:16:36.131 [T:0x9b7ff] [DisplayControl] Exit MCCSOtherSet::GetVCP()
2025/10/14 08:16:36.236 [T:0x9b7ff] [DisplayControl] Enter MCCSOtherSet::GetVCP(), vcp code = 96
2025/10/14 08:16:36.316 [T:0x9b7ff] [DisplayControl] Exit MCCSOtherSet::GetVCP()
2025/10/14 08:16:36.423 [T:0x9b7ff] [DisplayControl] Enter MCCSOtherSet::GetVCP(), vcp code = 98
2025/10/14 08:16:36.503 [T:0x9b7ff] [DisplayControl] Exit MCCSOtherSet::GetVCP()
2025/10/14 08:16:36.608 [T:0x9b7ff] [DisplayControl] Enter MCCSOtherSet::GetVCP(), vcp code = 97
2025/10/14 08:16:36.690 [T:0x9b7ff] [DisplayControl] Exit MCCSOtherSet::GetVCP()
2025/10/14 08:16:36.798 [T:0x9b7ff] [DisplayControl] Enter MCCSOtherSet::GetVCP(), vcp code = 43
2025/10/14 08:16:36.879 [T:0x9b7ff] [DisplayControl] Exit MCCSOtherSet::GetVCP()
2025/10/14 08:16:36.984 [T:0x9b7ff] [DisplayControl] Enter MCCSOtherSet::GetVCP(), vcp code = 135
2025/10/14 08:16:37.064 [T:0x9b7ff] [DisplayControl] Exit MCCSOtherSet::GetVCP()
2025/10/14 08:16:37.172 [T:0x9b7ff] [DisplayControl] Enter MCCSOtherSet::GetVCP(), vcp code = 51
2025/10/14 08:16:37.255 [T:0x9b7ff] [DisplayControl] Exit MCCSOtherSet::GetVCP()
2025/10/14 08:16:37.363 [T:0x9b7ff] [DisplayControl] Enter MCCSOtherSet::GetVCP(), vcp code = 20
2025/10/14 08:16:37.445 [T:0x9b7ff] [DisplayControl] Exit MCCSOtherSet::GetVCP()
2025/10/14 08:16:37.552 [T:0x9b7ff] [DisplayControl] Enter MCCSOtherSet::GetVCP(), vcp code = 225
2025/10/14 08:16:37.637 [T:0x9b7ff] [DisplayControl] Exit MCCSOtherSet::GetVCP()
2025/10/14 08:16:37.753 [T:0x9b7ff] [DisplayControl] Enter MCCSOtherSet::GetVCP(), vcp code = 18
2025/10/14 08:16:37.838 [T:0x9b7ff] [DisplayControl] Exit MCCSOtherSet::GetVCP()
2025/10/14 08:16:37.939 [T:0x9b7ff] [DisplayControl] Enter MCCSOtherSet::GetVCP(), vcp code = 141
2025/10/14 08:16:38.025 [T:0x9b7ff] [DisplayControl] Exit MCCSOtherSet::GetVCP()
2025/10/14 08:16:38.128 [T:0x9b7ff] [DisplayControl] Enter MCCSOtherSet::GetVCP(), vcp code = 16
2025/10/14 08:16:38.214 [T:0x9b7ff] [DisplayControl] Exit MCCSOtherSet::GetVCP()
2025/10/14 08:16:38.315 [T:0x9b7ff] [DisplayControl] Enter MCCSOtherSet::GetVCP(), vcp code = 226
2025/10/14 08:16:38.400 [T:0x9b7ff] [DisplayControl] Exit MCCSOtherSet::GetVCP()
2025/10/14 08:16:38.502 [T:0x9b7ff] [DisplayControl] Enter MCCSOtherSet::GetVCP(), vcp code = 220
2025/10/14 08:16:38.587 [T:0x9b7ff] [DisplayControl] Exit MCCSOtherSet::GetVCP()
2025/10/14 08:16:38.690 [T:0x9b7ff] [DisplayControl] Enter MCCSOtherSet::GetVCP(), vcp code = 4
2025/10/14 08:16:38.776 [T:0x9b7ff] [DisplayControl] Exit MCCSOtherSet::GetVCP()
2025/10/14 08:16:38.878 [T:0x9b7ff] [DisplayControl] Enter MCCSOtherSet::GetVCP(), vcp code = 96
2025/10/14 08:16:38.962 [T:0x9b7ff] [DisplayControl] Exit MCCSOtherSet::GetVCP()
2025/10/14 08:16:39.064 [T:0x9b7ff] [DisplayControl] Enter MCCSOtherSet::GetVCP(), vcp code = 98
2025/10/14 08:16:39.149 [T:0x9b7ff] [DisplayControl] Exit MCCSOtherSet::GetVCP()
2025/10/14 08:16:39.252 [T:0x9b7ff] [DisplayControl] Enter MCCSOtherSet::GetVCP(), vcp code = 97
2025/10/14 08:16:39.339 [T:0x9b7ff] [DisplayControl] Exit MCCSOtherSet::GetVCP()
2025/10/14 08:16:39.442 [T:0x9b7ff] [DisplayControl] Enter MCCSOtherSet::GetVCP(), vcp code = 236
2025/10/14 08:16:39.527 [T:0x9b7ff] [DisplayControl] Exit MCCSOtherSet::GetVCP()
2025/10/14 08:16:39.629 [T:0x9b7ff] [DisplayControl] Enter MCCSOtherSet::GetVCP(), vcp code = 43
2025/10/14 08:16:39.714 [T:0x9b7ff] [DisplayControl] Exit MCCSOtherSet::GetVCP()
2025/10/14 08:16:39.814 [T:0x9b7ff] [DisplayControl] Enter MCCSOtherSet::GetVCP(), vcp code = 135
2025/10/14 08:16:39.898 [T:0x9b7ff] [DisplayControl] Exit MCCSOtherSet::GetVCP()
2025/10/14 08:16:40.003 [T:0x9b7ff] [DisplayControl] Enter MCCSOtherSet::GetVCP(), vcp code = 51
2025/10/14 08:16:40.090 [T:0x9b7ff] [DisplayControl] Exit MCCSOtherSet::GetVCP()
2025/10/14 08:16:40.201 [T:0x9b7ff] [DisplayControl] Enter MCCSOtherSet::SetVCP(), vcp code = 51
2025/10/14 08:16:40.367 [T:0x9b7ff] [DisplayControl] Exit MCCSOtherSet::SetVCP()
2025/10/14 08:16:40.372 [T:0x4ed99] [DisplayControl] Enter MCCSOtherSet::GetVCP(), vcp code = 96
2025/10/14 08:16:40.545 [T:0x4ed99] [DisplayControl] Exit MCCSOtherSet::GetVCP()
2025/10/14 08:18:14.588 [T:0xdbeee] [DisplayControl] Enter MCCSOtherSet::SetVCP(), vcp code = 51
2025/10/14 08:18:14.809 [T:0xdbeee] [DisplayControl] Exit MCCSOtherSet::SetVCP()
2025/10/14 08:18:30.625 [T:0xdbeee] [DisplayControl] Enter MCCSOtherSet::SetVCP(), vcp code = 96
2025/10/14 08:18:30.936 [T:0xdbeee] [DisplayControl] Exit MCCSOtherSet::SetVCP()
2025/10/14 08:18:37.703 [T:0xdbeee] [DisplayControl] Enter OperationThread::ExitThread
2025/10/14 08:18:37.704 [T:0xdbeee] [DisplayControl] Exit OperationThread::ExitThread
2025/10/14 08:18:37.705 [T:0xdbeee] [DisplayControl] Enter OperationThread::~OperationThread()
2025/10/14 08:18:37.705 [T:0xdbeee] [DisplayControl] Enter OperationThread::ExitThread
2025/10/14 08:18:37.705 [T:0xdbeee] [DisplayControl] Enter OperationThread::ExitThread
2025/10/14 08:18:37.706 [T:0xdbeee] [DisplayControl] Exit OperationThread::ExitThread
2025/10/14 08:18:37.706 [T:0xdbeee] [DisplayControl] Enter OperationThread::~OperationThread()
2025/10/14 08:18:37.706 [T:0xdbeee] [DisplayControl] Enter OperationThread::ExitThread
2025/10/14 08:18:37.768 [T:0xdbeee] [DbgStr] After calling display_control_client_listener_video_port_.UpdateAllDisplayPath()
2025/10/14 08:18:37.788 [T:0xdbeee] [DbgStr] After calling display_control_client_listener_.GetAllDisplayEDID()
2025/10/14 08:18:37.789 [T:0xdbeee] [DisplayControl] Version = 3.0.6.0
2025/10/14 08:18:37.790 [T:0xdbeee] [DisplayControl] Enter ObtainControlHandler1
2025/10/14 08:18:37.790 [T:0xdbeee] [DisplayControl] GetVideoPortCommander
2025/10/14 08:18:37.790 [T:0xdbeee] [DisplayControl] GetUSBHubCommander
2025/10/14 08:18:37.790 [T:0xdbeee] ====== List p_lpo_display_info_video_port, # of devices is ======2
2025/10/14 08:18:37.790 [T:0xdbeee] [DisplayControl] index of p_lpo_display_info_video_port0
2025/10/14 08:18:37.790 [T:0xdbeee] [DisplayControl] Model name from VideoPort = VG2458
2025/10/14 08:18:37.790 [T:0xdbeee] [DisplayControl] SN from VideoPort = YDJ243400006
2025/10/14 08:18:37.790 [T:0xdbeee] [DisplayControl] index of p_lpo_display_info_video_port1
2025/10/14 08:18:37.790 [T:0xdbeee] [DisplayControl] Model name from VideoPort = VG275
2025/10/14 08:18:37.790 [T:0xdbeee] [DisplayControl] SN from VideoPort = XF6232400003
2025/10/14 08:18:37.790 [T:0xdbeee] ====== List p_lpo_display_info_rtd_scalar_rts_hub, # of devices is ======0
2025/10/14 08:18:37.790 [T:0xdbeee] [DisplayControl] GetVSRtkHubControlClientListener
2025/10/14 08:18:37.790 [T:0xdbeee] [DisplayControl] max monitor count = 2
2025/10/14 08:18:37.790 [T:0xdbeee] [DisplayControl] index of display_info_vec = 0
2025/10/14 08:18:37.790 [T:0xdbeee] [DisplayControl] index of p_lpo_display_info_video_port = 0
2025/10/14 08:18:37.790 [T:0xdbeee] [DisplayControl] VideoPortMatchingRule
2025/10/14 08:18:37.790 [T:0xdbeee] [DisplayControl] monitor display_info_model_name = VG2458
2025/10/14 08:18:37.790 [T:0xdbeee] [DisplayControl] monitor video_port_model_name = VG2458
2025/10/14 08:18:37.790 [T:0xdbeee] [DisplayControl] monitor display_info_sn = YDJ243400006
2025/10/14 08:18:37.790 [T:0xdbeee] [DisplayControl] monitor video_port_sn = YDJ243400006
2025/10/14 08:18:37.790 [T:0xdbeee] [DisplayControl] model_name_match = 1
2025/10/14 08:18:37.790 [T:0xdbeee] [DisplayControl] sn_match = 1
2025/10/14 08:18:37.790 [T:0xdbeee] [DisplayControl] video_port is_match = 1
2025/10/14 08:18:37.790 [T:0xdbeee] [DisplayControl] index of display_info_vec = 1
2025/10/14 08:18:37.790 [T:0xdbeee] [DisplayControl] index of p_lpo_display_info_video_port = 0
2025/10/14 08:18:37.791 [T:0xdbeee] [DisplayControl] VideoPortMatchingRule
2025/10/14 08:18:37.791 [T:0xdbeee] [DisplayControl] monitor display_info_model_name = VG275
2025/10/14 08:18:37.791 [T:0xdbeee] [DisplayControl] monitor video_port_model_name = VG2458
2025/10/14 08:18:37.791 [T:0xdbeee] [DisplayControl] monitor display_info_sn = XF6232400003
2025/10/14 08:18:37.791 [T:0xdbeee] [DisplayControl] monitor video_port_sn = YDJ243400006
2025/10/14 08:18:37.791 [T:0xdbeee] [DisplayControl] model_name_match = 0
2025/10/14 08:18:37.791 [T:0xdbeee] [DisplayControl] sn_match = 0
2025/10/14 08:18:37.791 [T:0xdbeee] [DisplayControl] video_port is_match = 0
2025/10/14 08:18:37.791 [T:0xdbeee] [DisplayControl] index of display_info_vec = 1
2025/10/14 08:18:37.791 [T:0xdbeee] [DisplayControl] index of p_lpo_display_info_video_port = 1
2025/10/14 08:18:37.791 [T:0xdbeee] [DisplayControl] VideoPortMatchingRule
2025/10/14 08:18:37.791 [T:0xdbeee] [DisplayControl] monitor display_info_model_name = VG275
2025/10/14 08:18:37.791 [T:0xdbeee] [DisplayControl] monitor video_port_model_name = VG275
2025/10/14 08:18:37.791 [T:0xdbeee] [DisplayControl] monitor display_info_sn = XF6232400003
2025/10/14 08:18:37.791 [T:0xdbeee] [DisplayControl] monitor video_port_sn = XF6232400003
2025/10/14 08:18:37.791 [T:0xdbeee] [DisplayControl] model_name_match = 1
2025/10/14 08:18:37.791 [T:0xdbeee] [DisplayControl] sn_match = 1
2025/10/14 08:18:37.791 [T:0xdbeee] [DisplayControl] video_port is_match = 1
2025/10/14 08:18:37.791 [T:0xdbeee] [DisplayControl] i = 0
2025/10/14 08:18:37.791 [T:0xdbeee] [DisplayControl] Enter OperationThread::OperationThread()
2025/10/14 08:18:37.791 [T:0xdbeee] [DisplayControl] Enter OperationThread::CreateThread
2025/10/14 08:18:37.791 [T:0xdbeee] [DisplayControl] new DisplayFunctioner
2025/10/14 08:18:37.791 [T:0xdbeee] [DisplayControl] insert displayer_vector
2025/10/14 08:18:37.791 [T:0xdbeee] [DisplayControl] insert modelName_SN_to_Display_map
2025/10/14 08:18:37.791 [T:0xdbeee] [DisplayControl] insert device_id_to_Displayer_map_
2025/10/14 08:18:37.792 [T:0xdbeee] [DisplayControl] i = 1
2025/10/14 08:18:37.792 [T:0xdbeee] [DisplayControl] Enter OperationThread::OperationThread()
2025/10/14 08:18:37.792 [T:0xdbeee] [DisplayControl] Enter OperationThread::CreateThread
2025/10/14 08:18:37.792 [T:0xdbeee] [DisplayControl] new DisplayFunctioner
2025/10/14 08:18:37.792 [T:0xdbeee] [DisplayControl] insert displayer_vector
2025/10/14 08:18:37.792 [T:0xdbeee] [DisplayControl] insert modelName_SN_to_Display_map
2025/10/14 08:18:37.792 [T:0xdbeee] [DisplayControl] insert device_id_to_Displayer_map_
2025/10/14 08:18:37.792 [T:0xdbeee] [DisplayControl] monitor size = 2
2025/10/14 08:18:37.792 [T:0xdbeee] [DisplayControl] Exit ObtainControlHandler
2025/10/14 08:18:37.792 [T:0xdbeee] [DisplayControl] Enter MCCSOtherSet::GetVCP(), vcp code = 96
2025/10/14 08:18:37.874 [T:0xdbeee] [DisplayControl] Exit MCCSOtherSet::GetVCP()
2025/10/14 08:18:38.160 [T:0xdbeee] [DisplayControl] Enter MCCSOtherSet::GetVCP(), vcp code = 96
2025/10/14 08:18:38.240 [T:0xdbeee] [DisplayControl] Exit MCCSOtherSet::GetVCP()
2025/10/14 08:18:38.524 [T:0xdbeee] [DisplayControl] Enter MCCSOtherSet::SetVCP(), vcp code = 51
2025/10/14 08:18:38.848 [T:0xdbeee] [DisplayControl] Exit MCCSOtherSet::SetVCP()
2025/10/14 08:18:38.853 [T:0xdbeee] [DisplayControl] Enter MCCSOtherSet::SetVCP(), vcp code = 51
2025/10/14 08:18:39.024 [T:0xdbeee] [DisplayControl] Exit MCCSOtherSet::SetVCP()
2025/10/14 08:18:39.024 [T:0xdbeee] [DisplayControl] Enter MCCSOtherSet::GetVCP(), vcp code = 225
2025/10/14 08:18:39.097 [T:0xdbeee] [DisplayControl] Exit MCCSOtherSet::GetVCP()
2025/10/14 08:18:39.204 [T:0xdbeee] [DisplayControl] Enter MCCSOtherSet::GetVCP(), vcp code = 245
2025/10/14 08:18:39.287 [T:0xdbeee] [DisplayControl] Exit MCCSOtherSet::GetVCP()
2025/10/14 08:18:39.395 [T:0xdbeee] [DisplayControl] Enter MCCSOtherSet::GetVCP(), vcp code = 18
2025/10/14 08:18:39.476 [T:0xdbeee] [DisplayControl] Exit MCCSOtherSet::GetVCP()
2025/10/14 08:18:39.581 [T:0xdbeee] [DisplayControl] Enter MCCSOtherSet::GetVCP(), vcp code = 141
2025/10/14 08:18:39.661 [T:0xdbeee] [DisplayControl] Exit MCCSOtherSet::GetVCP()
2025/10/14 08:18:39.767 [T:0xdbeee] [DisplayControl] Enter MCCSOtherSet::GetVCP(), vcp code = 16
2025/10/14 08:18:39.847 [T:0xdbeee] [DisplayControl] Exit MCCSOtherSet::GetVCP()
2025/10/14 08:18:39.955 [T:0xdbeee] [DisplayControl] Enter MCCSOtherSet::GetVCP(), vcp code = 220
2025/10/14 08:18:40.037 [T:0xdbeee] [DisplayControl] Exit MCCSOtherSet::GetVCP()
2025/10/14 08:18:40.145 [T:0xdbeee] [DisplayControl] Enter MCCSOtherSet::GetVCP(), vcp code = 4
2025/10/14 08:18:40.227 [T:0xdbeee] [DisplayControl] Exit MCCSOtherSet::GetVCP()
2025/10/14 08:18:40.333 [T:0xdbeee] [DisplayControl] Enter MCCSOtherSet::GetVCP(), vcp code = 96
2025/10/14 08:18:40.413 [T:0xdbeee] [DisplayControl] Exit MCCSOtherSet::GetVCP()
2025/10/14 08:18:40.520 [T:0xdbeee] [DisplayControl] Enter MCCSOtherSet::GetVCP(), vcp code = 98
2025/10/14 08:18:40.600 [T:0xdbeee] [DisplayControl] Exit MCCSOtherSet::GetVCP()
2025/10/14 08:18:40.707 [T:0xdbeee] [DisplayControl] Enter MCCSOtherSet::GetVCP(), vcp code = 97
2025/10/14 08:18:40.789 [T:0xdbeee] [DisplayControl] Exit MCCSOtherSet::GetVCP()
2025/10/14 08:18:40.896 [T:0xdbeee] [DisplayControl] Enter MCCSOtherSet::GetVCP(), vcp code = 43
2025/10/14 08:18:40.976 [T:0xdbeee] [DisplayControl] Exit MCCSOtherSet::GetVCP()
2025/10/14 08:18:41.082 [T:0xdbeee] [DisplayControl] Enter MCCSOtherSet::GetVCP(), vcp code = 135
2025/10/14 08:18:41.162 [T:0xdbeee] [DisplayControl] Exit MCCSOtherSet::GetVCP()
2025/10/14 08:18:41.267 [T:0xdbeee] [DisplayControl] Enter MCCSOtherSet::GetVCP(), vcp code = 51
2025/10/14 08:18:41.350 [T:0xdbeee] [DisplayControl] Exit MCCSOtherSet::GetVCP()
2025/10/14 08:18:41.457 [T:0xdbeee] [DisplayControl] Enter MCCSOtherSet::GetVCP(), vcp code = 20
2025/10/14 08:18:41.538 [T:0xdbeee] [DisplayControl] Exit MCCSOtherSet::GetVCP()
2025/10/14 08:18:41.645 [T:0xdbeee] [DisplayControl] Enter MCCSOtherSet::GetVCP(), vcp code = 225
2025/10/14 08:18:41.729 [T:0xdbeee] [DisplayControl] Exit MCCSOtherSet::GetVCP()
2025/10/14 08:18:41.829 [T:0xdbeee] [DisplayControl] Enter MCCSOtherSet::GetVCP(), vcp code = 18
2025/10/14 08:18:41.915 [T:0xdbeee] [DisplayControl] Exit MCCSOtherSet::GetVCP()
2025/10/14 08:18:42.018 [T:0xdbeee] [DisplayControl] Enter MCCSOtherSet::GetVCP(), vcp code = 141
2025/10/14 08:18:42.105 [T:0xdbeee] [DisplayControl] Exit MCCSOtherSet::GetVCP()
2025/10/14 08:18:42.206 [T:0xdbeee] [DisplayControl] Enter MCCSOtherSet::GetVCP(), vcp code = 16
2025/10/14 08:18:42.291 [T:0xdbeee] [DisplayControl] Exit MCCSOtherSet::GetVCP()
2025/10/14 08:18:42.393 [T:0xdbeee] [DisplayControl] Enter MCCSOtherSet::GetVCP(), vcp code = 226
2025/10/14 08:18:42.478 [T:0xdbeee] [DisplayControl] Exit MCCSOtherSet::GetVCP()
2025/10/14 08:18:42.580 [T:0xdbeee] [DisplayControl] Enter MCCSOtherSet::GetVCP(), vcp code = 220
2025/10/14 08:18:42.666 [T:0xdbeee] [DisplayControl] Exit MCCSOtherSet::GetVCP()
2025/10/14 08:18:42.768 [T:0xdbeee] [DisplayControl] Enter MCCSOtherSet::GetVCP(), vcp code = 4
2025/10/14 08:18:42.854 [T:0xdbeee] [DisplayControl] Exit MCCSOtherSet::GetVCP()
2025/10/14 08:18:42.957 [T:0xdbeee] [DisplayControl] Enter MCCSOtherSet::GetVCP(), vcp code = 96
2025/10/14 08:18:43.040 [T:0xdbeee] [DisplayControl] Exit MCCSOtherSet::GetVCP()
2025/10/14 08:18:43.142 [T:0xdbeee] [DisplayControl] Enter MCCSOtherSet::GetVCP(), vcp code = 98
2025/10/14 08:18:43.226 [T:0xdbeee] [DisplayControl] Exit MCCSOtherSet::GetVCP()
2025/10/14 08:18:43.330 [T:0xdbeee] [DisplayControl] Enter MCCSOtherSet::GetVCP(), vcp code = 97
2025/10/14 08:18:43.416 [T:0xdbeee] [DisplayControl] Exit MCCSOtherSet::GetVCP()
2025/10/14 08:18:43.519 [T:0xdbeee] [DisplayControl] Enter MCCSOtherSet::GetVCP(), vcp code = 236
2025/10/14 08:18:43.605 [T:0xdbeee] [DisplayControl] Exit MCCSOtherSet::GetVCP()
2025/10/14 08:18:43.705 [T:0xdbeee] [DisplayControl] Enter MCCSOtherSet::GetVCP(), vcp code = 43
2025/10/14 08:18:43.791 [T:0xdbeee] [DisplayControl] Exit MCCSOtherSet::GetVCP()
2025/10/14 08:18:43.893 [T:0xdbeee] [DisplayControl] Enter MCCSOtherSet::GetVCP(), vcp code = 135
2025/10/14 08:18:43.979 [T:0xdbeee] [DisplayControl] Exit MCCSOtherSet::GetVCP()
2025/10/14 08:18:44.083 [T:0xdbeee] [DisplayControl] Enter MCCSOtherSet::GetVCP(), vcp code = 51
2025/10/14 08:18:44.170 [T:0xdbeee] [DisplayControl] Exit MCCSOtherSet::GetVCP()
2025/10/14 08:18:44.282 [T:0xdbeee] [DisplayControl] Enter MCCSOtherSet::SetVCP(), vcp code = 51
2025/10/14 08:18:44.449 [T:0xdbeee] [DisplayControl] Exit MCCSOtherSet::SetVCP()
2025/10/14 08:18:44.453 [T:0x4ed99] [DisplayControl] Enter MCCSOtherSet::GetVCP(), vcp code = 96
2025/10/14 08:18:44.592 [T:0x4ed99] [DisplayControl] Exit MCCSOtherSet::GetVCP()
2025/10/14 08:20:22.643 [T:0x4ed99] [DisplayControl] Enter OperationThread::ExitThread
2025/10/14 08:20:22.643 [T:0x4ed99] [DisplayControl] Exit OperationThread::ExitThread
2025/10/14 08:20:22.644 [T:0x4ed99] [DisplayControl] Enter OperationThread::~OperationThread()
2025/10/14 08:20:22.644 [T:0x4ed99] [DisplayControl] Enter OperationThread::ExitThread
2025/10/14 08:20:22.644 [T:0x4ed99] [DisplayControl] Enter OperationThread::ExitThread
2025/10/14 08:20:22.644 [T:0x4ed99] [DisplayControl] Exit OperationThread::ExitThread
2025/10/14 08:20:22.644 [T:0x4ed99] [DisplayControl] Enter OperationThread::~OperationThread()
2025/10/14 08:20:22.644 [T:0x4ed99] [DisplayControl] Enter OperationThread::ExitThread
2025/10/14 08:20:22.673 [T:0x4ed99] [DbgStr] After calling display_control_client_listener_video_port_.UpdateAllDisplayPath()
2025/10/14 08:20:22.694 [T:0x4ed99] [DbgStr] After calling display_control_client_listener_.GetAllDisplayEDID()
2025/10/14 08:20:22.700 [T:0x4ed99] [DisplayControl] Version = 3.0.6.0
2025/10/14 08:20:22.700 [T:0x4ed99] [DisplayControl] Enter ObtainControlHandler1
2025/10/14 08:20:22.700 [T:0x4ed99] [DisplayControl] GetVideoPortCommander
2025/10/14 08:20:22.700 [T:0x4ed99] [DisplayControl] GetUSBHubCommander
2025/10/14 08:20:22.700 [T:0x4ed99] ====== List p_lpo_display_info_video_port, # of devices is ======2
2025/10/14 08:20:22.700 [T:0x4ed99] [DisplayControl] index of p_lpo_display_info_video_port0
2025/10/14 08:20:22.700 [T:0x4ed99] [DisplayControl] Model name from VideoPort = VG2458
2025/10/14 08:20:22.700 [T:0x4ed99] [DisplayControl] SN from VideoPort = YDJ243400006
2025/10/14 08:20:22.700 [T:0x4ed99] [DisplayControl] index of p_lpo_display_info_video_port1
2025/10/14 08:20:22.700 [T:0x4ed99] [DisplayControl] Model name from VideoPort = VG275
2025/10/14 08:20:22.700 [T:0x4ed99] [DisplayControl] SN from VideoPort = XF6232400003
2025/10/14 08:20:22.701 [T:0x4ed99] ====== List p_lpo_display_info_rtd_scalar_rts_hub, # of devices is ======0
2025/10/14 08:20:22.701 [T:0x4ed99] [DisplayControl] GetVSRtkHubControlClientListener
2025/10/14 08:20:22.701 [T:0x4ed99] [DisplayControl] max monitor count = 2
2025/10/14 08:20:22.701 [T:0x4ed99] [DisplayControl] index of display_info_vec = 0
2025/10/14 08:20:22.701 [T:0x4ed99] [DisplayControl] index of p_lpo_display_info_video_port = 0
2025/10/14 08:20:22.701 [T:0x4ed99] [DisplayControl] VideoPortMatchingRule
2025/10/14 08:20:22.701 [T:0x4ed99] [DisplayControl] monitor display_info_model_name = VG2458
2025/10/14 08:20:22.701 [T:0x4ed99] [DisplayControl] monitor video_port_model_name = VG2458
2025/10/14 08:20:22.701 [T:0x4ed99] [DisplayControl] monitor display_info_sn = YDJ243400006
2025/10/14 08:20:22.701 [T:0x4ed99] [DisplayControl] monitor video_port_sn = YDJ243400006
2025/10/14 08:20:22.701 [T:0x4ed99] [DisplayControl] model_name_match = 1
2025/10/14 08:20:22.701 [T:0x4ed99] [DisplayControl] sn_match = 1
2025/10/14 08:20:22.701 [T:0x4ed99] [DisplayControl] video_port is_match = 1
2025/10/14 08:20:22.701 [T:0x4ed99] [DisplayControl] index of display_info_vec = 1
2025/10/14 08:20:22.701 [T:0x4ed99] [DisplayControl] index of p_lpo_display_info_video_port = 0
2025/10/14 08:20:22.701 [T:0x4ed99] [DisplayControl] VideoPortMatchingRule
2025/10/14 08:20:22.701 [T:0x4ed99] [DisplayControl] monitor display_info_model_name = VG275
2025/10/14 08:20:22.701 [T:0x4ed99] [DisplayControl] monitor video_port_model_name = VG2458
2025/10/14 08:20:22.701 [T:0x4ed99] [DisplayControl] monitor display_info_sn = XF6232400003
2025/10/14 08:20:22.701 [T:0x4ed99] [DisplayControl] monitor video_port_sn = YDJ243400006
2025/10/14 08:20:22.701 [T:0x4ed99] [DisplayControl] model_name_match = 0
2025/10/14 08:20:22.701 [T:0x4ed99] [DisplayControl] sn_match = 0
2025/10/14 08:20:22.701 [T:0x4ed99] [DisplayControl] video_port is_match = 0
2025/10/14 08:20:22.701 [T:0x4ed99] [DisplayControl] index of display_info_vec = 1
2025/10/14 08:20:22.701 [T:0x4ed99] [DisplayControl] index of p_lpo_display_info_video_port = 1
2025/10/14 08:20:22.701 [T:0x4ed99] [DisplayControl] VideoPortMatchingRule
2025/10/14 08:20:22.701 [T:0x4ed99] [DisplayControl] monitor display_info_model_name = VG275
2025/10/14 08:20:22.702 [T:0x4ed99] [DisplayControl] monitor video_port_model_name = VG275
2025/10/14 08:20:22.702 [T:0x4ed99] [DisplayControl] monitor display_info_sn = XF6232400003
2025/10/14 08:20:22.702 [T:0x4ed99] [DisplayControl] monitor video_port_sn = XF6232400003
2025/10/14 08:20:22.702 [T:0x4ed99] [DisplayControl] model_name_match = 1
2025/10/14 08:20:22.702 [T:0x4ed99] [DisplayControl] sn_match = 1
2025/10/14 08:20:22.702 [T:0x4ed99] [DisplayControl] video_port is_match = 1
2025/10/14 08:20:22.702 [T:0x4ed99] [DisplayControl] i = 0
2025/10/14 08:20:22.702 [T:0x4ed99] [DisplayControl] Enter OperationThread::OperationThread()
2025/10/14 08:20:22.702 [T:0x4ed99] [DisplayControl] Enter OperationThread::CreateThread
2025/10/14 08:20:22.702 [T:0x4ed99] [DisplayControl] new DisplayFunctioner
2025/10/14 08:20:22.702 [T:0x4ed99] [DisplayControl] insert displayer_vector
2025/10/14 08:20:22.702 [T:0x4ed99] [DisplayControl] insert modelName_SN_to_Display_map
2025/10/14 08:20:22.702 [T:0x4ed99] [DisplayControl] insert device_id_to_Displayer_map_
2025/10/14 08:20:22.702 [T:0x4ed99] [DisplayControl] i = 1
2025/10/14 08:20:22.702 [T:0x4ed99] [DisplayControl] Enter OperationThread::OperationThread()
2025/10/14 08:20:22.702 [T:0x4ed99] [DisplayControl] Enter OperationThread::CreateThread
2025/10/14 08:20:22.702 [T:0x4ed99] [DisplayControl] new DisplayFunctioner
2025/10/14 08:20:22.702 [T:0x4ed99] [DisplayControl] insert displayer_vector
2025/10/14 08:20:22.702 [T:0x4ed99] [DisplayControl] insert modelName_SN_to_Display_map
2025/10/14 08:20:22.702 [T:0x4ed99] [DisplayControl] insert device_id_to_Displayer_map_
2025/10/14 08:20:22.702 [T:0x4ed99] [DisplayControl] monitor size = 2
2025/10/14 08:20:22.702 [T:0x4ed99] [DisplayControl] Exit ObtainControlHandler
2025/10/14 08:22:19.349 [T:0x4ed99] [DisplayControl] Enter OperationThread::ExitThread
2025/10/14 08:22:19.349 [T:0x4ed99] [DisplayControl] Exit OperationThread::ExitThread
2025/10/14 08:22:19.349 [T:0x4ed99] [DisplayControl] Enter OperationThread::~OperationThread()
2025/10/14 08:22:19.349 [T:0x4ed99] [DisplayControl] Enter OperationThread::ExitThread
2025/10/14 08:22:19.349 [T:0x4ed99] [DisplayControl] Enter OperationThread::ExitThread
2025/10/14 08:22:19.349 [T:0x4ed99] [DisplayControl] Exit OperationThread::ExitThread
2025/10/14 08:22:19.349 [T:0x4ed99] [DisplayControl] Enter OperationThread::~OperationThread()
2025/10/14 08:22:19.349 [T:0x4ed99] [DisplayControl] Enter OperationThread::ExitThread
2025/10/14 08:22:19.374 [T:0x4ed99] [DbgStr] After calling display_control_client_listener_video_port_.UpdateAllDisplayPath()
2025/10/14 08:22:19.394 [T:0x4ed99] [DbgStr] After calling display_control_client_listener_.GetAllDisplayEDID()
2025/10/14 08:22:19.398 [T:0x4ed99] [DisplayControl] Version = 3.0.6.0
2025/10/14 08:22:19.398 [T:0x4ed99] [DisplayControl] Enter ObtainControlHandler1
2025/10/14 08:22:19.398 [T:0x4ed99] [DisplayControl] GetVideoPortCommander
2025/10/14 08:22:19.398 [T:0x4ed99] [DisplayControl] GetUSBHubCommander
2025/10/14 08:22:19.398 [T:0x4ed99] ====== List p_lpo_display_info_video_port, # of devices is ======2
2025/10/14 08:22:19.398 [T:0x4ed99] [DisplayControl] index of p_lpo_display_info_video_port0
2025/10/14 08:22:19.398 [T:0x4ed99] [DisplayControl] Model name from VideoPort = VG2458
2025/10/14 08:22:19.398 [T:0x4ed99] [DisplayControl] SN from VideoPort = YDJ243400006
2025/10/14 08:22:19.398 [T:0x4ed99] [DisplayControl] index of p_lpo_display_info_video_port1
2025/10/14 08:22:19.398 [T:0x4ed99] [DisplayControl] Model name from VideoPort = VG275
2025/10/14 08:22:19.398 [T:0x4ed99] [DisplayControl] SN from VideoPort = XF6232400003
2025/10/14 08:22:19.398 [T:0x4ed99] ====== List p_lpo_display_info_rtd_scalar_rts_hub, # of devices is ======0
2025/10/14 08:22:19.398 [T:0x4ed99] [DisplayControl] GetVSRtkHubControlClientListener
2025/10/14 08:22:19.398 [T:0x4ed99] [DisplayControl] max monitor count = 2
2025/10/14 08:22:19.398 [T:0x4ed99] [DisplayControl] index of display_info_vec = 0
2025/10/14 08:22:19.398 [T:0x4ed99] [DisplayControl] index of p_lpo_display_info_video_port = 0
2025/10/14 08:22:19.398 [T:0x4ed99] [DisplayControl] VideoPortMatchingRule
2025/10/14 08:22:19.398 [T:0x4ed99] [DisplayControl] monitor display_info_model_name = VG2458
2025/10/14 08:22:19.398 [T:0x4ed99] [DisplayControl] monitor video_port_model_name = VG2458
2025/10/14 08:22:19.398 [T:0x4ed99] [DisplayControl] monitor display_info_sn = YDJ243400006
2025/10/14 08:22:19.399 [T:0x4ed99] [DisplayControl] monitor video_port_sn = YDJ243400006
2025/10/14 08:22:19.399 [T:0x4ed99] [DisplayControl] model_name_match = 1
2025/10/14 08:22:19.399 [T:0x4ed99] [DisplayControl] sn_match = 1
2025/10/14 08:22:19.399 [T:0x4ed99] [DisplayControl] video_port is_match = 1
2025/10/14 08:22:19.399 [T:0x4ed99] [DisplayControl] index of display_info_vec = 1
2025/10/14 08:22:19.399 [T:0x4ed99] [DisplayControl] index of p_lpo_display_info_video_port = 0
2025/10/14 08:22:19.399 [T:0x4ed99] [DisplayControl] VideoPortMatchingRule
2025/10/14 08:22:19.399 [T:0x4ed99] [DisplayControl] monitor display_info_model_name = VG275
2025/10/14 08:22:19.399 [T:0x4ed99] [DisplayControl] monitor video_port_model_name = VG2458
2025/10/14 08:22:19.399 [T:0x4ed99] [DisplayControl] monitor display_info_sn = XF6232400003
2025/10/14 08:22:19.399 [T:0x4ed99] [DisplayControl] monitor video_port_sn = YDJ243400006
2025/10/14 08:22:19.399 [T:0x4ed99] [DisplayControl] model_name_match = 0
2025/10/14 08:22:19.399 [T:0x4ed99] [DisplayControl] sn_match = 0
2025/10/14 08:22:19.399 [T:0x4ed99] [DisplayControl] video_port is_match = 0
2025/10/14 08:22:19.399 [T:0x4ed99] [DisplayControl] index of display_info_vec = 1
2025/10/14 08:22:19.399 [T:0x4ed99] [DisplayControl] index of p_lpo_display_info_video_port = 1
2025/10/14 08:22:19.399 [T:0x4ed99] [DisplayControl] VideoPortMatchingRule
2025/10/14 08:22:19.399 [T:0x4ed99] [DisplayControl] monitor display_info_model_name = VG275
2025/10/14 08:22:19.399 [T:0x4ed99] [DisplayControl] monitor video_port_model_name = VG275
2025/10/14 08:22:19.399 [T:0x4ed99] [DisplayControl] monitor display_info_sn = XF6232400003
2025/10/14 08:22:19.399 [T:0x4ed99] [DisplayControl] monitor video_port_sn = XF6232400003
2025/10/14 08:22:19.399 [T:0x4ed99] [DisplayControl] model_name_match = 1
2025/10/14 08:22:19.399 [T:0x4ed99] [DisplayControl] sn_match = 1
2025/10/14 08:22:19.399 [T:0x4ed99] [DisplayControl] video_port is_match = 1
2025/10/14 08:22:19.399 [T:0x4ed99] [DisplayControl] i = 0
2025/10/14 08:22:19.399 [T:0x4ed99] [DisplayControl] Enter OperationThread::OperationThread()
2025/10/14 08:22:19.399 [T:0x4ed99] [DisplayControl] Enter OperationThread::CreateThread
2025/10/14 08:22:19.400 [T:0x4ed99] [DisplayControl] new DisplayFunctioner
2025/10/14 08:22:19.400 [T:0x4ed99] [DisplayControl] insert displayer_vector
2025/10/14 08:22:19.400 [T:0x4ed99] [DisplayControl] insert modelName_SN_to_Display_map
2025/10/14 08:22:19.400 [T:0x4ed99] [DisplayControl] insert device_id_to_Displayer_map_
2025/10/14 08:22:19.400 [T:0x4ed99] [DisplayControl] i = 1
2025/10/14 08:22:19.400 [T:0x4ed99] [DisplayControl] Enter OperationThread::OperationThread()
2025/10/14 08:22:19.400 [T:0x4ed99] [DisplayControl] Enter OperationThread::CreateThread
2025/10/14 08:22:19.400 [T:0x4ed99] [DisplayControl] new DisplayFunctioner
2025/10/14 08:22:19.400 [T:0x4ed99] [DisplayControl] insert displayer_vector
2025/10/14 08:22:19.400 [T:0x4ed99] [DisplayControl] insert modelName_SN_to_Display_map
2025/10/14 08:22:19.400 [T:0x4ed99] [DisplayControl] insert device_id_to_Displayer_map_
2025/10/14 08:22:19.400 [T:0x4ed99] [DisplayControl] monitor size = 2
2025/10/14 08:22:19.400 [T:0x4ed99] [DisplayControl] Exit ObtainControlHandler
2025/10/14 08:24:05.191 [T:0x4ed99] [DisplayControl] Enter OperationThread::ExitThread
2025/10/14 08:24:05.191 [T:0x4ed99] [DisplayControl] Exit OperationThread::ExitThread
2025/10/14 08:24:05.191 [T:0x4ed99] [DisplayControl] Enter OperationThread::~OperationThread()
2025/10/14 08:24:05.191 [T:0x4ed99] [DisplayControl] Enter OperationThread::ExitThread
2025/10/14 08:24:05.191 [T:0x4ed99] [DisplayControl] Enter OperationThread::ExitThread
2025/10/14 08:24:05.191 [T:0x4ed99] [DisplayControl] Exit OperationThread::ExitThread
2025/10/14 08:24:05.191 [T:0x4ed99] [DisplayControl] Enter OperationThread::~OperationThread()
2025/10/14 08:24:05.191 [T:0x4ed99] [DisplayControl] Enter OperationThread::ExitThread
2025/10/14 08:24:05.214 [T:0x4ed99] [DbgStr] After calling display_control_client_listener_video_port_.UpdateAllDisplayPath()
2025/10/14 08:24:05.232 [T:0x4ed99] [DbgStr] After calling display_control_client_listener_.GetAllDisplayEDID()
2025/10/14 08:24:05.234 [T:0x4ed99] [DisplayControl] Version = 3.0.6.0
2025/10/14 08:24:05.234 [T:0x4ed99] [DisplayControl] Enter ObtainControlHandler1
2025/10/14 08:24:05.234 [T:0x4ed99] [DisplayControl] GetVideoPortCommander
2025/10/14 08:24:05.234 [T:0x4ed99] [DisplayControl] GetUSBHubCommander
2025/10/14 08:24:05.234 [T:0x4ed99] ====== List p_lpo_display_info_video_port, # of devices is ======2
2025/10/14 08:24:05.234 [T:0x4ed99] [DisplayControl] index of p_lpo_display_info_video_port0
2025/10/14 08:24:05.234 [T:0x4ed99] [DisplayControl] Model name from VideoPort = VG2458
2025/10/14 08:24:05.234 [T:0x4ed99] [DisplayControl] SN from VideoPort = YDJ243400006
2025/10/14 08:24:05.234 [T:0x4ed99] [DisplayControl] index of p_lpo_display_info_video_port1
2025/10/14 08:24:05.234 [T:0x4ed99] [DisplayControl] Model name from VideoPort = VG275
2025/10/14 08:24:05.234 [T:0x4ed99] [DisplayControl] SN from VideoPort = XF6232400003
2025/10/14 08:24:05.234 [T:0x4ed99] ====== List p_lpo_display_info_rtd_scalar_rts_hub, # of devices is ======0
2025/10/14 08:24:05.234 [T:0x4ed99] [DisplayControl] GetVSRtkHubControlClientListener
2025/10/14 08:24:05.234 [T:0x4ed99] [DisplayControl] max monitor count = 2
2025/10/14 08:24:05.234 [T:0x4ed99] [DisplayControl] index of display_info_vec = 0
2025/10/14 08:24:05.234 [T:0x4ed99] [DisplayControl] index of p_lpo_display_info_video_port = 0
2025/10/14 08:24:05.234 [T:0x4ed99] [DisplayControl] VideoPortMatchingRule
2025/10/14 08:24:05.234 [T:0x4ed99] [DisplayControl] monitor display_info_model_name = VG2458
2025/10/14 08:24:05.234 [T:0x4ed99] [DisplayControl] monitor video_port_model_name = VG2458
2025/10/14 08:24:05.234 [T:0x4ed99] [DisplayControl] monitor display_info_sn = YDJ243400006
2025/10/14 08:24:05.234 [T:0x4ed99] [DisplayControl] monitor video_port_sn = YDJ243400006
2025/10/14 08:24:05.234 [T:0x4ed99] [DisplayControl] model_name_match = 1
2025/10/14 08:24:05.234 [T:0x4ed99] [DisplayControl] sn_match = 1
2025/10/14 08:24:05.234 [T:0x4ed99] [DisplayControl] video_port is_match = 1
2025/10/14 08:24:05.235 [T:0x4ed99] [DisplayControl] index of display_info_vec = 1
2025/10/14 08:24:05.235 [T:0x4ed99] [DisplayControl] index of p_lpo_display_info_video_port = 0
2025/10/14 08:24:05.235 [T:0x4ed99] [DisplayControl] VideoPortMatchingRule
2025/10/14 08:24:05.235 [T:0x4ed99] [DisplayControl] monitor display_info_model_name = VG275
2025/10/14 08:24:05.235 [T:0x4ed99] [DisplayControl] monitor video_port_model_name = VG2458
2025/10/14 08:24:05.235 [T:0x4ed99] [DisplayControl] monitor display_info_sn = XF6232400003
2025/10/14 08:24:05.235 [T:0x4ed99] [DisplayControl] monitor video_port_sn = YDJ243400006
2025/10/14 08:24:05.235 [T:0x4ed99] [DisplayControl] model_name_match = 0
2025/10/14 08:24:05.235 [T:0x4ed99] [DisplayControl] sn_match = 0
2025/10/14 08:24:05.235 [T:0x4ed99] [DisplayControl] video_port is_match = 0
2025/10/14 08:24:05.235 [T:0x4ed99] [DisplayControl] index of display_info_vec = 1
2025/10/14 08:24:05.235 [T:0x4ed99] [DisplayControl] index of p_lpo_display_info_video_port = 1
2025/10/14 08:24:05.235 [T:0x4ed99] [DisplayControl] VideoPortMatchingRule
2025/10/14 08:24:05.235 [T:0x4ed99] [DisplayControl] monitor display_info_model_name = VG275
2025/10/14 08:24:05.235 [T:0x4ed99] [DisplayControl] monitor video_port_model_name = VG275
2025/10/14 08:24:05.235 [T:0x4ed99] [DisplayControl] monitor display_info_sn = XF6232400003
2025/10/14 08:24:05.235 [T:0x4ed99] [DisplayControl] monitor video_port_sn = XF6232400003
2025/10/14 08:24:05.235 [T:0x4ed99] [DisplayControl] model_name_match = 1
2025/10/14 08:24:05.235 [T:0x4ed99] [DisplayControl] sn_match = 1
2025/10/14 08:24:05.235 [T:0x4ed99] [DisplayControl] video_port is_match = 1
2025/10/14 08:24:05.235 [T:0x4ed99] [DisplayControl] i = 0
2025/10/14 08:24:05.235 [T:0x4ed99] [DisplayControl] Enter OperationThread::OperationThread()
2025/10/14 08:24:05.235 [T:0x4ed99] [DisplayControl] Enter OperationThread::CreateThread
2025/10/14 08:24:05.235 [T:0x4ed99] [DisplayControl] new DisplayFunctioner
2025/10/14 08:24:05.235 [T:0x4ed99] [DisplayControl] insert displayer_vector
2025/10/14 08:24:05.235 [T:0x4ed99] [DisplayControl] insert modelName_SN_to_Display_map
2025/10/14 08:24:05.236 [T:0x4ed99] [DisplayControl] insert device_id_to_Displayer_map_
2025/10/14 08:24:05.236 [T:0x4ed99] [DisplayControl] i = 1
2025/10/14 08:24:05.236 [T:0x4ed99] [DisplayControl] Enter OperationThread::OperationThread()
2025/10/14 08:24:05.236 [T:0x4ed99] [DisplayControl] Enter OperationThread::CreateThread
2025/10/14 08:24:05.236 [T:0x4ed99] [DisplayControl] new DisplayFunctioner
2025/10/14 08:24:05.236 [T:0x4ed99] [DisplayControl] insert displayer_vector
2025/10/14 08:24:05.236 [T:0x4ed99] [DisplayControl] insert modelName_SN_to_Display_map
2025/10/14 08:24:05.236 [T:0x4ed99] [DisplayControl] insert device_id_to_Displayer_map_
2025/10/14 08:24:05.236 [T:0x4ed99] [DisplayControl] monitor size = 2
2025/10/14 08:24:05.236 [T:0x4ed99] [DisplayControl] Exit ObtainControlHandler
2025/10/14 08:26:02.278 [T:0x4ed99] [DisplayControl] Enter OperationThread::ExitThread
2025/10/14 08:26:02.278 [T:0x4ed99] [DisplayControl] Exit OperationThread::ExitThread
2025/10/14 08:26:02.279 [T:0x4ed99] [DisplayControl] Enter OperationThread::~OperationThread()
2025/10/14 08:26:02.279 [T:0x4ed99] [DisplayControl] Enter OperationThread::ExitThread
2025/10/14 08:26:02.279 [T:0x4ed99] [DisplayControl] Enter OperationThread::ExitThread
2025/10/14 08:26:02.279 [T:0x4ed99] [DisplayControl] Exit OperationThread::ExitThread
2025/10/14 08:26:02.279 [T:0x4ed99] [DisplayControl] Enter OperationThread::~OperationThread()
2025/10/14 08:26:02.279 [T:0x4ed99] [DisplayControl] Enter OperationThread::ExitThread
2025/10/14 08:26:02.304 [T:0x4ed99] [DbgStr] After calling display_control_client_listener_video_port_.UpdateAllDisplayPath()
2025/10/14 08:26:02.325 [T:0x4ed99] [DbgStr] After calling display_control_client_listener_.GetAllDisplayEDID()
2025/10/14 08:26:02.331 [T:0x4ed99] [DisplayControl] Version = 3.0.6.0
2025/10/14 08:26:02.332 [T:0x4ed99] [DisplayControl] Enter ObtainControlHandler1
2025/10/14 08:26:02.332 [T:0x4ed99] [DisplayControl] GetVideoPortCommander
2025/10/14 08:26:02.332 [T:0x4ed99] [DisplayControl] GetUSBHubCommander
2025/10/14 08:26:02.332 [T:0x4ed99] ====== List p_lpo_display_info_video_port, # of devices is ======2
2025/10/14 08:26:02.332 [T:0x4ed99] [DisplayControl] index of p_lpo_display_info_video_port0
2025/10/14 08:26:02.332 [T:0x4ed99] [DisplayControl] Model name from VideoPort = VG2458
2025/10/14 08:26:02.332 [T:0x4ed99] [DisplayControl] SN from VideoPort = YDJ243400006
2025/10/14 08:26:02.332 [T:0x4ed99] [DisplayControl] index of p_lpo_display_info_video_port1
2025/10/14 08:26:02.332 [T:0x4ed99] [DisplayControl] Model name from VideoPort = VG275
2025/10/14 08:26:02.332 [T:0x4ed99] [DisplayControl] SN from VideoPort = XF6232400003
2025/10/14 08:26:02.332 [T:0x4ed99] ====== List p_lpo_display_info_rtd_scalar_rts_hub, # of devices is ======0
2025/10/14 08:26:02.332 [T:0x4ed99] [DisplayControl] GetVSRtkHubControlClientListener
2025/10/14 08:26:02.332 [T:0x4ed99] [DisplayControl] max monitor count = 2
2025/10/14 08:26:02.332 [T:0x4ed99] [DisplayControl] index of display_info_vec = 0
2025/10/14 08:26:02.332 [T:0x4ed99] [DisplayControl] index of p_lpo_display_info_video_port = 0
2025/10/14 08:26:02.332 [T:0x4ed99] [DisplayControl] VideoPortMatchingRule
2025/10/14 08:26:02.332 [T:0x4ed99] [DisplayControl] monitor display_info_model_name = VG2458
2025/10/14 08:26:02.332 [T:0x4ed99] [DisplayControl] monitor video_port_model_name = VG2458
2025/10/14 08:26:02.332 [T:0x4ed99] [DisplayControl] monitor display_info_sn = YDJ243400006
2025/10/14 08:26:02.332 [T:0x4ed99] [DisplayControl] monitor video_port_sn = YDJ243400006
2025/10/14 08:26:02.332 [T:0x4ed99] [DisplayControl] model_name_match = 1
2025/10/14 08:26:02.332 [T:0x4ed99] [DisplayControl] sn_match = 1
2025/10/14 08:26:02.332 [T:0x4ed99] [DisplayControl] video_port is_match = 1
2025/10/14 08:26:02.332 [T:0x4ed99] [DisplayControl] index of display_info_vec = 1
2025/10/14 08:26:02.332 [T:0x4ed99] [DisplayControl] index of p_lpo_display_info_video_port = 0
2025/10/14 08:26:02.333 [T:0x4ed99] [DisplayControl] VideoPortMatchingRule
2025/10/14 08:26:02.333 [T:0x4ed99] [DisplayControl] monitor display_info_model_name = VG275
2025/10/14 08:26:02.333 [T:0x4ed99] [DisplayControl] monitor video_port_model_name = VG2458
2025/10/14 08:26:02.333 [T:0x4ed99] [DisplayControl] monitor display_info_sn = XF6232400003
2025/10/14 08:26:02.333 [T:0x4ed99] [DisplayControl] monitor video_port_sn = YDJ243400006
2025/10/14 08:26:02.333 [T:0x4ed99] [DisplayControl] model_name_match = 0
2025/10/14 08:26:02.333 [T:0x4ed99] [DisplayControl] sn_match = 0
2025/10/14 08:26:02.333 [T:0x4ed99] [DisplayControl] video_port is_match = 0
2025/10/14 08:26:02.333 [T:0x4ed99] [DisplayControl] index of display_info_vec = 1
2025/10/14 08:26:02.333 [T:0x4ed99] [DisplayControl] index of p_lpo_display_info_video_port = 1
2025/10/14 08:26:02.333 [T:0x4ed99] [DisplayControl] VideoPortMatchingRule
2025/10/14 08:26:02.333 [T:0x4ed99] [DisplayControl] monitor display_info_model_name = VG275
2025/10/14 08:26:02.333 [T:0x4ed99] [DisplayControl] monitor video_port_model_name = VG275
2025/10/14 08:26:02.333 [T:0x4ed99] [DisplayControl] monitor display_info_sn = XF6232400003
2025/10/14 08:26:02.333 [T:0x4ed99] [DisplayControl] monitor video_port_sn = XF6232400003
2025/10/14 08:26:02.333 [T:0x4ed99] [DisplayControl] model_name_match = 1
2025/10/14 08:26:02.333 [T:0x4ed99] [DisplayControl] sn_match = 1
2025/10/14 08:26:02.333 [T:0x4ed99] [DisplayControl] video_port is_match = 1
2025/10/14 08:26:02.333 [T:0x4ed99] [DisplayControl] i = 0
2025/10/14 08:26:02.333 [T:0x4ed99] [DisplayControl] Enter OperationThread::OperationThread()
2025/10/14 08:26:02.333 [T:0x4ed99] [DisplayControl] Enter OperationThread::CreateThread
2025/10/14 08:26:02.333 [T:0x4ed99] [DisplayControl] new DisplayFunctioner
2025/10/14 08:26:02.333 [T:0x4ed99] [DisplayControl] insert displayer_vector
2025/10/14 08:26:02.333 [T:0x4ed99] [DisplayControl] insert modelName_SN_to_Display_map
2025/10/14 08:26:02.333 [T:0x4ed99] [DisplayControl] insert device_id_to_Displayer_map_
2025/10/14 08:26:02.333 [T:0x4ed99] [DisplayControl] i = 1
2025/10/14 08:26:02.334 [T:0x4ed99] [DisplayControl] Enter OperationThread::OperationThread()
2025/10/14 08:26:02.334 [T:0x4ed99] [DisplayControl] Enter OperationThread::CreateThread
2025/10/14 08:26:02.334 [T:0x4ed99] [DisplayControl] new DisplayFunctioner
2025/10/14 08:26:02.334 [T:0x4ed99] [DisplayControl] insert displayer_vector
2025/10/14 08:26:02.334 [T:0x4ed99] [DisplayControl] insert modelName_SN_to_Display_map
2025/10/14 08:26:02.334 [T:0x4ed99] [DisplayControl] insert device_id_to_Displayer_map_
2025/10/14 08:26:02.334 [T:0x4ed99] [DisplayControl] monitor size = 2
2025/10/14 08:26:02.334 [T:0x4ed99] [DisplayControl] Exit ObtainControlHandler
2025/10/14 08:27:59.458 [T:0x4ed99] [DisplayControl] Enter OperationThread::ExitThread
2025/10/14 08:27:59.458 [T:0x4ed99] [DisplayControl] Exit OperationThread::ExitThread
2025/10/14 08:27:59.458 [T:0x4ed99] [DisplayControl] Enter OperationThread::~OperationThread()
2025/10/14 08:27:59.458 [T:0x4ed99] [DisplayControl] Enter OperationThread::ExitThread
2025/10/14 08:27:59.459 [T:0x4ed99] [DisplayControl] Enter OperationThread::ExitThread
2025/10/14 08:27:59.459 [T:0x4ed99] [DisplayControl] Exit OperationThread::ExitThread
2025/10/14 08:27:59.459 [T:0x4ed99] [DisplayControl] Enter OperationThread::~OperationThread()
2025/10/14 08:27:59.459 [T:0x4ed99] [DisplayControl] Enter OperationThread::ExitThread
2025/10/14 08:27:59.484 [T:0x4ed99] [DbgStr] After calling display_control_client_listener_video_port_.UpdateAllDisplayPath()
2025/10/14 08:27:59.504 [T:0x4ed99] [DbgStr] After calling display_control_client_listener_.GetAllDisplayEDID()
2025/10/14 08:27:59.510 [T:0x4ed99] [DisplayControl] Version = 3.0.6.0
2025/10/14 08:27:59.510 [T:0x4ed99] [DisplayControl] Enter ObtainControlHandler1
2025/10/14 08:27:59.510 [T:0x4ed99] [DisplayControl] GetVideoPortCommander
2025/10/14 08:27:59.510 [T:0x4ed99] [DisplayControl] GetUSBHubCommander
2025/10/14 08:27:59.510 [T:0x4ed99] ====== List p_lpo_display_info_video_port, # of devices is ======2
2025/10/14 08:27:59.510 [T:0x4ed99] [DisplayControl] index of p_lpo_display_info_video_port0
2025/10/14 08:27:59.510 [T:0x4ed99] [DisplayControl] Model name from VideoPort = VG2458
2025/10/14 08:27:59.510 [T:0x4ed99] [DisplayControl] SN from VideoPort = YDJ243400006
2025/10/14 08:27:59.510 [T:0x4ed99] [DisplayControl] index of p_lpo_display_info_video_port1
2025/10/14 08:27:59.511 [T:0x4ed99] [DisplayControl] Model name from VideoPort = VG275
2025/10/14 08:27:59.511 [T:0x4ed99] [DisplayControl] SN from VideoPort = XF6232400003
2025/10/14 08:27:59.511 [T:0x4ed99] ====== List p_lpo_display_info_rtd_scalar_rts_hub, # of devices is ======0
2025/10/14 08:27:59.511 [T:0x4ed99] [DisplayControl] GetVSRtkHubControlClientListener
2025/10/14 08:27:59.511 [T:0x4ed99] [DisplayControl] max monitor count = 2
2025/10/14 08:27:59.511 [T:0x4ed99] [DisplayControl] index of display_info_vec = 0
2025/10/14 08:27:59.511 [T:0x4ed99] [DisplayControl] index of p_lpo_display_info_video_port = 0
2025/10/14 08:27:59.511 [T:0x4ed99] [DisplayControl] VideoPortMatchingRule
2025/10/14 08:27:59.511 [T:0x4ed99] [DisplayControl] monitor display_info_model_name = VG2458
2025/10/14 08:27:59.511 [T:0x4ed99] [DisplayControl] monitor video_port_model_name = VG2458
2025/10/14 08:27:59.511 [T:0x4ed99] [DisplayControl] monitor display_info_sn = YDJ243400006
2025/10/14 08:27:59.511 [T:0x4ed99] [DisplayControl] monitor video_port_sn = YDJ243400006
2025/10/14 08:27:59.511 [T:0x4ed99] [DisplayControl] model_name_match = 1
2025/10/14 08:27:59.511 [T:0x4ed99] [DisplayControl] sn_match = 1
2025/10/14 08:27:59.511 [T:0x4ed99] [DisplayControl] video_port is_match = 1
2025/10/14 08:27:59.511 [T:0x4ed99] [DisplayControl] index of display_info_vec = 1
2025/10/14 08:27:59.511 [T:0x4ed99] [DisplayControl] index of p_lpo_display_info_video_port = 0
2025/10/14 08:27:59.511 [T:0x4ed99] [DisplayControl] VideoPortMatchingRule
2025/10/14 08:27:59.511 [T:0x4ed99] [DisplayControl] monitor display_info_model_name = VG275
2025/10/14 08:27:59.511 [T:0x4ed99] [DisplayControl] monitor video_port_model_name = VG2458
2025/10/14 08:27:59.511 [T:0x4ed99] [DisplayControl] monitor display_info_sn = XF6232400003
2025/10/14 08:27:59.511 [T:0x4ed99] [DisplayControl] monitor video_port_sn = YDJ243400006
2025/10/14 08:27:59.511 [T:0x4ed99] [DisplayControl] model_name_match = 0
2025/10/14 08:27:59.511 [T:0x4ed99] [DisplayControl] sn_match = 0
2025/10/14 08:27:59.511 [T:0x4ed99] [DisplayControl] video_port is_match = 0
2025/10/14 08:27:59.511 [T:0x4ed99] [DisplayControl] index of display_info_vec = 1
2025/10/14 08:27:59.511 [T:0x4ed99] [DisplayControl] index of p_lpo_display_info_video_port = 1
2025/10/14 08:27:59.511 [T:0x4ed99] [DisplayControl] VideoPortMatchingRule
2025/10/14 08:27:59.512 [T:0x4ed99] [DisplayControl] monitor display_info_model_name = VG275
2025/10/14 08:27:59.512 [T:0x4ed99] [DisplayControl] monitor video_port_model_name = VG275
2025/10/14 08:27:59.512 [T:0x4ed99] [DisplayControl] monitor display_info_sn = XF6232400003
2025/10/14 08:27:59.512 [T:0x4ed99] [DisplayControl] monitor video_port_sn = XF6232400003
2025/10/14 08:27:59.512 [T:0x4ed99] [DisplayControl] model_name_match = 1
2025/10/14 08:27:59.512 [T:0x4ed99] [DisplayControl] sn_match = 1
2025/10/14 08:27:59.512 [T:0x4ed99] [DisplayControl] video_port is_match = 1
2025/10/14 08:27:59.512 [T:0x4ed99] [DisplayControl] i = 0
2025/10/14 08:27:59.512 [T:0x4ed99] [DisplayControl] Enter OperationThread::OperationThread()
2025/10/14 08:27:59.512 [T:0x4ed99] [DisplayControl] Enter OperationThread::CreateThread
2025/10/14 08:27:59.512 [T:0x4ed99] [DisplayControl] new DisplayFunctioner
2025/10/14 08:27:59.512 [T:0x4ed99] [DisplayControl] insert displayer_vector
2025/10/14 08:27:59.512 [T:0x4ed99] [DisplayControl] insert modelName_SN_to_Display_map
2025/10/14 08:27:59.512 [T:0x4ed99] [DisplayControl] insert device_id_to_Displayer_map_
2025/10/14 08:27:59.512 [T:0x4ed99] [DisplayControl] i = 1
2025/10/14 08:27:59.512 [T:0x4ed99] [DisplayControl] Enter OperationThread::OperationThread()
2025/10/14 08:27:59.512 [T:0x4ed99] [DisplayControl] Enter OperationThread::CreateThread
2025/10/14 08:27:59.512 [T:0x4ed99] [DisplayControl] new DisplayFunctioner
2025/10/14 08:27:59.512 [T:0x4ed99] [DisplayControl] insert displayer_vector
2025/10/14 08:27:59.512 [T:0x4ed99] [DisplayControl] insert modelName_SN_to_Display_map
2025/10/14 08:27:59.512 [T:0x4ed99] [DisplayControl] insert device_id_to_Displayer_map_
2025/10/14 08:27:59.512 [T:0x4ed99] [DisplayControl] monitor size = 2
2025/10/14 08:27:59.512 [T:0x4ed99] [DisplayControl] Exit ObtainControlHandler
2025/10/14 08:29:45.272 [T:0x4ed99] [DisplayControl] Enter OperationThread::ExitThread
2025/10/14 08:29:45.272 [T:0x4ed99] [DisplayControl] Exit OperationThread::ExitThread
2025/10/14 08:29:45.272 [T:0x4ed99] [DisplayControl] Enter OperationThread::~OperationThread()
2025/10/14 08:29:45.272 [T:0x4ed99] [DisplayControl] Enter OperationThread::ExitThread
2025/10/14 08:29:45.272 [T:0x4ed99] [DisplayControl] Enter OperationThread::ExitThread
2025/10/14 08:29:45.272 [T:0x4ed99] [DisplayControl] Exit OperationThread::ExitThread
2025/10/14 08:29:45.272 [T:0x4ed99] [DisplayControl] Enter OperationThread::~OperationThread()
2025/10/14 08:29:45.272 [T:0x4ed99] [DisplayControl] Enter OperationThread::ExitThread
2025/10/14 08:29:45.296 [T:0x4ed99] [DbgStr] After calling display_control_client_listener_video_port_.UpdateAllDisplayPath()
2025/10/14 08:29:45.315 [T:0x4ed99] [DbgStr] After calling display_control_client_listener_.GetAllDisplayEDID()
2025/10/14 08:29:45.318 [T:0x4ed99] [DisplayControl] Version = 3.0.6.0
2025/10/14 08:29:45.319 [T:0x4ed99] [DisplayControl] Enter ObtainControlHandler1
2025/10/14 08:29:45.319 [T:0x4ed99] [DisplayControl] GetVideoPortCommander
2025/10/14 08:29:45.319 [T:0x4ed99] [DisplayControl] GetUSBHubCommander
2025/10/14 08:29:45.319 [T:0x4ed99] ====== List p_lpo_display_info_video_port, # of devices is ======2
2025/10/14 08:29:45.319 [T:0x4ed99] [DisplayControl] index of p_lpo_display_info_video_port0
2025/10/14 08:29:45.319 [T:0x4ed99] [DisplayControl] Model name from VideoPort = VG2458
2025/10/14 08:29:45.319 [T:0x4ed99] [DisplayControl] SN from VideoPort = YDJ243400006
2025/10/14 08:29:45.319 [T:0x4ed99] [DisplayControl] index of p_lpo_display_info_video_port1
2025/10/14 08:29:45.319 [T:0x4ed99] [DisplayControl] Model name from VideoPort = VG275
2025/10/14 08:29:45.319 [T:0x4ed99] [DisplayControl] SN from VideoPort = XF6232400003
2025/10/14 08:29:45.319 [T:0x4ed99] ====== List p_lpo_display_info_rtd_scalar_rts_hub, # of devices is ======0
2025/10/14 08:29:45.319 [T:0x4ed99] [DisplayControl] GetVSRtkHubControlClientListener
2025/10/14 08:29:45.319 [T:0x4ed99] [DisplayControl] max monitor count = 2
2025/10/14 08:29:45.319 [T:0x4ed99] [DisplayControl] index of display_info_vec = 0
2025/10/14 08:29:45.319 [T:0x4ed99] [DisplayControl] index of p_lpo_display_info_video_port = 0
2025/10/14 08:29:45.319 [T:0x4ed99] [DisplayControl] VideoPortMatchingRule
2025/10/14 08:29:45.319 [T:0x4ed99] [DisplayControl] monitor display_info_model_name = VG2458
2025/10/14 08:29:45.319 [T:0x4ed99] [DisplayControl] monitor video_port_model_name = VG2458
2025/10/14 08:29:45.319 [T:0x4ed99] [DisplayControl] monitor display_info_sn = YDJ243400006
2025/10/14 08:29:45.319 [T:0x4ed99] [DisplayControl] monitor video_port_sn = YDJ243400006
2025/10/14 08:29:45.319 [T:0x4ed99] [DisplayControl] model_name_match = 1
2025/10/14 08:29:45.319 [T:0x4ed99] [DisplayControl] sn_match = 1
2025/10/14 08:29:45.319 [T:0x4ed99] [DisplayControl] video_port is_match = 1
2025/10/14 08:29:45.319 [T:0x4ed99] [DisplayControl] index of display_info_vec = 1
2025/10/14 08:29:45.319 [T:0x4ed99] [DisplayControl] index of p_lpo_display_info_video_port = 0
2025/10/14 08:29:45.319 [T:0x4ed99] [DisplayControl] VideoPortMatchingRule
2025/10/14 08:29:45.319 [T:0x4ed99] [DisplayControl] monitor display_info_model_name = VG275
2025/10/14 08:29:45.320 [T:0x4ed99] [DisplayControl] monitor video_port_model_name = VG2458
2025/10/14 08:29:45.320 [T:0x4ed99] [DisplayControl] monitor display_info_sn = XF6232400003
2025/10/14 08:29:45.320 [T:0x4ed99] [DisplayControl] monitor video_port_sn = YDJ243400006
2025/10/14 08:29:45.320 [T:0x4ed99] [DisplayControl] model_name_match = 0
2025/10/14 08:29:45.320 [T:0x4ed99] [DisplayControl] sn_match = 0
2025/10/14 08:29:45.320 [T:0x4ed99] [DisplayControl] video_port is_match = 0
2025/10/14 08:29:45.320 [T:0x4ed99] [DisplayControl] index of display_info_vec = 1
2025/10/14 08:29:45.320 [T:0x4ed99] [DisplayControl] index of p_lpo_display_info_video_port = 1
2025/10/14 08:29:45.320 [T:0x4ed99] [DisplayControl] VideoPortMatchingRule
2025/10/14 08:29:45.320 [T:0x4ed99] [DisplayControl] monitor display_info_model_name = VG275
2025/10/14 08:29:45.320 [T:0x4ed99] [DisplayControl] monitor video_port_model_name = VG275
2025/10/14 08:29:45.320 [T:0x4ed99] [DisplayControl] monitor display_info_sn = XF6232400003
2025/10/14 08:29:45.320 [T:0x4ed99] [DisplayControl] monitor video_port_sn = XF6232400003
2025/10/14 08:29:45.320 [T:0x4ed99] [DisplayControl] model_name_match = 1
2025/10/14 08:29:45.320 [T:0x4ed99] [DisplayControl] sn_match = 1
2025/10/14 08:29:45.320 [T:0x4ed99] [DisplayControl] video_port is_match = 1
2025/10/14 08:29:45.320 [T:0x4ed99] [DisplayControl] i = 0
2025/10/14 08:29:45.320 [T:0x4ed99] [DisplayControl] Enter OperationThread::OperationThread()
2025/10/14 08:29:45.320 [T:0x4ed99] [DisplayControl] Enter OperationThread::CreateThread
2025/10/14 08:29:45.320 [T:0x4ed99] [DisplayControl] new DisplayFunctioner
2025/10/14 08:29:45.320 [T:0x4ed99] [DisplayControl] insert displayer_vector
2025/10/14 08:29:45.320 [T:0x4ed99] [DisplayControl] insert modelName_SN_to_Display_map
2025/10/14 08:29:45.320 [T:0x4ed99] [DisplayControl] insert device_id_to_Displayer_map_
2025/10/14 08:29:45.320 [T:0x4ed99] [DisplayControl] i = 1
2025/10/14 08:29:45.320 [T:0x4ed99] [DisplayControl] Enter OperationThread::OperationThread()
2025/10/14 08:29:45.320 [T:0x4ed99] [DisplayControl] Enter OperationThread::CreateThread
2025/10/14 08:29:45.321 [T:0x4ed99] [DisplayControl] new DisplayFunctioner
2025/10/14 08:29:45.321 [T:0x4ed99] [DisplayControl] insert displayer_vector
2025/10/14 08:29:45.321 [T:0x4ed99] [DisplayControl] insert modelName_SN_to_Display_map
2025/10/14 08:29:45.321 [T:0x4ed99] [DisplayControl] insert device_id_to_Displayer_map_
2025/10/14 08:29:45.321 [T:0x4ed99] [DisplayControl] monitor size = 2
2025/10/14 08:29:45.321 [T:0x4ed99] [DisplayControl] Exit ObtainControlHandler
2025/10/14 08:31:32.860 [T:0x23be8] [DisplayControl] Enter MCCSOtherSet::SetVCP(), vcp code = 16
2025/10/14 08:31:33.078 [T:0x23be8] [DisplayControl] Exit MCCSOtherSet::SetVCP()
2025/10/14 08:33:00.764 [T:0x6d884] [DisplayControl] Enter MCCSOtherSet::SetVCP(), vcp code = 16
2025/10/14 08:33:00.980 [T:0x6d884] [DisplayControl] Exit MCCSOtherSet::SetVCP()
2025/10/14 08:34:26.696 [T:0x5bb26] [DisplayControl] Enter MCCSOtherSet::SetVCP(), vcp code = 18
2025/10/14 08:34:26.894 [T:0x5bb26] [DisplayControl] Exit MCCSOtherSet::SetVCP()
2025/10/14 08:35:53.644 [T:0x5b543] [DisplayControl] Enter MCCSOtherSet::SetVCP(), vcp code = 18
2025/10/14 08:35:53.843 [T:0x5b543] [DisplayControl] Exit MCCSOtherSet::SetVCP()
2025/10/14 08:37:20.581 [T:0xf2d60] [DisplayControl] Enter MCCSOtherSet::SetVCP(), vcp code = 135
2025/10/14 08:37:20.781 [T:0xf2d60] [DisplayControl] Exit MCCSOtherSet::SetVCP()
2025/10/14 08:38:47.511 [T:0xe8f71] [DisplayControl] Enter MCCSOtherSet::SetVCP(), vcp code = 135
2025/10/14 08:38:47.708 [T:0xe8f71] [DisplayControl] Exit MCCSOtherSet::SetVCP()
2025/10/14 08:40:14.279 [T:0x4ed99] [DisplayControl] Enter MCCSOtherSet::SetVCP(), vcp code = 98
2025/10/14 08:40:14.797 [T:0x4ed99] [DisplayControl] Exit MCCSOtherSet::SetVCP()
2025/10/14 08:40:14.905 [T:0x34657] [DisplayControl] Enter MCCSOtherSet::SetVCP(), vcp code = 98
2025/10/14 08:40:15.104 [T:0x34657] [DisplayControl] Exit MCCSOtherSet::SetVCP()
2025/10/14 08:41:41.244 [T:0x4ed99] [DisplayControl] Enter MCCSOtherSet::SetVCP(), vcp code = 98
2025/10/14 08:41:41.454 [T:0x4ed99] [DisplayControl] Exit MCCSOtherSet::SetVCP()
2025/10/14 08:41:41.568 [T:0x02504] [DisplayControl] Enter MCCSOtherSet::SetVCP(), vcp code = 98
2025/10/14 08:41:41.778 [T:0x02504] [DisplayControl] Exit MCCSOtherSet::SetVCP()
2025/10/14 08:43:11.853 [T:0x9e03f] [DisplayControl] Enter MCCSOtherSet::SetVCP(), vcp code = 220
2025/10/14 08:43:12.833 [T:0x9e03f] [DisplayControl] Exit MCCSOtherSet::SetVCP()
2025/10/14 08:43:18.453 [T:0x9e03f] [DisplayControl] Enter MCCSOtherSet::GetVCP(), vcp code = 18
2025/10/14 08:43:18.534 [T:0x9e03f] [DisplayControl] Exit MCCSOtherSet::GetVCP()
2025/10/14 08:43:19.248 [T:0x9e03f] [DisplayControl] Enter MCCSOtherSet::GetVCP(), vcp code = 16
2025/10/14 08:43:19.330 [T:0x9e03f] [DisplayControl] Exit MCCSOtherSet::GetVCP()
2025/10/14 08:43:20.047 [T:0x9e03f] [DisplayControl] Enter MCCSOtherSet::GetVCP(), vcp code = 135
2025/10/14 08:43:20.129 [T:0x9e03f] [DisplayControl] Exit MCCSOtherSet::GetVCP()
2025/10/14 08:43:20.847 [T:0x9e03f] [DisplayControl] Enter MCCSOtherSet::GetVCP(), vcp code = 20
2025/10/14 08:43:20.928 [T:0x9e03f] [DisplayControl] Exit MCCSOtherSet::GetVCP()
2025/10/14 08:44:55.968 [T:0xd9c03] [DisplayControl] Enter MCCSOtherSet::SetVCP(), vcp code = 220
2025/10/14 08:44:56.948 [T:0xd9c03] [DisplayControl] Exit MCCSOtherSet::SetVCP()
2025/10/14 08:45:02.562 [T:0xd9c03] [DisplayControl] Enter MCCSOtherSet::GetVCP(), vcp code = 18
2025/10/14 08:45:02.644 [T:0xd9c03] [DisplayControl] Exit MCCSOtherSet::GetVCP()
2025/10/14 08:45:03.358 [T:0xd9c03] [DisplayControl] Enter MCCSOtherSet::GetVCP(), vcp code = 16
2025/10/14 08:45:03.439 [T:0xd9c03] [DisplayControl] Exit MCCSOtherSet::GetVCP()
2025/10/14 08:45:04.159 [T:0xd9c03] [DisplayControl] Enter MCCSOtherSet::GetVCP(), vcp code = 135
2025/10/14 08:45:04.240 [T:0xd9c03] [DisplayControl] Exit MCCSOtherSet::GetVCP()
2025/10/14 08:45:04.953 [T:0xd9c03] [DisplayControl] Enter MCCSOtherSet::GetVCP(), vcp code = 20
2025/10/14 08:45:05.035 [T:0xd9c03] [DisplayControl] Exit MCCSOtherSet::GetVCP()
2025/10/14 08:46:39.982 [T:0x49ad8] [DisplayControl] Enter MCCSOtherSet::SetVCP(), vcp code = 220
2025/10/14 08:46:40.974 [T:0x49ad8] [DisplayControl] Exit MCCSOtherSet::SetVCP()
2025/10/14 08:46:46.600 [T:0x49ad8] [DisplayControl] Enter MCCSOtherSet::GetVCP(), vcp code = 18
2025/10/14 08:46:46.683 [T:0x49ad8] [DisplayControl] Exit MCCSOtherSet::GetVCP()
2025/10/14 08:46:47.392 [T:0x49ad8] [DisplayControl] Enter MCCSOtherSet::GetVCP(), vcp code = 16
2025/10/14 08:46:47.474 [T:0x49ad8] [DisplayControl] Exit MCCSOtherSet::GetVCP()
2025/10/14 08:46:48.191 [T:0x49ad8] [DisplayControl] Enter MCCSOtherSet::GetVCP(), vcp code = 135
2025/10/14 08:46:48.271 [T:0x49ad8] [DisplayControl] Exit MCCSOtherSet::GetVCP()
2025/10/14 08:46:48.988 [T:0x49ad8] [DisplayControl] Enter MCCSOtherSet::GetVCP(), vcp code = 20
2025/10/14 08:46:49.068 [T:0x49ad8] [DisplayControl] Exit MCCSOtherSet::GetVCP()
2025/10/14 08:48:24.043 [T:0x55b5c] [DisplayControl] Enter MCCSOtherSet::SetVCP(), vcp code = 220
2025/10/14 08:48:25.003 [T:0x55b5c] [DisplayControl] Exit MCCSOtherSet::SetVCP()
2025/10/14 08:48:30.628 [T:0x55b5c] [DisplayControl] Enter MCCSOtherSet::GetVCP(), vcp code = 18
2025/10/14 08:48:30.710 [T:0x55b5c] [DisplayControl] Exit MCCSOtherSet::GetVCP()
2025/10/14 08:48:31.432 [T:0x55b5c] [DisplayControl] Enter MCCSOtherSet::GetVCP(), vcp code = 16
2025/10/14 08:48:31.513 [T:0x55b5c] [DisplayControl] Exit MCCSOtherSet::GetVCP()
2025/10/14 08:48:32.235 [T:0x55b5c] [DisplayControl] Enter MCCSOtherSet::GetVCP(), vcp code = 135
2025/10/14 08:48:32.316 [T:0x55b5c] [DisplayControl] Exit MCCSOtherSet::GetVCP()
2025/10/14 08:48:33.022 [T:0x55b5c] [DisplayControl] Enter MCCSOtherSet::GetVCP(), vcp code = 20
2025/10/14 08:48:33.103 [T:0x55b5c] [DisplayControl] Exit MCCSOtherSet::GetVCP()
2025/10/14 08:50:08.160 [T:0xa990c] [DisplayControl] Enter MCCSOtherSet::SetVCP(), vcp code = 220
2025/10/14 08:50:09.144 [T:0xa990c] [DisplayControl] Exit MCCSOtherSet::SetVCP()
2025/10/14 08:50:14.765 [T:0xa990c] [DisplayControl] Enter MCCSOtherSet::GetVCP(), vcp code = 18
2025/10/14 08:50:14.845 [T:0xa990c] [DisplayControl] Exit MCCSOtherSet::GetVCP()
2025/10/14 08:50:15.565 [T:0xa990c] [DisplayControl] Enter MCCSOtherSet::GetVCP(), vcp code = 16
2025/10/14 08:50:15.644 [T:0xa990c] [DisplayControl] Exit MCCSOtherSet::GetVCP()
2025/10/14 08:50:16.358 [T:0xa990c] [DisplayControl] Enter MCCSOtherSet::GetVCP(), vcp code = 135
2025/10/14 08:50:16.438 [T:0xa990c] [DisplayControl] Exit MCCSOtherSet::GetVCP()
2025/10/14 08:50:17.156 [T:0xa990c] [DisplayControl] Enter MCCSOtherSet::GetVCP(), vcp code = 20
2025/10/14 08:50:17.238 [T:0xa990c] [DisplayControl] Exit MCCSOtherSet::GetVCP()
2025/10/14 08:51:52.210 [T:0x2465d] [DisplayControl] Enter MCCSOtherSet::SetVCP(), vcp code = 220
2025/10/14 08:51:53.190 [T:0x2465d] [DisplayControl] Exit MCCSOtherSet::SetVCP()
2025/10/14 08:51:58.812 [T:0x2465d] [DisplayControl] Enter MCCSOtherSet::GetVCP(), vcp code = 18
2025/10/14 08:51:58.893 [T:0x2465d] [DisplayControl] Exit MCCSOtherSet::GetVCP()
2025/10/14 08:51:59.613 [T:0x2465d] [DisplayControl] Enter MCCSOtherSet::GetVCP(), vcp code = 16
2025/10/14 08:51:59.693 [T:0x2465d] [DisplayControl] Exit MCCSOtherSet::GetVCP()
2025/10/14 08:52:00.408 [T:0x2465d] [DisplayControl] Enter MCCSOtherSet::GetVCP(), vcp code = 135
2025/10/14 08:52:00.489 [T:0x2465d] [DisplayControl] Exit MCCSOtherSet::GetVCP()
2025/10/14 08:52:01.204 [T:0x2465d] [DisplayControl] Enter MCCSOtherSet::GetVCP(), vcp code = 20
2025/10/14 08:52:01.286 [T:0x2465d] [DisplayControl] Exit MCCSOtherSet::GetVCP()
2025/10/14 08:53:36.324 [T:0xdce5f] [DisplayControl] Enter MCCSOtherSet::SetVCP(), vcp code = 220
2025/10/14 08:53:37.302 [T:0xdce5f] [DisplayControl] Exit MCCSOtherSet::SetVCP()
2025/10/14 08:53:42.916 [T:0xdce5f] [DisplayControl] Enter MCCSOtherSet::GetVCP(), vcp code = 18
2025/10/14 08:53:42.998 [T:0xdce5f] [DisplayControl] Exit MCCSOtherSet::GetVCP()
2025/10/14 08:53:43.715 [T:0xdce5f] [DisplayControl] Enter MCCSOtherSet::GetVCP(), vcp code = 16
2025/10/14 08:53:43.798 [T:0xdce5f] [DisplayControl] Exit MCCSOtherSet::GetVCP()
2025/10/14 08:53:44.518 [T:0xdce5f] [DisplayControl] Enter MCCSOtherSet::GetVCP(), vcp code = 135
2025/10/14 08:53:44.599 [T:0xdce5f] [DisplayControl] Exit MCCSOtherSet::GetVCP()
2025/10/14 08:53:45.308 [T:0xdce5f] [DisplayControl] Enter MCCSOtherSet::GetVCP(), vcp code = 20
2025/10/14 08:53:45.389 [T:0xdce5f] [DisplayControl] Exit MCCSOtherSet::GetVCP()
2025/10/14 08:55:20.356 [T:0xe408a] [DisplayControl] Enter MCCSOtherSet::SetVCP(), vcp code = 220
2025/10/14 08:55:21.323 [T:0xe408a] [DisplayControl] Exit MCCSOtherSet::SetVCP()
2025/10/14 08:55:26.937 [T:0xe408a] [DisplayControl] Enter MCCSOtherSet::GetVCP(), vcp code = 18
2025/10/14 08:55:27.017 [T:0xe408a] [DisplayControl] Exit MCCSOtherSet::GetVCP()
2025/10/14 08:55:27.733 [T:0xe408a] [DisplayControl] Enter MCCSOtherSet::GetVCP(), vcp code = 16
2025/10/14 08:55:27.814 [T:0xe408a] [DisplayControl] Exit MCCSOtherSet::GetVCP()
2025/10/14 08:55:28.531 [T:0xe408a] [DisplayControl] Enter MCCSOtherSet::GetVCP(), vcp code = 135
2025/10/14 08:55:28.614 [T:0xe408a] [DisplayControl] Exit MCCSOtherSet::GetVCP()
2025/10/14 08:55:29.331 [T:0xe408a] [DisplayControl] Enter MCCSOtherSet::GetVCP(), vcp code = 20
2025/10/14 08:55:29.413 [T:0xe408a] [DisplayControl] Exit MCCSOtherSet::GetVCP()
2025/10/14 08:57:04.408 [T:0xddf7a] [DisplayControl] Enter MCCSOtherSet::SetVCP(), vcp code = 220
2025/10/14 08:57:05.391 [T:0xddf7a] [DisplayControl] Exit MCCSOtherSet::SetVCP()
2025/10/14 08:57:11.012 [T:0xddf7a] [DisplayControl] Enter MCCSOtherSet::GetVCP(), vcp code = 18
2025/10/14 08:57:11.094 [T:0xddf7a] [DisplayControl] Exit MCCSOtherSet::GetVCP()
2025/10/14 08:57:11.812 [T:0xddf7a] [DisplayControl] Enter MCCSOtherSet::GetVCP(), vcp code = 16
2025/10/14 08:57:11.894 [T:0xddf7a] [DisplayControl] Exit MCCSOtherSet::GetVCP()
2025/10/14 08:57:12.612 [T:0xddf7a] [DisplayControl] Enter MCCSOtherSet::GetVCP(), vcp code = 135
2025/10/14 08:57:12.694 [T:0xddf7a] [DisplayControl] Exit MCCSOtherSet::GetVCP()
2025/10/14 08:57:13.411 [T:0xddf7a] [DisplayControl] Enter MCCSOtherSet::GetVCP(), vcp code = 20
2025/10/14 08:57:13.494 [T:0xddf7a] [DisplayControl] Exit MCCSOtherSet::GetVCP()
2025/10/14 08:58:48.566 [T:0xee375] [DisplayControl] Enter MCCSOtherSet::SetVCP(), vcp code = 220
2025/10/14 08:58:49.533 [T:0xee375] [DisplayControl] Exit MCCSOtherSet::SetVCP()
2025/10/14 08:58:55.157 [T:0xee375] [DisplayControl] Enter MCCSOtherSet::GetVCP(), vcp code = 18
2025/10/14 08:58:55.238 [T:0xee375] [DisplayControl] Exit MCCSOtherSet::GetVCP()
2025/10/14 08:58:55.949 [T:0xee375] [DisplayControl] Enter MCCSOtherSet::GetVCP(), vcp code = 16
2025/10/14 08:58:56.031 [T:0xee375] [DisplayControl] Exit MCCSOtherSet::GetVCP()
2025/10/14 08:58:56.751 [T:0xee375] [DisplayControl] Enter MCCSOtherSet::GetVCP(), vcp code = 135
2025/10/14 08:58:56.832 [T:0xee375] [DisplayControl] Exit MCCSOtherSet::GetVCP()
2025/10/14 08:58:57.551 [T:0xee375] [DisplayControl] Enter MCCSOtherSet::GetVCP(), vcp code = 20
2025/10/14 08:58:57.633 [T:0xee375] [DisplayControl] Exit MCCSOtherSet::GetVCP()
2025/10/14 09:00:32.681 [T:0x91b88] [DisplayControl] Enter MCCSOtherSet::SetVCP(), vcp code = 220
2025/10/14 09:00:33.674 [T:0x91b88] [DisplayControl] Exit MCCSOtherSet::SetVCP()
2025/10/14 09:00:39.296 [T:0x91b88] [DisplayControl] Enter MCCSOtherSet::GetVCP(), vcp code = 18
2025/10/14 09:00:39.377 [T:0x91b88] [DisplayControl] Exit MCCSOtherSet::GetVCP()
2025/10/14 09:00:40.096 [T:0x91b88] [DisplayControl] Enter MCCSOtherSet::GetVCP(), vcp code = 16
2025/10/14 09:00:40.177 [T:0x91b88] [DisplayControl] Exit MCCSOtherSet::GetVCP()
2025/10/14 09:00:40.891 [T:0x91b88] [DisplayControl] Enter MCCSOtherSet::GetVCP(), vcp code = 135
2025/10/14 09:00:40.971 [T:0x91b88] [DisplayControl] Exit MCCSOtherSet::GetVCP()
2025/10/14 09:00:41.691 [T:0x91b88] [DisplayControl] Enter MCCSOtherSet::GetVCP(), vcp code = 20
2025/10/14 09:00:41.771 [T:0x91b88] [DisplayControl] Exit MCCSOtherSet::GetVCP()
2025/10/14 09:02:16.792 [T:0xb8d08] [DisplayControl] Enter MCCSOtherSet::SetVCP(), vcp code = 220
2025/10/14 09:02:17.780 [T:0xb8d08] [DisplayControl] Exit MCCSOtherSet::SetVCP()
2025/10/14 09:02:23.404 [T:0xb8d08] [DisplayControl] Enter MCCSOtherSet::GetVCP(), vcp code = 18
2025/10/14 09:02:23.485 [T:0xb8d08] [DisplayControl] Exit MCCSOtherSet::GetVCP()
2025/10/14 09:02:24.190 [T:0xb8d08] [DisplayControl] Enter MCCSOtherSet::GetVCP(), vcp code = 16
2025/10/14 09:02:24.270 [T:0xb8d08] [DisplayControl] Exit MCCSOtherSet::GetVCP()
2025/10/14 09:02:24.987 [T:0xb8d08] [DisplayControl] Enter MCCSOtherSet::GetVCP(), vcp code = 135
2025/10/14 09:02:25.068 [T:0xb8d08] [DisplayControl] Exit MCCSOtherSet::GetVCP()
2025/10/14 09:02:25.780 [T:0xb8d08] [DisplayControl] Enter MCCSOtherSet::GetVCP(), vcp code = 20
2025/10/14 09:02:25.862 [T:0xb8d08] [DisplayControl] Exit MCCSOtherSet::GetVCP()
2025/10/14 09:04:00.841 [T:0x9b7ff] [DisplayControl] Enter MCCSOtherSet::SetVCP(), vcp code = 220
2025/10/14 09:04:01.814 [T:0x9b7ff] [DisplayControl] Exit MCCSOtherSet::SetVCP()
2025/10/14 09:04:07.443 [T:0x9b7ff] [DisplayControl] Enter MCCSOtherSet::GetVCP(), vcp code = 18
2025/10/14 09:04:07.524 [T:0x9b7ff] [DisplayControl] Exit MCCSOtherSet::GetVCP()
2025/10/14 09:04:08.238 [T:0x9b7ff] [DisplayControl] Enter MCCSOtherSet::GetVCP(), vcp code = 16
2025/10/14 09:04:08.319 [T:0x9b7ff] [DisplayControl] Exit MCCSOtherSet::GetVCP()
2025/10/14 09:04:09.031 [T:0x9b7ff] [DisplayControl] Enter MCCSOtherSet::GetVCP(), vcp code = 135
2025/10/14 09:04:09.110 [T:0x9b7ff] [DisplayControl] Exit MCCSOtherSet::GetVCP()
2025/10/14 09:04:09.827 [T:0x9b7ff] [DisplayControl] Enter MCCSOtherSet::GetVCP(), vcp code = 20
2025/10/14 09:04:09.910 [T:0x9b7ff] [DisplayControl] Exit MCCSOtherSet::GetVCP()
2025/10/14 09:05:59.160 [T:0x4bb96] [DisplayControl] Enter MCCSOtherSet::SetVCP(), vcp code = 4
2025/10/14 09:06:00.111 [T:0x4bb96] [DisplayControl] Exit MCCSOtherSet::SetVCP()
2025/10/14 09:06:05.236 [T:0x4bb96] [DisplayControl] Enter OperationThread::ExitThread
2025/10/14 09:06:05.237 [T:0x4bb96] [DisplayControl] Exit OperationThread::ExitThread
2025/10/14 09:06:05.237 [T:0x4bb96] [DisplayControl] Enter OperationThread::~OperationThread()
2025/10/14 09:06:05.237 [T:0x4bb96] [DisplayControl] Enter OperationThread::ExitThread
2025/10/14 09:06:05.237 [T:0x4bb96] [DisplayControl] Enter OperationThread::ExitThread
2025/10/14 09:06:05.237 [T:0x4bb96] [DisplayControl] Exit OperationThread::ExitThread
2025/10/14 09:06:05.237 [T:0x4bb96] [DisplayControl] Enter OperationThread::~OperationThread()
2025/10/14 09:06:05.237 [T:0x4bb96] [DisplayControl] Enter OperationThread::ExitThread
2025/10/14 09:06:05.264 [T:0x4bb96] [DbgStr] After calling display_control_client_listener_video_port_.UpdateAllDisplayPath()
2025/10/14 09:06:05.284 [T:0x4bb96] [DbgStr] After calling display_control_client_listener_.GetAllDisplayEDID()
2025/10/14 09:06:05.286 [T:0x4bb96] [DisplayControl] Version = 3.0.6.0
2025/10/14 09:06:05.286 [T:0x4bb96] [DisplayControl] Enter ObtainControlHandler1
2025/10/14 09:06:05.286 [T:0x4bb96] [DisplayControl] GetVideoPortCommander
2025/10/14 09:06:05.286 [T:0x4bb96] [DisplayControl] GetUSBHubCommander
2025/10/14 09:06:05.286 [T:0x4bb96] ====== List p_lpo_display_info_video_port, # of devices is ======2
2025/10/14 09:06:05.286 [T:0x4bb96] [DisplayControl] index of p_lpo_display_info_video_port0
2025/10/14 09:06:05.286 [T:0x4bb96] [DisplayControl] Model name from VideoPort = VG2458
2025/10/14 09:06:05.286 [T:0x4bb96] [DisplayControl] SN from VideoPort = YDJ243400006
2025/10/14 09:06:05.286 [T:0x4bb96] [DisplayControl] index of p_lpo_display_info_video_port1
2025/10/14 09:06:05.286 [T:0x4bb96] [DisplayControl] Model name from VideoPort = VG275
2025/10/14 09:06:05.286 [T:0x4bb96] [DisplayControl] SN from VideoPort = XF6232400003
2025/10/14 09:06:05.286 [T:0x4bb96] ====== List p_lpo_display_info_rtd_scalar_rts_hub, # of devices is ======0
2025/10/14 09:06:05.286 [T:0x4bb96] [DisplayControl] GetVSRtkHubControlClientListener
2025/10/14 09:06:05.286 [T:0x4bb96] [DisplayControl] max monitor count = 2
2025/10/14 09:06:05.286 [T:0x4bb96] [DisplayControl] index of display_info_vec = 0
2025/10/14 09:06:05.287 [T:0x4bb96] [DisplayControl] index of p_lpo_display_info_video_port = 0
2025/10/14 09:06:05.287 [T:0x4bb96] [DisplayControl] VideoPortMatchingRule
2025/10/14 09:06:05.287 [T:0x4bb96] [DisplayControl] monitor display_info_model_name = VG2458
2025/10/14 09:06:05.287 [T:0x4bb96] [DisplayControl] monitor video_port_model_name = VG2458
2025/10/14 09:06:05.287 [T:0x4bb96] [DisplayControl] monitor display_info_sn = YDJ243400006
2025/10/14 09:06:05.287 [T:0x4bb96] [DisplayControl] monitor video_port_sn = YDJ243400006
2025/10/14 09:06:05.287 [T:0x4bb96] [DisplayControl] model_name_match = 1
2025/10/14 09:06:05.287 [T:0x4bb96] [DisplayControl] sn_match = 1
2025/10/14 09:06:05.287 [T:0x4bb96] [DisplayControl] video_port is_match = 1
2025/10/14 09:06:05.287 [T:0x4bb96] [DisplayControl] index of display_info_vec = 1
2025/10/14 09:06:05.287 [T:0x4bb96] [DisplayControl] index of p_lpo_display_info_video_port = 0
2025/10/14 09:06:05.287 [T:0x4bb96] [DisplayControl] VideoPortMatchingRule
2025/10/14 09:06:05.287 [T:0x4bb96] [DisplayControl] monitor display_info_model_name = VG275
2025/10/14 09:06:05.287 [T:0x4bb96] [DisplayControl] monitor video_port_model_name = VG2458
2025/10/14 09:06:05.287 [T:0x4bb96] [DisplayControl] monitor display_info_sn = XF6232400003
2025/10/14 09:06:05.287 [T:0x4bb96] [DisplayControl] monitor video_port_sn = YDJ243400006
2025/10/14 09:06:05.287 [T:0x4bb96] [DisplayControl] model_name_match = 0
2025/10/14 09:06:05.287 [T:0x4bb96] [DisplayControl] sn_match = 0
2025/10/14 09:06:05.287 [T:0x4bb96] [DisplayControl] video_port is_match = 0
2025/10/14 09:06:05.287 [T:0x4bb96] [DisplayControl] index of display_info_vec = 1
2025/10/14 09:06:05.287 [T:0x4bb96] [DisplayControl] index of p_lpo_display_info_video_port = 1
2025/10/14 09:06:05.287 [T:0x4bb96] [DisplayControl] VideoPortMatchingRule
2025/10/14 09:06:05.287 [T:0x4bb96] [DisplayControl] monitor display_info_model_name = VG275
2025/10/14 09:06:05.287 [T:0x4bb96] [DisplayControl] monitor video_port_model_name = VG275
2025/10/14 09:06:05.287 [T:0x4bb96] [DisplayControl] monitor display_info_sn = XF6232400003
2025/10/14 09:06:05.287 [T:0x4bb96] [DisplayControl] monitor video_port_sn = XF6232400003
2025/10/14 09:06:05.287 [T:0x4bb96] [DisplayControl] model_name_match = 1
2025/10/14 09:06:05.287 [T:0x4bb96] [DisplayControl] sn_match = 1
2025/10/14 09:06:05.287 [T:0x4bb96] [DisplayControl] video_port is_match = 1
2025/10/14 09:06:05.288 [T:0x4bb96] [DisplayControl] i = 0
2025/10/14 09:06:05.288 [T:0x4bb96] [DisplayControl] Enter OperationThread::OperationThread()
2025/10/14 09:06:05.288 [T:0x4bb96] [DisplayControl] Enter OperationThread::CreateThread
2025/10/14 09:06:05.288 [T:0x4bb96] [DisplayControl] new DisplayFunctioner
2025/10/14 09:06:05.288 [T:0x4bb96] [DisplayControl] insert displayer_vector
2025/10/14 09:06:05.288 [T:0x4bb96] [DisplayControl] insert modelName_SN_to_Display_map
2025/10/14 09:06:05.288 [T:0x4bb96] [DisplayControl] insert device_id_to_Displayer_map_
2025/10/14 09:06:05.288 [T:0x4bb96] [DisplayControl] i = 1
2025/10/14 09:06:05.288 [T:0x4bb96] [DisplayControl] Enter OperationThread::OperationThread()
2025/10/14 09:06:05.288 [T:0x4bb96] [DisplayControl] Enter OperationThread::CreateThread
2025/10/14 09:06:05.288 [T:0x4bb96] [DisplayControl] new DisplayFunctioner
2025/10/14 09:06:05.288 [T:0x4bb96] [DisplayControl] insert displayer_vector
2025/10/14 09:06:05.288 [T:0x4bb96] [DisplayControl] insert modelName_SN_to_Display_map
2025/10/14 09:06:05.288 [T:0x4bb96] [DisplayControl] insert device_id_to_Displayer_map_
2025/10/14 09:06:05.288 [T:0x4bb96] [DisplayControl] monitor size = 2
2025/10/14 09:06:05.288 [T:0x4bb96] [DisplayControl] Exit ObtainControlHandler
2025/10/14 09:06:05.288 [T:0x4bb96] [DisplayControl] Enter MCCSOtherSet::GetVCP(), vcp code = 16
2025/10/14 09:06:05.366 [T:0x4bb96] [DisplayControl] Exit MCCSOtherSet::GetVCP()
2025/10/14 09:06:05.367 [T:0x4bb96] [DisplayControl] Enter MCCSOtherSet::GetVCP(), vcp code = 225
2025/10/14 09:06:05.507 [T:0x4bb96] [DisplayControl] Exit MCCSOtherSet::GetVCP()
2025/10/14 09:06:05.615 [T:0x4bb96] [DisplayControl] Enter MCCSOtherSet::GetVCP(), vcp code = 245
2025/10/14 09:06:05.698 [T:0x4bb96] [DisplayControl] Exit MCCSOtherSet::GetVCP()
2025/10/14 09:06:05.807 [T:0x4bb96] [DisplayControl] Enter MCCSOtherSet::GetVCP(), vcp code = 18
2025/10/14 09:06:05.889 [T:0x4bb96] [DisplayControl] Exit MCCSOtherSet::GetVCP()
2025/10/14 09:06:05.998 [T:0x4bb96] [DisplayControl] Enter MCCSOtherSet::GetVCP(), vcp code = 141
2025/10/14 09:06:06.081 [T:0x4bb96] [DisplayControl] Exit MCCSOtherSet::GetVCP()
2025/10/14 09:06:06.190 [T:0x4bb96] [DisplayControl] Enter MCCSOtherSet::GetVCP(), vcp code = 16
2025/10/14 09:06:06.272 [T:0x4bb96] [DisplayControl] Exit MCCSOtherSet::GetVCP()
2025/10/14 09:06:06.380 [T:0x4bb96] [DisplayControl] Enter MCCSOtherSet::GetVCP(), vcp code = 220
2025/10/14 09:06:06.462 [T:0x4bb96] [DisplayControl] Exit MCCSOtherSet::GetVCP()
2025/10/14 09:06:06.571 [T:0x4bb96] [DisplayControl] Enter MCCSOtherSet::GetVCP(), vcp code = 4
2025/10/14 09:06:06.653 [T:0x4bb96] [DisplayControl] Exit MCCSOtherSet::GetVCP()
2025/10/14 09:06:06.762 [T:0x4bb96] [DisplayControl] Enter MCCSOtherSet::GetVCP(), vcp code = 96
2025/10/14 09:06:06.845 [T:0x4bb96] [DisplayControl] Exit MCCSOtherSet::GetVCP()
2025/10/14 09:06:06.953 [T:0x4bb96] [DisplayControl] Enter MCCSOtherSet::GetVCP(), vcp code = 98
2025/10/14 09:06:07.035 [T:0x4bb96] [DisplayControl] Exit MCCSOtherSet::GetVCP()
2025/10/14 09:06:07.143 [T:0x4bb96] [DisplayControl] Enter MCCSOtherSet::GetVCP(), vcp code = 97
2025/10/14 09:06:07.226 [T:0x4bb96] [DisplayControl] Exit MCCSOtherSet::GetVCP()
2025/10/14 09:06:07.332 [T:0x4bb96] [DisplayControl] Enter MCCSOtherSet::GetVCP(), vcp code = 43
2025/10/14 09:06:07.414 [T:0x4bb96] [DisplayControl] Exit MCCSOtherSet::GetVCP()
2025/10/14 09:06:07.523 [T:0x4bb96] [DisplayControl] Enter MCCSOtherSet::GetVCP(), vcp code = 135
2025/10/14 09:06:07.597 [T:0x4ed99] [DisplayControl] Enter MCCSOtherSet::GetVCP(), vcp code = 96
2025/10/14 09:06:07.604 [T:0x4bb96] [DisplayControl] Exit MCCSOtherSet::GetVCP()
2025/10/14 09:06:07.705 [T:0x4bb96] [DisplayControl] Enter MCCSOtherSet::GetVCP(), vcp code = 51
2025/10/14 09:06:07.785 [T:0x4ed99] [DisplayControl] Exit MCCSOtherSet::GetVCP()
2025/10/14 09:06:07.973 [T:0x4bb96] [DisplayControl] Exit MCCSOtherSet::GetVCP()
2025/10/14 09:06:08.076 [T:0x4bb96] [DisplayControl] Enter MCCSOtherSet::GetVCP(), vcp code = 20
2025/10/14 09:06:08.295 [T:0x4bb96] [DisplayControl] Exit MCCSOtherSet::GetVCP()
2025/10/14 09:06:08.396 [T:0x4bb96] [DisplayControl] Enter MCCSOtherSet::GetVCP(), vcp code = 225
2025/10/14 09:06:08.488 [T:0x4bb96] [DisplayControl] Exit MCCSOtherSet::GetVCP()
2025/10/14 09:06:08.592 [T:0x4bb96] [DisplayControl] Enter MCCSOtherSet::GetVCP(), vcp code = 18
2025/10/14 09:06:08.679 [T:0x4bb96] [DisplayControl] Exit MCCSOtherSet::GetVCP()
2025/10/14 09:06:08.782 [T:0x4bb96] [DisplayControl] Enter MCCSOtherSet::GetVCP(), vcp code = 141
2025/10/14 09:06:08.865 [T:0x4bb96] [DisplayControl] Exit MCCSOtherSet::GetVCP()
2025/10/14 09:06:08.966 [T:0x4bb96] [DisplayControl] Enter MCCSOtherSet::GetVCP(), vcp code = 16
2025/10/14 09:06:09.052 [T:0x4bb96] [DisplayControl] Exit MCCSOtherSet::GetVCP()
2025/10/14 09:06:09.155 [T:0x4bb96] [DisplayControl] Enter MCCSOtherSet::GetVCP(), vcp code = 226
2025/10/14 09:06:09.240 [T:0x4bb96] [DisplayControl] Exit MCCSOtherSet::GetVCP()
2025/10/14 09:06:09.343 [T:0x4bb96] [DisplayControl] Enter MCCSOtherSet::GetVCP(), vcp code = 220
2025/10/14 09:06:09.429 [T:0x4bb96] [DisplayControl] Exit MCCSOtherSet::GetVCP()
2025/10/14 09:06:09.531 [T:0x4bb96] [DisplayControl] Enter MCCSOtherSet::GetVCP(), vcp code = 4
2025/10/14 09:06:09.615 [T:0x4bb96] [DisplayControl] Exit MCCSOtherSet::GetVCP()
2025/10/14 09:06:09.718 [T:0x4bb96] [DisplayControl] Enter MCCSOtherSet::GetVCP(), vcp code = 96
2025/10/14 09:06:09.802 [T:0x4bb96] [DisplayControl] Exit MCCSOtherSet::GetVCP()
2025/10/14 09:06:09.907 [T:0x4bb96] [DisplayControl] Enter MCCSOtherSet::GetVCP(), vcp code = 98
2025/10/14 09:06:09.994 [T:0x4bb96] [DisplayControl] Exit MCCSOtherSet::GetVCP()
2025/10/14 09:06:10.098 [T:0x4bb96] [DisplayControl] Enter MCCSOtherSet::GetVCP(), vcp code = 97
2025/10/14 09:06:10.183 [T:0x4bb96] [DisplayControl] Exit MCCSOtherSet::GetVCP()
2025/10/14 09:06:10.285 [T:0x4bb96] [DisplayControl] Enter MCCSOtherSet::GetVCP(), vcp code = 236
2025/10/14 09:06:10.369 [T:0x4bb96] [DisplayControl] Exit MCCSOtherSet::GetVCP()
2025/10/14 09:06:10.470 [T:0x4bb96] [DisplayControl] Enter MCCSOtherSet::GetVCP(), vcp code = 43
2025/10/14 09:06:10.555 [T:0x4bb96] [DisplayControl] Exit MCCSOtherSet::GetVCP()
2025/10/14 09:06:10.656 [T:0x4bb96] [DisplayControl] Enter MCCSOtherSet::GetVCP(), vcp code = 135
2025/10/14 09:06:10.742 [T:0x4bb96] [DisplayControl] Exit MCCSOtherSet::GetVCP()
2025/10/14 09:06:10.846 [T:0x4bb96] [DisplayControl] Enter MCCSOtherSet::GetVCP(), vcp code = 51
2025/10/14 09:06:10.930 [T:0x4bb96] [DisplayControl] Exit MCCSOtherSet::GetVCP()
2025/10/14 09:06:58.610 [T:0x5d9de] [DisplayControl] Enter MCCSOtherSet::SetVCP(), vcp code = 20
2025/10/14 09:06:58.782 [T:0x5d9de] [DisplayControl] Exit MCCSOtherSet::SetVCP()
2025/10/14 09:06:59.391 [T:0x5d9de] [DisplayControl] Enter MCCSOtherSet::GetVCP(), vcp code = 18
2025/10/14 09:06:59.472 [T:0x5d9de] [DisplayControl] Exit MCCSOtherSet::GetVCP()
2025/10/14 09:07:00.191 [T:0x5d9de] [DisplayControl] Enter MCCSOtherSet::GetVCP(), vcp code = 16
2025/10/14 09:07:00.273 [T:0x5d9de] [DisplayControl] Exit MCCSOtherSet::GetVCP()
2025/10/14 09:07:00.992 [T:0x5d9de] [DisplayControl] Enter MCCSOtherSet::GetVCP(), vcp code = 135
2025/10/14 09:07:01.074 [T:0x5d9de] [DisplayControl] Exit MCCSOtherSet::GetVCP()
2025/10/14 09:07:01.793 [T:0x5d9de] [DisplayControl] Enter MCCSOtherSet::GetVCP(), vcp code = 20
2025/10/14 09:07:01.873 [T:0x5d9de] [DisplayControl] Exit MCCSOtherSet::GetVCP()
2025/10/14 09:08:37.556 [T:0xb3f9f] [DisplayControl] Enter MCCSOtherSet::SetVCP(), vcp code = 20
2025/10/14 09:08:37.755 [T:0xb3f9f] [DisplayControl] Exit MCCSOtherSet::SetVCP()
2025/10/14 09:08:38.361 [T:0xb3f9f] [DisplayControl] Enter MCCSOtherSet::GetVCP(), vcp code = 18
2025/10/14 09:08:38.443 [T:0xb3f9f] [DisplayControl] Exit MCCSOtherSet::GetVCP()
2025/10/14 09:08:39.158 [T:0xb3f9f] [DisplayControl] Enter MCCSOtherSet::GetVCP(), vcp code = 16
2025/10/14 09:08:39.239 [T:0xb3f9f] [DisplayControl] Exit MCCSOtherSet::GetVCP()
2025/10/14 09:08:39.963 [T:0xb3f9f] [DisplayControl] Enter MCCSOtherSet::GetVCP(), vcp code = 135
2025/10/14 09:08:40.044 [T:0xb3f9f] [DisplayControl] Exit MCCSOtherSet::GetVCP()
2025/10/14 09:08:40.766 [T:0xb3f9f] [DisplayControl] Enter MCCSOtherSet::GetVCP(), vcp code = 20
2025/10/14 09:08:40.848 [T:0xb3f9f] [DisplayControl] Exit MCCSOtherSet::GetVCP()
2025/10/14 09:10:16.563 [T:0xd609c] [DisplayControl] Enter MCCSOtherSet::SetVCP(), vcp code = 20
2025/10/14 09:10:16.758 [T:0xd609c] [DisplayControl] Exit MCCSOtherSet::SetVCP()
2025/10/14 09:10:17.370 [T:0xd609c] [DisplayControl] Enter MCCSOtherSet::GetVCP(), vcp code = 18
2025/10/14 09:10:17.451 [T:0xd609c] [DisplayControl] Exit MCCSOtherSet::GetVCP()
2025/10/14 09:10:18.168 [T:0xd609c] [DisplayControl] Enter MCCSOtherSet::GetVCP(), vcp code = 16
2025/10/14 09:10:18.249 [T:0xd609c] [DisplayControl] Exit MCCSOtherSet::GetVCP()
2025/10/14 09:10:18.970 [T:0xd609c] [DisplayControl] Enter MCCSOtherSet::GetVCP(), vcp code = 135
2025/10/14 09:10:19.050 [T:0xd609c] [DisplayControl] Exit MCCSOtherSet::GetVCP()
2025/10/14 09:10:19.757 [T:0xd609c] [DisplayControl] Enter MCCSOtherSet::GetVCP(), vcp code = 20
2025/10/14 09:10:19.838 [T:0xd609c] [DisplayControl] Exit MCCSOtherSet::GetVCP()
2025/10/14 09:11:55.656 [T:0xf23fc] [DisplayControl] Enter MCCSOtherSet::SetVCP(), vcp code = 20
2025/10/14 09:11:55.863 [T:0xf23fc] [DisplayControl] Exit MCCSOtherSet::SetVCP()
2025/10/14 09:11:56.478 [T:0xf23fc] [DisplayControl] Enter MCCSOtherSet::GetVCP(), vcp code = 18
2025/10/14 09:11:56.560 [T:0xf23fc] [DisplayControl] Exit MCCSOtherSet::GetVCP()
2025/10/14 09:11:57.281 [T:0xf23fc] [DisplayControl] Enter MCCSOtherSet::GetVCP(), vcp code = 16
2025/10/14 09:11:57.363 [T:0xf23fc] [DisplayControl] Exit MCCSOtherSet::GetVCP()
2025/10/14 09:11:58.081 [T:0xf23fc] [DisplayControl] Enter MCCSOtherSet::GetVCP(), vcp code = 135
2025/10/14 09:11:58.162 [T:0xf23fc] [DisplayControl] Exit MCCSOtherSet::GetVCP()
2025/10/14 09:11:58.878 [T:0xf23fc] [DisplayControl] Enter MCCSOtherSet::GetVCP(), vcp code = 20
2025/10/14 09:11:58.958 [T:0xf23fc] [DisplayControl] Exit MCCSOtherSet::GetVCP()
2025/10/14 09:13:34.681 [T:0x9c599] [DisplayControl] Enter MCCSOtherSet::SetVCP(), vcp code = 20
2025/10/14 09:13:34.872 [T:0x9c599] [DisplayControl] Exit MCCSOtherSet::SetVCP()
2025/10/14 09:13:35.481 [T:0x9c599] [DisplayControl] Enter MCCSOtherSet::GetVCP(), vcp code = 18
2025/10/14 09:13:35.561 [T:0x9c599] [DisplayControl] Exit MCCSOtherSet::GetVCP()
2025/10/14 09:13:36.280 [T:0x9c599] [DisplayControl] Enter MCCSOtherSet::GetVCP(), vcp code = 16
2025/10/14 09:13:36.362 [T:0x9c599] [DisplayControl] Exit MCCSOtherSet::GetVCP()
2025/10/14 09:13:37.079 [T:0x9c599] [DisplayControl] Enter MCCSOtherSet::GetVCP(), vcp code = 135
2025/10/14 09:13:37.159 [T:0x9c599] [DisplayControl] Exit MCCSOtherSet::GetVCP()
2025/10/14 09:13:37.876 [T:0x9c599] [DisplayControl] Enter MCCSOtherSet::GetVCP(), vcp code = 20
2025/10/14 09:13:37.958 [T:0x9c599] [DisplayControl] Exit MCCSOtherSet::GetVCP()
2025/10/14 09:15:30.512 [T:0xce189] [DisplayControl] Enter MCCSOtherSet::SetVCP(), vcp code = 4
2025/10/14 09:15:31.451 [T:0xce189] [DisplayControl] Exit MCCSOtherSet::SetVCP()
2025/10/14 09:15:36.576 [T:0xce189] [DisplayControl] Enter OperationThread::ExitThread
2025/10/14 09:15:36.576 [T:0xce189] [DisplayControl] Exit OperationThread::ExitThread
2025/10/14 09:15:36.576 [T:0xce189] [DisplayControl] Enter OperationThread::~OperationThread()
2025/10/14 09:15:36.576 [T:0xce189] [DisplayControl] Enter OperationThread::ExitThread
2025/10/14 09:15:36.576 [T:0xce189] [DisplayControl] Enter OperationThread::ExitThread
2025/10/14 09:15:36.576 [T:0xce189] [DisplayControl] Exit OperationThread::ExitThread
2025/10/14 09:15:36.577 [T:0xce189] [DisplayControl] Enter OperationThread::~OperationThread()
2025/10/14 09:15:36.577 [T:0xce189] [DisplayControl] Enter OperationThread::ExitThread
2025/10/14 09:15:36.602 [T:0xce189] [DbgStr] After calling display_control_client_listener_video_port_.UpdateAllDisplayPath()
2025/10/14 09:15:36.622 [T:0xce189] [DbgStr] After calling display_control_client_listener_.GetAllDisplayEDID()
2025/10/14 09:15:36.625 [T:0xce189] [DisplayControl] Version = 3.0.6.0
2025/10/14 09:15:36.625 [T:0xce189] [DisplayControl] Enter ObtainControlHandler1
2025/10/14 09:15:36.625 [T:0xce189] [DisplayControl] GetVideoPortCommander
2025/10/14 09:15:36.625 [T:0xce189] [DisplayControl] GetUSBHubCommander
2025/10/14 09:15:36.625 [T:0xce189] ====== List p_lpo_display_info_video_port, # of devices is ======2
2025/10/14 09:15:36.625 [T:0xce189] [DisplayControl] index of p_lpo_display_info_video_port0
2025/10/14 09:15:36.625 [T:0xce189] [DisplayControl] Model name from VideoPort = VG2458
2025/10/14 09:15:36.625 [T:0xce189] [DisplayControl] SN from VideoPort = YDJ243400006
2025/10/14 09:15:36.625 [T:0xce189] [DisplayControl] index of p_lpo_display_info_video_port1
2025/10/14 09:15:36.625 [T:0xce189] [DisplayControl] Model name from VideoPort = VG275
2025/10/14 09:15:36.625 [T:0xce189] [DisplayControl] SN from VideoPort = XF6232400003
2025/10/14 09:15:36.625 [T:0xce189] ====== List p_lpo_display_info_rtd_scalar_rts_hub, # of devices is ======0
2025/10/14 09:15:36.625 [T:0xce189] [DisplayControl] GetVSRtkHubControlClientListener
2025/10/14 09:15:36.625 [T:0xce189] [DisplayControl] max monitor count = 2
2025/10/14 09:15:36.625 [T:0xce189] [DisplayControl] index of display_info_vec = 0
2025/10/14 09:15:36.625 [T:0xce189] [DisplayControl] index of p_lpo_display_info_video_port = 0
2025/10/14 09:15:36.625 [T:0xce189] [DisplayControl] VideoPortMatchingRule
2025/10/14 09:15:36.625 [T:0xce189] [DisplayControl] monitor display_info_model_name = VG2458
2025/10/14 09:15:36.625 [T:0xce189] [DisplayControl] monitor video_port_model_name = VG2458
2025/10/14 09:15:36.625 [T:0xce189] [DisplayControl] monitor display_info_sn = YDJ243400006
2025/10/14 09:15:36.625 [T:0xce189] [DisplayControl] monitor video_port_sn = YDJ243400006
2025/10/14 09:15:36.625 [T:0xce189] [DisplayControl] model_name_match = 1
2025/10/14 09:15:36.625 [T:0xce189] [DisplayControl] sn_match = 1
2025/10/14 09:15:36.626 [T:0xce189] [DisplayControl] video_port is_match = 1
2025/10/14 09:15:36.626 [T:0xce189] [DisplayControl] index of display_info_vec = 1
2025/10/14 09:15:36.626 [T:0xce189] [DisplayControl] index of p_lpo_display_info_video_port = 0
2025/10/14 09:15:36.626 [T:0xce189] [DisplayControl] VideoPortMatchingRule
2025/10/14 09:15:36.626 [T:0xce189] [DisplayControl] monitor display_info_model_name = VG275
2025/10/14 09:15:36.626 [T:0xce189] [DisplayControl] monitor video_port_model_name = VG2458
2025/10/14 09:15:36.626 [T:0xce189] [DisplayControl] monitor display_info_sn = XF6232400003
2025/10/14 09:15:36.626 [T:0xce189] [DisplayControl] monitor video_port_sn = YDJ243400006
2025/10/14 09:15:36.626 [T:0xce189] [DisplayControl] model_name_match = 0
2025/10/14 09:15:36.626 [T:0xce189] [DisplayControl] sn_match = 0
2025/10/14 09:15:36.626 [T:0xce189] [DisplayControl] video_port is_match = 0
2025/10/14 09:15:36.626 [T:0xce189] [DisplayControl] index of display_info_vec = 1
2025/10/14 09:15:36.626 [T:0xce189] [DisplayControl] index of p_lpo_display_info_video_port = 1
2025/10/14 09:15:36.626 [T:0xce189] [DisplayControl] VideoPortMatchingRule
2025/10/14 09:15:36.626 [T:0xce189] [DisplayControl] monitor display_info_model_name = VG275
2025/10/14 09:15:36.626 [T:0xce189] [DisplayControl] monitor video_port_model_name = VG275
2025/10/14 09:15:36.626 [T:0xce189] [DisplayControl] monitor display_info_sn = XF6232400003
2025/10/14 09:15:36.626 [T:0xce189] [DisplayControl] monitor video_port_sn = XF6232400003
2025/10/14 09:15:36.626 [T:0xce189] [DisplayControl] model_name_match = 1
2025/10/14 09:15:36.626 [T:0xce189] [DisplayControl] sn_match = 1
2025/10/14 09:15:36.626 [T:0xce189] [DisplayControl] video_port is_match = 1
2025/10/14 09:15:36.626 [T:0xce189] [DisplayControl] i = 0
2025/10/14 09:15:36.626 [T:0xce189] [DisplayControl] Enter OperationThread::OperationThread()
2025/10/14 09:15:36.626 [T:0xce189] [DisplayControl] Enter OperationThread::CreateThread
2025/10/14 09:15:36.626 [T:0xce189] [DisplayControl] new DisplayFunctioner
2025/10/14 09:15:36.626 [T:0xce189] [DisplayControl] insert displayer_vector
2025/10/14 09:15:36.627 [T:0xce189] [DisplayControl] insert modelName_SN_to_Display_map
2025/10/14 09:15:36.627 [T:0xce189] [DisplayControl] insert device_id_to_Displayer_map_
2025/10/14 09:15:36.627 [T:0xce189] [DisplayControl] i = 1
2025/10/14 09:15:36.627 [T:0xce189] [DisplayControl] Enter OperationThread::OperationThread()
2025/10/14 09:15:36.627 [T:0xce189] [DisplayControl] Enter OperationThread::CreateThread
2025/10/14 09:15:36.627 [T:0xce189] [DisplayControl] new DisplayFunctioner
2025/10/14 09:15:36.627 [T:0xce189] [DisplayControl] insert displayer_vector
2025/10/14 09:15:36.627 [T:0xce189] [DisplayControl] insert modelName_SN_to_Display_map
2025/10/14 09:15:36.627 [T:0xce189] [DisplayControl] insert device_id_to_Displayer_map_
2025/10/14 09:15:36.627 [T:0xce189] [DisplayControl] monitor size = 2
2025/10/14 09:15:36.627 [T:0xce189] [DisplayControl] Exit ObtainControlHandler
2025/10/14 09:15:36.627 [T:0xce189] [DisplayControl] Enter MCCSOtherSet::GetVCP(), vcp code = 16
2025/10/14 09:15:36.704 [T:0xce189] [DisplayControl] Exit MCCSOtherSet::GetVCP()
2025/10/14 09:15:36.705 [T:0xce189] [DisplayControl] Enter MCCSOtherSet::GetVCP(), vcp code = 225
2025/10/14 09:15:36.845 [T:0xce189] [DisplayControl] Exit MCCSOtherSet::GetVCP()
2025/10/14 09:15:36.955 [T:0xce189] [DisplayControl] Enter MCCSOtherSet::GetVCP(), vcp code = 245
2025/10/14 09:15:37.037 [T:0xce189] [DisplayControl] Exit MCCSOtherSet::GetVCP()
2025/10/14 09:15:37.146 [T:0xce189] [DisplayControl] Enter MCCSOtherSet::GetVCP(), vcp code = 18
2025/10/14 09:15:37.228 [T:0xce189] [DisplayControl] Exit MCCSOtherSet::GetVCP()
2025/10/14 09:15:37.338 [T:0xce189] [DisplayControl] Enter MCCSOtherSet::GetVCP(), vcp code = 141
2025/10/14 09:15:37.420 [T:0xce189] [DisplayControl] Exit MCCSOtherSet::GetVCP()
2025/10/14 09:15:37.529 [T:0xce189] [DisplayControl] Enter MCCSOtherSet::GetVCP(), vcp code = 16
2025/10/14 09:15:37.612 [T:0xce189] [DisplayControl] Exit MCCSOtherSet::GetVCP()
2025/10/14 09:15:37.720 [T:0xce189] [DisplayControl] Enter MCCSOtherSet::GetVCP(), vcp code = 220
2025/10/14 09:15:37.803 [T:0xce189] [DisplayControl] Exit MCCSOtherSet::GetVCP()
2025/10/14 09:15:37.909 [T:0xce189] [DisplayControl] Enter MCCSOtherSet::GetVCP(), vcp code = 4
2025/10/14 09:15:37.990 [T:0xce189] [DisplayControl] Exit MCCSOtherSet::GetVCP()
2025/10/14 09:15:38.099 [T:0xce189] [DisplayControl] Enter MCCSOtherSet::GetVCP(), vcp code = 96
2025/10/14 09:15:38.181 [T:0xce189] [DisplayControl] Exit MCCSOtherSet::GetVCP()
2025/10/14 09:15:38.289 [T:0xce189] [DisplayControl] Enter MCCSOtherSet::GetVCP(), vcp code = 98
2025/10/14 09:15:38.371 [T:0xce189] [DisplayControl] Exit MCCSOtherSet::GetVCP()
2025/10/14 09:15:38.477 [T:0xce189] [DisplayControl] Enter MCCSOtherSet::GetVCP(), vcp code = 97
2025/10/14 09:15:38.558 [T:0xce189] [DisplayControl] Exit MCCSOtherSet::GetVCP()
2025/10/14 09:15:38.666 [T:0xce189] [DisplayControl] Enter MCCSOtherSet::GetVCP(), vcp code = 43
2025/10/14 09:15:38.748 [T:0xce189] [DisplayControl] Exit MCCSOtherSet::GetVCP()
2025/10/14 09:15:38.855 [T:0xce189] [DisplayControl] Enter MCCSOtherSet::GetVCP(), vcp code = 135
2025/10/14 09:15:38.924 [T:0x4ed99] [DisplayControl] Enter MCCSOtherSet::GetVCP(), vcp code = 96
2025/10/14 09:15:38.935 [T:0xce189] [DisplayControl] Exit MCCSOtherSet::GetVCP()
2025/10/14 09:15:39.036 [T:0xce189] [DisplayControl] Enter MCCSOtherSet::GetVCP(), vcp code = 51
2025/10/14 09:15:39.114 [T:0x4ed99] [DisplayControl] Exit MCCSOtherSet::GetVCP()
2025/10/14 09:15:39.301 [T:0xce189] [DisplayControl] Exit MCCSOtherSet::GetVCP()
2025/10/14 09:15:39.403 [T:0xce189] [DisplayControl] Enter MCCSOtherSet::GetVCP(), vcp code = 20
2025/10/14 09:15:39.594 [T:0xce189] [DisplayControl] Exit MCCSOtherSet::GetVCP()
2025/10/14 09:15:39.701 [T:0xce189] [DisplayControl] Enter MCCSOtherSet::GetVCP(), vcp code = 225
2025/10/14 09:15:39.785 [T:0xce189] [DisplayControl] Exit MCCSOtherSet::GetVCP()
2025/10/14 09:15:39.889 [T:0xce189] [DisplayControl] Enter MCCSOtherSet::GetVCP(), vcp code = 18
2025/10/14 09:15:39.974 [T:0xce189] [DisplayControl] Exit MCCSOtherSet::GetVCP()
2025/10/14 09:15:40.078 [T:0xce189] [DisplayControl] Enter MCCSOtherSet::GetVCP(), vcp code = 141
2025/10/14 09:15:40.163 [T:0xce189] [DisplayControl] Exit MCCSOtherSet::GetVCP()
2025/10/14 09:15:40.264 [T:0xce189] [DisplayControl] Enter MCCSOtherSet::GetVCP(), vcp code = 16
2025/10/14 09:15:40.349 [T:0xce189] [DisplayControl] Exit MCCSOtherSet::GetVCP()
2025/10/14 09:15:40.452 [T:0xce189] [DisplayControl] Enter MCCSOtherSet::GetVCP(), vcp code = 226
2025/10/14 09:15:40.538 [T:0xce189] [DisplayControl] Exit MCCSOtherSet::GetVCP()
2025/10/14 09:15:40.643 [T:0xce189] [DisplayControl] Enter MCCSOtherSet::GetVCP(), vcp code = 220
2025/10/14 09:15:40.729 [T:0xce189] [DisplayControl] Exit MCCSOtherSet::GetVCP()
2025/10/14 09:15:40.833 [T:0xce189] [DisplayControl] Enter MCCSOtherSet::GetVCP(), vcp code = 4
2025/10/14 09:15:40.918 [T:0xce189] [DisplayControl] Exit MCCSOtherSet::GetVCP()
2025/10/14 09:15:41.023 [T:0xce189] [DisplayControl] Enter MCCSOtherSet::GetVCP(), vcp code = 96
2025/10/14 09:15:41.108 [T:0xce189] [DisplayControl] Exit MCCSOtherSet::GetVCP()
2025/10/14 09:15:41.211 [T:0xce189] [DisplayControl] Enter MCCSOtherSet::GetVCP(), vcp code = 98
2025/10/14 09:15:41.296 [T:0xce189] [DisplayControl] Exit MCCSOtherSet::GetVCP()
2025/10/14 09:15:41.401 [T:0xce189] [DisplayControl] Enter MCCSOtherSet::GetVCP(), vcp code = 97
2025/10/14 09:15:41.486 [T:0xce189] [DisplayControl] Exit MCCSOtherSet::GetVCP()
2025/10/14 09:15:41.588 [T:0xce189] [DisplayControl] Enter MCCSOtherSet::GetVCP(), vcp code = 236
2025/10/14 09:15:41.674 [T:0xce189] [DisplayControl] Exit MCCSOtherSet::GetVCP()
2025/10/14 09:15:41.777 [T:0xce189] [DisplayControl] Enter MCCSOtherSet::GetVCP(), vcp code = 43
2025/10/14 09:15:41.862 [T:0xce189] [DisplayControl] Exit MCCSOtherSet::GetVCP()
2025/10/14 09:15:41.967 [T:0xce189] [DisplayControl] Enter MCCSOtherSet::GetVCP(), vcp code = 135
2025/10/14 09:15:42.052 [T:0xce189] [DisplayControl] Exit MCCSOtherSet::GetVCP()
2025/10/14 09:15:42.156 [T:0xce189] [DisplayControl] Enter MCCSOtherSet::GetVCP(), vcp code = 51
2025/10/14 09:15:42.241 [T:0xce189] [DisplayControl] Exit MCCSOtherSet::GetVCP()
2025/10/14 09:16:30.031 [T:0x4ed99] [DisplayControl] Enter MCCSOtherSet::GetVCP(), vcp code = 96
2025/10/14 09:16:30.153 [T:0x4ed99] [DisplayControl] Exit MCCSOtherSet::GetVCP()
2025/10/14 09:16:30.397 [T:0xf910a] [DisplayControl] Enter MCCSOtherSet::GetVCP(), vcp code = 225
2025/10/14 09:16:30.499 [T:0xf910a] [DisplayControl] Exit MCCSOtherSet::GetVCP()
2025/10/14 09:16:30.601 [T:0xf910a] [DisplayControl] Enter MCCSOtherSet::GetVCP(), vcp code = 18
2025/10/14 09:16:30.714 [T:0xf910a] [DisplayControl] Exit MCCSOtherSet::GetVCP()
2025/10/14 09:16:30.818 [T:0xf910a] [DisplayControl] Enter MCCSOtherSet::GetVCP(), vcp code = 141
2025/10/14 09:16:30.904 [T:0xf910a] [DisplayControl] Exit MCCSOtherSet::GetVCP()
2025/10/14 09:16:31.009 [T:0xf910a] [DisplayControl] Enter MCCSOtherSet::GetVCP(), vcp code = 16
2025/10/14 09:16:31.094 [T:0xf910a] [DisplayControl] Exit MCCSOtherSet::GetVCP()
2025/10/14 09:16:31.197 [T:0xf910a] [DisplayControl] Enter MCCSOtherSet::GetVCP(), vcp code = 226
2025/10/14 09:16:31.282 [T:0xf910a] [DisplayControl] Exit MCCSOtherSet::GetVCP()
2025/10/14 09:16:31.386 [T:0xf910a] [DisplayControl] Enter MCCSOtherSet::GetVCP(), vcp code = 220
2025/10/14 09:16:31.473 [T:0xf910a] [DisplayControl] Exit MCCSOtherSet::GetVCP()
2025/10/14 09:16:31.575 [T:0xf910a] [DisplayControl] Enter MCCSOtherSet::GetVCP(), vcp code = 4
2025/10/14 09:16:31.659 [T:0xf910a] [DisplayControl] Exit MCCSOtherSet::GetVCP()
2025/10/14 09:16:31.764 [T:0xf910a] [DisplayControl] Enter MCCSOtherSet::GetVCP(), vcp code = 96
2025/10/14 09:16:31.850 [T:0xf910a] [DisplayControl] Exit MCCSOtherSet::GetVCP()
2025/10/14 09:16:31.953 [T:0xf910a] [DisplayControl] Enter MCCSOtherSet::GetVCP(), vcp code = 98
2025/10/14 09:16:32.039 [T:0xf910a] [DisplayControl] Exit MCCSOtherSet::GetVCP()
2025/10/14 09:16:32.141 [T:0xf910a] [DisplayControl] Enter MCCSOtherSet::GetVCP(), vcp code = 97
2025/10/14 09:16:32.225 [T:0xf910a] [DisplayControl] Exit MCCSOtherSet::GetVCP()
2025/10/14 09:16:32.327 [T:0xf910a] [DisplayControl] Enter MCCSOtherSet::GetVCP(), vcp code = 236
2025/10/14 09:16:32.412 [T:0xf910a] [DisplayControl] Exit MCCSOtherSet::GetVCP()
2025/10/14 09:16:32.516 [T:0xf910a] [DisplayControl] Enter MCCSOtherSet::GetVCP(), vcp code = 43
2025/10/14 09:16:32.602 [T:0xf910a] [DisplayControl] Exit MCCSOtherSet::GetVCP()
2025/10/14 09:16:32.707 [T:0xf910a] [DisplayControl] Enter MCCSOtherSet::GetVCP(), vcp code = 135
2025/10/14 09:16:32.793 [T:0xf910a] [DisplayControl] Exit MCCSOtherSet::GetVCP()
2025/10/14 09:16:32.896 [T:0xf910a] [DisplayControl] Enter MCCSOtherSet::GetVCP(), vcp code = 51
2025/10/14 09:16:32.982 [T:0xf910a] [DisplayControl] Exit MCCSOtherSet::GetVCP()
2025/10/14 09:16:46.936 [T:0xf910a] [DisplayControl] Enter MCCSOtherSet::SetVCP(), vcp code = 4
2025/10/14 09:16:47.883 [T:0xf910a] [DisplayControl] Exit MCCSOtherSet::SetVCP()
2025/10/14 09:16:53.001 [T:0xf910a] [DisplayControl] Enter OperationThread::ExitThread
2025/10/14 09:16:53.001 [T:0xf910a] [DisplayControl] Exit OperationThread::ExitThread
2025/10/14 09:16:53.001 [T:0xf910a] [DisplayControl] Enter OperationThread::~OperationThread()
2025/10/14 09:16:53.001 [T:0xf910a] [DisplayControl] Enter OperationThread::ExitThread
2025/10/14 09:16:53.002 [T:0xf910a] [DisplayControl] Enter OperationThread::ExitThread
2025/10/14 09:16:53.002 [T:0xf910a] [DisplayControl] Exit OperationThread::ExitThread
2025/10/14 09:16:53.002 [T:0xf910a] [DisplayControl] Enter OperationThread::~OperationThread()
2025/10/14 09:16:53.002 [T:0xf910a] [DisplayControl] Enter OperationThread::ExitThread
2025/10/14 09:16:53.027 [T:0xf910a] [DbgStr] After calling display_control_client_listener_video_port_.UpdateAllDisplayPath()
2025/10/14 09:16:53.047 [T:0xf910a] [DbgStr] After calling display_control_client_listener_.GetAllDisplayEDID()
2025/10/14 09:16:53.048 [T:0xf910a] [DisplayControl] Version = 3.0.6.0
2025/10/14 09:16:53.049 [T:0xf910a] [DisplayControl] Enter ObtainControlHandler1
2025/10/14 09:16:53.049 [T:0xf910a] [DisplayControl] GetVideoPortCommander
2025/10/14 09:16:53.049 [T:0xf910a] [DisplayControl] GetUSBHubCommander
2025/10/14 09:16:53.049 [T:0xf910a] ====== List p_lpo_display_info_video_port, # of devices is ======2
2025/10/14 09:16:53.049 [T:0xf910a] [DisplayControl] index of p_lpo_display_info_video_port0
2025/10/14 09:16:53.049 [T:0xf910a] [DisplayControl] Model name from VideoPort = VG2458
2025/10/14 09:16:53.049 [T:0xf910a] [DisplayControl] SN from VideoPort = YDJ243400006
2025/10/14 09:16:53.049 [T:0xf910a] [DisplayControl] index of p_lpo_display_info_video_port1
2025/10/14 09:16:53.049 [T:0xf910a] [DisplayControl] Model name from VideoPort = VG275
2025/10/14 09:16:53.049 [T:0xf910a] [DisplayControl] SN from VideoPort = XF6232400003
2025/10/14 09:16:53.049 [T:0xf910a] ====== List p_lpo_display_info_rtd_scalar_rts_hub, # of devices is ======0
2025/10/14 09:16:53.049 [T:0xf910a] [DisplayControl] GetVSRtkHubControlClientListener
2025/10/14 09:16:53.049 [T:0xf910a] [DisplayControl] max monitor count = 2
2025/10/14 09:16:53.049 [T:0xf910a] [DisplayControl] index of display_info_vec = 0
2025/10/14 09:16:53.049 [T:0xf910a] [DisplayControl] index of p_lpo_display_info_video_port = 0
2025/10/14 09:16:53.049 [T:0xf910a] [DisplayControl] VideoPortMatchingRule
2025/10/14 09:16:53.049 [T:0xf910a] [DisplayControl] monitor display_info_model_name = VG2458
2025/10/14 09:16:53.049 [T:0xf910a] [DisplayControl] monitor video_port_model_name = VG2458
2025/10/14 09:16:53.049 [T:0xf910a] [DisplayControl] monitor display_info_sn = YDJ243400006
2025/10/14 09:16:53.049 [T:0xf910a] [DisplayControl] monitor video_port_sn = YDJ243400006
2025/10/14 09:16:53.049 [T:0xf910a] [DisplayControl] model_name_match = 1
2025/10/14 09:16:53.049 [T:0xf910a] [DisplayControl] sn_match = 1
2025/10/14 09:16:53.049 [T:0xf910a] [DisplayControl] video_port is_match = 1
2025/10/14 09:16:53.049 [T:0xf910a] [DisplayControl] index of display_info_vec = 1
2025/10/14 09:16:53.049 [T:0xf910a] [DisplayControl] index of p_lpo_display_info_video_port = 0
2025/10/14 09:16:53.050 [T:0xf910a] [DisplayControl] VideoPortMatchingRule
2025/10/14 09:16:53.050 [T:0xf910a] [DisplayControl] monitor display_info_model_name = VG275
2025/10/14 09:16:53.050 [T:0xf910a] [DisplayControl] monitor video_port_model_name = VG2458
2025/10/14 09:16:53.050 [T:0xf910a] [DisplayControl] monitor display_info_sn = XF6232400003
2025/10/14 09:16:53.050 [T:0xf910a] [DisplayControl] monitor video_port_sn = YDJ243400006
2025/10/14 09:16:53.050 [T:0xf910a] [DisplayControl] model_name_match = 0
2025/10/14 09:16:53.050 [T:0xf910a] [DisplayControl] sn_match = 0
2025/10/14 09:16:53.050 [T:0xf910a] [DisplayControl] video_port is_match = 0
2025/10/14 09:16:53.050 [T:0xf910a] [DisplayControl] index of display_info_vec = 1
2025/10/14 09:16:53.050 [T:0xf910a] [DisplayControl] index of p_lpo_display_info_video_port = 1
2025/10/14 09:16:53.050 [T:0xf910a] [DisplayControl] VideoPortMatchingRule
2025/10/14 09:16:53.050 [T:0xf910a] [DisplayControl] monitor display_info_model_name = VG275
2025/10/14 09:16:53.050 [T:0xf910a] [DisplayControl] monitor video_port_model_name = VG275
2025/10/14 09:16:53.050 [T:0xf910a] [DisplayControl] monitor display_info_sn = XF6232400003
2025/10/14 09:16:53.050 [T:0xf910a] [DisplayControl] monitor video_port_sn = XF6232400003
2025/10/14 09:16:53.050 [T:0xf910a] [DisplayControl] model_name_match = 1
2025/10/14 09:16:53.050 [T:0xf910a] [DisplayControl] sn_match = 1
2025/10/14 09:16:53.050 [T:0xf910a] [DisplayControl] video_port is_match = 1
2025/10/14 09:16:53.050 [T:0xf910a] [DisplayControl] i = 0
2025/10/14 09:16:53.050 [T:0xf910a] [DisplayControl] Enter OperationThread::OperationThread()
2025/10/14 09:16:53.050 [T:0xf910a] [DisplayControl] Enter OperationThread::CreateThread
2025/10/14 09:16:53.050 [T:0xf910a] [DisplayControl] new DisplayFunctioner
2025/10/14 09:16:53.050 [T:0xf910a] [DisplayControl] insert displayer_vector
2025/10/14 09:16:53.050 [T:0xf910a] [DisplayControl] insert modelName_SN_to_Display_map
2025/10/14 09:16:53.050 [T:0xf910a] [DisplayControl] insert device_id_to_Displayer_map_
2025/10/14 09:16:53.050 [T:0xf910a] [DisplayControl] i = 1
2025/10/14 09:16:53.051 [T:0xf910a] [DisplayControl] Enter OperationThread::OperationThread()
2025/10/14 09:16:53.051 [T:0xf910a] [DisplayControl] Enter OperationThread::CreateThread
2025/10/14 09:16:53.051 [T:0xf910a] [DisplayControl] new DisplayFunctioner
2025/10/14 09:16:53.051 [T:0xf910a] [DisplayControl] insert displayer_vector
2025/10/14 09:16:53.051 [T:0xf910a] [DisplayControl] insert modelName_SN_to_Display_map
2025/10/14 09:16:53.051 [T:0xf910a] [DisplayControl] insert device_id_to_Displayer_map_
2025/10/14 09:16:53.051 [T:0xf910a] [DisplayControl] monitor size = 2
2025/10/14 09:16:53.051 [T:0xf910a] [DisplayControl] Exit ObtainControlHandler
2025/10/14 09:16:53.051 [T:0xf910a] [DisplayControl] Enter MCCSOtherSet::GetVCP(), vcp code = 16
2025/10/14 09:16:53.131 [T:0xf910a] [DisplayControl] Exit MCCSOtherSet::GetVCP()
2025/10/14 09:16:53.131 [T:0xf910a] [DisplayControl] Enter MCCSOtherSet::GetVCP(), vcp code = 225
2025/10/14 09:16:53.206 [T:0xf910a] [DisplayControl] Exit MCCSOtherSet::GetVCP()
2025/10/14 09:16:53.313 [T:0xf910a] [DisplayControl] Enter MCCSOtherSet::GetVCP(), vcp code = 245
2025/10/14 09:16:53.395 [T:0xf910a] [DisplayControl] Exit MCCSOtherSet::GetVCP()
2025/10/14 09:16:53.504 [T:0xf910a] [DisplayControl] Enter MCCSOtherSet::GetVCP(), vcp code = 18
2025/10/14 09:16:53.585 [T:0xf910a] [DisplayControl] Exit MCCSOtherSet::GetVCP()
2025/10/14 09:16:53.689 [T:0xf910a] [DisplayControl] Enter MCCSOtherSet::GetVCP(), vcp code = 141
2025/10/14 09:16:53.770 [T:0xf910a] [DisplayControl] Exit MCCSOtherSet::GetVCP()
2025/10/14 09:16:53.876 [T:0xf910a] [DisplayControl] Enter MCCSOtherSet::GetVCP(), vcp code = 16
2025/10/14 09:16:53.958 [T:0xf910a] [DisplayControl] Exit MCCSOtherSet::GetVCP()
2025/10/14 09:16:54.066 [T:0xf910a] [DisplayControl] Enter MCCSOtherSet::GetVCP(), vcp code = 220
2025/10/14 09:16:54.147 [T:0xf910a] [DisplayControl] Exit MCCSOtherSet::GetVCP()
2025/10/14 09:16:54.253 [T:0xf910a] [DisplayControl] Enter MCCSOtherSet::GetVCP(), vcp code = 4
2025/10/14 09:16:54.333 [T:0xf910a] [DisplayControl] Exit MCCSOtherSet::GetVCP()
2025/10/14 09:16:54.438 [T:0xf910a] [DisplayControl] Enter MCCSOtherSet::GetVCP(), vcp code = 96
2025/10/14 09:16:54.518 [T:0xf910a] [DisplayControl] Exit MCCSOtherSet::GetVCP()
2025/10/14 09:16:54.626 [T:0xf910a] [DisplayControl] Enter MCCSOtherSet::GetVCP(), vcp code = 98
2025/10/14 09:16:54.708 [T:0xf910a] [DisplayControl] Exit MCCSOtherSet::GetVCP()
2025/10/14 09:16:54.815 [T:0xf910a] [DisplayControl] Enter MCCSOtherSet::GetVCP(), vcp code = 97
2025/10/14 09:16:54.896 [T:0xf910a] [DisplayControl] Exit MCCSOtherSet::GetVCP()
2025/10/14 09:16:55.003 [T:0xf910a] [DisplayControl] Enter MCCSOtherSet::GetVCP(), vcp code = 43
2025/10/14 09:16:55.083 [T:0xf910a] [DisplayControl] Exit MCCSOtherSet::GetVCP()
2025/10/14 09:16:55.189 [T:0xf910a] [DisplayControl] Enter MCCSOtherSet::GetVCP(), vcp code = 135
2025/10/14 09:16:55.270 [T:0xf910a] [DisplayControl] Exit MCCSOtherSet::GetVCP()
2025/10/14 09:16:55.379 [T:0xf910a] [DisplayControl] Enter MCCSOtherSet::GetVCP(), vcp code = 51
2025/10/14 09:16:55.461 [T:0xf910a] [DisplayControl] Exit MCCSOtherSet::GetVCP()
2025/10/14 09:16:55.567 [T:0xf910a] [DisplayControl] Enter MCCSOtherSet::GetVCP(), vcp code = 20
2025/10/14 09:16:55.648 [T:0xf910a] [DisplayControl] Exit MCCSOtherSet::GetVCP()
2025/10/14 09:16:55.754 [T:0xf910a] [DisplayControl] Enter MCCSOtherSet::GetVCP(), vcp code = 225
2025/10/14 09:16:55.839 [T:0xf910a] [DisplayControl] Exit MCCSOtherSet::GetVCP()
2025/10/14 09:16:55.941 [T:0xf910a] [DisplayControl] Enter MCCSOtherSet::GetVCP(), vcp code = 18
2025/10/14 09:16:56.027 [T:0xf910a] [DisplayControl] Exit MCCSOtherSet::GetVCP()
2025/10/14 09:16:56.131 [T:0xf910a] [DisplayControl] Enter MCCSOtherSet::GetVCP(), vcp code = 141
2025/10/14 09:16:56.216 [T:0xf910a] [DisplayControl] Exit MCCSOtherSet::GetVCP()
2025/10/14 09:16:56.317 [T:0xf910a] [DisplayControl] Enter MCCSOtherSet::GetVCP(), vcp code = 16
2025/10/14 09:16:56.402 [T:0xf910a] [DisplayControl] Exit MCCSOtherSet::GetVCP()
2025/10/14 09:16:56.503 [T:0xf910a] [DisplayControl] Enter MCCSOtherSet::GetVCP(), vcp code = 226
2025/10/14 09:16:56.588 [T:0xf910a] [DisplayControl] Exit MCCSOtherSet::GetVCP()
2025/10/14 09:16:56.691 [T:0xf910a] [DisplayControl] Enter MCCSOtherSet::GetVCP(), vcp code = 220
2025/10/14 09:16:56.778 [T:0xf910a] [DisplayControl] Exit MCCSOtherSet::GetVCP()
2025/10/14 09:16:56.879 [T:0xf910a] [DisplayControl] Enter MCCSOtherSet::GetVCP(), vcp code = 4
2025/10/14 09:16:56.966 [T:0xf910a] [DisplayControl] Exit MCCSOtherSet::GetVCP()
2025/10/14 09:16:57.069 [T:0xf910a] [DisplayControl] Enter MCCSOtherSet::GetVCP(), vcp code = 96
2025/10/14 09:16:57.154 [T:0xf910a] [DisplayControl] Exit MCCSOtherSet::GetVCP()
2025/10/14 09:16:57.258 [T:0xf910a] [DisplayControl] Enter MCCSOtherSet::GetVCP(), vcp code = 98
2025/10/14 09:16:57.345 [T:0xf910a] [DisplayControl] Exit MCCSOtherSet::GetVCP()
2025/10/14 09:16:57.449 [T:0xf910a] [DisplayControl] Enter MCCSOtherSet::GetVCP(), vcp code = 97
2025/10/14 09:16:57.534 [T:0xf910a] [DisplayControl] Exit MCCSOtherSet::GetVCP()
2025/10/14 09:16:57.636 [T:0xf910a] [DisplayControl] Enter MCCSOtherSet::GetVCP(), vcp code = 236
2025/10/14 09:16:57.722 [T:0xf910a] [DisplayControl] Exit MCCSOtherSet::GetVCP()
2025/10/14 09:16:57.827 [T:0xf910a] [DisplayControl] Enter MCCSOtherSet::GetVCP(), vcp code = 43
2025/10/14 09:16:57.914 [T:0xf910a] [DisplayControl] Exit MCCSOtherSet::GetVCP()
2025/10/14 09:16:58.019 [T:0xf910a] [DisplayControl] Enter MCCSOtherSet::GetVCP(), vcp code = 135
2025/10/14 09:16:58.104 [T:0xf910a] [DisplayControl] Exit MCCSOtherSet::GetVCP()
2025/10/14 09:16:58.208 [T:0xf910a] [DisplayControl] Enter MCCSOtherSet::GetVCP(), vcp code = 51
2025/10/14 09:16:58.293 [T:0xf910a] [DisplayControl] Exit MCCSOtherSet::GetVCP()
