2025/10/23 17:18:29.965 [T:0x900ad] [DisplayControl] Enter ObtainControlHandler1
2025/10/23 17:18:29.965 [T:0x900ad] [DisplayControl] GetVideoPortCommander
2025/10/23 17:18:29.965 [T:0x900ad] [DisplayControl] GetUSBHubCommander
2025/10/23 17:18:29.965 [T:0x900ad] ====== List p_lpo_display_info_video_port, # of devices is ======2
2025/10/23 17:18:29.965 [T:0x900ad] [DisplayControl] index of p_lpo_display_info_video_port0
2025/10/23 17:18:29.965 [T:0x900ad] [DisplayControl] Model name from VideoPort = VG2458
2025/10/23 17:18:29.965 [T:0x900ad] [DisplayControl] SN from VideoPort = YDJ243400006
2025/10/23 17:18:29.966 [T:0x900ad] [DisplayControl] index of p_lpo_display_info_video_port1
2025/10/23 17:18:29.966 [T:0x900ad] [DisplayControl] Model name from VideoPort = VG275
2025/10/23 17:18:29.966 [T:0x900ad] [DisplayControl] SN from VideoPort = XF6232400003
2025/10/23 17:18:29.966 [T:0x900ad] ====== List p_lpo_display_info_rtd_scalar_rts_hub, # of devices is ======0
2025/10/23 17:18:29.966 [T:0x900ad] [DisplayControl] GetVSRtkHubControlClientListener
2025/10/23 17:18:29.966 [T:0x900ad] [DisplayControl] max monitor count = 2
2025/10/23 17:18:29.966 [T:0x900ad] [DisplayControl] index of display_info_vec = 0
2025/10/23 17:18:29.967 [T:0x900ad] [DisplayControl] index of p_lpo_display_info_video_port = 0
2025/10/23 17:18:29.967 [T:0x900ad] [DisplayControl] VideoPortMatchingRule
2025/10/23 17:18:29.967 [T:0x900ad] [DisplayControl] monitor display_info_model_name = VG2458
2025/10/23 17:18:29.967 [T:0x900ad] [DisplayControl] monitor video_port_model_name = VG2458
2025/10/23 17:18:29.967 [T:0x900ad] [DisplayControl] monitor display_info_sn = YDJ243400006
2025/10/23 17:18:29.967 [T:0x900ad] [DisplayControl] monitor video_port_sn = YDJ243400006
2025/10/23 17:18:29.967 [T:0x900ad] [DisplayControl] model_name_match = 1
2025/10/23 17:18:29.967 [T:0x900ad] [DisplayControl] sn_match = 1
2025/10/23 17:18:29.967 [T:0x900ad] [DisplayControl] video_port is_match = 1
2025/10/23 17:18:29.967 [T:0x900ad] [DisplayControl] index of display_info_vec = 1
2025/10/23 17:18:29.967 [T:0x900ad] [DisplayControl] index of p_lpo_display_info_video_port = 0
2025/10/23 17:18:29.967 [T:0x900ad] [DisplayControl] VideoPortMatchingRule
2025/10/23 17:18:29.967 [T:0x900ad] [DisplayControl] monitor display_info_model_name = VG275
2025/10/23 17:18:29.967 [T:0x900ad] [DisplayControl] monitor video_port_model_name = VG2458
2025/10/23 17:18:29.967 [T:0x900ad] [DisplayControl] monitor display_info_sn = XF6232400003
2025/10/23 17:18:29.968 [T:0x900ad] [DisplayControl] monitor video_port_sn = YDJ243400006
2025/10/23 17:18:29.968 [T:0x900ad] [DisplayControl] model_name_match = 0
2025/10/23 17:18:29.968 [T:0x900ad] [DisplayControl] sn_match = 0
2025/10/23 17:18:29.968 [T:0x900ad] [DisplayControl] video_port is_match = 0
2025/10/23 17:18:29.968 [T:0x900ad] [DisplayControl] index of display_info_vec = 1
2025/10/23 17:18:29.968 [T:0x900ad] [DisplayControl] index of p_lpo_display_info_video_port = 1
2025/10/23 17:18:29.968 [T:0x900ad] [DisplayControl] VideoPortMatchingRule
2025/10/23 17:18:29.968 [T:0x900ad] [DisplayControl] monitor display_info_model_name = VG275
2025/10/23 17:18:29.968 [T:0x900ad] [DisplayControl] monitor video_port_model_name = VG275
2025/10/23 17:18:29.968 [T:0x900ad] [DisplayControl] monitor display_info_sn = XF6232400003
2025/10/23 17:18:29.968 [T:0x900ad] [DisplayControl] monitor video_port_sn = XF6232400003
2025/10/23 17:18:29.968 [T:0x900ad] [DisplayControl] model_name_match = 1
2025/10/23 17:18:29.968 [T:0x900ad] [DisplayControl] sn_match = 1
2025/10/23 17:18:29.968 [T:0x900ad] [DisplayControl] video_port is_match = 1
2025/10/23 17:18:29.968 [T:0x900ad] [DisplayControl] i = 0
2025/10/23 17:18:29.969 [T:0x900ad] [DisplayControl] Enter OperationThread::OperationThread()
2025/10/23 17:18:29.969 [T:0x900ad] [DisplayControl] Enter OperationThread::CreateThread
2025/10/23 17:18:29.969 [T:0x900ad] [DisplayControl] new DisplayFunctioner
2025/10/23 17:18:29.969 [T:0x900ad] [DisplayControl] insert displayer_vector
2025/10/23 17:18:29.969 [T:0x900ad] [DisplayControl] insert modelName_SN_to_Display_map
2025/10/23 17:18:29.969 [T:0x900ad] [DisplayControl] insert device_id_to_Displayer_map_
2025/10/23 17:18:29.969 [T:0x900ad] [DisplayControl] i = 1
2025/10/23 17:18:29.969 [T:0x900ad] [DisplayControl] Enter OperationThread::OperationThread()
2025/10/23 17:18:29.969 [T:0x900ad] [DisplayControl] Enter OperationThread::CreateThread
2025/10/23 17:18:29.969 [T:0x900ad] [DisplayControl] new DisplayFunctioner
2025/10/23 17:18:29.970 [T:0x900ad] [DisplayControl] insert displayer_vector
2025/10/23 17:18:29.970 [T:0x900ad] [DisplayControl] insert modelName_SN_to_Display_map
2025/10/23 17:18:29.970 [T:0x900ad] [DisplayControl] insert device_id_to_Displayer_map_
2025/10/23 17:18:29.970 [T:0x900ad] [DisplayControl] monitor size = 2
2025/10/23 17:18:29.970 [T:0x900ad] [DisplayControl] Exit ObtainControlHandler
2025/10/23 17:18:29.970 [T:0x900ad] [DisplayControl] Enter MCCSOtherSet::GetVCP(), vcp code = 96
2025/10/23 17:18:30.053 [T:0x900ad] [DisplayControl] Exit MCCSOtherSet::GetVCP()
2025/10/23 17:18:30.387 [T:0x900ad] [DisplayControl] Enter MCCSOtherSet::GetVCP(), vcp code = 96
2025/10/23 17:18:30.499 [T:0x900ad] [DisplayControl] Exit MCCSOtherSet::GetVCP()
2025/10/23 17:18:30.847 [T:0x900ad] [DisplayControl] Enter MCCSOtherSet::SetVCP(), vcp code = 51
2025/10/23 17:18:31.058 [T:0x900ad] [DisplayControl] Exit MCCSOtherSet::SetVCP()
2025/10/23 17:18:31.059 [T:0x900ad] [DisplayControl] Enter MCCSOtherSet::SetVCP(), vcp code = 51
2025/10/23 17:18:31.283 [T:0x900ad] [DisplayControl] Exit MCCSOtherSet::SetVCP()
2025/10/23 17:18:31.286 [T:0x900ad] [DisplayControl] Enter MCCSOtherSet::GetVCP(), vcp code = 135
2025/10/23 17:18:31.387 [T:0x900ad] [DisplayControl] Exit MCCSOtherSet::GetVCP()
2025/10/23 17:18:31.501 [T:0x900ad] [DisplayControl] Enter MCCSOtherSet::GetVCP(), vcp code = 98
2025/10/23 17:18:31.630 [T:0x900ad] [DisplayControl] Exit MCCSOtherSet::GetVCP()
2025/10/23 17:18:31.736 [T:0x900ad] [DisplayControl] Enter MCCSOtherSet::GetVCP(), vcp code = 20
2025/10/23 17:18:31.874 [T:0x900ad] [DisplayControl] Exit MCCSOtherSet::GetVCP()
2025/10/23 17:18:31.987 [T:0x900ad] [DisplayControl] Enter MCCSOtherSet::GetVCP(), vcp code = 225
2025/10/23 17:18:32.126 [T:0x900ad] [DisplayControl] Exit MCCSOtherSet::GetVCP()
2025/10/23 17:18:32.238 [T:0x900ad] [DisplayControl] Enter MCCSOtherSet::GetVCP(), vcp code = 18
2025/10/23 17:18:32.320 [T:0x900ad] [DisplayControl] Exit MCCSOtherSet::GetVCP()
2025/10/23 17:18:32.427 [T:0x900ad] [DisplayControl] Enter MCCSOtherSet::GetVCP(), vcp code = 96
2025/10/23 17:18:32.508 [T:0x900ad] [DisplayControl] Exit MCCSOtherSet::GetVCP()
2025/10/23 17:18:32.615 [T:0x900ad] [DisplayControl] Enter MCCSOtherSet::GetVCP(), vcp code = 220
2025/10/23 17:18:32.696 [T:0x900ad] [DisplayControl] Exit MCCSOtherSet::GetVCP()
2025/10/23 17:18:32.804 [T:0x900ad] [DisplayControl] Enter MCCSOtherSet::GetVCP(), vcp code = 4
2025/10/23 17:18:32.926 [T:0x900ad] [DisplayControl] Exit MCCSOtherSet::GetVCP()
2025/10/23 17:18:33.039 [T:0x900ad] [DisplayControl] Enter MCCSOtherSet::GetVCP(), vcp code = 43
2025/10/23 17:18:33.161 [T:0x900ad] [DisplayControl] Exit MCCSOtherSet::GetVCP()
2025/10/23 17:18:33.274 [T:0x900ad] [DisplayControl] Enter MCCSOtherSet::GetVCP(), vcp code = 245
2025/10/23 17:18:33.396 [T:0x900ad] [DisplayControl] Exit MCCSOtherSet::GetVCP()
2025/10/23 17:18:33.510 [T:0x900ad] [DisplayControl] Enter MCCSOtherSet::GetVCP(), vcp code = 51
2025/10/23 17:18:33.607 [T:0x900ad] [DisplayControl] Exit MCCSOtherSet::GetVCP()
2025/10/23 17:18:33.714 [T:0x900ad] [DisplayControl] Enter MCCSOtherSet::GetVCP(), vcp code = 16
2025/10/23 17:18:33.837 [T:0x900ad] [DisplayControl] Exit MCCSOtherSet::GetVCP()
2025/10/23 17:18:33.949 [T:0x900ad] [DisplayControl] Enter MCCSOtherSet::GetVCP(), vcp code = 97
2025/10/23 17:18:34.063 [T:0x900ad] [DisplayControl] Exit MCCSOtherSet::GetVCP()
2025/10/23 17:18:34.169 [T:0x900ad] [DisplayControl] Enter MCCSOtherSet::GetVCP(), vcp code = 141
2025/10/23 17:18:34.308 [T:0x900ad] [DisplayControl] Exit MCCSOtherSet::GetVCP()
2025/10/23 17:18:34.422 [T:0x900ad] [DisplayControl] Enter MCCSOtherSet::GetVCP(), vcp code = 135
2025/10/23 17:18:34.565 [T:0x900ad] [DisplayControl] Exit MCCSOtherSet::GetVCP()
2025/10/23 17:18:34.671 [T:0x900ad] [DisplayControl] Enter MCCSOtherSet::GetVCP(), vcp code = 98
2025/10/23 17:18:34.799 [T:0x900ad] [DisplayControl] Exit MCCSOtherSet::GetVCP()
2025/10/23 17:18:34.907 [T:0x900ad] [DisplayControl] Enter MCCSOtherSet::GetVCP(), vcp code = 225
2025/10/23 17:18:35.050 [T:0x900ad] [DisplayControl] Exit MCCSOtherSet::GetVCP()
2025/10/23 17:18:35.158 [T:0x900ad] [DisplayControl] Enter MCCSOtherSet::GetVCP(), vcp code = 18
2025/10/23 17:18:35.318 [T:0x900ad] [DisplayControl] Exit MCCSOtherSet::GetVCP()
2025/10/23 17:18:35.425 [T:0x900ad] [DisplayControl] Enter MCCSOtherSet::GetVCP(), vcp code = 96
2025/10/23 17:18:35.574 [T:0x900ad] [DisplayControl] Exit MCCSOtherSet::GetVCP()
2025/10/23 17:18:35.676 [T:0x900ad] [DisplayControl] Enter MCCSOtherSet::GetVCP(), vcp code = 236
2025/10/23 17:18:35.821 [T:0x900ad] [DisplayControl] Exit MCCSOtherSet::GetVCP()
2025/10/23 17:18:35.928 [T:0x900ad] [DisplayControl] Enter MCCSOtherSet::GetVCP(), vcp code = 220
2025/10/23 17:18:36.071 [T:0x900ad] [DisplayControl] Exit MCCSOtherSet::GetVCP()
2025/10/23 17:18:36.179 [T:0x900ad] [DisplayControl] Enter MCCSOtherSet::GetVCP(), vcp code = 4
2025/10/23 17:18:36.339 [T:0x900ad] [DisplayControl] Exit MCCSOtherSet::GetVCP()
2025/10/23 17:18:36.445 [T:0x900ad] [DisplayControl] Enter MCCSOtherSet::GetVCP(), vcp code = 43
2025/10/23 17:18:36.604 [T:0x900ad] [DisplayControl] Exit MCCSOtherSet::GetVCP()
2025/10/23 17:18:36.712 [T:0x900ad] [DisplayControl] Enter MCCSOtherSet::GetVCP(), vcp code = 51
2025/10/23 17:18:36.840 [T:0x900ad] [DisplayControl] Exit MCCSOtherSet::GetVCP()
2025/10/23 17:18:36.948 [T:0x900ad] [DisplayControl] Enter MCCSOtherSet::GetVCP(), vcp code = 16
2025/10/23 17:18:37.124 [T:0x900ad] [DisplayControl] Exit MCCSOtherSet::GetVCP()
2025/10/23 17:18:37.231 [T:0x900ad] [DisplayControl] Enter MCCSOtherSet::GetVCP(), vcp code = 97
2025/10/23 17:18:37.375 [T:0x900ad] [DisplayControl] Exit MCCSOtherSet::GetVCP()
2025/10/23 17:18:37.481 [T:0x900ad] [DisplayControl] Enter MCCSOtherSet::GetVCP(), vcp code = 226
2025/10/23 17:18:37.598 [T:0x900ad] [DisplayControl] Exit MCCSOtherSet::GetVCP()
2025/10/23 17:18:37.701 [T:0x900ad] [DisplayControl] Enter MCCSOtherSet::GetVCP(), vcp code = 141
2025/10/23 17:18:37.846 [T:0x900ad] [DisplayControl] Exit MCCSOtherSet::GetVCP()
2025/10/23 17:18:37.980 [T:0x900ad] [DisplayControl] Enter MCCSOtherSet::GetVCP(), vcp code = 96
2025/10/23 17:18:38.091 [T:0x900ad] [DisplayControl] Exit MCCSOtherSet::GetVCP()
2025/10/23 17:18:38.092 [T:0x900ad] [DisplayControl] Enter MCCSOtherSet::GetVCP(), vcp code = 96
2025/10/23 17:18:38.224 [T:0x900ad] [DisplayControl] Exit MCCSOtherSet::GetVCP()
2025/10/23 17:18:38.853 [T:0x82611] [DisplayControl] Enter MCCSOtherSet::SetVCP(), vcp code = 51
2025/10/23 17:18:39.008 [T:0x82611] [DisplayControl] Exit MCCSOtherSet::SetVCP()
2025/10/23 17:19:17.475 [T:0x26deb] [DisplayControl] Enter MCCSOtherSet::SetVCP(), vcp code = 4
2025/10/23 17:19:18.414 [T:0x26deb] [DisplayControl] Exit MCCSOtherSet::SetVCP()
2025/10/23 17:19:23.539 [T:0x26deb] [DisplayControl] Enter OperationThread::ExitThread
2025/10/23 17:19:23.539 [T:0x26deb] [DisplayControl] Exit OperationThread::ExitThread
2025/10/23 17:19:23.539 [T:0x26deb] [DisplayControl] Enter OperationThread::~OperationThread()
2025/10/23 17:19:23.539 [T:0x26deb] [DisplayControl] Enter OperationThread::ExitThread
2025/10/23 17:19:23.539 [T:0x26deb] [DisplayControl] Enter OperationThread::ExitThread
2025/10/23 17:19:23.539 [T:0x26deb] [DisplayControl] Exit OperationThread::ExitThread
2025/10/23 17:19:23.539 [T:0x26deb] [DisplayControl] Enter OperationThread::~OperationThread()
2025/10/23 17:19:23.539 [T:0x26deb] [DisplayControl] Enter OperationThread::ExitThread
2025/10/23 17:19:23.564 [T:0x26deb] [DbgStr] After calling display_control_client_listener_video_port_.UpdateAllDisplayPath()
2025/10/23 17:19:23.580 [T:0x26deb] [DbgStr] After calling display_control_client_listener_.GetAllDisplayEDID()
2025/10/23 17:19:23.583 [T:0x26deb] [DisplayControl] Version = 3.0.6.0
2025/10/23 17:19:23.583 [T:0x26deb] [DisplayControl] Enter ObtainControlHandler1
2025/10/23 17:19:23.583 [T:0x26deb] [DisplayControl] GetVideoPortCommander
2025/10/23 17:19:23.583 [T:0x26deb] [DisplayControl] GetUSBHubCommander
2025/10/23 17:19:23.583 [T:0x26deb] ====== List p_lpo_display_info_video_port, # of devices is ======2
2025/10/23 17:19:23.583 [T:0x26deb] [DisplayControl] index of p_lpo_display_info_video_port0
2025/10/23 17:19:23.583 [T:0x26deb] [DisplayControl] Model name from VideoPort = VG2458
2025/10/23 17:19:23.583 [T:0x26deb] [DisplayControl] SN from VideoPort = YDJ243400006
2025/10/23 17:19:23.583 [T:0x26deb] [DisplayControl] index of p_lpo_display_info_video_port1
2025/10/23 17:19:23.583 [T:0x26deb] [DisplayControl] Model name from VideoPort = VG275
2025/10/23 17:19:23.583 [T:0x26deb] [DisplayControl] SN from VideoPort = XF6232400003
2025/10/23 17:19:23.583 [T:0x26deb] ====== List p_lpo_display_info_rtd_scalar_rts_hub, # of devices is ======0
2025/10/23 17:19:23.583 [T:0x26deb] [DisplayControl] GetVSRtkHubControlClientListener
2025/10/23 17:19:23.583 [T:0x26deb] [DisplayControl] max monitor count = 2
2025/10/23 17:19:23.583 [T:0x26deb] [DisplayControl] index of display_info_vec = 0
2025/10/23 17:19:23.583 [T:0x26deb] [DisplayControl] index of p_lpo_display_info_video_port = 0
2025/10/23 17:19:23.583 [T:0x26deb] [DisplayControl] VideoPortMatchingRule
2025/10/23 17:19:23.583 [T:0x26deb] [DisplayControl] monitor display_info_model_name = VG2458
2025/10/23 17:19:23.583 [T:0x26deb] [DisplayControl] monitor video_port_model_name = VG2458
2025/10/23 17:19:23.583 [T:0x26deb] [DisplayControl] monitor display_info_sn = YDJ243400006
2025/10/23 17:19:23.584 [T:0x26deb] [DisplayControl] monitor video_port_sn = YDJ243400006
2025/10/23 17:19:23.584 [T:0x26deb] [DisplayControl] model_name_match = 1
2025/10/23 17:19:23.584 [T:0x26deb] [DisplayControl] sn_match = 1
2025/10/23 17:19:23.584 [T:0x26deb] [DisplayControl] video_port is_match = 1
2025/10/23 17:19:23.584 [T:0x26deb] [DisplayControl] index of display_info_vec = 1
2025/10/23 17:19:23.584 [T:0x26deb] [DisplayControl] index of p_lpo_display_info_video_port = 0
2025/10/23 17:19:23.584 [T:0x26deb] [DisplayControl] VideoPortMatchingRule
2025/10/23 17:19:23.584 [T:0x26deb] [DisplayControl] monitor display_info_model_name = VG275
2025/10/23 17:19:23.584 [T:0x26deb] [DisplayControl] monitor video_port_model_name = VG2458
2025/10/23 17:19:23.584 [T:0x26deb] [DisplayControl] monitor display_info_sn = XF6232400003
2025/10/23 17:19:23.584 [T:0x26deb] [DisplayControl] monitor video_port_sn = YDJ243400006
2025/10/23 17:19:23.584 [T:0x26deb] [DisplayControl] model_name_match = 0
2025/10/23 17:19:23.584 [T:0x26deb] [DisplayControl] sn_match = 0
2025/10/23 17:19:23.584 [T:0x26deb] [DisplayControl] video_port is_match = 0
2025/10/23 17:19:23.584 [T:0x26deb] [DisplayControl] index of display_info_vec = 1
2025/10/23 17:19:23.584 [T:0x26deb] [DisplayControl] index of p_lpo_display_info_video_port = 1
2025/10/23 17:19:23.584 [T:0x26deb] [DisplayControl] VideoPortMatchingRule
2025/10/23 17:19:23.584 [T:0x26deb] [DisplayControl] monitor display_info_model_name = VG275
2025/10/23 17:19:23.584 [T:0x26deb] [DisplayControl] monitor video_port_model_name = VG275
2025/10/23 17:19:23.584 [T:0x26deb] [DisplayControl] monitor display_info_sn = XF6232400003
2025/10/23 17:19:23.584 [T:0x26deb] [DisplayControl] monitor video_port_sn = XF6232400003
2025/10/23 17:19:23.584 [T:0x26deb] [DisplayControl] model_name_match = 1
2025/10/23 17:19:23.584 [T:0x26deb] [DisplayControl] sn_match = 1
2025/10/23 17:19:23.584 [T:0x26deb] [DisplayControl] video_port is_match = 1
2025/10/23 17:19:23.584 [T:0x26deb] [DisplayControl] i = 0
2025/10/23 17:19:23.584 [T:0x26deb] [DisplayControl] Enter OperationThread::OperationThread()
2025/10/23 17:19:23.584 [T:0x26deb] [DisplayControl] Enter OperationThread::CreateThread
2025/10/23 17:19:23.585 [T:0x26deb] [DisplayControl] new DisplayFunctioner
2025/10/23 17:19:23.585 [T:0x26deb] [DisplayControl] insert displayer_vector
2025/10/23 17:19:23.585 [T:0x26deb] [DisplayControl] insert modelName_SN_to_Display_map
2025/10/23 17:19:23.585 [T:0x26deb] [DisplayControl] insert device_id_to_Displayer_map_
2025/10/23 17:19:23.585 [T:0x26deb] [DisplayControl] i = 1
2025/10/23 17:19:23.585 [T:0x26deb] [DisplayControl] Enter OperationThread::OperationThread()
2025/10/23 17:19:23.585 [T:0x26deb] [DisplayControl] Enter OperationThread::CreateThread
2025/10/23 17:19:23.585 [T:0x26deb] [DisplayControl] new DisplayFunctioner
2025/10/23 17:19:23.585 [T:0x26deb] [DisplayControl] insert displayer_vector
2025/10/23 17:19:23.585 [T:0x26deb] [DisplayControl] insert modelName_SN_to_Display_map
2025/10/23 17:19:23.585 [T:0x26deb] [DisplayControl] insert device_id_to_Displayer_map_
2025/10/23 17:19:23.585 [T:0x26deb] [DisplayControl] monitor size = 2
2025/10/23 17:19:23.585 [T:0x26deb] [DisplayControl] Exit ObtainControlHandler
2025/10/23 17:19:23.585 [T:0x26deb] [DisplayControl] Enter MCCSOtherSet::GetVCP(), vcp code = 16
2025/10/23 17:19:23.667 [T:0x26deb] [DisplayControl] Exit MCCSOtherSet::GetVCP()
2025/10/23 17:19:23.668 [T:0x26deb] [DisplayControl] Enter MCCSOtherSet::GetVCP(), vcp code = 135
2025/10/23 17:19:23.809 [T:0x26deb] [DisplayControl] Exit MCCSOtherSet::GetVCP()
2025/10/23 17:19:23.915 [T:0x26deb] [DisplayControl] Enter MCCSOtherSet::GetVCP(), vcp code = 98
2025/10/23 17:19:23.997 [T:0x26deb] [DisplayControl] Exit MCCSOtherSet::GetVCP()
2025/10/23 17:19:24.103 [T:0x26deb] [DisplayControl] Enter MCCSOtherSet::GetVCP(), vcp code = 20
2025/10/23 17:19:24.186 [T:0x26deb] [DisplayControl] Exit MCCSOtherSet::GetVCP()
2025/10/23 17:19:24.292 [T:0x26deb] [DisplayControl] Enter MCCSOtherSet::GetVCP(), vcp code = 225
2025/10/23 17:19:24.373 [T:0x26deb] [DisplayControl] Exit MCCSOtherSet::GetVCP()
2025/10/23 17:19:24.480 [T:0x26deb] [DisplayControl] Enter MCCSOtherSet::GetVCP(), vcp code = 18
2025/10/23 17:19:24.561 [T:0x26deb] [DisplayControl] Exit MCCSOtherSet::GetVCP()
2025/10/23 17:19:24.668 [T:0x26deb] [DisplayControl] Enter MCCSOtherSet::GetVCP(), vcp code = 96
2025/10/23 17:19:24.750 [T:0x26deb] [DisplayControl] Exit MCCSOtherSet::GetVCP()
2025/10/23 17:19:24.856 [T:0x26deb] [DisplayControl] Enter MCCSOtherSet::GetVCP(), vcp code = 220
2025/10/23 17:19:24.938 [T:0x26deb] [DisplayControl] Exit MCCSOtherSet::GetVCP()
2025/10/23 17:19:25.044 [T:0x26deb] [DisplayControl] Enter MCCSOtherSet::GetVCP(), vcp code = 4
2025/10/23 17:19:25.126 [T:0x26deb] [DisplayControl] Exit MCCSOtherSet::GetVCP()
2025/10/23 17:19:25.233 [T:0x26deb] [DisplayControl] Enter MCCSOtherSet::GetVCP(), vcp code = 43
2025/10/23 17:19:25.315 [T:0x26deb] [DisplayControl] Exit MCCSOtherSet::GetVCP()
2025/10/23 17:19:25.421 [T:0x26deb] [DisplayControl] Enter MCCSOtherSet::GetVCP(), vcp code = 245
2025/10/23 17:19:25.503 [T:0x26deb] [DisplayControl] Exit MCCSOtherSet::GetVCP()
2025/10/23 17:19:25.609 [T:0x26deb] [DisplayControl] Enter MCCSOtherSet::GetVCP(), vcp code = 51
2025/10/23 17:19:25.691 [T:0x26deb] [DisplayControl] Exit MCCSOtherSet::GetVCP()
2025/10/23 17:19:25.798 [T:0x26deb] [DisplayControl] Enter MCCSOtherSet::GetVCP(), vcp code = 16
2025/10/23 17:19:25.880 [T:0x26deb] [DisplayControl] Exit MCCSOtherSet::GetVCP()
2025/10/23 17:19:25.903 [T:0x900ad] [DisplayControl] Enter MCCSOtherSet::GetVCP(), vcp code = 96
2025/10/23 17:19:25.987 [T:0x26deb] [DisplayControl] Enter MCCSOtherSet::GetVCP(), vcp code = 97
2025/10/23 17:19:26.061 [T:0x900ad] [DisplayControl] Exit MCCSOtherSet::GetVCP()
2025/10/23 17:19:26.236 [T:0x26deb] [DisplayControl] Exit MCCSOtherSet::GetVCP()
2025/10/23 17:19:26.338 [T:0x26deb] [DisplayControl] Enter MCCSOtherSet::GetVCP(), vcp code = 141
2025/10/23 17:19:26.599 [T:0x26deb] [DisplayControl] Exit MCCSOtherSet::GetVCP()
2025/10/23 17:19:26.712 [T:0x26deb] [DisplayControl] Enter MCCSOtherSet::GetVCP(), vcp code = 135
2025/10/23 17:19:26.799 [T:0x26deb] [DisplayControl] Exit MCCSOtherSet::GetVCP()
2025/10/23 17:19:26.901 [T:0x26deb] [DisplayControl] Enter MCCSOtherSet::GetVCP(), vcp code = 98
2025/10/23 17:19:26.986 [T:0x26deb] [DisplayControl] Exit MCCSOtherSet::GetVCP()
2025/10/23 17:19:27.089 [T:0x26deb] [DisplayControl] Enter MCCSOtherSet::GetVCP(), vcp code = 225
2025/10/23 17:19:27.175 [T:0x26deb] [DisplayControl] Exit MCCSOtherSet::GetVCP()
2025/10/23 17:19:27.277 [T:0x26deb] [DisplayControl] Enter MCCSOtherSet::GetVCP(), vcp code = 18
2025/10/23 17:19:27.363 [T:0x26deb] [DisplayControl] Exit MCCSOtherSet::GetVCP()
2025/10/23 17:19:27.465 [T:0x26deb] [DisplayControl] Enter MCCSOtherSet::GetVCP(), vcp code = 96
2025/10/23 17:19:27.551 [T:0x26deb] [DisplayControl] Exit MCCSOtherSet::GetVCP()
2025/10/23 17:19:27.653 [T:0x26deb] [DisplayControl] Enter MCCSOtherSet::GetVCP(), vcp code = 236
2025/10/23 17:19:27.740 [T:0x26deb] [DisplayControl] Exit MCCSOtherSet::GetVCP()
2025/10/23 17:19:27.841 [T:0x26deb] [DisplayControl] Enter MCCSOtherSet::GetVCP(), vcp code = 220
2025/10/23 17:19:27.928 [T:0x26deb] [DisplayControl] Exit MCCSOtherSet::GetVCP()
2025/10/23 17:19:28.029 [T:0x26deb] [DisplayControl] Enter MCCSOtherSet::GetVCP(), vcp code = 4
2025/10/23 17:19:28.116 [T:0x26deb] [DisplayControl] Exit MCCSOtherSet::GetVCP()
2025/10/23 17:19:28.218 [T:0x26deb] [DisplayControl] Enter MCCSOtherSet::GetVCP(), vcp code = 43
2025/10/23 17:19:28.304 [T:0x26deb] [DisplayControl] Exit MCCSOtherSet::GetVCP()
2025/10/23 17:19:28.406 [T:0x26deb] [DisplayControl] Enter MCCSOtherSet::GetVCP(), vcp code = 51
2025/10/23 17:19:28.492 [T:0x26deb] [DisplayControl] Exit MCCSOtherSet::GetVCP()
2025/10/23 17:19:28.595 [T:0x26deb] [DisplayControl] Enter MCCSOtherSet::GetVCP(), vcp code = 16
2025/10/23 17:19:28.681 [T:0x26deb] [DisplayControl] Exit MCCSOtherSet::GetVCP()
2025/10/23 17:19:28.783 [T:0x26deb] [DisplayControl] Enter MCCSOtherSet::GetVCP(), vcp code = 97
2025/10/23 17:19:28.868 [T:0x26deb] [DisplayControl] Exit MCCSOtherSet::GetVCP()
2025/10/23 17:19:28.971 [T:0x26deb] [DisplayControl] Enter MCCSOtherSet::GetVCP(), vcp code = 226
2025/10/23 17:19:29.057 [T:0x26deb] [DisplayControl] Exit MCCSOtherSet::GetVCP()
2025/10/23 17:19:29.159 [T:0x26deb] [DisplayControl] Enter MCCSOtherSet::GetVCP(), vcp code = 141
2025/10/23 17:19:29.245 [T:0x26deb] [DisplayControl] Exit MCCSOtherSet::GetVCP()
2025/10/23 17:20:50.080 [T:0x900ad] [DisplayControl] Enter MCCSOtherSet::GetVCP(), vcp code = 96
2025/10/23 17:20:50.188 [T:0x900ad] [DisplayControl] Exit MCCSOtherSet::GetVCP()
2025/10/23 17:20:50.371 [T:0x0a67c] [DisplayControl] Enter MCCSOtherSet::GetVCP(), vcp code = 135
2025/10/23 17:20:50.539 [T:0x0a67c] [DisplayControl] Exit MCCSOtherSet::GetVCP()
2025/10/23 17:20:50.643 [T:0x0a67c] [DisplayControl] Enter MCCSOtherSet::GetVCP(), vcp code = 98
2025/10/23 17:20:50.729 [T:0x0a67c] [DisplayControl] Exit MCCSOtherSet::GetVCP()
2025/10/23 17:20:50.832 [T:0x0a67c] [DisplayControl] Enter MCCSOtherSet::GetVCP(), vcp code = 225
2025/10/23 17:20:50.918 [T:0x0a67c] [DisplayControl] Exit MCCSOtherSet::GetVCP()
2025/10/23 17:20:51.020 [T:0x0a67c] [DisplayControl] Enter MCCSOtherSet::GetVCP(), vcp code = 18
2025/10/23 17:20:51.106 [T:0x0a67c] [DisplayControl] Exit MCCSOtherSet::GetVCP()
2025/10/23 17:20:51.208 [T:0x0a67c] [DisplayControl] Enter MCCSOtherSet::GetVCP(), vcp code = 96
2025/10/23 17:20:51.295 [T:0x0a67c] [DisplayControl] Exit MCCSOtherSet::GetVCP()
2025/10/23 17:20:51.396 [T:0x0a67c] [DisplayControl] Enter MCCSOtherSet::GetVCP(), vcp code = 236
2025/10/23 17:20:51.482 [T:0x0a67c] [DisplayControl] Exit MCCSOtherSet::GetVCP()
2025/10/23 17:20:51.585 [T:0x0a67c] [DisplayControl] Enter MCCSOtherSet::GetVCP(), vcp code = 220
2025/10/23 17:20:51.670 [T:0x0a67c] [DisplayControl] Exit MCCSOtherSet::GetVCP()
2025/10/23 17:20:51.772 [T:0x0a67c] [DisplayControl] Enter MCCSOtherSet::GetVCP(), vcp code = 4
2025/10/23 17:20:51.859 [T:0x0a67c] [DisplayControl] Exit MCCSOtherSet::GetVCP()
2025/10/23 17:20:51.961 [T:0x0a67c] [DisplayControl] Enter MCCSOtherSet::GetVCP(), vcp code = 43
2025/10/23 17:20:52.047 [T:0x0a67c] [DisplayControl] Exit MCCSOtherSet::GetVCP()
2025/10/23 17:20:52.149 [T:0x0a67c] [DisplayControl] Enter MCCSOtherSet::GetVCP(), vcp code = 51
2025/10/23 17:20:52.235 [T:0x0a67c] [DisplayControl] Exit MCCSOtherSet::GetVCP()
2025/10/23 17:20:52.338 [T:0x0a67c] [DisplayControl] Enter MCCSOtherSet::GetVCP(), vcp code = 16
2025/10/23 17:20:52.424 [T:0x0a67c] [DisplayControl] Exit MCCSOtherSet::GetVCP()
2025/10/23 17:20:52.526 [T:0x0a67c] [DisplayControl] Enter MCCSOtherSet::GetVCP(), vcp code = 97
2025/10/23 17:20:52.612 [T:0x0a67c] [DisplayControl] Exit MCCSOtherSet::GetVCP()
2025/10/23 17:20:52.714 [T:0x0a67c] [DisplayControl] Enter MCCSOtherSet::GetVCP(), vcp code = 226
2025/10/23 17:20:52.800 [T:0x0a67c] [DisplayControl] Exit MCCSOtherSet::GetVCP()
2025/10/23 17:20:52.903 [T:0x0a67c] [DisplayControl] Enter MCCSOtherSet::GetVCP(), vcp code = 141
2025/10/23 17:20:52.988 [T:0x0a67c] [DisplayControl] Exit MCCSOtherSet::GetVCP()
2025/10/23 17:21:06.836 [T:0x0a67c] [DisplayControl] Enter MCCSOtherSet::SetVCP(), vcp code = 4
2025/10/23 17:21:07.778 [T:0x0a67c] [DisplayControl] Exit MCCSOtherSet::SetVCP()
2025/10/23 17:21:12.901 [T:0x0a67c] [DisplayControl] Enter OperationThread::ExitThread
2025/10/23 17:21:12.902 [T:0x0a67c] [DisplayControl] Exit OperationThread::ExitThread
2025/10/23 17:21:12.902 [T:0x0a67c] [DisplayControl] Enter OperationThread::~OperationThread()
2025/10/23 17:21:12.902 [T:0x0a67c] [DisplayControl] Enter OperationThread::ExitThread
2025/10/23 17:21:12.902 [T:0x0a67c] [DisplayControl] Enter OperationThread::ExitThread
2025/10/23 17:21:12.902 [T:0x0a67c] [DisplayControl] Exit OperationThread::ExitThread
2025/10/23 17:21:12.902 [T:0x0a67c] [DisplayControl] Enter OperationThread::~OperationThread()
2025/10/23 17:21:12.902 [T:0x0a67c] [DisplayControl] Enter OperationThread::ExitThread
2025/10/23 17:21:12.926 [T:0x0a67c] [DbgStr] After calling display_control_client_listener_video_port_.UpdateAllDisplayPath()
2025/10/23 17:21:12.942 [T:0x0a67c] [DbgStr] After calling display_control_client_listener_.GetAllDisplayEDID()
2025/10/23 17:21:12.943 [T:0x0a67c] [DisplayControl] Version = 3.0.6.0
2025/10/23 17:21:12.943 [T:0x0a67c] [DisplayControl] Enter ObtainControlHandler1
2025/10/23 17:21:12.944 [T:0x0a67c] [DisplayControl] GetVideoPortCommander
2025/10/23 17:21:12.944 [T:0x0a67c] [DisplayControl] GetUSBHubCommander
2025/10/23 17:21:12.944 [T:0x0a67c] ====== List p_lpo_display_info_video_port, # of devices is ======2
2025/10/23 17:21:12.944 [T:0x0a67c] [DisplayControl] index of p_lpo_display_info_video_port0
2025/10/23 17:21:12.944 [T:0x0a67c] [DisplayControl] Model name from VideoPort = VG2458
2025/10/23 17:21:12.944 [T:0x0a67c] [DisplayControl] SN from VideoPort = YDJ243400006
2025/10/23 17:21:12.944 [T:0x0a67c] [DisplayControl] index of p_lpo_display_info_video_port1
2025/10/23 17:21:12.944 [T:0x0a67c] [DisplayControl] Model name from VideoPort = VG275
2025/10/23 17:21:12.944 [T:0x0a67c] [DisplayControl] SN from VideoPort = XF6232400003
2025/10/23 17:21:12.944 [T:0x0a67c] ====== List p_lpo_display_info_rtd_scalar_rts_hub, # of devices is ======0
2025/10/23 17:21:12.944 [T:0x0a67c] [DisplayControl] GetVSRtkHubControlClientListener
2025/10/23 17:21:12.944 [T:0x0a67c] [DisplayControl] max monitor count = 2
2025/10/23 17:21:12.944 [T:0x0a67c] [DisplayControl] index of display_info_vec = 0
2025/10/23 17:21:12.944 [T:0x0a67c] [DisplayControl] index of p_lpo_display_info_video_port = 0
2025/10/23 17:21:12.944 [T:0x0a67c] [DisplayControl] VideoPortMatchingRule
2025/10/23 17:21:12.944 [T:0x0a67c] [DisplayControl] monitor display_info_model_name = VG2458
2025/10/23 17:21:12.944 [T:0x0a67c] [DisplayControl] monitor video_port_model_name = VG2458
2025/10/23 17:21:12.944 [T:0x0a67c] [DisplayControl] monitor display_info_sn = YDJ243400006
2025/10/23 17:21:12.944 [T:0x0a67c] [DisplayControl] monitor video_port_sn = YDJ243400006
2025/10/23 17:21:12.944 [T:0x0a67c] [DisplayControl] model_name_match = 1
2025/10/23 17:21:12.944 [T:0x0a67c] [DisplayControl] sn_match = 1
2025/10/23 17:21:12.944 [T:0x0a67c] [DisplayControl] video_port is_match = 1
2025/10/23 17:21:12.944 [T:0x0a67c] [DisplayControl] index of display_info_vec = 1
2025/10/23 17:21:12.944 [T:0x0a67c] [DisplayControl] index of p_lpo_display_info_video_port = 0
2025/10/23 17:21:12.944 [T:0x0a67c] [DisplayControl] VideoPortMatchingRule
2025/10/23 17:21:12.944 [T:0x0a67c] [DisplayControl] monitor display_info_model_name = VG275
2025/10/23 17:21:12.945 [T:0x0a67c] [DisplayControl] monitor video_port_model_name = VG2458
2025/10/23 17:21:12.945 [T:0x0a67c] [DisplayControl] monitor display_info_sn = XF6232400003
2025/10/23 17:21:12.945 [T:0x0a67c] [DisplayControl] monitor video_port_sn = YDJ243400006
2025/10/23 17:21:12.945 [T:0x0a67c] [DisplayControl] model_name_match = 0
2025/10/23 17:21:12.945 [T:0x0a67c] [DisplayControl] sn_match = 0
2025/10/23 17:21:12.945 [T:0x0a67c] [DisplayControl] video_port is_match = 0
2025/10/23 17:21:12.945 [T:0x0a67c] [DisplayControl] index of display_info_vec = 1
2025/10/23 17:21:12.945 [T:0x0a67c] [DisplayControl] index of p_lpo_display_info_video_port = 1
2025/10/23 17:21:12.945 [T:0x0a67c] [DisplayControl] VideoPortMatchingRule
2025/10/23 17:21:12.945 [T:0x0a67c] [DisplayControl] monitor display_info_model_name = VG275
2025/10/23 17:21:12.945 [T:0x0a67c] [DisplayControl] monitor video_port_model_name = VG275
2025/10/23 17:21:12.945 [T:0x0a67c] [DisplayControl] monitor display_info_sn = XF6232400003
2025/10/23 17:21:12.945 [T:0x0a67c] [DisplayControl] monitor video_port_sn = XF6232400003
2025/10/23 17:21:12.945 [T:0x0a67c] [DisplayControl] model_name_match = 1
2025/10/23 17:21:12.945 [T:0x0a67c] [DisplayControl] sn_match = 1
2025/10/23 17:21:12.945 [T:0x0a67c] [DisplayControl] video_port is_match = 1
2025/10/23 17:21:12.945 [T:0x0a67c] [DisplayControl] i = 0
2025/10/23 17:21:12.945 [T:0x0a67c] [DisplayControl] Enter OperationThread::OperationThread()
2025/10/23 17:21:12.945 [T:0x0a67c] [DisplayControl] Enter OperationThread::CreateThread
2025/10/23 17:21:12.945 [T:0x0a67c] [DisplayControl] new DisplayFunctioner
2025/10/23 17:21:12.945 [T:0x0a67c] [DisplayControl] insert displayer_vector
2025/10/23 17:21:12.945 [T:0x0a67c] [DisplayControl] insert modelName_SN_to_Display_map
2025/10/23 17:21:12.945 [T:0x0a67c] [DisplayControl] insert device_id_to_Displayer_map_
2025/10/23 17:21:12.945 [T:0x0a67c] [DisplayControl] i = 1
2025/10/23 17:21:12.945 [T:0x0a67c] [DisplayControl] Enter OperationThread::OperationThread()
2025/10/23 17:21:12.946 [T:0x0a67c] [DisplayControl] Enter OperationThread::CreateThread
2025/10/23 17:21:12.946 [T:0x0a67c] [DisplayControl] new DisplayFunctioner
2025/10/23 17:21:12.946 [T:0x0a67c] [DisplayControl] insert displayer_vector
2025/10/23 17:21:12.946 [T:0x0a67c] [DisplayControl] insert modelName_SN_to_Display_map
2025/10/23 17:21:12.946 [T:0x0a67c] [DisplayControl] insert device_id_to_Displayer_map_
2025/10/23 17:21:12.946 [T:0x0a67c] [DisplayControl] monitor size = 2
2025/10/23 17:21:12.946 [T:0x0a67c] [DisplayControl] Exit ObtainControlHandler
2025/10/23 17:21:12.946 [T:0x0a67c] [DisplayControl] Enter MCCSOtherSet::GetVCP(), vcp code = 16
2025/10/23 17:21:13.034 [T:0x0a67c] [DisplayControl] Exit MCCSOtherSet::GetVCP()
2025/10/23 17:21:13.034 [T:0x0a67c] [DisplayControl] Enter MCCSOtherSet::GetVCP(), vcp code = 135
2025/10/23 17:21:13.108 [T:0x0a67c] [DisplayControl] Exit MCCSOtherSet::GetVCP()
2025/10/23 17:21:13.214 [T:0x0a67c] [DisplayControl] Enter MCCSOtherSet::GetVCP(), vcp code = 98
2025/10/23 17:21:13.296 [T:0x0a67c] [DisplayControl] Exit MCCSOtherSet::GetVCP()
2025/10/23 17:21:13.403 [T:0x0a67c] [DisplayControl] Enter MCCSOtherSet::GetVCP(), vcp code = 20
2025/10/23 17:21:13.485 [T:0x0a67c] [DisplayControl] Exit MCCSOtherSet::GetVCP()
2025/10/23 17:21:13.591 [T:0x0a67c] [DisplayControl] Enter MCCSOtherSet::GetVCP(), vcp code = 225
2025/10/23 17:21:13.673 [T:0x0a67c] [DisplayControl] Exit MCCSOtherSet::GetVCP()
2025/10/23 17:21:13.780 [T:0x0a67c] [DisplayControl] Enter MCCSOtherSet::GetVCP(), vcp code = 18
2025/10/23 17:21:13.862 [T:0x0a67c] [DisplayControl] Exit MCCSOtherSet::GetVCP()
2025/10/23 17:21:13.968 [T:0x0a67c] [DisplayControl] Enter MCCSOtherSet::GetVCP(), vcp code = 96
2025/10/23 17:21:14.050 [T:0x0a67c] [DisplayControl] Exit MCCSOtherSet::GetVCP()
2025/10/23 17:21:14.156 [T:0x0a67c] [DisplayControl] Enter MCCSOtherSet::GetVCP(), vcp code = 220
2025/10/23 17:21:14.238 [T:0x0a67c] [DisplayControl] Exit MCCSOtherSet::GetVCP()
2025/10/23 17:21:14.344 [T:0x0a67c] [DisplayControl] Enter MCCSOtherSet::GetVCP(), vcp code = 4
2025/10/23 17:21:14.426 [T:0x0a67c] [DisplayControl] Exit MCCSOtherSet::GetVCP()
2025/10/23 17:21:14.532 [T:0x0a67c] [DisplayControl] Enter MCCSOtherSet::GetVCP(), vcp code = 43
2025/10/23 17:21:14.614 [T:0x0a67c] [DisplayControl] Exit MCCSOtherSet::GetVCP()
2025/10/23 17:21:14.720 [T:0x0a67c] [DisplayControl] Enter MCCSOtherSet::GetVCP(), vcp code = 245
2025/10/23 17:21:14.802 [T:0x0a67c] [DisplayControl] Exit MCCSOtherSet::GetVCP()
2025/10/23 17:21:14.908 [T:0x0a67c] [DisplayControl] Enter MCCSOtherSet::GetVCP(), vcp code = 51
2025/10/23 17:21:14.990 [T:0x0a67c] [DisplayControl] Exit MCCSOtherSet::GetVCP()
2025/10/23 17:21:15.097 [T:0x0a67c] [DisplayControl] Enter MCCSOtherSet::GetVCP(), vcp code = 16
2025/10/23 17:21:15.180 [T:0x0a67c] [DisplayControl] Exit MCCSOtherSet::GetVCP()
2025/10/23 17:21:15.286 [T:0x0a67c] [DisplayControl] Enter MCCSOtherSet::GetVCP(), vcp code = 97
2025/10/23 17:21:15.368 [T:0x0a67c] [DisplayControl] Exit MCCSOtherSet::GetVCP()
2025/10/23 17:21:15.474 [T:0x0a67c] [DisplayControl] Enter MCCSOtherSet::GetVCP(), vcp code = 141
2025/10/23 17:21:15.556 [T:0x0a67c] [DisplayControl] Exit MCCSOtherSet::GetVCP()
2025/10/23 17:21:15.662 [T:0x0a67c] [DisplayControl] Enter MCCSOtherSet::GetVCP(), vcp code = 135
2025/10/23 17:21:15.749 [T:0x0a67c] [DisplayControl] Exit MCCSOtherSet::GetVCP()
2025/10/23 17:21:15.851 [T:0x0a67c] [DisplayControl] Enter MCCSOtherSet::GetVCP(), vcp code = 98
2025/10/23 17:21:15.936 [T:0x0a67c] [DisplayControl] Exit MCCSOtherSet::GetVCP()
2025/10/23 17:21:16.039 [T:0x0a67c] [DisplayControl] Enter MCCSOtherSet::GetVCP(), vcp code = 225
2025/10/23 17:21:16.125 [T:0x0a67c] [DisplayControl] Exit MCCSOtherSet::GetVCP()
2025/10/23 17:21:16.227 [T:0x0a67c] [DisplayControl] Enter MCCSOtherSet::GetVCP(), vcp code = 18
2025/10/23 17:21:16.313 [T:0x0a67c] [DisplayControl] Exit MCCSOtherSet::GetVCP()
2025/10/23 17:21:16.415 [T:0x0a67c] [DisplayControl] Enter MCCSOtherSet::GetVCP(), vcp code = 96
2025/10/23 17:21:16.502 [T:0x0a67c] [DisplayControl] Exit MCCSOtherSet::GetVCP()
2025/10/23 17:21:16.604 [T:0x0a67c] [DisplayControl] Enter MCCSOtherSet::GetVCP(), vcp code = 236
2025/10/23 17:21:16.690 [T:0x0a67c] [DisplayControl] Exit MCCSOtherSet::GetVCP()
2025/10/23 17:21:16.792 [T:0x0a67c] [DisplayControl] Enter MCCSOtherSet::GetVCP(), vcp code = 220
2025/10/23 17:21:16.879 [T:0x0a67c] [DisplayControl] Exit MCCSOtherSet::GetVCP()
2025/10/23 17:21:16.980 [T:0x0a67c] [DisplayControl] Enter MCCSOtherSet::GetVCP(), vcp code = 4
2025/10/23 17:21:17.067 [T:0x0a67c] [DisplayControl] Exit MCCSOtherSet::GetVCP()
2025/10/23 17:21:17.169 [T:0x0a67c] [DisplayControl] Enter MCCSOtherSet::GetVCP(), vcp code = 43
2025/10/23 17:21:17.255 [T:0x0a67c] [DisplayControl] Exit MCCSOtherSet::GetVCP()
2025/10/23 17:21:17.357 [T:0x0a67c] [DisplayControl] Enter MCCSOtherSet::GetVCP(), vcp code = 51
2025/10/23 17:21:17.444 [T:0x0a67c] [DisplayControl] Exit MCCSOtherSet::GetVCP()
2025/10/23 17:21:17.546 [T:0x0a67c] [DisplayControl] Enter MCCSOtherSet::GetVCP(), vcp code = 16
2025/10/23 17:21:17.632 [T:0x0a67c] [DisplayControl] Exit MCCSOtherSet::GetVCP()
2025/10/23 17:21:17.734 [T:0x0a67c] [DisplayControl] Enter MCCSOtherSet::GetVCP(), vcp code = 97
2025/10/23 17:21:17.820 [T:0x0a67c] [DisplayControl] Exit MCCSOtherSet::GetVCP()
2025/10/23 17:21:17.922 [T:0x0a67c] [DisplayControl] Enter MCCSOtherSet::GetVCP(), vcp code = 226
2025/10/23 17:21:18.008 [T:0x0a67c] [DisplayControl] Exit MCCSOtherSet::GetVCP()
2025/10/23 17:21:18.110 [T:0x0a67c] [DisplayControl] Enter MCCSOtherSet::GetVCP(), vcp code = 141
2025/10/23 17:21:18.196 [T:0x0a67c] [DisplayControl] Exit MCCSOtherSet::GetVCP()
2025/10/23 17:22:38.038 [T:0x900ad] [DisplayControl] Enter MCCSOtherSet::GetVCP(), vcp code = 96
2025/10/23 17:22:38.123 [T:0x900ad] [DisplayControl] Exit MCCSOtherSet::GetVCP()
2025/10/23 17:22:38.336 [T:0x264b9] [DisplayControl] Enter MCCSOtherSet::GetVCP(), vcp code = 135
2025/10/23 17:22:38.445 [T:0x264b9] [DisplayControl] Exit MCCSOtherSet::GetVCP()
2025/10/23 17:22:38.560 [T:0x264b9] [DisplayControl] Enter MCCSOtherSet::GetVCP(), vcp code = 98
2025/10/23 17:22:38.642 [T:0x264b9] [DisplayControl] Exit MCCSOtherSet::GetVCP()
2025/10/23 17:22:38.748 [T:0x264b9] [DisplayControl] Enter MCCSOtherSet::GetVCP(), vcp code = 20
2025/10/23 17:22:38.830 [T:0x264b9] [DisplayControl] Exit MCCSOtherSet::GetVCP()
2025/10/23 17:22:38.937 [T:0x264b9] [DisplayControl] Enter MCCSOtherSet::GetVCP(), vcp code = 225
2025/10/23 17:22:39.018 [T:0x264b9] [DisplayControl] Exit MCCSOtherSet::GetVCP()
2025/10/23 17:22:39.124 [T:0x264b9] [DisplayControl] Enter MCCSOtherSet::GetVCP(), vcp code = 18
2025/10/23 17:22:39.207 [T:0x264b9] [DisplayControl] Exit MCCSOtherSet::GetVCP()
2025/10/23 17:22:39.313 [T:0x264b9] [DisplayControl] Enter MCCSOtherSet::GetVCP(), vcp code = 96
2025/10/23 17:22:39.395 [T:0x264b9] [DisplayControl] Exit MCCSOtherSet::GetVCP()
2025/10/23 17:22:39.501 [T:0x264b9] [DisplayControl] Enter MCCSOtherSet::GetVCP(), vcp code = 220
2025/10/23 17:22:39.584 [T:0x264b9] [DisplayControl] Exit MCCSOtherSet::GetVCP()
2025/10/23 17:22:39.689 [T:0x264b9] [DisplayControl] Enter MCCSOtherSet::GetVCP(), vcp code = 4
2025/10/23 17:22:39.771 [T:0x264b9] [DisplayControl] Exit MCCSOtherSet::GetVCP()
2025/10/23 17:22:39.878 [T:0x264b9] [DisplayControl] Enter MCCSOtherSet::GetVCP(), vcp code = 43
2025/10/23 17:22:39.960 [T:0x264b9] [DisplayControl] Exit MCCSOtherSet::GetVCP()
2025/10/23 17:22:40.066 [T:0x264b9] [DisplayControl] Enter MCCSOtherSet::GetVCP(), vcp code = 245
2025/10/23 17:22:40.148 [T:0x264b9] [DisplayControl] Exit MCCSOtherSet::GetVCP()
2025/10/23 17:22:40.254 [T:0x264b9] [DisplayControl] Enter MCCSOtherSet::GetVCP(), vcp code = 51
2025/10/23 17:22:40.336 [T:0x264b9] [DisplayControl] Exit MCCSOtherSet::GetVCP()
2025/10/23 17:22:40.443 [T:0x264b9] [DisplayControl] Enter MCCSOtherSet::GetVCP(), vcp code = 16
2025/10/23 17:22:40.525 [T:0x264b9] [DisplayControl] Exit MCCSOtherSet::GetVCP()
2025/10/23 17:22:40.631 [T:0x264b9] [DisplayControl] Enter MCCSOtherSet::GetVCP(), vcp code = 97
2025/10/23 17:22:40.714 [T:0x264b9] [DisplayControl] Exit MCCSOtherSet::GetVCP()
2025/10/23 17:22:40.819 [T:0x264b9] [DisplayControl] Enter MCCSOtherSet::GetVCP(), vcp code = 141
2025/10/23 17:22:40.902 [T:0x264b9] [DisplayControl] Exit MCCSOtherSet::GetVCP()
2025/10/23 17:22:55.382 [T:0x264b9] [DisplayControl] Enter MCCSOtherSet::SetVCP(), vcp code = 16
2025/10/23 17:22:55.593 [T:0x264b9] [DisplayControl] Exit MCCSOtherSet::SetVCP()
2025/10/23 17:23:39.311 [T:0x4a645] [DisplayControl] Enter MCCSOtherSet::SetVCP(), vcp code = 18
2025/10/23 17:23:39.522 [T:0x4a645] [DisplayControl] Exit MCCSOtherSet::SetVCP()
2025/10/23 17:24:19.835 [T:0x900ad] [DisplayControl] Enter MCCSOtherSet::GetVCP(), vcp code = 96
2025/10/23 17:24:19.928 [T:0x900ad] [DisplayControl] Exit MCCSOtherSet::GetVCP()
2025/10/23 17:24:20.136 [T:0x90690] [DisplayControl] Enter MCCSOtherSet::GetVCP(), vcp code = 135
2025/10/23 17:24:20.271 [T:0x90690] [DisplayControl] Exit MCCSOtherSet::GetVCP()
2025/10/23 17:24:20.388 [T:0x90690] [DisplayControl] Enter MCCSOtherSet::GetVCP(), vcp code = 98
2025/10/23 17:24:20.474 [T:0x90690] [DisplayControl] Exit MCCSOtherSet::GetVCP()
2025/10/23 17:24:20.577 [T:0x90690] [DisplayControl] Enter MCCSOtherSet::GetVCP(), vcp code = 225
2025/10/23 17:24:20.662 [T:0x90690] [DisplayControl] Exit MCCSOtherSet::GetVCP()
2025/10/23 17:24:20.765 [T:0x90690] [DisplayControl] Enter MCCSOtherSet::GetVCP(), vcp code = 18
2025/10/23 17:24:20.850 [T:0x90690] [DisplayControl] Exit MCCSOtherSet::GetVCP()
2025/10/23 17:24:20.953 [T:0x90690] [DisplayControl] Enter MCCSOtherSet::GetVCP(), vcp code = 96
2025/10/23 17:24:21.039 [T:0x90690] [DisplayControl] Exit MCCSOtherSet::GetVCP()
2025/10/23 17:24:21.141 [T:0x90690] [DisplayControl] Enter MCCSOtherSet::GetVCP(), vcp code = 236
2025/10/23 17:24:21.227 [T:0x90690] [DisplayControl] Exit MCCSOtherSet::GetVCP()
2025/10/23 17:24:21.329 [T:0x90690] [DisplayControl] Enter MCCSOtherSet::GetVCP(), vcp code = 220
2025/10/23 17:24:21.415 [T:0x90690] [DisplayControl] Exit MCCSOtherSet::GetVCP()
2025/10/23 17:24:21.517 [T:0x90690] [DisplayControl] Enter MCCSOtherSet::GetVCP(), vcp code = 4
2025/10/23 17:24:21.603 [T:0x90690] [DisplayControl] Exit MCCSOtherSet::GetVCP()
2025/10/23 17:24:21.706 [T:0x90690] [DisplayControl] Enter MCCSOtherSet::GetVCP(), vcp code = 43
2025/10/23 17:24:21.792 [T:0x90690] [DisplayControl] Exit MCCSOtherSet::GetVCP()
2025/10/23 17:24:21.895 [T:0x90690] [DisplayControl] Enter MCCSOtherSet::GetVCP(), vcp code = 51
2025/10/23 17:24:21.980 [T:0x90690] [DisplayControl] Exit MCCSOtherSet::GetVCP()
2025/10/23 17:24:22.083 [T:0x90690] [DisplayControl] Enter MCCSOtherSet::GetVCP(), vcp code = 16
2025/10/23 17:24:22.168 [T:0x90690] [DisplayControl] Exit MCCSOtherSet::GetVCP()
2025/10/23 17:24:22.271 [T:0x90690] [DisplayControl] Enter MCCSOtherSet::GetVCP(), vcp code = 97
2025/10/23 17:24:22.357 [T:0x90690] [DisplayControl] Exit MCCSOtherSet::GetVCP()
2025/10/23 17:24:22.458 [T:0x90690] [DisplayControl] Enter MCCSOtherSet::GetVCP(), vcp code = 226
2025/10/23 17:24:22.544 [T:0x90690] [DisplayControl] Exit MCCSOtherSet::GetVCP()
2025/10/23 17:24:22.646 [T:0x90690] [DisplayControl] Enter MCCSOtherSet::GetVCP(), vcp code = 141
2025/10/23 17:24:22.732 [T:0x90690] [DisplayControl] Exit MCCSOtherSet::GetVCP()
2025/10/23 17:24:37.365 [T:0x90690] [DisplayControl] Enter MCCSOtherSet::SetVCP(), vcp code = 16
2025/10/23 17:24:37.566 [T:0x90690] [DisplayControl] Exit MCCSOtherSet::SetVCP()
2025/10/23 17:25:21.327 [T:0x34ef8] [DisplayControl] Enter MCCSOtherSet::SetVCP(), vcp code = 18
2025/10/23 17:25:21.526 [T:0x34ef8] [DisplayControl] Exit MCCSOtherSet::SetVCP()
2025/10/23 17:30:50.944 [T:0x2b36b] [DisplayControl] Enter MCCSOtherSet::SetVCP(), vcp code = 4
2025/10/23 17:30:51.886 [T:0x2b36b] [DisplayControl] Exit MCCSOtherSet::SetVCP()
2025/10/23 17:30:57.008 [T:0x2b36b] [DisplayControl] Enter OperationThread::ExitThread
2025/10/23 17:30:57.008 [T:0x2b36b] [DisplayControl] Exit OperationThread::ExitThread
2025/10/23 17:30:57.008 [T:0x2b36b] [DisplayControl] Enter OperationThread::~OperationThread()
2025/10/23 17:30:57.008 [T:0x2b36b] [DisplayControl] Enter OperationThread::ExitThread
2025/10/23 17:30:57.008 [T:0x2b36b] [DisplayControl] Enter OperationThread::ExitThread
2025/10/23 17:30:57.009 [T:0x2b36b] [DisplayControl] Exit OperationThread::ExitThread
2025/10/23 17:30:57.009 [T:0x2b36b] [DisplayControl] Enter OperationThread::~OperationThread()
2025/10/23 17:30:57.009 [T:0x2b36b] [DisplayControl] Enter OperationThread::ExitThread
2025/10/23 17:30:57.033 [T:0x2b36b] [DbgStr] After calling display_control_client_listener_video_port_.UpdateAllDisplayPath()
2025/10/23 17:30:57.049 [T:0x2b36b] [DbgStr] After calling display_control_client_listener_.GetAllDisplayEDID()
2025/10/23 17:30:57.051 [T:0x2b36b] [DisplayControl] Version = 3.0.6.0
2025/10/23 17:30:57.051 [T:0x2b36b] [DisplayControl] Enter ObtainControlHandler1
2025/10/23 17:30:57.051 [T:0x2b36b] [DisplayControl] GetVideoPortCommander
2025/10/23 17:30:57.051 [T:0x2b36b] [DisplayControl] GetUSBHubCommander
2025/10/23 17:30:57.051 [T:0x2b36b] ====== List p_lpo_display_info_video_port, # of devices is ======2
2025/10/23 17:30:57.051 [T:0x2b36b] [DisplayControl] index of p_lpo_display_info_video_port0
2025/10/23 17:30:57.051 [T:0x2b36b] [DisplayControl] Model name from VideoPort = VG2458
2025/10/23 17:30:57.052 [T:0x2b36b] [DisplayControl] SN from VideoPort = YDJ243400006
2025/10/23 17:30:57.052 [T:0x2b36b] [DisplayControl] index of p_lpo_display_info_video_port1
2025/10/23 17:30:57.052 [T:0x2b36b] [DisplayControl] Model name from VideoPort = VG275
2025/10/23 17:30:57.052 [T:0x2b36b] [DisplayControl] SN from VideoPort = XF6232400003
2025/10/23 17:30:57.052 [T:0x2b36b] ====== List p_lpo_display_info_rtd_scalar_rts_hub, # of devices is ======0
2025/10/23 17:30:57.052 [T:0x2b36b] [DisplayControl] GetVSRtkHubControlClientListener
2025/10/23 17:30:57.052 [T:0x2b36b] [DisplayControl] max monitor count = 2
2025/10/23 17:30:57.052 [T:0x2b36b] [DisplayControl] index of display_info_vec = 0
2025/10/23 17:30:57.052 [T:0x2b36b] [DisplayControl] index of p_lpo_display_info_video_port = 0
2025/10/23 17:30:57.052 [T:0x2b36b] [DisplayControl] VideoPortMatchingRule
2025/10/23 17:30:57.052 [T:0x2b36b] [DisplayControl] monitor display_info_model_name = VG2458
2025/10/23 17:30:57.052 [T:0x2b36b] [DisplayControl] monitor video_port_model_name = VG2458
2025/10/23 17:30:57.052 [T:0x2b36b] [DisplayControl] monitor display_info_sn = YDJ243400006
2025/10/23 17:30:57.052 [T:0x2b36b] [DisplayControl] monitor video_port_sn = YDJ243400006
2025/10/23 17:30:57.052 [T:0x2b36b] [DisplayControl] model_name_match = 1
2025/10/23 17:30:57.052 [T:0x2b36b] [DisplayControl] sn_match = 1
2025/10/23 17:30:57.052 [T:0x2b36b] [DisplayControl] video_port is_match = 1
2025/10/23 17:30:57.052 [T:0x2b36b] [DisplayControl] index of display_info_vec = 1
2025/10/23 17:30:57.052 [T:0x2b36b] [DisplayControl] index of p_lpo_display_info_video_port = 0
2025/10/23 17:30:57.052 [T:0x2b36b] [DisplayControl] VideoPortMatchingRule
2025/10/23 17:30:57.052 [T:0x2b36b] [DisplayControl] monitor display_info_model_name = VG275
2025/10/23 17:30:57.052 [T:0x2b36b] [DisplayControl] monitor video_port_model_name = VG2458
2025/10/23 17:30:57.052 [T:0x2b36b] [DisplayControl] monitor display_info_sn = XF6232400003
2025/10/23 17:30:57.052 [T:0x2b36b] [DisplayControl] monitor video_port_sn = YDJ243400006
2025/10/23 17:30:57.052 [T:0x2b36b] [DisplayControl] model_name_match = 0
2025/10/23 17:30:57.052 [T:0x2b36b] [DisplayControl] sn_match = 0
2025/10/23 17:30:57.052 [T:0x2b36b] [DisplayControl] video_port is_match = 0
2025/10/23 17:30:57.053 [T:0x2b36b] [DisplayControl] index of display_info_vec = 1
2025/10/23 17:30:57.053 [T:0x2b36b] [DisplayControl] index of p_lpo_display_info_video_port = 1
2025/10/23 17:30:57.053 [T:0x2b36b] [DisplayControl] VideoPortMatchingRule
2025/10/23 17:30:57.053 [T:0x2b36b] [DisplayControl] monitor display_info_model_name = VG275
2025/10/23 17:30:57.053 [T:0x2b36b] [DisplayControl] monitor video_port_model_name = VG275
2025/10/23 17:30:57.053 [T:0x2b36b] [DisplayControl] monitor display_info_sn = XF6232400003
2025/10/23 17:30:57.053 [T:0x2b36b] [DisplayControl] monitor video_port_sn = XF6232400003
2025/10/23 17:30:57.053 [T:0x2b36b] [DisplayControl] model_name_match = 1
2025/10/23 17:30:57.053 [T:0x2b36b] [DisplayControl] sn_match = 1
2025/10/23 17:30:57.053 [T:0x2b36b] [DisplayControl] video_port is_match = 1
2025/10/23 17:30:57.053 [T:0x2b36b] [DisplayControl] i = 0
2025/10/23 17:30:57.053 [T:0x2b36b] [DisplayControl] Enter OperationThread::OperationThread()
2025/10/23 17:30:57.053 [T:0x2b36b] [DisplayControl] Enter OperationThread::CreateThread
2025/10/23 17:30:57.053 [T:0x2b36b] [DisplayControl] new DisplayFunctioner
2025/10/23 17:30:57.053 [T:0x2b36b] [DisplayControl] insert displayer_vector
2025/10/23 17:30:57.053 [T:0x2b36b] [DisplayControl] insert modelName_SN_to_Display_map
2025/10/23 17:30:57.053 [T:0x2b36b] [DisplayControl] insert device_id_to_Displayer_map_
2025/10/23 17:30:57.053 [T:0x2b36b] [DisplayControl] i = 1
2025/10/23 17:30:57.053 [T:0x2b36b] [DisplayControl] Enter OperationThread::OperationThread()
2025/10/23 17:30:57.053 [T:0x2b36b] [DisplayControl] Enter OperationThread::CreateThread
2025/10/23 17:30:57.053 [T:0x2b36b] [DisplayControl] new DisplayFunctioner
2025/10/23 17:30:57.053 [T:0x2b36b] [DisplayControl] insert displayer_vector
2025/10/23 17:30:57.053 [T:0x2b36b] [DisplayControl] insert modelName_SN_to_Display_map
2025/10/23 17:30:57.054 [T:0x2b36b] [DisplayControl] insert device_id_to_Displayer_map_
2025/10/23 17:30:57.054 [T:0x2b36b] [DisplayControl] monitor size = 2
2025/10/23 17:30:57.054 [T:0x2b36b] [DisplayControl] Exit ObtainControlHandler
2025/10/23 17:30:57.054 [T:0x2b36b] [DisplayControl] Enter MCCSOtherSet::GetVCP(), vcp code = 16
2025/10/23 17:30:57.141 [T:0x2b36b] [DisplayControl] Exit MCCSOtherSet::GetVCP()
2025/10/23 17:30:57.141 [T:0x2b36b] [DisplayControl] Enter MCCSOtherSet::GetVCP(), vcp code = 135
2025/10/23 17:30:57.215 [T:0x2b36b] [DisplayControl] Exit MCCSOtherSet::GetVCP()
2025/10/23 17:30:57.321 [T:0x2b36b] [DisplayControl] Enter MCCSOtherSet::GetVCP(), vcp code = 98
2025/10/23 17:30:57.403 [T:0x2b36b] [DisplayControl] Exit MCCSOtherSet::GetVCP()
2025/10/23 17:30:57.509 [T:0x2b36b] [DisplayControl] Enter MCCSOtherSet::GetVCP(), vcp code = 20
2025/10/23 17:30:57.592 [T:0x2b36b] [DisplayControl] Exit MCCSOtherSet::GetVCP()
2025/10/23 17:30:57.698 [T:0x2b36b] [DisplayControl] Enter MCCSOtherSet::GetVCP(), vcp code = 225
2025/10/23 17:30:57.780 [T:0x2b36b] [DisplayControl] Exit MCCSOtherSet::GetVCP()
2025/10/23 17:30:57.886 [T:0x2b36b] [DisplayControl] Enter MCCSOtherSet::GetVCP(), vcp code = 18
2025/10/23 17:30:57.968 [T:0x2b36b] [DisplayControl] Exit MCCSOtherSet::GetVCP()
2025/10/23 17:30:57.968 [T:0x2b36b] [DisplayControl] Enter MCCSOtherSet::GetVCP(), vcp code = 18
2025/10/23 17:30:58.109 [T:0x2b36b] [DisplayControl] Exit MCCSOtherSet::GetVCP()
2025/10/23 17:30:58.109 [T:0x2b36b] [DisplayControl] Enter MCCSOtherSet::GetVCP(), vcp code = 18
2025/10/23 17:30:58.250 [T:0x2b36b] [DisplayControl] Exit MCCSOtherSet::GetVCP()
2025/10/23 17:30:58.250 [T:0x2b36b] [DisplayControl] Enter MCCSOtherSet::GetVCP(), vcp code = 18
2025/10/23 17:30:58.391 [T:0x2b36b] [DisplayControl] Exit MCCSOtherSet::GetVCP()
2025/10/23 17:30:58.391 [T:0x2b36b] [DisplayControl] Enter MCCSOtherSet::GetVCP(), vcp code = 18
2025/10/23 17:30:58.533 [T:0x2b36b] [DisplayControl] Exit MCCSOtherSet::GetVCP()
2025/10/23 17:30:58.533 [T:0x2b36b] [DisplayControl] Enter MCCSOtherSet::GetVCP(), vcp code = 18
2025/10/23 17:30:58.674 [T:0x2b36b] [DisplayControl] Exit MCCSOtherSet::GetVCP()
2025/10/23 17:30:58.674 [T:0x2b36b] [DisplayControl] Enter MCCSOtherSet::GetVCP(), vcp code = 18
2025/10/23 17:30:58.815 [T:0x2b36b] [DisplayControl] Exit MCCSOtherSet::GetVCP()
2025/10/23 17:30:58.816 [T:0x2b36b] [DisplayControl] Enter MCCSOtherSet::GetVCP(), vcp code = 18
2025/10/23 17:30:58.956 [T:0x2b36b] [DisplayControl] Exit MCCSOtherSet::GetVCP()
2025/10/23 17:30:58.957 [T:0x2b36b] [DisplayControl] Enter MCCSOtherSet::GetVCP(), vcp code = 18
2025/10/23 17:30:59.097 [T:0x2b36b] [DisplayControl] Exit MCCSOtherSet::GetVCP()
2025/10/23 17:30:59.098 [T:0x2b36b] [DisplayControl] Enter MCCSOtherSet::GetVCP(), vcp code = 18
2025/10/23 17:30:59.238 [T:0x2b36b] [DisplayControl] Exit MCCSOtherSet::GetVCP()
2025/10/23 17:30:59.238 [T:0x2b36b] [DisplayControl] Enter MCCSOtherSet::GetVCP(), vcp code = 18
2025/10/23 17:30:59.380 [T:0x2b36b] [DisplayControl] Exit MCCSOtherSet::GetVCP()
2025/10/23 17:30:59.380 [T:0x2b36b] [DisplayControl] Enter MCCSOtherSet::GetVCP(), vcp code = 18
2025/10/23 17:30:59.521 [T:0x2b36b] [DisplayControl] Exit MCCSOtherSet::GetVCP()
2025/10/23 17:30:59.522 [T:0x2b36b] [DisplayControl] Enter MCCSOtherSet::GetVCP(), vcp code = 18
2025/10/23 17:30:59.662 [T:0x2b36b] [DisplayControl] Exit MCCSOtherSet::GetVCP()
2025/10/23 17:30:59.663 [T:0x2b36b] [DisplayControl] Enter MCCSOtherSet::GetVCP(), vcp code = 18
2025/10/23 17:30:59.803 [T:0x2b36b] [DisplayControl] Exit MCCSOtherSet::GetVCP()
2025/10/23 17:30:59.804 [T:0x2b36b] [DisplayControl] Enter MCCSOtherSet::GetVCP(), vcp code = 18
2025/10/23 17:30:59.944 [T:0x2b36b] [DisplayControl] Exit MCCSOtherSet::GetVCP()
2025/10/23 17:30:59.945 [T:0x2b36b] [DisplayControl] Enter MCCSOtherSet::GetVCP(), vcp code = 18
2025/10/23 17:31:00.086 [T:0x2b36b] [DisplayControl] Exit MCCSOtherSet::GetVCP()
2025/10/23 17:31:00.086 [T:0x2b36b] [DisplayControl] Enter MCCSOtherSet::GetVCP(), vcp code = 18
2025/10/23 17:31:00.227 [T:0x2b36b] [DisplayControl] Exit MCCSOtherSet::GetVCP()
2025/10/23 17:31:00.227 [T:0x2b36b] [DisplayControl] Enter MCCSOtherSet::GetVCP(), vcp code = 18
2025/10/23 17:31:00.368 [T:0x2b36b] [DisplayControl] Exit MCCSOtherSet::GetVCP()
2025/10/23 17:31:00.368 [T:0x2b36b] [DisplayControl] Enter MCCSOtherSet::GetVCP(), vcp code = 18
2025/10/23 17:31:00.509 [T:0x2b36b] [DisplayControl] Exit MCCSOtherSet::GetVCP()
2025/10/23 17:31:00.509 [T:0x2b36b] [DisplayControl] Enter MCCSOtherSet::GetVCP(), vcp code = 18
2025/10/23 17:31:00.650 [T:0x2b36b] [DisplayControl] Exit MCCSOtherSet::GetVCP()
2025/10/23 17:31:00.650 [T:0x2b36b] [DisplayControl] Enter MCCSOtherSet::GetVCP(), vcp code = 18
2025/10/23 17:31:00.792 [T:0x2b36b] [DisplayControl] Exit MCCSOtherSet::GetVCP()
2025/10/23 17:31:00.792 [T:0x2b36b] [DisplayControl] Enter MCCSOtherSet::GetVCP(), vcp code = 18
2025/10/23 17:31:00.933 [T:0x2b36b] [DisplayControl] Exit MCCSOtherSet::GetVCP()
2025/10/23 17:31:00.933 [T:0x2b36b] [DisplayControl] Enter MCCSOtherSet::GetVCP(), vcp code = 18
2025/10/23 17:31:01.074 [T:0x2b36b] [DisplayControl] Exit MCCSOtherSet::GetVCP()
2025/10/23 17:31:01.074 [T:0x2b36b] [DisplayControl] Enter MCCSOtherSet::GetVCP(), vcp code = 18
2025/10/23 17:31:01.215 [T:0x2b36b] [DisplayControl] Exit MCCSOtherSet::GetVCP()
2025/10/23 17:31:01.215 [T:0x2b36b] [DisplayControl] Enter MCCSOtherSet::GetVCP(), vcp code = 18
2025/10/23 17:31:01.356 [T:0x2b36b] [DisplayControl] Exit MCCSOtherSet::GetVCP()
2025/10/23 17:31:01.356 [T:0x2b36b] [DisplayControl] Enter MCCSOtherSet::GetVCP(), vcp code = 18
2025/10/23 17:31:01.498 [T:0x2b36b] [DisplayControl] Exit MCCSOtherSet::GetVCP()
2025/10/23 17:31:01.498 [T:0x2b36b] [DisplayControl] Enter MCCSOtherSet::GetVCP(), vcp code = 18
2025/10/23 17:31:01.638 [T:0x2b36b] [DisplayControl] Exit MCCSOtherSet::GetVCP()
2025/10/23 17:31:01.638 [T:0x2b36b] [DisplayControl] Enter MCCSOtherSet::GetVCP(), vcp code = 18
2025/10/23 17:31:01.780 [T:0x2b36b] [DisplayControl] Exit MCCSOtherSet::GetVCP()
2025/10/23 17:31:01.780 [T:0x2b36b] [DisplayControl] Enter MCCSOtherSet::GetVCP(), vcp code = 18
2025/10/23 17:31:01.921 [T:0x2b36b] [DisplayControl] Exit MCCSOtherSet::GetVCP()
2025/10/23 17:31:01.922 [T:0x2b36b] [DisplayControl] Enter MCCSOtherSet::GetVCP(), vcp code = 18
2025/10/23 17:31:02.062 [T:0x2b36b] [DisplayControl] Exit MCCSOtherSet::GetVCP()
2025/10/23 17:31:02.062 [T:0x2b36b] [DisplayControl] Enter MCCSOtherSet::GetVCP(), vcp code = 18
2025/10/23 17:31:02.203 [T:0x2b36b] [DisplayControl] Exit MCCSOtherSet::GetVCP()
2025/10/23 17:31:02.204 [T:0x2b36b] [DisplayControl] Enter MCCSOtherSet::GetVCP(), vcp code = 18
2025/10/23 17:31:02.344 [T:0x2b36b] [DisplayControl] Exit MCCSOtherSet::GetVCP()
2025/10/23 17:31:02.344 [T:0x2b36b] [DisplayControl] Enter MCCSOtherSet::GetVCP(), vcp code = 18
2025/10/23 17:31:02.485 [T:0x2b36b] [DisplayControl] Exit MCCSOtherSet::GetVCP()
2025/10/23 17:31:02.486 [T:0x2b36b] [DisplayControl] Enter MCCSOtherSet::GetVCP(), vcp code = 18
2025/10/23 17:31:02.627 [T:0x2b36b] [DisplayControl] Exit MCCSOtherSet::GetVCP()
2025/10/23 17:31:02.627 [T:0x2b36b] [DisplayControl] Enter MCCSOtherSet::GetVCP(), vcp code = 18
2025/10/23 17:31:02.768 [T:0x2b36b] [DisplayControl] Exit MCCSOtherSet::GetVCP()
2025/10/23 17:31:02.769 [T:0x2b36b] [DisplayControl] Enter MCCSOtherSet::GetVCP(), vcp code = 18
2025/10/23 17:31:02.910 [T:0x2b36b] [DisplayControl] Exit MCCSOtherSet::GetVCP()
2025/10/23 17:31:03.016 [T:0x2b36b] [DisplayControl] Enter MCCSOtherSet::GetVCP(), vcp code = 96
2025/10/23 17:31:03.098 [T:0x2b36b] [DisplayControl] Exit MCCSOtherSet::GetVCP()
2025/10/23 17:31:03.204 [T:0x2b36b] [DisplayControl] Enter MCCSOtherSet::GetVCP(), vcp code = 220
2025/10/23 17:31:03.286 [T:0x2b36b] [DisplayControl] Exit MCCSOtherSet::GetVCP()
2025/10/23 17:31:03.392 [T:0x2b36b] [DisplayControl] Enter MCCSOtherSet::GetVCP(), vcp code = 4
2025/10/23 17:31:03.474 [T:0x2b36b] [DisplayControl] Exit MCCSOtherSet::GetVCP()
2025/10/23 17:31:03.580 [T:0x2b36b] [DisplayControl] Enter MCCSOtherSet::GetVCP(), vcp code = 43
2025/10/23 17:31:03.662 [T:0x2b36b] [DisplayControl] Exit MCCSOtherSet::GetVCP()
2025/10/23 17:31:03.769 [T:0x2b36b] [DisplayControl] Enter MCCSOtherSet::GetVCP(), vcp code = 245
2025/10/23 17:31:03.850 [T:0x2b36b] [DisplayControl] Exit MCCSOtherSet::GetVCP()
2025/10/23 17:31:03.956 [T:0x2b36b] [DisplayControl] Enter MCCSOtherSet::GetVCP(), vcp code = 51
2025/10/23 17:31:04.038 [T:0x2b36b] [DisplayControl] Exit MCCSOtherSet::GetVCP()
2025/10/23 17:31:04.145 [T:0x2b36b] [DisplayControl] Enter MCCSOtherSet::GetVCP(), vcp code = 16
2025/10/23 17:31:04.227 [T:0x2b36b] [DisplayControl] Exit MCCSOtherSet::GetVCP()
2025/10/23 17:31:04.227 [T:0x2b36b] [DisplayControl] Enter MCCSOtherSet::GetVCP(), vcp code = 16
2025/10/23 17:31:04.368 [T:0x2b36b] [DisplayControl] Exit MCCSOtherSet::GetVCP()
2025/10/23 17:31:04.368 [T:0x2b36b] [DisplayControl] Enter MCCSOtherSet::GetVCP(), vcp code = 16
2025/10/23 17:31:04.509 [T:0x2b36b] [DisplayControl] Exit MCCSOtherSet::GetVCP()
2025/10/23 17:31:04.513 [T:0x2b36b] [DisplayControl] Enter MCCSOtherSet::GetVCP(), vcp code = 16
2025/10/23 17:31:04.650 [T:0x2b36b] [DisplayControl] Exit MCCSOtherSet::GetVCP()
2025/10/23 17:31:04.651 [T:0x2b36b] [DisplayControl] Enter MCCSOtherSet::GetVCP(), vcp code = 16
2025/10/23 17:31:04.792 [T:0x2b36b] [DisplayControl] Exit MCCSOtherSet::GetVCP()
2025/10/23 17:31:04.792 [T:0x2b36b] [DisplayControl] Enter MCCSOtherSet::GetVCP(), vcp code = 16
2025/10/23 17:31:04.933 [T:0x2b36b] [DisplayControl] Exit MCCSOtherSet::GetVCP()
2025/10/23 17:31:04.933 [T:0x2b36b] [DisplayControl] Enter MCCSOtherSet::GetVCP(), vcp code = 16
2025/10/23 17:31:05.074 [T:0x2b36b] [DisplayControl] Exit MCCSOtherSet::GetVCP()
2025/10/23 17:31:05.074 [T:0x2b36b] [DisplayControl] Enter MCCSOtherSet::GetVCP(), vcp code = 16
2025/10/23 17:31:05.215 [T:0x2b36b] [DisplayControl] Exit MCCSOtherSet::GetVCP()
2025/10/23 17:31:05.215 [T:0x2b36b] [DisplayControl] Enter MCCSOtherSet::GetVCP(), vcp code = 16
2025/10/23 17:31:05.356 [T:0x2b36b] [DisplayControl] Exit MCCSOtherSet::GetVCP()
2025/10/23 17:31:05.356 [T:0x2b36b] [DisplayControl] Enter MCCSOtherSet::GetVCP(), vcp code = 16
2025/10/23 17:31:05.498 [T:0x2b36b] [DisplayControl] Exit MCCSOtherSet::GetVCP()
2025/10/23 17:31:05.498 [T:0x2b36b] [DisplayControl] Enter MCCSOtherSet::GetVCP(), vcp code = 16
2025/10/23 17:31:05.636 [T:0x2b36b] [DisplayControl] Exit MCCSOtherSet::GetVCP()
2025/10/23 17:31:05.637 [T:0x2b36b] [DisplayControl] Enter MCCSOtherSet::GetVCP(), vcp code = 16
2025/10/23 17:31:05.775 [T:0x2b36b] [DisplayControl] Exit MCCSOtherSet::GetVCP()
2025/10/23 17:31:05.775 [T:0x2b36b] [DisplayControl] Enter MCCSOtherSet::GetVCP(), vcp code = 16
2025/10/23 17:31:05.916 [T:0x2b36b] [DisplayControl] Exit MCCSOtherSet::GetVCP()
2025/10/23 17:31:05.917 [T:0x2b36b] [DisplayControl] Enter MCCSOtherSet::GetVCP(), vcp code = 16
2025/10/23 17:31:06.057 [T:0x2b36b] [DisplayControl] Exit MCCSOtherSet::GetVCP()
2025/10/23 17:31:06.058 [T:0x2b36b] [DisplayControl] Enter MCCSOtherSet::GetVCP(), vcp code = 16
2025/10/23 17:31:06.198 [T:0x2b36b] [DisplayControl] Exit MCCSOtherSet::GetVCP()
2025/10/23 17:31:06.199 [T:0x2b36b] [DisplayControl] Enter MCCSOtherSet::GetVCP(), vcp code = 16
2025/10/23 17:31:06.339 [T:0x2b36b] [DisplayControl] Exit MCCSOtherSet::GetVCP()
2025/10/23 17:31:06.340 [T:0x2b36b] [DisplayControl] Enter MCCSOtherSet::GetVCP(), vcp code = 16
2025/10/23 17:31:06.481 [T:0x2b36b] [DisplayControl] Exit MCCSOtherSet::GetVCP()
2025/10/23 17:31:06.481 [T:0x2b36b] [DisplayControl] Enter MCCSOtherSet::GetVCP(), vcp code = 16
2025/10/23 17:31:06.622 [T:0x2b36b] [DisplayControl] Exit MCCSOtherSet::GetVCP()
2025/10/23 17:31:06.622 [T:0x2b36b] [DisplayControl] Enter MCCSOtherSet::GetVCP(), vcp code = 16
2025/10/23 17:31:06.763 [T:0x2b36b] [DisplayControl] Exit MCCSOtherSet::GetVCP()
2025/10/23 17:31:06.764 [T:0x2b36b] [DisplayControl] Enter MCCSOtherSet::GetVCP(), vcp code = 16
2025/10/23 17:31:06.905 [T:0x2b36b] [DisplayControl] Exit MCCSOtherSet::GetVCP()
2025/10/23 17:31:06.905 [T:0x2b36b] [DisplayControl] Enter MCCSOtherSet::GetVCP(), vcp code = 16
2025/10/23 17:31:07.045 [T:0x2b36b] [DisplayControl] Exit MCCSOtherSet::GetVCP()
2025/10/23 17:31:07.046 [T:0x2b36b] [DisplayControl] Enter MCCSOtherSet::GetVCP(), vcp code = 16
2025/10/23 17:31:07.187 [T:0x2b36b] [DisplayControl] Exit MCCSOtherSet::GetVCP()
2025/10/23 17:31:07.187 [T:0x2b36b] [DisplayControl] Enter MCCSOtherSet::GetVCP(), vcp code = 16
2025/10/23 17:31:07.328 [T:0x2b36b] [DisplayControl] Exit MCCSOtherSet::GetVCP()
2025/10/23 17:31:07.328 [T:0x2b36b] [DisplayControl] Enter MCCSOtherSet::GetVCP(), vcp code = 16
2025/10/23 17:31:07.469 [T:0x2b36b] [DisplayControl] Exit MCCSOtherSet::GetVCP()
2025/10/23 17:31:07.469 [T:0x2b36b] [DisplayControl] Enter MCCSOtherSet::GetVCP(), vcp code = 16
2025/10/23 17:31:07.610 [T:0x2b36b] [DisplayControl] Exit MCCSOtherSet::GetVCP()
2025/10/23 17:31:07.611 [T:0x2b36b] [DisplayControl] Enter MCCSOtherSet::GetVCP(), vcp code = 16
2025/10/23 17:31:07.752 [T:0x2b36b] [DisplayControl] Exit MCCSOtherSet::GetVCP()
2025/10/23 17:31:07.752 [T:0x2b36b] [DisplayControl] Enter MCCSOtherSet::GetVCP(), vcp code = 16
2025/10/23 17:31:07.893 [T:0x2b36b] [DisplayControl] Exit MCCSOtherSet::GetVCP()
2025/10/23 17:31:07.893 [T:0x2b36b] [DisplayControl] Enter MCCSOtherSet::GetVCP(), vcp code = 16
2025/10/23 17:31:08.034 [T:0x2b36b] [DisplayControl] Exit MCCSOtherSet::GetVCP()
2025/10/23 17:31:08.035 [T:0x2b36b] [DisplayControl] Enter MCCSOtherSet::GetVCP(), vcp code = 16
2025/10/23 17:31:08.176 [T:0x2b36b] [DisplayControl] Exit MCCSOtherSet::GetVCP()
2025/10/23 17:31:08.176 [T:0x2b36b] [DisplayControl] Enter MCCSOtherSet::GetVCP(), vcp code = 16
2025/10/23 17:31:08.317 [T:0x2b36b] [DisplayControl] Exit MCCSOtherSet::GetVCP()
2025/10/23 17:31:08.317 [T:0x2b36b] [DisplayControl] Enter MCCSOtherSet::GetVCP(), vcp code = 16
2025/10/23 17:31:08.458 [T:0x2b36b] [DisplayControl] Exit MCCSOtherSet::GetVCP()
2025/10/23 17:31:08.458 [T:0x2b36b] [DisplayControl] Enter MCCSOtherSet::GetVCP(), vcp code = 16
2025/10/23 17:31:08.599 [T:0x2b36b] [DisplayControl] Exit MCCSOtherSet::GetVCP()
2025/10/23 17:31:08.600 [T:0x2b36b] [DisplayControl] Enter MCCSOtherSet::GetVCP(), vcp code = 16
2025/10/23 17:31:08.740 [T:0x2b36b] [DisplayControl] Exit MCCSOtherSet::GetVCP()
2025/10/23 17:31:08.741 [T:0x2b36b] [DisplayControl] Enter MCCSOtherSet::GetVCP(), vcp code = 16
2025/10/23 17:31:08.882 [T:0x2b36b] [DisplayControl] Exit MCCSOtherSet::GetVCP()
2025/10/23 17:31:08.882 [T:0x2b36b] [DisplayControl] Enter MCCSOtherSet::GetVCP(), vcp code = 16
2025/10/23 17:31:09.023 [T:0x2b36b] [DisplayControl] Exit MCCSOtherSet::GetVCP()
2025/10/23 17:31:09.023 [T:0x2b36b] [DisplayControl] Enter MCCSOtherSet::GetVCP(), vcp code = 16
2025/10/23 17:31:09.164 [T:0x2b36b] [DisplayControl] Exit MCCSOtherSet::GetVCP()
2025/10/23 17:31:09.270 [T:0x2b36b] [DisplayControl] Enter MCCSOtherSet::GetVCP(), vcp code = 97
2025/10/23 17:31:09.352 [T:0x2b36b] [DisplayControl] Exit MCCSOtherSet::GetVCP()
2025/10/23 17:31:09.458 [T:0x2b36b] [DisplayControl] Enter MCCSOtherSet::GetVCP(), vcp code = 141
2025/10/23 17:31:09.540 [T:0x2b36b] [DisplayControl] Exit MCCSOtherSet::GetVCP()
2025/10/23 17:31:09.647 [T:0x2b36b] [DisplayControl] Enter MCCSOtherSet::GetVCP(), vcp code = 135
2025/10/23 17:31:09.733 [T:0x2b36b] [DisplayControl] Exit MCCSOtherSet::GetVCP()
2025/10/23 17:31:09.834 [T:0x2b36b] [DisplayControl] Enter MCCSOtherSet::GetVCP(), vcp code = 98
2025/10/23 17:31:09.921 [T:0x2b36b] [DisplayControl] Exit MCCSOtherSet::GetVCP()
2025/10/23 17:31:10.023 [T:0x2b36b] [DisplayControl] Enter MCCSOtherSet::GetVCP(), vcp code = 225
2025/10/23 17:31:10.109 [T:0x2b36b] [DisplayControl] Exit MCCSOtherSet::GetVCP()
2025/10/23 17:31:10.211 [T:0x2b36b] [DisplayControl] Enter MCCSOtherSet::GetVCP(), vcp code = 18
2025/10/23 17:31:10.298 [T:0x2b36b] [DisplayControl] Exit MCCSOtherSet::GetVCP()
2025/10/23 17:31:10.400 [T:0x2b36b] [DisplayControl] Enter MCCSOtherSet::GetVCP(), vcp code = 96
2025/10/23 17:31:10.486 [T:0x2b36b] [DisplayControl] Exit MCCSOtherSet::GetVCP()
2025/10/23 17:31:10.588 [T:0x2b36b] [DisplayControl] Enter MCCSOtherSet::GetVCP(), vcp code = 236
2025/10/23 17:31:10.674 [T:0x2b36b] [DisplayControl] Exit MCCSOtherSet::GetVCP()
2025/10/23 17:31:10.776 [T:0x2b36b] [DisplayControl] Enter MCCSOtherSet::GetVCP(), vcp code = 220
2025/10/23 17:31:10.862 [T:0x2b36b] [DisplayControl] Exit MCCSOtherSet::GetVCP()
2025/10/23 17:31:10.964 [T:0x2b36b] [DisplayControl] Enter MCCSOtherSet::GetVCP(), vcp code = 4
2025/10/23 17:31:11.051 [T:0x2b36b] [DisplayControl] Exit MCCSOtherSet::GetVCP()
2025/10/23 17:31:11.153 [T:0x2b36b] [DisplayControl] Enter MCCSOtherSet::GetVCP(), vcp code = 43
2025/10/23 17:31:11.238 [T:0x2b36b] [DisplayControl] Exit MCCSOtherSet::GetVCP()
2025/10/23 17:31:11.341 [T:0x2b36b] [DisplayControl] Enter MCCSOtherSet::GetVCP(), vcp code = 51
2025/10/23 17:31:11.427 [T:0x2b36b] [DisplayControl] Exit MCCSOtherSet::GetVCP()
2025/10/23 17:31:11.529 [T:0x2b36b] [DisplayControl] Enter MCCSOtherSet::GetVCP(), vcp code = 16
2025/10/23 17:31:11.615 [T:0x2b36b] [DisplayControl] Exit MCCSOtherSet::GetVCP()
2025/10/23 17:31:11.717 [T:0x2b36b] [DisplayControl] Enter MCCSOtherSet::GetVCP(), vcp code = 97
2025/10/23 17:31:11.803 [T:0x2b36b] [DisplayControl] Exit MCCSOtherSet::GetVCP()
2025/10/23 17:31:11.906 [T:0x2b36b] [DisplayControl] Enter MCCSOtherSet::GetVCP(), vcp code = 226
2025/10/23 17:31:11.992 [T:0x2b36b] [DisplayControl] Exit MCCSOtherSet::GetVCP()
2025/10/23 17:31:12.094 [T:0x2b36b] [DisplayControl] Enter MCCSOtherSet::GetVCP(), vcp code = 141
2025/10/23 17:31:12.180 [T:0x2b36b] [DisplayControl] Exit MCCSOtherSet::GetVCP()
2025/10/23 17:32:22.942 [T:0x900ad] [DisplayControl] Enter MCCSOtherSet::GetVCP(), vcp code = 96
2025/10/23 17:32:23.029 [T:0x900ad] [DisplayControl] Exit MCCSOtherSet::GetVCP()
2025/10/23 17:32:23.224 [T:0x7f3d9] [DisplayControl] Enter MCCSOtherSet::GetVCP(), vcp code = 135
2025/10/23 17:32:23.332 [T:0x7f3d9] [DisplayControl] Exit MCCSOtherSet::GetVCP()
2025/10/23 17:32:23.446 [T:0x7f3d9] [DisplayControl] Enter MCCSOtherSet::GetVCP(), vcp code = 98
2025/10/23 17:32:23.544 [T:0x7f3d9] [DisplayControl] Exit MCCSOtherSet::GetVCP()
2025/10/23 17:32:23.650 [T:0x7f3d9] [DisplayControl] Enter MCCSOtherSet::GetVCP(), vcp code = 20
2025/10/23 17:32:23.731 [T:0x7f3d9] [DisplayControl] Exit MCCSOtherSet::GetVCP()
2025/10/23 17:32:23.838 [T:0x7f3d9] [DisplayControl] Enter MCCSOtherSet::GetVCP(), vcp code = 225
2025/10/23 17:32:23.920 [T:0x7f3d9] [DisplayControl] Exit MCCSOtherSet::GetVCP()
2025/10/23 17:32:24.026 [T:0x7f3d9] [DisplayControl] Enter MCCSOtherSet::GetVCP(), vcp code = 18
2025/10/23 17:32:24.109 [T:0x7f3d9] [DisplayControl] Exit MCCSOtherSet::GetVCP()
2025/10/23 17:32:24.109 [T:0x7f3d9] [DisplayControl] Enter MCCSOtherSet::GetVCP(), vcp code = 18
2025/10/23 17:32:24.250 [T:0x7f3d9] [DisplayControl] Exit MCCSOtherSet::GetVCP()
2025/10/23 17:32:24.250 [T:0x7f3d9] [DisplayControl] Enter MCCSOtherSet::GetVCP(), vcp code = 18
2025/10/23 17:32:24.391 [T:0x7f3d9] [DisplayControl] Exit MCCSOtherSet::GetVCP()
2025/10/23 17:32:24.392 [T:0x7f3d9] [DisplayControl] Enter MCCSOtherSet::GetVCP(), vcp code = 18
2025/10/23 17:32:24.532 [T:0x7f3d9] [DisplayControl] Exit MCCSOtherSet::GetVCP()
2025/10/23 17:32:24.532 [T:0x7f3d9] [DisplayControl] Enter MCCSOtherSet::GetVCP(), vcp code = 18
2025/10/23 17:32:24.674 [T:0x7f3d9] [DisplayControl] Exit MCCSOtherSet::GetVCP()
2025/10/23 17:32:24.674 [T:0x7f3d9] [DisplayControl] Enter MCCSOtherSet::GetVCP(), vcp code = 18
2025/10/23 17:32:24.815 [T:0x7f3d9] [DisplayControl] Exit MCCSOtherSet::GetVCP()
2025/10/23 17:32:24.815 [T:0x7f3d9] [DisplayControl] Enter MCCSOtherSet::GetVCP(), vcp code = 18
2025/10/23 17:32:24.956 [T:0x7f3d9] [DisplayControl] Exit MCCSOtherSet::GetVCP()
2025/10/23 17:32:24.956 [T:0x7f3d9] [DisplayControl] Enter MCCSOtherSet::GetVCP(), vcp code = 18
2025/10/23 17:32:25.097 [T:0x7f3d9] [DisplayControl] Exit MCCSOtherSet::GetVCP()
2025/10/23 17:32:25.097 [T:0x7f3d9] [DisplayControl] Enter MCCSOtherSet::GetVCP(), vcp code = 18
2025/10/23 17:32:25.238 [T:0x7f3d9] [DisplayControl] Exit MCCSOtherSet::GetVCP()
2025/10/23 17:32:25.238 [T:0x7f3d9] [DisplayControl] Enter MCCSOtherSet::GetVCP(), vcp code = 18
2025/10/23 17:32:25.380 [T:0x7f3d9] [DisplayControl] Exit MCCSOtherSet::GetVCP()
2025/10/23 17:32:25.380 [T:0x7f3d9] [DisplayControl] Enter MCCSOtherSet::GetVCP(), vcp code = 18
2025/10/23 17:32:25.521 [T:0x7f3d9] [DisplayControl] Exit MCCSOtherSet::GetVCP()
2025/10/23 17:32:25.521 [T:0x7f3d9] [DisplayControl] Enter MCCSOtherSet::GetVCP(), vcp code = 18
2025/10/23 17:32:25.663 [T:0x7f3d9] [DisplayControl] Exit MCCSOtherSet::GetVCP()
2025/10/23 17:32:25.663 [T:0x7f3d9] [DisplayControl] Enter MCCSOtherSet::GetVCP(), vcp code = 18
2025/10/23 17:32:25.804 [T:0x7f3d9] [DisplayControl] Exit MCCSOtherSet::GetVCP()
2025/10/23 17:32:25.804 [T:0x7f3d9] [DisplayControl] Enter MCCSOtherSet::GetVCP(), vcp code = 18
2025/10/23 17:32:25.945 [T:0x7f3d9] [DisplayControl] Exit MCCSOtherSet::GetVCP()
2025/10/23 17:32:25.945 [T:0x7f3d9] [DisplayControl] Enter MCCSOtherSet::GetVCP(), vcp code = 18
2025/10/23 17:32:26.086 [T:0x7f3d9] [DisplayControl] Exit MCCSOtherSet::GetVCP()
2025/10/23 17:32:26.086 [T:0x7f3d9] [DisplayControl] Enter MCCSOtherSet::GetVCP(), vcp code = 18
2025/10/23 17:32:26.227 [T:0x7f3d9] [DisplayControl] Exit MCCSOtherSet::GetVCP()
2025/10/23 17:32:26.227 [T:0x7f3d9] [DisplayControl] Enter MCCSOtherSet::GetVCP(), vcp code = 18
2025/10/23 17:32:26.369 [T:0x7f3d9] [DisplayControl] Exit MCCSOtherSet::GetVCP()
2025/10/23 17:32:26.369 [T:0x7f3d9] [DisplayControl] Enter MCCSOtherSet::GetVCP(), vcp code = 18
2025/10/23 17:32:26.509 [T:0x7f3d9] [DisplayControl] Exit MCCSOtherSet::GetVCP()
2025/10/23 17:32:26.510 [T:0x7f3d9] [DisplayControl] Enter MCCSOtherSet::GetVCP(), vcp code = 18
2025/10/23 17:32:26.650 [T:0x7f3d9] [DisplayControl] Exit MCCSOtherSet::GetVCP()
2025/10/23 17:32:26.651 [T:0x7f3d9] [DisplayControl] Enter MCCSOtherSet::GetVCP(), vcp code = 18
2025/10/23 17:32:26.792 [T:0x7f3d9] [DisplayControl] Exit MCCSOtherSet::GetVCP()
2025/10/23 17:32:26.792 [T:0x7f3d9] [DisplayControl] Enter MCCSOtherSet::GetVCP(), vcp code = 18
2025/10/23 17:32:26.932 [T:0x7f3d9] [DisplayControl] Exit MCCSOtherSet::GetVCP()
2025/10/23 17:32:26.933 [T:0x7f3d9] [DisplayControl] Enter MCCSOtherSet::GetVCP(), vcp code = 18
2025/10/23 17:32:27.074 [T:0x7f3d9] [DisplayControl] Exit MCCSOtherSet::GetVCP()
2025/10/23 17:32:27.074 [T:0x7f3d9] [DisplayControl] Enter MCCSOtherSet::GetVCP(), vcp code = 18
2025/10/23 17:32:27.215 [T:0x7f3d9] [DisplayControl] Exit MCCSOtherSet::GetVCP()
2025/10/23 17:32:27.216 [T:0x7f3d9] [DisplayControl] Enter MCCSOtherSet::GetVCP(), vcp code = 18
2025/10/23 17:32:27.357 [T:0x7f3d9] [DisplayControl] Exit MCCSOtherSet::GetVCP()
2025/10/23 17:32:27.357 [T:0x7f3d9] [DisplayControl] Enter MCCSOtherSet::GetVCP(), vcp code = 18
2025/10/23 17:32:27.498 [T:0x7f3d9] [DisplayControl] Exit MCCSOtherSet::GetVCP()
2025/10/23 17:32:27.498 [T:0x7f3d9] [DisplayControl] Enter MCCSOtherSet::GetVCP(), vcp code = 18
2025/10/23 17:32:27.639 [T:0x7f3d9] [DisplayControl] Exit MCCSOtherSet::GetVCP()
2025/10/23 17:32:27.639 [T:0x7f3d9] [DisplayControl] Enter MCCSOtherSet::GetVCP(), vcp code = 18
2025/10/23 17:32:27.780 [T:0x7f3d9] [DisplayControl] Exit MCCSOtherSet::GetVCP()
2025/10/23 17:32:27.780 [T:0x7f3d9] [DisplayControl] Enter MCCSOtherSet::GetVCP(), vcp code = 18
2025/10/23 17:32:27.921 [T:0x7f3d9] [DisplayControl] Exit MCCSOtherSet::GetVCP()
2025/10/23 17:32:27.921 [T:0x7f3d9] [DisplayControl] Enter MCCSOtherSet::GetVCP(), vcp code = 18
2025/10/23 17:32:28.063 [T:0x7f3d9] [DisplayControl] Exit MCCSOtherSet::GetVCP()
2025/10/23 17:32:28.063 [T:0x7f3d9] [DisplayControl] Enter MCCSOtherSet::GetVCP(), vcp code = 18
2025/10/23 17:32:28.203 [T:0x7f3d9] [DisplayControl] Exit MCCSOtherSet::GetVCP()
2025/10/23 17:32:28.204 [T:0x7f3d9] [DisplayControl] Enter MCCSOtherSet::GetVCP(), vcp code = 18
2025/10/23 17:32:28.345 [T:0x7f3d9] [DisplayControl] Exit MCCSOtherSet::GetVCP()
2025/10/23 17:32:28.345 [T:0x7f3d9] [DisplayControl] Enter MCCSOtherSet::GetVCP(), vcp code = 18
2025/10/23 17:32:28.486 [T:0x7f3d9] [DisplayControl] Exit MCCSOtherSet::GetVCP()
2025/10/23 17:32:28.486 [T:0x7f3d9] [DisplayControl] Enter MCCSOtherSet::GetVCP(), vcp code = 18
2025/10/23 17:32:28.627 [T:0x7f3d9] [DisplayControl] Exit MCCSOtherSet::GetVCP()
2025/10/23 17:32:28.627 [T:0x7f3d9] [DisplayControl] Enter MCCSOtherSet::GetVCP(), vcp code = 18
2025/10/23 17:32:28.769 [T:0x7f3d9] [DisplayControl] Exit MCCSOtherSet::GetVCP()
2025/10/23 17:32:28.769 [T:0x7f3d9] [DisplayControl] Enter MCCSOtherSet::GetVCP(), vcp code = 18
2025/10/23 17:32:28.910 [T:0x7f3d9] [DisplayControl] Exit MCCSOtherSet::GetVCP()
2025/10/23 17:32:28.910 [T:0x7f3d9] [DisplayControl] Enter MCCSOtherSet::GetVCP(), vcp code = 18
2025/10/23 17:32:29.050 [T:0x7f3d9] [DisplayControl] Exit MCCSOtherSet::GetVCP()
2025/10/23 17:32:29.157 [T:0x7f3d9] [DisplayControl] Enter MCCSOtherSet::GetVCP(), vcp code = 96
2025/10/23 17:32:29.239 [T:0x7f3d9] [DisplayControl] Exit MCCSOtherSet::GetVCP()
2025/10/23 17:32:29.345 [T:0x7f3d9] [DisplayControl] Enter MCCSOtherSet::GetVCP(), vcp code = 220
2025/10/23 17:32:29.427 [T:0x7f3d9] [DisplayControl] Exit MCCSOtherSet::GetVCP()
2025/10/23 17:32:29.534 [T:0x7f3d9] [DisplayControl] Enter MCCSOtherSet::GetVCP(), vcp code = 4
2025/10/23 17:32:29.616 [T:0x7f3d9] [DisplayControl] Exit MCCSOtherSet::GetVCP()
2025/10/23 17:32:29.722 [T:0x7f3d9] [DisplayControl] Enter MCCSOtherSet::GetVCP(), vcp code = 43
2025/10/23 17:32:29.804 [T:0x7f3d9] [DisplayControl] Exit MCCSOtherSet::GetVCP()
2025/10/23 17:32:29.910 [T:0x7f3d9] [DisplayControl] Enter MCCSOtherSet::GetVCP(), vcp code = 245
2025/10/23 17:32:29.992 [T:0x7f3d9] [DisplayControl] Exit MCCSOtherSet::GetVCP()
2025/10/23 17:32:30.099 [T:0x7f3d9] [DisplayControl] Enter MCCSOtherSet::GetVCP(), vcp code = 51
2025/10/23 17:32:30.181 [T:0x7f3d9] [DisplayControl] Exit MCCSOtherSet::GetVCP()
2025/10/23 17:32:30.287 [T:0x7f3d9] [DisplayControl] Enter MCCSOtherSet::GetVCP(), vcp code = 16
2025/10/23 17:32:30.370 [T:0x7f3d9] [DisplayControl] Exit MCCSOtherSet::GetVCP()
2025/10/23 17:32:30.370 [T:0x7f3d9] [DisplayControl] Enter MCCSOtherSet::GetVCP(), vcp code = 16
2025/10/23 17:32:30.510 [T:0x7f3d9] [DisplayControl] Exit MCCSOtherSet::GetVCP()
2025/10/23 17:32:30.511 [T:0x7f3d9] [DisplayControl] Enter MCCSOtherSet::GetVCP(), vcp code = 16
2025/10/23 17:32:30.651 [T:0x7f3d9] [DisplayControl] Exit MCCSOtherSet::GetVCP()
2025/10/23 17:32:30.652 [T:0x7f3d9] [DisplayControl] Enter MCCSOtherSet::GetVCP(), vcp code = 16
2025/10/23 17:32:30.793 [T:0x7f3d9] [DisplayControl] Exit MCCSOtherSet::GetVCP()
2025/10/23 17:32:30.793 [T:0x7f3d9] [DisplayControl] Enter MCCSOtherSet::GetVCP(), vcp code = 16
2025/10/23 17:32:30.934 [T:0x7f3d9] [DisplayControl] Exit MCCSOtherSet::GetVCP()
2025/10/23 17:32:30.934 [T:0x7f3d9] [DisplayControl] Enter MCCSOtherSet::GetVCP(), vcp code = 16
2025/10/23 17:32:31.075 [T:0x7f3d9] [DisplayControl] Exit MCCSOtherSet::GetVCP()
2025/10/23 17:32:31.076 [T:0x7f3d9] [DisplayControl] Enter MCCSOtherSet::GetVCP(), vcp code = 16
2025/10/23 17:32:31.216 [T:0x7f3d9] [DisplayControl] Exit MCCSOtherSet::GetVCP()
2025/10/23 17:32:31.217 [T:0x7f3d9] [DisplayControl] Enter MCCSOtherSet::GetVCP(), vcp code = 16
2025/10/23 17:32:31.357 [T:0x7f3d9] [DisplayControl] Exit MCCSOtherSet::GetVCP()
2025/10/23 17:32:31.358 [T:0x7f3d9] [DisplayControl] Enter MCCSOtherSet::GetVCP(), vcp code = 16
2025/10/23 17:32:31.499 [T:0x7f3d9] [DisplayControl] Exit MCCSOtherSet::GetVCP()
2025/10/23 17:32:31.499 [T:0x7f3d9] [DisplayControl] Enter MCCSOtherSet::GetVCP(), vcp code = 16
2025/10/23 17:32:31.639 [T:0x7f3d9] [DisplayControl] Exit MCCSOtherSet::GetVCP()
2025/10/23 17:32:31.640 [T:0x7f3d9] [DisplayControl] Enter MCCSOtherSet::GetVCP(), vcp code = 16
2025/10/23 17:32:31.781 [T:0x7f3d9] [DisplayControl] Exit MCCSOtherSet::GetVCP()
2025/10/23 17:32:31.781 [T:0x7f3d9] [DisplayControl] Enter MCCSOtherSet::GetVCP(), vcp code = 16
2025/10/23 17:32:31.922 [T:0x7f3d9] [DisplayControl] Exit MCCSOtherSet::GetVCP()
2025/10/23 17:32:31.922 [T:0x7f3d9] [DisplayControl] Enter MCCSOtherSet::GetVCP(), vcp code = 16
2025/10/23 17:32:32.063 [T:0x7f3d9] [DisplayControl] Exit MCCSOtherSet::GetVCP()
2025/10/23 17:32:32.063 [T:0x7f3d9] [DisplayControl] Enter MCCSOtherSet::GetVCP(), vcp code = 16
2025/10/23 17:32:32.204 [T:0x7f3d9] [DisplayControl] Exit MCCSOtherSet::GetVCP()
2025/10/23 17:32:32.204 [T:0x7f3d9] [DisplayControl] Enter MCCSOtherSet::GetVCP(), vcp code = 16
2025/10/23 17:32:32.346 [T:0x7f3d9] [DisplayControl] Exit MCCSOtherSet::GetVCP()
2025/10/23 17:32:32.346 [T:0x7f3d9] [DisplayControl] Enter MCCSOtherSet::GetVCP(), vcp code = 16
2025/10/23 17:32:32.486 [T:0x7f3d9] [DisplayControl] Exit MCCSOtherSet::GetVCP()
2025/10/23 17:32:32.487 [T:0x7f3d9] [DisplayControl] Enter MCCSOtherSet::GetVCP(), vcp code = 16
2025/10/23 17:32:32.628 [T:0x7f3d9] [DisplayControl] Exit MCCSOtherSet::GetVCP()
2025/10/23 17:32:32.628 [T:0x7f3d9] [DisplayControl] Enter MCCSOtherSet::GetVCP(), vcp code = 16
2025/10/23 17:32:32.769 [T:0x7f3d9] [DisplayControl] Exit MCCSOtherSet::GetVCP()
2025/10/23 17:32:32.769 [T:0x7f3d9] [DisplayControl] Enter MCCSOtherSet::GetVCP(), vcp code = 16
2025/10/23 17:32:32.910 [T:0x7f3d9] [DisplayControl] Exit MCCSOtherSet::GetVCP()
2025/10/23 17:32:32.911 [T:0x7f3d9] [DisplayControl] Enter MCCSOtherSet::GetVCP(), vcp code = 16
2025/10/23 17:32:33.051 [T:0x7f3d9] [DisplayControl] Exit MCCSOtherSet::GetVCP()
2025/10/23 17:32:33.051 [T:0x7f3d9] [DisplayControl] Enter MCCSOtherSet::GetVCP(), vcp code = 16
2025/10/23 17:32:33.192 [T:0x7f3d9] [DisplayControl] Exit MCCSOtherSet::GetVCP()
2025/10/23 17:32:33.193 [T:0x7f3d9] [DisplayControl] Enter MCCSOtherSet::GetVCP(), vcp code = 16
2025/10/23 17:32:33.333 [T:0x7f3d9] [DisplayControl] Exit MCCSOtherSet::GetVCP()
2025/10/23 17:32:33.334 [T:0x7f3d9] [DisplayControl] Enter MCCSOtherSet::GetVCP(), vcp code = 16
2025/10/23 17:32:33.475 [T:0x7f3d9] [DisplayControl] Exit MCCSOtherSet::GetVCP()
2025/10/23 17:32:33.475 [T:0x7f3d9] [DisplayControl] Enter MCCSOtherSet::GetVCP(), vcp code = 16
2025/10/23 17:32:33.616 [T:0x7f3d9] [DisplayControl] Exit MCCSOtherSet::GetVCP()
2025/10/23 17:32:33.616 [T:0x7f3d9] [DisplayControl] Enter MCCSOtherSet::GetVCP(), vcp code = 16
2025/10/23 17:32:33.757 [T:0x7f3d9] [DisplayControl] Exit MCCSOtherSet::GetVCP()
2025/10/23 17:32:33.757 [T:0x7f3d9] [DisplayControl] Enter MCCSOtherSet::GetVCP(), vcp code = 16
2025/10/23 17:32:33.898 [T:0x7f3d9] [DisplayControl] Exit MCCSOtherSet::GetVCP()
2025/10/23 17:32:33.898 [T:0x7f3d9] [DisplayControl] Enter MCCSOtherSet::GetVCP(), vcp code = 16
2025/10/23 17:32:34.039 [T:0x7f3d9] [DisplayControl] Exit MCCSOtherSet::GetVCP()
2025/10/23 17:32:34.039 [T:0x7f3d9] [DisplayControl] Enter MCCSOtherSet::GetVCP(), vcp code = 16
2025/10/23 17:32:34.181 [T:0x7f3d9] [DisplayControl] Exit MCCSOtherSet::GetVCP()
2025/10/23 17:32:34.181 [T:0x7f3d9] [DisplayControl] Enter MCCSOtherSet::GetVCP(), vcp code = 16
2025/10/23 17:32:34.322 [T:0x7f3d9] [DisplayControl] Exit MCCSOtherSet::GetVCP()
2025/10/23 17:32:34.322 [T:0x7f3d9] [DisplayControl] Enter MCCSOtherSet::GetVCP(), vcp code = 16
2025/10/23 17:32:34.463 [T:0x7f3d9] [DisplayControl] Exit MCCSOtherSet::GetVCP()
2025/10/23 17:32:34.463 [T:0x7f3d9] [DisplayControl] Enter MCCSOtherSet::GetVCP(), vcp code = 16
2025/10/23 17:32:34.604 [T:0x7f3d9] [DisplayControl] Exit MCCSOtherSet::GetVCP()
2025/10/23 17:32:34.604 [T:0x7f3d9] [DisplayControl] Enter MCCSOtherSet::GetVCP(), vcp code = 16
2025/10/23 17:32:34.745 [T:0x7f3d9] [DisplayControl] Exit MCCSOtherSet::GetVCP()
2025/10/23 17:32:34.745 [T:0x7f3d9] [DisplayControl] Enter MCCSOtherSet::GetVCP(), vcp code = 16
2025/10/23 17:32:34.886 [T:0x7f3d9] [DisplayControl] Exit MCCSOtherSet::GetVCP()
2025/10/23 17:32:34.887 [T:0x7f3d9] [DisplayControl] Enter MCCSOtherSet::GetVCP(), vcp code = 16
2025/10/23 17:32:35.027 [T:0x7f3d9] [DisplayControl] Exit MCCSOtherSet::GetVCP()
2025/10/23 17:32:35.028 [T:0x7f3d9] [DisplayControl] Enter MCCSOtherSet::GetVCP(), vcp code = 16
2025/10/23 17:32:35.169 [T:0x7f3d9] [DisplayControl] Exit MCCSOtherSet::GetVCP()
2025/10/23 17:32:35.169 [T:0x7f3d9] [DisplayControl] Enter MCCSOtherSet::GetVCP(), vcp code = 16
2025/10/23 17:32:35.311 [T:0x7f3d9] [DisplayControl] Exit MCCSOtherSet::GetVCP()
2025/10/23 17:32:35.416 [T:0x7f3d9] [DisplayControl] Enter MCCSOtherSet::GetVCP(), vcp code = 97
2025/10/23 17:32:35.498 [T:0x7f3d9] [DisplayControl] Exit MCCSOtherSet::GetVCP()
2025/10/23 17:32:35.605 [T:0x7f3d9] [DisplayControl] Enter MCCSOtherSet::GetVCP(), vcp code = 141
2025/10/23 17:32:35.687 [T:0x7f3d9] [DisplayControl] Exit MCCSOtherSet::GetVCP()
2025/10/23 17:32:39.824 [T:0x7f3d9] [DisplayControl] Enter MCCSOtherSet::SetVCP(), vcp code = 4
2025/10/23 17:32:40.760 [T:0x7f3d9] [DisplayControl] Exit MCCSOtherSet::SetVCP()
2025/10/23 17:32:45.884 [T:0x7f3d9] [DisplayControl] Enter OperationThread::ExitThread
2025/10/23 17:32:45.884 [T:0x7f3d9] [DisplayControl] Exit OperationThread::ExitThread
2025/10/23 17:32:45.884 [T:0x7f3d9] [DisplayControl] Enter OperationThread::~OperationThread()
2025/10/23 17:32:45.884 [T:0x7f3d9] [DisplayControl] Enter OperationThread::ExitThread
2025/10/23 17:32:45.884 [T:0x7f3d9] [DisplayControl] Enter OperationThread::ExitThread
2025/10/23 17:32:45.884 [T:0x7f3d9] [DisplayControl] Exit OperationThread::ExitThread
2025/10/23 17:32:45.884 [T:0x7f3d9] [DisplayControl] Enter OperationThread::~OperationThread()
2025/10/23 17:32:45.884 [T:0x7f3d9] [DisplayControl] Enter OperationThread::ExitThread
2025/10/23 17:32:45.908 [T:0x7f3d9] [DbgStr] After calling display_control_client_listener_video_port_.UpdateAllDisplayPath()
2025/10/23 17:32:45.925 [T:0x7f3d9] [DbgStr] After calling display_control_client_listener_.GetAllDisplayEDID()
2025/10/23 17:32:45.926 [T:0x7f3d9] [DisplayControl] Version = 3.0.6.0
2025/10/23 17:32:45.926 [T:0x7f3d9] [DisplayControl] Enter ObtainControlHandler1
2025/10/23 17:32:45.926 [T:0x7f3d9] [DisplayControl] GetVideoPortCommander
2025/10/23 17:32:45.926 [T:0x7f3d9] [DisplayControl] GetUSBHubCommander
2025/10/23 17:32:45.926 [T:0x7f3d9] ====== List p_lpo_display_info_video_port, # of devices is ======2
2025/10/23 17:32:45.927 [T:0x7f3d9] [DisplayControl] index of p_lpo_display_info_video_port0
2025/10/23 17:32:45.927 [T:0x7f3d9] [DisplayControl] Model name from VideoPort = VG2458
2025/10/23 17:32:45.927 [T:0x7f3d9] [DisplayControl] SN from VideoPort = YDJ243400006
2025/10/23 17:32:45.927 [T:0x7f3d9] [DisplayControl] index of p_lpo_display_info_video_port1
2025/10/23 17:32:45.927 [T:0x7f3d9] [DisplayControl] Model name from VideoPort = VG275
2025/10/23 17:32:45.927 [T:0x7f3d9] [DisplayControl] SN from VideoPort = XF6232400003
2025/10/23 17:32:45.927 [T:0x7f3d9] ====== List p_lpo_display_info_rtd_scalar_rts_hub, # of devices is ======0
2025/10/23 17:32:45.927 [T:0x7f3d9] [DisplayControl] GetVSRtkHubControlClientListener
2025/10/23 17:32:45.927 [T:0x7f3d9] [DisplayControl] max monitor count = 2
2025/10/23 17:32:45.927 [T:0x7f3d9] [DisplayControl] index of display_info_vec = 0
2025/10/23 17:32:45.927 [T:0x7f3d9] [DisplayControl] index of p_lpo_display_info_video_port = 0
2025/10/23 17:32:45.927 [T:0x7f3d9] [DisplayControl] VideoPortMatchingRule
2025/10/23 17:32:45.927 [T:0x7f3d9] [DisplayControl] monitor display_info_model_name = VG2458
2025/10/23 17:32:45.927 [T:0x7f3d9] [DisplayControl] monitor video_port_model_name = VG2458
2025/10/23 17:32:45.927 [T:0x7f3d9] [DisplayControl] monitor display_info_sn = YDJ243400006
2025/10/23 17:32:45.927 [T:0x7f3d9] [DisplayControl] monitor video_port_sn = YDJ243400006
2025/10/23 17:32:45.927 [T:0x7f3d9] [DisplayControl] model_name_match = 1
2025/10/23 17:32:45.927 [T:0x7f3d9] [DisplayControl] sn_match = 1
2025/10/23 17:32:45.927 [T:0x7f3d9] [DisplayControl] video_port is_match = 1
2025/10/23 17:32:45.927 [T:0x7f3d9] [DisplayControl] index of display_info_vec = 1
2025/10/23 17:32:45.927 [T:0x7f3d9] [DisplayControl] index of p_lpo_display_info_video_port = 0
2025/10/23 17:32:45.927 [T:0x7f3d9] [DisplayControl] VideoPortMatchingRule
2025/10/23 17:32:45.927 [T:0x7f3d9] [DisplayControl] monitor display_info_model_name = VG275
2025/10/23 17:32:45.927 [T:0x7f3d9] [DisplayControl] monitor video_port_model_name = VG2458
2025/10/23 17:32:45.927 [T:0x7f3d9] [DisplayControl] monitor display_info_sn = XF6232400003
2025/10/23 17:32:45.927 [T:0x7f3d9] [DisplayControl] monitor video_port_sn = YDJ243400006
2025/10/23 17:32:45.927 [T:0x7f3d9] [DisplayControl] model_name_match = 0
2025/10/23 17:32:45.928 [T:0x7f3d9] [DisplayControl] sn_match = 0
2025/10/23 17:32:45.928 [T:0x7f3d9] [DisplayControl] video_port is_match = 0
2025/10/23 17:32:45.928 [T:0x7f3d9] [DisplayControl] index of display_info_vec = 1
2025/10/23 17:32:45.928 [T:0x7f3d9] [DisplayControl] index of p_lpo_display_info_video_port = 1
2025/10/23 17:32:45.928 [T:0x7f3d9] [DisplayControl] VideoPortMatchingRule
2025/10/23 17:32:45.928 [T:0x7f3d9] [DisplayControl] monitor display_info_model_name = VG275
2025/10/23 17:32:45.928 [T:0x7f3d9] [DisplayControl] monitor video_port_model_name = VG275
2025/10/23 17:32:45.928 [T:0x7f3d9] [DisplayControl] monitor display_info_sn = XF6232400003
2025/10/23 17:32:45.928 [T:0x7f3d9] [DisplayControl] monitor video_port_sn = XF6232400003
2025/10/23 17:32:45.928 [T:0x7f3d9] [DisplayControl] model_name_match = 1
2025/10/23 17:32:45.928 [T:0x7f3d9] [DisplayControl] sn_match = 1
2025/10/23 17:32:45.928 [T:0x7f3d9] [DisplayControl] video_port is_match = 1
2025/10/23 17:32:45.928 [T:0x7f3d9] [DisplayControl] i = 0
2025/10/23 17:32:45.928 [T:0x7f3d9] [DisplayControl] Enter OperationThread::OperationThread()
2025/10/23 17:32:45.928 [T:0x7f3d9] [DisplayControl] Enter OperationThread::CreateThread
2025/10/23 17:32:45.928 [T:0x7f3d9] [DisplayControl] new DisplayFunctioner
2025/10/23 17:32:45.928 [T:0x7f3d9] [DisplayControl] insert displayer_vector
2025/10/23 17:32:45.928 [T:0x7f3d9] [DisplayControl] insert modelName_SN_to_Display_map
2025/10/23 17:32:45.928 [T:0x7f3d9] [DisplayControl] insert device_id_to_Displayer_map_
2025/10/23 17:32:45.928 [T:0x7f3d9] [DisplayControl] i = 1
2025/10/23 17:32:45.928 [T:0x7f3d9] [DisplayControl] Enter OperationThread::OperationThread()
2025/10/23 17:32:45.928 [T:0x7f3d9] [DisplayControl] Enter OperationThread::CreateThread
2025/10/23 17:32:45.928 [T:0x7f3d9] [DisplayControl] new DisplayFunctioner
2025/10/23 17:32:45.929 [T:0x7f3d9] [DisplayControl] insert displayer_vector
2025/10/23 17:32:45.929 [T:0x7f3d9] [DisplayControl] insert modelName_SN_to_Display_map
2025/10/23 17:32:45.929 [T:0x7f3d9] [DisplayControl] insert device_id_to_Displayer_map_
2025/10/23 17:32:45.929 [T:0x7f3d9] [DisplayControl] monitor size = 2
2025/10/23 17:32:45.929 [T:0x7f3d9] [DisplayControl] Exit ObtainControlHandler
2025/10/23 17:32:45.929 [T:0x7f3d9] [DisplayControl] Enter MCCSOtherSet::GetVCP(), vcp code = 16
2025/10/23 17:32:46.012 [T:0x7f3d9] [DisplayControl] Exit MCCSOtherSet::GetVCP()
2025/10/23 17:32:46.012 [T:0x7f3d9] [DisplayControl] Enter MCCSOtherSet::GetVCP(), vcp code = 135
2025/10/23 17:32:46.154 [T:0x7f3d9] [DisplayControl] Exit MCCSOtherSet::GetVCP()
2025/10/23 17:32:46.260 [T:0x7f3d9] [DisplayControl] Enter MCCSOtherSet::GetVCP(), vcp code = 98
2025/10/23 17:32:46.342 [T:0x7f3d9] [DisplayControl] Exit MCCSOtherSet::GetVCP()
2025/10/23 17:32:46.448 [T:0x7f3d9] [DisplayControl] Enter MCCSOtherSet::GetVCP(), vcp code = 20
2025/10/23 17:32:46.530 [T:0x7f3d9] [DisplayControl] Exit MCCSOtherSet::GetVCP()
2025/10/23 17:32:46.637 [T:0x7f3d9] [DisplayControl] Enter MCCSOtherSet::GetVCP(), vcp code = 225
2025/10/23 17:32:46.718 [T:0x7f3d9] [DisplayControl] Exit MCCSOtherSet::GetVCP()
2025/10/23 17:32:46.825 [T:0x7f3d9] [DisplayControl] Enter MCCSOtherSet::GetVCP(), vcp code = 18
2025/10/23 17:32:46.907 [T:0x7f3d9] [DisplayControl] Exit MCCSOtherSet::GetVCP()
2025/10/23 17:32:47.013 [T:0x7f3d9] [DisplayControl] Enter MCCSOtherSet::GetVCP(), vcp code = 96
2025/10/23 17:32:47.095 [T:0x7f3d9] [DisplayControl] Exit MCCSOtherSet::GetVCP()
2025/10/23 17:32:47.201 [T:0x7f3d9] [DisplayControl] Enter MCCSOtherSet::GetVCP(), vcp code = 220
2025/10/23 17:32:47.283 [T:0x7f3d9] [DisplayControl] Exit MCCSOtherSet::GetVCP()
2025/10/23 17:32:47.390 [T:0x7f3d9] [DisplayControl] Enter MCCSOtherSet::GetVCP(), vcp code = 4
2025/10/23 17:32:47.471 [T:0x7f3d9] [DisplayControl] Exit MCCSOtherSet::GetVCP()
2025/10/23 17:32:47.578 [T:0x7f3d9] [DisplayControl] Enter MCCSOtherSet::GetVCP(), vcp code = 43
2025/10/23 17:32:47.660 [T:0x7f3d9] [DisplayControl] Exit MCCSOtherSet::GetVCP()
2025/10/23 17:32:47.766 [T:0x7f3d9] [DisplayControl] Enter MCCSOtherSet::GetVCP(), vcp code = 245
2025/10/23 17:32:47.848 [T:0x7f3d9] [DisplayControl] Exit MCCSOtherSet::GetVCP()
2025/10/23 17:32:47.954 [T:0x7f3d9] [DisplayControl] Enter MCCSOtherSet::GetVCP(), vcp code = 51
2025/10/23 17:32:48.036 [T:0x7f3d9] [DisplayControl] Exit MCCSOtherSet::GetVCP()
2025/10/23 17:32:48.143 [T:0x7f3d9] [DisplayControl] Enter MCCSOtherSet::GetVCP(), vcp code = 16
2025/10/23 17:32:48.224 [T:0x7f3d9] [DisplayControl] Exit MCCSOtherSet::GetVCP()
2025/10/23 17:32:48.278 [T:0x900ad] [DisplayControl] Enter MCCSOtherSet::GetVCP(), vcp code = 96
2025/10/23 17:32:48.331 [T:0x7f3d9] [DisplayControl] Enter MCCSOtherSet::GetVCP(), vcp code = 97
2025/10/23 17:32:48.374 [T:0x900ad] [DisplayControl] Exit MCCSOtherSet::GetVCP()
2025/10/23 17:32:48.547 [T:0x7f3d9] [DisplayControl] Exit MCCSOtherSet::GetVCP()
2025/10/23 17:32:48.649 [T:0x7f3d9] [DisplayControl] Enter MCCSOtherSet::GetVCP(), vcp code = 141
2025/10/23 17:32:48.864 [T:0x7f3d9] [DisplayControl] Exit MCCSOtherSet::GetVCP()
2025/10/23 17:32:48.966 [T:0x7f3d9] [DisplayControl] Enter MCCSOtherSet::GetVCP(), vcp code = 135
2025/10/23 17:32:49.067 [T:0x7f3d9] [DisplayControl] Exit MCCSOtherSet::GetVCP()
2025/10/23 17:32:49.169 [T:0x7f3d9] [DisplayControl] Enter MCCSOtherSet::GetVCP(), vcp code = 98
2025/10/23 17:32:49.255 [T:0x7f3d9] [DisplayControl] Exit MCCSOtherSet::GetVCP()
2025/10/23 17:32:49.357 [T:0x7f3d9] [DisplayControl] Enter MCCSOtherSet::GetVCP(), vcp code = 225
2025/10/23 17:32:49.444 [T:0x7f3d9] [DisplayControl] Exit MCCSOtherSet::GetVCP()
2025/10/23 17:32:49.546 [T:0x7f3d9] [DisplayControl] Enter MCCSOtherSet::GetVCP(), vcp code = 18
2025/10/23 17:32:49.631 [T:0x7f3d9] [DisplayControl] Exit MCCSOtherSet::GetVCP()
2025/10/23 17:32:49.733 [T:0x7f3d9] [DisplayControl] Enter MCCSOtherSet::GetVCP(), vcp code = 96
2025/10/23 17:32:49.819 [T:0x7f3d9] [DisplayControl] Exit MCCSOtherSet::GetVCP()
2025/10/23 17:32:49.921 [T:0x7f3d9] [DisplayControl] Enter MCCSOtherSet::GetVCP(), vcp code = 236
2025/10/23 17:32:50.008 [T:0x7f3d9] [DisplayControl] Exit MCCSOtherSet::GetVCP()
2025/10/23 17:32:50.110 [T:0x7f3d9] [DisplayControl] Enter MCCSOtherSet::GetVCP(), vcp code = 220
2025/10/23 17:32:50.197 [T:0x7f3d9] [DisplayControl] Exit MCCSOtherSet::GetVCP()
2025/10/23 17:32:50.298 [T:0x7f3d9] [DisplayControl] Enter MCCSOtherSet::GetVCP(), vcp code = 4
2025/10/23 17:32:50.385 [T:0x7f3d9] [DisplayControl] Exit MCCSOtherSet::GetVCP()
2025/10/23 17:32:50.487 [T:0x7f3d9] [DisplayControl] Enter MCCSOtherSet::GetVCP(), vcp code = 43
2025/10/23 17:32:50.573 [T:0x7f3d9] [DisplayControl] Exit MCCSOtherSet::GetVCP()
2025/10/23 17:32:50.675 [T:0x7f3d9] [DisplayControl] Enter MCCSOtherSet::GetVCP(), vcp code = 51
2025/10/23 17:32:50.762 [T:0x7f3d9] [DisplayControl] Exit MCCSOtherSet::GetVCP()
2025/10/23 17:32:50.863 [T:0x7f3d9] [DisplayControl] Enter MCCSOtherSet::GetVCP(), vcp code = 16
2025/10/23 17:32:50.950 [T:0x7f3d9] [DisplayControl] Exit MCCSOtherSet::GetVCP()
2025/10/23 17:32:51.052 [T:0x7f3d9] [DisplayControl] Enter MCCSOtherSet::GetVCP(), vcp code = 97
2025/10/23 17:32:51.138 [T:0x7f3d9] [DisplayControl] Exit MCCSOtherSet::GetVCP()
2025/10/23 17:32:51.240 [T:0x7f3d9] [DisplayControl] Enter MCCSOtherSet::GetVCP(), vcp code = 226
2025/10/23 17:32:51.326 [T:0x7f3d9] [DisplayControl] Exit MCCSOtherSet::GetVCP()
2025/10/23 17:32:51.428 [T:0x7f3d9] [DisplayControl] Enter MCCSOtherSet::GetVCP(), vcp code = 141
2025/10/23 17:32:51.514 [T:0x7f3d9] [DisplayControl] Exit MCCSOtherSet::GetVCP()
2025/10/23 17:36:16.849 [T:0x579b8] [DisplayControl] Enter MCCSOtherSet::SetVCP(), vcp code = 51
2025/10/23 17:36:17.187 [T:0x579b8] [DisplayControl] Exit MCCSOtherSet::SetVCP()
2025/10/23 17:37:57.622 [T:0x7f7b6] [DisplayControl] Enter MCCSOtherSet::SetVCP(), vcp code = 96
2025/10/23 17:37:58.451 [T:0x7f7b6] [DisplayControl] Exit MCCSOtherSet::SetVCP()
2025/10/23 17:38:05.749 [T:0x7f7b6] [DisplayControl] Enter OperationThread::ExitThread
2025/10/23 17:38:05.750 [T:0x7f7b6] [DisplayControl] Exit OperationThread::ExitThread
2025/10/23 17:38:05.750 [T:0x7f7b6] [DisplayControl] Enter OperationThread::~OperationThread()
2025/10/23 17:38:05.750 [T:0x7f7b6] [DisplayControl] Enter OperationThread::ExitThread
2025/10/23 17:38:05.750 [T:0x7f7b6] [DisplayControl] Enter OperationThread::ExitThread
2025/10/23 17:38:05.751 [T:0x7f7b6] [DisplayControl] Exit OperationThread::ExitThread
2025/10/23 17:38:05.751 [T:0x7f7b6] [DisplayControl] Enter OperationThread::~OperationThread()
2025/10/23 17:38:05.752 [T:0x7f7b6] [DisplayControl] Enter OperationThread::ExitThread
2025/10/23 17:38:05.799 [T:0x7f7b6] [DbgStr] After calling display_control_client_listener_video_port_.UpdateAllDisplayPath()
2025/10/23 17:38:05.815 [T:0x7f7b6] [DbgStr] After calling display_control_client_listener_.GetAllDisplayEDID()
2025/10/23 17:38:05.817 [T:0x7f7b6] [DisplayControl] Version = 3.0.6.0
2025/10/23 17:38:05.817 [T:0x7f7b6] [DisplayControl] Enter ObtainControlHandler1
2025/10/23 17:38:05.817 [T:0x7f7b6] [DisplayControl] GetVideoPortCommander
2025/10/23 17:38:05.817 [T:0x7f7b6] [DisplayControl] GetUSBHubCommander
2025/10/23 17:38:05.817 [T:0x7f7b6] ====== List p_lpo_display_info_video_port, # of devices is ======2
2025/10/23 17:38:05.817 [T:0x7f7b6] [DisplayControl] index of p_lpo_display_info_video_port0
2025/10/23 17:38:05.817 [T:0x7f7b6] [DisplayControl] Model name from VideoPort = VG2458
2025/10/23 17:38:05.817 [T:0x7f7b6] [DisplayControl] SN from VideoPort = YDJ243400006
2025/10/23 17:38:05.817 [T:0x7f7b6] [DisplayControl] index of p_lpo_display_info_video_port1
2025/10/23 17:38:05.817 [T:0x7f7b6] [DisplayControl] Model name from VideoPort = VG275
2025/10/23 17:38:05.818 [T:0x7f7b6] [DisplayControl] SN from VideoPort = XF6232400003
2025/10/23 17:38:05.818 [T:0x7f7b6] ====== List p_lpo_display_info_rtd_scalar_rts_hub, # of devices is ======0
2025/10/23 17:38:05.818 [T:0x7f7b6] [DisplayControl] GetVSRtkHubControlClientListener
2025/10/23 17:38:05.818 [T:0x7f7b6] [DisplayControl] max monitor count = 2
2025/10/23 17:38:05.818 [T:0x7f7b6] [DisplayControl] index of display_info_vec = 0
2025/10/23 17:38:05.818 [T:0x7f7b6] [DisplayControl] index of p_lpo_display_info_video_port = 0
2025/10/23 17:38:05.818 [T:0x7f7b6] [DisplayControl] VideoPortMatchingRule
2025/10/23 17:38:05.818 [T:0x7f7b6] [DisplayControl] monitor display_info_model_name = VG2458
2025/10/23 17:38:05.818 [T:0x7f7b6] [DisplayControl] monitor video_port_model_name = VG2458
2025/10/23 17:38:05.818 [T:0x7f7b6] [DisplayControl] monitor display_info_sn = YDJ243400006
2025/10/23 17:38:05.818 [T:0x7f7b6] [DisplayControl] monitor video_port_sn = YDJ243400006
2025/10/23 17:38:05.818 [T:0x7f7b6] [DisplayControl] model_name_match = 1
2025/10/23 17:38:05.818 [T:0x7f7b6] [DisplayControl] sn_match = 1
2025/10/23 17:38:05.818 [T:0x7f7b6] [DisplayControl] video_port is_match = 1
2025/10/23 17:38:05.818 [T:0x7f7b6] [DisplayControl] index of display_info_vec = 1
2025/10/23 17:38:05.818 [T:0x7f7b6] [DisplayControl] index of p_lpo_display_info_video_port = 0
2025/10/23 17:38:05.818 [T:0x7f7b6] [DisplayControl] VideoPortMatchingRule
2025/10/23 17:38:05.818 [T:0x7f7b6] [DisplayControl] monitor display_info_model_name = VG275
2025/10/23 17:38:05.818 [T:0x7f7b6] [DisplayControl] monitor video_port_model_name = VG2458
2025/10/23 17:38:05.818 [T:0x7f7b6] [DisplayControl] monitor display_info_sn = XF6232400003
2025/10/23 17:38:05.818 [T:0x7f7b6] [DisplayControl] monitor video_port_sn = YDJ243400006
2025/10/23 17:38:05.818 [T:0x7f7b6] [DisplayControl] model_name_match = 0
2025/10/23 17:38:05.818 [T:0x7f7b6] [DisplayControl] sn_match = 0
2025/10/23 17:38:05.818 [T:0x7f7b6] [DisplayControl] video_port is_match = 0
2025/10/23 17:38:05.818 [T:0x7f7b6] [DisplayControl] index of display_info_vec = 1
2025/10/23 17:38:05.818 [T:0x7f7b6] [DisplayControl] index of p_lpo_display_info_video_port = 1
2025/10/23 17:38:05.818 [T:0x7f7b6] [DisplayControl] VideoPortMatchingRule
2025/10/23 17:38:05.819 [T:0x7f7b6] [DisplayControl] monitor display_info_model_name = VG275
2025/10/23 17:38:05.819 [T:0x7f7b6] [DisplayControl] monitor video_port_model_name = VG275
2025/10/23 17:38:05.819 [T:0x7f7b6] [DisplayControl] monitor display_info_sn = XF6232400003
2025/10/23 17:38:05.819 [T:0x7f7b6] [DisplayControl] monitor video_port_sn = XF6232400003
2025/10/23 17:38:05.819 [T:0x7f7b6] [DisplayControl] model_name_match = 1
2025/10/23 17:38:05.819 [T:0x7f7b6] [DisplayControl] sn_match = 1
2025/10/23 17:38:05.819 [T:0x7f7b6] [DisplayControl] video_port is_match = 1
2025/10/23 17:38:05.819 [T:0x7f7b6] [DisplayControl] i = 0
2025/10/23 17:38:05.819 [T:0x7f7b6] [DisplayControl] Enter OperationThread::OperationThread()
2025/10/23 17:38:05.819 [T:0x7f7b6] [DisplayControl] Enter OperationThread::CreateThread
2025/10/23 17:38:05.819 [T:0x7f7b6] [DisplayControl] new DisplayFunctioner
2025/10/23 17:38:05.819 [T:0x7f7b6] [DisplayControl] insert displayer_vector
2025/10/23 17:38:05.819 [T:0x7f7b6] [DisplayControl] insert modelName_SN_to_Display_map
2025/10/23 17:38:05.819 [T:0x7f7b6] [DisplayControl] insert device_id_to_Displayer_map_
2025/10/23 17:38:05.819 [T:0x7f7b6] [DisplayControl] i = 1
2025/10/23 17:38:05.819 [T:0x7f7b6] [DisplayControl] Enter OperationThread::OperationThread()
2025/10/23 17:38:05.819 [T:0x7f7b6] [DisplayControl] Enter OperationThread::CreateThread
2025/10/23 17:38:05.819 [T:0x7f7b6] [DisplayControl] new DisplayFunctioner
2025/10/23 17:38:05.819 [T:0x7f7b6] [DisplayControl] insert displayer_vector
2025/10/23 17:38:05.819 [T:0x7f7b6] [DisplayControl] insert modelName_SN_to_Display_map
2025/10/23 17:38:05.819 [T:0x7f7b6] [DisplayControl] insert device_id_to_Displayer_map_
2025/10/23 17:38:05.819 [T:0x7f7b6] [DisplayControl] monitor size = 2
2025/10/23 17:38:05.819 [T:0x7f7b6] [DisplayControl] Exit ObtainControlHandler
2025/10/23 17:38:05.820 [T:0x7f7b6] [DisplayControl] Enter MCCSOtherSet::GetVCP(), vcp code = 96
2025/10/23 17:38:05.905 [T:0x7f7b6] [DisplayControl] Exit MCCSOtherSet::GetVCP()
2025/10/23 17:38:06.188 [T:0x7f7b6] [DisplayControl] Enter MCCSOtherSet::GetVCP(), vcp code = 96
2025/10/23 17:38:06.270 [T:0x7f7b6] [DisplayControl] Exit MCCSOtherSet::GetVCP()
2025/10/23 17:38:06.554 [T:0x7f7b6] [DisplayControl] Enter MCCSOtherSet::SetVCP(), vcp code = 51
2025/10/23 17:38:06.862 [T:0x7f7b6] [DisplayControl] Exit MCCSOtherSet::SetVCP()
2025/10/23 17:38:06.862 [T:0x7f7b6] [DisplayControl] Enter MCCSOtherSet::SetVCP(), vcp code = 51
2025/10/23 17:38:07.023 [T:0x7f7b6] [DisplayControl] Exit MCCSOtherSet::SetVCP()
2025/10/23 17:38:07.023 [T:0x7f7b6] [DisplayControl] Enter MCCSOtherSet::GetVCP(), vcp code = 135
2025/10/23 17:38:07.097 [T:0x7f7b6] [DisplayControl] Exit MCCSOtherSet::GetVCP()
2025/10/23 17:38:07.204 [T:0x7f7b6] [DisplayControl] Enter MCCSOtherSet::GetVCP(), vcp code = 98
2025/10/23 17:38:07.285 [T:0x7f7b6] [DisplayControl] Exit MCCSOtherSet::GetVCP()
2025/10/23 17:38:07.392 [T:0x7f7b6] [DisplayControl] Enter MCCSOtherSet::GetVCP(), vcp code = 20
2025/10/23 17:38:07.473 [T:0x7f7b6] [DisplayControl] Exit MCCSOtherSet::GetVCP()
2025/10/23 17:38:07.580 [T:0x7f7b6] [DisplayControl] Enter MCCSOtherSet::GetVCP(), vcp code = 225
2025/10/23 17:38:07.661 [T:0x7f7b6] [DisplayControl] Exit MCCSOtherSet::GetVCP()
2025/10/23 17:38:07.768 [T:0x7f7b6] [DisplayControl] Enter MCCSOtherSet::GetVCP(), vcp code = 18
2025/10/23 17:38:07.850 [T:0x7f7b6] [DisplayControl] Exit MCCSOtherSet::GetVCP()
2025/10/23 17:38:07.956 [T:0x7f7b6] [DisplayControl] Enter MCCSOtherSet::GetVCP(), vcp code = 96
2025/10/23 17:38:08.039 [T:0x7f7b6] [DisplayControl] Exit MCCSOtherSet::GetVCP()
2025/10/23 17:38:08.145 [T:0x7f7b6] [DisplayControl] Enter MCCSOtherSet::GetVCP(), vcp code = 220
2025/10/23 17:38:08.227 [T:0x7f7b6] [DisplayControl] Exit MCCSOtherSet::GetVCP()
2025/10/23 17:38:08.333 [T:0x7f7b6] [DisplayControl] Enter MCCSOtherSet::GetVCP(), vcp code = 4
2025/10/23 17:38:08.415 [T:0x7f7b6] [DisplayControl] Exit MCCSOtherSet::GetVCP()
2025/10/23 17:38:08.521 [T:0x7f7b6] [DisplayControl] Enter MCCSOtherSet::GetVCP(), vcp code = 43
2025/10/23 17:38:08.603 [T:0x7f7b6] [DisplayControl] Exit MCCSOtherSet::GetVCP()
2025/10/23 17:38:08.710 [T:0x7f7b6] [DisplayControl] Enter MCCSOtherSet::GetVCP(), vcp code = 245
2025/10/23 17:38:08.791 [T:0x7f7b6] [DisplayControl] Exit MCCSOtherSet::GetVCP()
2025/10/23 17:38:08.898 [T:0x7f7b6] [DisplayControl] Enter MCCSOtherSet::GetVCP(), vcp code = 51
2025/10/23 17:38:08.979 [T:0x7f7b6] [DisplayControl] Exit MCCSOtherSet::GetVCP()
2025/10/23 17:38:09.086 [T:0x7f7b6] [DisplayControl] Enter MCCSOtherSet::GetVCP(), vcp code = 16
2025/10/23 17:38:09.168 [T:0x7f7b6] [DisplayControl] Exit MCCSOtherSet::GetVCP()
2025/10/23 17:38:09.274 [T:0x7f7b6] [DisplayControl] Enter MCCSOtherSet::GetVCP(), vcp code = 97
2025/10/23 17:38:09.356 [T:0x7f7b6] [DisplayControl] Exit MCCSOtherSet::GetVCP()
2025/10/23 17:38:09.463 [T:0x7f7b6] [DisplayControl] Enter MCCSOtherSet::GetVCP(), vcp code = 141
2025/10/23 17:38:09.545 [T:0x7f7b6] [DisplayControl] Exit MCCSOtherSet::GetVCP()
2025/10/23 17:38:09.651 [T:0x7f7b6] [DisplayControl] Enter MCCSOtherSet::GetVCP(), vcp code = 135
2025/10/23 17:38:09.737 [T:0x7f7b6] [DisplayControl] Exit MCCSOtherSet::GetVCP()
2025/10/23 17:38:09.839 [T:0x7f7b6] [DisplayControl] Enter MCCSOtherSet::GetVCP(), vcp code = 98
2025/10/23 17:38:09.925 [T:0x7f7b6] [DisplayControl] Exit MCCSOtherSet::GetVCP()
2025/10/23 17:38:10.027 [T:0x7f7b6] [DisplayControl] Enter MCCSOtherSet::GetVCP(), vcp code = 225
2025/10/23 17:38:10.114 [T:0x7f7b6] [DisplayControl] Exit MCCSOtherSet::GetVCP()
2025/10/23 17:38:10.216 [T:0x7f7b6] [DisplayControl] Enter MCCSOtherSet::GetVCP(), vcp code = 18
2025/10/23 17:38:10.302 [T:0x7f7b6] [DisplayControl] Exit MCCSOtherSet::GetVCP()
2025/10/23 17:38:10.405 [T:0x7f7b6] [DisplayControl] Enter MCCSOtherSet::GetVCP(), vcp code = 96
2025/10/23 17:38:10.490 [T:0x7f7b6] [DisplayControl] Exit MCCSOtherSet::GetVCP()
2025/10/23 17:38:10.592 [T:0x7f7b6] [DisplayControl] Enter MCCSOtherSet::GetVCP(), vcp code = 236
2025/10/23 17:38:10.679 [T:0x7f7b6] [DisplayControl] Exit MCCSOtherSet::GetVCP()
2025/10/23 17:38:10.781 [T:0x7f7b6] [DisplayControl] Enter MCCSOtherSet::GetVCP(), vcp code = 220
2025/10/23 17:38:10.867 [T:0x7f7b6] [DisplayControl] Exit MCCSOtherSet::GetVCP()
2025/10/23 17:38:10.969 [T:0x7f7b6] [DisplayControl] Enter MCCSOtherSet::GetVCP(), vcp code = 4
2025/10/23 17:38:11.056 [T:0x7f7b6] [DisplayControl] Exit MCCSOtherSet::GetVCP()
2025/10/23 17:38:11.158 [T:0x7f7b6] [DisplayControl] Enter MCCSOtherSet::GetVCP(), vcp code = 43
2025/10/23 17:38:11.244 [T:0x7f7b6] [DisplayControl] Exit MCCSOtherSet::GetVCP()
2025/10/23 17:38:11.346 [T:0x7f7b6] [DisplayControl] Enter MCCSOtherSet::GetVCP(), vcp code = 51
2025/10/23 17:38:11.432 [T:0x7f7b6] [DisplayControl] Exit MCCSOtherSet::GetVCP()
2025/10/23 17:38:11.534 [T:0x7f7b6] [DisplayControl] Enter MCCSOtherSet::GetVCP(), vcp code = 16
2025/10/23 17:38:11.621 [T:0x7f7b6] [DisplayControl] Exit MCCSOtherSet::GetVCP()
2025/10/23 17:38:11.722 [T:0x7f7b6] [DisplayControl] Enter MCCSOtherSet::GetVCP(), vcp code = 97
2025/10/23 17:38:11.808 [T:0x7f7b6] [DisplayControl] Exit MCCSOtherSet::GetVCP()
2025/10/23 17:38:11.911 [T:0x7f7b6] [DisplayControl] Enter MCCSOtherSet::GetVCP(), vcp code = 226
2025/10/23 17:38:11.996 [T:0x7f7b6] [DisplayControl] Exit MCCSOtherSet::GetVCP()
2025/10/23 17:38:12.099 [T:0x7f7b6] [DisplayControl] Enter MCCSOtherSet::GetVCP(), vcp code = 141
2025/10/23 17:38:12.185 [T:0x7f7b6] [DisplayControl] Exit MCCSOtherSet::GetVCP()
2025/10/23 17:38:12.296 [T:0x7f7b6] [DisplayControl] Enter MCCSOtherSet::SetVCP(), vcp code = 51
2025/10/23 17:38:12.457 [T:0x7f7b6] [DisplayControl] Exit MCCSOtherSet::SetVCP()
2025/10/23 17:38:12.491 [T:0x900ad] [DisplayControl] Enter MCCSOtherSet::GetVCP(), vcp code = 96
2025/10/23 17:38:12.652 [T:0x900ad] [DisplayControl] Exit MCCSOtherSet::GetVCP()
2025/10/23 17:39:57.794 [T:0x09cf1] [DisplayControl] Enter MCCSOtherSet::SetVCP(), vcp code = 51
2025/10/23 17:39:58.166 [T:0x09cf1] [DisplayControl] Exit MCCSOtherSet::SetVCP()
2025/10/23 17:40:16.382 [T:0x09cf1] [DisplayControl] Enter MCCSOtherSet::SetVCP(), vcp code = 96
2025/10/23 17:40:17.016 [T:0x09cf1] [DisplayControl] Exit MCCSOtherSet::SetVCP()
2025/10/23 17:40:23.793 [T:0x09cf1] [DisplayControl] Enter OperationThread::ExitThread
2025/10/23 17:40:23.794 [T:0x09cf1] [DisplayControl] Exit OperationThread::ExitThread
2025/10/23 17:40:23.795 [T:0x09cf1] [DisplayControl] Enter OperationThread::~OperationThread()
2025/10/23 17:40:23.795 [T:0x09cf1] [DisplayControl] Enter OperationThread::ExitThread
2025/10/23 17:40:23.795 [T:0x09cf1] [DisplayControl] Enter OperationThread::ExitThread
2025/10/23 17:40:23.796 [T:0x09cf1] [DisplayControl] Exit OperationThread::ExitThread
2025/10/23 17:40:23.796 [T:0x09cf1] [DisplayControl] Enter OperationThread::~OperationThread()
2025/10/23 17:40:23.796 [T:0x09cf1] [DisplayControl] Enter OperationThread::ExitThread
2025/10/23 17:40:23.856 [T:0x09cf1] [DbgStr] After calling display_control_client_listener_video_port_.UpdateAllDisplayPath()
2025/10/23 17:40:23.873 [T:0x09cf1] [DbgStr] After calling display_control_client_listener_.GetAllDisplayEDID()
2025/10/23 17:40:23.874 [T:0x09cf1] [DisplayControl] Version = 3.0.6.0
2025/10/23 17:40:23.874 [T:0x09cf1] [DisplayControl] Enter ObtainControlHandler1
2025/10/23 17:40:23.875 [T:0x09cf1] [DisplayControl] GetVideoPortCommander
2025/10/23 17:40:23.875 [T:0x09cf1] [DisplayControl] GetUSBHubCommander
2025/10/23 17:40:23.875 [T:0x09cf1] ====== List p_lpo_display_info_video_port, # of devices is ======2
2025/10/23 17:40:23.875 [T:0x09cf1] [DisplayControl] index of p_lpo_display_info_video_port0
2025/10/23 17:40:23.875 [T:0x09cf1] [DisplayControl] Model name from VideoPort = VG2458
2025/10/23 17:40:23.875 [T:0x09cf1] [DisplayControl] SN from VideoPort = YDJ243400006
2025/10/23 17:40:23.875 [T:0x09cf1] [DisplayControl] index of p_lpo_display_info_video_port1
2025/10/23 17:40:23.875 [T:0x09cf1] [DisplayControl] Model name from VideoPort = VG275
2025/10/23 17:40:23.875 [T:0x09cf1] [DisplayControl] SN from VideoPort = XF6232400003
2025/10/23 17:40:23.875 [T:0x09cf1] ====== List p_lpo_display_info_rtd_scalar_rts_hub, # of devices is ======0
2025/10/23 17:40:23.875 [T:0x09cf1] [DisplayControl] GetVSRtkHubControlClientListener
2025/10/23 17:40:23.875 [T:0x09cf1] [DisplayControl] max monitor count = 2
2025/10/23 17:40:23.875 [T:0x09cf1] [DisplayControl] index of display_info_vec = 0
2025/10/23 17:40:23.875 [T:0x09cf1] [DisplayControl] index of p_lpo_display_info_video_port = 0
2025/10/23 17:40:23.875 [T:0x09cf1] [DisplayControl] VideoPortMatchingRule
2025/10/23 17:40:23.875 [T:0x09cf1] [DisplayControl] monitor display_info_model_name = VG2458
2025/10/23 17:40:23.875 [T:0x09cf1] [DisplayControl] monitor video_port_model_name = VG2458
2025/10/23 17:40:23.875 [T:0x09cf1] [DisplayControl] monitor display_info_sn = YDJ243400006
2025/10/23 17:40:23.875 [T:0x09cf1] [DisplayControl] monitor video_port_sn = YDJ243400006
2025/10/23 17:40:23.875 [T:0x09cf1] [DisplayControl] model_name_match = 1
2025/10/23 17:40:23.875 [T:0x09cf1] [DisplayControl] sn_match = 1
2025/10/23 17:40:23.875 [T:0x09cf1] [DisplayControl] video_port is_match = 1
2025/10/23 17:40:23.875 [T:0x09cf1] [DisplayControl] index of display_info_vec = 1
2025/10/23 17:40:23.875 [T:0x09cf1] [DisplayControl] index of p_lpo_display_info_video_port = 0
2025/10/23 17:40:23.875 [T:0x09cf1] [DisplayControl] VideoPortMatchingRule
2025/10/23 17:40:23.875 [T:0x09cf1] [DisplayControl] monitor display_info_model_name = VG275
2025/10/23 17:40:23.875 [T:0x09cf1] [DisplayControl] monitor video_port_model_name = VG2458
2025/10/23 17:40:23.876 [T:0x09cf1] [DisplayControl] monitor display_info_sn = XF6232400003
2025/10/23 17:40:23.876 [T:0x09cf1] [DisplayControl] monitor video_port_sn = YDJ243400006
2025/10/23 17:40:23.876 [T:0x09cf1] [DisplayControl] model_name_match = 0
2025/10/23 17:40:23.876 [T:0x09cf1] [DisplayControl] sn_match = 0
2025/10/23 17:40:23.876 [T:0x09cf1] [DisplayControl] video_port is_match = 0
2025/10/23 17:40:23.876 [T:0x09cf1] [DisplayControl] index of display_info_vec = 1
2025/10/23 17:40:23.876 [T:0x09cf1] [DisplayControl] index of p_lpo_display_info_video_port = 1
2025/10/23 17:40:23.876 [T:0x09cf1] [DisplayControl] VideoPortMatchingRule
2025/10/23 17:40:23.876 [T:0x09cf1] [DisplayControl] monitor display_info_model_name = VG275
2025/10/23 17:40:23.876 [T:0x09cf1] [DisplayControl] monitor video_port_model_name = VG275
2025/10/23 17:40:23.876 [T:0x09cf1] [DisplayControl] monitor display_info_sn = XF6232400003
2025/10/23 17:40:23.876 [T:0x09cf1] [DisplayControl] monitor video_port_sn = XF6232400003
2025/10/23 17:40:23.876 [T:0x09cf1] [DisplayControl] model_name_match = 1
2025/10/23 17:40:23.876 [T:0x09cf1] [DisplayControl] sn_match = 1
2025/10/23 17:40:23.876 [T:0x09cf1] [DisplayControl] video_port is_match = 1
2025/10/23 17:40:23.876 [T:0x09cf1] [DisplayControl] i = 0
2025/10/23 17:40:23.876 [T:0x09cf1] [DisplayControl] Enter OperationThread::OperationThread()
2025/10/23 17:40:23.876 [T:0x09cf1] [DisplayControl] Enter OperationThread::CreateThread
2025/10/23 17:40:23.876 [T:0x09cf1] [DisplayControl] new DisplayFunctioner
2025/10/23 17:40:23.876 [T:0x09cf1] [DisplayControl] insert displayer_vector
2025/10/23 17:40:23.876 [T:0x09cf1] [DisplayControl] insert modelName_SN_to_Display_map
2025/10/23 17:40:23.876 [T:0x09cf1] [DisplayControl] insert device_id_to_Displayer_map_
2025/10/23 17:40:23.876 [T:0x09cf1] [DisplayControl] i = 1
2025/10/23 17:40:23.876 [T:0x09cf1] [DisplayControl] Enter OperationThread::OperationThread()
2025/10/23 17:40:23.876 [T:0x09cf1] [DisplayControl] Enter OperationThread::CreateThread
2025/10/23 17:40:23.877 [T:0x09cf1] [DisplayControl] new DisplayFunctioner
2025/10/23 17:40:23.877 [T:0x09cf1] [DisplayControl] insert displayer_vector
2025/10/23 17:40:23.877 [T:0x09cf1] [DisplayControl] insert modelName_SN_to_Display_map
2025/10/23 17:40:23.877 [T:0x09cf1] [DisplayControl] insert device_id_to_Displayer_map_
2025/10/23 17:40:23.877 [T:0x09cf1] [DisplayControl] monitor size = 2
2025/10/23 17:40:23.877 [T:0x09cf1] [DisplayControl] Exit ObtainControlHandler
2025/10/23 17:40:23.877 [T:0x09cf1] [DisplayControl] Enter MCCSOtherSet::GetVCP(), vcp code = 96
2025/10/23 17:40:23.949 [T:0x09cf1] [DisplayControl] Exit MCCSOtherSet::GetVCP()
2025/10/23 17:40:24.233 [T:0x09cf1] [DisplayControl] Enter MCCSOtherSet::GetVCP(), vcp code = 96
2025/10/23 17:40:24.314 [T:0x09cf1] [DisplayControl] Exit MCCSOtherSet::GetVCP()
2025/10/23 17:40:24.598 [T:0x09cf1] [DisplayControl] Enter MCCSOtherSet::SetVCP(), vcp code = 51
2025/10/23 17:40:24.907 [T:0x09cf1] [DisplayControl] Exit MCCSOtherSet::SetVCP()
2025/10/23 17:40:24.907 [T:0x09cf1] [DisplayControl] Enter MCCSOtherSet::SetVCP(), vcp code = 51
2025/10/23 17:40:25.068 [T:0x09cf1] [DisplayControl] Exit MCCSOtherSet::SetVCP()
2025/10/23 17:40:25.069 [T:0x09cf1] [DisplayControl] Enter MCCSOtherSet::GetVCP(), vcp code = 135
2025/10/23 17:40:25.142 [T:0x09cf1] [DisplayControl] Exit MCCSOtherSet::GetVCP()
2025/10/23 17:40:25.248 [T:0x09cf1] [DisplayControl] Enter MCCSOtherSet::GetVCP(), vcp code = 98
2025/10/23 17:40:25.330 [T:0x09cf1] [DisplayControl] Exit MCCSOtherSet::GetVCP()
2025/10/23 17:40:25.437 [T:0x09cf1] [DisplayControl] Enter MCCSOtherSet::GetVCP(), vcp code = 20
2025/10/23 17:40:25.519 [T:0x09cf1] [DisplayControl] Exit MCCSOtherSet::GetVCP()
2025/10/23 17:40:25.626 [T:0x09cf1] [DisplayControl] Enter MCCSOtherSet::GetVCP(), vcp code = 225
2025/10/23 17:40:25.707 [T:0x09cf1] [DisplayControl] Exit MCCSOtherSet::GetVCP()
2025/10/23 17:40:25.814 [T:0x09cf1] [DisplayControl] Enter MCCSOtherSet::GetVCP(), vcp code = 18
2025/10/23 17:40:25.895 [T:0x09cf1] [DisplayControl] Exit MCCSOtherSet::GetVCP()
2025/10/23 17:40:26.002 [T:0x09cf1] [DisplayControl] Enter MCCSOtherSet::GetVCP(), vcp code = 96
2025/10/23 17:40:26.084 [T:0x09cf1] [DisplayControl] Exit MCCSOtherSet::GetVCP()
2025/10/23 17:40:26.190 [T:0x09cf1] [DisplayControl] Enter MCCSOtherSet::GetVCP(), vcp code = 220
2025/10/23 17:40:26.272 [T:0x09cf1] [DisplayControl] Exit MCCSOtherSet::GetVCP()
2025/10/23 17:40:26.378 [T:0x09cf1] [DisplayControl] Enter MCCSOtherSet::GetVCP(), vcp code = 4
2025/10/23 17:40:26.460 [T:0x09cf1] [DisplayControl] Exit MCCSOtherSet::GetVCP()
2025/10/23 17:40:26.567 [T:0x09cf1] [DisplayControl] Enter MCCSOtherSet::GetVCP(), vcp code = 43
2025/10/23 17:40:26.649 [T:0x09cf1] [DisplayControl] Exit MCCSOtherSet::GetVCP()
2025/10/23 17:40:26.755 [T:0x09cf1] [DisplayControl] Enter MCCSOtherSet::GetVCP(), vcp code = 245
2025/10/23 17:40:26.837 [T:0x09cf1] [DisplayControl] Exit MCCSOtherSet::GetVCP()
2025/10/23 17:40:26.944 [T:0x09cf1] [DisplayControl] Enter MCCSOtherSet::GetVCP(), vcp code = 51
2025/10/23 17:40:27.026 [T:0x09cf1] [DisplayControl] Exit MCCSOtherSet::GetVCP()
2025/10/23 17:40:27.132 [T:0x09cf1] [DisplayControl] Enter MCCSOtherSet::GetVCP(), vcp code = 16
2025/10/23 17:40:27.214 [T:0x09cf1] [DisplayControl] Exit MCCSOtherSet::GetVCP()
2025/10/23 17:40:27.320 [T:0x09cf1] [DisplayControl] Enter MCCSOtherSet::GetVCP(), vcp code = 97
2025/10/23 17:40:27.402 [T:0x09cf1] [DisplayControl] Exit MCCSOtherSet::GetVCP()
2025/10/23 17:40:27.508 [T:0x09cf1] [DisplayControl] Enter MCCSOtherSet::GetVCP(), vcp code = 141
2025/10/23 17:40:27.591 [T:0x09cf1] [DisplayControl] Exit MCCSOtherSet::GetVCP()
2025/10/23 17:40:27.697 [T:0x09cf1] [DisplayControl] Enter MCCSOtherSet::GetVCP(), vcp code = 135
2025/10/23 17:40:27.783 [T:0x09cf1] [DisplayControl] Exit MCCSOtherSet::GetVCP()
2025/10/23 17:40:27.885 [T:0x09cf1] [DisplayControl] Enter MCCSOtherSet::GetVCP(), vcp code = 98
2025/10/23 17:40:27.971 [T:0x09cf1] [DisplayControl] Exit MCCSOtherSet::GetVCP()
2025/10/23 17:40:28.073 [T:0x09cf1] [DisplayControl] Enter MCCSOtherSet::GetVCP(), vcp code = 225
2025/10/23 17:40:28.159 [T:0x09cf1] [DisplayControl] Exit MCCSOtherSet::GetVCP()
2025/10/23 17:40:28.261 [T:0x09cf1] [DisplayControl] Enter MCCSOtherSet::GetVCP(), vcp code = 18
2025/10/23 17:40:28.347 [T:0x09cf1] [DisplayControl] Exit MCCSOtherSet::GetVCP()
2025/10/23 17:40:28.449 [T:0x09cf1] [DisplayControl] Enter MCCSOtherSet::GetVCP(), vcp code = 96
2025/10/23 17:40:28.536 [T:0x09cf1] [DisplayControl] Exit MCCSOtherSet::GetVCP()
2025/10/23 17:40:28.638 [T:0x09cf1] [DisplayControl] Enter MCCSOtherSet::GetVCP(), vcp code = 236
2025/10/23 17:40:28.725 [T:0x09cf1] [DisplayControl] Exit MCCSOtherSet::GetVCP()
2025/10/23 17:40:28.826 [T:0x09cf1] [DisplayControl] Enter MCCSOtherSet::GetVCP(), vcp code = 220
2025/10/23 17:40:28.912 [T:0x09cf1] [DisplayControl] Exit MCCSOtherSet::GetVCP()
2025/10/23 17:40:29.014 [T:0x09cf1] [DisplayControl] Enter MCCSOtherSet::GetVCP(), vcp code = 4
2025/10/23 17:40:29.101 [T:0x09cf1] [DisplayControl] Exit MCCSOtherSet::GetVCP()
2025/10/23 17:40:29.202 [T:0x09cf1] [DisplayControl] Enter MCCSOtherSet::GetVCP(), vcp code = 43
2025/10/23 17:40:29.289 [T:0x09cf1] [DisplayControl] Exit MCCSOtherSet::GetVCP()
2025/10/23 17:40:29.391 [T:0x09cf1] [DisplayControl] Enter MCCSOtherSet::GetVCP(), vcp code = 51
2025/10/23 17:40:29.477 [T:0x09cf1] [DisplayControl] Exit MCCSOtherSet::GetVCP()
2025/10/23 17:40:29.579 [T:0x09cf1] [DisplayControl] Enter MCCSOtherSet::GetVCP(), vcp code = 16
2025/10/23 17:40:29.665 [T:0x09cf1] [DisplayControl] Exit MCCSOtherSet::GetVCP()
2025/10/23 17:40:29.768 [T:0x09cf1] [DisplayControl] Enter MCCSOtherSet::GetVCP(), vcp code = 97
2025/10/23 17:40:29.854 [T:0x09cf1] [DisplayControl] Exit MCCSOtherSet::GetVCP()
2025/10/23 17:40:29.956 [T:0x09cf1] [DisplayControl] Enter MCCSOtherSet::GetVCP(), vcp code = 226
2025/10/23 17:40:30.042 [T:0x09cf1] [DisplayControl] Exit MCCSOtherSet::GetVCP()
2025/10/23 17:40:30.144 [T:0x09cf1] [DisplayControl] Enter MCCSOtherSet::GetVCP(), vcp code = 141
2025/10/23 17:40:30.230 [T:0x09cf1] [DisplayControl] Exit MCCSOtherSet::GetVCP()
2025/10/23 17:40:30.343 [T:0x09cf1] [DisplayControl] Enter MCCSOtherSet::SetVCP(), vcp code = 51
2025/10/23 17:40:30.488 [T:0x09cf1] [DisplayControl] Exit MCCSOtherSet::SetVCP()
2025/10/23 17:40:30.505 [T:0x900ad] [DisplayControl] Enter MCCSOtherSet::GetVCP(), vcp code = 96
2025/10/23 17:40:30.637 [T:0x900ad] [DisplayControl] Exit MCCSOtherSet::GetVCP()
2025/10/23 17:42:16.517 [T:0xb2b35] [DisplayControl] Enter MCCSOtherSet::SetVCP(), vcp code = 51
2025/10/23 17:42:16.832 [T:0xb2b35] [DisplayControl] Exit MCCSOtherSet::SetVCP()
2025/10/23 17:42:35.093 [T:0xb2b35] [DisplayControl] Enter MCCSOtherSet::SetVCP(), vcp code = 96
2025/10/23 17:42:35.440 [T:0xb2b35] [DisplayControl] Exit MCCSOtherSet::SetVCP()
2025/10/23 17:42:42.192 [T:0xb2b35] [DisplayControl] Enter OperationThread::ExitThread
2025/10/23 17:42:42.193 [T:0xb2b35] [DisplayControl] Exit OperationThread::ExitThread
2025/10/23 17:42:42.193 [T:0xb2b35] [DisplayControl] Enter OperationThread::~OperationThread()
2025/10/23 17:42:42.194 [T:0xb2b35] [DisplayControl] Enter OperationThread::ExitThread
2025/10/23 17:42:42.194 [T:0xb2b35] [DisplayControl] Enter OperationThread::ExitThread
2025/10/23 17:42:42.195 [T:0xb2b35] [DisplayControl] Exit OperationThread::ExitThread
2025/10/23 17:42:42.195 [T:0xb2b35] [DisplayControl] Enter OperationThread::~OperationThread()
2025/10/23 17:42:42.195 [T:0xb2b35] [DisplayControl] Enter OperationThread::ExitThread
2025/10/23 17:42:42.252 [T:0xb2b35] [DbgStr] After calling display_control_client_listener_video_port_.UpdateAllDisplayPath()
2025/10/23 17:42:42.269 [T:0xb2b35] [DbgStr] After calling display_control_client_listener_.GetAllDisplayEDID()
2025/10/23 17:42:42.271 [T:0xb2b35] [DisplayControl] Version = 3.0.6.0
2025/10/23 17:42:42.271 [T:0xb2b35] [DisplayControl] Enter ObtainControlHandler1
2025/10/23 17:42:42.271 [T:0xb2b35] [DisplayControl] GetVideoPortCommander
2025/10/23 17:42:42.271 [T:0xb2b35] [DisplayControl] GetUSBHubCommander
2025/10/23 17:42:42.271 [T:0xb2b35] ====== List p_lpo_display_info_video_port, # of devices is ======2
2025/10/23 17:42:42.271 [T:0xb2b35] [DisplayControl] index of p_lpo_display_info_video_port0
2025/10/23 17:42:42.271 [T:0xb2b35] [DisplayControl] Model name from VideoPort = VG2458
2025/10/23 17:42:42.271 [T:0xb2b35] [DisplayControl] SN from VideoPort = YDJ243400006
2025/10/23 17:42:42.271 [T:0xb2b35] [DisplayControl] index of p_lpo_display_info_video_port1
2025/10/23 17:42:42.271 [T:0xb2b35] [DisplayControl] Model name from VideoPort = VG275
2025/10/23 17:42:42.271 [T:0xb2b35] [DisplayControl] SN from VideoPort = XF6232400003
2025/10/23 17:42:42.271 [T:0xb2b35] ====== List p_lpo_display_info_rtd_scalar_rts_hub, # of devices is ======0
2025/10/23 17:42:42.271 [T:0xb2b35] [DisplayControl] GetVSRtkHubControlClientListener
2025/10/23 17:42:42.272 [T:0xb2b35] [DisplayControl] max monitor count = 2
2025/10/23 17:42:42.272 [T:0xb2b35] [DisplayControl] index of display_info_vec = 0
2025/10/23 17:42:42.272 [T:0xb2b35] [DisplayControl] index of p_lpo_display_info_video_port = 0
2025/10/23 17:42:42.272 [T:0xb2b35] [DisplayControl] VideoPortMatchingRule
2025/10/23 17:42:42.272 [T:0xb2b35] [DisplayControl] monitor display_info_model_name = VG2458
2025/10/23 17:42:42.272 [T:0xb2b35] [DisplayControl] monitor video_port_model_name = VG2458
2025/10/23 17:42:42.272 [T:0xb2b35] [DisplayControl] monitor display_info_sn = YDJ243400006
2025/10/23 17:42:42.272 [T:0xb2b35] [DisplayControl] monitor video_port_sn = YDJ243400006
2025/10/23 17:42:42.272 [T:0xb2b35] [DisplayControl] model_name_match = 1
2025/10/23 17:42:42.272 [T:0xb2b35] [DisplayControl] sn_match = 1
2025/10/23 17:42:42.272 [T:0xb2b35] [DisplayControl] video_port is_match = 1
2025/10/23 17:42:42.272 [T:0xb2b35] [DisplayControl] index of display_info_vec = 1
2025/10/23 17:42:42.272 [T:0xb2b35] [DisplayControl] index of p_lpo_display_info_video_port = 0
2025/10/23 17:42:42.272 [T:0xb2b35] [DisplayControl] VideoPortMatchingRule
2025/10/23 17:42:42.272 [T:0xb2b35] [DisplayControl] monitor display_info_model_name = VG275
2025/10/23 17:42:42.272 [T:0xb2b35] [DisplayControl] monitor video_port_model_name = VG2458
2025/10/23 17:42:42.272 [T:0xb2b35] [DisplayControl] monitor display_info_sn = XF6232400003
2025/10/23 17:42:42.272 [T:0xb2b35] [DisplayControl] monitor video_port_sn = YDJ243400006
2025/10/23 17:42:42.272 [T:0xb2b35] [DisplayControl] model_name_match = 0
2025/10/23 17:42:42.272 [T:0xb2b35] [DisplayControl] sn_match = 0
2025/10/23 17:42:42.272 [T:0xb2b35] [DisplayControl] video_port is_match = 0
2025/10/23 17:42:42.272 [T:0xb2b35] [DisplayControl] index of display_info_vec = 1
2025/10/23 17:42:42.272 [T:0xb2b35] [DisplayControl] index of p_lpo_display_info_video_port = 1
2025/10/23 17:42:42.272 [T:0xb2b35] [DisplayControl] VideoPortMatchingRule
2025/10/23 17:42:42.272 [T:0xb2b35] [DisplayControl] monitor display_info_model_name = VG275
2025/10/23 17:42:42.272 [T:0xb2b35] [DisplayControl] monitor video_port_model_name = VG275
2025/10/23 17:42:42.272 [T:0xb2b35] [DisplayControl] monitor display_info_sn = XF6232400003
2025/10/23 17:42:42.272 [T:0xb2b35] [DisplayControl] monitor video_port_sn = XF6232400003
2025/10/23 17:42:42.273 [T:0xb2b35] [DisplayControl] model_name_match = 1
2025/10/23 17:42:42.273 [T:0xb2b35] [DisplayControl] sn_match = 1
2025/10/23 17:42:42.273 [T:0xb2b35] [DisplayControl] video_port is_match = 1
2025/10/23 17:42:42.273 [T:0xb2b35] [DisplayControl] i = 0
2025/10/23 17:42:42.273 [T:0xb2b35] [DisplayControl] Enter OperationThread::OperationThread()
2025/10/23 17:42:42.273 [T:0xb2b35] [DisplayControl] Enter OperationThread::CreateThread
2025/10/23 17:42:42.273 [T:0xb2b35] [DisplayControl] new DisplayFunctioner
2025/10/23 17:42:42.273 [T:0xb2b35] [DisplayControl] insert displayer_vector
2025/10/23 17:42:42.273 [T:0xb2b35] [DisplayControl] insert modelName_SN_to_Display_map
2025/10/23 17:42:42.273 [T:0xb2b35] [DisplayControl] insert device_id_to_Displayer_map_
2025/10/23 17:42:42.273 [T:0xb2b35] [DisplayControl] i = 1
2025/10/23 17:42:42.273 [T:0xb2b35] [DisplayControl] Enter OperationThread::OperationThread()
2025/10/23 17:42:42.273 [T:0xb2b35] [DisplayControl] Enter OperationThread::CreateThread
2025/10/23 17:42:42.273 [T:0xb2b35] [DisplayControl] new DisplayFunctioner
2025/10/23 17:42:42.273 [T:0xb2b35] [DisplayControl] insert displayer_vector
2025/10/23 17:42:42.273 [T:0xb2b35] [DisplayControl] insert modelName_SN_to_Display_map
2025/10/23 17:42:42.273 [T:0xb2b35] [DisplayControl] insert device_id_to_Displayer_map_
2025/10/23 17:42:42.273 [T:0xb2b35] [DisplayControl] monitor size = 2
2025/10/23 17:42:42.273 [T:0xb2b35] [DisplayControl] Exit ObtainControlHandler
2025/10/23 17:42:42.274 [T:0xb2b35] [DisplayControl] Enter MCCSOtherSet::GetVCP(), vcp code = 96
2025/10/23 17:42:42.347 [T:0xb2b35] [DisplayControl] Exit MCCSOtherSet::GetVCP()
2025/10/23 17:42:42.632 [T:0xb2b35] [DisplayControl] Enter MCCSOtherSet::GetVCP(), vcp code = 96
2025/10/23 17:42:42.712 [T:0xb2b35] [DisplayControl] Exit MCCSOtherSet::GetVCP()
2025/10/23 17:42:42.996 [T:0xb2b35] [DisplayControl] Enter MCCSOtherSet::SetVCP(), vcp code = 51
2025/10/23 17:42:43.305 [T:0xb2b35] [DisplayControl] Exit MCCSOtherSet::SetVCP()
2025/10/23 17:42:43.305 [T:0xb2b35] [DisplayControl] Enter MCCSOtherSet::SetVCP(), vcp code = 51
2025/10/23 17:42:43.466 [T:0xb2b35] [DisplayControl] Exit MCCSOtherSet::SetVCP()
2025/10/23 17:42:43.466 [T:0xb2b35] [DisplayControl] Enter MCCSOtherSet::GetVCP(), vcp code = 135
2025/10/23 17:42:43.540 [T:0xb2b35] [DisplayControl] Exit MCCSOtherSet::GetVCP()
2025/10/23 17:42:43.647 [T:0xb2b35] [DisplayControl] Enter MCCSOtherSet::GetVCP(), vcp code = 98
2025/10/23 17:42:43.728 [T:0xb2b35] [DisplayControl] Exit MCCSOtherSet::GetVCP()
2025/10/23 17:42:43.835 [T:0xb2b35] [DisplayControl] Enter MCCSOtherSet::GetVCP(), vcp code = 20
2025/10/23 17:42:43.917 [T:0xb2b35] [DisplayControl] Exit MCCSOtherSet::GetVCP()
2025/10/23 17:42:44.023 [T:0xb2b35] [DisplayControl] Enter MCCSOtherSet::GetVCP(), vcp code = 225
2025/10/23 17:42:44.105 [T:0xb2b35] [DisplayControl] Exit MCCSOtherSet::GetVCP()
2025/10/23 17:42:44.211 [T:0xb2b35] [DisplayControl] Enter MCCSOtherSet::GetVCP(), vcp code = 18
2025/10/23 17:42:44.293 [T:0xb2b35] [DisplayControl] Exit MCCSOtherSet::GetVCP()
2025/10/23 17:42:44.399 [T:0xb2b35] [DisplayControl] Enter MCCSOtherSet::GetVCP(), vcp code = 96
2025/10/23 17:42:44.482 [T:0xb2b35] [DisplayControl] Exit MCCSOtherSet::GetVCP()
2025/10/23 17:42:44.588 [T:0xb2b35] [DisplayControl] Enter MCCSOtherSet::GetVCP(), vcp code = 220
2025/10/23 17:42:44.670 [T:0xb2b35] [DisplayControl] Exit MCCSOtherSet::GetVCP()
2025/10/23 17:42:44.776 [T:0xb2b35] [DisplayControl] Enter MCCSOtherSet::GetVCP(), vcp code = 4
2025/10/23 17:42:44.858 [T:0xb2b35] [DisplayControl] Exit MCCSOtherSet::GetVCP()
2025/10/23 17:42:44.964 [T:0xb2b35] [DisplayControl] Enter MCCSOtherSet::GetVCP(), vcp code = 43
2025/10/23 17:42:45.046 [T:0xb2b35] [DisplayControl] Exit MCCSOtherSet::GetVCP()
2025/10/23 17:42:45.153 [T:0xb2b35] [DisplayControl] Enter MCCSOtherSet::GetVCP(), vcp code = 245
2025/10/23 17:42:45.234 [T:0xb2b35] [DisplayControl] Exit MCCSOtherSet::GetVCP()
2025/10/23 17:42:45.341 [T:0xb2b35] [DisplayControl] Enter MCCSOtherSet::GetVCP(), vcp code = 51
2025/10/23 17:42:45.423 [T:0xb2b35] [DisplayControl] Exit MCCSOtherSet::GetVCP()
2025/10/23 17:42:45.529 [T:0xb2b35] [DisplayControl] Enter MCCSOtherSet::GetVCP(), vcp code = 16
2025/10/23 17:42:45.611 [T:0xb2b35] [DisplayControl] Exit MCCSOtherSet::GetVCP()
2025/10/23 17:42:45.717 [T:0xb2b35] [DisplayControl] Enter MCCSOtherSet::GetVCP(), vcp code = 97
2025/10/23 17:42:45.800 [T:0xb2b35] [DisplayControl] Exit MCCSOtherSet::GetVCP()
2025/10/23 17:42:45.906 [T:0xb2b35] [DisplayControl] Enter MCCSOtherSet::GetVCP(), vcp code = 141
2025/10/23 17:42:45.987 [T:0xb2b35] [DisplayControl] Exit MCCSOtherSet::GetVCP()
2025/10/23 17:42:46.094 [T:0xb2b35] [DisplayControl] Enter MCCSOtherSet::GetVCP(), vcp code = 135
2025/10/23 17:42:46.180 [T:0xb2b35] [DisplayControl] Exit MCCSOtherSet::GetVCP()
2025/10/23 17:42:46.282 [T:0xb2b35] [DisplayControl] Enter MCCSOtherSet::GetVCP(), vcp code = 98
2025/10/23 17:42:46.368 [T:0xb2b35] [DisplayControl] Exit MCCSOtherSet::GetVCP()
2025/10/23 17:42:46.471 [T:0xb2b35] [DisplayControl] Enter MCCSOtherSet::GetVCP(), vcp code = 225
2025/10/23 17:42:46.556 [T:0xb2b35] [DisplayControl] Exit MCCSOtherSet::GetVCP()
2025/10/23 17:42:46.659 [T:0xb2b35] [DisplayControl] Enter MCCSOtherSet::GetVCP(), vcp code = 18
2025/10/23 17:42:46.744 [T:0xb2b35] [DisplayControl] Exit MCCSOtherSet::GetVCP()
2025/10/23 17:42:46.847 [T:0xb2b35] [DisplayControl] Enter MCCSOtherSet::GetVCP(), vcp code = 96
2025/10/23 17:42:46.933 [T:0xb2b35] [DisplayControl] Exit MCCSOtherSet::GetVCP()
2025/10/23 17:42:47.035 [T:0xb2b35] [DisplayControl] Enter MCCSOtherSet::GetVCP(), vcp code = 236
2025/10/23 17:42:47.121 [T:0xb2b35] [DisplayControl] Exit MCCSOtherSet::GetVCP()
2025/10/23 17:42:47.224 [T:0xb2b35] [DisplayControl] Enter MCCSOtherSet::GetVCP(), vcp code = 220
2025/10/23 17:42:47.309 [T:0xb2b35] [DisplayControl] Exit MCCSOtherSet::GetVCP()
2025/10/23 17:42:47.412 [T:0xb2b35] [DisplayControl] Enter MCCSOtherSet::GetVCP(), vcp code = 4
2025/10/23 17:42:47.498 [T:0xb2b35] [DisplayControl] Exit MCCSOtherSet::GetVCP()
2025/10/23 17:42:47.600 [T:0xb2b35] [DisplayControl] Enter MCCSOtherSet::GetVCP(), vcp code = 43
2025/10/23 17:42:47.686 [T:0xb2b35] [DisplayControl] Exit MCCSOtherSet::GetVCP()
2025/10/23 17:42:47.788 [T:0xb2b35] [DisplayControl] Enter MCCSOtherSet::GetVCP(), vcp code = 51
2025/10/23 17:42:47.874 [T:0xb2b35] [DisplayControl] Exit MCCSOtherSet::GetVCP()
2025/10/23 17:42:47.977 [T:0xb2b35] [DisplayControl] Enter MCCSOtherSet::GetVCP(), vcp code = 16
2025/10/23 17:42:48.063 [T:0xb2b35] [DisplayControl] Exit MCCSOtherSet::GetVCP()
2025/10/23 17:42:48.165 [T:0xb2b35] [DisplayControl] Enter MCCSOtherSet::GetVCP(), vcp code = 97
2025/10/23 17:42:48.251 [T:0xb2b35] [DisplayControl] Exit MCCSOtherSet::GetVCP()
2025/10/23 17:42:48.354 [T:0xb2b35] [DisplayControl] Enter MCCSOtherSet::GetVCP(), vcp code = 226
2025/10/23 17:42:48.439 [T:0xb2b35] [DisplayControl] Exit MCCSOtherSet::GetVCP()
2025/10/23 17:42:48.542 [T:0xb2b35] [DisplayControl] Enter MCCSOtherSet::GetVCP(), vcp code = 141
2025/10/23 17:42:48.628 [T:0xb2b35] [DisplayControl] Exit MCCSOtherSet::GetVCP()
2025/10/23 17:42:48.740 [T:0xb2b35] [DisplayControl] Enter MCCSOtherSet::SetVCP(), vcp code = 51
2025/10/23 17:42:48.895 [T:0xb2b35] [DisplayControl] Exit MCCSOtherSet::SetVCP()
2025/10/23 17:42:48.934 [T:0x900ad] [DisplayControl] Enter MCCSOtherSet::GetVCP(), vcp code = 96
2025/10/23 17:42:49.055 [T:0x900ad] [DisplayControl] Exit MCCSOtherSet::GetVCP()
2025/10/23 17:44:38.873 [T:0x900ad] [DisplayControl] Enter OperationThread::ExitThread
2025/10/23 17:44:38.873 [T:0x900ad] [DisplayControl] Exit OperationThread::ExitThread
2025/10/23 17:44:38.873 [T:0x900ad] [DisplayControl] Enter OperationThread::~OperationThread()
2025/10/23 17:44:38.873 [T:0x900ad] [DisplayControl] Enter OperationThread::ExitThread
2025/10/23 17:44:38.873 [T:0x900ad] [DisplayControl] Enter OperationThread::ExitThread
2025/10/23 17:44:38.873 [T:0x900ad] [DisplayControl] Exit OperationThread::ExitThread
2025/10/23 17:44:38.873 [T:0x900ad] [DisplayControl] Enter OperationThread::~OperationThread()
2025/10/23 17:44:38.873 [T:0x900ad] [DisplayControl] Enter OperationThread::ExitThread
2025/10/23 17:44:38.948 [T:0x900ad] [DbgStr] After calling display_control_client_listener_video_port_.UpdateAllDisplayPath()
2025/10/23 17:44:38.965 [T:0x900ad] [DbgStr] After calling display_control_client_listener_.GetAllDisplayEDID()
2025/10/23 17:44:38.981 [T:0x900ad] [DisplayControl] Version = 3.0.6.0
2025/10/23 17:44:38.981 [T:0x900ad] [DisplayControl] Enter ObtainControlHandler1
2025/10/23 17:44:38.981 [T:0x900ad] [DisplayControl] GetVideoPortCommander
2025/10/23 17:44:38.982 [T:0x900ad] [DisplayControl] GetUSBHubCommander
2025/10/23 17:44:38.982 [T:0x900ad] ====== List p_lpo_display_info_video_port, # of devices is ======2
2025/10/23 17:44:38.982 [T:0x900ad] [DisplayControl] index of p_lpo_display_info_video_port0
2025/10/23 17:44:38.982 [T:0x900ad] [DisplayControl] Model name from VideoPort = VG2458
2025/10/23 17:44:38.982 [T:0x900ad] [DisplayControl] SN from VideoPort = YDJ243400006
2025/10/23 17:44:38.982 [T:0x900ad] [DisplayControl] index of p_lpo_display_info_video_port1
2025/10/23 17:44:38.982 [T:0x900ad] [DisplayControl] Model name from VideoPort = VG275
2025/10/23 17:44:38.982 [T:0x900ad] [DisplayControl] SN from VideoPort = XF6232400003
2025/10/23 17:44:38.982 [T:0x900ad] ====== List p_lpo_display_info_rtd_scalar_rts_hub, # of devices is ======0
2025/10/23 17:44:38.982 [T:0x900ad] [DisplayControl] GetVSRtkHubControlClientListener
2025/10/23 17:44:38.982 [T:0x900ad] [DisplayControl] max monitor count = 2
2025/10/23 17:44:38.982 [T:0x900ad] [DisplayControl] index of display_info_vec = 0
2025/10/23 17:44:38.982 [T:0x900ad] [DisplayControl] index of p_lpo_display_info_video_port = 0
2025/10/23 17:44:38.982 [T:0x900ad] [DisplayControl] VideoPortMatchingRule
2025/10/23 17:44:38.982 [T:0x900ad] [DisplayControl] monitor display_info_model_name = VG2458
2025/10/23 17:44:38.982 [T:0x900ad] [DisplayControl] monitor video_port_model_name = VG2458
2025/10/23 17:44:38.982 [T:0x900ad] [DisplayControl] monitor display_info_sn = YDJ243400006
2025/10/23 17:44:38.982 [T:0x900ad] [DisplayControl] monitor video_port_sn = YDJ243400006
2025/10/23 17:44:38.982 [T:0x900ad] [DisplayControl] model_name_match = 1
2025/10/23 17:44:38.982 [T:0x900ad] [DisplayControl] sn_match = 1
2025/10/23 17:44:38.982 [T:0x900ad] [DisplayControl] video_port is_match = 1
2025/10/23 17:44:38.982 [T:0x900ad] [DisplayControl] index of display_info_vec = 1
2025/10/23 17:44:38.982 [T:0x900ad] [DisplayControl] index of p_lpo_display_info_video_port = 0
2025/10/23 17:44:38.982 [T:0x900ad] [DisplayControl] VideoPortMatchingRule
2025/10/23 17:44:38.982 [T:0x900ad] [DisplayControl] monitor display_info_model_name = VG275
2025/10/23 17:44:38.982 [T:0x900ad] [DisplayControl] monitor video_port_model_name = VG2458
2025/10/23 17:44:38.982 [T:0x900ad] [DisplayControl] monitor display_info_sn = XF6232400003
2025/10/23 17:44:38.983 [T:0x900ad] [DisplayControl] monitor video_port_sn = YDJ243400006
2025/10/23 17:44:38.983 [T:0x900ad] [DisplayControl] model_name_match = 0
2025/10/23 17:44:38.983 [T:0x900ad] [DisplayControl] sn_match = 0
2025/10/23 17:44:38.983 [T:0x900ad] [DisplayControl] video_port is_match = 0
2025/10/23 17:44:38.983 [T:0x900ad] [DisplayControl] index of display_info_vec = 1
2025/10/23 17:44:38.983 [T:0x900ad] [DisplayControl] index of p_lpo_display_info_video_port = 1
2025/10/23 17:44:38.983 [T:0x900ad] [DisplayControl] VideoPortMatchingRule
2025/10/23 17:44:38.983 [T:0x900ad] [DisplayControl] monitor display_info_model_name = VG275
2025/10/23 17:44:38.983 [T:0x900ad] [DisplayControl] monitor video_port_model_name = VG275
2025/10/23 17:44:38.983 [T:0x900ad] [DisplayControl] monitor display_info_sn = XF6232400003
2025/10/23 17:44:38.983 [T:0x900ad] [DisplayControl] monitor video_port_sn = XF6232400003
2025/10/23 17:44:38.983 [T:0x900ad] [DisplayControl] model_name_match = 1
2025/10/23 17:44:38.983 [T:0x900ad] [DisplayControl] sn_match = 1
2025/10/23 17:44:38.983 [T:0x900ad] [DisplayControl] video_port is_match = 1
2025/10/23 17:44:38.983 [T:0x900ad] [DisplayControl] i = 0
2025/10/23 17:44:38.983 [T:0x900ad] [DisplayControl] Enter OperationThread::OperationThread()
2025/10/23 17:44:38.983 [T:0x900ad] [DisplayControl] Enter OperationThread::CreateThread
2025/10/23 17:44:38.983 [T:0x900ad] [DisplayControl] new DisplayFunctioner
2025/10/23 17:44:38.983 [T:0x900ad] [DisplayControl] insert displayer_vector
2025/10/23 17:44:38.983 [T:0x900ad] [DisplayControl] insert modelName_SN_to_Display_map
2025/10/23 17:44:38.983 [T:0x900ad] [DisplayControl] insert device_id_to_Displayer_map_
2025/10/23 17:44:38.983 [T:0x900ad] [DisplayControl] i = 1
2025/10/23 17:44:38.983 [T:0x900ad] [DisplayControl] Enter OperationThread::OperationThread()
2025/10/23 17:44:38.983 [T:0x900ad] [DisplayControl] Enter OperationThread::CreateThread
2025/10/23 17:44:38.984 [T:0x900ad] [DisplayControl] new DisplayFunctioner
2025/10/23 17:44:38.984 [T:0x900ad] [DisplayControl] insert displayer_vector
2025/10/23 17:44:38.984 [T:0x900ad] [DisplayControl] insert modelName_SN_to_Display_map
2025/10/23 17:44:38.984 [T:0x900ad] [DisplayControl] insert device_id_to_Displayer_map_
2025/10/23 17:44:38.984 [T:0x900ad] [DisplayControl] monitor size = 2
2025/10/23 17:44:38.984 [T:0x900ad] [DisplayControl] Exit ObtainControlHandler
2025/10/23 17:46:54.435 [T:0x900ad] [DisplayControl] Enter OperationThread::ExitThread
2025/10/23 17:46:54.435 [T:0x900ad] [DisplayControl] Exit OperationThread::ExitThread
2025/10/23 17:46:54.435 [T:0x900ad] [DisplayControl] Enter OperationThread::~OperationThread()
2025/10/23 17:46:54.435 [T:0x900ad] [DisplayControl] Enter OperationThread::ExitThread
2025/10/23 17:46:54.435 [T:0x900ad] [DisplayControl] Enter OperationThread::ExitThread
2025/10/23 17:46:54.435 [T:0x900ad] [DisplayControl] Exit OperationThread::ExitThread
2025/10/23 17:46:54.435 [T:0x900ad] [DisplayControl] Enter OperationThread::~OperationThread()
2025/10/23 17:46:54.435 [T:0x900ad] [DisplayControl] Enter OperationThread::ExitThread
2025/10/23 17:46:54.516 [T:0x900ad] [DbgStr] After calling display_control_client_listener_video_port_.UpdateAllDisplayPath()
2025/10/23 17:46:54.533 [T:0x900ad] [DbgStr] After calling display_control_client_listener_.GetAllDisplayEDID()
2025/10/23 17:46:54.536 [T:0x900ad] [DisplayControl] Version = 3.0.6.0
2025/10/23 17:46:54.536 [T:0x900ad] [DisplayControl] Enter ObtainControlHandler1
2025/10/23 17:46:54.537 [T:0x900ad] [DisplayControl] GetVideoPortCommander
2025/10/23 17:46:54.537 [T:0x900ad] [DisplayControl] GetUSBHubCommander
2025/10/23 17:46:54.537 [T:0x900ad] ====== List p_lpo_display_info_video_port, # of devices is ======2
2025/10/23 17:46:54.537 [T:0x900ad] [DisplayControl] index of p_lpo_display_info_video_port0
2025/10/23 17:46:54.537 [T:0x900ad] [DisplayControl] Model name from VideoPort = VG2458
2025/10/23 17:46:54.537 [T:0x900ad] [DisplayControl] SN from VideoPort = YDJ243400006
2025/10/23 17:46:54.537 [T:0x900ad] [DisplayControl] index of p_lpo_display_info_video_port1
2025/10/23 17:46:54.537 [T:0x900ad] [DisplayControl] Model name from VideoPort = VG275
2025/10/23 17:46:54.537 [T:0x900ad] [DisplayControl] SN from VideoPort = XF6232400003
2025/10/23 17:46:54.537 [T:0x900ad] ====== List p_lpo_display_info_rtd_scalar_rts_hub, # of devices is ======0
2025/10/23 17:46:54.537 [T:0x900ad] [DisplayControl] GetVSRtkHubControlClientListener
2025/10/23 17:46:54.537 [T:0x900ad] [DisplayControl] max monitor count = 2
2025/10/23 17:46:54.537 [T:0x900ad] [DisplayControl] index of display_info_vec = 0
2025/10/23 17:46:54.537 [T:0x900ad] [DisplayControl] index of p_lpo_display_info_video_port = 0
2025/10/23 17:46:54.537 [T:0x900ad] [DisplayControl] VideoPortMatchingRule
2025/10/23 17:46:54.537 [T:0x900ad] [DisplayControl] monitor display_info_model_name = VG2458
2025/10/23 17:46:54.537 [T:0x900ad] [DisplayControl] monitor video_port_model_name = VG2458
2025/10/23 17:46:54.537 [T:0x900ad] [DisplayControl] monitor display_info_sn = YDJ243400006
2025/10/23 17:46:54.537 [T:0x900ad] [DisplayControl] monitor video_port_sn = YDJ243400006
2025/10/23 17:46:54.537 [T:0x900ad] [DisplayControl] model_name_match = 1
2025/10/23 17:46:54.537 [T:0x900ad] [DisplayControl] sn_match = 1
2025/10/23 17:46:54.537 [T:0x900ad] [DisplayControl] video_port is_match = 1
2025/10/23 17:46:54.537 [T:0x900ad] [DisplayControl] index of display_info_vec = 1
2025/10/23 17:46:54.537 [T:0x900ad] [DisplayControl] index of p_lpo_display_info_video_port = 0
2025/10/23 17:46:54.537 [T:0x900ad] [DisplayControl] VideoPortMatchingRule
2025/10/23 17:46:54.537 [T:0x900ad] [DisplayControl] monitor display_info_model_name = VG275
2025/10/23 17:46:54.538 [T:0x900ad] [DisplayControl] monitor video_port_model_name = VG2458
2025/10/23 17:46:54.538 [T:0x900ad] [DisplayControl] monitor display_info_sn = XF6232400003
2025/10/23 17:46:54.538 [T:0x900ad] [DisplayControl] monitor video_port_sn = YDJ243400006
2025/10/23 17:46:54.538 [T:0x900ad] [DisplayControl] model_name_match = 0
2025/10/23 17:46:54.538 [T:0x900ad] [DisplayControl] sn_match = 0
2025/10/23 17:46:54.538 [T:0x900ad] [DisplayControl] video_port is_match = 0
2025/10/23 17:46:54.538 [T:0x900ad] [DisplayControl] index of display_info_vec = 1
2025/10/23 17:46:54.538 [T:0x900ad] [DisplayControl] index of p_lpo_display_info_video_port = 1
2025/10/23 17:46:54.538 [T:0x900ad] [DisplayControl] VideoPortMatchingRule
2025/10/23 17:46:54.538 [T:0x900ad] [DisplayControl] monitor display_info_model_name = VG275
2025/10/23 17:46:54.538 [T:0x900ad] [DisplayControl] monitor video_port_model_name = VG275
2025/10/23 17:46:54.538 [T:0x900ad] [DisplayControl] monitor display_info_sn = XF6232400003
2025/10/23 17:46:54.538 [T:0x900ad] [DisplayControl] monitor video_port_sn = XF6232400003
2025/10/23 17:46:54.538 [T:0x900ad] [DisplayControl] model_name_match = 1
2025/10/23 17:46:54.538 [T:0x900ad] [DisplayControl] sn_match = 1
2025/10/23 17:46:54.538 [T:0x900ad] [DisplayControl] video_port is_match = 1
2025/10/23 17:46:54.538 [T:0x900ad] [DisplayControl] i = 0
2025/10/23 17:46:54.538 [T:0x900ad] [DisplayControl] Enter OperationThread::OperationThread()
2025/10/23 17:46:54.538 [T:0x900ad] [DisplayControl] Enter OperationThread::CreateThread
2025/10/23 17:46:54.539 [T:0x900ad] [DisplayControl] new DisplayFunctioner
2025/10/23 17:46:54.539 [T:0x900ad] [DisplayControl] insert displayer_vector
2025/10/23 17:46:54.539 [T:0x900ad] [DisplayControl] insert modelName_SN_to_Display_map
2025/10/23 17:46:54.539 [T:0x900ad] [DisplayControl] insert device_id_to_Displayer_map_
2025/10/23 17:46:54.539 [T:0x900ad] [DisplayControl] i = 1
2025/10/23 17:46:54.539 [T:0x900ad] [DisplayControl] Enter OperationThread::OperationThread()
2025/10/23 17:46:54.539 [T:0x900ad] [DisplayControl] Enter OperationThread::CreateThread
2025/10/23 17:46:54.539 [T:0x900ad] [DisplayControl] new DisplayFunctioner
2025/10/23 17:46:54.539 [T:0x900ad] [DisplayControl] insert displayer_vector
2025/10/23 17:46:54.539 [T:0x900ad] [DisplayControl] insert modelName_SN_to_Display_map
2025/10/23 17:46:54.539 [T:0x900ad] [DisplayControl] insert device_id_to_Displayer_map_
2025/10/23 17:46:54.539 [T:0x900ad] [DisplayControl] monitor size = 2
2025/10/23 17:46:54.539 [T:0x900ad] [DisplayControl] Exit ObtainControlHandler
2025/10/23 17:48:56.544 [T:0x900ad] [DisplayControl] Enter OperationThread::ExitThread
2025/10/23 17:48:56.545 [T:0x900ad] [DisplayControl] Exit OperationThread::ExitThread
2025/10/23 17:48:56.545 [T:0x900ad] [DisplayControl] Enter OperationThread::~OperationThread()
2025/10/23 17:48:56.545 [T:0x900ad] [DisplayControl] Enter OperationThread::ExitThread
2025/10/23 17:48:56.545 [T:0x900ad] [DisplayControl] Enter OperationThread::ExitThread
2025/10/23 17:48:56.545 [T:0x900ad] [DisplayControl] Exit OperationThread::ExitThread
2025/10/23 17:48:56.545 [T:0x900ad] [DisplayControl] Enter OperationThread::~OperationThread()
2025/10/23 17:48:56.545 [T:0x900ad] [DisplayControl] Enter OperationThread::ExitThread
2025/10/23 17:48:56.566 [T:0x900ad] [DbgStr] After calling display_control_client_listener_video_port_.UpdateAllDisplayPath()
2025/10/23 17:48:56.582 [T:0x900ad] [DbgStr] After calling display_control_client_listener_.GetAllDisplayEDID()
2025/10/23 17:48:56.583 [T:0x900ad] [DisplayControl] Version = 3.0.6.0
2025/10/23 17:48:56.583 [T:0x900ad] [DisplayControl] Enter ObtainControlHandler1
2025/10/23 17:48:56.583 [T:0x900ad] [DisplayControl] GetVideoPortCommander
2025/10/23 17:48:56.583 [T:0x900ad] [DisplayControl] GetUSBHubCommander
2025/10/23 17:48:56.583 [T:0x900ad] ====== List p_lpo_display_info_video_port, # of devices is ======2
2025/10/23 17:48:56.584 [T:0x900ad] [DisplayControl] index of p_lpo_display_info_video_port0
2025/10/23 17:48:56.584 [T:0x900ad] [DisplayControl] Model name from VideoPort = VG2458
2025/10/23 17:48:56.584 [T:0x900ad] [DisplayControl] SN from VideoPort = YDJ243400006
2025/10/23 17:48:56.584 [T:0x900ad] [DisplayControl] index of p_lpo_display_info_video_port1
2025/10/23 17:48:56.584 [T:0x900ad] [DisplayControl] Model name from VideoPort = VG275
2025/10/23 17:48:56.584 [T:0x900ad] [DisplayControl] SN from VideoPort = XF6232400003
2025/10/23 17:48:56.584 [T:0x900ad] ====== List p_lpo_display_info_rtd_scalar_rts_hub, # of devices is ======0
2025/10/23 17:48:56.584 [T:0x900ad] [DisplayControl] GetVSRtkHubControlClientListener
2025/10/23 17:48:56.584 [T:0x900ad] [DisplayControl] max monitor count = 2
2025/10/23 17:48:56.584 [T:0x900ad] [DisplayControl] index of display_info_vec = 0
2025/10/23 17:48:56.584 [T:0x900ad] [DisplayControl] index of p_lpo_display_info_video_port = 0
2025/10/23 17:48:56.584 [T:0x900ad] [DisplayControl] VideoPortMatchingRule
2025/10/23 17:48:56.584 [T:0x900ad] [DisplayControl] monitor display_info_model_name = VG2458
2025/10/23 17:48:56.584 [T:0x900ad] [DisplayControl] monitor video_port_model_name = VG2458
2025/10/23 17:48:56.584 [T:0x900ad] [DisplayControl] monitor display_info_sn = YDJ243400006
2025/10/23 17:48:56.584 [T:0x900ad] [DisplayControl] monitor video_port_sn = YDJ243400006
2025/10/23 17:48:56.584 [T:0x900ad] [DisplayControl] model_name_match = 1
2025/10/23 17:48:56.584 [T:0x900ad] [DisplayControl] sn_match = 1
2025/10/23 17:48:56.584 [T:0x900ad] [DisplayControl] video_port is_match = 1
2025/10/23 17:48:56.584 [T:0x900ad] [DisplayControl] index of display_info_vec = 1
2025/10/23 17:48:56.584 [T:0x900ad] [DisplayControl] index of p_lpo_display_info_video_port = 0
2025/10/23 17:48:56.584 [T:0x900ad] [DisplayControl] VideoPortMatchingRule
2025/10/23 17:48:56.584 [T:0x900ad] [DisplayControl] monitor display_info_model_name = VG275
2025/10/23 17:48:56.584 [T:0x900ad] [DisplayControl] monitor video_port_model_name = VG2458
2025/10/23 17:48:56.584 [T:0x900ad] [DisplayControl] monitor display_info_sn = XF6232400003
2025/10/23 17:48:56.584 [T:0x900ad] [DisplayControl] monitor video_port_sn = YDJ243400006
2025/10/23 17:48:56.584 [T:0x900ad] [DisplayControl] model_name_match = 0
2025/10/23 17:48:56.584 [T:0x900ad] [DisplayControl] sn_match = 0
2025/10/23 17:48:56.585 [T:0x900ad] [DisplayControl] video_port is_match = 0
2025/10/23 17:48:56.585 [T:0x900ad] [DisplayControl] index of display_info_vec = 1
2025/10/23 17:48:56.585 [T:0x900ad] [DisplayControl] index of p_lpo_display_info_video_port = 1
2025/10/23 17:48:56.585 [T:0x900ad] [DisplayControl] VideoPortMatchingRule
2025/10/23 17:48:56.585 [T:0x900ad] [DisplayControl] monitor display_info_model_name = VG275
2025/10/23 17:48:56.585 [T:0x900ad] [DisplayControl] monitor video_port_model_name = VG275
2025/10/23 17:48:56.585 [T:0x900ad] [DisplayControl] monitor display_info_sn = XF6232400003
2025/10/23 17:48:56.585 [T:0x900ad] [DisplayControl] monitor video_port_sn = XF6232400003
2025/10/23 17:48:56.585 [T:0x900ad] [DisplayControl] model_name_match = 1
2025/10/23 17:48:56.585 [T:0x900ad] [DisplayControl] sn_match = 1
2025/10/23 17:48:56.585 [T:0x900ad] [DisplayControl] video_port is_match = 1
2025/10/23 17:48:56.585 [T:0x900ad] [DisplayControl] i = 0
2025/10/23 17:48:56.585 [T:0x900ad] [DisplayControl] Enter OperationThread::OperationThread()
2025/10/23 17:48:56.585 [T:0x900ad] [DisplayControl] Enter OperationThread::CreateThread
2025/10/23 17:48:56.585 [T:0x900ad] [DisplayControl] new DisplayFunctioner
2025/10/23 17:48:56.585 [T:0x900ad] [DisplayControl] insert displayer_vector
2025/10/23 17:48:56.585 [T:0x900ad] [DisplayControl] insert modelName_SN_to_Display_map
2025/10/23 17:48:56.585 [T:0x900ad] [DisplayControl] insert device_id_to_Displayer_map_
2025/10/23 17:48:56.585 [T:0x900ad] [DisplayControl] i = 1
2025/10/23 17:48:56.585 [T:0x900ad] [DisplayControl] Enter OperationThread::OperationThread()
2025/10/23 17:48:56.585 [T:0x900ad] [DisplayControl] Enter OperationThread::CreateThread
2025/10/23 17:48:56.585 [T:0x900ad] [DisplayControl] new DisplayFunctioner
2025/10/23 17:48:56.585 [T:0x900ad] [DisplayControl] insert displayer_vector
2025/10/23 17:48:56.585 [T:0x900ad] [DisplayControl] insert modelName_SN_to_Display_map
2025/10/23 17:48:56.585 [T:0x900ad] [DisplayControl] insert device_id_to_Displayer_map_
2025/10/23 17:48:56.586 [T:0x900ad] [DisplayControl] monitor size = 2
2025/10/23 17:48:56.586 [T:0x900ad] [DisplayControl] Exit ObtainControlHandler
2025/10/23 17:51:12.462 [T:0x900ad] [DisplayControl] Enter OperationThread::ExitThread
2025/10/23 17:51:12.463 [T:0x900ad] [DisplayControl] Exit OperationThread::ExitThread
2025/10/23 17:51:12.463 [T:0x900ad] [DisplayControl] Enter OperationThread::~OperationThread()
2025/10/23 17:51:12.463 [T:0x900ad] [DisplayControl] Enter OperationThread::ExitThread
2025/10/23 17:51:12.463 [T:0x900ad] [DisplayControl] Enter OperationThread::ExitThread
2025/10/23 17:51:12.463 [T:0x900ad] [DisplayControl] Exit OperationThread::ExitThread
2025/10/23 17:51:12.463 [T:0x900ad] [DisplayControl] Enter OperationThread::~OperationThread()
2025/10/23 17:51:12.463 [T:0x900ad] [DisplayControl] Enter OperationThread::ExitThread
2025/10/23 17:51:12.555 [T:0x900ad] [DbgStr] After calling display_control_client_listener_video_port_.UpdateAllDisplayPath()
2025/10/23 17:51:12.572 [T:0x900ad] [DbgStr] After calling display_control_client_listener_.GetAllDisplayEDID()
2025/10/23 17:51:12.575 [T:0x900ad] [DisplayControl] Version = 3.0.6.0
2025/10/23 17:51:12.575 [T:0x900ad] [DisplayControl] Enter ObtainControlHandler1
2025/10/23 17:51:12.575 [T:0x900ad] [DisplayControl] GetVideoPortCommander
2025/10/23 17:51:12.575 [T:0x900ad] [DisplayControl] GetUSBHubCommander
2025/10/23 17:51:12.575 [T:0x900ad] ====== List p_lpo_display_info_video_port, # of devices is ======2
2025/10/23 17:51:12.575 [T:0x900ad] [DisplayControl] index of p_lpo_display_info_video_port0
2025/10/23 17:51:12.575 [T:0x900ad] [DisplayControl] Model name from VideoPort = VG2458
2025/10/23 17:51:12.575 [T:0x900ad] [DisplayControl] SN from VideoPort = YDJ243400006
2025/10/23 17:51:12.575 [T:0x900ad] [DisplayControl] index of p_lpo_display_info_video_port1
2025/10/23 17:51:12.575 [T:0x900ad] [DisplayControl] Model name from VideoPort = VG275
2025/10/23 17:51:12.575 [T:0x900ad] [DisplayControl] SN from VideoPort = XF6232400003
2025/10/23 17:51:12.575 [T:0x900ad] ====== List p_lpo_display_info_rtd_scalar_rts_hub, # of devices is ======0
2025/10/23 17:51:12.575 [T:0x900ad] [DisplayControl] GetVSRtkHubControlClientListener
2025/10/23 17:51:12.575 [T:0x900ad] [DisplayControl] max monitor count = 2
2025/10/23 17:51:12.575 [T:0x900ad] [DisplayControl] index of display_info_vec = 0
2025/10/23 17:51:12.575 [T:0x900ad] [DisplayControl] index of p_lpo_display_info_video_port = 0
2025/10/23 17:51:12.575 [T:0x900ad] [DisplayControl] VideoPortMatchingRule
2025/10/23 17:51:12.575 [T:0x900ad] [DisplayControl] monitor display_info_model_name = VG2458
2025/10/23 17:51:12.575 [T:0x900ad] [DisplayControl] monitor video_port_model_name = VG2458
2025/10/23 17:51:12.575 [T:0x900ad] [DisplayControl] monitor display_info_sn = YDJ243400006
2025/10/23 17:51:12.575 [T:0x900ad] [DisplayControl] monitor video_port_sn = YDJ243400006
2025/10/23 17:51:12.575 [T:0x900ad] [DisplayControl] model_name_match = 1
2025/10/23 17:51:12.575 [T:0x900ad] [DisplayControl] sn_match = 1
2025/10/23 17:51:12.575 [T:0x900ad] [DisplayControl] video_port is_match = 1
2025/10/23 17:51:12.576 [T:0x900ad] [DisplayControl] index of display_info_vec = 1
2025/10/23 17:51:12.576 [T:0x900ad] [DisplayControl] index of p_lpo_display_info_video_port = 0
2025/10/23 17:51:12.576 [T:0x900ad] [DisplayControl] VideoPortMatchingRule
2025/10/23 17:51:12.576 [T:0x900ad] [DisplayControl] monitor display_info_model_name = VG275
2025/10/23 17:51:12.576 [T:0x900ad] [DisplayControl] monitor video_port_model_name = VG2458
2025/10/23 17:51:12.576 [T:0x900ad] [DisplayControl] monitor display_info_sn = XF6232400003
2025/10/23 17:51:12.576 [T:0x900ad] [DisplayControl] monitor video_port_sn = YDJ243400006
2025/10/23 17:51:12.576 [T:0x900ad] [DisplayControl] model_name_match = 0
2025/10/23 17:51:12.576 [T:0x900ad] [DisplayControl] sn_match = 0
2025/10/23 17:51:12.576 [T:0x900ad] [DisplayControl] video_port is_match = 0
2025/10/23 17:51:12.576 [T:0x900ad] [DisplayControl] index of display_info_vec = 1
2025/10/23 17:51:12.576 [T:0x900ad] [DisplayControl] index of p_lpo_display_info_video_port = 1
2025/10/23 17:51:12.576 [T:0x900ad] [DisplayControl] VideoPortMatchingRule
2025/10/23 17:51:12.576 [T:0x900ad] [DisplayControl] monitor display_info_model_name = VG275
2025/10/23 17:51:12.576 [T:0x900ad] [DisplayControl] monitor video_port_model_name = VG275
2025/10/23 17:51:12.576 [T:0x900ad] [DisplayControl] monitor display_info_sn = XF6232400003
2025/10/23 17:51:12.576 [T:0x900ad] [DisplayControl] monitor video_port_sn = XF6232400003
2025/10/23 17:51:12.576 [T:0x900ad] [DisplayControl] model_name_match = 1
2025/10/23 17:51:12.576 [T:0x900ad] [DisplayControl] sn_match = 1
2025/10/23 17:51:12.576 [T:0x900ad] [DisplayControl] video_port is_match = 1
2025/10/23 17:51:12.576 [T:0x900ad] [DisplayControl] i = 0
2025/10/23 17:51:12.576 [T:0x900ad] [DisplayControl] Enter OperationThread::OperationThread()
2025/10/23 17:51:12.576 [T:0x900ad] [DisplayControl] Enter OperationThread::CreateThread
2025/10/23 17:51:12.576 [T:0x900ad] [DisplayControl] new DisplayFunctioner
2025/10/23 17:51:12.576 [T:0x900ad] [DisplayControl] insert displayer_vector
2025/10/23 17:51:12.576 [T:0x900ad] [DisplayControl] insert modelName_SN_to_Display_map
2025/10/23 17:51:12.577 [T:0x900ad] [DisplayControl] insert device_id_to_Displayer_map_
2025/10/23 17:51:12.577 [T:0x900ad] [DisplayControl] i = 1
2025/10/23 17:51:12.577 [T:0x900ad] [DisplayControl] Enter OperationThread::OperationThread()
2025/10/23 17:51:12.577 [T:0x900ad] [DisplayControl] Enter OperationThread::CreateThread
2025/10/23 17:51:12.577 [T:0x900ad] [DisplayControl] new DisplayFunctioner
2025/10/23 17:51:12.577 [T:0x900ad] [DisplayControl] insert displayer_vector
2025/10/23 17:51:12.577 [T:0x900ad] [DisplayControl] insert modelName_SN_to_Display_map
2025/10/23 17:51:12.577 [T:0x900ad] [DisplayControl] insert device_id_to_Displayer_map_
2025/10/23 17:51:12.577 [T:0x900ad] [DisplayControl] monitor size = 2
2025/10/23 17:51:12.577 [T:0x900ad] [DisplayControl] Exit ObtainControlHandler
2025/10/23 17:53:28.440 [T:0x900ad] [DisplayControl] Enter OperationThread::ExitThread
2025/10/23 17:53:28.441 [T:0x900ad] [DisplayControl] Exit OperationThread::ExitThread
2025/10/23 17:53:28.441 [T:0x900ad] [DisplayControl] Enter OperationThread::~OperationThread()
2025/10/23 17:53:28.441 [T:0x900ad] [DisplayControl] Enter OperationThread::ExitThread
2025/10/23 17:53:28.441 [T:0x900ad] [DisplayControl] Enter OperationThread::ExitThread
2025/10/23 17:53:28.441 [T:0x900ad] [DisplayControl] Exit OperationThread::ExitThread
2025/10/23 17:53:28.441 [T:0x900ad] [DisplayControl] Enter OperationThread::~OperationThread()
2025/10/23 17:53:28.441 [T:0x900ad] [DisplayControl] Enter OperationThread::ExitThread
2025/10/23 17:53:28.523 [T:0x900ad] [DbgStr] After calling display_control_client_listener_video_port_.UpdateAllDisplayPath()
2025/10/23 17:53:28.541 [T:0x900ad] [DbgStr] After calling display_control_client_listener_.GetAllDisplayEDID()
2025/10/23 17:53:28.553 [T:0x900ad] [DisplayControl] Version = 3.0.6.0
2025/10/23 17:53:28.553 [T:0x900ad] [DisplayControl] Enter ObtainControlHandler1
2025/10/23 17:53:28.554 [T:0x900ad] [DisplayControl] GetVideoPortCommander
2025/10/23 17:53:28.554 [T:0x900ad] [DisplayControl] GetUSBHubCommander
2025/10/23 17:53:28.554 [T:0x900ad] ====== List p_lpo_display_info_video_port, # of devices is ======2
2025/10/23 17:53:28.554 [T:0x900ad] [DisplayControl] index of p_lpo_display_info_video_port0
2025/10/23 17:53:28.554 [T:0x900ad] [DisplayControl] Model name from VideoPort = VG2458
2025/10/23 17:53:28.554 [T:0x900ad] [DisplayControl] SN from VideoPort = YDJ243400006
2025/10/23 17:53:28.554 [T:0x900ad] [DisplayControl] index of p_lpo_display_info_video_port1
2025/10/23 17:53:28.554 [T:0x900ad] [DisplayControl] Model name from VideoPort = VG275
2025/10/23 17:53:28.554 [T:0x900ad] [DisplayControl] SN from VideoPort = XF6232400003
2025/10/23 17:53:28.554 [T:0x900ad] ====== List p_lpo_display_info_rtd_scalar_rts_hub, # of devices is ======0
2025/10/23 17:53:28.554 [T:0x900ad] [DisplayControl] GetVSRtkHubControlClientListener
2025/10/23 17:53:28.554 [T:0x900ad] [DisplayControl] max monitor count = 2
2025/10/23 17:53:28.554 [T:0x900ad] [DisplayControl] index of display_info_vec = 0
2025/10/23 17:53:28.554 [T:0x900ad] [DisplayControl] index of p_lpo_display_info_video_port = 0
2025/10/23 17:53:28.554 [T:0x900ad] [DisplayControl] VideoPortMatchingRule
2025/10/23 17:53:28.554 [T:0x900ad] [DisplayControl] monitor display_info_model_name = VG2458
2025/10/23 17:53:28.554 [T:0x900ad] [DisplayControl] monitor video_port_model_name = VG2458
2025/10/23 17:53:28.554 [T:0x900ad] [DisplayControl] monitor display_info_sn = YDJ243400006
2025/10/23 17:53:28.554 [T:0x900ad] [DisplayControl] monitor video_port_sn = YDJ243400006
2025/10/23 17:53:28.554 [T:0x900ad] [DisplayControl] model_name_match = 1
2025/10/23 17:53:28.554 [T:0x900ad] [DisplayControl] sn_match = 1
2025/10/23 17:53:28.554 [T:0x900ad] [DisplayControl] video_port is_match = 1
2025/10/23 17:53:28.554 [T:0x900ad] [DisplayControl] index of display_info_vec = 1
2025/10/23 17:53:28.554 [T:0x900ad] [DisplayControl] index of p_lpo_display_info_video_port = 0
2025/10/23 17:53:28.554 [T:0x900ad] [DisplayControl] VideoPortMatchingRule
2025/10/23 17:53:28.554 [T:0x900ad] [DisplayControl] monitor display_info_model_name = VG275
2025/10/23 17:53:28.554 [T:0x900ad] [DisplayControl] monitor video_port_model_name = VG2458
2025/10/23 17:53:28.554 [T:0x900ad] [DisplayControl] monitor display_info_sn = XF6232400003
2025/10/23 17:53:28.555 [T:0x900ad] [DisplayControl] monitor video_port_sn = YDJ243400006
2025/10/23 17:53:28.555 [T:0x900ad] [DisplayControl] model_name_match = 0
2025/10/23 17:53:28.555 [T:0x900ad] [DisplayControl] sn_match = 0
2025/10/23 17:53:28.555 [T:0x900ad] [DisplayControl] video_port is_match = 0
2025/10/23 17:53:28.555 [T:0x900ad] [DisplayControl] index of display_info_vec = 1
2025/10/23 17:53:28.555 [T:0x900ad] [DisplayControl] index of p_lpo_display_info_video_port = 1
2025/10/23 17:53:28.555 [T:0x900ad] [DisplayControl] VideoPortMatchingRule
2025/10/23 17:53:28.555 [T:0x900ad] [DisplayControl] monitor display_info_model_name = VG275
2025/10/23 17:53:28.555 [T:0x900ad] [DisplayControl] monitor video_port_model_name = VG275
2025/10/23 17:53:28.555 [T:0x900ad] [DisplayControl] monitor display_info_sn = XF6232400003
2025/10/23 17:53:28.555 [T:0x900ad] [DisplayControl] monitor video_port_sn = XF6232400003
2025/10/23 17:53:28.555 [T:0x900ad] [DisplayControl] model_name_match = 1
2025/10/23 17:53:28.555 [T:0x900ad] [DisplayControl] sn_match = 1
2025/10/23 17:53:28.555 [T:0x900ad] [DisplayControl] video_port is_match = 1
2025/10/23 17:53:28.555 [T:0x900ad] [DisplayControl] i = 0
2025/10/23 17:53:28.555 [T:0x900ad] [DisplayControl] Enter OperationThread::OperationThread()
2025/10/23 17:53:28.555 [T:0x900ad] [DisplayControl] Enter OperationThread::CreateThread
2025/10/23 17:53:28.555 [T:0x900ad] [DisplayControl] new DisplayFunctioner
2025/10/23 17:53:28.555 [T:0x900ad] [DisplayControl] insert displayer_vector
2025/10/23 17:53:28.555 [T:0x900ad] [DisplayControl] insert modelName_SN_to_Display_map
2025/10/23 17:53:28.555 [T:0x900ad] [DisplayControl] insert device_id_to_Displayer_map_
2025/10/23 17:53:28.555 [T:0x900ad] [DisplayControl] i = 1
2025/10/23 17:53:28.555 [T:0x900ad] [DisplayControl] Enter OperationThread::OperationThread()
2025/10/23 17:53:28.555 [T:0x900ad] [DisplayControl] Enter OperationThread::CreateThread
2025/10/23 17:53:28.556 [T:0x900ad] [DisplayControl] new DisplayFunctioner
2025/10/23 17:53:28.556 [T:0x900ad] [DisplayControl] insert displayer_vector
2025/10/23 17:53:28.556 [T:0x900ad] [DisplayControl] insert modelName_SN_to_Display_map
2025/10/23 17:53:28.556 [T:0x900ad] [DisplayControl] insert device_id_to_Displayer_map_
2025/10/23 17:53:28.556 [T:0x900ad] [DisplayControl] monitor size = 2
2025/10/23 17:53:28.556 [T:0x900ad] [DisplayControl] Exit ObtainControlHandler
2025/10/23 17:55:30.538 [T:0x900ad] [DisplayControl] Enter OperationThread::ExitThread
2025/10/23 17:55:30.538 [T:0x900ad] [DisplayControl] Exit OperationThread::ExitThread
2025/10/23 17:55:30.538 [T:0x900ad] [DisplayControl] Enter OperationThread::~OperationThread()
2025/10/23 17:55:30.538 [T:0x900ad] [DisplayControl] Enter OperationThread::ExitThread
2025/10/23 17:55:30.538 [T:0x900ad] [DisplayControl] Enter OperationThread::ExitThread
2025/10/23 17:55:30.538 [T:0x900ad] [DisplayControl] Exit OperationThread::ExitThread
2025/10/23 17:55:30.538 [T:0x900ad] [DisplayControl] Enter OperationThread::~OperationThread()
2025/10/23 17:55:30.538 [T:0x900ad] [DisplayControl] Enter OperationThread::ExitThread
2025/10/23 17:55:30.560 [T:0x900ad] [DbgStr] After calling display_control_client_listener_video_port_.UpdateAllDisplayPath()
2025/10/23 17:55:30.576 [T:0x900ad] [DbgStr] After calling display_control_client_listener_.GetAllDisplayEDID()
2025/10/23 17:55:30.580 [T:0x900ad] [DisplayControl] Version = 3.0.6.0
2025/10/23 17:55:30.581 [T:0x900ad] [DisplayControl] Enter ObtainControlHandler1
2025/10/23 17:55:30.581 [T:0x900ad] [DisplayControl] GetVideoPortCommander
2025/10/23 17:55:30.581 [T:0x900ad] [DisplayControl] GetUSBHubCommander
2025/10/23 17:55:30.581 [T:0x900ad] ====== List p_lpo_display_info_video_port, # of devices is ======2
2025/10/23 17:55:30.581 [T:0x900ad] [DisplayControl] index of p_lpo_display_info_video_port0
2025/10/23 17:55:30.581 [T:0x900ad] [DisplayControl] Model name from VideoPort = VG2458
2025/10/23 17:55:30.581 [T:0x900ad] [DisplayControl] SN from VideoPort = YDJ243400006
2025/10/23 17:55:30.581 [T:0x900ad] [DisplayControl] index of p_lpo_display_info_video_port1
2025/10/23 17:55:30.581 [T:0x900ad] [DisplayControl] Model name from VideoPort = VG275
2025/10/23 17:55:30.581 [T:0x900ad] [DisplayControl] SN from VideoPort = XF6232400003
2025/10/23 17:55:30.581 [T:0x900ad] ====== List p_lpo_display_info_rtd_scalar_rts_hub, # of devices is ======0
2025/10/23 17:55:30.581 [T:0x900ad] [DisplayControl] GetVSRtkHubControlClientListener
2025/10/23 17:55:30.581 [T:0x900ad] [DisplayControl] max monitor count = 2
2025/10/23 17:55:30.581 [T:0x900ad] [DisplayControl] index of display_info_vec = 0
2025/10/23 17:55:30.581 [T:0x900ad] [DisplayControl] index of p_lpo_display_info_video_port = 0
2025/10/23 17:55:30.581 [T:0x900ad] [DisplayControl] VideoPortMatchingRule
2025/10/23 17:55:30.581 [T:0x900ad] [DisplayControl] monitor display_info_model_name = VG2458
2025/10/23 17:55:30.581 [T:0x900ad] [DisplayControl] monitor video_port_model_name = VG2458
2025/10/23 17:55:30.581 [T:0x900ad] [DisplayControl] monitor display_info_sn = YDJ243400006
2025/10/23 17:55:30.581 [T:0x900ad] [DisplayControl] monitor video_port_sn = YDJ243400006
2025/10/23 17:55:30.581 [T:0x900ad] [DisplayControl] model_name_match = 1
2025/10/23 17:55:30.581 [T:0x900ad] [DisplayControl] sn_match = 1
2025/10/23 17:55:30.581 [T:0x900ad] [DisplayControl] video_port is_match = 1
2025/10/23 17:55:30.581 [T:0x900ad] [DisplayControl] index of display_info_vec = 1
2025/10/23 17:55:30.581 [T:0x900ad] [DisplayControl] index of p_lpo_display_info_video_port = 0
2025/10/23 17:55:30.581 [T:0x900ad] [DisplayControl] VideoPortMatchingRule
2025/10/23 17:55:30.582 [T:0x900ad] [DisplayControl] monitor display_info_model_name = VG275
2025/10/23 17:55:30.582 [T:0x900ad] [DisplayControl] monitor video_port_model_name = VG2458
2025/10/23 17:55:30.582 [T:0x900ad] [DisplayControl] monitor display_info_sn = XF6232400003
2025/10/23 17:55:30.582 [T:0x900ad] [DisplayControl] monitor video_port_sn = YDJ243400006
2025/10/23 17:55:30.582 [T:0x900ad] [DisplayControl] model_name_match = 0
2025/10/23 17:55:30.582 [T:0x900ad] [DisplayControl] sn_match = 0
2025/10/23 17:55:30.582 [T:0x900ad] [DisplayControl] video_port is_match = 0
2025/10/23 17:55:30.582 [T:0x900ad] [DisplayControl] index of display_info_vec = 1
2025/10/23 17:55:30.582 [T:0x900ad] [DisplayControl] index of p_lpo_display_info_video_port = 1
2025/10/23 17:55:30.582 [T:0x900ad] [DisplayControl] VideoPortMatchingRule
2025/10/23 17:55:30.582 [T:0x900ad] [DisplayControl] monitor display_info_model_name = VG275
2025/10/23 17:55:30.582 [T:0x900ad] [DisplayControl] monitor video_port_model_name = VG275
2025/10/23 17:55:30.582 [T:0x900ad] [DisplayControl] monitor display_info_sn = XF6232400003
2025/10/23 17:55:30.582 [T:0x900ad] [DisplayControl] monitor video_port_sn = XF6232400003
2025/10/23 17:55:30.582 [T:0x900ad] [DisplayControl] model_name_match = 1
2025/10/23 17:55:30.582 [T:0x900ad] [DisplayControl] sn_match = 1
2025/10/23 17:55:30.582 [T:0x900ad] [DisplayControl] video_port is_match = 1
2025/10/23 17:55:30.582 [T:0x900ad] [DisplayControl] i = 0
2025/10/23 17:55:30.582 [T:0x900ad] [DisplayControl] Enter OperationThread::OperationThread()
2025/10/23 17:55:30.582 [T:0x900ad] [DisplayControl] Enter OperationThread::CreateThread
2025/10/23 17:55:30.582 [T:0x900ad] [DisplayControl] new DisplayFunctioner
2025/10/23 17:55:30.582 [T:0x900ad] [DisplayControl] insert displayer_vector
2025/10/23 17:55:30.582 [T:0x900ad] [DisplayControl] insert modelName_SN_to_Display_map
2025/10/23 17:55:30.582 [T:0x900ad] [DisplayControl] insert device_id_to_Displayer_map_
2025/10/23 17:55:30.582 [T:0x900ad] [DisplayControl] i = 1
2025/10/23 17:55:30.582 [T:0x900ad] [DisplayControl] Enter OperationThread::OperationThread()
2025/10/23 17:55:30.583 [T:0x900ad] [DisplayControl] Enter OperationThread::CreateThread
2025/10/23 17:55:30.583 [T:0x900ad] [DisplayControl] new DisplayFunctioner
2025/10/23 17:55:30.583 [T:0x900ad] [DisplayControl] insert displayer_vector
2025/10/23 17:55:30.583 [T:0x900ad] [DisplayControl] insert modelName_SN_to_Display_map
2025/10/23 17:55:30.583 [T:0x900ad] [DisplayControl] insert device_id_to_Displayer_map_
2025/10/23 17:55:30.583 [T:0x900ad] [DisplayControl] monitor size = 2
2025/10/23 17:55:30.583 [T:0x900ad] [DisplayControl] Exit ObtainControlHandler
2025/10/23 17:57:35.609 [T:0xc2f65] [DisplayControl] Enter MCCSOtherSet::SetVCP(), vcp code = 16
2025/10/23 17:57:35.773 [T:0xc2f65] [DisplayControl] Exit MCCSOtherSet::SetVCP()
2025/10/23 17:59:08.845 [T:0xadb9c] [DisplayControl] Enter MCCSOtherSet::SetVCP(), vcp code = 16
2025/10/23 17:59:09.037 [T:0xadb9c] [DisplayControl] Exit MCCSOtherSet::SetVCP()
2025/10/23 18:00:40.207 [T:0xca27d] [DisplayControl] Enter MCCSOtherSet::SetVCP(), vcp code = 18
2025/10/23 18:00:40.401 [T:0xca27d] [DisplayControl] Exit MCCSOtherSet::SetVCP()
2025/10/23 18:02:12.477 [T:0x90487] [DisplayControl] Enter MCCSOtherSet::SetVCP(), vcp code = 18
2025/10/23 18:02:12.687 [T:0x90487] [DisplayControl] Exit MCCSOtherSet::SetVCP()
2025/10/23 18:03:44.771 [T:0xc7283] [DisplayControl] Enter MCCSOtherSet::SetVCP(), vcp code = 135
2025/10/23 18:03:44.965 [T:0xc7283] [DisplayControl] Exit MCCSOtherSet::SetVCP()
2025/10/23 18:05:17.052 [T:0xddc8a] [DisplayControl] Enter MCCSOtherSet::SetVCP(), vcp code = 135
2025/10/23 18:05:17.262 [T:0xddc8a] [DisplayControl] Exit MCCSOtherSet::SetVCP()
2025/10/23 18:06:49.189 [T:0x900ad] [DisplayControl] Enter MCCSOtherSet::SetVCP(), vcp code = 98
2025/10/23 18:06:49.713 [T:0x900ad] [DisplayControl] Exit MCCSOtherSet::SetVCP()
2025/10/23 18:06:49.821 [T:0x58259] [DisplayControl] Enter MCCSOtherSet::SetVCP(), vcp code = 98
2025/10/23 18:06:50.032 [T:0x58259] [DisplayControl] Exit MCCSOtherSet::SetVCP()
2025/10/23 18:08:21.520 [T:0x900ad] [DisplayControl] Enter MCCSOtherSet::SetVCP(), vcp code = 98
2025/10/23 18:08:21.737 [T:0x900ad] [DisplayControl] Exit MCCSOtherSet::SetVCP()
2025/10/23 18:08:21.851 [T:0xcf2a4] [DisplayControl] Enter MCCSOtherSet::SetVCP(), vcp code = 98
2025/10/23 18:08:22.031 [T:0xcf2a4] [DisplayControl] Exit MCCSOtherSet::SetVCP()
2025/10/23 18:09:57.462 [T:0xec66d] [DisplayControl] Enter MCCSOtherSet::SetVCP(), vcp code = 220
2025/10/23 18:09:58.436 [T:0xec66d] [DisplayControl] Exit MCCSOtherSet::SetVCP()
2025/10/23 18:10:04.048 [T:0xec66d] [DisplayControl] Enter MCCSOtherSet::GetVCP(), vcp code = 135
2025/10/23 18:10:04.130 [T:0xec66d] [DisplayControl] Exit MCCSOtherSet::GetVCP()
2025/10/23 18:10:04.849 [T:0xec66d] [DisplayControl] Enter MCCSOtherSet::GetVCP(), vcp code = 20
2025/10/23 18:10:04.930 [T:0xec66d] [DisplayControl] Exit MCCSOtherSet::GetVCP()
2025/10/23 18:10:05.649 [T:0xec66d] [DisplayControl] Enter MCCSOtherSet::GetVCP(), vcp code = 18
2025/10/23 18:10:05.731 [T:0xec66d] [DisplayControl] Exit MCCSOtherSet::GetVCP()
2025/10/23 18:10:06.449 [T:0xec66d] [DisplayControl] Enter MCCSOtherSet::GetVCP(), vcp code = 16
2025/10/23 18:10:06.531 [T:0xec66d] [DisplayControl] Exit MCCSOtherSet::GetVCP()
2025/10/23 18:11:51.058 [T:0xe0a1f] [DisplayControl] Enter MCCSOtherSet::SetVCP(), vcp code = 220
2025/10/23 18:11:52.050 [T:0xe0a1f] [DisplayControl] Exit MCCSOtherSet::SetVCP()
2025/10/23 18:11:57.664 [T:0xe0a1f] [DisplayControl] Enter MCCSOtherSet::GetVCP(), vcp code = 135
2025/10/23 18:11:57.746 [T:0xe0a1f] [DisplayControl] Exit MCCSOtherSet::GetVCP()
2025/10/23 18:11:58.464 [T:0xe0a1f] [DisplayControl] Enter MCCSOtherSet::GetVCP(), vcp code = 20
2025/10/23 18:11:58.546 [T:0xe0a1f] [DisplayControl] Exit MCCSOtherSet::GetVCP()
2025/10/23 18:11:59.265 [T:0xe0a1f] [DisplayControl] Enter MCCSOtherSet::GetVCP(), vcp code = 18
2025/10/23 18:11:59.347 [T:0xe0a1f] [DisplayControl] Exit MCCSOtherSet::GetVCP()
2025/10/23 18:12:00.065 [T:0xe0a1f] [DisplayControl] Enter MCCSOtherSet::GetVCP(), vcp code = 16
2025/10/23 18:12:00.147 [T:0xe0a1f] [DisplayControl] Exit MCCSOtherSet::GetVCP()
2025/10/23 18:13:44.700 [T:0xa0baa] [DisplayControl] Enter MCCSOtherSet::SetVCP(), vcp code = 220
2025/10/23 18:13:45.692 [T:0xa0baa] [DisplayControl] Exit MCCSOtherSet::SetVCP()
2025/10/23 18:13:51.307 [T:0xa0baa] [DisplayControl] Enter MCCSOtherSet::GetVCP(), vcp code = 135
2025/10/23 18:13:51.389 [T:0xa0baa] [DisplayControl] Exit MCCSOtherSet::GetVCP()
2025/10/23 18:13:52.108 [T:0xa0baa] [DisplayControl] Enter MCCSOtherSet::GetVCP(), vcp code = 20
2025/10/23 18:13:52.189 [T:0xa0baa] [DisplayControl] Exit MCCSOtherSet::GetVCP()
2025/10/23 18:13:52.907 [T:0xa0baa] [DisplayControl] Enter MCCSOtherSet::GetVCP(), vcp code = 18
2025/10/23 18:13:52.989 [T:0xa0baa] [DisplayControl] Exit MCCSOtherSet::GetVCP()
2025/10/23 18:13:53.708 [T:0xa0baa] [DisplayControl] Enter MCCSOtherSet::GetVCP(), vcp code = 16
2025/10/23 18:13:53.790 [T:0xa0baa] [DisplayControl] Exit MCCSOtherSet::GetVCP()
2025/10/23 18:15:38.250 [T:0x232b9] [DisplayControl] Enter MCCSOtherSet::SetVCP(), vcp code = 220
2025/10/23 18:15:39.241 [T:0x232b9] [DisplayControl] Exit MCCSOtherSet::SetVCP()
2025/10/23 18:15:44.855 [T:0x232b9] [DisplayControl] Enter MCCSOtherSet::GetVCP(), vcp code = 135
2025/10/23 18:15:44.937 [T:0x232b9] [DisplayControl] Exit MCCSOtherSet::GetVCP()
2025/10/23 18:15:45.655 [T:0x232b9] [DisplayControl] Enter MCCSOtherSet::GetVCP(), vcp code = 20
2025/10/23 18:15:45.737 [T:0x232b9] [DisplayControl] Exit MCCSOtherSet::GetVCP()
2025/10/23 18:15:46.455 [T:0x232b9] [DisplayControl] Enter MCCSOtherSet::GetVCP(), vcp code = 18
2025/10/23 18:15:46.537 [T:0x232b9] [DisplayControl] Exit MCCSOtherSet::GetVCP()
2025/10/23 18:15:47.255 [T:0x232b9] [DisplayControl] Enter MCCSOtherSet::GetVCP(), vcp code = 16
2025/10/23 18:15:47.338 [T:0x232b9] [DisplayControl] Exit MCCSOtherSet::GetVCP()
2025/10/23 18:17:31.952 [T:0xe03e0] [DisplayControl] Enter MCCSOtherSet::SetVCP(), vcp code = 220
2025/10/23 18:17:32.943 [T:0xe03e0] [DisplayControl] Exit MCCSOtherSet::SetVCP()
2025/10/23 18:17:38.556 [T:0xe03e0] [DisplayControl] Enter MCCSOtherSet::GetVCP(), vcp code = 135
2025/10/23 18:17:38.638 [T:0xe03e0] [DisplayControl] Exit MCCSOtherSet::GetVCP()
2025/10/23 18:17:39.356 [T:0xe03e0] [DisplayControl] Enter MCCSOtherSet::GetVCP(), vcp code = 20
2025/10/23 18:17:39.438 [T:0xe03e0] [DisplayControl] Exit MCCSOtherSet::GetVCP()
2025/10/23 18:17:40.156 [T:0xe03e0] [DisplayControl] Enter MCCSOtherSet::GetVCP(), vcp code = 18
2025/10/23 18:17:40.238 [T:0xe03e0] [DisplayControl] Exit MCCSOtherSet::GetVCP()
2025/10/23 18:17:40.956 [T:0xe03e0] [DisplayControl] Enter MCCSOtherSet::GetVCP(), vcp code = 16
2025/10/23 18:17:41.038 [T:0xe03e0] [DisplayControl] Exit MCCSOtherSet::GetVCP()
2025/10/23 18:19:25.550 [T:0x9030f] [DisplayControl] Enter MCCSOtherSet::SetVCP(), vcp code = 220
2025/10/23 18:19:26.525 [T:0x9030f] [DisplayControl] Exit MCCSOtherSet::SetVCP()
2025/10/23 18:19:32.138 [T:0x9030f] [DisplayControl] Enter MCCSOtherSet::GetVCP(), vcp code = 135
2025/10/23 18:19:32.220 [T:0x9030f] [DisplayControl] Exit MCCSOtherSet::GetVCP()
2025/10/23 18:19:32.939 [T:0x9030f] [DisplayControl] Enter MCCSOtherSet::GetVCP(), vcp code = 20
2025/10/23 18:19:33.021 [T:0x9030f] [DisplayControl] Exit MCCSOtherSet::GetVCP()
2025/10/23 18:19:33.739 [T:0x9030f] [DisplayControl] Enter MCCSOtherSet::GetVCP(), vcp code = 18
2025/10/23 18:19:33.821 [T:0x9030f] [DisplayControl] Exit MCCSOtherSet::GetVCP()
2025/10/23 18:19:34.539 [T:0x9030f] [DisplayControl] Enter MCCSOtherSet::GetVCP(), vcp code = 16
2025/10/23 18:19:34.621 [T:0x9030f] [DisplayControl] Exit MCCSOtherSet::GetVCP()
2025/10/23 18:21:19.213 [T:0xa4ba0] [DisplayControl] Enter MCCSOtherSet::SetVCP(), vcp code = 220
2025/10/23 18:21:20.219 [T:0xa4ba0] [DisplayControl] Exit MCCSOtherSet::SetVCP()
2025/10/23 18:21:25.832 [T:0xa4ba0] [DisplayControl] Enter MCCSOtherSet::GetVCP(), vcp code = 135
2025/10/23 18:21:25.914 [T:0xa4ba0] [DisplayControl] Exit MCCSOtherSet::GetVCP()
2025/10/23 18:21:26.632 [T:0xa4ba0] [DisplayControl] Enter MCCSOtherSet::GetVCP(), vcp code = 20
2025/10/23 18:21:26.714 [T:0xa4ba0] [DisplayControl] Exit MCCSOtherSet::GetVCP()
2025/10/23 18:21:27.433 [T:0xa4ba0] [DisplayControl] Enter MCCSOtherSet::GetVCP(), vcp code = 18
2025/10/23 18:21:27.515 [T:0xa4ba0] [DisplayControl] Exit MCCSOtherSet::GetVCP()
2025/10/23 18:21:28.232 [T:0xa4ba0] [DisplayControl] Enter MCCSOtherSet::GetVCP(), vcp code = 16
2025/10/23 18:21:28.314 [T:0xa4ba0] [DisplayControl] Exit MCCSOtherSet::GetVCP()
2025/10/23 18:23:12.866 [T:0x9a772] [DisplayControl] Enter MCCSOtherSet::SetVCP(), vcp code = 220
2025/10/23 18:23:13.855 [T:0x9a772] [DisplayControl] Exit MCCSOtherSet::SetVCP()
2025/10/23 18:23:19.470 [T:0x9a772] [DisplayControl] Enter MCCSOtherSet::GetVCP(), vcp code = 135
2025/10/23 18:23:19.552 [T:0x9a772] [DisplayControl] Exit MCCSOtherSet::GetVCP()
2025/10/23 18:23:20.270 [T:0x9a772] [DisplayControl] Enter MCCSOtherSet::GetVCP(), vcp code = 20
2025/10/23 18:23:20.352 [T:0x9a772] [DisplayControl] Exit MCCSOtherSet::GetVCP()
2025/10/23 18:23:21.070 [T:0x9a772] [DisplayControl] Enter MCCSOtherSet::GetVCP(), vcp code = 18
2025/10/23 18:23:21.151 [T:0x9a772] [DisplayControl] Exit MCCSOtherSet::GetVCP()
2025/10/23 18:23:21.870 [T:0x9a772] [DisplayControl] Enter MCCSOtherSet::GetVCP(), vcp code = 16
2025/10/23 18:23:21.952 [T:0x9a772] [DisplayControl] Exit MCCSOtherSet::GetVCP()
2025/10/23 18:25:06.463 [T:0xe798f] [DisplayControl] Enter MCCSOtherSet::SetVCP(), vcp code = 220
2025/10/23 18:25:07.437 [T:0xe798f] [DisplayControl] Exit MCCSOtherSet::SetVCP()
2025/10/23 18:25:13.064 [T:0xe798f] [DisplayControl] Enter MCCSOtherSet::GetVCP(), vcp code = 135
2025/10/23 18:25:13.146 [T:0xe798f] [DisplayControl] Exit MCCSOtherSet::GetVCP()
2025/10/23 18:25:13.864 [T:0xe798f] [DisplayControl] Enter MCCSOtherSet::GetVCP(), vcp code = 20
2025/10/23 18:25:13.946 [T:0xe798f] [DisplayControl] Exit MCCSOtherSet::GetVCP()
2025/10/23 18:25:14.664 [T:0xe798f] [DisplayControl] Enter MCCSOtherSet::GetVCP(), vcp code = 18
2025/10/23 18:25:14.746 [T:0xe798f] [DisplayControl] Exit MCCSOtherSet::GetVCP()
2025/10/23 18:25:15.464 [T:0xe798f] [DisplayControl] Enter MCCSOtherSet::GetVCP(), vcp code = 16
2025/10/23 18:25:15.547 [T:0xe798f] [DisplayControl] Exit MCCSOtherSet::GetVCP()
2025/10/23 18:27:00.112 [T:0x9adb1] [DisplayControl] Enter MCCSOtherSet::SetVCP(), vcp code = 220
2025/10/23 18:27:01.058 [T:0x9adb1] [DisplayControl] Exit MCCSOtherSet::SetVCP()
2025/10/23 18:27:06.671 [T:0x9adb1] [DisplayControl] Enter MCCSOtherSet::GetVCP(), vcp code = 135
2025/10/23 18:27:06.752 [T:0x9adb1] [DisplayControl] Exit MCCSOtherSet::GetVCP()
2025/10/23 18:27:07.471 [T:0x9adb1] [DisplayControl] Enter MCCSOtherSet::GetVCP(), vcp code = 20
2025/10/23 18:27:07.553 [T:0x9adb1] [DisplayControl] Exit MCCSOtherSet::GetVCP()
2025/10/23 18:27:08.272 [T:0x9adb1] [DisplayControl] Enter MCCSOtherSet::GetVCP(), vcp code = 18
2025/10/23 18:27:08.354 [T:0x9adb1] [DisplayControl] Exit MCCSOtherSet::GetVCP()
2025/10/23 18:27:09.072 [T:0x9adb1] [DisplayControl] Enter MCCSOtherSet::GetVCP(), vcp code = 16
2025/10/23 18:27:09.154 [T:0x9adb1] [DisplayControl] Exit MCCSOtherSet::GetVCP()
2025/10/23 18:28:53.620 [T:0x88d95] [DisplayControl] Enter MCCSOtherSet::SetVCP(), vcp code = 220
2025/10/23 18:28:54.595 [T:0x88d95] [DisplayControl] Exit MCCSOtherSet::SetVCP()
2025/10/23 18:29:00.208 [T:0x88d95] [DisplayControl] Enter MCCSOtherSet::GetVCP(), vcp code = 135
2025/10/23 18:29:00.291 [T:0x88d95] [DisplayControl] Exit MCCSOtherSet::GetVCP()
2025/10/23 18:29:01.008 [T:0x88d95] [DisplayControl] Enter MCCSOtherSet::GetVCP(), vcp code = 20
2025/10/23 18:29:01.090 [T:0x88d95] [DisplayControl] Exit MCCSOtherSet::GetVCP()
2025/10/23 18:29:01.808 [T:0x88d95] [DisplayControl] Enter MCCSOtherSet::GetVCP(), vcp code = 18
2025/10/23 18:29:01.891 [T:0x88d95] [DisplayControl] Exit MCCSOtherSet::GetVCP()
2025/10/23 18:29:02.608 [T:0x88d95] [DisplayControl] Enter MCCSOtherSet::GetVCP(), vcp code = 16
2025/10/23 18:29:02.691 [T:0x88d95] [DisplayControl] Exit MCCSOtherSet::GetVCP()
2025/10/23 18:30:47.251 [T:0x2dd5b] [DisplayControl] Enter MCCSOtherSet::SetVCP(), vcp code = 220
2025/10/23 18:30:47.912 [T:0x2dd5b] [DisplayControl] Exit MCCSOtherSet::SetVCP()
2025/10/23 18:30:53.525 [T:0x2dd5b] [DisplayControl] Enter MCCSOtherSet::GetVCP(), vcp code = 135
2025/10/23 18:30:53.608 [T:0x2dd5b] [DisplayControl] Exit MCCSOtherSet::GetVCP()
2025/10/23 18:30:54.326 [T:0x2dd5b] [DisplayControl] Enter MCCSOtherSet::GetVCP(), vcp code = 20
2025/10/23 18:30:54.408 [T:0x2dd5b] [DisplayControl] Exit MCCSOtherSet::GetVCP()
2025/10/23 18:30:55.126 [T:0x2dd5b] [DisplayControl] Enter MCCSOtherSet::GetVCP(), vcp code = 18
2025/10/23 18:30:55.208 [T:0x2dd5b] [DisplayControl] Exit MCCSOtherSet::GetVCP()
2025/10/23 18:30:55.926 [T:0x2dd5b] [DisplayControl] Enter MCCSOtherSet::GetVCP(), vcp code = 16
2025/10/23 18:30:56.008 [T:0x2dd5b] [DisplayControl] Exit MCCSOtherSet::GetVCP()
2025/10/23 18:32:40.939 [T:0x2a540] [DisplayControl] Enter MCCSOtherSet::SetVCP(), vcp code = 220
2025/10/23 18:32:41.912 [T:0x2a540] [DisplayControl] Exit MCCSOtherSet::SetVCP()
2025/10/23 18:32:47.526 [T:0x2a540] [DisplayControl] Enter MCCSOtherSet::GetVCP(), vcp code = 135
2025/10/23 18:32:47.609 [T:0x2a540] [DisplayControl] Exit MCCSOtherSet::GetVCP()
2025/10/23 18:32:48.327 [T:0x2a540] [DisplayControl] Enter MCCSOtherSet::GetVCP(), vcp code = 20
2025/10/23 18:32:48.409 [T:0x2a540] [DisplayControl] Exit MCCSOtherSet::GetVCP()
2025/10/23 18:32:49.127 [T:0x2a540] [DisplayControl] Enter MCCSOtherSet::GetVCP(), vcp code = 18
2025/10/23 18:32:49.209 [T:0x2a540] [DisplayControl] Exit MCCSOtherSet::GetVCP()
2025/10/23 18:32:49.927 [T:0x2a540] [DisplayControl] Enter MCCSOtherSet::GetVCP(), vcp code = 16
2025/10/23 18:32:50.009 [T:0x2a540] [DisplayControl] Exit MCCSOtherSet::GetVCP()
2025/10/23 18:34:48.936 [T:0xe02f6] [DisplayControl] Enter MCCSOtherSet::SetVCP(), vcp code = 4
2025/10/23 18:34:49.879 [T:0xe02f6] [DisplayControl] Exit MCCSOtherSet::SetVCP()
2025/10/23 18:34:54.992 [T:0xe02f6] [DisplayControl] Enter OperationThread::ExitThread
2025/10/23 18:34:54.992 [T:0xe02f6] [DisplayControl] Exit OperationThread::ExitThread
2025/10/23 18:34:54.992 [T:0xe02f6] [DisplayControl] Enter OperationThread::~OperationThread()
2025/10/23 18:34:54.992 [T:0xe02f6] [DisplayControl] Enter OperationThread::ExitThread
2025/10/23 18:34:54.992 [T:0xe02f6] [DisplayControl] Enter OperationThread::ExitThread
2025/10/23 18:34:54.993 [T:0xe02f6] [DisplayControl] Exit OperationThread::ExitThread
2025/10/23 18:34:54.993 [T:0xe02f6] [DisplayControl] Enter OperationThread::~OperationThread()
2025/10/23 18:34:54.993 [T:0xe02f6] [DisplayControl] Enter OperationThread::ExitThread
2025/10/23 18:34:55.016 [T:0xe02f6] [DbgStr] After calling display_control_client_listener_video_port_.UpdateAllDisplayPath()
2025/10/23 18:34:55.032 [T:0xe02f6] [DbgStr] After calling display_control_client_listener_.GetAllDisplayEDID()
2025/10/23 18:34:55.034 [T:0xe02f6] [DisplayControl] Version = 3.0.6.0
2025/10/23 18:34:55.034 [T:0xe02f6] [DisplayControl] Enter ObtainControlHandler1
2025/10/23 18:34:55.034 [T:0xe02f6] [DisplayControl] GetVideoPortCommander
2025/10/23 18:34:55.034 [T:0xe02f6] [DisplayControl] GetUSBHubCommander
2025/10/23 18:34:55.034 [T:0xe02f6] ====== List p_lpo_display_info_video_port, # of devices is ======2
2025/10/23 18:34:55.034 [T:0xe02f6] [DisplayControl] index of p_lpo_display_info_video_port0
2025/10/23 18:34:55.034 [T:0xe02f6] [DisplayControl] Model name from VideoPort = VG2458
2025/10/23 18:34:55.034 [T:0xe02f6] [DisplayControl] SN from VideoPort = YDJ243400006
2025/10/23 18:34:55.034 [T:0xe02f6] [DisplayControl] index of p_lpo_display_info_video_port1
2025/10/23 18:34:55.035 [T:0xe02f6] [DisplayControl] Model name from VideoPort = VG275
2025/10/23 18:34:55.035 [T:0xe02f6] [DisplayControl] SN from VideoPort = XF6232400003
2025/10/23 18:34:55.035 [T:0xe02f6] ====== List p_lpo_display_info_rtd_scalar_rts_hub, # of devices is ======0
2025/10/23 18:34:55.035 [T:0xe02f6] [DisplayControl] GetVSRtkHubControlClientListener
2025/10/23 18:34:55.035 [T:0xe02f6] [DisplayControl] max monitor count = 2
2025/10/23 18:34:55.035 [T:0xe02f6] [DisplayControl] index of display_info_vec = 0
2025/10/23 18:34:55.035 [T:0xe02f6] [DisplayControl] index of p_lpo_display_info_video_port = 0
2025/10/23 18:34:55.035 [T:0xe02f6] [DisplayControl] VideoPortMatchingRule
2025/10/23 18:34:55.035 [T:0xe02f6] [DisplayControl] monitor display_info_model_name = VG2458
2025/10/23 18:34:55.035 [T:0xe02f6] [DisplayControl] monitor video_port_model_name = VG2458
2025/10/23 18:34:55.035 [T:0xe02f6] [DisplayControl] monitor display_info_sn = YDJ243400006
2025/10/23 18:34:55.035 [T:0xe02f6] [DisplayControl] monitor video_port_sn = YDJ243400006
2025/10/23 18:34:55.035 [T:0xe02f6] [DisplayControl] model_name_match = 1
2025/10/23 18:34:55.035 [T:0xe02f6] [DisplayControl] sn_match = 1
2025/10/23 18:34:55.035 [T:0xe02f6] [DisplayControl] video_port is_match = 1
2025/10/23 18:34:55.035 [T:0xe02f6] [DisplayControl] index of display_info_vec = 1
2025/10/23 18:34:55.035 [T:0xe02f6] [DisplayControl] index of p_lpo_display_info_video_port = 0
2025/10/23 18:34:55.035 [T:0xe02f6] [DisplayControl] VideoPortMatchingRule
2025/10/23 18:34:55.035 [T:0xe02f6] [DisplayControl] monitor display_info_model_name = VG275
2025/10/23 18:34:55.035 [T:0xe02f6] [DisplayControl] monitor video_port_model_name = VG2458
2025/10/23 18:34:55.035 [T:0xe02f6] [DisplayControl] monitor display_info_sn = XF6232400003
2025/10/23 18:34:55.035 [T:0xe02f6] [DisplayControl] monitor video_port_sn = YDJ243400006
2025/10/23 18:34:55.035 [T:0xe02f6] [DisplayControl] model_name_match = 0
2025/10/23 18:34:55.035 [T:0xe02f6] [DisplayControl] sn_match = 0
2025/10/23 18:34:55.035 [T:0xe02f6] [DisplayControl] video_port is_match = 0
2025/10/23 18:34:55.035 [T:0xe02f6] [DisplayControl] index of display_info_vec = 1
2025/10/23 18:34:55.035 [T:0xe02f6] [DisplayControl] index of p_lpo_display_info_video_port = 1
2025/10/23 18:34:55.036 [T:0xe02f6] [DisplayControl] VideoPortMatchingRule
2025/10/23 18:34:55.036 [T:0xe02f6] [DisplayControl] monitor display_info_model_name = VG275
2025/10/23 18:34:55.036 [T:0xe02f6] [DisplayControl] monitor video_port_model_name = VG275
2025/10/23 18:34:55.036 [T:0xe02f6] [DisplayControl] monitor display_info_sn = XF6232400003
2025/10/23 18:34:55.036 [T:0xe02f6] [DisplayControl] monitor video_port_sn = XF6232400003
2025/10/23 18:34:55.036 [T:0xe02f6] [DisplayControl] model_name_match = 1
2025/10/23 18:34:55.036 [T:0xe02f6] [DisplayControl] sn_match = 1
2025/10/23 18:34:55.036 [T:0xe02f6] [DisplayControl] video_port is_match = 1
2025/10/23 18:34:55.036 [T:0xe02f6] [DisplayControl] i = 0
2025/10/23 18:34:55.036 [T:0xe02f6] [DisplayControl] Enter OperationThread::OperationThread()
2025/10/23 18:34:55.036 [T:0xe02f6] [DisplayControl] Enter OperationThread::CreateThread
2025/10/23 18:34:55.036 [T:0xe02f6] [DisplayControl] new DisplayFunctioner
2025/10/23 18:34:55.036 [T:0xe02f6] [DisplayControl] insert displayer_vector
2025/10/23 18:34:55.036 [T:0xe02f6] [DisplayControl] insert modelName_SN_to_Display_map
2025/10/23 18:34:55.036 [T:0xe02f6] [DisplayControl] insert device_id_to_Displayer_map_
2025/10/23 18:34:55.036 [T:0xe02f6] [DisplayControl] i = 1
2025/10/23 18:34:55.036 [T:0xe02f6] [DisplayControl] Enter OperationThread::OperationThread()
2025/10/23 18:34:55.036 [T:0xe02f6] [DisplayControl] Enter OperationThread::CreateThread
2025/10/23 18:34:55.036 [T:0xe02f6] [DisplayControl] new DisplayFunctioner
2025/10/23 18:34:55.036 [T:0xe02f6] [DisplayControl] insert displayer_vector
2025/10/23 18:34:55.036 [T:0xe02f6] [DisplayControl] insert modelName_SN_to_Display_map
2025/10/23 18:34:55.036 [T:0xe02f6] [DisplayControl] insert device_id_to_Displayer_map_
2025/10/23 18:34:55.036 [T:0xe02f6] [DisplayControl] monitor size = 2
2025/10/23 18:34:55.036 [T:0xe02f6] [DisplayControl] Exit ObtainControlHandler
2025/10/23 18:34:55.037 [T:0xe02f6] [DisplayControl] Enter MCCSOtherSet::GetVCP(), vcp code = 16
2025/10/23 18:34:55.121 [T:0xe02f6] [DisplayControl] Exit MCCSOtherSet::GetVCP()
2025/10/23 18:34:55.121 [T:0xe02f6] [DisplayControl] Enter MCCSOtherSet::GetVCP(), vcp code = 135
2025/10/23 18:34:55.262 [T:0xe02f6] [DisplayControl] Exit MCCSOtherSet::GetVCP()
2025/10/23 18:34:55.368 [T:0xe02f6] [DisplayControl] Enter MCCSOtherSet::GetVCP(), vcp code = 98
2025/10/23 18:34:55.450 [T:0xe02f6] [DisplayControl] Exit MCCSOtherSet::GetVCP()
2025/10/23 18:34:55.556 [T:0xe02f6] [DisplayControl] Enter MCCSOtherSet::GetVCP(), vcp code = 20
2025/10/23 18:34:55.638 [T:0xe02f6] [DisplayControl] Exit MCCSOtherSet::GetVCP()
2025/10/23 18:34:55.744 [T:0xe02f6] [DisplayControl] Enter MCCSOtherSet::GetVCP(), vcp code = 225
2025/10/23 18:34:55.826 [T:0xe02f6] [DisplayControl] Exit MCCSOtherSet::GetVCP()
2025/10/23 18:34:55.933 [T:0xe02f6] [DisplayControl] Enter MCCSOtherSet::GetVCP(), vcp code = 18
2025/10/23 18:34:56.015 [T:0xe02f6] [DisplayControl] Exit MCCSOtherSet::GetVCP()
2025/10/23 18:34:56.121 [T:0xe02f6] [DisplayControl] Enter MCCSOtherSet::GetVCP(), vcp code = 96
2025/10/23 18:34:56.203 [T:0xe02f6] [DisplayControl] Exit MCCSOtherSet::GetVCP()
2025/10/23 18:34:56.309 [T:0xe02f6] [DisplayControl] Enter MCCSOtherSet::GetVCP(), vcp code = 220
2025/10/23 18:34:56.391 [T:0xe02f6] [DisplayControl] Exit MCCSOtherSet::GetVCP()
2025/10/23 18:34:56.497 [T:0xe02f6] [DisplayControl] Enter MCCSOtherSet::GetVCP(), vcp code = 4
2025/10/23 18:34:56.580 [T:0xe02f6] [DisplayControl] Exit MCCSOtherSet::GetVCP()
2025/10/23 18:34:56.685 [T:0xe02f6] [DisplayControl] Enter MCCSOtherSet::GetVCP(), vcp code = 43
2025/10/23 18:34:56.767 [T:0xe02f6] [DisplayControl] Exit MCCSOtherSet::GetVCP()
2025/10/23 18:34:56.874 [T:0xe02f6] [DisplayControl] Enter MCCSOtherSet::GetVCP(), vcp code = 245
2025/10/23 18:34:56.956 [T:0xe02f6] [DisplayControl] Exit MCCSOtherSet::GetVCP()
2025/10/23 18:34:57.063 [T:0xe02f6] [DisplayControl] Enter MCCSOtherSet::GetVCP(), vcp code = 51
2025/10/23 18:34:57.145 [T:0xe02f6] [DisplayControl] Exit MCCSOtherSet::GetVCP()
2025/10/23 18:34:57.251 [T:0xe02f6] [DisplayControl] Enter MCCSOtherSet::GetVCP(), vcp code = 16
2025/10/23 18:34:57.333 [T:0xe02f6] [DisplayControl] Exit MCCSOtherSet::GetVCP()
2025/10/23 18:34:57.371 [T:0x900ad] [DisplayControl] Enter MCCSOtherSet::GetVCP(), vcp code = 96
2025/10/23 18:34:57.440 [T:0xe02f6] [DisplayControl] Enter MCCSOtherSet::GetVCP(), vcp code = 97
2025/10/23 18:34:57.515 [T:0x900ad] [DisplayControl] Exit MCCSOtherSet::GetVCP()
2025/10/23 18:34:57.687 [T:0xe02f6] [DisplayControl] Exit MCCSOtherSet::GetVCP()
2025/10/23 18:34:57.789 [T:0xe02f6] [DisplayControl] Enter MCCSOtherSet::GetVCP(), vcp code = 141
2025/10/23 18:34:58.016 [T:0xe02f6] [DisplayControl] Exit MCCSOtherSet::GetVCP()
2025/10/23 18:34:58.126 [T:0xe02f6] [DisplayControl] Enter MCCSOtherSet::GetVCP(), vcp code = 135
2025/10/23 18:34:58.204 [T:0xe02f6] [DisplayControl] Exit MCCSOtherSet::GetVCP()
2025/10/23 18:34:58.307 [T:0xe02f6] [DisplayControl] Enter MCCSOtherSet::GetVCP(), vcp code = 98
2025/10/23 18:34:58.392 [T:0xe02f6] [DisplayControl] Exit MCCSOtherSet::GetVCP()
2025/10/23 18:34:58.495 [T:0xe02f6] [DisplayControl] Enter MCCSOtherSet::GetVCP(), vcp code = 225
2025/10/23 18:34:58.582 [T:0xe02f6] [DisplayControl] Exit MCCSOtherSet::GetVCP()
2025/10/23 18:34:58.684 [T:0xe02f6] [DisplayControl] Enter MCCSOtherSet::GetVCP(), vcp code = 18
2025/10/23 18:34:58.770 [T:0xe02f6] [DisplayControl] Exit MCCSOtherSet::GetVCP()
2025/10/23 18:34:58.872 [T:0xe02f6] [DisplayControl] Enter MCCSOtherSet::GetVCP(), vcp code = 96
2025/10/23 18:34:58.958 [T:0xe02f6] [DisplayControl] Exit MCCSOtherSet::GetVCP()
2025/10/23 18:34:59.060 [T:0xe02f6] [DisplayControl] Enter MCCSOtherSet::GetVCP(), vcp code = 236
2025/10/23 18:34:59.147 [T:0xe02f6] [DisplayControl] Exit MCCSOtherSet::GetVCP()
2025/10/23 18:34:59.249 [T:0xe02f6] [DisplayControl] Enter MCCSOtherSet::GetVCP(), vcp code = 220
2025/10/23 18:34:59.334 [T:0xe02f6] [DisplayControl] Exit MCCSOtherSet::GetVCP()
2025/10/23 18:34:59.437 [T:0xe02f6] [DisplayControl] Enter MCCSOtherSet::GetVCP(), vcp code = 4
2025/10/23 18:34:59.522 [T:0xe02f6] [DisplayControl] Exit MCCSOtherSet::GetVCP()
2025/10/23 18:34:59.625 [T:0xe02f6] [DisplayControl] Enter MCCSOtherSet::GetVCP(), vcp code = 43
2025/10/23 18:34:59.711 [T:0xe02f6] [DisplayControl] Exit MCCSOtherSet::GetVCP()
2025/10/23 18:34:59.813 [T:0xe02f6] [DisplayControl] Enter MCCSOtherSet::GetVCP(), vcp code = 51
2025/10/23 18:34:59.899 [T:0xe02f6] [DisplayControl] Exit MCCSOtherSet::GetVCP()
2025/10/23 18:35:00.001 [T:0xe02f6] [DisplayControl] Enter MCCSOtherSet::GetVCP(), vcp code = 16
2025/10/23 18:35:00.087 [T:0xe02f6] [DisplayControl] Exit MCCSOtherSet::GetVCP()
2025/10/23 18:35:00.189 [T:0xe02f6] [DisplayControl] Enter MCCSOtherSet::GetVCP(), vcp code = 97
2025/10/23 18:35:00.275 [T:0xe02f6] [DisplayControl] Exit MCCSOtherSet::GetVCP()
2025/10/23 18:35:00.378 [T:0xe02f6] [DisplayControl] Enter MCCSOtherSet::GetVCP(), vcp code = 226
2025/10/23 18:35:00.464 [T:0xe02f6] [DisplayControl] Exit MCCSOtherSet::GetVCP()
2025/10/23 18:35:00.566 [T:0xe02f6] [DisplayControl] Enter MCCSOtherSet::GetVCP(), vcp code = 141
2025/10/23 18:35:00.652 [T:0xe02f6] [DisplayControl] Exit MCCSOtherSet::GetVCP()
2025/10/23 18:36:06.904 [T:0xffeca] [DisplayControl] Enter MCCSOtherSet::SetVCP(), vcp code = 20
2025/10/23 18:36:07.092 [T:0xffeca] [DisplayControl] Exit MCCSOtherSet::SetVCP()
2025/10/23 18:36:07.700 [T:0xffeca] [DisplayControl] Enter MCCSOtherSet::GetVCP(), vcp code = 135
2025/10/23 18:36:07.782 [T:0xffeca] [DisplayControl] Exit MCCSOtherSet::GetVCP()
2025/10/23 18:36:08.501 [T:0xffeca] [DisplayControl] Enter MCCSOtherSet::GetVCP(), vcp code = 20
2025/10/23 18:36:08.582 [T:0xffeca] [DisplayControl] Exit MCCSOtherSet::GetVCP()
2025/10/23 18:36:09.301 [T:0xffeca] [DisplayControl] Enter MCCSOtherSet::GetVCP(), vcp code = 18
2025/10/23 18:36:09.383 [T:0xffeca] [DisplayControl] Exit MCCSOtherSet::GetVCP()
2025/10/23 18:36:10.101 [T:0xffeca] [DisplayControl] Enter MCCSOtherSet::GetVCP(), vcp code = 16
2025/10/23 18:36:10.182 [T:0xffeca] [DisplayControl] Exit MCCSOtherSet::GetVCP()
2025/10/23 18:37:54.227 [T:0xab23a] [DisplayControl] Enter MCCSOtherSet::SetVCP(), vcp code = 20
2025/10/23 18:37:54.433 [T:0xab23a] [DisplayControl] Exit MCCSOtherSet::SetVCP()
2025/10/23 18:37:55.041 [T:0xab23a] [DisplayControl] Enter MCCSOtherSet::GetVCP(), vcp code = 135
2025/10/23 18:37:55.123 [T:0xab23a] [DisplayControl] Exit MCCSOtherSet::GetVCP()
2025/10/23 18:37:55.841 [T:0xab23a] [DisplayControl] Enter MCCSOtherSet::GetVCP(), vcp code = 20
2025/10/23 18:37:55.922 [T:0xab23a] [DisplayControl] Exit MCCSOtherSet::GetVCP()
2025/10/23 18:37:56.641 [T:0xab23a] [DisplayControl] Enter MCCSOtherSet::GetVCP(), vcp code = 18
2025/10/23 18:37:56.723 [T:0xab23a] [DisplayControl] Exit MCCSOtherSet::GetVCP()
2025/10/23 18:37:57.441 [T:0xab23a] [DisplayControl] Enter MCCSOtherSet::GetVCP(), vcp code = 16
2025/10/23 18:37:57.523 [T:0xab23a] [DisplayControl] Exit MCCSOtherSet::GetVCP()
2025/10/23 18:39:41.556 [T:0x4ebc5] [DisplayControl] Enter MCCSOtherSet::SetVCP(), vcp code = 20
2025/10/23 18:39:41.761 [T:0x4ebc5] [DisplayControl] Exit MCCSOtherSet::SetVCP()
2025/10/23 18:39:42.370 [T:0x4ebc5] [DisplayControl] Enter MCCSOtherSet::GetVCP(), vcp code = 135
2025/10/23 18:39:42.451 [T:0x4ebc5] [DisplayControl] Exit MCCSOtherSet::GetVCP()
2025/10/23 18:39:43.170 [T:0x4ebc5] [DisplayControl] Enter MCCSOtherSet::GetVCP(), vcp code = 20
2025/10/23 18:39:43.252 [T:0x4ebc5] [DisplayControl] Exit MCCSOtherSet::GetVCP()
2025/10/23 18:39:43.970 [T:0x4ebc5] [DisplayControl] Enter MCCSOtherSet::GetVCP(), vcp code = 18
2025/10/23 18:39:44.052 [T:0x4ebc5] [DisplayControl] Exit MCCSOtherSet::GetVCP()
2025/10/23 18:39:44.771 [T:0x4ebc5] [DisplayControl] Enter MCCSOtherSet::GetVCP(), vcp code = 16
2025/10/23 18:39:44.852 [T:0x4ebc5] [DisplayControl] Exit MCCSOtherSet::GetVCP()
2025/10/23 18:41:28.924 [T:0xcd714] [DisplayControl] Enter MCCSOtherSet::SetVCP(), vcp code = 20
2025/10/23 18:41:29.145 [T:0xcd714] [DisplayControl] Exit MCCSOtherSet::SetVCP()
2025/10/23 18:41:29.754 [T:0xcd714] [DisplayControl] Enter MCCSOtherSet::GetVCP(), vcp code = 135
2025/10/23 18:41:29.836 [T:0xcd714] [DisplayControl] Exit MCCSOtherSet::GetVCP()
2025/10/23 18:41:30.554 [T:0xcd714] [DisplayControl] Enter MCCSOtherSet::GetVCP(), vcp code = 20
2025/10/23 18:41:30.636 [T:0xcd714] [DisplayControl] Exit MCCSOtherSet::GetVCP()
2025/10/23 18:41:31.354 [T:0xcd714] [DisplayControl] Enter MCCSOtherSet::GetVCP(), vcp code = 18
2025/10/23 18:41:31.436 [T:0xcd714] [DisplayControl] Exit MCCSOtherSet::GetVCP()
2025/10/23 18:41:32.154 [T:0xcd714] [DisplayControl] Enter MCCSOtherSet::GetVCP(), vcp code = 16
2025/10/23 18:41:32.237 [T:0xcd714] [DisplayControl] Exit MCCSOtherSet::GetVCP()
2025/10/23 18:43:16.251 [T:0x353f4] [DisplayControl] Enter MCCSOtherSet::SetVCP(), vcp code = 20
2025/10/23 18:43:16.456 [T:0x353f4] [DisplayControl] Exit MCCSOtherSet::SetVCP()
2025/10/23 18:43:17.065 [T:0x353f4] [DisplayControl] Enter MCCSOtherSet::GetVCP(), vcp code = 135
2025/10/23 18:43:17.147 [T:0x353f4] [DisplayControl] Exit MCCSOtherSet::GetVCP()
2025/10/23 18:43:17.865 [T:0x353f4] [DisplayControl] Enter MCCSOtherSet::GetVCP(), vcp code = 20
2025/10/23 18:43:17.947 [T:0x353f4] [DisplayControl] Exit MCCSOtherSet::GetVCP()
2025/10/23 18:43:18.665 [T:0x353f4] [DisplayControl] Enter MCCSOtherSet::GetVCP(), vcp code = 18
2025/10/23 18:43:18.748 [T:0x353f4] [DisplayControl] Exit MCCSOtherSet::GetVCP()
2025/10/23 18:43:19.466 [T:0x353f4] [DisplayControl] Enter MCCSOtherSet::GetVCP(), vcp code = 16
2025/10/23 18:43:19.548 [T:0x353f4] [DisplayControl] Exit MCCSOtherSet::GetVCP()
2025/10/23 18:45:20.542 [T:0x61bdd] [DisplayControl] Enter MCCSOtherSet::SetVCP(), vcp code = 4
2025/10/23 18:45:21.479 [T:0x61bdd] [DisplayControl] Exit MCCSOtherSet::SetVCP()
2025/10/23 18:45:26.591 [T:0x61bdd] [DisplayControl] Enter OperationThread::ExitThread
2025/10/23 18:45:26.591 [T:0x61bdd] [DisplayControl] Exit OperationThread::ExitThread
2025/10/23 18:45:26.591 [T:0x61bdd] [DisplayControl] Enter OperationThread::~OperationThread()
2025/10/23 18:45:26.591 [T:0x61bdd] [DisplayControl] Enter OperationThread::ExitThread
2025/10/23 18:45:26.591 [T:0x61bdd] [DisplayControl] Enter OperationThread::ExitThread
2025/10/23 18:45:26.591 [T:0x61bdd] [DisplayControl] Exit OperationThread::ExitThread
2025/10/23 18:45:26.591 [T:0x61bdd] [DisplayControl] Enter OperationThread::~OperationThread()
2025/10/23 18:45:26.591 [T:0x61bdd] [DisplayControl] Enter OperationThread::ExitThread
2025/10/23 18:45:26.615 [T:0x61bdd] [DbgStr] After calling display_control_client_listener_video_port_.UpdateAllDisplayPath()
2025/10/23 18:45:26.631 [T:0x61bdd] [DbgStr] After calling display_control_client_listener_.GetAllDisplayEDID()
2025/10/23 18:45:26.634 [T:0x61bdd] [DisplayControl] Version = 3.0.6.0
2025/10/23 18:45:26.634 [T:0x61bdd] [DisplayControl] Enter ObtainControlHandler1
2025/10/23 18:45:26.634 [T:0x61bdd] [DisplayControl] GetVideoPortCommander
2025/10/23 18:45:26.634 [T:0x61bdd] [DisplayControl] GetUSBHubCommander
2025/10/23 18:45:26.634 [T:0x61bdd] ====== List p_lpo_display_info_video_port, # of devices is ======2
2025/10/23 18:45:26.634 [T:0x61bdd] [DisplayControl] index of p_lpo_display_info_video_port0
2025/10/23 18:45:26.634 [T:0x61bdd] [DisplayControl] Model name from VideoPort = VG2458
2025/10/23 18:45:26.634 [T:0x61bdd] [DisplayControl] SN from VideoPort = YDJ243400006
2025/10/23 18:45:26.634 [T:0x61bdd] [DisplayControl] index of p_lpo_display_info_video_port1
2025/10/23 18:45:26.634 [T:0x61bdd] [DisplayControl] Model name from VideoPort = VG275
2025/10/23 18:45:26.634 [T:0x61bdd] [DisplayControl] SN from VideoPort = XF6232400003
2025/10/23 18:45:26.634 [T:0x61bdd] ====== List p_lpo_display_info_rtd_scalar_rts_hub, # of devices is ======0
2025/10/23 18:45:26.634 [T:0x61bdd] [DisplayControl] GetVSRtkHubControlClientListener
2025/10/23 18:45:26.634 [T:0x61bdd] [DisplayControl] max monitor count = 2
2025/10/23 18:45:26.634 [T:0x61bdd] [DisplayControl] index of display_info_vec = 0
2025/10/23 18:45:26.634 [T:0x61bdd] [DisplayControl] index of p_lpo_display_info_video_port = 0
2025/10/23 18:45:26.634 [T:0x61bdd] [DisplayControl] VideoPortMatchingRule
2025/10/23 18:45:26.634 [T:0x61bdd] [DisplayControl] monitor display_info_model_name = VG2458
2025/10/23 18:45:26.634 [T:0x61bdd] [DisplayControl] monitor video_port_model_name = VG2458
2025/10/23 18:45:26.634 [T:0x61bdd] [DisplayControl] monitor display_info_sn = YDJ243400006
2025/10/23 18:45:26.634 [T:0x61bdd] [DisplayControl] monitor video_port_sn = YDJ243400006
2025/10/23 18:45:26.634 [T:0x61bdd] [DisplayControl] model_name_match = 1
2025/10/23 18:45:26.634 [T:0x61bdd] [DisplayControl] sn_match = 1
2025/10/23 18:45:26.634 [T:0x61bdd] [DisplayControl] video_port is_match = 1
2025/10/23 18:45:26.635 [T:0x61bdd] [DisplayControl] index of display_info_vec = 1
2025/10/23 18:45:26.635 [T:0x61bdd] [DisplayControl] index of p_lpo_display_info_video_port = 0
2025/10/23 18:45:26.635 [T:0x61bdd] [DisplayControl] VideoPortMatchingRule
2025/10/23 18:45:26.635 [T:0x61bdd] [DisplayControl] monitor display_info_model_name = VG275
2025/10/23 18:45:26.635 [T:0x61bdd] [DisplayControl] monitor video_port_model_name = VG2458
2025/10/23 18:45:26.635 [T:0x61bdd] [DisplayControl] monitor display_info_sn = XF6232400003
2025/10/23 18:45:26.635 [T:0x61bdd] [DisplayControl] monitor video_port_sn = YDJ243400006
2025/10/23 18:45:26.635 [T:0x61bdd] [DisplayControl] model_name_match = 0
2025/10/23 18:45:26.635 [T:0x61bdd] [DisplayControl] sn_match = 0
2025/10/23 18:45:26.635 [T:0x61bdd] [DisplayControl] video_port is_match = 0
2025/10/23 18:45:26.635 [T:0x61bdd] [DisplayControl] index of display_info_vec = 1
2025/10/23 18:45:26.635 [T:0x61bdd] [DisplayControl] index of p_lpo_display_info_video_port = 1
2025/10/23 18:45:26.635 [T:0x61bdd] [DisplayControl] VideoPortMatchingRule
2025/10/23 18:45:26.635 [T:0x61bdd] [DisplayControl] monitor display_info_model_name = VG275
2025/10/23 18:45:26.635 [T:0x61bdd] [DisplayControl] monitor video_port_model_name = VG275
2025/10/23 18:45:26.635 [T:0x61bdd] [DisplayControl] monitor display_info_sn = XF6232400003
2025/10/23 18:45:26.635 [T:0x61bdd] [DisplayControl] monitor video_port_sn = XF6232400003
2025/10/23 18:45:26.635 [T:0x61bdd] [DisplayControl] model_name_match = 1
2025/10/23 18:45:26.635 [T:0x61bdd] [DisplayControl] sn_match = 1
2025/10/23 18:45:26.635 [T:0x61bdd] [DisplayControl] video_port is_match = 1
2025/10/23 18:45:26.635 [T:0x61bdd] [DisplayControl] i = 0
2025/10/23 18:45:26.635 [T:0x61bdd] [DisplayControl] Enter OperationThread::OperationThread()
2025/10/23 18:45:26.635 [T:0x61bdd] [DisplayControl] Enter OperationThread::CreateThread
2025/10/23 18:45:26.635 [T:0x61bdd] [DisplayControl] new DisplayFunctioner
2025/10/23 18:45:26.635 [T:0x61bdd] [DisplayControl] insert displayer_vector
2025/10/23 18:45:26.636 [T:0x61bdd] [DisplayControl] insert modelName_SN_to_Display_map
2025/10/23 18:45:26.636 [T:0x61bdd] [DisplayControl] insert device_id_to_Displayer_map_
2025/10/23 18:45:26.636 [T:0x61bdd] [DisplayControl] i = 1
2025/10/23 18:45:26.636 [T:0x61bdd] [DisplayControl] Enter OperationThread::OperationThread()
2025/10/23 18:45:26.636 [T:0x61bdd] [DisplayControl] Enter OperationThread::CreateThread
2025/10/23 18:45:26.636 [T:0x61bdd] [DisplayControl] new DisplayFunctioner
2025/10/23 18:45:26.636 [T:0x61bdd] [DisplayControl] insert displayer_vector
2025/10/23 18:45:26.636 [T:0x61bdd] [DisplayControl] insert modelName_SN_to_Display_map
2025/10/23 18:45:26.636 [T:0x61bdd] [DisplayControl] insert device_id_to_Displayer_map_
2025/10/23 18:45:26.636 [T:0x61bdd] [DisplayControl] monitor size = 2
2025/10/23 18:45:26.636 [T:0x61bdd] [DisplayControl] Exit ObtainControlHandler
2025/10/23 18:45:26.636 [T:0x61bdd] [DisplayControl] Enter MCCSOtherSet::GetVCP(), vcp code = 16
2025/10/23 18:45:26.719 [T:0x61bdd] [DisplayControl] Exit MCCSOtherSet::GetVCP()
2025/10/23 18:45:26.719 [T:0x61bdd] [DisplayControl] Enter MCCSOtherSet::GetVCP(), vcp code = 135
2025/10/23 18:45:26.860 [T:0x61bdd] [DisplayControl] Exit MCCSOtherSet::GetVCP()
2025/10/23 18:45:26.966 [T:0x61bdd] [DisplayControl] Enter MCCSOtherSet::GetVCP(), vcp code = 98
2025/10/23 18:45:27.049 [T:0x61bdd] [DisplayControl] Exit MCCSOtherSet::GetVCP()
2025/10/23 18:45:27.155 [T:0x61bdd] [DisplayControl] Enter MCCSOtherSet::GetVCP(), vcp code = 20
2025/10/23 18:45:27.237 [T:0x61bdd] [DisplayControl] Exit MCCSOtherSet::GetVCP()
2025/10/23 18:45:27.343 [T:0x61bdd] [DisplayControl] Enter MCCSOtherSet::GetVCP(), vcp code = 225
2025/10/23 18:45:27.425 [T:0x61bdd] [DisplayControl] Exit MCCSOtherSet::GetVCP()
2025/10/23 18:45:27.532 [T:0x61bdd] [DisplayControl] Enter MCCSOtherSet::GetVCP(), vcp code = 18
2025/10/23 18:45:27.614 [T:0x61bdd] [DisplayControl] Exit MCCSOtherSet::GetVCP()
2025/10/23 18:45:27.720 [T:0x61bdd] [DisplayControl] Enter MCCSOtherSet::GetVCP(), vcp code = 96
2025/10/23 18:45:27.802 [T:0x61bdd] [DisplayControl] Exit MCCSOtherSet::GetVCP()
2025/10/23 18:45:27.908 [T:0x61bdd] [DisplayControl] Enter MCCSOtherSet::GetVCP(), vcp code = 220
2025/10/23 18:45:27.990 [T:0x61bdd] [DisplayControl] Exit MCCSOtherSet::GetVCP()
2025/10/23 18:45:28.097 [T:0x61bdd] [DisplayControl] Enter MCCSOtherSet::GetVCP(), vcp code = 4
2025/10/23 18:45:28.179 [T:0x61bdd] [DisplayControl] Exit MCCSOtherSet::GetVCP()
2025/10/23 18:45:28.285 [T:0x61bdd] [DisplayControl] Enter MCCSOtherSet::GetVCP(), vcp code = 43
2025/10/23 18:45:28.368 [T:0x61bdd] [DisplayControl] Exit MCCSOtherSet::GetVCP()
2025/10/23 18:45:28.473 [T:0x61bdd] [DisplayControl] Enter MCCSOtherSet::GetVCP(), vcp code = 245
2025/10/23 18:45:28.556 [T:0x61bdd] [DisplayControl] Exit MCCSOtherSet::GetVCP()
2025/10/23 18:45:28.662 [T:0x61bdd] [DisplayControl] Enter MCCSOtherSet::GetVCP(), vcp code = 51
2025/10/23 18:45:28.744 [T:0x61bdd] [DisplayControl] Exit MCCSOtherSet::GetVCP()
2025/10/23 18:45:28.850 [T:0x61bdd] [DisplayControl] Enter MCCSOtherSet::GetVCP(), vcp code = 16
2025/10/23 18:45:28.932 [T:0x61bdd] [DisplayControl] Exit MCCSOtherSet::GetVCP()
2025/10/23 18:45:28.970 [T:0x900ad] [DisplayControl] Enter MCCSOtherSet::GetVCP(), vcp code = 96
2025/10/23 18:45:29.039 [T:0x61bdd] [DisplayControl] Enter MCCSOtherSet::GetVCP(), vcp code = 97
2025/10/23 18:45:29.083 [T:0x900ad] [DisplayControl] Exit MCCSOtherSet::GetVCP()
2025/10/23 18:45:29.256 [T:0x61bdd] [DisplayControl] Exit MCCSOtherSet::GetVCP()
2025/10/23 18:45:29.357 [T:0x61bdd] [DisplayControl] Enter MCCSOtherSet::GetVCP(), vcp code = 141
2025/10/23 18:45:29.536 [T:0x61bdd] [DisplayControl] Exit MCCSOtherSet::GetVCP()
2025/10/23 18:45:29.655 [T:0x61bdd] [DisplayControl] Enter MCCSOtherSet::GetVCP(), vcp code = 135
2025/10/23 18:45:29.771 [T:0x61bdd] [DisplayControl] Exit MCCSOtherSet::GetVCP()
2025/10/23 18:45:29.874 [T:0x61bdd] [DisplayControl] Enter MCCSOtherSet::GetVCP(), vcp code = 98
2025/10/23 18:45:29.960 [T:0x61bdd] [DisplayControl] Exit MCCSOtherSet::GetVCP()
2025/10/23 18:45:30.062 [T:0x61bdd] [DisplayControl] Enter MCCSOtherSet::GetVCP(), vcp code = 225
2025/10/23 18:45:30.148 [T:0x61bdd] [DisplayControl] Exit MCCSOtherSet::GetVCP()
2025/10/23 18:45:30.250 [T:0x61bdd] [DisplayControl] Enter MCCSOtherSet::GetVCP(), vcp code = 18
2025/10/23 18:45:30.336 [T:0x61bdd] [DisplayControl] Exit MCCSOtherSet::GetVCP()
2025/10/23 18:45:30.438 [T:0x61bdd] [DisplayControl] Enter MCCSOtherSet::GetVCP(), vcp code = 96
2025/10/23 18:45:30.524 [T:0x61bdd] [DisplayControl] Exit MCCSOtherSet::GetVCP()
2025/10/23 18:45:30.627 [T:0x61bdd] [DisplayControl] Enter MCCSOtherSet::GetVCP(), vcp code = 236
2025/10/23 18:45:30.712 [T:0x61bdd] [DisplayControl] Exit MCCSOtherSet::GetVCP()
2025/10/23 18:45:30.814 [T:0x61bdd] [DisplayControl] Enter MCCSOtherSet::GetVCP(), vcp code = 220
2025/10/23 18:45:30.900 [T:0x61bdd] [DisplayControl] Exit MCCSOtherSet::GetVCP()
2025/10/23 18:45:31.003 [T:0x61bdd] [DisplayControl] Enter MCCSOtherSet::GetVCP(), vcp code = 4
2025/10/23 18:45:31.088 [T:0x61bdd] [DisplayControl] Exit MCCSOtherSet::GetVCP()
2025/10/23 18:45:31.191 [T:0x61bdd] [DisplayControl] Enter MCCSOtherSet::GetVCP(), vcp code = 43
2025/10/23 18:45:31.277 [T:0x61bdd] [DisplayControl] Exit MCCSOtherSet::GetVCP()
2025/10/23 18:45:31.379 [T:0x61bdd] [DisplayControl] Enter MCCSOtherSet::GetVCP(), vcp code = 51
2025/10/23 18:45:31.464 [T:0x61bdd] [DisplayControl] Exit MCCSOtherSet::GetVCP()
2025/10/23 18:45:31.567 [T:0x61bdd] [DisplayControl] Enter MCCSOtherSet::GetVCP(), vcp code = 16
2025/10/23 18:45:31.653 [T:0x61bdd] [DisplayControl] Exit MCCSOtherSet::GetVCP()
2025/10/23 18:45:31.756 [T:0x61bdd] [DisplayControl] Enter MCCSOtherSet::GetVCP(), vcp code = 97
2025/10/23 18:45:31.841 [T:0x61bdd] [DisplayControl] Exit MCCSOtherSet::GetVCP()
2025/10/23 18:45:31.944 [T:0x61bdd] [DisplayControl] Enter MCCSOtherSet::GetVCP(), vcp code = 226
2025/10/23 18:45:32.029 [T:0x61bdd] [DisplayControl] Exit MCCSOtherSet::GetVCP()
2025/10/23 18:45:32.132 [T:0x61bdd] [DisplayControl] Enter MCCSOtherSet::GetVCP(), vcp code = 141
2025/10/23 18:45:32.218 [T:0x61bdd] [DisplayControl] Exit MCCSOtherSet::GetVCP()
2025/10/23 18:46:37.959 [T:0x900ad] [DisplayControl] Enter MCCSOtherSet::GetVCP(), vcp code = 96
2025/10/23 18:46:38.067 [T:0x900ad] [DisplayControl] Exit MCCSOtherSet::GetVCP()
2025/10/23 18:46:38.328 [T:0x05d78] [DisplayControl] Enter MCCSOtherSet::GetVCP(), vcp code = 135
2025/10/23 18:46:38.435 [T:0x05d78] [DisplayControl] Exit MCCSOtherSet::GetVCP()
2025/10/23 18:46:38.549 [T:0x05d78] [DisplayControl] Enter MCCSOtherSet::GetVCP(), vcp code = 98
2025/10/23 18:46:38.650 [T:0x05d78] [DisplayControl] Exit MCCSOtherSet::GetVCP()
2025/10/23 18:46:38.752 [T:0x05d78] [DisplayControl] Enter MCCSOtherSet::GetVCP(), vcp code = 225
2025/10/23 18:46:38.838 [T:0x05d78] [DisplayControl] Exit MCCSOtherSet::GetVCP()
2025/10/23 18:46:38.941 [T:0x05d78] [DisplayControl] Enter MCCSOtherSet::GetVCP(), vcp code = 18
2025/10/23 18:46:39.026 [T:0x05d78] [DisplayControl] Exit MCCSOtherSet::GetVCP()
2025/10/23 18:46:39.129 [T:0x05d78] [DisplayControl] Enter MCCSOtherSet::GetVCP(), vcp code = 96
2025/10/23 18:46:39.215 [T:0x05d78] [DisplayControl] Exit MCCSOtherSet::GetVCP()
2025/10/23 18:46:39.317 [T:0x05d78] [DisplayControl] Enter MCCSOtherSet::GetVCP(), vcp code = 236
2025/10/23 18:46:39.404 [T:0x05d78] [DisplayControl] Exit MCCSOtherSet::GetVCP()
2025/10/23 18:46:39.505 [T:0x05d78] [DisplayControl] Enter MCCSOtherSet::GetVCP(), vcp code = 220
2025/10/23 18:46:39.591 [T:0x05d78] [DisplayControl] Exit MCCSOtherSet::GetVCP()
2025/10/23 18:46:39.694 [T:0x05d78] [DisplayControl] Enter MCCSOtherSet::GetVCP(), vcp code = 4
2025/10/23 18:46:39.779 [T:0x05d78] [DisplayControl] Exit MCCSOtherSet::GetVCP()
2025/10/23 18:46:39.881 [T:0x05d78] [DisplayControl] Enter MCCSOtherSet::GetVCP(), vcp code = 43
2025/10/23 18:46:39.967 [T:0x05d78] [DisplayControl] Exit MCCSOtherSet::GetVCP()
2025/10/23 18:46:40.070 [T:0x05d78] [DisplayControl] Enter MCCSOtherSet::GetVCP(), vcp code = 51
2025/10/23 18:46:40.155 [T:0x05d78] [DisplayControl] Exit MCCSOtherSet::GetVCP()
2025/10/23 18:46:40.258 [T:0x05d78] [DisplayControl] Enter MCCSOtherSet::GetVCP(), vcp code = 16
2025/10/23 18:46:40.344 [T:0x05d78] [DisplayControl] Exit MCCSOtherSet::GetVCP()
2025/10/23 18:46:40.447 [T:0x05d78] [DisplayControl] Enter MCCSOtherSet::GetVCP(), vcp code = 97
2025/10/23 18:46:40.533 [T:0x05d78] [DisplayControl] Exit MCCSOtherSet::GetVCP()
2025/10/23 18:46:40.635 [T:0x05d78] [DisplayControl] Enter MCCSOtherSet::GetVCP(), vcp code = 226
2025/10/23 18:46:40.721 [T:0x05d78] [DisplayControl] Exit MCCSOtherSet::GetVCP()
2025/10/23 18:46:40.823 [T:0x05d78] [DisplayControl] Enter MCCSOtherSet::GetVCP(), vcp code = 141
2025/10/23 18:46:40.909 [T:0x05d78] [DisplayControl] Exit MCCSOtherSet::GetVCP()
2025/10/23 18:46:54.883 [T:0x05d78] [DisplayControl] Enter MCCSOtherSet::SetVCP(), vcp code = 4
2025/10/23 18:46:55.824 [T:0x05d78] [DisplayControl] Exit MCCSOtherSet::SetVCP()
2025/10/23 18:47:00.948 [T:0x05d78] [DisplayControl] Enter OperationThread::ExitThread
2025/10/23 18:47:00.949 [T:0x05d78] [DisplayControl] Exit OperationThread::ExitThread
2025/10/23 18:47:00.949 [T:0x05d78] [DisplayControl] Enter OperationThread::~OperationThread()
2025/10/23 18:47:00.949 [T:0x05d78] [DisplayControl] Enter OperationThread::ExitThread
2025/10/23 18:47:00.949 [T:0x05d78] [DisplayControl] Enter OperationThread::ExitThread
2025/10/23 18:47:00.949 [T:0x05d78] [DisplayControl] Exit OperationThread::ExitThread
2025/10/23 18:47:00.949 [T:0x05d78] [DisplayControl] Enter OperationThread::~OperationThread()
2025/10/23 18:47:00.949 [T:0x05d78] [DisplayControl] Enter OperationThread::ExitThread
2025/10/23 18:47:00.972 [T:0x05d78] [DbgStr] After calling display_control_client_listener_video_port_.UpdateAllDisplayPath()
2025/10/23 18:47:00.989 [T:0x05d78] [DbgStr] After calling display_control_client_listener_.GetAllDisplayEDID()
2025/10/23 18:47:00.990 [T:0x05d78] [DisplayControl] Version = 3.0.6.0
2025/10/23 18:47:00.991 [T:0x05d78] [DisplayControl] Enter ObtainControlHandler1
2025/10/23 18:47:00.991 [T:0x05d78] [DisplayControl] GetVideoPortCommander
2025/10/23 18:47:00.991 [T:0x05d78] [DisplayControl] GetUSBHubCommander
2025/10/23 18:47:00.991 [T:0x05d78] ====== List p_lpo_display_info_video_port, # of devices is ======2
2025/10/23 18:47:00.991 [T:0x05d78] [DisplayControl] index of p_lpo_display_info_video_port0
2025/10/23 18:47:00.991 [T:0x05d78] [DisplayControl] Model name from VideoPort = VG2458
2025/10/23 18:47:00.991 [T:0x05d78] [DisplayControl] SN from VideoPort = YDJ243400006
2025/10/23 18:47:00.991 [T:0x05d78] [DisplayControl] index of p_lpo_display_info_video_port1
2025/10/23 18:47:00.991 [T:0x05d78] [DisplayControl] Model name from VideoPort = VG275
2025/10/23 18:47:00.991 [T:0x05d78] [DisplayControl] SN from VideoPort = XF6232400003
2025/10/23 18:47:00.991 [T:0x05d78] ====== List p_lpo_display_info_rtd_scalar_rts_hub, # of devices is ======0
2025/10/23 18:47:00.991 [T:0x05d78] [DisplayControl] GetVSRtkHubControlClientListener
2025/10/23 18:47:00.991 [T:0x05d78] [DisplayControl] max monitor count = 2
2025/10/23 18:47:00.991 [T:0x05d78] [DisplayControl] index of display_info_vec = 0
2025/10/23 18:47:00.991 [T:0x05d78] [DisplayControl] index of p_lpo_display_info_video_port = 0
2025/10/23 18:47:00.991 [T:0x05d78] [DisplayControl] VideoPortMatchingRule
2025/10/23 18:47:00.991 [T:0x05d78] [DisplayControl] monitor display_info_model_name = VG2458
2025/10/23 18:47:00.991 [T:0x05d78] [DisplayControl] monitor video_port_model_name = VG2458
2025/10/23 18:47:00.991 [T:0x05d78] [DisplayControl] monitor display_info_sn = YDJ243400006
2025/10/23 18:47:00.991 [T:0x05d78] [DisplayControl] monitor video_port_sn = YDJ243400006
2025/10/23 18:47:00.991 [T:0x05d78] [DisplayControl] model_name_match = 1
2025/10/23 18:47:00.991 [T:0x05d78] [DisplayControl] sn_match = 1
2025/10/23 18:47:00.991 [T:0x05d78] [DisplayControl] video_port is_match = 1
2025/10/23 18:47:00.991 [T:0x05d78] [DisplayControl] index of display_info_vec = 1
2025/10/23 18:47:00.991 [T:0x05d78] [DisplayControl] index of p_lpo_display_info_video_port = 0
2025/10/23 18:47:00.991 [T:0x05d78] [DisplayControl] VideoPortMatchingRule
2025/10/23 18:47:00.991 [T:0x05d78] [DisplayControl] monitor display_info_model_name = VG275
2025/10/23 18:47:00.992 [T:0x05d78] [DisplayControl] monitor video_port_model_name = VG2458
2025/10/23 18:47:00.992 [T:0x05d78] [DisplayControl] monitor display_info_sn = XF6232400003
2025/10/23 18:47:00.992 [T:0x05d78] [DisplayControl] monitor video_port_sn = YDJ243400006
2025/10/23 18:47:00.992 [T:0x05d78] [DisplayControl] model_name_match = 0
2025/10/23 18:47:00.992 [T:0x05d78] [DisplayControl] sn_match = 0
2025/10/23 18:47:00.992 [T:0x05d78] [DisplayControl] video_port is_match = 0
2025/10/23 18:47:00.992 [T:0x05d78] [DisplayControl] index of display_info_vec = 1
2025/10/23 18:47:00.992 [T:0x05d78] [DisplayControl] index of p_lpo_display_info_video_port = 1
2025/10/23 18:47:00.992 [T:0x05d78] [DisplayControl] VideoPortMatchingRule
2025/10/23 18:47:00.992 [T:0x05d78] [DisplayControl] monitor display_info_model_name = VG275
2025/10/23 18:47:00.992 [T:0x05d78] [DisplayControl] monitor video_port_model_name = VG275
2025/10/23 18:47:00.992 [T:0x05d78] [DisplayControl] monitor display_info_sn = XF6232400003
2025/10/23 18:47:00.992 [T:0x05d78] [DisplayControl] monitor video_port_sn = XF6232400003
2025/10/23 18:47:00.992 [T:0x05d78] [DisplayControl] model_name_match = 1
2025/10/23 18:47:00.992 [T:0x05d78] [DisplayControl] sn_match = 1
2025/10/23 18:47:00.992 [T:0x05d78] [DisplayControl] video_port is_match = 1
2025/10/23 18:47:00.992 [T:0x05d78] [DisplayControl] i = 0
2025/10/23 18:47:00.992 [T:0x05d78] [DisplayControl] Enter OperationThread::OperationThread()
2025/10/23 18:47:00.992 [T:0x05d78] [DisplayControl] Enter OperationThread::CreateThread
2025/10/23 18:47:00.992 [T:0x05d78] [DisplayControl] new DisplayFunctioner
2025/10/23 18:47:00.992 [T:0x05d78] [DisplayControl] insert displayer_vector
2025/10/23 18:47:00.992 [T:0x05d78] [DisplayControl] insert modelName_SN_to_Display_map
2025/10/23 18:47:00.992 [T:0x05d78] [DisplayControl] insert device_id_to_Displayer_map_
2025/10/23 18:47:00.992 [T:0x05d78] [DisplayControl] i = 1
2025/10/23 18:47:00.992 [T:0x05d78] [DisplayControl] Enter OperationThread::OperationThread()
2025/10/23 18:47:00.993 [T:0x05d78] [DisplayControl] Enter OperationThread::CreateThread
2025/10/23 18:47:00.993 [T:0x05d78] [DisplayControl] new DisplayFunctioner
2025/10/23 18:47:00.993 [T:0x05d78] [DisplayControl] insert displayer_vector
2025/10/23 18:47:00.993 [T:0x05d78] [DisplayControl] insert modelName_SN_to_Display_map
2025/10/23 18:47:00.993 [T:0x05d78] [DisplayControl] insert device_id_to_Displayer_map_
2025/10/23 18:47:00.993 [T:0x05d78] [DisplayControl] monitor size = 2
2025/10/23 18:47:00.993 [T:0x05d78] [DisplayControl] Exit ObtainControlHandler
2025/10/23 18:47:00.993 [T:0x05d78] [DisplayControl] Enter MCCSOtherSet::GetVCP(), vcp code = 16
2025/10/23 18:47:01.080 [T:0x05d78] [DisplayControl] Exit MCCSOtherSet::GetVCP()
2025/10/23 18:47:01.081 [T:0x05d78] [DisplayControl] Enter MCCSOtherSet::GetVCP(), vcp code = 135
2025/10/23 18:47:01.155 [T:0x05d78] [DisplayControl] Exit MCCSOtherSet::GetVCP()
2025/10/23 18:47:01.261 [T:0x05d78] [DisplayControl] Enter MCCSOtherSet::GetVCP(), vcp code = 98
2025/10/23 18:47:01.343 [T:0x05d78] [DisplayControl] Exit MCCSOtherSet::GetVCP()
2025/10/23 18:47:01.449 [T:0x05d78] [DisplayControl] Enter MCCSOtherSet::GetVCP(), vcp code = 20
2025/10/23 18:47:01.531 [T:0x05d78] [DisplayControl] Exit MCCSOtherSet::GetVCP()
2025/10/23 18:47:01.638 [T:0x05d78] [DisplayControl] Enter MCCSOtherSet::GetVCP(), vcp code = 225
2025/10/23 18:47:01.719 [T:0x05d78] [DisplayControl] Exit MCCSOtherSet::GetVCP()
2025/10/23 18:47:01.826 [T:0x05d78] [DisplayControl] Enter MCCSOtherSet::GetVCP(), vcp code = 18
2025/10/23 18:47:01.907 [T:0x05d78] [DisplayControl] Exit MCCSOtherSet::GetVCP()
2025/10/23 18:47:02.014 [T:0x05d78] [DisplayControl] Enter MCCSOtherSet::GetVCP(), vcp code = 96
2025/10/23 18:47:02.096 [T:0x05d78] [DisplayControl] Exit MCCSOtherSet::GetVCP()
2025/10/23 18:47:02.202 [T:0x05d78] [DisplayControl] Enter MCCSOtherSet::GetVCP(), vcp code = 220
2025/10/23 18:47:02.285 [T:0x05d78] [DisplayControl] Exit MCCSOtherSet::GetVCP()
2025/10/23 18:47:02.391 [T:0x05d78] [DisplayControl] Enter MCCSOtherSet::GetVCP(), vcp code = 4
2025/10/23 18:47:02.473 [T:0x05d78] [DisplayControl] Exit MCCSOtherSet::GetVCP()
2025/10/23 18:47:02.579 [T:0x05d78] [DisplayControl] Enter MCCSOtherSet::GetVCP(), vcp code = 43
2025/10/23 18:47:02.661 [T:0x05d78] [DisplayControl] Exit MCCSOtherSet::GetVCP()
2025/10/23 18:47:02.767 [T:0x05d78] [DisplayControl] Enter MCCSOtherSet::GetVCP(), vcp code = 245
2025/10/23 18:47:02.849 [T:0x05d78] [DisplayControl] Exit MCCSOtherSet::GetVCP()
2025/10/23 18:47:02.956 [T:0x05d78] [DisplayControl] Enter MCCSOtherSet::GetVCP(), vcp code = 51
2025/10/23 18:47:03.037 [T:0x05d78] [DisplayControl] Exit MCCSOtherSet::GetVCP()
2025/10/23 18:47:03.144 [T:0x05d78] [DisplayControl] Enter MCCSOtherSet::GetVCP(), vcp code = 16
2025/10/23 18:47:03.226 [T:0x05d78] [DisplayControl] Exit MCCSOtherSet::GetVCP()
2025/10/23 18:47:03.332 [T:0x05d78] [DisplayControl] Enter MCCSOtherSet::GetVCP(), vcp code = 97
2025/10/23 18:47:03.414 [T:0x05d78] [DisplayControl] Exit MCCSOtherSet::GetVCP()
2025/10/23 18:47:03.520 [T:0x05d78] [DisplayControl] Enter MCCSOtherSet::GetVCP(), vcp code = 141
2025/10/23 18:47:03.602 [T:0x05d78] [DisplayControl] Exit MCCSOtherSet::GetVCP()
2025/10/23 18:47:03.709 [T:0x05d78] [DisplayControl] Enter MCCSOtherSet::GetVCP(), vcp code = 135
2025/10/23 18:47:03.795 [T:0x05d78] [DisplayControl] Exit MCCSOtherSet::GetVCP()
2025/10/23 18:47:03.897 [T:0x05d78] [DisplayControl] Enter MCCSOtherSet::GetVCP(), vcp code = 98
2025/10/23 18:47:03.983 [T:0x05d78] [DisplayControl] Exit MCCSOtherSet::GetVCP()
2025/10/23 18:47:04.085 [T:0x05d78] [DisplayControl] Enter MCCSOtherSet::GetVCP(), vcp code = 225
2025/10/23 18:47:04.171 [T:0x05d78] [DisplayControl] Exit MCCSOtherSet::GetVCP()
2025/10/23 18:47:04.273 [T:0x05d78] [DisplayControl] Enter MCCSOtherSet::GetVCP(), vcp code = 18
2025/10/23 18:47:04.359 [T:0x05d78] [DisplayControl] Exit MCCSOtherSet::GetVCP()
2025/10/23 18:47:04.461 [T:0x05d78] [DisplayControl] Enter MCCSOtherSet::GetVCP(), vcp code = 96
2025/10/23 18:47:04.548 [T:0x05d78] [DisplayControl] Exit MCCSOtherSet::GetVCP()
2025/10/23 18:47:04.650 [T:0x05d78] [DisplayControl] Enter MCCSOtherSet::GetVCP(), vcp code = 236
2025/10/23 18:47:04.736 [T:0x05d78] [DisplayControl] Exit MCCSOtherSet::GetVCP()
2025/10/23 18:47:04.838 [T:0x05d78] [DisplayControl] Enter MCCSOtherSet::GetVCP(), vcp code = 220
2025/10/23 18:47:04.923 [T:0x05d78] [DisplayControl] Exit MCCSOtherSet::GetVCP()
2025/10/23 18:47:05.026 [T:0x05d78] [DisplayControl] Enter MCCSOtherSet::GetVCP(), vcp code = 4
2025/10/23 18:47:05.112 [T:0x05d78] [DisplayControl] Exit MCCSOtherSet::GetVCP()
2025/10/23 18:47:05.214 [T:0x05d78] [DisplayControl] Enter MCCSOtherSet::GetVCP(), vcp code = 43
2025/10/23 18:47:05.300 [T:0x05d78] [DisplayControl] Exit MCCSOtherSet::GetVCP()
2025/10/23 18:47:05.403 [T:0x05d78] [DisplayControl] Enter MCCSOtherSet::GetVCP(), vcp code = 51
2025/10/23 18:47:05.489 [T:0x05d78] [DisplayControl] Exit MCCSOtherSet::GetVCP()
2025/10/23 18:47:05.591 [T:0x05d78] [DisplayControl] Enter MCCSOtherSet::GetVCP(), vcp code = 16
2025/10/23 18:47:05.677 [T:0x05d78] [DisplayControl] Exit MCCSOtherSet::GetVCP()
2025/10/23 18:47:05.779 [T:0x05d78] [DisplayControl] Enter MCCSOtherSet::GetVCP(), vcp code = 97
2025/10/23 18:47:05.866 [T:0x05d78] [DisplayControl] Exit MCCSOtherSet::GetVCP()
2025/10/23 18:47:05.968 [T:0x05d78] [DisplayControl] Enter MCCSOtherSet::GetVCP(), vcp code = 226
2025/10/23 18:47:06.054 [T:0x05d78] [DisplayControl] Exit MCCSOtherSet::GetVCP()
2025/10/23 18:47:06.156 [T:0x05d78] [DisplayControl] Enter MCCSOtherSet::GetVCP(), vcp code = 141
2025/10/23 18:47:06.241 [T:0x05d78] [DisplayControl] Exit MCCSOtherSet::GetVCP()
