2025/10/07 05:01:39.027 [T:0x41649] [DisplayControl] Enter ObtainControlHandler1
2025/10/07 05:01:39.027 [T:0x41649] [DisplayControl] GetVideoPortCommander
2025/10/07 05:01:39.027 [T:0x41649] [DisplayControl] GetUSBHubCommander
2025/10/07 05:01:39.027 [T:0x41649] ====== List p_lpo_display_info_video_port, # of devices is ======2
2025/10/07 05:01:39.027 [T:0x41649] [DisplayControl] index of p_lpo_display_info_video_port0
2025/10/07 05:01:39.027 [T:0x41649] [DisplayControl] Model name from VideoPort = VG2458
2025/10/07 05:01:39.028 [T:0x41649] [DisplayControl] SN from VideoPort = YDJ243400006
2025/10/07 05:01:39.029 [T:0x41649] [DisplayControl] index of p_lpo_display_info_video_port1
2025/10/07 05:01:39.029 [T:0x41649] [DisplayControl] Model name from VideoPort = VG275
2025/10/07 05:01:39.029 [T:0x41649] [DisplayControl] SN from VideoPort = XF6232400003
2025/10/07 05:01:39.029 [T:0x41649] ====== List p_lpo_display_info_rtd_scalar_rts_hub, # of devices is ======0
2025/10/07 05:01:39.029 [T:0x41649] [DisplayControl] GetVSRtkHubControlClientListener
2025/10/07 05:01:39.030 [T:0x41649] [DisplayControl] max monitor count = 2
2025/10/07 05:01:39.030 [T:0x41649] [DisplayControl] index of display_info_vec = 0
2025/10/07 05:01:39.030 [T:0x41649] [DisplayControl] index of p_lpo_display_info_video_port = 0
2025/10/07 05:01:39.030 [T:0x41649] [DisplayControl] VideoPortMatchingRule
2025/10/07 05:01:39.030 [T:0x41649] [DisplayControl] monitor display_info_model_name = VG2458
2025/10/07 05:01:39.030 [T:0x41649] [DisplayControl] monitor video_port_model_name = VG2458
2025/10/07 05:01:39.030 [T:0x41649] [DisplayControl] monitor display_info_sn = YDJ243400006
2025/10/07 05:01:39.030 [T:0x41649] [DisplayControl] monitor video_port_sn = YDJ243400006
2025/10/07 05:01:39.030 [T:0x41649] [DisplayControl] model_name_match = 1
2025/10/07 05:01:39.030 [T:0x41649] [DisplayControl] sn_match = 1
2025/10/07 05:01:39.030 [T:0x41649] [DisplayControl] video_port is_match = 1
2025/10/07 05:01:39.030 [T:0x41649] [DisplayControl] index of display_info_vec = 1
2025/10/07 05:01:39.030 [T:0x41649] [DisplayControl] index of p_lpo_display_info_video_port = 0
2025/10/07 05:01:39.030 [T:0x41649] [DisplayControl] VideoPortMatchingRule
2025/10/07 05:01:39.031 [T:0x41649] [DisplayControl] monitor display_info_model_name = VG275
2025/10/07 05:01:39.031 [T:0x41649] [DisplayControl] monitor video_port_model_name = VG2458
2025/10/07 05:01:39.031 [T:0x41649] [DisplayControl] monitor display_info_sn = XF6232400003
2025/10/07 05:01:39.031 [T:0x41649] [DisplayControl] monitor video_port_sn = YDJ243400006
2025/10/07 05:01:39.031 [T:0x41649] [DisplayControl] model_name_match = 0
2025/10/07 05:01:39.031 [T:0x41649] [DisplayControl] sn_match = 0
2025/10/07 05:01:39.031 [T:0x41649] [DisplayControl] video_port is_match = 0
2025/10/07 05:01:39.031 [T:0x41649] [DisplayControl] index of display_info_vec = 1
2025/10/07 05:01:39.031 [T:0x41649] [DisplayControl] index of p_lpo_display_info_video_port = 1
2025/10/07 05:01:39.031 [T:0x41649] [DisplayControl] VideoPortMatchingRule
2025/10/07 05:01:39.031 [T:0x41649] [DisplayControl] monitor display_info_model_name = VG275
2025/10/07 05:01:39.031 [T:0x41649] [DisplayControl] monitor video_port_model_name = VG275
2025/10/07 05:01:39.031 [T:0x41649] [DisplayControl] monitor display_info_sn = XF6232400003
2025/10/07 05:01:39.031 [T:0x41649] [DisplayControl] monitor video_port_sn = XF6232400003
2025/10/07 05:01:39.032 [T:0x41649] [DisplayControl] model_name_match = 1
2025/10/07 05:01:39.032 [T:0x41649] [DisplayControl] sn_match = 1
2025/10/07 05:01:39.032 [T:0x41649] [DisplayControl] video_port is_match = 1
2025/10/07 05:01:39.032 [T:0x41649] [DisplayControl] i = 0
2025/10/07 05:01:39.032 [T:0x41649] [DisplayControl] Enter OperationThread::OperationThread()
2025/10/07 05:01:39.032 [T:0x41649] [DisplayControl] Enter OperationThread::CreateThread
2025/10/07 05:01:39.032 [T:0x41649] [DisplayControl] new DisplayFunctioner
2025/10/07 05:01:39.032 [T:0x41649] [DisplayControl] insert displayer_vector
2025/10/07 05:01:39.032 [T:0x41649] [DisplayControl] insert modelName_SN_to_Display_map
2025/10/07 05:01:39.032 [T:0x41649] [DisplayControl] insert device_id_to_Displayer_map_
2025/10/07 05:01:39.032 [T:0x41649] [DisplayControl] i = 1
2025/10/07 05:01:39.033 [T:0x41649] [DisplayControl] Enter OperationThread::OperationThread()
2025/10/07 05:01:39.033 [T:0x41649] [DisplayControl] Enter OperationThread::CreateThread
2025/10/07 05:01:39.033 [T:0x41649] [DisplayControl] new DisplayFunctioner
2025/10/07 05:01:39.033 [T:0x41649] [DisplayControl] insert displayer_vector
2025/10/07 05:01:39.033 [T:0x41649] [DisplayControl] insert modelName_SN_to_Display_map
2025/10/07 05:01:39.033 [T:0x41649] [DisplayControl] insert device_id_to_Displayer_map_
2025/10/07 05:01:39.033 [T:0x41649] [DisplayControl] monitor size = 2
2025/10/07 05:01:39.033 [T:0x41649] [DisplayControl] Exit ObtainControlHandler
2025/10/07 05:01:39.033 [T:0x41649] [DisplayControl] Enter MCCSOtherSet::GetVCP(), vcp code = 16
2025/10/07 05:01:39.127 [T:0x41649] [DisplayControl] Exit MCCSOtherSet::GetVCP()
2025/10/07 05:01:39.128 [T:0x41649] [DisplayControl] Enter MCCSOtherSet::GetVCP(), vcp code = 16
2025/10/07 05:01:39.247 [T:0x41649] [DisplayControl] Exit MCCSOtherSet::GetVCP()
2025/10/07 05:01:39.518 [T:0x41649] [DisplayControl] Enter MCCSOtherSet::SetVCP(), vcp code = 51
2025/10/07 05:01:39.736 [T:0x41649] [DisplayControl] Exit MCCSOtherSet::SetVCP()
2025/10/07 05:01:39.736 [T:0x41649] [DisplayControl] Enter MCCSOtherSet::SetVCP(), vcp code = 51
2025/10/07 05:01:39.904 [T:0x41649] [DisplayControl] Exit MCCSOtherSet::SetVCP()
2025/10/07 05:01:39.907 [T:0x41649] [DisplayControl] Enter MCCSOtherSet::GetVCP(), vcp code = 96
2025/10/07 05:01:40.055 [T:0x41649] [DisplayControl] Exit MCCSOtherSet::GetVCP()
2025/10/07 05:01:40.170 [T:0x41649] [DisplayControl] Enter MCCSOtherSet::GetVCP(), vcp code = 98
2025/10/07 05:01:40.321 [T:0x41649] [DisplayControl] Exit MCCSOtherSet::GetVCP()
2025/10/07 05:01:40.436 [T:0x41649] [DisplayControl] Enter MCCSOtherSet::GetVCP(), vcp code = 225
2025/10/07 05:01:40.571 [T:0x41649] [DisplayControl] Exit MCCSOtherSet::GetVCP()
2025/10/07 05:01:40.686 [T:0x41649] [DisplayControl] Enter MCCSOtherSet::GetVCP(), vcp code = 43
2025/10/07 05:01:40.773 [T:0x41649] [DisplayControl] Exit MCCSOtherSet::GetVCP()
2025/10/07 05:01:40.889 [T:0x41649] [DisplayControl] Enter MCCSOtherSet::GetVCP(), vcp code = 141
2025/10/07 05:01:41.009 [T:0x41649] [DisplayControl] Exit MCCSOtherSet::GetVCP()
2025/10/07 05:01:41.124 [T:0x41649] [DisplayControl] Enter MCCSOtherSet::GetVCP(), vcp code = 16
2025/10/07 05:01:41.251 [T:0x41649] [DisplayControl] Exit MCCSOtherSet::GetVCP()
2025/10/07 05:01:41.358 [T:0x41649] [DisplayControl] Enter MCCSOtherSet::GetVCP(), vcp code = 97
2025/10/07 05:01:41.439 [T:0x41649] [DisplayControl] Exit MCCSOtherSet::GetVCP()
2025/10/07 05:01:41.545 [T:0x41649] [DisplayControl] Enter MCCSOtherSet::GetVCP(), vcp code = 135
2025/10/07 05:01:41.627 [T:0x41649] [DisplayControl] Exit MCCSOtherSet::GetVCP()
2025/10/07 05:01:41.733 [T:0x41649] [DisplayControl] Enter MCCSOtherSet::GetVCP(), vcp code = 4
2025/10/07 05:01:41.836 [T:0x41649] [DisplayControl] Exit MCCSOtherSet::GetVCP()
2025/10/07 05:01:41.952 [T:0x41649] [DisplayControl] Enter MCCSOtherSet::GetVCP(), vcp code = 51
2025/10/07 05:01:42.072 [T:0x41649] [DisplayControl] Exit MCCSOtherSet::GetVCP()
2025/10/07 05:01:42.187 [T:0x41649] [DisplayControl] Enter MCCSOtherSet::GetVCP(), vcp code = 20
2025/10/07 05:01:42.337 [T:0x41649] [DisplayControl] Exit MCCSOtherSet::GetVCP()
2025/10/07 05:01:42.452 [T:0x41649] [DisplayControl] Enter MCCSOtherSet::GetVCP(), vcp code = 245
2025/10/07 05:01:42.571 [T:0x41649] [DisplayControl] Exit MCCSOtherSet::GetVCP()
2025/10/07 05:01:42.687 [T:0x41649] [DisplayControl] Enter MCCSOtherSet::GetVCP(), vcp code = 220
2025/10/07 05:01:42.807 [T:0x41649] [DisplayControl] Exit MCCSOtherSet::GetVCP()
2025/10/07 05:01:42.921 [T:0x41649] [DisplayControl] Enter MCCSOtherSet::GetVCP(), vcp code = 18
2025/10/07 05:01:43.056 [T:0x41649] [DisplayControl] Exit MCCSOtherSet::GetVCP()
2025/10/07 05:01:43.172 [T:0x41649] [DisplayControl] Enter MCCSOtherSet::GetVCP(), vcp code = 96
2025/10/07 05:01:43.296 [T:0x41649] [DisplayControl] Exit MCCSOtherSet::GetVCP()
2025/10/07 05:01:43.406 [T:0x41649] [DisplayControl] Enter MCCSOtherSet::GetVCP(), vcp code = 98
2025/10/07 05:01:43.545 [T:0x41649] [DisplayControl] Exit MCCSOtherSet::GetVCP()
2025/10/07 05:01:43.656 [T:0x41649] [DisplayControl] Enter MCCSOtherSet::GetVCP(), vcp code = 225
2025/10/07 05:01:43.741 [T:0x41649] [DisplayControl] Exit MCCSOtherSet::GetVCP()
2025/10/07 05:01:43.843 [T:0x41649] [DisplayControl] Enter MCCSOtherSet::GetVCP(), vcp code = 43
2025/10/07 05:01:43.983 [T:0x41649] [DisplayControl] Exit MCCSOtherSet::GetVCP()
2025/10/07 05:01:44.093 [T:0x41649] [DisplayControl] Enter MCCSOtherSet::GetVCP(), vcp code = 141
2025/10/07 05:01:44.230 [T:0x41649] [DisplayControl] Exit MCCSOtherSet::GetVCP()
2025/10/07 05:01:44.343 [T:0x41649] [DisplayControl] Enter MCCSOtherSet::GetVCP(), vcp code = 16
2025/10/07 05:01:44.477 [T:0x41649] [DisplayControl] Exit MCCSOtherSet::GetVCP()
2025/10/07 05:01:44.579 [T:0x41649] [DisplayControl] Enter MCCSOtherSet::GetVCP(), vcp code = 97
2025/10/07 05:01:44.703 [T:0x41649] [DisplayControl] Exit MCCSOtherSet::GetVCP()
2025/10/07 05:01:44.813 [T:0x41649] [DisplayControl] Enter MCCSOtherSet::GetVCP(), vcp code = 135
2025/10/07 05:01:44.954 [T:0x41649] [DisplayControl] Exit MCCSOtherSet::GetVCP()
2025/10/07 05:01:45.063 [T:0x41649] [DisplayControl] Enter MCCSOtherSet::GetVCP(), vcp code = 4
2025/10/07 05:01:45.188 [T:0x41649] [DisplayControl] Exit MCCSOtherSet::GetVCP()
2025/10/07 05:01:45.297 [T:0x41649] [DisplayControl] Enter MCCSOtherSet::GetVCP(), vcp code = 51
2025/10/07 05:01:45.438 [T:0x41649] [DisplayControl] Exit MCCSOtherSet::GetVCP()
2025/10/07 05:01:45.547 [T:0x41649] [DisplayControl] Enter MCCSOtherSet::GetVCP(), vcp code = 220
2025/10/07 05:01:45.673 [T:0x41649] [DisplayControl] Exit MCCSOtherSet::GetVCP()
2025/10/07 05:01:45.782 [T:0x41649] [DisplayControl] Enter MCCSOtherSet::GetVCP(), vcp code = 18
2025/10/07 05:01:45.923 [T:0x41649] [DisplayControl] Exit MCCSOtherSet::GetVCP()
2025/10/07 05:01:46.032 [T:0x41649] [DisplayControl] Enter MCCSOtherSet::GetVCP(), vcp code = 236
2025/10/07 05:01:46.174 [T:0x41649] [DisplayControl] Exit MCCSOtherSet::GetVCP()
2025/10/07 05:01:46.282 [T:0x41649] [DisplayControl] Enter MCCSOtherSet::GetVCP(), vcp code = 226
2025/10/07 05:01:46.423 [T:0x41649] [DisplayControl] Exit MCCSOtherSet::GetVCP()
2025/10/07 05:01:46.555 [T:0x41649] [DisplayControl] Enter MCCSOtherSet::GetVCP(), vcp code = 96
2025/10/07 05:01:46.667 [T:0x41649] [DisplayControl] Exit MCCSOtherSet::GetVCP()
2025/10/07 05:01:46.669 [T:0x41649] [DisplayControl] Enter MCCSOtherSet::GetVCP(), vcp code = 96
2025/10/07 05:01:46.798 [T:0x41649] [DisplayControl] Exit MCCSOtherSet::GetVCP()
2025/10/07 05:01:47.481 [T:0x19d6b] [DisplayControl] Enter MCCSOtherSet::SetVCP(), vcp code = 51
2025/10/07 05:01:47.637 [T:0x19d6b] [DisplayControl] Exit MCCSOtherSet::SetVCP()
2025/10/07 05:02:26.614 [T:0xf1a71] [DisplayControl] Enter MCCSOtherSet::SetVCP(), vcp code = 4
2025/10/07 05:02:27.559 [T:0xf1a71] [DisplayControl] Exit MCCSOtherSet::SetVCP()
2025/10/07 05:02:32.677 [T:0xf1a71] [DisplayControl] Enter OperationThread::ExitThread
2025/10/07 05:02:32.677 [T:0xf1a71] [DisplayControl] Exit OperationThread::ExitThread
2025/10/07 05:02:32.677 [T:0xf1a71] [DisplayControl] Enter OperationThread::~OperationThread()
2025/10/07 05:02:32.677 [T:0xf1a71] [DisplayControl] Enter OperationThread::ExitThread
2025/10/07 05:02:32.677 [T:0xf1a71] [DisplayControl] Enter OperationThread::ExitThread
2025/10/07 05:02:32.677 [T:0xf1a71] [DisplayControl] Exit OperationThread::ExitThread
2025/10/07 05:02:32.677 [T:0xf1a71] [DisplayControl] Enter OperationThread::~OperationThread()
2025/10/07 05:02:32.677 [T:0xf1a71] [DisplayControl] Enter OperationThread::ExitThread
2025/10/07 05:02:32.706 [T:0xf1a71] [DbgStr] After calling display_control_client_listener_video_port_.UpdateAllDisplayPath()
2025/10/07 05:02:32.727 [T:0xf1a71] [DbgStr] After calling display_control_client_listener_.GetAllDisplayEDID()
2025/10/07 05:02:32.729 [T:0xf1a71] [DisplayControl] Version = 3.0.6.0
2025/10/07 05:02:32.729 [T:0xf1a71] [DisplayControl] Enter ObtainControlHandler1
2025/10/07 05:02:32.729 [T:0xf1a71] [DisplayControl] GetVideoPortCommander
2025/10/07 05:02:32.729 [T:0xf1a71] [DisplayControl] GetUSBHubCommander
2025/10/07 05:02:32.729 [T:0xf1a71] ====== List p_lpo_display_info_video_port, # of devices is ======2
2025/10/07 05:02:32.729 [T:0xf1a71] [DisplayControl] index of p_lpo_display_info_video_port0
2025/10/07 05:02:32.729 [T:0xf1a71] [DisplayControl] Model name from VideoPort = VG2458
2025/10/07 05:02:32.729 [T:0xf1a71] [DisplayControl] SN from VideoPort = YDJ243400006
2025/10/07 05:02:32.730 [T:0xf1a71] [DisplayControl] index of p_lpo_display_info_video_port1
2025/10/07 05:02:32.730 [T:0xf1a71] [DisplayControl] Model name from VideoPort = VG275
2025/10/07 05:02:32.730 [T:0xf1a71] [DisplayControl] SN from VideoPort = XF6232400003
2025/10/07 05:02:32.730 [T:0xf1a71] ====== List p_lpo_display_info_rtd_scalar_rts_hub, # of devices is ======0
2025/10/07 05:02:32.730 [T:0xf1a71] [DisplayControl] GetVSRtkHubControlClientListener
2025/10/07 05:02:32.730 [T:0xf1a71] [DisplayControl] max monitor count = 2
2025/10/07 05:02:32.730 [T:0xf1a71] [DisplayControl] index of display_info_vec = 0
2025/10/07 05:02:32.730 [T:0xf1a71] [DisplayControl] index of p_lpo_display_info_video_port = 0
2025/10/07 05:02:32.730 [T:0xf1a71] [DisplayControl] VideoPortMatchingRule
2025/10/07 05:02:32.730 [T:0xf1a71] [DisplayControl] monitor display_info_model_name = VG2458
2025/10/07 05:02:32.730 [T:0xf1a71] [DisplayControl] monitor video_port_model_name = VG2458
2025/10/07 05:02:32.730 [T:0xf1a71] [DisplayControl] monitor display_info_sn = YDJ243400006
2025/10/07 05:02:32.730 [T:0xf1a71] [DisplayControl] monitor video_port_sn = YDJ243400006
2025/10/07 05:02:32.730 [T:0xf1a71] [DisplayControl] model_name_match = 1
2025/10/07 05:02:32.730 [T:0xf1a71] [DisplayControl] sn_match = 1
2025/10/07 05:02:32.730 [T:0xf1a71] [DisplayControl] video_port is_match = 1
2025/10/07 05:02:32.730 [T:0xf1a71] [DisplayControl] index of display_info_vec = 1
2025/10/07 05:02:32.730 [T:0xf1a71] [DisplayControl] index of p_lpo_display_info_video_port = 0
2025/10/07 05:02:32.730 [T:0xf1a71] [DisplayControl] VideoPortMatchingRule
2025/10/07 05:02:32.730 [T:0xf1a71] [DisplayControl] monitor display_info_model_name = VG275
2025/10/07 05:02:32.730 [T:0xf1a71] [DisplayControl] monitor video_port_model_name = VG2458
2025/10/07 05:02:32.730 [T:0xf1a71] [DisplayControl] monitor display_info_sn = XF6232400003
2025/10/07 05:02:32.730 [T:0xf1a71] [DisplayControl] monitor video_port_sn = YDJ243400006
2025/10/07 05:02:32.730 [T:0xf1a71] [DisplayControl] model_name_match = 0
2025/10/07 05:02:32.730 [T:0xf1a71] [DisplayControl] sn_match = 0
2025/10/07 05:02:32.730 [T:0xf1a71] [DisplayControl] video_port is_match = 0
2025/10/07 05:02:32.730 [T:0xf1a71] [DisplayControl] index of display_info_vec = 1
2025/10/07 05:02:32.730 [T:0xf1a71] [DisplayControl] index of p_lpo_display_info_video_port = 1
2025/10/07 05:02:32.731 [T:0xf1a71] [DisplayControl] VideoPortMatchingRule
2025/10/07 05:02:32.731 [T:0xf1a71] [DisplayControl] monitor display_info_model_name = VG275
2025/10/07 05:02:32.731 [T:0xf1a71] [DisplayControl] monitor video_port_model_name = VG275
2025/10/07 05:02:32.731 [T:0xf1a71] [DisplayControl] monitor display_info_sn = XF6232400003
2025/10/07 05:02:32.731 [T:0xf1a71] [DisplayControl] monitor video_port_sn = XF6232400003
2025/10/07 05:02:32.731 [T:0xf1a71] [DisplayControl] model_name_match = 1
2025/10/07 05:02:32.731 [T:0xf1a71] [DisplayControl] sn_match = 1
2025/10/07 05:02:32.731 [T:0xf1a71] [DisplayControl] video_port is_match = 1
2025/10/07 05:02:32.731 [T:0xf1a71] [DisplayControl] i = 0
2025/10/07 05:02:32.731 [T:0xf1a71] [DisplayControl] Enter OperationThread::OperationThread()
2025/10/07 05:02:32.731 [T:0xf1a71] [DisplayControl] Enter OperationThread::CreateThread
2025/10/07 05:02:32.731 [T:0xf1a71] [DisplayControl] new DisplayFunctioner
2025/10/07 05:02:32.731 [T:0xf1a71] [DisplayControl] insert displayer_vector
2025/10/07 05:02:32.731 [T:0xf1a71] [DisplayControl] insert modelName_SN_to_Display_map
2025/10/07 05:02:32.731 [T:0xf1a71] [DisplayControl] insert device_id_to_Displayer_map_
2025/10/07 05:02:32.731 [T:0xf1a71] [DisplayControl] i = 1
2025/10/07 05:02:32.731 [T:0xf1a71] [DisplayControl] Enter OperationThread::OperationThread()
2025/10/07 05:02:32.731 [T:0xf1a71] [DisplayControl] Enter OperationThread::CreateThread
2025/10/07 05:02:32.731 [T:0xf1a71] [DisplayControl] new DisplayFunctioner
2025/10/07 05:02:32.731 [T:0xf1a71] [DisplayControl] insert displayer_vector
2025/10/07 05:02:32.731 [T:0xf1a71] [DisplayControl] insert modelName_SN_to_Display_map
2025/10/07 05:02:32.731 [T:0xf1a71] [DisplayControl] insert device_id_to_Displayer_map_
2025/10/07 05:02:32.732 [T:0xf1a71] [DisplayControl] monitor size = 2
2025/10/07 05:02:32.732 [T:0xf1a71] [DisplayControl] Exit ObtainControlHandler
2025/10/07 05:02:32.732 [T:0xf1a71] [DisplayControl] Enter MCCSOtherSet::GetVCP(), vcp code = 16
2025/10/07 05:02:32.821 [T:0xf1a71] [DisplayControl] Exit MCCSOtherSet::GetVCP()
2025/10/07 05:02:32.821 [T:0xf1a71] [DisplayControl] Enter MCCSOtherSet::GetVCP(), vcp code = 96
2025/10/07 05:02:32.963 [T:0xf1a71] [DisplayControl] Exit MCCSOtherSet::GetVCP()
2025/10/07 05:02:33.071 [T:0xf1a71] [DisplayControl] Enter MCCSOtherSet::GetVCP(), vcp code = 98
2025/10/07 05:02:33.152 [T:0xf1a71] [DisplayControl] Exit MCCSOtherSet::GetVCP()
2025/10/07 05:02:33.260 [T:0xf1a71] [DisplayControl] Enter MCCSOtherSet::GetVCP(), vcp code = 225
2025/10/07 05:02:33.343 [T:0xf1a71] [DisplayControl] Exit MCCSOtherSet::GetVCP()
2025/10/07 05:02:33.452 [T:0xf1a71] [DisplayControl] Enter MCCSOtherSet::GetVCP(), vcp code = 43
2025/10/07 05:02:33.534 [T:0xf1a71] [DisplayControl] Exit MCCSOtherSet::GetVCP()
2025/10/07 05:02:33.643 [T:0xf1a71] [DisplayControl] Enter MCCSOtherSet::GetVCP(), vcp code = 141
2025/10/07 05:02:33.725 [T:0xf1a71] [DisplayControl] Exit MCCSOtherSet::GetVCP()
2025/10/07 05:02:33.834 [T:0xf1a71] [DisplayControl] Enter MCCSOtherSet::GetVCP(), vcp code = 16
2025/10/07 05:02:33.917 [T:0xf1a71] [DisplayControl] Exit MCCSOtherSet::GetVCP()
2025/10/07 05:02:34.025 [T:0xf1a71] [DisplayControl] Enter MCCSOtherSet::GetVCP(), vcp code = 97
2025/10/07 05:02:34.108 [T:0xf1a71] [DisplayControl] Exit MCCSOtherSet::GetVCP()
2025/10/07 05:02:34.216 [T:0xf1a71] [DisplayControl] Enter MCCSOtherSet::GetVCP(), vcp code = 135
2025/10/07 05:02:34.296 [T:0xf1a71] [DisplayControl] Exit MCCSOtherSet::GetVCP()
2025/10/07 05:02:34.403 [T:0xf1a71] [DisplayControl] Enter MCCSOtherSet::GetVCP(), vcp code = 4
2025/10/07 05:02:34.485 [T:0xf1a71] [DisplayControl] Exit MCCSOtherSet::GetVCP()
2025/10/07 05:02:34.592 [T:0xf1a71] [DisplayControl] Enter MCCSOtherSet::GetVCP(), vcp code = 51
2025/10/07 05:02:34.674 [T:0xf1a71] [DisplayControl] Exit MCCSOtherSet::GetVCP()
2025/10/07 05:02:34.782 [T:0xf1a71] [DisplayControl] Enter MCCSOtherSet::GetVCP(), vcp code = 20
2025/10/07 05:02:34.864 [T:0xf1a71] [DisplayControl] Exit MCCSOtherSet::GetVCP()
2025/10/07 05:02:34.970 [T:0xf1a71] [DisplayControl] Enter MCCSOtherSet::GetVCP(), vcp code = 245
2025/10/07 05:02:35.050 [T:0xf1a71] [DisplayControl] Exit MCCSOtherSet::GetVCP()
2025/10/07 05:02:35.088 [T:0x41649] [DisplayControl] Enter MCCSOtherSet::GetVCP(), vcp code = 96
2025/10/07 05:02:35.157 [T:0xf1a71] [DisplayControl] Enter MCCSOtherSet::GetVCP(), vcp code = 220
2025/10/07 05:02:35.195 [T:0x41649] [DisplayControl] Exit MCCSOtherSet::GetVCP()
2025/10/07 05:02:35.371 [T:0xf1a71] [DisplayControl] Exit MCCSOtherSet::GetVCP()
2025/10/07 05:02:35.473 [T:0xf1a71] [DisplayControl] Enter MCCSOtherSet::GetVCP(), vcp code = 18
2025/10/07 05:02:35.691 [T:0xf1a71] [DisplayControl] Exit MCCSOtherSet::GetVCP()
2025/10/07 05:02:35.800 [T:0xf1a71] [DisplayControl] Enter MCCSOtherSet::GetVCP(), vcp code = 96
2025/10/07 05:02:35.884 [T:0xf1a71] [DisplayControl] Exit MCCSOtherSet::GetVCP()
2025/10/07 05:02:35.988 [T:0xf1a71] [DisplayControl] Enter MCCSOtherSet::GetVCP(), vcp code = 98
2025/10/07 05:02:36.073 [T:0xf1a71] [DisplayControl] Exit MCCSOtherSet::GetVCP()
2025/10/07 05:02:36.175 [T:0xf1a71] [DisplayControl] Enter MCCSOtherSet::GetVCP(), vcp code = 225
2025/10/07 05:02:36.260 [T:0xf1a71] [DisplayControl] Exit MCCSOtherSet::GetVCP()
2025/10/07 05:02:36.361 [T:0xf1a71] [DisplayControl] Enter MCCSOtherSet::GetVCP(), vcp code = 43
2025/10/07 05:02:36.446 [T:0xf1a71] [DisplayControl] Exit MCCSOtherSet::GetVCP()
2025/10/07 05:02:36.549 [T:0xf1a71] [DisplayControl] Enter MCCSOtherSet::GetVCP(), vcp code = 141
2025/10/07 05:02:36.635 [T:0xf1a71] [DisplayControl] Exit MCCSOtherSet::GetVCP()
2025/10/07 05:02:36.739 [T:0xf1a71] [DisplayControl] Enter MCCSOtherSet::GetVCP(), vcp code = 16
2025/10/07 05:02:36.825 [T:0xf1a71] [DisplayControl] Exit MCCSOtherSet::GetVCP()
2025/10/07 05:02:36.928 [T:0xf1a71] [DisplayControl] Enter MCCSOtherSet::GetVCP(), vcp code = 97
2025/10/07 05:02:37.014 [T:0xf1a71] [DisplayControl] Exit MCCSOtherSet::GetVCP()
2025/10/07 05:02:37.114 [T:0xf1a71] [DisplayControl] Enter MCCSOtherSet::GetVCP(), vcp code = 135
2025/10/07 05:02:37.199 [T:0xf1a71] [DisplayControl] Exit MCCSOtherSet::GetVCP()
2025/10/07 05:02:37.302 [T:0xf1a71] [DisplayControl] Enter MCCSOtherSet::GetVCP(), vcp code = 4
2025/10/07 05:02:37.387 [T:0xf1a71] [DisplayControl] Exit MCCSOtherSet::GetVCP()
2025/10/07 05:02:37.492 [T:0xf1a71] [DisplayControl] Enter MCCSOtherSet::GetVCP(), vcp code = 51
2025/10/07 05:02:37.577 [T:0xf1a71] [DisplayControl] Exit MCCSOtherSet::GetVCP()
2025/10/07 05:02:37.678 [T:0xf1a71] [DisplayControl] Enter MCCSOtherSet::GetVCP(), vcp code = 220
2025/10/07 05:02:37.764 [T:0xf1a71] [DisplayControl] Exit MCCSOtherSet::GetVCP()
2025/10/07 05:02:37.864 [T:0xf1a71] [DisplayControl] Enter MCCSOtherSet::GetVCP(), vcp code = 18
2025/10/07 05:02:37.949 [T:0xf1a71] [DisplayControl] Exit MCCSOtherSet::GetVCP()
2025/10/07 05:02:38.053 [T:0xf1a71] [DisplayControl] Enter MCCSOtherSet::GetVCP(), vcp code = 236
2025/10/07 05:02:38.138 [T:0xf1a71] [DisplayControl] Exit MCCSOtherSet::GetVCP()
2025/10/07 05:02:38.241 [T:0xf1a71] [DisplayControl] Enter MCCSOtherSet::GetVCP(), vcp code = 226
2025/10/07 05:02:38.325 [T:0xf1a71] [DisplayControl] Exit MCCSOtherSet::GetVCP()
2025/10/07 05:03:42.146 [T:0x41649] [DisplayControl] Enter MCCSOtherSet::GetVCP(), vcp code = 96
2025/10/07 05:03:42.258 [T:0x41649] [DisplayControl] Exit MCCSOtherSet::GetVCP()
2025/10/07 05:03:42.469 [T:0xb266e] [DisplayControl] Enter MCCSOtherSet::GetVCP(), vcp code = 96
2025/10/07 05:03:42.594 [T:0xb266e] [DisplayControl] Exit MCCSOtherSet::GetVCP()
2025/10/07 05:03:42.696 [T:0xb266e] [DisplayControl] Enter MCCSOtherSet::GetVCP(), vcp code = 98
2025/10/07 05:03:42.780 [T:0xb266e] [DisplayControl] Exit MCCSOtherSet::GetVCP()
2025/10/07 05:03:42.884 [T:0xb266e] [DisplayControl] Enter MCCSOtherSet::GetVCP(), vcp code = 225
2025/10/07 05:03:42.971 [T:0xb266e] [DisplayControl] Exit MCCSOtherSet::GetVCP()
2025/10/07 05:03:43.075 [T:0xb266e] [DisplayControl] Enter MCCSOtherSet::GetVCP(), vcp code = 43
2025/10/07 05:03:43.161 [T:0xb266e] [DisplayControl] Exit MCCSOtherSet::GetVCP()
2025/10/07 05:03:43.265 [T:0xb266e] [DisplayControl] Enter MCCSOtherSet::GetVCP(), vcp code = 141
2025/10/07 05:03:43.351 [T:0xb266e] [DisplayControl] Exit MCCSOtherSet::GetVCP()
2025/10/07 05:03:43.455 [T:0xb266e] [DisplayControl] Enter MCCSOtherSet::GetVCP(), vcp code = 16
2025/10/07 05:03:43.541 [T:0xb266e] [DisplayControl] Exit MCCSOtherSet::GetVCP()
2025/10/07 05:03:43.642 [T:0xb266e] [DisplayControl] Enter MCCSOtherSet::GetVCP(), vcp code = 97
2025/10/07 05:03:43.727 [T:0xb266e] [DisplayControl] Exit MCCSOtherSet::GetVCP()
2025/10/07 05:03:43.830 [T:0xb266e] [DisplayControl] Enter MCCSOtherSet::GetVCP(), vcp code = 135
2025/10/07 05:03:43.915 [T:0xb266e] [DisplayControl] Exit MCCSOtherSet::GetVCP()
2025/10/07 05:03:44.017 [T:0xb266e] [DisplayControl] Enter MCCSOtherSet::GetVCP(), vcp code = 4
2025/10/07 05:03:44.103 [T:0xb266e] [DisplayControl] Exit MCCSOtherSet::GetVCP()
2025/10/07 05:03:44.206 [T:0xb266e] [DisplayControl] Enter MCCSOtherSet::GetVCP(), vcp code = 51
2025/10/07 05:03:44.290 [T:0xb266e] [DisplayControl] Exit MCCSOtherSet::GetVCP()
2025/10/07 05:03:44.391 [T:0xb266e] [DisplayControl] Enter MCCSOtherSet::GetVCP(), vcp code = 220
2025/10/07 05:03:44.475 [T:0xb266e] [DisplayControl] Exit MCCSOtherSet::GetVCP()
2025/10/07 05:03:44.581 [T:0xb266e] [DisplayControl] Enter MCCSOtherSet::GetVCP(), vcp code = 18
2025/10/07 05:03:44.666 [T:0xb266e] [DisplayControl] Exit MCCSOtherSet::GetVCP()
2025/10/07 05:03:44.771 [T:0xb266e] [DisplayControl] Enter MCCSOtherSet::GetVCP(), vcp code = 236
2025/10/07 05:03:44.857 [T:0xb266e] [DisplayControl] Exit MCCSOtherSet::GetVCP()
2025/10/07 05:03:44.958 [T:0xb266e] [DisplayControl] Enter MCCSOtherSet::GetVCP(), vcp code = 226
2025/10/07 05:03:45.041 [T:0xb266e] [DisplayControl] Exit MCCSOtherSet::GetVCP()
2025/10/07 05:03:58.953 [T:0xb266e] [DisplayControl] Enter MCCSOtherSet::SetVCP(), vcp code = 4
2025/10/07 05:03:59.899 [T:0xb266e] [DisplayControl] Exit MCCSOtherSet::SetVCP()
2025/10/07 05:04:05.016 [T:0xb266e] [DisplayControl] Enter OperationThread::ExitThread
2025/10/07 05:04:05.016 [T:0xb266e] [DisplayControl] Exit OperationThread::ExitThread
2025/10/07 05:04:05.016 [T:0xb266e] [DisplayControl] Enter OperationThread::~OperationThread()
2025/10/07 05:04:05.016 [T:0xb266e] [DisplayControl] Enter OperationThread::ExitThread
2025/10/07 05:04:05.016 [T:0xb266e] [DisplayControl] Enter OperationThread::ExitThread
2025/10/07 05:04:05.016 [T:0xb266e] [DisplayControl] Exit OperationThread::ExitThread
2025/10/07 05:04:05.016 [T:0xb266e] [DisplayControl] Enter OperationThread::~OperationThread()
2025/10/07 05:04:05.016 [T:0xb266e] [DisplayControl] Enter OperationThread::ExitThread
2025/10/07 05:04:05.043 [T:0xb266e] [DbgStr] After calling display_control_client_listener_video_port_.UpdateAllDisplayPath()
2025/10/07 05:04:05.064 [T:0xb266e] [DbgStr] After calling display_control_client_listener_.GetAllDisplayEDID()
2025/10/07 05:04:05.066 [T:0xb266e] [DisplayControl] Version = 3.0.6.0
2025/10/07 05:04:05.066 [T:0xb266e] [DisplayControl] Enter ObtainControlHandler1
2025/10/07 05:04:05.066 [T:0xb266e] [DisplayControl] GetVideoPortCommander
2025/10/07 05:04:05.066 [T:0xb266e] [DisplayControl] GetUSBHubCommander
2025/10/07 05:04:05.066 [T:0xb266e] ====== List p_lpo_display_info_video_port, # of devices is ======2
2025/10/07 05:04:05.067 [T:0xb266e] [DisplayControl] index of p_lpo_display_info_video_port0
2025/10/07 05:04:05.067 [T:0xb266e] [DisplayControl] Model name from VideoPort = VG2458
2025/10/07 05:04:05.067 [T:0xb266e] [DisplayControl] SN from VideoPort = YDJ243400006
2025/10/07 05:04:05.067 [T:0xb266e] [DisplayControl] index of p_lpo_display_info_video_port1
2025/10/07 05:04:05.067 [T:0xb266e] [DisplayControl] Model name from VideoPort = VG275
2025/10/07 05:04:05.067 [T:0xb266e] [DisplayControl] SN from VideoPort = XF6232400003
2025/10/07 05:04:05.067 [T:0xb266e] ====== List p_lpo_display_info_rtd_scalar_rts_hub, # of devices is ======0
2025/10/07 05:04:05.067 [T:0xb266e] [DisplayControl] GetVSRtkHubControlClientListener
2025/10/07 05:04:05.067 [T:0xb266e] [DisplayControl] max monitor count = 2
2025/10/07 05:04:05.067 [T:0xb266e] [DisplayControl] index of display_info_vec = 0
2025/10/07 05:04:05.067 [T:0xb266e] [DisplayControl] index of p_lpo_display_info_video_port = 0
2025/10/07 05:04:05.067 [T:0xb266e] [DisplayControl] VideoPortMatchingRule
2025/10/07 05:04:05.067 [T:0xb266e] [DisplayControl] monitor display_info_model_name = VG2458
2025/10/07 05:04:05.067 [T:0xb266e] [DisplayControl] monitor video_port_model_name = VG2458
2025/10/07 05:04:05.067 [T:0xb266e] [DisplayControl] monitor display_info_sn = YDJ243400006
2025/10/07 05:04:05.067 [T:0xb266e] [DisplayControl] monitor video_port_sn = YDJ243400006
2025/10/07 05:04:05.067 [T:0xb266e] [DisplayControl] model_name_match = 1
2025/10/07 05:04:05.067 [T:0xb266e] [DisplayControl] sn_match = 1
2025/10/07 05:04:05.067 [T:0xb266e] [DisplayControl] video_port is_match = 1
2025/10/07 05:04:05.067 [T:0xb266e] [DisplayControl] index of display_info_vec = 1
2025/10/07 05:04:05.067 [T:0xb266e] [DisplayControl] index of p_lpo_display_info_video_port = 0
2025/10/07 05:04:05.067 [T:0xb266e] [DisplayControl] VideoPortMatchingRule
2025/10/07 05:04:05.067 [T:0xb266e] [DisplayControl] monitor display_info_model_name = VG275
2025/10/07 05:04:05.067 [T:0xb266e] [DisplayControl] monitor video_port_model_name = VG2458
2025/10/07 05:04:05.067 [T:0xb266e] [DisplayControl] monitor display_info_sn = XF6232400003
2025/10/07 05:04:05.067 [T:0xb266e] [DisplayControl] monitor video_port_sn = YDJ243400006
2025/10/07 05:04:05.067 [T:0xb266e] [DisplayControl] model_name_match = 0
2025/10/07 05:04:05.068 [T:0xb266e] [DisplayControl] sn_match = 0
2025/10/07 05:04:05.068 [T:0xb266e] [DisplayControl] video_port is_match = 0
2025/10/07 05:04:05.068 [T:0xb266e] [DisplayControl] index of display_info_vec = 1
2025/10/07 05:04:05.068 [T:0xb266e] [DisplayControl] index of p_lpo_display_info_video_port = 1
2025/10/07 05:04:05.068 [T:0xb266e] [DisplayControl] VideoPortMatchingRule
2025/10/07 05:04:05.068 [T:0xb266e] [DisplayControl] monitor display_info_model_name = VG275
2025/10/07 05:04:05.068 [T:0xb266e] [DisplayControl] monitor video_port_model_name = VG275
2025/10/07 05:04:05.068 [T:0xb266e] [DisplayControl] monitor display_info_sn = XF6232400003
2025/10/07 05:04:05.068 [T:0xb266e] [DisplayControl] monitor video_port_sn = XF6232400003
2025/10/07 05:04:05.068 [T:0xb266e] [DisplayControl] model_name_match = 1
2025/10/07 05:04:05.068 [T:0xb266e] [DisplayControl] sn_match = 1
2025/10/07 05:04:05.068 [T:0xb266e] [DisplayControl] video_port is_match = 1
2025/10/07 05:04:05.068 [T:0xb266e] [DisplayControl] i = 0
2025/10/07 05:04:05.068 [T:0xb266e] [DisplayControl] Enter OperationThread::OperationThread()
2025/10/07 05:04:05.068 [T:0xb266e] [DisplayControl] Enter OperationThread::CreateThread
2025/10/07 05:04:05.068 [T:0xb266e] [DisplayControl] new DisplayFunctioner
2025/10/07 05:04:05.068 [T:0xb266e] [DisplayControl] insert displayer_vector
2025/10/07 05:04:05.068 [T:0xb266e] [DisplayControl] insert modelName_SN_to_Display_map
2025/10/07 05:04:05.068 [T:0xb266e] [DisplayControl] insert device_id_to_Displayer_map_
2025/10/07 05:04:05.068 [T:0xb266e] [DisplayControl] i = 1
2025/10/07 05:04:05.068 [T:0xb266e] [DisplayControl] Enter OperationThread::OperationThread()
2025/10/07 05:04:05.068 [T:0xb266e] [DisplayControl] Enter OperationThread::CreateThread
2025/10/07 05:04:05.069 [T:0xb266e] [DisplayControl] new DisplayFunctioner
2025/10/07 05:04:05.069 [T:0xb266e] [DisplayControl] insert displayer_vector
2025/10/07 05:04:05.069 [T:0xb266e] [DisplayControl] insert modelName_SN_to_Display_map
2025/10/07 05:04:05.069 [T:0xb266e] [DisplayControl] insert device_id_to_Displayer_map_
2025/10/07 05:04:05.069 [T:0xb266e] [DisplayControl] monitor size = 2
2025/10/07 05:04:05.069 [T:0xb266e] [DisplayControl] Exit ObtainControlHandler
2025/10/07 05:04:05.069 [T:0xb266e] [DisplayControl] Enter MCCSOtherSet::GetVCP(), vcp code = 16
2025/10/07 05:04:05.149 [T:0xb266e] [DisplayControl] Exit MCCSOtherSet::GetVCP()
2025/10/07 05:04:05.149 [T:0xb266e] [DisplayControl] Enter MCCSOtherSet::GetVCP(), vcp code = 96
2025/10/07 05:04:05.225 [T:0xb266e] [DisplayControl] Exit MCCSOtherSet::GetVCP()
2025/10/07 05:04:05.333 [T:0xb266e] [DisplayControl] Enter MCCSOtherSet::GetVCP(), vcp code = 98
2025/10/07 05:04:05.416 [T:0xb266e] [DisplayControl] Exit MCCSOtherSet::GetVCP()
2025/10/07 05:04:05.525 [T:0xb266e] [DisplayControl] Enter MCCSOtherSet::GetVCP(), vcp code = 225
2025/10/07 05:04:05.605 [T:0xb266e] [DisplayControl] Exit MCCSOtherSet::GetVCP()
2025/10/07 05:04:05.711 [T:0xb266e] [DisplayControl] Enter MCCSOtherSet::GetVCP(), vcp code = 43
2025/10/07 05:04:05.793 [T:0xb266e] [DisplayControl] Exit MCCSOtherSet::GetVCP()
2025/10/07 05:04:05.899 [T:0xb266e] [DisplayControl] Enter MCCSOtherSet::GetVCP(), vcp code = 141
2025/10/07 05:04:05.980 [T:0xb266e] [DisplayControl] Exit MCCSOtherSet::GetVCP()
2025/10/07 05:04:06.085 [T:0xb266e] [DisplayControl] Enter MCCSOtherSet::GetVCP(), vcp code = 16
2025/10/07 05:04:06.166 [T:0xb266e] [DisplayControl] Exit MCCSOtherSet::GetVCP()
2025/10/07 05:04:06.273 [T:0xb266e] [DisplayControl] Enter MCCSOtherSet::GetVCP(), vcp code = 97
2025/10/07 05:04:06.353 [T:0xb266e] [DisplayControl] Exit MCCSOtherSet::GetVCP()
2025/10/07 05:04:06.458 [T:0xb266e] [DisplayControl] Enter MCCSOtherSet::GetVCP(), vcp code = 135
2025/10/07 05:04:06.539 [T:0xb266e] [DisplayControl] Exit MCCSOtherSet::GetVCP()
2025/10/07 05:04:06.645 [T:0xb266e] [DisplayControl] Enter MCCSOtherSet::GetVCP(), vcp code = 4
2025/10/07 05:04:06.727 [T:0xb266e] [DisplayControl] Exit MCCSOtherSet::GetVCP()
2025/10/07 05:04:06.836 [T:0xb266e] [DisplayControl] Enter MCCSOtherSet::GetVCP(), vcp code = 51
2025/10/07 05:04:06.918 [T:0xb266e] [DisplayControl] Exit MCCSOtherSet::GetVCP()
2025/10/07 05:04:07.025 [T:0xb266e] [DisplayControl] Enter MCCSOtherSet::GetVCP(), vcp code = 20
2025/10/07 05:04:07.107 [T:0xb266e] [DisplayControl] Exit MCCSOtherSet::GetVCP()
2025/10/07 05:04:07.213 [T:0xb266e] [DisplayControl] Enter MCCSOtherSet::GetVCP(), vcp code = 245
2025/10/07 05:04:07.296 [T:0xb266e] [DisplayControl] Exit MCCSOtherSet::GetVCP()
2025/10/07 05:04:07.405 [T:0xb266e] [DisplayControl] Enter MCCSOtherSet::GetVCP(), vcp code = 220
2025/10/07 05:04:07.488 [T:0xb266e] [DisplayControl] Exit MCCSOtherSet::GetVCP()
2025/10/07 05:04:07.594 [T:0xb266e] [DisplayControl] Enter MCCSOtherSet::GetVCP(), vcp code = 18
2025/10/07 05:04:07.676 [T:0xb266e] [DisplayControl] Exit MCCSOtherSet::GetVCP()
2025/10/07 05:04:07.782 [T:0xb266e] [DisplayControl] Enter MCCSOtherSet::GetVCP(), vcp code = 96
2025/10/07 05:04:07.868 [T:0xb266e] [DisplayControl] Exit MCCSOtherSet::GetVCP()
2025/10/07 05:04:07.973 [T:0xb266e] [DisplayControl] Enter MCCSOtherSet::GetVCP(), vcp code = 98
2025/10/07 05:04:08.059 [T:0xb266e] [DisplayControl] Exit MCCSOtherSet::GetVCP()
2025/10/07 05:04:08.161 [T:0xb266e] [DisplayControl] Enter MCCSOtherSet::GetVCP(), vcp code = 225
2025/10/07 05:04:08.246 [T:0xb266e] [DisplayControl] Exit MCCSOtherSet::GetVCP()
2025/10/07 05:04:08.347 [T:0xb266e] [DisplayControl] Enter MCCSOtherSet::GetVCP(), vcp code = 43
2025/10/07 05:04:08.433 [T:0xb266e] [DisplayControl] Exit MCCSOtherSet::GetVCP()
2025/10/07 05:04:08.534 [T:0xb266e] [DisplayControl] Enter MCCSOtherSet::GetVCP(), vcp code = 141
2025/10/07 05:04:08.619 [T:0xb266e] [DisplayControl] Exit MCCSOtherSet::GetVCP()
2025/10/07 05:04:08.723 [T:0xb266e] [DisplayControl] Enter MCCSOtherSet::GetVCP(), vcp code = 16
2025/10/07 05:04:08.809 [T:0xb266e] [DisplayControl] Exit MCCSOtherSet::GetVCP()
2025/10/07 05:04:08.912 [T:0xb266e] [DisplayControl] Enter MCCSOtherSet::GetVCP(), vcp code = 97
2025/10/07 05:04:08.998 [T:0xb266e] [DisplayControl] Exit MCCSOtherSet::GetVCP()
2025/10/07 05:04:09.100 [T:0xb266e] [DisplayControl] Enter MCCSOtherSet::GetVCP(), vcp code = 135
2025/10/07 05:04:09.186 [T:0xb266e] [DisplayControl] Exit MCCSOtherSet::GetVCP()
2025/10/07 05:04:09.288 [T:0xb266e] [DisplayControl] Enter MCCSOtherSet::GetVCP(), vcp code = 4
2025/10/07 05:04:09.372 [T:0xb266e] [DisplayControl] Exit MCCSOtherSet::GetVCP()
2025/10/07 05:04:09.477 [T:0xb266e] [DisplayControl] Enter MCCSOtherSet::GetVCP(), vcp code = 51
2025/10/07 05:04:09.563 [T:0xb266e] [DisplayControl] Exit MCCSOtherSet::GetVCP()
2025/10/07 05:04:09.668 [T:0xb266e] [DisplayControl] Enter MCCSOtherSet::GetVCP(), vcp code = 220
2025/10/07 05:04:09.754 [T:0xb266e] [DisplayControl] Exit MCCSOtherSet::GetVCP()
2025/10/07 05:04:09.856 [T:0xb266e] [DisplayControl] Enter MCCSOtherSet::GetVCP(), vcp code = 18
2025/10/07 05:04:09.941 [T:0xb266e] [DisplayControl] Exit MCCSOtherSet::GetVCP()
2025/10/07 05:04:10.044 [T:0xb266e] [DisplayControl] Enter MCCSOtherSet::GetVCP(), vcp code = 236
2025/10/07 05:04:10.131 [T:0xb266e] [DisplayControl] Exit MCCSOtherSet::GetVCP()
2025/10/07 05:04:10.235 [T:0xb266e] [DisplayControl] Enter MCCSOtherSet::GetVCP(), vcp code = 226
2025/10/07 05:04:10.319 [T:0xb266e] [DisplayControl] Exit MCCSOtherSet::GetVCP()
2025/10/07 05:05:09.175 [T:0x41649] [DisplayControl] Enter MCCSOtherSet::GetVCP(), vcp code = 96
2025/10/07 05:05:09.286 [T:0x41649] [DisplayControl] Exit MCCSOtherSet::GetVCP()
2025/10/07 05:05:09.465 [T:0x290d9] [DisplayControl] Enter MCCSOtherSet::GetVCP(), vcp code = 96
2025/10/07 05:05:09.591 [T:0x290d9] [DisplayControl] Exit MCCSOtherSet::GetVCP()
2025/10/07 05:05:09.699 [T:0x290d9] [DisplayControl] Enter MCCSOtherSet::GetVCP(), vcp code = 98
2025/10/07 05:05:09.780 [T:0x290d9] [DisplayControl] Exit MCCSOtherSet::GetVCP()
2025/10/07 05:05:09.888 [T:0x290d9] [DisplayControl] Enter MCCSOtherSet::GetVCP(), vcp code = 225
2025/10/07 05:05:09.969 [T:0x290d9] [DisplayControl] Exit MCCSOtherSet::GetVCP()
2025/10/07 05:05:10.078 [T:0x290d9] [DisplayControl] Enter MCCSOtherSet::GetVCP(), vcp code = 43
2025/10/07 05:05:10.158 [T:0x290d9] [DisplayControl] Exit MCCSOtherSet::GetVCP()
2025/10/07 05:05:10.266 [T:0x290d9] [DisplayControl] Enter MCCSOtherSet::GetVCP(), vcp code = 141
2025/10/07 05:05:10.348 [T:0x290d9] [DisplayControl] Exit MCCSOtherSet::GetVCP()
2025/10/07 05:05:10.453 [T:0x290d9] [DisplayControl] Enter MCCSOtherSet::GetVCP(), vcp code = 16
2025/10/07 05:05:10.535 [T:0x290d9] [DisplayControl] Exit MCCSOtherSet::GetVCP()
2025/10/07 05:05:10.642 [T:0x290d9] [DisplayControl] Enter MCCSOtherSet::GetVCP(), vcp code = 97
2025/10/07 05:05:10.724 [T:0x290d9] [DisplayControl] Exit MCCSOtherSet::GetVCP()
2025/10/07 05:05:10.831 [T:0x290d9] [DisplayControl] Enter MCCSOtherSet::GetVCP(), vcp code = 135
2025/10/07 05:05:10.912 [T:0x290d9] [DisplayControl] Exit MCCSOtherSet::GetVCP()
2025/10/07 05:05:11.016 [T:0x290d9] [DisplayControl] Enter MCCSOtherSet::GetVCP(), vcp code = 4
2025/10/07 05:05:11.096 [T:0x290d9] [DisplayControl] Exit MCCSOtherSet::GetVCP()
2025/10/07 05:05:11.204 [T:0x290d9] [DisplayControl] Enter MCCSOtherSet::GetVCP(), vcp code = 51
2025/10/07 05:05:11.286 [T:0x290d9] [DisplayControl] Exit MCCSOtherSet::GetVCP()
2025/10/07 05:05:11.393 [T:0x290d9] [DisplayControl] Enter MCCSOtherSet::GetVCP(), vcp code = 20
2025/10/07 05:05:11.476 [T:0x290d9] [DisplayControl] Exit MCCSOtherSet::GetVCP()
2025/10/07 05:05:11.584 [T:0x290d9] [DisplayControl] Enter MCCSOtherSet::GetVCP(), vcp code = 245
2025/10/07 05:05:11.665 [T:0x290d9] [DisplayControl] Exit MCCSOtherSet::GetVCP()
2025/10/07 05:05:11.771 [T:0x290d9] [DisplayControl] Enter MCCSOtherSet::GetVCP(), vcp code = 220
2025/10/07 05:05:11.852 [T:0x290d9] [DisplayControl] Exit MCCSOtherSet::GetVCP()
2025/10/07 05:05:11.957 [T:0x290d9] [DisplayControl] Enter MCCSOtherSet::GetVCP(), vcp code = 18
2025/10/07 05:05:12.040 [T:0x290d9] [DisplayControl] Exit MCCSOtherSet::GetVCP()
2025/10/07 05:05:26.493 [T:0x290d9] [DisplayControl] Enter MCCSOtherSet::SetVCP(), vcp code = 16
2025/10/07 05:05:26.695 [T:0x290d9] [DisplayControl] Exit MCCSOtherSet::SetVCP()
2025/10/07 05:06:01.745 [T:0xcc687] [DisplayControl] Enter MCCSOtherSet::SetVCP(), vcp code = 18
2025/10/07 05:06:01.944 [T:0xcc687] [DisplayControl] Exit MCCSOtherSet::SetVCP()
2025/10/07 05:06:31.027 [T:0x41649] [DisplayControl] Enter MCCSOtherSet::GetVCP(), vcp code = 96
2025/10/07 05:06:31.133 [T:0x41649] [DisplayControl] Exit MCCSOtherSet::GetVCP()
2025/10/07 05:06:31.345 [T:0xcc687] [DisplayControl] Enter MCCSOtherSet::GetVCP(), vcp code = 96
2025/10/07 05:06:31.468 [T:0xcc687] [DisplayControl] Exit MCCSOtherSet::GetVCP()
2025/10/07 05:06:31.573 [T:0xcc687] [DisplayControl] Enter MCCSOtherSet::GetVCP(), vcp code = 98
2025/10/07 05:06:31.658 [T:0xcc687] [DisplayControl] Exit MCCSOtherSet::GetVCP()
2025/10/07 05:06:31.760 [T:0xcc687] [DisplayControl] Enter MCCSOtherSet::GetVCP(), vcp code = 225
2025/10/07 05:06:31.845 [T:0xcc687] [DisplayControl] Exit MCCSOtherSet::GetVCP()
2025/10/07 05:06:31.950 [T:0xcc687] [DisplayControl] Enter MCCSOtherSet::GetVCP(), vcp code = 43
2025/10/07 05:06:32.036 [T:0xcc687] [DisplayControl] Exit MCCSOtherSet::GetVCP()
2025/10/07 05:06:32.140 [T:0xcc687] [DisplayControl] Enter MCCSOtherSet::GetVCP(), vcp code = 141
2025/10/07 05:06:32.225 [T:0xcc687] [DisplayControl] Exit MCCSOtherSet::GetVCP()
2025/10/07 05:06:32.327 [T:0xcc687] [DisplayControl] Enter MCCSOtherSet::GetVCP(), vcp code = 16
2025/10/07 05:06:32.412 [T:0xcc687] [DisplayControl] Exit MCCSOtherSet::GetVCP()
2025/10/07 05:06:32.517 [T:0xcc687] [DisplayControl] Enter MCCSOtherSet::GetVCP(), vcp code = 97
2025/10/07 05:06:32.603 [T:0xcc687] [DisplayControl] Exit MCCSOtherSet::GetVCP()
2025/10/07 05:06:32.706 [T:0xcc687] [DisplayControl] Enter MCCSOtherSet::GetVCP(), vcp code = 135
2025/10/07 05:06:32.792 [T:0xcc687] [DisplayControl] Exit MCCSOtherSet::GetVCP()
2025/10/07 05:06:32.896 [T:0xcc687] [DisplayControl] Enter MCCSOtherSet::GetVCP(), vcp code = 4
2025/10/07 05:06:32.982 [T:0xcc687] [DisplayControl] Exit MCCSOtherSet::GetVCP()
2025/10/07 05:06:33.083 [T:0xcc687] [DisplayControl] Enter MCCSOtherSet::GetVCP(), vcp code = 51
2025/10/07 05:06:33.168 [T:0xcc687] [DisplayControl] Exit MCCSOtherSet::GetVCP()
2025/10/07 05:06:33.270 [T:0xcc687] [DisplayControl] Enter MCCSOtherSet::GetVCP(), vcp code = 220
2025/10/07 05:06:33.355 [T:0xcc687] [DisplayControl] Exit MCCSOtherSet::GetVCP()
2025/10/07 05:06:33.459 [T:0xcc687] [DisplayControl] Enter MCCSOtherSet::GetVCP(), vcp code = 18
2025/10/07 05:06:33.545 [T:0xcc687] [DisplayControl] Exit MCCSOtherSet::GetVCP()
2025/10/07 05:06:33.645 [T:0xcc687] [DisplayControl] Enter MCCSOtherSet::GetVCP(), vcp code = 236
2025/10/07 05:06:33.731 [T:0xcc687] [DisplayControl] Exit MCCSOtherSet::GetVCP()
2025/10/07 05:06:33.833 [T:0xcc687] [DisplayControl] Enter MCCSOtherSet::GetVCP(), vcp code = 226
2025/10/07 05:06:33.917 [T:0xcc687] [DisplayControl] Exit MCCSOtherSet::GetVCP()
2025/10/07 05:06:48.359 [T:0xcc687] [DisplayControl] Enter MCCSOtherSet::SetVCP(), vcp code = 16
2025/10/07 05:06:48.575 [T:0xcc687] [DisplayControl] Exit MCCSOtherSet::SetVCP()
2025/10/07 05:07:23.573 [T:0x3f738] [DisplayControl] Enter MCCSOtherSet::SetVCP(), vcp code = 18
2025/10/07 05:07:23.767 [T:0x3f738] [DisplayControl] Exit MCCSOtherSet::SetVCP()
2025/10/07 05:12:39.309 [T:0xf5a0e] [DisplayControl] Enter MCCSOtherSet::SetVCP(), vcp code = 4
2025/10/07 05:12:40.267 [T:0xf5a0e] [DisplayControl] Exit MCCSOtherSet::SetVCP()
2025/10/07 05:12:45.380 [T:0xf5a0e] [DisplayControl] Enter OperationThread::ExitThread
2025/10/07 05:12:45.381 [T:0xf5a0e] [DisplayControl] Exit OperationThread::ExitThread
2025/10/07 05:12:45.381 [T:0xf5a0e] [DisplayControl] Enter OperationThread::~OperationThread()
2025/10/07 05:12:45.381 [T:0xf5a0e] [DisplayControl] Enter OperationThread::ExitThread
2025/10/07 05:12:45.381 [T:0xf5a0e] [DisplayControl] Enter OperationThread::ExitThread
2025/10/07 05:12:45.381 [T:0xf5a0e] [DisplayControl] Exit OperationThread::ExitThread
2025/10/07 05:12:45.381 [T:0xf5a0e] [DisplayControl] Enter OperationThread::~OperationThread()
2025/10/07 05:12:45.381 [T:0xf5a0e] [DisplayControl] Enter OperationThread::ExitThread
2025/10/07 05:12:45.407 [T:0xf5a0e] [DbgStr] After calling display_control_client_listener_video_port_.UpdateAllDisplayPath()
2025/10/07 05:12:45.427 [T:0xf5a0e] [DbgStr] After calling display_control_client_listener_.GetAllDisplayEDID()
2025/10/07 05:12:45.429 [T:0xf5a0e] [DisplayControl] Version = 3.0.6.0
2025/10/07 05:12:45.429 [T:0xf5a0e] [DisplayControl] Enter ObtainControlHandler1
2025/10/07 05:12:45.429 [T:0xf5a0e] [DisplayControl] GetVideoPortCommander
2025/10/07 05:12:45.429 [T:0xf5a0e] [DisplayControl] GetUSBHubCommander
2025/10/07 05:12:45.429 [T:0xf5a0e] ====== List p_lpo_display_info_video_port, # of devices is ======2
2025/10/07 05:12:45.429 [T:0xf5a0e] [DisplayControl] index of p_lpo_display_info_video_port0
2025/10/07 05:12:45.429 [T:0xf5a0e] [DisplayControl] Model name from VideoPort = VG2458
2025/10/07 05:12:45.429 [T:0xf5a0e] [DisplayControl] SN from VideoPort = YDJ243400006
2025/10/07 05:12:45.429 [T:0xf5a0e] [DisplayControl] index of p_lpo_display_info_video_port1
2025/10/07 05:12:45.430 [T:0xf5a0e] [DisplayControl] Model name from VideoPort = VG275
2025/10/07 05:12:45.430 [T:0xf5a0e] [DisplayControl] SN from VideoPort = XF6232400003
2025/10/07 05:12:45.430 [T:0xf5a0e] ====== List p_lpo_display_info_rtd_scalar_rts_hub, # of devices is ======0
2025/10/07 05:12:45.430 [T:0xf5a0e] [DisplayControl] GetVSRtkHubControlClientListener
2025/10/07 05:12:45.430 [T:0xf5a0e] [DisplayControl] max monitor count = 2
2025/10/07 05:12:45.430 [T:0xf5a0e] [DisplayControl] index of display_info_vec = 0
2025/10/07 05:12:45.430 [T:0xf5a0e] [DisplayControl] index of p_lpo_display_info_video_port = 0
2025/10/07 05:12:45.430 [T:0xf5a0e] [DisplayControl] VideoPortMatchingRule
2025/10/07 05:12:45.430 [T:0xf5a0e] [DisplayControl] monitor display_info_model_name = VG2458
2025/10/07 05:12:45.430 [T:0xf5a0e] [DisplayControl] monitor video_port_model_name = VG2458
2025/10/07 05:12:45.430 [T:0xf5a0e] [DisplayControl] monitor display_info_sn = YDJ243400006
2025/10/07 05:12:45.430 [T:0xf5a0e] [DisplayControl] monitor video_port_sn = YDJ243400006
2025/10/07 05:12:45.430 [T:0xf5a0e] [DisplayControl] model_name_match = 1
2025/10/07 05:12:45.430 [T:0xf5a0e] [DisplayControl] sn_match = 1
2025/10/07 05:12:45.430 [T:0xf5a0e] [DisplayControl] video_port is_match = 1
2025/10/07 05:12:45.430 [T:0xf5a0e] [DisplayControl] index of display_info_vec = 1
2025/10/07 05:12:45.430 [T:0xf5a0e] [DisplayControl] index of p_lpo_display_info_video_port = 0
2025/10/07 05:12:45.430 [T:0xf5a0e] [DisplayControl] VideoPortMatchingRule
2025/10/07 05:12:45.430 [T:0xf5a0e] [DisplayControl] monitor display_info_model_name = VG275
2025/10/07 05:12:45.430 [T:0xf5a0e] [DisplayControl] monitor video_port_model_name = VG2458
2025/10/07 05:12:45.430 [T:0xf5a0e] [DisplayControl] monitor display_info_sn = XF6232400003
2025/10/07 05:12:45.430 [T:0xf5a0e] [DisplayControl] monitor video_port_sn = YDJ243400006
2025/10/07 05:12:45.430 [T:0xf5a0e] [DisplayControl] model_name_match = 0
2025/10/07 05:12:45.430 [T:0xf5a0e] [DisplayControl] sn_match = 0
2025/10/07 05:12:45.430 [T:0xf5a0e] [DisplayControl] video_port is_match = 0
2025/10/07 05:12:45.430 [T:0xf5a0e] [DisplayControl] index of display_info_vec = 1
2025/10/07 05:12:45.430 [T:0xf5a0e] [DisplayControl] index of p_lpo_display_info_video_port = 1
2025/10/07 05:12:45.430 [T:0xf5a0e] [DisplayControl] VideoPortMatchingRule
2025/10/07 05:12:45.431 [T:0xf5a0e] [DisplayControl] monitor display_info_model_name = VG275
2025/10/07 05:12:45.431 [T:0xf5a0e] [DisplayControl] monitor video_port_model_name = VG275
2025/10/07 05:12:45.431 [T:0xf5a0e] [DisplayControl] monitor display_info_sn = XF6232400003
2025/10/07 05:12:45.431 [T:0xf5a0e] [DisplayControl] monitor video_port_sn = XF6232400003
2025/10/07 05:12:45.431 [T:0xf5a0e] [DisplayControl] model_name_match = 1
2025/10/07 05:12:45.431 [T:0xf5a0e] [DisplayControl] sn_match = 1
2025/10/07 05:12:45.431 [T:0xf5a0e] [DisplayControl] video_port is_match = 1
2025/10/07 05:12:45.431 [T:0xf5a0e] [DisplayControl] i = 0
2025/10/07 05:12:45.431 [T:0xf5a0e] [DisplayControl] Enter OperationThread::OperationThread()
2025/10/07 05:12:45.431 [T:0xf5a0e] [DisplayControl] Enter OperationThread::CreateThread
2025/10/07 05:12:45.431 [T:0xf5a0e] [DisplayControl] new DisplayFunctioner
2025/10/07 05:12:45.431 [T:0xf5a0e] [DisplayControl] insert displayer_vector
2025/10/07 05:12:45.431 [T:0xf5a0e] [DisplayControl] insert modelName_SN_to_Display_map
2025/10/07 05:12:45.431 [T:0xf5a0e] [DisplayControl] insert device_id_to_Displayer_map_
2025/10/07 05:12:45.431 [T:0xf5a0e] [DisplayControl] i = 1
2025/10/07 05:12:45.431 [T:0xf5a0e] [DisplayControl] Enter OperationThread::OperationThread()
2025/10/07 05:12:45.431 [T:0xf5a0e] [DisplayControl] Enter OperationThread::CreateThread
2025/10/07 05:12:45.431 [T:0xf5a0e] [DisplayControl] new DisplayFunctioner
2025/10/07 05:12:45.431 [T:0xf5a0e] [DisplayControl] insert displayer_vector
2025/10/07 05:12:45.431 [T:0xf5a0e] [DisplayControl] insert modelName_SN_to_Display_map
2025/10/07 05:12:45.431 [T:0xf5a0e] [DisplayControl] insert device_id_to_Displayer_map_
2025/10/07 05:12:45.431 [T:0xf5a0e] [DisplayControl] monitor size = 2
2025/10/07 05:12:45.431 [T:0xf5a0e] [DisplayControl] Exit ObtainControlHandler
2025/10/07 05:12:45.432 [T:0xf5a0e] [DisplayControl] Enter MCCSOtherSet::GetVCP(), vcp code = 16
2025/10/07 05:12:45.528 [T:0xf5a0e] [DisplayControl] Exit MCCSOtherSet::GetVCP()
2025/10/07 05:12:45.528 [T:0xf5a0e] [DisplayControl] Enter MCCSOtherSet::GetVCP(), vcp code = 96
2025/10/07 05:12:45.603 [T:0xf5a0e] [DisplayControl] Exit MCCSOtherSet::GetVCP()
2025/10/07 05:12:45.709 [T:0xf5a0e] [DisplayControl] Enter MCCSOtherSet::GetVCP(), vcp code = 98
2025/10/07 05:12:45.791 [T:0xf5a0e] [DisplayControl] Exit MCCSOtherSet::GetVCP()
2025/10/07 05:12:45.895 [T:0xf5a0e] [DisplayControl] Enter MCCSOtherSet::GetVCP(), vcp code = 225
2025/10/07 05:12:45.976 [T:0xf5a0e] [DisplayControl] Exit MCCSOtherSet::GetVCP()
2025/10/07 05:12:46.084 [T:0xf5a0e] [DisplayControl] Enter MCCSOtherSet::GetVCP(), vcp code = 43
2025/10/07 05:12:46.166 [T:0xf5a0e] [DisplayControl] Exit MCCSOtherSet::GetVCP()
2025/10/07 05:12:46.272 [T:0xf5a0e] [DisplayControl] Enter MCCSOtherSet::GetVCP(), vcp code = 141
2025/10/07 05:12:46.353 [T:0xf5a0e] [DisplayControl] Exit MCCSOtherSet::GetVCP()
2025/10/07 05:12:46.459 [T:0xf5a0e] [DisplayControl] Enter MCCSOtherSet::GetVCP(), vcp code = 16
2025/10/07 05:12:46.539 [T:0xf5a0e] [DisplayControl] Exit MCCSOtherSet::GetVCP()
2025/10/07 05:12:46.539 [T:0xf5a0e] [DisplayControl] Enter MCCSOtherSet::GetVCP(), vcp code = 16
2025/10/07 05:12:46.680 [T:0xf5a0e] [DisplayControl] Exit MCCSOtherSet::GetVCP()
2025/10/07 05:12:46.680 [T:0xf5a0e] [DisplayControl] Enter MCCSOtherSet::GetVCP(), vcp code = 16
2025/10/07 05:12:46.824 [T:0xf5a0e] [DisplayControl] Exit MCCSOtherSet::GetVCP()
2025/10/07 05:12:46.824 [T:0xf5a0e] [DisplayControl] Enter MCCSOtherSet::GetVCP(), vcp code = 16
2025/10/07 05:12:46.967 [T:0xf5a0e] [DisplayControl] Exit MCCSOtherSet::GetVCP()
2025/10/07 05:12:46.967 [T:0xf5a0e] [DisplayControl] Enter MCCSOtherSet::GetVCP(), vcp code = 16
2025/10/07 05:12:47.109 [T:0xf5a0e] [DisplayControl] Exit MCCSOtherSet::GetVCP()
2025/10/07 05:12:47.110 [T:0xf5a0e] [DisplayControl] Enter MCCSOtherSet::GetVCP(), vcp code = 16
2025/10/07 05:12:47.253 [T:0xf5a0e] [DisplayControl] Exit MCCSOtherSet::GetVCP()
2025/10/07 05:12:47.254 [T:0xf5a0e] [DisplayControl] Enter MCCSOtherSet::GetVCP(), vcp code = 16
2025/10/07 05:12:47.395 [T:0xf5a0e] [DisplayControl] Exit MCCSOtherSet::GetVCP()
2025/10/07 05:12:47.396 [T:0xf5a0e] [DisplayControl] Enter MCCSOtherSet::GetVCP(), vcp code = 16
2025/10/07 05:12:47.538 [T:0xf5a0e] [DisplayControl] Exit MCCSOtherSet::GetVCP()
2025/10/07 05:12:47.539 [T:0xf5a0e] [DisplayControl] Enter MCCSOtherSet::GetVCP(), vcp code = 16
2025/10/07 05:12:47.677 [T:0xf5a0e] [DisplayControl] Exit MCCSOtherSet::GetVCP()
2025/10/07 05:12:47.678 [T:0xf5a0e] [DisplayControl] Enter MCCSOtherSet::GetVCP(), vcp code = 16
2025/10/07 05:12:47.817 [T:0xf5a0e] [DisplayControl] Exit MCCSOtherSet::GetVCP()
2025/10/07 05:12:47.817 [T:0xf5a0e] [DisplayControl] Enter MCCSOtherSet::GetVCP(), vcp code = 16
2025/10/07 05:12:47.958 [T:0xf5a0e] [DisplayControl] Exit MCCSOtherSet::GetVCP()
2025/10/07 05:12:47.958 [T:0xf5a0e] [DisplayControl] Enter MCCSOtherSet::GetVCP(), vcp code = 16
2025/10/07 05:12:48.098 [T:0xf5a0e] [DisplayControl] Exit MCCSOtherSet::GetVCP()
2025/10/07 05:12:48.098 [T:0xf5a0e] [DisplayControl] Enter MCCSOtherSet::GetVCP(), vcp code = 16
2025/10/07 05:12:48.240 [T:0xf5a0e] [DisplayControl] Exit MCCSOtherSet::GetVCP()
2025/10/07 05:12:48.240 [T:0xf5a0e] [DisplayControl] Enter MCCSOtherSet::GetVCP(), vcp code = 16
2025/10/07 05:12:48.380 [T:0xf5a0e] [DisplayControl] Exit MCCSOtherSet::GetVCP()
2025/10/07 05:12:48.380 [T:0xf5a0e] [DisplayControl] Enter MCCSOtherSet::GetVCP(), vcp code = 16
2025/10/07 05:12:48.520 [T:0xf5a0e] [DisplayControl] Exit MCCSOtherSet::GetVCP()
2025/10/07 05:12:48.520 [T:0xf5a0e] [DisplayControl] Enter MCCSOtherSet::GetVCP(), vcp code = 16
2025/10/07 05:12:48.661 [T:0xf5a0e] [DisplayControl] Exit MCCSOtherSet::GetVCP()
2025/10/07 05:12:48.662 [T:0xf5a0e] [DisplayControl] Enter MCCSOtherSet::GetVCP(), vcp code = 16
2025/10/07 05:12:48.804 [T:0xf5a0e] [DisplayControl] Exit MCCSOtherSet::GetVCP()
2025/10/07 05:12:48.804 [T:0xf5a0e] [DisplayControl] Enter MCCSOtherSet::GetVCP(), vcp code = 16
2025/10/07 05:12:48.944 [T:0xf5a0e] [DisplayControl] Exit MCCSOtherSet::GetVCP()
2025/10/07 05:12:48.945 [T:0xf5a0e] [DisplayControl] Enter MCCSOtherSet::GetVCP(), vcp code = 16
2025/10/07 05:12:49.085 [T:0xf5a0e] [DisplayControl] Exit MCCSOtherSet::GetVCP()
2025/10/07 05:12:49.085 [T:0xf5a0e] [DisplayControl] Enter MCCSOtherSet::GetVCP(), vcp code = 16
2025/10/07 05:12:49.225 [T:0xf5a0e] [DisplayControl] Exit MCCSOtherSet::GetVCP()
2025/10/07 05:12:49.226 [T:0xf5a0e] [DisplayControl] Enter MCCSOtherSet::GetVCP(), vcp code = 16
2025/10/07 05:12:49.367 [T:0xf5a0e] [DisplayControl] Exit MCCSOtherSet::GetVCP()
2025/10/07 05:12:49.368 [T:0xf5a0e] [DisplayControl] Enter MCCSOtherSet::GetVCP(), vcp code = 16
2025/10/07 05:12:49.509 [T:0xf5a0e] [DisplayControl] Exit MCCSOtherSet::GetVCP()
2025/10/07 05:12:49.510 [T:0xf5a0e] [DisplayControl] Enter MCCSOtherSet::GetVCP(), vcp code = 16
2025/10/07 05:12:49.650 [T:0xf5a0e] [DisplayControl] Exit MCCSOtherSet::GetVCP()
2025/10/07 05:12:49.651 [T:0xf5a0e] [DisplayControl] Enter MCCSOtherSet::GetVCP(), vcp code = 16
2025/10/07 05:12:49.790 [T:0xf5a0e] [DisplayControl] Exit MCCSOtherSet::GetVCP()
2025/10/07 05:12:49.790 [T:0xf5a0e] [DisplayControl] Enter MCCSOtherSet::GetVCP(), vcp code = 16
2025/10/07 05:12:49.929 [T:0xf5a0e] [DisplayControl] Exit MCCSOtherSet::GetVCP()
2025/10/07 05:12:49.929 [T:0xf5a0e] [DisplayControl] Enter MCCSOtherSet::GetVCP(), vcp code = 16
2025/10/07 05:12:50.072 [T:0xf5a0e] [DisplayControl] Exit MCCSOtherSet::GetVCP()
2025/10/07 05:12:50.072 [T:0xf5a0e] [DisplayControl] Enter MCCSOtherSet::GetVCP(), vcp code = 16
2025/10/07 05:12:50.214 [T:0xf5a0e] [DisplayControl] Exit MCCSOtherSet::GetVCP()
2025/10/07 05:12:50.214 [T:0xf5a0e] [DisplayControl] Enter MCCSOtherSet::GetVCP(), vcp code = 16
2025/10/07 05:12:50.354 [T:0xf5a0e] [DisplayControl] Exit MCCSOtherSet::GetVCP()
2025/10/07 05:12:50.354 [T:0xf5a0e] [DisplayControl] Enter MCCSOtherSet::GetVCP(), vcp code = 16
2025/10/07 05:12:50.493 [T:0xf5a0e] [DisplayControl] Exit MCCSOtherSet::GetVCP()
2025/10/07 05:12:50.493 [T:0xf5a0e] [DisplayControl] Enter MCCSOtherSet::GetVCP(), vcp code = 16
2025/10/07 05:12:50.633 [T:0xf5a0e] [DisplayControl] Exit MCCSOtherSet::GetVCP()
2025/10/07 05:12:50.633 [T:0xf5a0e] [DisplayControl] Enter MCCSOtherSet::GetVCP(), vcp code = 16
2025/10/07 05:12:50.775 [T:0xf5a0e] [DisplayControl] Exit MCCSOtherSet::GetVCP()
2025/10/07 05:12:50.775 [T:0xf5a0e] [DisplayControl] Enter MCCSOtherSet::GetVCP(), vcp code = 16
2025/10/07 05:12:50.918 [T:0xf5a0e] [DisplayControl] Exit MCCSOtherSet::GetVCP()
2025/10/07 05:12:50.918 [T:0xf5a0e] [DisplayControl] Enter MCCSOtherSet::GetVCP(), vcp code = 16
2025/10/07 05:12:51.057 [T:0xf5a0e] [DisplayControl] Exit MCCSOtherSet::GetVCP()
2025/10/07 05:12:51.057 [T:0xf5a0e] [DisplayControl] Enter MCCSOtherSet::GetVCP(), vcp code = 16
2025/10/07 05:12:51.196 [T:0xf5a0e] [DisplayControl] Exit MCCSOtherSet::GetVCP()
2025/10/07 05:12:51.197 [T:0xf5a0e] [DisplayControl] Enter MCCSOtherSet::GetVCP(), vcp code = 16
2025/10/07 05:12:51.339 [T:0xf5a0e] [DisplayControl] Exit MCCSOtherSet::GetVCP()
2025/10/07 05:12:51.339 [T:0xf5a0e] [DisplayControl] Enter MCCSOtherSet::GetVCP(), vcp code = 16
2025/10/07 05:12:51.479 [T:0xf5a0e] [DisplayControl] Exit MCCSOtherSet::GetVCP()
2025/10/07 05:12:51.588 [T:0xf5a0e] [DisplayControl] Enter MCCSOtherSet::GetVCP(), vcp code = 97
2025/10/07 05:12:51.672 [T:0xf5a0e] [DisplayControl] Exit MCCSOtherSet::GetVCP()
2025/10/07 05:12:51.778 [T:0xf5a0e] [DisplayControl] Enter MCCSOtherSet::GetVCP(), vcp code = 135
2025/10/07 05:12:51.859 [T:0xf5a0e] [DisplayControl] Exit MCCSOtherSet::GetVCP()
2025/10/07 05:12:51.967 [T:0xf5a0e] [DisplayControl] Enter MCCSOtherSet::GetVCP(), vcp code = 4
2025/10/07 05:12:52.048 [T:0xf5a0e] [DisplayControl] Exit MCCSOtherSet::GetVCP()
2025/10/07 05:12:52.156 [T:0xf5a0e] [DisplayControl] Enter MCCSOtherSet::GetVCP(), vcp code = 51
2025/10/07 05:12:52.236 [T:0xf5a0e] [DisplayControl] Exit MCCSOtherSet::GetVCP()
2025/10/07 05:12:52.343 [T:0xf5a0e] [DisplayControl] Enter MCCSOtherSet::GetVCP(), vcp code = 20
2025/10/07 05:12:52.425 [T:0xf5a0e] [DisplayControl] Exit MCCSOtherSet::GetVCP()
2025/10/07 05:12:52.533 [T:0xf5a0e] [DisplayControl] Enter MCCSOtherSet::GetVCP(), vcp code = 245
2025/10/07 05:12:52.615 [T:0xf5a0e] [DisplayControl] Exit MCCSOtherSet::GetVCP()
2025/10/07 05:12:52.722 [T:0xf5a0e] [DisplayControl] Enter MCCSOtherSet::GetVCP(), vcp code = 220
2025/10/07 05:12:52.803 [T:0xf5a0e] [DisplayControl] Exit MCCSOtherSet::GetVCP()
2025/10/07 05:12:52.909 [T:0xf5a0e] [DisplayControl] Enter MCCSOtherSet::GetVCP(), vcp code = 18
2025/10/07 05:12:52.988 [T:0xf5a0e] [DisplayControl] Exit MCCSOtherSet::GetVCP()
2025/10/07 05:12:52.989 [T:0xf5a0e] [DisplayControl] Enter MCCSOtherSet::GetVCP(), vcp code = 18
2025/10/07 05:12:53.128 [T:0xf5a0e] [DisplayControl] Exit MCCSOtherSet::GetVCP()
2025/10/07 05:12:53.128 [T:0xf5a0e] [DisplayControl] Enter MCCSOtherSet::GetVCP(), vcp code = 18
2025/10/07 05:12:53.272 [T:0xf5a0e] [DisplayControl] Exit MCCSOtherSet::GetVCP()
2025/10/07 05:12:53.272 [T:0xf5a0e] [DisplayControl] Enter MCCSOtherSet::GetVCP(), vcp code = 18
2025/10/07 05:12:53.413 [T:0xf5a0e] [DisplayControl] Exit MCCSOtherSet::GetVCP()
2025/10/07 05:12:53.414 [T:0xf5a0e] [DisplayControl] Enter MCCSOtherSet::GetVCP(), vcp code = 18
2025/10/07 05:12:53.556 [T:0xf5a0e] [DisplayControl] Exit MCCSOtherSet::GetVCP()
2025/10/07 05:12:53.556 [T:0xf5a0e] [DisplayControl] Enter MCCSOtherSet::GetVCP(), vcp code = 18
2025/10/07 05:12:53.697 [T:0xf5a0e] [DisplayControl] Exit MCCSOtherSet::GetVCP()
2025/10/07 05:12:53.697 [T:0xf5a0e] [DisplayControl] Enter MCCSOtherSet::GetVCP(), vcp code = 18
2025/10/07 05:12:53.835 [T:0xf5a0e] [DisplayControl] Exit MCCSOtherSet::GetVCP()
2025/10/07 05:12:53.835 [T:0xf5a0e] [DisplayControl] Enter MCCSOtherSet::GetVCP(), vcp code = 18
2025/10/07 05:12:53.976 [T:0xf5a0e] [DisplayControl] Exit MCCSOtherSet::GetVCP()
2025/10/07 05:12:53.976 [T:0xf5a0e] [DisplayControl] Enter MCCSOtherSet::GetVCP(), vcp code = 18
2025/10/07 05:12:54.118 [T:0xf5a0e] [DisplayControl] Exit MCCSOtherSet::GetVCP()
2025/10/07 05:12:54.118 [T:0xf5a0e] [DisplayControl] Enter MCCSOtherSet::GetVCP(), vcp code = 18
2025/10/07 05:12:54.260 [T:0xf5a0e] [DisplayControl] Exit MCCSOtherSet::GetVCP()
2025/10/07 05:12:54.261 [T:0xf5a0e] [DisplayControl] Enter MCCSOtherSet::GetVCP(), vcp code = 18
2025/10/07 05:12:54.403 [T:0xf5a0e] [DisplayControl] Exit MCCSOtherSet::GetVCP()
2025/10/07 05:12:54.403 [T:0xf5a0e] [DisplayControl] Enter MCCSOtherSet::GetVCP(), vcp code = 18
2025/10/07 05:12:54.546 [T:0xf5a0e] [DisplayControl] Exit MCCSOtherSet::GetVCP()
2025/10/07 05:12:54.546 [T:0xf5a0e] [DisplayControl] Enter MCCSOtherSet::GetVCP(), vcp code = 18
2025/10/07 05:12:54.688 [T:0xf5a0e] [DisplayControl] Exit MCCSOtherSet::GetVCP()
2025/10/07 05:12:54.689 [T:0xf5a0e] [DisplayControl] Enter MCCSOtherSet::GetVCP(), vcp code = 18
2025/10/07 05:12:54.830 [T:0xf5a0e] [DisplayControl] Exit MCCSOtherSet::GetVCP()
2025/10/07 05:12:54.831 [T:0xf5a0e] [DisplayControl] Enter MCCSOtherSet::GetVCP(), vcp code = 18
2025/10/07 05:12:54.971 [T:0xf5a0e] [DisplayControl] Exit MCCSOtherSet::GetVCP()
2025/10/07 05:12:54.972 [T:0xf5a0e] [DisplayControl] Enter MCCSOtherSet::GetVCP(), vcp code = 18
2025/10/07 05:12:55.111 [T:0xf5a0e] [DisplayControl] Exit MCCSOtherSet::GetVCP()
2025/10/07 05:12:55.112 [T:0xf5a0e] [DisplayControl] Enter MCCSOtherSet::GetVCP(), vcp code = 18
2025/10/07 05:12:55.255 [T:0xf5a0e] [DisplayControl] Exit MCCSOtherSet::GetVCP()
2025/10/07 05:12:55.256 [T:0xf5a0e] [DisplayControl] Enter MCCSOtherSet::GetVCP(), vcp code = 18
2025/10/07 05:12:55.398 [T:0xf5a0e] [DisplayControl] Exit MCCSOtherSet::GetVCP()
2025/10/07 05:12:55.398 [T:0xf5a0e] [DisplayControl] Enter MCCSOtherSet::GetVCP(), vcp code = 18
2025/10/07 05:12:55.541 [T:0xf5a0e] [DisplayControl] Exit MCCSOtherSet::GetVCP()
2025/10/07 05:12:55.541 [T:0xf5a0e] [DisplayControl] Enter MCCSOtherSet::GetVCP(), vcp code = 18
2025/10/07 05:12:55.682 [T:0xf5a0e] [DisplayControl] Exit MCCSOtherSet::GetVCP()
2025/10/07 05:12:55.682 [T:0xf5a0e] [DisplayControl] Enter MCCSOtherSet::GetVCP(), vcp code = 18
2025/10/07 05:12:55.822 [T:0xf5a0e] [DisplayControl] Exit MCCSOtherSet::GetVCP()
2025/10/07 05:12:55.822 [T:0xf5a0e] [DisplayControl] Enter MCCSOtherSet::GetVCP(), vcp code = 18
2025/10/07 05:12:55.961 [T:0xf5a0e] [DisplayControl] Exit MCCSOtherSet::GetVCP()
2025/10/07 05:12:55.962 [T:0xf5a0e] [DisplayControl] Enter MCCSOtherSet::GetVCP(), vcp code = 18
2025/10/07 05:12:56.102 [T:0xf5a0e] [DisplayControl] Exit MCCSOtherSet::GetVCP()
2025/10/07 05:12:56.102 [T:0xf5a0e] [DisplayControl] Enter MCCSOtherSet::GetVCP(), vcp code = 18
2025/10/07 05:12:56.244 [T:0xf5a0e] [DisplayControl] Exit MCCSOtherSet::GetVCP()
2025/10/07 05:12:56.244 [T:0xf5a0e] [DisplayControl] Enter MCCSOtherSet::GetVCP(), vcp code = 18
2025/10/07 05:12:56.384 [T:0xf5a0e] [DisplayControl] Exit MCCSOtherSet::GetVCP()
2025/10/07 05:12:56.385 [T:0xf5a0e] [DisplayControl] Enter MCCSOtherSet::GetVCP(), vcp code = 18
2025/10/07 05:12:56.524 [T:0xf5a0e] [DisplayControl] Exit MCCSOtherSet::GetVCP()
2025/10/07 05:12:56.524 [T:0xf5a0e] [DisplayControl] Enter MCCSOtherSet::GetVCP(), vcp code = 18
2025/10/07 05:12:56.664 [T:0xf5a0e] [DisplayControl] Exit MCCSOtherSet::GetVCP()
2025/10/07 05:12:56.664 [T:0xf5a0e] [DisplayControl] Enter MCCSOtherSet::GetVCP(), vcp code = 18
2025/10/07 05:12:56.808 [T:0xf5a0e] [DisplayControl] Exit MCCSOtherSet::GetVCP()
2025/10/07 05:12:56.808 [T:0xf5a0e] [DisplayControl] Enter MCCSOtherSet::GetVCP(), vcp code = 18
2025/10/07 05:12:56.948 [T:0xf5a0e] [DisplayControl] Exit MCCSOtherSet::GetVCP()
2025/10/07 05:12:56.948 [T:0xf5a0e] [DisplayControl] Enter MCCSOtherSet::GetVCP(), vcp code = 18
2025/10/07 05:12:57.086 [T:0xf5a0e] [DisplayControl] Exit MCCSOtherSet::GetVCP()
2025/10/07 05:12:57.087 [T:0xf5a0e] [DisplayControl] Enter MCCSOtherSet::GetVCP(), vcp code = 18
2025/10/07 05:12:57.228 [T:0xf5a0e] [DisplayControl] Exit MCCSOtherSet::GetVCP()
2025/10/07 05:12:57.228 [T:0xf5a0e] [DisplayControl] Enter MCCSOtherSet::GetVCP(), vcp code = 18
2025/10/07 05:12:57.368 [T:0xf5a0e] [DisplayControl] Exit MCCSOtherSet::GetVCP()
2025/10/07 05:12:57.368 [T:0xf5a0e] [DisplayControl] Enter MCCSOtherSet::GetVCP(), vcp code = 18
2025/10/07 05:12:57.511 [T:0xf5a0e] [DisplayControl] Exit MCCSOtherSet::GetVCP()
2025/10/07 05:12:57.511 [T:0xf5a0e] [DisplayControl] Enter MCCSOtherSet::GetVCP(), vcp code = 18
2025/10/07 05:12:57.652 [T:0xf5a0e] [DisplayControl] Exit MCCSOtherSet::GetVCP()
2025/10/07 05:12:57.652 [T:0xf5a0e] [DisplayControl] Enter MCCSOtherSet::GetVCP(), vcp code = 18
2025/10/07 05:12:57.795 [T:0xf5a0e] [DisplayControl] Exit MCCSOtherSet::GetVCP()
2025/10/07 05:12:57.796 [T:0xf5a0e] [DisplayControl] Enter MCCSOtherSet::GetVCP(), vcp code = 18
2025/10/07 05:12:57.939 [T:0xf5a0e] [DisplayControl] Exit MCCSOtherSet::GetVCP()
2025/10/07 05:12:58.046 [T:0xf5a0e] [DisplayControl] Enter MCCSOtherSet::GetVCP(), vcp code = 96
2025/10/07 05:12:58.131 [T:0xf5a0e] [DisplayControl] Exit MCCSOtherSet::GetVCP()
2025/10/07 05:12:58.235 [T:0xf5a0e] [DisplayControl] Enter MCCSOtherSet::GetVCP(), vcp code = 98
2025/10/07 05:12:58.319 [T:0xf5a0e] [DisplayControl] Exit MCCSOtherSet::GetVCP()
2025/10/07 05:12:58.421 [T:0xf5a0e] [DisplayControl] Enter MCCSOtherSet::GetVCP(), vcp code = 225
2025/10/07 05:12:58.508 [T:0xf5a0e] [DisplayControl] Exit MCCSOtherSet::GetVCP()
2025/10/07 05:12:58.611 [T:0xf5a0e] [DisplayControl] Enter MCCSOtherSet::GetVCP(), vcp code = 43
2025/10/07 05:12:58.697 [T:0xf5a0e] [DisplayControl] Exit MCCSOtherSet::GetVCP()
2025/10/07 05:12:58.801 [T:0xf5a0e] [DisplayControl] Enter MCCSOtherSet::GetVCP(), vcp code = 141
2025/10/07 05:12:58.885 [T:0xf5a0e] [DisplayControl] Exit MCCSOtherSet::GetVCP()
2025/10/07 05:12:58.987 [T:0xf5a0e] [DisplayControl] Enter MCCSOtherSet::GetVCP(), vcp code = 16
2025/10/07 05:12:59.072 [T:0xf5a0e] [DisplayControl] Exit MCCSOtherSet::GetVCP()
2025/10/07 05:12:59.173 [T:0xf5a0e] [DisplayControl] Enter MCCSOtherSet::GetVCP(), vcp code = 97
2025/10/07 05:12:59.260 [T:0xf5a0e] [DisplayControl] Exit MCCSOtherSet::GetVCP()
2025/10/07 05:12:59.362 [T:0xf5a0e] [DisplayControl] Enter MCCSOtherSet::GetVCP(), vcp code = 135
2025/10/07 05:12:59.448 [T:0xf5a0e] [DisplayControl] Exit MCCSOtherSet::GetVCP()
2025/10/07 05:12:59.552 [T:0xf5a0e] [DisplayControl] Enter MCCSOtherSet::GetVCP(), vcp code = 4
2025/10/07 05:12:59.637 [T:0xf5a0e] [DisplayControl] Exit MCCSOtherSet::GetVCP()
2025/10/07 05:12:59.739 [T:0xf5a0e] [DisplayControl] Enter MCCSOtherSet::GetVCP(), vcp code = 51
2025/10/07 05:12:59.824 [T:0xf5a0e] [DisplayControl] Exit MCCSOtherSet::GetVCP()
2025/10/07 05:12:59.926 [T:0xf5a0e] [DisplayControl] Enter MCCSOtherSet::GetVCP(), vcp code = 220
2025/10/07 05:13:00.013 [T:0xf5a0e] [DisplayControl] Exit MCCSOtherSet::GetVCP()
2025/10/07 05:13:00.117 [T:0xf5a0e] [DisplayControl] Enter MCCSOtherSet::GetVCP(), vcp code = 18
2025/10/07 05:13:00.203 [T:0xf5a0e] [DisplayControl] Exit MCCSOtherSet::GetVCP()
2025/10/07 05:13:00.308 [T:0xf5a0e] [DisplayControl] Enter MCCSOtherSet::GetVCP(), vcp code = 236
2025/10/07 05:13:00.394 [T:0xf5a0e] [DisplayControl] Exit MCCSOtherSet::GetVCP()
2025/10/07 05:13:00.498 [T:0xf5a0e] [DisplayControl] Enter MCCSOtherSet::GetVCP(), vcp code = 226
2025/10/07 05:13:00.584 [T:0xf5a0e] [DisplayControl] Exit MCCSOtherSet::GetVCP()
2025/10/07 05:13:49.402 [T:0x41649] [DisplayControl] Enter MCCSOtherSet::GetVCP(), vcp code = 96
2025/10/07 05:13:49.507 [T:0x41649] [DisplayControl] Exit MCCSOtherSet::GetVCP()
2025/10/07 05:13:49.731 [T:0x2ed57] [DisplayControl] Enter MCCSOtherSet::GetVCP(), vcp code = 96
2025/10/07 05:13:49.832 [T:0x2ed57] [DisplayControl] Exit MCCSOtherSet::GetVCP()
2025/10/07 05:13:49.940 [T:0x2ed57] [DisplayControl] Enter MCCSOtherSet::GetVCP(), vcp code = 98
2025/10/07 05:13:50.023 [T:0x2ed57] [DisplayControl] Exit MCCSOtherSet::GetVCP()
2025/10/07 05:13:50.130 [T:0x2ed57] [DisplayControl] Enter MCCSOtherSet::GetVCP(), vcp code = 225
2025/10/07 05:13:50.210 [T:0x2ed57] [DisplayControl] Exit MCCSOtherSet::GetVCP()
2025/10/07 05:13:50.315 [T:0x2ed57] [DisplayControl] Enter MCCSOtherSet::GetVCP(), vcp code = 43
2025/10/07 05:13:50.396 [T:0x2ed57] [DisplayControl] Exit MCCSOtherSet::GetVCP()
2025/10/07 05:13:50.503 [T:0x2ed57] [DisplayControl] Enter MCCSOtherSet::GetVCP(), vcp code = 141
2025/10/07 05:13:50.584 [T:0x2ed57] [DisplayControl] Exit MCCSOtherSet::GetVCP()
2025/10/07 05:13:50.693 [T:0x2ed57] [DisplayControl] Enter MCCSOtherSet::GetVCP(), vcp code = 16
2025/10/07 05:13:50.775 [T:0x2ed57] [DisplayControl] Exit MCCSOtherSet::GetVCP()
2025/10/07 05:13:50.776 [T:0x2ed57] [DisplayControl] Enter MCCSOtherSet::GetVCP(), vcp code = 16
2025/10/07 05:13:50.919 [T:0x2ed57] [DisplayControl] Exit MCCSOtherSet::GetVCP()
2025/10/07 05:13:50.920 [T:0x2ed57] [DisplayControl] Enter MCCSOtherSet::GetVCP(), vcp code = 16
2025/10/07 05:13:51.062 [T:0x2ed57] [DisplayControl] Exit MCCSOtherSet::GetVCP()
2025/10/07 05:13:51.063 [T:0x2ed57] [DisplayControl] Enter MCCSOtherSet::GetVCP(), vcp code = 16
2025/10/07 05:13:51.205 [T:0x2ed57] [DisplayControl] Exit MCCSOtherSet::GetVCP()
2025/10/07 05:13:51.205 [T:0x2ed57] [DisplayControl] Enter MCCSOtherSet::GetVCP(), vcp code = 16
2025/10/07 05:13:51.347 [T:0x2ed57] [DisplayControl] Exit MCCSOtherSet::GetVCP()
2025/10/07 05:13:51.347 [T:0x2ed57] [DisplayControl] Enter MCCSOtherSet::GetVCP(), vcp code = 16
2025/10/07 05:13:51.488 [T:0x2ed57] [DisplayControl] Exit MCCSOtherSet::GetVCP()
2025/10/07 05:13:51.489 [T:0x2ed57] [DisplayControl] Enter MCCSOtherSet::GetVCP(), vcp code = 16
2025/10/07 05:13:51.629 [T:0x2ed57] [DisplayControl] Exit MCCSOtherSet::GetVCP()
2025/10/07 05:13:51.629 [T:0x2ed57] [DisplayControl] Enter MCCSOtherSet::GetVCP(), vcp code = 16
2025/10/07 05:13:51.768 [T:0x2ed57] [DisplayControl] Exit MCCSOtherSet::GetVCP()
2025/10/07 05:13:51.768 [T:0x2ed57] [DisplayControl] Enter MCCSOtherSet::GetVCP(), vcp code = 16
2025/10/07 05:13:51.908 [T:0x2ed57] [DisplayControl] Exit MCCSOtherSet::GetVCP()
2025/10/07 05:13:51.913 [T:0x2ed57] [DisplayControl] Enter MCCSOtherSet::GetVCP(), vcp code = 16
2025/10/07 05:13:52.051 [T:0x2ed57] [DisplayControl] Exit MCCSOtherSet::GetVCP()
2025/10/07 05:13:52.051 [T:0x2ed57] [DisplayControl] Enter MCCSOtherSet::GetVCP(), vcp code = 16
2025/10/07 05:13:52.193 [T:0x2ed57] [DisplayControl] Exit MCCSOtherSet::GetVCP()
2025/10/07 05:13:52.194 [T:0x2ed57] [DisplayControl] Enter MCCSOtherSet::GetVCP(), vcp code = 16
2025/10/07 05:13:52.333 [T:0x2ed57] [DisplayControl] Exit MCCSOtherSet::GetVCP()
2025/10/07 05:13:52.333 [T:0x2ed57] [DisplayControl] Enter MCCSOtherSet::GetVCP(), vcp code = 16
2025/10/07 05:13:52.473 [T:0x2ed57] [DisplayControl] Exit MCCSOtherSet::GetVCP()
2025/10/07 05:13:52.473 [T:0x2ed57] [DisplayControl] Enter MCCSOtherSet::GetVCP(), vcp code = 16
2025/10/07 05:13:52.616 [T:0x2ed57] [DisplayControl] Exit MCCSOtherSet::GetVCP()
2025/10/07 05:13:52.616 [T:0x2ed57] [DisplayControl] Enter MCCSOtherSet::GetVCP(), vcp code = 16
2025/10/07 05:13:52.757 [T:0x2ed57] [DisplayControl] Exit MCCSOtherSet::GetVCP()
2025/10/07 05:13:52.758 [T:0x2ed57] [DisplayControl] Enter MCCSOtherSet::GetVCP(), vcp code = 16
2025/10/07 05:13:52.900 [T:0x2ed57] [DisplayControl] Exit MCCSOtherSet::GetVCP()
2025/10/07 05:13:52.900 [T:0x2ed57] [DisplayControl] Enter MCCSOtherSet::GetVCP(), vcp code = 16
2025/10/07 05:13:53.039 [T:0x2ed57] [DisplayControl] Exit MCCSOtherSet::GetVCP()
2025/10/07 05:13:53.040 [T:0x2ed57] [DisplayControl] Enter MCCSOtherSet::GetVCP(), vcp code = 16
2025/10/07 05:13:53.179 [T:0x2ed57] [DisplayControl] Exit MCCSOtherSet::GetVCP()
2025/10/07 05:13:53.179 [T:0x2ed57] [DisplayControl] Enter MCCSOtherSet::GetVCP(), vcp code = 16
2025/10/07 05:13:53.321 [T:0x2ed57] [DisplayControl] Exit MCCSOtherSet::GetVCP()
2025/10/07 05:13:53.321 [T:0x2ed57] [DisplayControl] Enter MCCSOtherSet::GetVCP(), vcp code = 16
2025/10/07 05:13:53.464 [T:0x2ed57] [DisplayControl] Exit MCCSOtherSet::GetVCP()
2025/10/07 05:13:53.464 [T:0x2ed57] [DisplayControl] Enter MCCSOtherSet::GetVCP(), vcp code = 16
2025/10/07 05:13:53.607 [T:0x2ed57] [DisplayControl] Exit MCCSOtherSet::GetVCP()
2025/10/07 05:13:53.607 [T:0x2ed57] [DisplayControl] Enter MCCSOtherSet::GetVCP(), vcp code = 16
2025/10/07 05:13:53.750 [T:0x2ed57] [DisplayControl] Exit MCCSOtherSet::GetVCP()
2025/10/07 05:13:53.750 [T:0x2ed57] [DisplayControl] Enter MCCSOtherSet::GetVCP(), vcp code = 16
2025/10/07 05:13:53.893 [T:0x2ed57] [DisplayControl] Exit MCCSOtherSet::GetVCP()
2025/10/07 05:13:53.893 [T:0x2ed57] [DisplayControl] Enter MCCSOtherSet::GetVCP(), vcp code = 16
2025/10/07 05:13:54.035 [T:0x2ed57] [DisplayControl] Exit MCCSOtherSet::GetVCP()
2025/10/07 05:13:54.036 [T:0x2ed57] [DisplayControl] Enter MCCSOtherSet::GetVCP(), vcp code = 16
2025/10/07 05:13:54.178 [T:0x2ed57] [DisplayControl] Exit MCCSOtherSet::GetVCP()
2025/10/07 05:13:54.178 [T:0x2ed57] [DisplayControl] Enter MCCSOtherSet::GetVCP(), vcp code = 16
2025/10/07 05:13:54.317 [T:0x2ed57] [DisplayControl] Exit MCCSOtherSet::GetVCP()
2025/10/07 05:13:54.317 [T:0x2ed57] [DisplayControl] Enter MCCSOtherSet::GetVCP(), vcp code = 16
2025/10/07 05:13:54.459 [T:0x2ed57] [DisplayControl] Exit MCCSOtherSet::GetVCP()
2025/10/07 05:13:54.459 [T:0x2ed57] [DisplayControl] Enter MCCSOtherSet::GetVCP(), vcp code = 16
2025/10/07 05:13:54.601 [T:0x2ed57] [DisplayControl] Exit MCCSOtherSet::GetVCP()
2025/10/07 05:13:54.601 [T:0x2ed57] [DisplayControl] Enter MCCSOtherSet::GetVCP(), vcp code = 16
2025/10/07 05:13:54.741 [T:0x2ed57] [DisplayControl] Exit MCCSOtherSet::GetVCP()
2025/10/07 05:13:54.742 [T:0x2ed57] [DisplayControl] Enter MCCSOtherSet::GetVCP(), vcp code = 16
2025/10/07 05:13:54.883 [T:0x2ed57] [DisplayControl] Exit MCCSOtherSet::GetVCP()
2025/10/07 05:13:54.883 [T:0x2ed57] [DisplayControl] Enter MCCSOtherSet::GetVCP(), vcp code = 16
2025/10/07 05:13:55.023 [T:0x2ed57] [DisplayControl] Exit MCCSOtherSet::GetVCP()
2025/10/07 05:13:55.023 [T:0x2ed57] [DisplayControl] Enter MCCSOtherSet::GetVCP(), vcp code = 16
2025/10/07 05:13:55.162 [T:0x2ed57] [DisplayControl] Exit MCCSOtherSet::GetVCP()
2025/10/07 05:13:55.162 [T:0x2ed57] [DisplayControl] Enter MCCSOtherSet::GetVCP(), vcp code = 16
2025/10/07 05:13:55.303 [T:0x2ed57] [DisplayControl] Exit MCCSOtherSet::GetVCP()
2025/10/07 05:13:55.304 [T:0x2ed57] [DisplayControl] Enter MCCSOtherSet::GetVCP(), vcp code = 16
2025/10/07 05:13:55.446 [T:0x2ed57] [DisplayControl] Exit MCCSOtherSet::GetVCP()
2025/10/07 05:13:55.446 [T:0x2ed57] [DisplayControl] Enter MCCSOtherSet::GetVCP(), vcp code = 16
2025/10/07 05:13:55.588 [T:0x2ed57] [DisplayControl] Exit MCCSOtherSet::GetVCP()
2025/10/07 05:13:55.589 [T:0x2ed57] [DisplayControl] Enter MCCSOtherSet::GetVCP(), vcp code = 16
2025/10/07 05:13:55.729 [T:0x2ed57] [DisplayControl] Exit MCCSOtherSet::GetVCP()
2025/10/07 05:13:55.834 [T:0x2ed57] [DisplayControl] Enter MCCSOtherSet::GetVCP(), vcp code = 97
2025/10/07 05:13:55.916 [T:0x2ed57] [DisplayControl] Exit MCCSOtherSet::GetVCP()
2025/10/07 05:13:56.021 [T:0x2ed57] [DisplayControl] Enter MCCSOtherSet::GetVCP(), vcp code = 135
2025/10/07 05:13:56.104 [T:0x2ed57] [DisplayControl] Exit MCCSOtherSet::GetVCP()
2025/10/07 05:13:56.213 [T:0x2ed57] [DisplayControl] Enter MCCSOtherSet::GetVCP(), vcp code = 4
2025/10/07 05:13:56.295 [T:0x2ed57] [DisplayControl] Exit MCCSOtherSet::GetVCP()
2025/10/07 05:13:56.403 [T:0x2ed57] [DisplayControl] Enter MCCSOtherSet::GetVCP(), vcp code = 51
2025/10/07 05:13:56.485 [T:0x2ed57] [DisplayControl] Exit MCCSOtherSet::GetVCP()
2025/10/07 05:13:56.594 [T:0x2ed57] [DisplayControl] Enter MCCSOtherSet::GetVCP(), vcp code = 20
2025/10/07 05:13:56.677 [T:0x2ed57] [DisplayControl] Exit MCCSOtherSet::GetVCP()
2025/10/07 05:13:56.784 [T:0x2ed57] [DisplayControl] Enter MCCSOtherSet::GetVCP(), vcp code = 245
2025/10/07 05:13:56.866 [T:0x2ed57] [DisplayControl] Exit MCCSOtherSet::GetVCP()
2025/10/07 05:13:56.971 [T:0x2ed57] [DisplayControl] Enter MCCSOtherSet::GetVCP(), vcp code = 220
2025/10/07 05:13:57.050 [T:0x2ed57] [DisplayControl] Exit MCCSOtherSet::GetVCP()
2025/10/07 05:13:57.157 [T:0x2ed57] [DisplayControl] Enter MCCSOtherSet::GetVCP(), vcp code = 18
2025/10/07 05:13:57.239 [T:0x2ed57] [DisplayControl] Exit MCCSOtherSet::GetVCP()
2025/10/07 05:13:57.240 [T:0x2ed57] [DisplayControl] Enter MCCSOtherSet::GetVCP(), vcp code = 18
2025/10/07 05:13:57.381 [T:0x2ed57] [DisplayControl] Exit MCCSOtherSet::GetVCP()
2025/10/07 05:13:57.382 [T:0x2ed57] [DisplayControl] Enter MCCSOtherSet::GetVCP(), vcp code = 18
2025/10/07 05:13:57.523 [T:0x2ed57] [DisplayControl] Exit MCCSOtherSet::GetVCP()
2025/10/07 05:13:57.523 [T:0x2ed57] [DisplayControl] Enter MCCSOtherSet::GetVCP(), vcp code = 18
2025/10/07 05:13:57.664 [T:0x2ed57] [DisplayControl] Exit MCCSOtherSet::GetVCP()
2025/10/07 05:13:57.665 [T:0x2ed57] [DisplayControl] Enter MCCSOtherSet::GetVCP(), vcp code = 18
2025/10/07 05:13:57.804 [T:0x2ed57] [DisplayControl] Exit MCCSOtherSet::GetVCP()
2025/10/07 05:13:57.804 [T:0x2ed57] [DisplayControl] Enter MCCSOtherSet::GetVCP(), vcp code = 18
2025/10/07 05:13:57.942 [T:0x2ed57] [DisplayControl] Exit MCCSOtherSet::GetVCP()
2025/10/07 05:13:57.943 [T:0x2ed57] [DisplayControl] Enter MCCSOtherSet::GetVCP(), vcp code = 18
2025/10/07 05:13:58.085 [T:0x2ed57] [DisplayControl] Exit MCCSOtherSet::GetVCP()
2025/10/07 05:13:58.086 [T:0x2ed57] [DisplayControl] Enter MCCSOtherSet::GetVCP(), vcp code = 18
2025/10/07 05:13:58.228 [T:0x2ed57] [DisplayControl] Exit MCCSOtherSet::GetVCP()
2025/10/07 05:13:58.228 [T:0x2ed57] [DisplayControl] Enter MCCSOtherSet::GetVCP(), vcp code = 18
2025/10/07 05:13:58.369 [T:0x2ed57] [DisplayControl] Exit MCCSOtherSet::GetVCP()
2025/10/07 05:13:58.370 [T:0x2ed57] [DisplayControl] Enter MCCSOtherSet::GetVCP(), vcp code = 18
2025/10/07 05:13:58.509 [T:0x2ed57] [DisplayControl] Exit MCCSOtherSet::GetVCP()
2025/10/07 05:13:58.510 [T:0x2ed57] [DisplayControl] Enter MCCSOtherSet::GetVCP(), vcp code = 18
2025/10/07 05:13:58.649 [T:0x2ed57] [DisplayControl] Exit MCCSOtherSet::GetVCP()
2025/10/07 05:13:58.649 [T:0x2ed57] [DisplayControl] Enter MCCSOtherSet::GetVCP(), vcp code = 18
2025/10/07 05:13:58.790 [T:0x2ed57] [DisplayControl] Exit MCCSOtherSet::GetVCP()
2025/10/07 05:13:58.790 [T:0x2ed57] [DisplayControl] Enter MCCSOtherSet::GetVCP(), vcp code = 18
2025/10/07 05:13:58.932 [T:0x2ed57] [DisplayControl] Exit MCCSOtherSet::GetVCP()
2025/10/07 05:13:58.932 [T:0x2ed57] [DisplayControl] Enter MCCSOtherSet::GetVCP(), vcp code = 18
2025/10/07 05:13:59.074 [T:0x2ed57] [DisplayControl] Exit MCCSOtherSet::GetVCP()
2025/10/07 05:13:59.074 [T:0x2ed57] [DisplayControl] Enter MCCSOtherSet::GetVCP(), vcp code = 18
2025/10/07 05:13:59.216 [T:0x2ed57] [DisplayControl] Exit MCCSOtherSet::GetVCP()
2025/10/07 05:13:59.217 [T:0x2ed57] [DisplayControl] Enter MCCSOtherSet::GetVCP(), vcp code = 18
2025/10/07 05:13:59.357 [T:0x2ed57] [DisplayControl] Exit MCCSOtherSet::GetVCP()
2025/10/07 05:13:59.358 [T:0x2ed57] [DisplayControl] Enter MCCSOtherSet::GetVCP(), vcp code = 18
2025/10/07 05:13:59.500 [T:0x2ed57] [DisplayControl] Exit MCCSOtherSet::GetVCP()
2025/10/07 05:13:59.500 [T:0x2ed57] [DisplayControl] Enter MCCSOtherSet::GetVCP(), vcp code = 18
2025/10/07 05:13:59.642 [T:0x2ed57] [DisplayControl] Exit MCCSOtherSet::GetVCP()
2025/10/07 05:13:59.642 [T:0x2ed57] [DisplayControl] Enter MCCSOtherSet::GetVCP(), vcp code = 18
2025/10/07 05:13:59.784 [T:0x2ed57] [DisplayControl] Exit MCCSOtherSet::GetVCP()
2025/10/07 05:13:59.785 [T:0x2ed57] [DisplayControl] Enter MCCSOtherSet::GetVCP(), vcp code = 18
2025/10/07 05:13:59.927 [T:0x2ed57] [DisplayControl] Exit MCCSOtherSet::GetVCP()
2025/10/07 05:13:59.927 [T:0x2ed57] [DisplayControl] Enter MCCSOtherSet::GetVCP(), vcp code = 18
2025/10/07 05:14:00.069 [T:0x2ed57] [DisplayControl] Exit MCCSOtherSet::GetVCP()
2025/10/07 05:14:00.070 [T:0x2ed57] [DisplayControl] Enter MCCSOtherSet::GetVCP(), vcp code = 18
2025/10/07 05:14:00.211 [T:0x2ed57] [DisplayControl] Exit MCCSOtherSet::GetVCP()
2025/10/07 05:14:00.211 [T:0x2ed57] [DisplayControl] Enter MCCSOtherSet::GetVCP(), vcp code = 18
2025/10/07 05:14:00.351 [T:0x2ed57] [DisplayControl] Exit MCCSOtherSet::GetVCP()
2025/10/07 05:14:00.352 [T:0x2ed57] [DisplayControl] Enter MCCSOtherSet::GetVCP(), vcp code = 18
2025/10/07 05:14:00.492 [T:0x2ed57] [DisplayControl] Exit MCCSOtherSet::GetVCP()
2025/10/07 05:14:00.492 [T:0x2ed57] [DisplayControl] Enter MCCSOtherSet::GetVCP(), vcp code = 18
2025/10/07 05:14:00.633 [T:0x2ed57] [DisplayControl] Exit MCCSOtherSet::GetVCP()
2025/10/07 05:14:00.633 [T:0x2ed57] [DisplayControl] Enter MCCSOtherSet::GetVCP(), vcp code = 18
2025/10/07 05:14:00.774 [T:0x2ed57] [DisplayControl] Exit MCCSOtherSet::GetVCP()
2025/10/07 05:14:00.775 [T:0x2ed57] [DisplayControl] Enter MCCSOtherSet::GetVCP(), vcp code = 18
2025/10/07 05:14:00.916 [T:0x2ed57] [DisplayControl] Exit MCCSOtherSet::GetVCP()
2025/10/07 05:14:00.916 [T:0x2ed57] [DisplayControl] Enter MCCSOtherSet::GetVCP(), vcp code = 18
2025/10/07 05:14:01.056 [T:0x2ed57] [DisplayControl] Exit MCCSOtherSet::GetVCP()
2025/10/07 05:14:01.056 [T:0x2ed57] [DisplayControl] Enter MCCSOtherSet::GetVCP(), vcp code = 18
2025/10/07 05:14:01.194 [T:0x2ed57] [DisplayControl] Exit MCCSOtherSet::GetVCP()
2025/10/07 05:14:01.195 [T:0x2ed57] [DisplayControl] Enter MCCSOtherSet::GetVCP(), vcp code = 18
2025/10/07 05:14:01.336 [T:0x2ed57] [DisplayControl] Exit MCCSOtherSet::GetVCP()
2025/10/07 05:14:01.336 [T:0x2ed57] [DisplayControl] Enter MCCSOtherSet::GetVCP(), vcp code = 18
2025/10/07 05:14:01.478 [T:0x2ed57] [DisplayControl] Exit MCCSOtherSet::GetVCP()
2025/10/07 05:14:01.478 [T:0x2ed57] [DisplayControl] Enter MCCSOtherSet::GetVCP(), vcp code = 18
2025/10/07 05:14:01.621 [T:0x2ed57] [DisplayControl] Exit MCCSOtherSet::GetVCP()
2025/10/07 05:14:01.621 [T:0x2ed57] [DisplayControl] Enter MCCSOtherSet::GetVCP(), vcp code = 18
2025/10/07 05:14:01.760 [T:0x2ed57] [DisplayControl] Exit MCCSOtherSet::GetVCP()
2025/10/07 05:14:01.761 [T:0x2ed57] [DisplayControl] Enter MCCSOtherSet::GetVCP(), vcp code = 18
2025/10/07 05:14:01.900 [T:0x2ed57] [DisplayControl] Exit MCCSOtherSet::GetVCP()
2025/10/07 05:14:01.900 [T:0x2ed57] [DisplayControl] Enter MCCSOtherSet::GetVCP(), vcp code = 18
2025/10/07 05:14:02.040 [T:0x2ed57] [DisplayControl] Exit MCCSOtherSet::GetVCP()
2025/10/07 05:14:02.040 [T:0x2ed57] [DisplayControl] Enter MCCSOtherSet::GetVCP(), vcp code = 18
2025/10/07 05:14:02.183 [T:0x2ed57] [DisplayControl] Exit MCCSOtherSet::GetVCP()
2025/10/07 05:14:06.313 [T:0x2ed57] [DisplayControl] Enter MCCSOtherSet::SetVCP(), vcp code = 4
2025/10/07 05:14:07.256 [T:0x2ed57] [DisplayControl] Exit MCCSOtherSet::SetVCP()
2025/10/07 05:14:12.367 [T:0x2ed57] [DisplayControl] Enter OperationThread::ExitThread
2025/10/07 05:14:12.368 [T:0x2ed57] [DisplayControl] Exit OperationThread::ExitThread
2025/10/07 05:14:12.368 [T:0x2ed57] [DisplayControl] Enter OperationThread::~OperationThread()
2025/10/07 05:14:12.368 [T:0x2ed57] [DisplayControl] Enter OperationThread::ExitThread
2025/10/07 05:14:12.368 [T:0x2ed57] [DisplayControl] Enter OperationThread::ExitThread
2025/10/07 05:14:12.368 [T:0x2ed57] [DisplayControl] Exit OperationThread::ExitThread
2025/10/07 05:14:12.368 [T:0x2ed57] [DisplayControl] Enter OperationThread::~OperationThread()
2025/10/07 05:14:12.368 [T:0x2ed57] [DisplayControl] Enter OperationThread::ExitThread
2025/10/07 05:14:12.395 [T:0x2ed57] [DbgStr] After calling display_control_client_listener_video_port_.UpdateAllDisplayPath()
2025/10/07 05:14:12.416 [T:0x2ed57] [DbgStr] After calling display_control_client_listener_.GetAllDisplayEDID()
2025/10/07 05:14:12.418 [T:0x2ed57] [DisplayControl] Version = 3.0.6.0
2025/10/07 05:14:12.418 [T:0x2ed57] [DisplayControl] Enter ObtainControlHandler1
2025/10/07 05:14:12.418 [T:0x2ed57] [DisplayControl] GetVideoPortCommander
2025/10/07 05:14:12.418 [T:0x2ed57] [DisplayControl] GetUSBHubCommander
2025/10/07 05:14:12.418 [T:0x2ed57] ====== List p_lpo_display_info_video_port, # of devices is ======2
2025/10/07 05:14:12.418 [T:0x2ed57] [DisplayControl] index of p_lpo_display_info_video_port0
2025/10/07 05:14:12.418 [T:0x2ed57] [DisplayControl] Model name from VideoPort = VG2458
2025/10/07 05:14:12.418 [T:0x2ed57] [DisplayControl] SN from VideoPort = YDJ243400006
2025/10/07 05:14:12.418 [T:0x2ed57] [DisplayControl] index of p_lpo_display_info_video_port1
2025/10/07 05:14:12.418 [T:0x2ed57] [DisplayControl] Model name from VideoPort = VG275
2025/10/07 05:14:12.418 [T:0x2ed57] [DisplayControl] SN from VideoPort = XF6232400003
2025/10/07 05:14:12.418 [T:0x2ed57] ====== List p_lpo_display_info_rtd_scalar_rts_hub, # of devices is ======0
2025/10/07 05:14:12.418 [T:0x2ed57] [DisplayControl] GetVSRtkHubControlClientListener
2025/10/07 05:14:12.418 [T:0x2ed57] [DisplayControl] max monitor count = 2
2025/10/07 05:14:12.418 [T:0x2ed57] [DisplayControl] index of display_info_vec = 0
2025/10/07 05:14:12.418 [T:0x2ed57] [DisplayControl] index of p_lpo_display_info_video_port = 0
2025/10/07 05:14:12.418 [T:0x2ed57] [DisplayControl] VideoPortMatchingRule
2025/10/07 05:14:12.418 [T:0x2ed57] [DisplayControl] monitor display_info_model_name = VG2458
2025/10/07 05:14:12.419 [T:0x2ed57] [DisplayControl] monitor video_port_model_name = VG2458
2025/10/07 05:14:12.419 [T:0x2ed57] [DisplayControl] monitor display_info_sn = YDJ243400006
2025/10/07 05:14:12.419 [T:0x2ed57] [DisplayControl] monitor video_port_sn = YDJ243400006
2025/10/07 05:14:12.419 [T:0x2ed57] [DisplayControl] model_name_match = 1
2025/10/07 05:14:12.419 [T:0x2ed57] [DisplayControl] sn_match = 1
2025/10/07 05:14:12.419 [T:0x2ed57] [DisplayControl] video_port is_match = 1
2025/10/07 05:14:12.419 [T:0x2ed57] [DisplayControl] index of display_info_vec = 1
2025/10/07 05:14:12.419 [T:0x2ed57] [DisplayControl] index of p_lpo_display_info_video_port = 0
2025/10/07 05:14:12.419 [T:0x2ed57] [DisplayControl] VideoPortMatchingRule
2025/10/07 05:14:12.419 [T:0x2ed57] [DisplayControl] monitor display_info_model_name = VG275
2025/10/07 05:14:12.419 [T:0x2ed57] [DisplayControl] monitor video_port_model_name = VG2458
2025/10/07 05:14:12.419 [T:0x2ed57] [DisplayControl] monitor display_info_sn = XF6232400003
2025/10/07 05:14:12.419 [T:0x2ed57] [DisplayControl] monitor video_port_sn = YDJ243400006
2025/10/07 05:14:12.419 [T:0x2ed57] [DisplayControl] model_name_match = 0
2025/10/07 05:14:12.419 [T:0x2ed57] [DisplayControl] sn_match = 0
2025/10/07 05:14:12.419 [T:0x2ed57] [DisplayControl] video_port is_match = 0
2025/10/07 05:14:12.419 [T:0x2ed57] [DisplayControl] index of display_info_vec = 1
2025/10/07 05:14:12.419 [T:0x2ed57] [DisplayControl] index of p_lpo_display_info_video_port = 1
2025/10/07 05:14:12.419 [T:0x2ed57] [DisplayControl] VideoPortMatchingRule
2025/10/07 05:14:12.419 [T:0x2ed57] [DisplayControl] monitor display_info_model_name = VG275
2025/10/07 05:14:12.419 [T:0x2ed57] [DisplayControl] monitor video_port_model_name = VG275
2025/10/07 05:14:12.419 [T:0x2ed57] [DisplayControl] monitor display_info_sn = XF6232400003
2025/10/07 05:14:12.419 [T:0x2ed57] [DisplayControl] monitor video_port_sn = XF6232400003
2025/10/07 05:14:12.419 [T:0x2ed57] [DisplayControl] model_name_match = 1
2025/10/07 05:14:12.419 [T:0x2ed57] [DisplayControl] sn_match = 1
2025/10/07 05:14:12.419 [T:0x2ed57] [DisplayControl] video_port is_match = 1
2025/10/07 05:14:12.419 [T:0x2ed57] [DisplayControl] i = 0
2025/10/07 05:14:12.420 [T:0x2ed57] [DisplayControl] Enter OperationThread::OperationThread()
2025/10/07 05:14:12.420 [T:0x2ed57] [DisplayControl] Enter OperationThread::CreateThread
2025/10/07 05:14:12.420 [T:0x2ed57] [DisplayControl] new DisplayFunctioner
2025/10/07 05:14:12.420 [T:0x2ed57] [DisplayControl] insert displayer_vector
2025/10/07 05:14:12.420 [T:0x2ed57] [DisplayControl] insert modelName_SN_to_Display_map
2025/10/07 05:14:12.420 [T:0x2ed57] [DisplayControl] insert device_id_to_Displayer_map_
2025/10/07 05:14:12.420 [T:0x2ed57] [DisplayControl] i = 1
2025/10/07 05:14:12.420 [T:0x2ed57] [DisplayControl] Enter OperationThread::OperationThread()
2025/10/07 05:14:12.420 [T:0x2ed57] [DisplayControl] Enter OperationThread::CreateThread
2025/10/07 05:14:12.420 [T:0x2ed57] [DisplayControl] new DisplayFunctioner
2025/10/07 05:14:12.420 [T:0x2ed57] [DisplayControl] insert displayer_vector
2025/10/07 05:14:12.420 [T:0x2ed57] [DisplayControl] insert modelName_SN_to_Display_map
2025/10/07 05:14:12.420 [T:0x2ed57] [DisplayControl] insert device_id_to_Displayer_map_
2025/10/07 05:14:12.420 [T:0x2ed57] [DisplayControl] monitor size = 2
2025/10/07 05:14:12.420 [T:0x2ed57] [DisplayControl] Exit ObtainControlHandler
2025/10/07 05:14:12.420 [T:0x2ed57] [DisplayControl] Enter MCCSOtherSet::GetVCP(), vcp code = 16
2025/10/07 05:14:12.495 [T:0x2ed57] [DisplayControl] Exit MCCSOtherSet::GetVCP()
2025/10/07 05:14:12.496 [T:0x2ed57] [DisplayControl] Enter MCCSOtherSet::GetVCP(), vcp code = 96
2025/10/07 05:14:12.638 [T:0x2ed57] [DisplayControl] Exit MCCSOtherSet::GetVCP()
2025/10/07 05:14:12.745 [T:0x2ed57] [DisplayControl] Enter MCCSOtherSet::GetVCP(), vcp code = 98
2025/10/07 05:14:12.827 [T:0x2ed57] [DisplayControl] Exit MCCSOtherSet::GetVCP()
2025/10/07 05:14:12.936 [T:0x2ed57] [DisplayControl] Enter MCCSOtherSet::GetVCP(), vcp code = 225
2025/10/07 05:14:13.019 [T:0x2ed57] [DisplayControl] Exit MCCSOtherSet::GetVCP()
2025/10/07 05:14:13.128 [T:0x2ed57] [DisplayControl] Enter MCCSOtherSet::GetVCP(), vcp code = 43
2025/10/07 05:14:13.210 [T:0x2ed57] [DisplayControl] Exit MCCSOtherSet::GetVCP()
2025/10/07 05:14:13.319 [T:0x2ed57] [DisplayControl] Enter MCCSOtherSet::GetVCP(), vcp code = 141
2025/10/07 05:14:13.401 [T:0x2ed57] [DisplayControl] Exit MCCSOtherSet::GetVCP()
2025/10/07 05:14:13.511 [T:0x2ed57] [DisplayControl] Enter MCCSOtherSet::GetVCP(), vcp code = 16
2025/10/07 05:14:13.593 [T:0x2ed57] [DisplayControl] Exit MCCSOtherSet::GetVCP()
2025/10/07 05:14:13.702 [T:0x2ed57] [DisplayControl] Enter MCCSOtherSet::GetVCP(), vcp code = 97
2025/10/07 05:14:13.783 [T:0x2ed57] [DisplayControl] Exit MCCSOtherSet::GetVCP()
2025/10/07 05:14:13.892 [T:0x2ed57] [DisplayControl] Enter MCCSOtherSet::GetVCP(), vcp code = 135
2025/10/07 05:14:13.975 [T:0x2ed57] [DisplayControl] Exit MCCSOtherSet::GetVCP()
2025/10/07 05:14:14.083 [T:0x2ed57] [DisplayControl] Enter MCCSOtherSet::GetVCP(), vcp code = 4
2025/10/07 05:14:14.165 [T:0x2ed57] [DisplayControl] Exit MCCSOtherSet::GetVCP()
2025/10/07 05:14:14.272 [T:0x2ed57] [DisplayControl] Enter MCCSOtherSet::GetVCP(), vcp code = 51
2025/10/07 05:14:14.352 [T:0x2ed57] [DisplayControl] Exit MCCSOtherSet::GetVCP()
2025/10/07 05:14:14.457 [T:0x2ed57] [DisplayControl] Enter MCCSOtherSet::GetVCP(), vcp code = 20
2025/10/07 05:14:14.538 [T:0x2ed57] [DisplayControl] Exit MCCSOtherSet::GetVCP()
2025/10/07 05:14:14.645 [T:0x2ed57] [DisplayControl] Enter MCCSOtherSet::GetVCP(), vcp code = 245
2025/10/07 05:14:14.727 [T:0x2ed57] [DisplayControl] Exit MCCSOtherSet::GetVCP()
2025/10/07 05:14:14.781 [T:0x41649] [DisplayControl] Enter MCCSOtherSet::GetVCP(), vcp code = 96
2025/10/07 05:14:14.835 [T:0x2ed57] [DisplayControl] Enter MCCSOtherSet::GetVCP(), vcp code = 220
2025/10/07 05:14:14.877 [T:0x41649] [DisplayControl] Exit MCCSOtherSet::GetVCP()
2025/10/07 05:14:15.044 [T:0x2ed57] [DisplayControl] Exit MCCSOtherSet::GetVCP()
2025/10/07 05:14:15.147 [T:0x2ed57] [DisplayControl] Enter MCCSOtherSet::GetVCP(), vcp code = 18
2025/10/07 05:14:15.357 [T:0x2ed57] [DisplayControl] Exit MCCSOtherSet::GetVCP()
2025/10/07 05:14:15.464 [T:0x2ed57] [DisplayControl] Enter MCCSOtherSet::GetVCP(), vcp code = 96
2025/10/07 05:14:15.549 [T:0x2ed57] [DisplayControl] Exit MCCSOtherSet::GetVCP()
2025/10/07 05:14:15.652 [T:0x2ed57] [DisplayControl] Enter MCCSOtherSet::GetVCP(), vcp code = 98
2025/10/07 05:14:15.737 [T:0x2ed57] [DisplayControl] Exit MCCSOtherSet::GetVCP()
2025/10/07 05:14:15.842 [T:0x2ed57] [DisplayControl] Enter MCCSOtherSet::GetVCP(), vcp code = 225
2025/10/07 05:14:15.927 [T:0x2ed57] [DisplayControl] Exit MCCSOtherSet::GetVCP()
2025/10/07 05:14:16.032 [T:0x2ed57] [DisplayControl] Enter MCCSOtherSet::GetVCP(), vcp code = 43
2025/10/07 05:14:16.116 [T:0x2ed57] [DisplayControl] Exit MCCSOtherSet::GetVCP()
2025/10/07 05:14:16.219 [T:0x2ed57] [DisplayControl] Enter MCCSOtherSet::GetVCP(), vcp code = 141
2025/10/07 05:14:16.304 [T:0x2ed57] [DisplayControl] Exit MCCSOtherSet::GetVCP()
2025/10/07 05:14:16.405 [T:0x2ed57] [DisplayControl] Enter MCCSOtherSet::GetVCP(), vcp code = 16
2025/10/07 05:14:16.491 [T:0x2ed57] [DisplayControl] Exit MCCSOtherSet::GetVCP()
2025/10/07 05:14:16.594 [T:0x2ed57] [DisplayControl] Enter MCCSOtherSet::GetVCP(), vcp code = 97
2025/10/07 05:14:16.679 [T:0x2ed57] [DisplayControl] Exit MCCSOtherSet::GetVCP()
2025/10/07 05:14:16.782 [T:0x2ed57] [DisplayControl] Enter MCCSOtherSet::GetVCP(), vcp code = 135
2025/10/07 05:14:16.868 [T:0x2ed57] [DisplayControl] Exit MCCSOtherSet::GetVCP()
2025/10/07 05:14:16.970 [T:0x2ed57] [DisplayControl] Enter MCCSOtherSet::GetVCP(), vcp code = 4
2025/10/07 05:14:17.054 [T:0x2ed57] [DisplayControl] Exit MCCSOtherSet::GetVCP()
2025/10/07 05:14:17.157 [T:0x2ed57] [DisplayControl] Enter MCCSOtherSet::GetVCP(), vcp code = 51
2025/10/07 05:14:17.243 [T:0x2ed57] [DisplayControl] Exit MCCSOtherSet::GetVCP()
2025/10/07 05:14:17.346 [T:0x2ed57] [DisplayControl] Enter MCCSOtherSet::GetVCP(), vcp code = 220
2025/10/07 05:14:17.431 [T:0x2ed57] [DisplayControl] Exit MCCSOtherSet::GetVCP()
2025/10/07 05:14:17.536 [T:0x2ed57] [DisplayControl] Enter MCCSOtherSet::GetVCP(), vcp code = 18
2025/10/07 05:14:17.622 [T:0x2ed57] [DisplayControl] Exit MCCSOtherSet::GetVCP()
2025/10/07 05:14:17.724 [T:0x2ed57] [DisplayControl] Enter MCCSOtherSet::GetVCP(), vcp code = 236
2025/10/07 05:14:17.809 [T:0x2ed57] [DisplayControl] Exit MCCSOtherSet::GetVCP()
2025/10/07 05:14:17.925 [T:0x2ed57] [DisplayControl] Enter MCCSOtherSet::GetVCP(), vcp code = 226
2025/10/07 05:14:18.009 [T:0x2ed57] [DisplayControl] Exit MCCSOtherSet::GetVCP()
2025/10/07 05:17:09.740 [T:0x6bb47] [DisplayControl] Enter MCCSOtherSet::SetVCP(), vcp code = 51
2025/10/07 05:17:09.942 [T:0x6bb47] [DisplayControl] Exit MCCSOtherSet::SetVCP()
2025/10/07 05:18:44.540 [T:0x8e604] [DisplayControl] Enter MCCSOtherSet::SetVCP(), vcp code = 96
2025/10/07 05:18:45.349 [T:0x8e604] [DisplayControl] Exit MCCSOtherSet::SetVCP()
2025/10/07 05:18:52.393 [T:0x8e604] [DisplayControl] Enter OperationThread::ExitThread
2025/10/07 05:18:52.394 [T:0x8e604] [DisplayControl] Exit OperationThread::ExitThread
2025/10/07 05:18:52.394 [T:0x8e604] [DisplayControl] Enter OperationThread::~OperationThread()
2025/10/07 05:18:52.394 [T:0x8e604] [DisplayControl] Enter OperationThread::ExitThread
2025/10/07 05:18:52.394 [T:0x8e604] [DisplayControl] Enter OperationThread::ExitThread
2025/10/07 05:18:52.395 [T:0x8e604] [DisplayControl] Exit OperationThread::ExitThread
2025/10/07 05:18:52.395 [T:0x8e604] [DisplayControl] Enter OperationThread::~OperationThread()
2025/10/07 05:18:52.395 [T:0x8e604] [DisplayControl] Enter OperationThread::ExitThread
2025/10/07 05:18:52.461 [T:0x8e604] [DbgStr] After calling display_control_client_listener_video_port_.UpdateAllDisplayPath()
2025/10/07 05:18:52.482 [T:0x8e604] [DbgStr] After calling display_control_client_listener_.GetAllDisplayEDID()
2025/10/07 05:18:52.484 [T:0x8e604] [DisplayControl] Version = 3.0.6.0
2025/10/07 05:18:52.484 [T:0x8e604] [DisplayControl] Enter ObtainControlHandler1
2025/10/07 05:18:52.484 [T:0x8e604] [DisplayControl] GetVideoPortCommander
2025/10/07 05:18:52.484 [T:0x8e604] [DisplayControl] GetUSBHubCommander
2025/10/07 05:18:52.484 [T:0x8e604] ====== List p_lpo_display_info_video_port, # of devices is ======2
2025/10/07 05:18:52.484 [T:0x8e604] [DisplayControl] index of p_lpo_display_info_video_port0
2025/10/07 05:18:52.484 [T:0x8e604] [DisplayControl] Model name from VideoPort = VG2458
2025/10/07 05:18:52.484 [T:0x8e604] [DisplayControl] SN from VideoPort = YDJ243400006
2025/10/07 05:18:52.484 [T:0x8e604] [DisplayControl] index of p_lpo_display_info_video_port1
2025/10/07 05:18:52.484 [T:0x8e604] [DisplayControl] Model name from VideoPort = VG275
2025/10/07 05:18:52.484 [T:0x8e604] [DisplayControl] SN from VideoPort = XF6232400003
2025/10/07 05:18:52.484 [T:0x8e604] ====== List p_lpo_display_info_rtd_scalar_rts_hub, # of devices is ======0
2025/10/07 05:18:52.484 [T:0x8e604] [DisplayControl] GetVSRtkHubControlClientListener
2025/10/07 05:18:52.484 [T:0x8e604] [DisplayControl] max monitor count = 2
2025/10/07 05:18:52.484 [T:0x8e604] [DisplayControl] index of display_info_vec = 0
2025/10/07 05:18:52.485 [T:0x8e604] [DisplayControl] index of p_lpo_display_info_video_port = 0
2025/10/07 05:18:52.485 [T:0x8e604] [DisplayControl] VideoPortMatchingRule
2025/10/07 05:18:52.485 [T:0x8e604] [DisplayControl] monitor display_info_model_name = VG2458
2025/10/07 05:18:52.485 [T:0x8e604] [DisplayControl] monitor video_port_model_name = VG2458
2025/10/07 05:18:52.485 [T:0x8e604] [DisplayControl] monitor display_info_sn = YDJ243400006
2025/10/07 05:18:52.485 [T:0x8e604] [DisplayControl] monitor video_port_sn = YDJ243400006
2025/10/07 05:18:52.485 [T:0x8e604] [DisplayControl] model_name_match = 1
2025/10/07 05:18:52.485 [T:0x8e604] [DisplayControl] sn_match = 1
2025/10/07 05:18:52.485 [T:0x8e604] [DisplayControl] video_port is_match = 1
2025/10/07 05:18:52.485 [T:0x8e604] [DisplayControl] index of display_info_vec = 1
2025/10/07 05:18:52.485 [T:0x8e604] [DisplayControl] index of p_lpo_display_info_video_port = 0
2025/10/07 05:18:52.485 [T:0x8e604] [DisplayControl] VideoPortMatchingRule
2025/10/07 05:18:52.485 [T:0x8e604] [DisplayControl] monitor display_info_model_name = VG275
2025/10/07 05:18:52.485 [T:0x8e604] [DisplayControl] monitor video_port_model_name = VG2458
2025/10/07 05:18:52.485 [T:0x8e604] [DisplayControl] monitor display_info_sn = XF6232400003
2025/10/07 05:18:52.485 [T:0x8e604] [DisplayControl] monitor video_port_sn = YDJ243400006
2025/10/07 05:18:52.485 [T:0x8e604] [DisplayControl] model_name_match = 0
2025/10/07 05:18:52.485 [T:0x8e604] [DisplayControl] sn_match = 0
2025/10/07 05:18:52.485 [T:0x8e604] [DisplayControl] video_port is_match = 0
2025/10/07 05:18:52.485 [T:0x8e604] [DisplayControl] index of display_info_vec = 1
2025/10/07 05:18:52.485 [T:0x8e604] [DisplayControl] index of p_lpo_display_info_video_port = 1
2025/10/07 05:18:52.485 [T:0x8e604] [DisplayControl] VideoPortMatchingRule
2025/10/07 05:18:52.485 [T:0x8e604] [DisplayControl] monitor display_info_model_name = VG275
2025/10/07 05:18:52.485 [T:0x8e604] [DisplayControl] monitor video_port_model_name = VG275
2025/10/07 05:18:52.485 [T:0x8e604] [DisplayControl] monitor display_info_sn = XF6232400003
2025/10/07 05:18:52.485 [T:0x8e604] [DisplayControl] monitor video_port_sn = XF6232400003
2025/10/07 05:18:52.486 [T:0x8e604] [DisplayControl] model_name_match = 1
2025/10/07 05:18:52.486 [T:0x8e604] [DisplayControl] sn_match = 1
2025/10/07 05:18:52.486 [T:0x8e604] [DisplayControl] video_port is_match = 1
2025/10/07 05:18:52.486 [T:0x8e604] [DisplayControl] i = 0
2025/10/07 05:18:52.486 [T:0x8e604] [DisplayControl] Enter OperationThread::OperationThread()
2025/10/07 05:18:52.486 [T:0x8e604] [DisplayControl] Enter OperationThread::CreateThread
2025/10/07 05:18:52.486 [T:0x8e604] [DisplayControl] new DisplayFunctioner
2025/10/07 05:18:52.486 [T:0x8e604] [DisplayControl] insert displayer_vector
2025/10/07 05:18:52.486 [T:0x8e604] [DisplayControl] insert modelName_SN_to_Display_map
2025/10/07 05:18:52.486 [T:0x8e604] [DisplayControl] insert device_id_to_Displayer_map_
2025/10/07 05:18:52.486 [T:0x8e604] [DisplayControl] i = 1
2025/10/07 05:18:52.486 [T:0x8e604] [DisplayControl] Enter OperationThread::OperationThread()
2025/10/07 05:18:52.486 [T:0x8e604] [DisplayControl] Enter OperationThread::CreateThread
2025/10/07 05:18:52.486 [T:0x8e604] [DisplayControl] new DisplayFunctioner
2025/10/07 05:18:52.486 [T:0x8e604] [DisplayControl] insert displayer_vector
2025/10/07 05:18:52.486 [T:0x8e604] [DisplayControl] insert modelName_SN_to_Display_map
2025/10/07 05:18:52.486 [T:0x8e604] [DisplayControl] insert device_id_to_Displayer_map_
2025/10/07 05:18:52.486 [T:0x8e604] [DisplayControl] monitor size = 2
2025/10/07 05:18:52.486 [T:0x8e604] [DisplayControl] Exit ObtainControlHandler
2025/10/07 05:18:52.486 [T:0x8e604] [DisplayControl] Enter MCCSOtherSet::GetVCP(), vcp code = 16
2025/10/07 05:18:52.567 [T:0x8e604] [DisplayControl] Exit MCCSOtherSet::GetVCP()
2025/10/07 05:18:52.567 [T:0x8e604] [DisplayControl] Enter MCCSOtherSet::GetVCP(), vcp code = 16
2025/10/07 05:18:52.650 [T:0x8e604] [DisplayControl] Exit MCCSOtherSet::GetVCP()
2025/10/07 05:18:52.810 [T:0x8e604] [DisplayControl] Enter MCCSOtherSet::SetVCP(), vcp code = 51
2025/10/07 05:18:52.978 [T:0x8e604] [DisplayControl] Exit MCCSOtherSet::SetVCP()
2025/10/07 05:18:52.978 [T:0x8e604] [DisplayControl] Enter MCCSOtherSet::SetVCP(), vcp code = 51
2025/10/07 05:18:53.137 [T:0x8e604] [DisplayControl] Exit MCCSOtherSet::SetVCP()
2025/10/07 05:18:53.138 [T:0x8e604] [DisplayControl] Enter MCCSOtherSet::GetVCP(), vcp code = 96
2025/10/07 05:18:53.227 [T:0x8e604] [DisplayControl] Exit MCCSOtherSet::GetVCP()
2025/10/07 05:18:53.333 [T:0x8e604] [DisplayControl] Enter MCCSOtherSet::GetVCP(), vcp code = 98
2025/10/07 05:18:53.416 [T:0x8e604] [DisplayControl] Exit MCCSOtherSet::GetVCP()
2025/10/07 05:18:53.524 [T:0x8e604] [DisplayControl] Enter MCCSOtherSet::GetVCP(), vcp code = 225
2025/10/07 05:18:53.607 [T:0x8e604] [DisplayControl] Exit MCCSOtherSet::GetVCP()
2025/10/07 05:18:53.715 [T:0x8e604] [DisplayControl] Enter MCCSOtherSet::GetVCP(), vcp code = 43
2025/10/07 05:18:53.797 [T:0x8e604] [DisplayControl] Exit MCCSOtherSet::GetVCP()
2025/10/07 05:18:53.904 [T:0x8e604] [DisplayControl] Enter MCCSOtherSet::GetVCP(), vcp code = 141
2025/10/07 05:18:53.987 [T:0x8e604] [DisplayControl] Exit MCCSOtherSet::GetVCP()
2025/10/07 05:18:54.094 [T:0x8e604] [DisplayControl] Enter MCCSOtherSet::GetVCP(), vcp code = 16
2025/10/07 05:18:54.175 [T:0x8e604] [DisplayControl] Exit MCCSOtherSet::GetVCP()
2025/10/07 05:18:54.281 [T:0x8e604] [DisplayControl] Enter MCCSOtherSet::GetVCP(), vcp code = 97
2025/10/07 05:18:54.361 [T:0x8e604] [DisplayControl] Exit MCCSOtherSet::GetVCP()
2025/10/07 05:18:54.469 [T:0x8e604] [DisplayControl] Enter MCCSOtherSet::GetVCP(), vcp code = 135
2025/10/07 05:18:54.551 [T:0x8e604] [DisplayControl] Exit MCCSOtherSet::GetVCP()
2025/10/07 05:18:54.659 [T:0x8e604] [DisplayControl] Enter MCCSOtherSet::GetVCP(), vcp code = 4
2025/10/07 05:18:54.741 [T:0x8e604] [DisplayControl] Exit MCCSOtherSet::GetVCP()
2025/10/07 05:18:54.849 [T:0x8e604] [DisplayControl] Enter MCCSOtherSet::GetVCP(), vcp code = 51
2025/10/07 05:18:54.931 [T:0x8e604] [DisplayControl] Exit MCCSOtherSet::GetVCP()
2025/10/07 05:18:55.036 [T:0x8e604] [DisplayControl] Enter MCCSOtherSet::GetVCP(), vcp code = 20
2025/10/07 05:18:55.117 [T:0x8e604] [DisplayControl] Exit MCCSOtherSet::GetVCP()
2025/10/07 05:18:55.222 [T:0x8e604] [DisplayControl] Enter MCCSOtherSet::GetVCP(), vcp code = 245
2025/10/07 05:18:55.304 [T:0x8e604] [DisplayControl] Exit MCCSOtherSet::GetVCP()
2025/10/07 05:18:55.413 [T:0x8e604] [DisplayControl] Enter MCCSOtherSet::GetVCP(), vcp code = 220
2025/10/07 05:18:55.494 [T:0x8e604] [DisplayControl] Exit MCCSOtherSet::GetVCP()
2025/10/07 05:18:55.601 [T:0x8e604] [DisplayControl] Enter MCCSOtherSet::GetVCP(), vcp code = 18
2025/10/07 05:18:55.682 [T:0x8e604] [DisplayControl] Exit MCCSOtherSet::GetVCP()
2025/10/07 05:18:55.788 [T:0x8e604] [DisplayControl] Enter MCCSOtherSet::GetVCP(), vcp code = 96
2025/10/07 05:18:55.873 [T:0x8e604] [DisplayControl] Exit MCCSOtherSet::GetVCP()
2025/10/07 05:18:55.974 [T:0x8e604] [DisplayControl] Enter MCCSOtherSet::GetVCP(), vcp code = 98
2025/10/07 05:18:56.060 [T:0x8e604] [DisplayControl] Exit MCCSOtherSet::GetVCP()
2025/10/07 05:18:56.165 [T:0x8e604] [DisplayControl] Enter MCCSOtherSet::GetVCP(), vcp code = 225
2025/10/07 05:18:56.251 [T:0x8e604] [DisplayControl] Exit MCCSOtherSet::GetVCP()
2025/10/07 05:18:56.355 [T:0x8e604] [DisplayControl] Enter MCCSOtherSet::GetVCP(), vcp code = 43
2025/10/07 05:18:56.442 [T:0x8e604] [DisplayControl] Exit MCCSOtherSet::GetVCP()
2025/10/07 05:18:56.546 [T:0x8e604] [DisplayControl] Enter MCCSOtherSet::GetVCP(), vcp code = 141
2025/10/07 05:18:56.631 [T:0x8e604] [DisplayControl] Exit MCCSOtherSet::GetVCP()
2025/10/07 05:18:56.735 [T:0x8e604] [DisplayControl] Enter MCCSOtherSet::GetVCP(), vcp code = 16
2025/10/07 05:18:56.821 [T:0x8e604] [DisplayControl] Exit MCCSOtherSet::GetVCP()
2025/10/07 05:18:56.923 [T:0x8e604] [DisplayControl] Enter MCCSOtherSet::GetVCP(), vcp code = 97
2025/10/07 05:18:57.008 [T:0x8e604] [DisplayControl] Exit MCCSOtherSet::GetVCP()
2025/10/07 05:18:57.110 [T:0x8e604] [DisplayControl] Enter MCCSOtherSet::GetVCP(), vcp code = 135
2025/10/07 05:18:57.196 [T:0x8e604] [DisplayControl] Exit MCCSOtherSet::GetVCP()
2025/10/07 05:18:57.299 [T:0x8e604] [DisplayControl] Enter MCCSOtherSet::GetVCP(), vcp code = 4
2025/10/07 05:18:57.386 [T:0x8e604] [DisplayControl] Exit MCCSOtherSet::GetVCP()
2025/10/07 05:18:57.488 [T:0x8e604] [DisplayControl] Enter MCCSOtherSet::GetVCP(), vcp code = 51
2025/10/07 05:18:57.574 [T:0x8e604] [DisplayControl] Exit MCCSOtherSet::GetVCP()
2025/10/07 05:18:57.676 [T:0x8e604] [DisplayControl] Enter MCCSOtherSet::GetVCP(), vcp code = 220
2025/10/07 05:18:57.762 [T:0x8e604] [DisplayControl] Exit MCCSOtherSet::GetVCP()
2025/10/07 05:18:57.863 [T:0x8e604] [DisplayControl] Enter MCCSOtherSet::GetVCP(), vcp code = 18
2025/10/07 05:18:57.948 [T:0x8e604] [DisplayControl] Exit MCCSOtherSet::GetVCP()
2025/10/07 05:18:58.053 [T:0x8e604] [DisplayControl] Enter MCCSOtherSet::GetVCP(), vcp code = 236
2025/10/07 05:18:58.138 [T:0x8e604] [DisplayControl] Exit MCCSOtherSet::GetVCP()
2025/10/07 05:18:58.241 [T:0x8e604] [DisplayControl] Enter MCCSOtherSet::GetVCP(), vcp code = 226
2025/10/07 05:18:58.325 [T:0x8e604] [DisplayControl] Exit MCCSOtherSet::GetVCP()
2025/10/07 05:18:58.435 [T:0x8e604] [DisplayControl] Enter MCCSOtherSet::SetVCP(), vcp code = 51
2025/10/07 05:18:58.600 [T:0x8e604] [DisplayControl] Exit MCCSOtherSet::SetVCP()
2025/10/07 05:18:58.605 [T:0x41649] [DisplayControl] Enter MCCSOtherSet::GetVCP(), vcp code = 96
2025/10/07 05:18:58.747 [T:0x41649] [DisplayControl] Exit MCCSOtherSet::GetVCP()
2025/10/07 05:20:32.620 [T:0xbbb8a] [DisplayControl] Enter MCCSOtherSet::SetVCP(), vcp code = 51
2025/10/07 05:20:32.975 [T:0xbbb8a] [DisplayControl] Exit MCCSOtherSet::SetVCP()
2025/10/07 05:20:48.650 [T:0xbbb8a] [DisplayControl] Enter MCCSOtherSet::SetVCP(), vcp code = 96
2025/10/07 05:20:49.256 [T:0xbbb8a] [DisplayControl] Exit MCCSOtherSet::SetVCP()
2025/10/07 05:20:56.073 [T:0xbbb8a] [DisplayControl] Enter OperationThread::ExitThread
2025/10/07 05:20:56.074 [T:0xbbb8a] [DisplayControl] Exit OperationThread::ExitThread
2025/10/07 05:20:56.074 [T:0xbbb8a] [DisplayControl] Enter OperationThread::~OperationThread()
2025/10/07 05:20:56.074 [T:0xbbb8a] [DisplayControl] Enter OperationThread::ExitThread
2025/10/07 05:20:56.075 [T:0xbbb8a] [DisplayControl] Enter OperationThread::ExitThread
2025/10/07 05:20:56.075 [T:0xbbb8a] [DisplayControl] Exit OperationThread::ExitThread
2025/10/07 05:20:56.076 [T:0xbbb8a] [DisplayControl] Enter OperationThread::~OperationThread()
2025/10/07 05:20:56.076 [T:0xbbb8a] [DisplayControl] Enter OperationThread::ExitThread
2025/10/07 05:20:56.149 [T:0xbbb8a] [DbgStr] After calling display_control_client_listener_video_port_.UpdateAllDisplayPath()
2025/10/07 05:20:56.169 [T:0xbbb8a] [DbgStr] After calling display_control_client_listener_.GetAllDisplayEDID()
2025/10/07 05:20:56.171 [T:0xbbb8a] [DisplayControl] Version = 3.0.6.0
2025/10/07 05:20:56.171 [T:0xbbb8a] [DisplayControl] Enter ObtainControlHandler1
2025/10/07 05:20:56.171 [T:0xbbb8a] [DisplayControl] GetVideoPortCommander
2025/10/07 05:20:56.171 [T:0xbbb8a] [DisplayControl] GetUSBHubCommander
2025/10/07 05:20:56.171 [T:0xbbb8a] ====== List p_lpo_display_info_video_port, # of devices is ======2
2025/10/07 05:20:56.171 [T:0xbbb8a] [DisplayControl] index of p_lpo_display_info_video_port0
2025/10/07 05:20:56.172 [T:0xbbb8a] [DisplayControl] Model name from VideoPort = VG2458
2025/10/07 05:20:56.172 [T:0xbbb8a] [DisplayControl] SN from VideoPort = YDJ243400006
2025/10/07 05:20:56.172 [T:0xbbb8a] [DisplayControl] index of p_lpo_display_info_video_port1
2025/10/07 05:20:56.172 [T:0xbbb8a] [DisplayControl] Model name from VideoPort = VG275
2025/10/07 05:20:56.172 [T:0xbbb8a] [DisplayControl] SN from VideoPort = XF6232400003
2025/10/07 05:20:56.172 [T:0xbbb8a] ====== List p_lpo_display_info_rtd_scalar_rts_hub, # of devices is ======0
2025/10/07 05:20:56.172 [T:0xbbb8a] [DisplayControl] GetVSRtkHubControlClientListener
2025/10/07 05:20:56.172 [T:0xbbb8a] [DisplayControl] max monitor count = 2
2025/10/07 05:20:56.172 [T:0xbbb8a] [DisplayControl] index of display_info_vec = 0
2025/10/07 05:20:56.172 [T:0xbbb8a] [DisplayControl] index of p_lpo_display_info_video_port = 0
2025/10/07 05:20:56.172 [T:0xbbb8a] [DisplayControl] VideoPortMatchingRule
2025/10/07 05:20:56.172 [T:0xbbb8a] [DisplayControl] monitor display_info_model_name = VG2458
2025/10/07 05:20:56.172 [T:0xbbb8a] [DisplayControl] monitor video_port_model_name = VG2458
2025/10/07 05:20:56.172 [T:0xbbb8a] [DisplayControl] monitor display_info_sn = YDJ243400006
2025/10/07 05:20:56.172 [T:0xbbb8a] [DisplayControl] monitor video_port_sn = YDJ243400006
2025/10/07 05:20:56.172 [T:0xbbb8a] [DisplayControl] model_name_match = 1
2025/10/07 05:20:56.172 [T:0xbbb8a] [DisplayControl] sn_match = 1
2025/10/07 05:20:56.172 [T:0xbbb8a] [DisplayControl] video_port is_match = 1
2025/10/07 05:20:56.172 [T:0xbbb8a] [DisplayControl] index of display_info_vec = 1
2025/10/07 05:20:56.172 [T:0xbbb8a] [DisplayControl] index of p_lpo_display_info_video_port = 0
2025/10/07 05:20:56.172 [T:0xbbb8a] [DisplayControl] VideoPortMatchingRule
2025/10/07 05:20:56.172 [T:0xbbb8a] [DisplayControl] monitor display_info_model_name = VG275
2025/10/07 05:20:56.172 [T:0xbbb8a] [DisplayControl] monitor video_port_model_name = VG2458
2025/10/07 05:20:56.172 [T:0xbbb8a] [DisplayControl] monitor display_info_sn = XF6232400003
2025/10/07 05:20:56.172 [T:0xbbb8a] [DisplayControl] monitor video_port_sn = YDJ243400006
2025/10/07 05:20:56.172 [T:0xbbb8a] [DisplayControl] model_name_match = 0
2025/10/07 05:20:56.172 [T:0xbbb8a] [DisplayControl] sn_match = 0
2025/10/07 05:20:56.172 [T:0xbbb8a] [DisplayControl] video_port is_match = 0
2025/10/07 05:20:56.173 [T:0xbbb8a] [DisplayControl] index of display_info_vec = 1
2025/10/07 05:20:56.173 [T:0xbbb8a] [DisplayControl] index of p_lpo_display_info_video_port = 1
2025/10/07 05:20:56.173 [T:0xbbb8a] [DisplayControl] VideoPortMatchingRule
2025/10/07 05:20:56.173 [T:0xbbb8a] [DisplayControl] monitor display_info_model_name = VG275
2025/10/07 05:20:56.173 [T:0xbbb8a] [DisplayControl] monitor video_port_model_name = VG275
2025/10/07 05:20:56.173 [T:0xbbb8a] [DisplayControl] monitor display_info_sn = XF6232400003
2025/10/07 05:20:56.173 [T:0xbbb8a] [DisplayControl] monitor video_port_sn = XF6232400003
2025/10/07 05:20:56.173 [T:0xbbb8a] [DisplayControl] model_name_match = 1
2025/10/07 05:20:56.173 [T:0xbbb8a] [DisplayControl] sn_match = 1
2025/10/07 05:20:56.173 [T:0xbbb8a] [DisplayControl] video_port is_match = 1
2025/10/07 05:20:56.173 [T:0xbbb8a] [DisplayControl] i = 0
2025/10/07 05:20:56.173 [T:0xbbb8a] [DisplayControl] Enter OperationThread::OperationThread()
2025/10/07 05:20:56.173 [T:0xbbb8a] [DisplayControl] Enter OperationThread::CreateThread
2025/10/07 05:20:56.173 [T:0xbbb8a] [DisplayControl] new DisplayFunctioner
2025/10/07 05:20:56.173 [T:0xbbb8a] [DisplayControl] insert displayer_vector
2025/10/07 05:20:56.173 [T:0xbbb8a] [DisplayControl] insert modelName_SN_to_Display_map
2025/10/07 05:20:56.173 [T:0xbbb8a] [DisplayControl] insert device_id_to_Displayer_map_
2025/10/07 05:20:56.173 [T:0xbbb8a] [DisplayControl] i = 1
2025/10/07 05:20:56.173 [T:0xbbb8a] [DisplayControl] Enter OperationThread::OperationThread()
2025/10/07 05:20:56.173 [T:0xbbb8a] [DisplayControl] Enter OperationThread::CreateThread
2025/10/07 05:20:56.173 [T:0xbbb8a] [DisplayControl] new DisplayFunctioner
2025/10/07 05:20:56.173 [T:0xbbb8a] [DisplayControl] insert displayer_vector
2025/10/07 05:20:56.173 [T:0xbbb8a] [DisplayControl] insert modelName_SN_to_Display_map
2025/10/07 05:20:56.174 [T:0xbbb8a] [DisplayControl] insert device_id_to_Displayer_map_
2025/10/07 05:20:56.174 [T:0xbbb8a] [DisplayControl] monitor size = 2
2025/10/07 05:20:56.174 [T:0xbbb8a] [DisplayControl] Exit ObtainControlHandler
2025/10/07 05:20:56.174 [T:0xbbb8a] [DisplayControl] Enter MCCSOtherSet::GetVCP(), vcp code = 16
2025/10/07 05:20:56.261 [T:0xbbb8a] [DisplayControl] Exit MCCSOtherSet::GetVCP()
2025/10/07 05:20:56.261 [T:0xbbb8a] [DisplayControl] Enter MCCSOtherSet::GetVCP(), vcp code = 16
2025/10/07 05:20:56.343 [T:0xbbb8a] [DisplayControl] Exit MCCSOtherSet::GetVCP()
2025/10/07 05:20:56.503 [T:0xbbb8a] [DisplayControl] Enter MCCSOtherSet::SetVCP(), vcp code = 51
2025/10/07 05:20:56.827 [T:0xbbb8a] [DisplayControl] Exit MCCSOtherSet::SetVCP()
2025/10/07 05:20:56.828 [T:0xbbb8a] [DisplayControl] Enter MCCSOtherSet::SetVCP(), vcp code = 51
2025/10/07 05:20:56.988 [T:0xbbb8a] [DisplayControl] Exit MCCSOtherSet::SetVCP()
2025/10/07 05:20:56.988 [T:0xbbb8a] [DisplayControl] Enter MCCSOtherSet::GetVCP(), vcp code = 96
2025/10/07 05:20:57.078 [T:0xbbb8a] [DisplayControl] Exit MCCSOtherSet::GetVCP()
2025/10/07 05:20:57.186 [T:0xbbb8a] [DisplayControl] Enter MCCSOtherSet::GetVCP(), vcp code = 98
2025/10/07 05:20:57.267 [T:0xbbb8a] [DisplayControl] Exit MCCSOtherSet::GetVCP()
2025/10/07 05:20:57.376 [T:0xbbb8a] [DisplayControl] Enter MCCSOtherSet::GetVCP(), vcp code = 225
2025/10/07 05:20:57.458 [T:0xbbb8a] [DisplayControl] Exit MCCSOtherSet::GetVCP()
2025/10/07 05:20:57.566 [T:0xbbb8a] [DisplayControl] Enter MCCSOtherSet::GetVCP(), vcp code = 43
2025/10/07 05:20:57.646 [T:0xbbb8a] [DisplayControl] Exit MCCSOtherSet::GetVCP()
2025/10/07 05:20:57.752 [T:0xbbb8a] [DisplayControl] Enter MCCSOtherSet::GetVCP(), vcp code = 141
2025/10/07 05:20:57.832 [T:0xbbb8a] [DisplayControl] Exit MCCSOtherSet::GetVCP()
2025/10/07 05:20:57.941 [T:0xbbb8a] [DisplayControl] Enter MCCSOtherSet::GetVCP(), vcp code = 16
2025/10/07 05:20:58.023 [T:0xbbb8a] [DisplayControl] Exit MCCSOtherSet::GetVCP()
2025/10/07 05:20:58.131 [T:0xbbb8a] [DisplayControl] Enter MCCSOtherSet::GetVCP(), vcp code = 97
2025/10/07 05:20:58.213 [T:0xbbb8a] [DisplayControl] Exit MCCSOtherSet::GetVCP()
2025/10/07 05:20:58.319 [T:0xbbb8a] [DisplayControl] Enter MCCSOtherSet::GetVCP(), vcp code = 135
2025/10/07 05:20:58.399 [T:0xbbb8a] [DisplayControl] Exit MCCSOtherSet::GetVCP()
2025/10/07 05:20:58.504 [T:0xbbb8a] [DisplayControl] Enter MCCSOtherSet::GetVCP(), vcp code = 4
2025/10/07 05:20:58.583 [T:0xbbb8a] [DisplayControl] Exit MCCSOtherSet::GetVCP()
2025/10/07 05:20:58.690 [T:0xbbb8a] [DisplayControl] Enter MCCSOtherSet::GetVCP(), vcp code = 51
2025/10/07 05:20:58.773 [T:0xbbb8a] [DisplayControl] Exit MCCSOtherSet::GetVCP()
2025/10/07 05:20:58.882 [T:0xbbb8a] [DisplayControl] Enter MCCSOtherSet::GetVCP(), vcp code = 20
2025/10/07 05:20:58.964 [T:0xbbb8a] [DisplayControl] Exit MCCSOtherSet::GetVCP()
2025/10/07 05:20:59.068 [T:0xbbb8a] [DisplayControl] Enter MCCSOtherSet::GetVCP(), vcp code = 245
2025/10/07 05:20:59.148 [T:0xbbb8a] [DisplayControl] Exit MCCSOtherSet::GetVCP()
2025/10/07 05:20:59.254 [T:0xbbb8a] [DisplayControl] Enter MCCSOtherSet::GetVCP(), vcp code = 220
2025/10/07 05:20:59.335 [T:0xbbb8a] [DisplayControl] Exit MCCSOtherSet::GetVCP()
2025/10/07 05:20:59.444 [T:0xbbb8a] [DisplayControl] Enter MCCSOtherSet::GetVCP(), vcp code = 18
2025/10/07 05:20:59.526 [T:0xbbb8a] [DisplayControl] Exit MCCSOtherSet::GetVCP()
2025/10/07 05:20:59.632 [T:0xbbb8a] [DisplayControl] Enter MCCSOtherSet::GetVCP(), vcp code = 96
2025/10/07 05:20:59.717 [T:0xbbb8a] [DisplayControl] Exit MCCSOtherSet::GetVCP()
2025/10/07 05:20:59.818 [T:0xbbb8a] [DisplayControl] Enter MCCSOtherSet::GetVCP(), vcp code = 98
2025/10/07 05:20:59.903 [T:0xbbb8a] [DisplayControl] Exit MCCSOtherSet::GetVCP()
2025/10/07 05:21:00.006 [T:0xbbb8a] [DisplayControl] Enter MCCSOtherSet::GetVCP(), vcp code = 225
2025/10/07 05:21:00.092 [T:0xbbb8a] [DisplayControl] Exit MCCSOtherSet::GetVCP()
2025/10/07 05:21:00.197 [T:0xbbb8a] [DisplayControl] Enter MCCSOtherSet::GetVCP(), vcp code = 43
2025/10/07 05:21:00.284 [T:0xbbb8a] [DisplayControl] Exit MCCSOtherSet::GetVCP()
2025/10/07 05:21:00.388 [T:0xbbb8a] [DisplayControl] Enter MCCSOtherSet::GetVCP(), vcp code = 141
2025/10/07 05:21:00.474 [T:0xbbb8a] [DisplayControl] Exit MCCSOtherSet::GetVCP()
2025/10/07 05:21:00.577 [T:0xbbb8a] [DisplayControl] Enter MCCSOtherSet::GetVCP(), vcp code = 16
2025/10/07 05:21:00.663 [T:0xbbb8a] [DisplayControl] Exit MCCSOtherSet::GetVCP()
2025/10/07 05:21:00.766 [T:0xbbb8a] [DisplayControl] Enter MCCSOtherSet::GetVCP(), vcp code = 97
2025/10/07 05:21:00.852 [T:0xbbb8a] [DisplayControl] Exit MCCSOtherSet::GetVCP()
2025/10/07 05:21:00.956 [T:0xbbb8a] [DisplayControl] Enter MCCSOtherSet::GetVCP(), vcp code = 135
2025/10/07 05:21:01.040 [T:0xbbb8a] [DisplayControl] Exit MCCSOtherSet::GetVCP()
2025/10/07 05:21:01.142 [T:0xbbb8a] [DisplayControl] Enter MCCSOtherSet::GetVCP(), vcp code = 4
2025/10/07 05:21:01.228 [T:0xbbb8a] [DisplayControl] Exit MCCSOtherSet::GetVCP()
2025/10/07 05:21:01.333 [T:0xbbb8a] [DisplayControl] Enter MCCSOtherSet::GetVCP(), vcp code = 51
2025/10/07 05:21:01.419 [T:0xbbb8a] [DisplayControl] Exit MCCSOtherSet::GetVCP()
2025/10/07 05:21:01.525 [T:0xbbb8a] [DisplayControl] Enter MCCSOtherSet::GetVCP(), vcp code = 220
2025/10/07 05:21:01.612 [T:0xbbb8a] [DisplayControl] Exit MCCSOtherSet::GetVCP()
2025/10/07 05:21:01.715 [T:0xbbb8a] [DisplayControl] Enter MCCSOtherSet::GetVCP(), vcp code = 18
2025/10/07 05:21:01.802 [T:0xbbb8a] [DisplayControl] Exit MCCSOtherSet::GetVCP()
2025/10/07 05:21:01.903 [T:0xbbb8a] [DisplayControl] Enter MCCSOtherSet::GetVCP(), vcp code = 236
2025/10/07 05:21:01.989 [T:0xbbb8a] [DisplayControl] Exit MCCSOtherSet::GetVCP()
2025/10/07 05:21:02.092 [T:0xbbb8a] [DisplayControl] Enter MCCSOtherSet::GetVCP(), vcp code = 226
2025/10/07 05:21:02.178 [T:0xbbb8a] [DisplayControl] Exit MCCSOtherSet::GetVCP()
2025/10/07 05:21:02.291 [T:0xbbb8a] [DisplayControl] Enter MCCSOtherSet::SetVCP(), vcp code = 51
2025/10/07 05:21:02.455 [T:0xbbb8a] [DisplayControl] Exit MCCSOtherSet::SetVCP()
2025/10/07 05:21:02.464 [T:0x41649] [DisplayControl] Enter MCCSOtherSet::GetVCP(), vcp code = 96
2025/10/07 05:21:02.648 [T:0x41649] [DisplayControl] Exit MCCSOtherSet::GetVCP()
2025/10/07 05:22:36.903 [T:0x15bc5] [DisplayControl] Enter MCCSOtherSet::SetVCP(), vcp code = 51
2025/10/07 05:22:37.271 [T:0x15bc5] [DisplayControl] Exit MCCSOtherSet::SetVCP()
2025/10/07 05:22:52.993 [T:0x15bc5] [DisplayControl] Enter MCCSOtherSet::SetVCP(), vcp code = 96
2025/10/07 05:22:53.351 [T:0x15bc5] [DisplayControl] Exit MCCSOtherSet::SetVCP()
2025/10/07 05:23:00.173 [T:0x15bc5] [DisplayControl] Enter OperationThread::ExitThread
2025/10/07 05:23:00.174 [T:0x15bc5] [DisplayControl] Exit OperationThread::ExitThread
2025/10/07 05:23:00.175 [T:0x15bc5] [DisplayControl] Enter OperationThread::~OperationThread()
2025/10/07 05:23:00.175 [T:0x15bc5] [DisplayControl] Enter OperationThread::ExitThread
2025/10/07 05:23:00.175 [T:0x15bc5] [DisplayControl] Enter OperationThread::ExitThread
2025/10/07 05:23:00.176 [T:0x15bc5] [DisplayControl] Exit OperationThread::ExitThread
2025/10/07 05:23:00.176 [T:0x15bc5] [DisplayControl] Enter OperationThread::~OperationThread()
2025/10/07 05:23:00.176 [T:0x15bc5] [DisplayControl] Enter OperationThread::ExitThread
2025/10/07 05:23:00.235 [T:0x15bc5] [DbgStr] After calling display_control_client_listener_video_port_.UpdateAllDisplayPath()
2025/10/07 05:23:00.256 [T:0x15bc5] [DbgStr] After calling display_control_client_listener_.GetAllDisplayEDID()
2025/10/07 05:23:00.258 [T:0x15bc5] [DisplayControl] Version = 3.0.6.0
2025/10/07 05:23:00.258 [T:0x15bc5] [DisplayControl] Enter ObtainControlHandler1
2025/10/07 05:23:00.258 [T:0x15bc5] [DisplayControl] GetVideoPortCommander
2025/10/07 05:23:00.258 [T:0x15bc5] [DisplayControl] GetUSBHubCommander
2025/10/07 05:23:00.258 [T:0x15bc5] ====== List p_lpo_display_info_video_port, # of devices is ======2
2025/10/07 05:23:00.258 [T:0x15bc5] [DisplayControl] index of p_lpo_display_info_video_port0
2025/10/07 05:23:00.258 [T:0x15bc5] [DisplayControl] Model name from VideoPort = VG2458
2025/10/07 05:23:00.258 [T:0x15bc5] [DisplayControl] SN from VideoPort = YDJ243400006
2025/10/07 05:23:00.258 [T:0x15bc5] [DisplayControl] index of p_lpo_display_info_video_port1
2025/10/07 05:23:00.258 [T:0x15bc5] [DisplayControl] Model name from VideoPort = VG275
2025/10/07 05:23:00.258 [T:0x15bc5] [DisplayControl] SN from VideoPort = XF6232400003
2025/10/07 05:23:00.258 [T:0x15bc5] ====== List p_lpo_display_info_rtd_scalar_rts_hub, # of devices is ======0
2025/10/07 05:23:00.258 [T:0x15bc5] [DisplayControl] GetVSRtkHubControlClientListener
2025/10/07 05:23:00.258 [T:0x15bc5] [DisplayControl] max monitor count = 2
2025/10/07 05:23:00.258 [T:0x15bc5] [DisplayControl] index of display_info_vec = 0
2025/10/07 05:23:00.259 [T:0x15bc5] [DisplayControl] index of p_lpo_display_info_video_port = 0
2025/10/07 05:23:00.259 [T:0x15bc5] [DisplayControl] VideoPortMatchingRule
2025/10/07 05:23:00.259 [T:0x15bc5] [DisplayControl] monitor display_info_model_name = VG2458
2025/10/07 05:23:00.259 [T:0x15bc5] [DisplayControl] monitor video_port_model_name = VG2458
2025/10/07 05:23:00.259 [T:0x15bc5] [DisplayControl] monitor display_info_sn = YDJ243400006
2025/10/07 05:23:00.259 [T:0x15bc5] [DisplayControl] monitor video_port_sn = YDJ243400006
2025/10/07 05:23:00.259 [T:0x15bc5] [DisplayControl] model_name_match = 1
2025/10/07 05:23:00.259 [T:0x15bc5] [DisplayControl] sn_match = 1
2025/10/07 05:23:00.259 [T:0x15bc5] [DisplayControl] video_port is_match = 1
2025/10/07 05:23:00.259 [T:0x15bc5] [DisplayControl] index of display_info_vec = 1
2025/10/07 05:23:00.259 [T:0x15bc5] [DisplayControl] index of p_lpo_display_info_video_port = 0
2025/10/07 05:23:00.259 [T:0x15bc5] [DisplayControl] VideoPortMatchingRule
2025/10/07 05:23:00.259 [T:0x15bc5] [DisplayControl] monitor display_info_model_name = VG275
2025/10/07 05:23:00.259 [T:0x15bc5] [DisplayControl] monitor video_port_model_name = VG2458
2025/10/07 05:23:00.259 [T:0x15bc5] [DisplayControl] monitor display_info_sn = XF6232400003
2025/10/07 05:23:00.259 [T:0x15bc5] [DisplayControl] monitor video_port_sn = YDJ243400006
2025/10/07 05:23:00.259 [T:0x15bc5] [DisplayControl] model_name_match = 0
2025/10/07 05:23:00.259 [T:0x15bc5] [DisplayControl] sn_match = 0
2025/10/07 05:23:00.259 [T:0x15bc5] [DisplayControl] video_port is_match = 0
2025/10/07 05:23:00.259 [T:0x15bc5] [DisplayControl] index of display_info_vec = 1
2025/10/07 05:23:00.259 [T:0x15bc5] [DisplayControl] index of p_lpo_display_info_video_port = 1
2025/10/07 05:23:00.259 [T:0x15bc5] [DisplayControl] VideoPortMatchingRule
2025/10/07 05:23:00.259 [T:0x15bc5] [DisplayControl] monitor display_info_model_name = VG275
2025/10/07 05:23:00.259 [T:0x15bc5] [DisplayControl] monitor video_port_model_name = VG275
2025/10/07 05:23:00.259 [T:0x15bc5] [DisplayControl] monitor display_info_sn = XF6232400003
2025/10/07 05:23:00.259 [T:0x15bc5] [DisplayControl] monitor video_port_sn = XF6232400003
2025/10/07 05:23:00.259 [T:0x15bc5] [DisplayControl] model_name_match = 1
2025/10/07 05:23:00.260 [T:0x15bc5] [DisplayControl] sn_match = 1
2025/10/07 05:23:00.260 [T:0x15bc5] [DisplayControl] video_port is_match = 1
2025/10/07 05:23:00.260 [T:0x15bc5] [DisplayControl] i = 0
2025/10/07 05:23:00.260 [T:0x15bc5] [DisplayControl] Enter OperationThread::OperationThread()
2025/10/07 05:23:00.260 [T:0x15bc5] [DisplayControl] Enter OperationThread::CreateThread
2025/10/07 05:23:00.260 [T:0x15bc5] [DisplayControl] new DisplayFunctioner
2025/10/07 05:23:00.260 [T:0x15bc5] [DisplayControl] insert displayer_vector
2025/10/07 05:23:00.260 [T:0x15bc5] [DisplayControl] insert modelName_SN_to_Display_map
2025/10/07 05:23:00.260 [T:0x15bc5] [DisplayControl] insert device_id_to_Displayer_map_
2025/10/07 05:23:00.260 [T:0x15bc5] [DisplayControl] i = 1
2025/10/07 05:23:00.260 [T:0x15bc5] [DisplayControl] Enter OperationThread::OperationThread()
2025/10/07 05:23:00.260 [T:0x15bc5] [DisplayControl] Enter OperationThread::CreateThread
2025/10/07 05:23:00.260 [T:0x15bc5] [DisplayControl] new DisplayFunctioner
2025/10/07 05:23:00.260 [T:0x15bc5] [DisplayControl] insert displayer_vector
2025/10/07 05:23:00.260 [T:0x15bc5] [DisplayControl] insert modelName_SN_to_Display_map
2025/10/07 05:23:00.260 [T:0x15bc5] [DisplayControl] insert device_id_to_Displayer_map_
2025/10/07 05:23:00.260 [T:0x15bc5] [DisplayControl] monitor size = 2
2025/10/07 05:23:00.260 [T:0x15bc5] [DisplayControl] Exit ObtainControlHandler
2025/10/07 05:23:00.260 [T:0x15bc5] [DisplayControl] Enter MCCSOtherSet::GetVCP(), vcp code = 16
2025/10/07 05:23:00.346 [T:0x15bc5] [DisplayControl] Exit MCCSOtherSet::GetVCP()
2025/10/07 05:23:00.346 [T:0x15bc5] [DisplayControl] Enter MCCSOtherSet::GetVCP(), vcp code = 16
2025/10/07 05:23:00.428 [T:0x15bc5] [DisplayControl] Exit MCCSOtherSet::GetVCP()
2025/10/07 05:23:00.586 [T:0x15bc5] [DisplayControl] Enter MCCSOtherSet::SetVCP(), vcp code = 51
2025/10/07 05:23:00.897 [T:0x15bc5] [DisplayControl] Exit MCCSOtherSet::SetVCP()
2025/10/07 05:23:00.898 [T:0x15bc5] [DisplayControl] Enter MCCSOtherSet::SetVCP(), vcp code = 51
2025/10/07 05:23:01.056 [T:0x15bc5] [DisplayControl] Exit MCCSOtherSet::SetVCP()
2025/10/07 05:23:01.056 [T:0x15bc5] [DisplayControl] Enter MCCSOtherSet::GetVCP(), vcp code = 96
2025/10/07 05:23:01.146 [T:0x15bc5] [DisplayControl] Exit MCCSOtherSet::GetVCP()
2025/10/07 05:23:01.254 [T:0x15bc5] [DisplayControl] Enter MCCSOtherSet::GetVCP(), vcp code = 98
2025/10/07 05:23:01.335 [T:0x15bc5] [DisplayControl] Exit MCCSOtherSet::GetVCP()
2025/10/07 05:23:01.443 [T:0x15bc5] [DisplayControl] Enter MCCSOtherSet::GetVCP(), vcp code = 225
2025/10/07 05:23:01.524 [T:0x15bc5] [DisplayControl] Exit MCCSOtherSet::GetVCP()
2025/10/07 05:23:01.631 [T:0x15bc5] [DisplayControl] Enter MCCSOtherSet::GetVCP(), vcp code = 43
2025/10/07 05:23:01.712 [T:0x15bc5] [DisplayControl] Exit MCCSOtherSet::GetVCP()
2025/10/07 05:23:01.817 [T:0x15bc5] [DisplayControl] Enter MCCSOtherSet::GetVCP(), vcp code = 141
2025/10/07 05:23:01.898 [T:0x15bc5] [DisplayControl] Exit MCCSOtherSet::GetVCP()
2025/10/07 05:23:02.005 [T:0x15bc5] [DisplayControl] Enter MCCSOtherSet::GetVCP(), vcp code = 16
2025/10/07 05:23:02.088 [T:0x15bc5] [DisplayControl] Exit MCCSOtherSet::GetVCP()
2025/10/07 05:23:02.195 [T:0x15bc5] [DisplayControl] Enter MCCSOtherSet::GetVCP(), vcp code = 97
2025/10/07 05:23:02.276 [T:0x15bc5] [DisplayControl] Exit MCCSOtherSet::GetVCP()
2025/10/07 05:23:02.382 [T:0x15bc5] [DisplayControl] Enter MCCSOtherSet::GetVCP(), vcp code = 135
2025/10/07 05:23:02.462 [T:0x15bc5] [DisplayControl] Exit MCCSOtherSet::GetVCP()
2025/10/07 05:23:02.569 [T:0x15bc5] [DisplayControl] Enter MCCSOtherSet::GetVCP(), vcp code = 4
2025/10/07 05:23:02.650 [T:0x15bc5] [DisplayControl] Exit MCCSOtherSet::GetVCP()
2025/10/07 05:23:02.757 [T:0x15bc5] [DisplayControl] Enter MCCSOtherSet::GetVCP(), vcp code = 51
2025/10/07 05:23:02.839 [T:0x15bc5] [DisplayControl] Exit MCCSOtherSet::GetVCP()
2025/10/07 05:23:02.949 [T:0x15bc5] [DisplayControl] Enter MCCSOtherSet::GetVCP(), vcp code = 20
2025/10/07 05:23:03.030 [T:0x15bc5] [DisplayControl] Exit MCCSOtherSet::GetVCP()
2025/10/07 05:23:03.136 [T:0x15bc5] [DisplayControl] Enter MCCSOtherSet::GetVCP(), vcp code = 245
2025/10/07 05:23:03.219 [T:0x15bc5] [DisplayControl] Exit MCCSOtherSet::GetVCP()
2025/10/07 05:23:03.325 [T:0x15bc5] [DisplayControl] Enter MCCSOtherSet::GetVCP(), vcp code = 220
2025/10/07 05:23:03.407 [T:0x15bc5] [DisplayControl] Exit MCCSOtherSet::GetVCP()
2025/10/07 05:23:03.514 [T:0x15bc5] [DisplayControl] Enter MCCSOtherSet::GetVCP(), vcp code = 18
2025/10/07 05:23:03.593 [T:0x15bc5] [DisplayControl] Exit MCCSOtherSet::GetVCP()
2025/10/07 05:23:03.701 [T:0x15bc5] [DisplayControl] Enter MCCSOtherSet::GetVCP(), vcp code = 96
2025/10/07 05:23:03.786 [T:0x15bc5] [DisplayControl] Exit MCCSOtherSet::GetVCP()
2025/10/07 05:23:03.890 [T:0x15bc5] [DisplayControl] Enter MCCSOtherSet::GetVCP(), vcp code = 98
2025/10/07 05:23:03.976 [T:0x15bc5] [DisplayControl] Exit MCCSOtherSet::GetVCP()
2025/10/07 05:23:04.080 [T:0x15bc5] [DisplayControl] Enter MCCSOtherSet::GetVCP(), vcp code = 225
2025/10/07 05:23:04.167 [T:0x15bc5] [DisplayControl] Exit MCCSOtherSet::GetVCP()
2025/10/07 05:23:04.270 [T:0x15bc5] [DisplayControl] Enter MCCSOtherSet::GetVCP(), vcp code = 43
2025/10/07 05:23:04.353 [T:0x15bc5] [DisplayControl] Exit MCCSOtherSet::GetVCP()
2025/10/07 05:23:04.454 [T:0x15bc5] [DisplayControl] Enter MCCSOtherSet::GetVCP(), vcp code = 141
2025/10/07 05:23:04.539 [T:0x15bc5] [DisplayControl] Exit MCCSOtherSet::GetVCP()
2025/10/07 05:23:04.643 [T:0x15bc5] [DisplayControl] Enter MCCSOtherSet::GetVCP(), vcp code = 16
2025/10/07 05:23:04.728 [T:0x15bc5] [DisplayControl] Exit MCCSOtherSet::GetVCP()
2025/10/07 05:23:04.832 [T:0x15bc5] [DisplayControl] Enter MCCSOtherSet::GetVCP(), vcp code = 97
2025/10/07 05:23:04.917 [T:0x15bc5] [DisplayControl] Exit MCCSOtherSet::GetVCP()
2025/10/07 05:23:05.018 [T:0x15bc5] [DisplayControl] Enter MCCSOtherSet::GetVCP(), vcp code = 135
2025/10/07 05:23:05.103 [T:0x15bc5] [DisplayControl] Exit MCCSOtherSet::GetVCP()
2025/10/07 05:23:05.204 [T:0x15bc5] [DisplayControl] Enter MCCSOtherSet::GetVCP(), vcp code = 4
2025/10/07 05:23:05.290 [T:0x15bc5] [DisplayControl] Exit MCCSOtherSet::GetVCP()
2025/10/07 05:23:05.394 [T:0x15bc5] [DisplayControl] Enter MCCSOtherSet::GetVCP(), vcp code = 51
2025/10/07 05:23:05.481 [T:0x15bc5] [DisplayControl] Exit MCCSOtherSet::GetVCP()
2025/10/07 05:23:05.583 [T:0x15bc5] [DisplayControl] Enter MCCSOtherSet::GetVCP(), vcp code = 220
2025/10/07 05:23:05.667 [T:0x15bc5] [DisplayControl] Exit MCCSOtherSet::GetVCP()
2025/10/07 05:23:05.770 [T:0x15bc5] [DisplayControl] Enter MCCSOtherSet::GetVCP(), vcp code = 18
2025/10/07 05:23:05.854 [T:0x15bc5] [DisplayControl] Exit MCCSOtherSet::GetVCP()
2025/10/07 05:23:05.957 [T:0x15bc5] [DisplayControl] Enter MCCSOtherSet::GetVCP(), vcp code = 236
2025/10/07 05:23:06.042 [T:0x15bc5] [DisplayControl] Exit MCCSOtherSet::GetVCP()
2025/10/07 05:23:06.146 [T:0x15bc5] [DisplayControl] Enter MCCSOtherSet::GetVCP(), vcp code = 226
2025/10/07 05:23:06.232 [T:0x15bc5] [DisplayControl] Exit MCCSOtherSet::GetVCP()
2025/10/07 05:23:06.343 [T:0x15bc5] [DisplayControl] Enter MCCSOtherSet::SetVCP(), vcp code = 51
2025/10/07 05:23:06.508 [T:0x15bc5] [DisplayControl] Exit MCCSOtherSet::SetVCP()
2025/10/07 05:23:06.512 [T:0x41649] [DisplayControl] Enter MCCSOtherSet::GetVCP(), vcp code = 96
2025/10/07 05:23:06.681 [T:0x41649] [DisplayControl] Exit MCCSOtherSet::GetVCP()
2025/10/07 05:24:44.879 [T:0x41649] [DisplayControl] Enter OperationThread::ExitThread
2025/10/07 05:24:44.879 [T:0x41649] [DisplayControl] Exit OperationThread::ExitThread
2025/10/07 05:24:44.879 [T:0x41649] [DisplayControl] Enter OperationThread::~OperationThread()
2025/10/07 05:24:44.879 [T:0x41649] [DisplayControl] Enter OperationThread::ExitThread
2025/10/07 05:24:44.879 [T:0x41649] [DisplayControl] Enter OperationThread::ExitThread
2025/10/07 05:24:44.880 [T:0x41649] [DisplayControl] Exit OperationThread::ExitThread
2025/10/07 05:24:44.880 [T:0x41649] [DisplayControl] Enter OperationThread::~OperationThread()
2025/10/07 05:24:44.880 [T:0x41649] [DisplayControl] Enter OperationThread::ExitThread
2025/10/07 05:24:44.904 [T:0x41649] [DbgStr] After calling display_control_client_listener_video_port_.UpdateAllDisplayPath()
2025/10/07 05:24:44.926 [T:0x41649] [DbgStr] After calling display_control_client_listener_.GetAllDisplayEDID()
2025/10/07 05:24:44.932 [T:0x41649] [DisplayControl] Version = 3.0.6.0
2025/10/07 05:24:44.932 [T:0x41649] [DisplayControl] Enter ObtainControlHandler1
2025/10/07 05:24:44.932 [T:0x41649] [DisplayControl] GetVideoPortCommander
2025/10/07 05:24:44.932 [T:0x41649] [DisplayControl] GetUSBHubCommander
2025/10/07 05:24:44.932 [T:0x41649] ====== List p_lpo_display_info_video_port, # of devices is ======2
2025/10/07 05:24:44.932 [T:0x41649] [DisplayControl] index of p_lpo_display_info_video_port0
2025/10/07 05:24:44.932 [T:0x41649] [DisplayControl] Model name from VideoPort = VG2458
2025/10/07 05:24:44.932 [T:0x41649] [DisplayControl] SN from VideoPort = YDJ243400006
2025/10/07 05:24:44.932 [T:0x41649] [DisplayControl] index of p_lpo_display_info_video_port1
2025/10/07 05:24:44.932 [T:0x41649] [DisplayControl] Model name from VideoPort = VG275
2025/10/07 05:24:44.932 [T:0x41649] [DisplayControl] SN from VideoPort = XF6232400003
2025/10/07 05:24:44.932 [T:0x41649] ====== List p_lpo_display_info_rtd_scalar_rts_hub, # of devices is ======0
2025/10/07 05:24:44.932 [T:0x41649] [DisplayControl] GetVSRtkHubControlClientListener
2025/10/07 05:24:44.932 [T:0x41649] [DisplayControl] max monitor count = 2
2025/10/07 05:24:44.932 [T:0x41649] [DisplayControl] index of display_info_vec = 0
2025/10/07 05:24:44.932 [T:0x41649] [DisplayControl] index of p_lpo_display_info_video_port = 0
2025/10/07 05:24:44.932 [T:0x41649] [DisplayControl] VideoPortMatchingRule
2025/10/07 05:24:44.932 [T:0x41649] [DisplayControl] monitor display_info_model_name = VG2458
2025/10/07 05:24:44.932 [T:0x41649] [DisplayControl] monitor video_port_model_name = VG2458
2025/10/07 05:24:44.932 [T:0x41649] [DisplayControl] monitor display_info_sn = YDJ243400006
2025/10/07 05:24:44.932 [T:0x41649] [DisplayControl] monitor video_port_sn = YDJ243400006
2025/10/07 05:24:44.932 [T:0x41649] [DisplayControl] model_name_match = 1
2025/10/07 05:24:44.932 [T:0x41649] [DisplayControl] sn_match = 1
2025/10/07 05:24:44.932 [T:0x41649] [DisplayControl] video_port is_match = 1
2025/10/07 05:24:44.933 [T:0x41649] [DisplayControl] index of display_info_vec = 1
2025/10/07 05:24:44.933 [T:0x41649] [DisplayControl] index of p_lpo_display_info_video_port = 0
2025/10/07 05:24:44.933 [T:0x41649] [DisplayControl] VideoPortMatchingRule
2025/10/07 05:24:44.933 [T:0x41649] [DisplayControl] monitor display_info_model_name = VG275
2025/10/07 05:24:44.933 [T:0x41649] [DisplayControl] monitor video_port_model_name = VG2458
2025/10/07 05:24:44.933 [T:0x41649] [DisplayControl] monitor display_info_sn = XF6232400003
2025/10/07 05:24:44.933 [T:0x41649] [DisplayControl] monitor video_port_sn = YDJ243400006
2025/10/07 05:24:44.933 [T:0x41649] [DisplayControl] model_name_match = 0
2025/10/07 05:24:44.933 [T:0x41649] [DisplayControl] sn_match = 0
2025/10/07 05:24:44.933 [T:0x41649] [DisplayControl] video_port is_match = 0
2025/10/07 05:24:44.933 [T:0x41649] [DisplayControl] index of display_info_vec = 1
2025/10/07 05:24:44.933 [T:0x41649] [DisplayControl] index of p_lpo_display_info_video_port = 1
2025/10/07 05:24:44.933 [T:0x41649] [DisplayControl] VideoPortMatchingRule
2025/10/07 05:24:44.933 [T:0x41649] [DisplayControl] monitor display_info_model_name = VG275
2025/10/07 05:24:44.933 [T:0x41649] [DisplayControl] monitor video_port_model_name = VG275
2025/10/07 05:24:44.933 [T:0x41649] [DisplayControl] monitor display_info_sn = XF6232400003
2025/10/07 05:24:44.933 [T:0x41649] [DisplayControl] monitor video_port_sn = XF6232400003
2025/10/07 05:24:44.933 [T:0x41649] [DisplayControl] model_name_match = 1
2025/10/07 05:24:44.933 [T:0x41649] [DisplayControl] sn_match = 1
2025/10/07 05:24:44.933 [T:0x41649] [DisplayControl] video_port is_match = 1
2025/10/07 05:24:44.933 [T:0x41649] [DisplayControl] i = 0
2025/10/07 05:24:44.933 [T:0x41649] [DisplayControl] Enter OperationThread::OperationThread()
2025/10/07 05:24:44.933 [T:0x41649] [DisplayControl] Enter OperationThread::CreateThread
2025/10/07 05:24:44.933 [T:0x41649] [DisplayControl] new DisplayFunctioner
2025/10/07 05:24:44.933 [T:0x41649] [DisplayControl] insert displayer_vector
2025/10/07 05:24:44.933 [T:0x41649] [DisplayControl] insert modelName_SN_to_Display_map
2025/10/07 05:24:44.934 [T:0x41649] [DisplayControl] insert device_id_to_Displayer_map_
2025/10/07 05:24:44.934 [T:0x41649] [DisplayControl] i = 1
2025/10/07 05:24:44.934 [T:0x41649] [DisplayControl] Enter OperationThread::OperationThread()
2025/10/07 05:24:44.934 [T:0x41649] [DisplayControl] Enter OperationThread::CreateThread
2025/10/07 05:24:44.934 [T:0x41649] [DisplayControl] new DisplayFunctioner
2025/10/07 05:24:44.934 [T:0x41649] [DisplayControl] insert displayer_vector
2025/10/07 05:24:44.934 [T:0x41649] [DisplayControl] insert modelName_SN_to_Display_map
2025/10/07 05:24:44.934 [T:0x41649] [DisplayControl] insert device_id_to_Displayer_map_
2025/10/07 05:24:44.934 [T:0x41649] [DisplayControl] monitor size = 2
2025/10/07 05:24:44.934 [T:0x41649] [DisplayControl] Exit ObtainControlHandler
2025/10/07 05:26:41.628 [T:0x41649] [DisplayControl] Enter OperationThread::ExitThread
2025/10/07 05:26:41.628 [T:0x41649] [DisplayControl] Exit OperationThread::ExitThread
2025/10/07 05:26:41.628 [T:0x41649] [DisplayControl] Enter OperationThread::~OperationThread()
2025/10/07 05:26:41.629 [T:0x41649] [DisplayControl] Enter OperationThread::ExitThread
2025/10/07 05:26:41.629 [T:0x41649] [DisplayControl] Enter OperationThread::ExitThread
2025/10/07 05:26:41.629 [T:0x41649] [DisplayControl] Exit OperationThread::ExitThread
2025/10/07 05:26:41.629 [T:0x41649] [DisplayControl] Enter OperationThread::~OperationThread()
2025/10/07 05:26:41.629 [T:0x41649] [DisplayControl] Enter OperationThread::ExitThread
2025/10/07 05:26:41.658 [T:0x41649] [DbgStr] After calling display_control_client_listener_video_port_.UpdateAllDisplayPath()
2025/10/07 05:26:41.682 [T:0x41649] [DbgStr] After calling display_control_client_listener_.GetAllDisplayEDID()
2025/10/07 05:26:41.687 [T:0x41649] [DisplayControl] Version = 3.0.6.0
2025/10/07 05:26:41.687 [T:0x41649] [DisplayControl] Enter ObtainControlHandler1
2025/10/07 05:26:41.687 [T:0x41649] [DisplayControl] GetVideoPortCommander
2025/10/07 05:26:41.687 [T:0x41649] [DisplayControl] GetUSBHubCommander
2025/10/07 05:26:41.687 [T:0x41649] ====== List p_lpo_display_info_video_port, # of devices is ======2
2025/10/07 05:26:41.688 [T:0x41649] [DisplayControl] index of p_lpo_display_info_video_port0
2025/10/07 05:26:41.688 [T:0x41649] [DisplayControl] Model name from VideoPort = VG2458
2025/10/07 05:26:41.688 [T:0x41649] [DisplayControl] SN from VideoPort = YDJ243400006
2025/10/07 05:26:41.688 [T:0x41649] [DisplayControl] index of p_lpo_display_info_video_port1
2025/10/07 05:26:41.688 [T:0x41649] [DisplayControl] Model name from VideoPort = VG275
2025/10/07 05:26:41.688 [T:0x41649] [DisplayControl] SN from VideoPort = XF6232400003
2025/10/07 05:26:41.688 [T:0x41649] ====== List p_lpo_display_info_rtd_scalar_rts_hub, # of devices is ======0
2025/10/07 05:26:41.688 [T:0x41649] [DisplayControl] GetVSRtkHubControlClientListener
2025/10/07 05:26:41.688 [T:0x41649] [DisplayControl] max monitor count = 2
2025/10/07 05:26:41.688 [T:0x41649] [DisplayControl] index of display_info_vec = 0
2025/10/07 05:26:41.688 [T:0x41649] [DisplayControl] index of p_lpo_display_info_video_port = 0
2025/10/07 05:26:41.688 [T:0x41649] [DisplayControl] VideoPortMatchingRule
2025/10/07 05:26:41.688 [T:0x41649] [DisplayControl] monitor display_info_model_name = VG2458
2025/10/07 05:26:41.688 [T:0x41649] [DisplayControl] monitor video_port_model_name = VG2458
2025/10/07 05:26:41.688 [T:0x41649] [DisplayControl] monitor display_info_sn = YDJ243400006
2025/10/07 05:26:41.688 [T:0x41649] [DisplayControl] monitor video_port_sn = YDJ243400006
2025/10/07 05:26:41.688 [T:0x41649] [DisplayControl] model_name_match = 1
2025/10/07 05:26:41.688 [T:0x41649] [DisplayControl] sn_match = 1
2025/10/07 05:26:41.688 [T:0x41649] [DisplayControl] video_port is_match = 1
2025/10/07 05:26:41.688 [T:0x41649] [DisplayControl] index of display_info_vec = 1
2025/10/07 05:26:41.688 [T:0x41649] [DisplayControl] index of p_lpo_display_info_video_port = 0
2025/10/07 05:26:41.688 [T:0x41649] [DisplayControl] VideoPortMatchingRule
2025/10/07 05:26:41.688 [T:0x41649] [DisplayControl] monitor display_info_model_name = VG275
2025/10/07 05:26:41.688 [T:0x41649] [DisplayControl] monitor video_port_model_name = VG2458
2025/10/07 05:26:41.688 [T:0x41649] [DisplayControl] monitor display_info_sn = XF6232400003
2025/10/07 05:26:41.688 [T:0x41649] [DisplayControl] monitor video_port_sn = YDJ243400006
2025/10/07 05:26:41.689 [T:0x41649] [DisplayControl] model_name_match = 0
2025/10/07 05:26:41.689 [T:0x41649] [DisplayControl] sn_match = 0
2025/10/07 05:26:41.689 [T:0x41649] [DisplayControl] video_port is_match = 0
2025/10/07 05:26:41.689 [T:0x41649] [DisplayControl] index of display_info_vec = 1
2025/10/07 05:26:41.689 [T:0x41649] [DisplayControl] index of p_lpo_display_info_video_port = 1
2025/10/07 05:26:41.689 [T:0x41649] [DisplayControl] VideoPortMatchingRule
2025/10/07 05:26:41.689 [T:0x41649] [DisplayControl] monitor display_info_model_name = VG275
2025/10/07 05:26:41.689 [T:0x41649] [DisplayControl] monitor video_port_model_name = VG275
2025/10/07 05:26:41.689 [T:0x41649] [DisplayControl] monitor display_info_sn = XF6232400003
2025/10/07 05:26:41.689 [T:0x41649] [DisplayControl] monitor video_port_sn = XF6232400003
2025/10/07 05:26:41.689 [T:0x41649] [DisplayControl] model_name_match = 1
2025/10/07 05:26:41.689 [T:0x41649] [DisplayControl] sn_match = 1
2025/10/07 05:26:41.689 [T:0x41649] [DisplayControl] video_port is_match = 1
2025/10/07 05:26:41.689 [T:0x41649] [DisplayControl] i = 0
2025/10/07 05:26:41.689 [T:0x41649] [DisplayControl] Enter OperationThread::OperationThread()
2025/10/07 05:26:41.689 [T:0x41649] [DisplayControl] Enter OperationThread::CreateThread
2025/10/07 05:26:41.689 [T:0x41649] [DisplayControl] new DisplayFunctioner
2025/10/07 05:26:41.689 [T:0x41649] [DisplayControl] insert displayer_vector
2025/10/07 05:26:41.689 [T:0x41649] [DisplayControl] insert modelName_SN_to_Display_map
2025/10/07 05:26:41.689 [T:0x41649] [DisplayControl] insert device_id_to_Displayer_map_
2025/10/07 05:26:41.689 [T:0x41649] [DisplayControl] i = 1
2025/10/07 05:26:41.689 [T:0x41649] [DisplayControl] Enter OperationThread::OperationThread()
2025/10/07 05:26:41.689 [T:0x41649] [DisplayControl] Enter OperationThread::CreateThread
2025/10/07 05:26:41.690 [T:0x41649] [DisplayControl] new DisplayFunctioner
2025/10/07 05:26:41.690 [T:0x41649] [DisplayControl] insert displayer_vector
2025/10/07 05:26:41.690 [T:0x41649] [DisplayControl] insert modelName_SN_to_Display_map
2025/10/07 05:26:41.690 [T:0x41649] [DisplayControl] insert device_id_to_Displayer_map_
2025/10/07 05:26:41.690 [T:0x41649] [DisplayControl] monitor size = 2
2025/10/07 05:26:41.690 [T:0x41649] [DisplayControl] Exit ObtainControlHandler
2025/10/07 05:28:27.451 [T:0x41649] [DisplayControl] Enter OperationThread::ExitThread
2025/10/07 05:28:27.451 [T:0x41649] [DisplayControl] Exit OperationThread::ExitThread
2025/10/07 05:28:27.451 [T:0x41649] [DisplayControl] Enter OperationThread::~OperationThread()
2025/10/07 05:28:27.451 [T:0x41649] [DisplayControl] Enter OperationThread::ExitThread
2025/10/07 05:28:27.451 [T:0x41649] [DisplayControl] Enter OperationThread::ExitThread
2025/10/07 05:28:27.451 [T:0x41649] [DisplayControl] Exit OperationThread::ExitThread
2025/10/07 05:28:27.451 [T:0x41649] [DisplayControl] Enter OperationThread::~OperationThread()
2025/10/07 05:28:27.451 [T:0x41649] [DisplayControl] Enter OperationThread::ExitThread
2025/10/07 05:28:27.477 [T:0x41649] [DbgStr] After calling display_control_client_listener_video_port_.UpdateAllDisplayPath()
2025/10/07 05:28:27.497 [T:0x41649] [DbgStr] After calling display_control_client_listener_.GetAllDisplayEDID()
2025/10/07 05:28:27.499 [T:0x41649] [DisplayControl] Version = 3.0.6.0
2025/10/07 05:28:27.499 [T:0x41649] [DisplayControl] Enter ObtainControlHandler1
2025/10/07 05:28:27.500 [T:0x41649] [DisplayControl] GetVideoPortCommander
2025/10/07 05:28:27.500 [T:0x41649] [DisplayControl] GetUSBHubCommander
2025/10/07 05:28:27.500 [T:0x41649] ====== List p_lpo_display_info_video_port, # of devices is ======2
2025/10/07 05:28:27.500 [T:0x41649] [DisplayControl] index of p_lpo_display_info_video_port0
2025/10/07 05:28:27.500 [T:0x41649] [DisplayControl] Model name from VideoPort = VG2458
2025/10/07 05:28:27.500 [T:0x41649] [DisplayControl] SN from VideoPort = YDJ243400006
2025/10/07 05:28:27.500 [T:0x41649] [DisplayControl] index of p_lpo_display_info_video_port1
2025/10/07 05:28:27.500 [T:0x41649] [DisplayControl] Model name from VideoPort = VG275
2025/10/07 05:28:27.500 [T:0x41649] [DisplayControl] SN from VideoPort = XF6232400003
2025/10/07 05:28:27.500 [T:0x41649] ====== List p_lpo_display_info_rtd_scalar_rts_hub, # of devices is ======0
2025/10/07 05:28:27.500 [T:0x41649] [DisplayControl] GetVSRtkHubControlClientListener
2025/10/07 05:28:27.500 [T:0x41649] [DisplayControl] max monitor count = 2
2025/10/07 05:28:27.500 [T:0x41649] [DisplayControl] index of display_info_vec = 0
2025/10/07 05:28:27.500 [T:0x41649] [DisplayControl] index of p_lpo_display_info_video_port = 0
2025/10/07 05:28:27.500 [T:0x41649] [DisplayControl] VideoPortMatchingRule
2025/10/07 05:28:27.500 [T:0x41649] [DisplayControl] monitor display_info_model_name = VG2458
2025/10/07 05:28:27.500 [T:0x41649] [DisplayControl] monitor video_port_model_name = VG2458
2025/10/07 05:28:27.500 [T:0x41649] [DisplayControl] monitor display_info_sn = YDJ243400006
2025/10/07 05:28:27.500 [T:0x41649] [DisplayControl] monitor video_port_sn = YDJ243400006
2025/10/07 05:28:27.500 [T:0x41649] [DisplayControl] model_name_match = 1
2025/10/07 05:28:27.500 [T:0x41649] [DisplayControl] sn_match = 1
2025/10/07 05:28:27.500 [T:0x41649] [DisplayControl] video_port is_match = 1
2025/10/07 05:28:27.500 [T:0x41649] [DisplayControl] index of display_info_vec = 1
2025/10/07 05:28:27.500 [T:0x41649] [DisplayControl] index of p_lpo_display_info_video_port = 0
2025/10/07 05:28:27.500 [T:0x41649] [DisplayControl] VideoPortMatchingRule
2025/10/07 05:28:27.500 [T:0x41649] [DisplayControl] monitor display_info_model_name = VG275
2025/10/07 05:28:27.500 [T:0x41649] [DisplayControl] monitor video_port_model_name = VG2458
2025/10/07 05:28:27.501 [T:0x41649] [DisplayControl] monitor display_info_sn = XF6232400003
2025/10/07 05:28:27.501 [T:0x41649] [DisplayControl] monitor video_port_sn = YDJ243400006
2025/10/07 05:28:27.501 [T:0x41649] [DisplayControl] model_name_match = 0
2025/10/07 05:28:27.501 [T:0x41649] [DisplayControl] sn_match = 0
2025/10/07 05:28:27.501 [T:0x41649] [DisplayControl] video_port is_match = 0
2025/10/07 05:28:27.501 [T:0x41649] [DisplayControl] index of display_info_vec = 1
2025/10/07 05:28:27.501 [T:0x41649] [DisplayControl] index of p_lpo_display_info_video_port = 1
2025/10/07 05:28:27.501 [T:0x41649] [DisplayControl] VideoPortMatchingRule
2025/10/07 05:28:27.501 [T:0x41649] [DisplayControl] monitor display_info_model_name = VG275
2025/10/07 05:28:27.501 [T:0x41649] [DisplayControl] monitor video_port_model_name = VG275
2025/10/07 05:28:27.501 [T:0x41649] [DisplayControl] monitor display_info_sn = XF6232400003
2025/10/07 05:28:27.501 [T:0x41649] [DisplayControl] monitor video_port_sn = XF6232400003
2025/10/07 05:28:27.501 [T:0x41649] [DisplayControl] model_name_match = 1
2025/10/07 05:28:27.501 [T:0x41649] [DisplayControl] sn_match = 1
2025/10/07 05:28:27.501 [T:0x41649] [DisplayControl] video_port is_match = 1
2025/10/07 05:28:27.501 [T:0x41649] [DisplayControl] i = 0
2025/10/07 05:28:27.501 [T:0x41649] [DisplayControl] Enter OperationThread::OperationThread()
2025/10/07 05:28:27.501 [T:0x41649] [DisplayControl] Enter OperationThread::CreateThread
2025/10/07 05:28:27.501 [T:0x41649] [DisplayControl] new DisplayFunctioner
2025/10/07 05:28:27.501 [T:0x41649] [DisplayControl] insert displayer_vector
2025/10/07 05:28:27.501 [T:0x41649] [DisplayControl] insert modelName_SN_to_Display_map
2025/10/07 05:28:27.501 [T:0x41649] [DisplayControl] insert device_id_to_Displayer_map_
2025/10/07 05:28:27.501 [T:0x41649] [DisplayControl] i = 1
2025/10/07 05:28:27.501 [T:0x41649] [DisplayControl] Enter OperationThread::OperationThread()
2025/10/07 05:28:27.501 [T:0x41649] [DisplayControl] Enter OperationThread::CreateThread
2025/10/07 05:28:27.502 [T:0x41649] [DisplayControl] new DisplayFunctioner
2025/10/07 05:28:27.502 [T:0x41649] [DisplayControl] insert displayer_vector
2025/10/07 05:28:27.502 [T:0x41649] [DisplayControl] insert modelName_SN_to_Display_map
2025/10/07 05:28:27.502 [T:0x41649] [DisplayControl] insert device_id_to_Displayer_map_
2025/10/07 05:28:27.502 [T:0x41649] [DisplayControl] monitor size = 2
2025/10/07 05:28:27.502 [T:0x41649] [DisplayControl] Exit ObtainControlHandler
2025/10/07 05:30:24.563 [T:0x41649] [DisplayControl] Enter OperationThread::ExitThread
2025/10/07 05:30:24.563 [T:0x41649] [DisplayControl] Exit OperationThread::ExitThread
2025/10/07 05:30:24.564 [T:0x41649] [DisplayControl] Enter OperationThread::~OperationThread()
2025/10/07 05:30:24.564 [T:0x41649] [DisplayControl] Enter OperationThread::ExitThread
2025/10/07 05:30:24.564 [T:0x41649] [DisplayControl] Enter OperationThread::ExitThread
2025/10/07 05:30:24.564 [T:0x41649] [DisplayControl] Exit OperationThread::ExitThread
2025/10/07 05:30:24.564 [T:0x41649] [DisplayControl] Enter OperationThread::~OperationThread()
2025/10/07 05:30:24.564 [T:0x41649] [DisplayControl] Enter OperationThread::ExitThread
2025/10/07 05:30:24.589 [T:0x41649] [DbgStr] After calling display_control_client_listener_video_port_.UpdateAllDisplayPath()
2025/10/07 05:30:24.610 [T:0x41649] [DbgStr] After calling display_control_client_listener_.GetAllDisplayEDID()
2025/10/07 05:30:24.615 [T:0x41649] [DisplayControl] Version = 3.0.6.0
2025/10/07 05:30:24.615 [T:0x41649] [DisplayControl] Enter ObtainControlHandler1
2025/10/07 05:30:24.615 [T:0x41649] [DisplayControl] GetVideoPortCommander
2025/10/07 05:30:24.615 [T:0x41649] [DisplayControl] GetUSBHubCommander
2025/10/07 05:30:24.615 [T:0x41649] ====== List p_lpo_display_info_video_port, # of devices is ======2
2025/10/07 05:30:24.615 [T:0x41649] [DisplayControl] index of p_lpo_display_info_video_port0
2025/10/07 05:30:24.615 [T:0x41649] [DisplayControl] Model name from VideoPort = VG2458
2025/10/07 05:30:24.615 [T:0x41649] [DisplayControl] SN from VideoPort = YDJ243400006
2025/10/07 05:30:24.615 [T:0x41649] [DisplayControl] index of p_lpo_display_info_video_port1
2025/10/07 05:30:24.615 [T:0x41649] [DisplayControl] Model name from VideoPort = VG275
2025/10/07 05:30:24.615 [T:0x41649] [DisplayControl] SN from VideoPort = XF6232400003
2025/10/07 05:30:24.616 [T:0x41649] ====== List p_lpo_display_info_rtd_scalar_rts_hub, # of devices is ======0
2025/10/07 05:30:24.616 [T:0x41649] [DisplayControl] GetVSRtkHubControlClientListener
2025/10/07 05:30:24.616 [T:0x41649] [DisplayControl] max monitor count = 2
2025/10/07 05:30:24.616 [T:0x41649] [DisplayControl] index of display_info_vec = 0
2025/10/07 05:30:24.616 [T:0x41649] [DisplayControl] index of p_lpo_display_info_video_port = 0
2025/10/07 05:30:24.616 [T:0x41649] [DisplayControl] VideoPortMatchingRule
2025/10/07 05:30:24.616 [T:0x41649] [DisplayControl] monitor display_info_model_name = VG2458
2025/10/07 05:30:24.616 [T:0x41649] [DisplayControl] monitor video_port_model_name = VG2458
2025/10/07 05:30:24.616 [T:0x41649] [DisplayControl] monitor display_info_sn = YDJ243400006
2025/10/07 05:30:24.616 [T:0x41649] [DisplayControl] monitor video_port_sn = YDJ243400006
2025/10/07 05:30:24.616 [T:0x41649] [DisplayControl] model_name_match = 1
2025/10/07 05:30:24.616 [T:0x41649] [DisplayControl] sn_match = 1
2025/10/07 05:30:24.616 [T:0x41649] [DisplayControl] video_port is_match = 1
2025/10/07 05:30:24.616 [T:0x41649] [DisplayControl] index of display_info_vec = 1
2025/10/07 05:30:24.616 [T:0x41649] [DisplayControl] index of p_lpo_display_info_video_port = 0
2025/10/07 05:30:24.616 [T:0x41649] [DisplayControl] VideoPortMatchingRule
2025/10/07 05:30:24.616 [T:0x41649] [DisplayControl] monitor display_info_model_name = VG275
2025/10/07 05:30:24.616 [T:0x41649] [DisplayControl] monitor video_port_model_name = VG2458
2025/10/07 05:30:24.616 [T:0x41649] [DisplayControl] monitor display_info_sn = XF6232400003
2025/10/07 05:30:24.616 [T:0x41649] [DisplayControl] monitor video_port_sn = YDJ243400006
2025/10/07 05:30:24.616 [T:0x41649] [DisplayControl] model_name_match = 0
2025/10/07 05:30:24.616 [T:0x41649] [DisplayControl] sn_match = 0
2025/10/07 05:30:24.616 [T:0x41649] [DisplayControl] video_port is_match = 0
2025/10/07 05:30:24.616 [T:0x41649] [DisplayControl] index of display_info_vec = 1
2025/10/07 05:30:24.616 [T:0x41649] [DisplayControl] index of p_lpo_display_info_video_port = 1
2025/10/07 05:30:24.616 [T:0x41649] [DisplayControl] VideoPortMatchingRule
2025/10/07 05:30:24.616 [T:0x41649] [DisplayControl] monitor display_info_model_name = VG275
2025/10/07 05:30:24.616 [T:0x41649] [DisplayControl] monitor video_port_model_name = VG275
2025/10/07 05:30:24.617 [T:0x41649] [DisplayControl] monitor display_info_sn = XF6232400003
2025/10/07 05:30:24.617 [T:0x41649] [DisplayControl] monitor video_port_sn = XF6232400003
2025/10/07 05:30:24.617 [T:0x41649] [DisplayControl] model_name_match = 1
2025/10/07 05:30:24.617 [T:0x41649] [DisplayControl] sn_match = 1
2025/10/07 05:30:24.617 [T:0x41649] [DisplayControl] video_port is_match = 1
2025/10/07 05:30:24.617 [T:0x41649] [DisplayControl] i = 0
2025/10/07 05:30:24.617 [T:0x41649] [DisplayControl] Enter OperationThread::OperationThread()
2025/10/07 05:30:24.617 [T:0x41649] [DisplayControl] Enter OperationThread::CreateThread
2025/10/07 05:30:24.617 [T:0x41649] [DisplayControl] new DisplayFunctioner
2025/10/07 05:30:24.617 [T:0x41649] [DisplayControl] insert displayer_vector
2025/10/07 05:30:24.617 [T:0x41649] [DisplayControl] insert modelName_SN_to_Display_map
2025/10/07 05:30:24.617 [T:0x41649] [DisplayControl] insert device_id_to_Displayer_map_
2025/10/07 05:30:24.617 [T:0x41649] [DisplayControl] i = 1
2025/10/07 05:30:24.617 [T:0x41649] [DisplayControl] Enter OperationThread::OperationThread()
2025/10/07 05:30:24.617 [T:0x41649] [DisplayControl] Enter OperationThread::CreateThread
2025/10/07 05:30:24.617 [T:0x41649] [DisplayControl] new DisplayFunctioner
2025/10/07 05:30:24.617 [T:0x41649] [DisplayControl] insert displayer_vector
2025/10/07 05:30:24.617 [T:0x41649] [DisplayControl] insert modelName_SN_to_Display_map
2025/10/07 05:30:24.617 [T:0x41649] [DisplayControl] insert device_id_to_Displayer_map_
2025/10/07 05:30:24.617 [T:0x41649] [DisplayControl] monitor size = 2
2025/10/07 05:30:24.617 [T:0x41649] [DisplayControl] Exit ObtainControlHandler
2025/10/07 05:32:21.753 [T:0x41649] [DisplayControl] Enter OperationThread::ExitThread
2025/10/07 05:32:21.754 [T:0x41649] [DisplayControl] Exit OperationThread::ExitThread
2025/10/07 05:32:21.754 [T:0x41649] [DisplayControl] Enter OperationThread::~OperationThread()
2025/10/07 05:32:21.754 [T:0x41649] [DisplayControl] Enter OperationThread::ExitThread
2025/10/07 05:32:21.754 [T:0x41649] [DisplayControl] Enter OperationThread::ExitThread
2025/10/07 05:32:21.754 [T:0x41649] [DisplayControl] Exit OperationThread::ExitThread
2025/10/07 05:32:21.754 [T:0x41649] [DisplayControl] Enter OperationThread::~OperationThread()
2025/10/07 05:32:21.754 [T:0x41649] [DisplayControl] Enter OperationThread::ExitThread
2025/10/07 05:32:21.779 [T:0x41649] [DbgStr] After calling display_control_client_listener_video_port_.UpdateAllDisplayPath()
2025/10/07 05:32:21.801 [T:0x41649] [DbgStr] After calling display_control_client_listener_.GetAllDisplayEDID()
2025/10/07 05:32:21.806 [T:0x41649] [DisplayControl] Version = 3.0.6.0
2025/10/07 05:32:21.806 [T:0x41649] [DisplayControl] Enter ObtainControlHandler1
2025/10/07 05:32:21.806 [T:0x41649] [DisplayControl] GetVideoPortCommander
2025/10/07 05:32:21.806 [T:0x41649] [DisplayControl] GetUSBHubCommander
2025/10/07 05:32:21.806 [T:0x41649] ====== List p_lpo_display_info_video_port, # of devices is ======2
2025/10/07 05:32:21.806 [T:0x41649] [DisplayControl] index of p_lpo_display_info_video_port0
2025/10/07 05:32:21.806 [T:0x41649] [DisplayControl] Model name from VideoPort = VG2458
2025/10/07 05:32:21.806 [T:0x41649] [DisplayControl] SN from VideoPort = YDJ243400006
2025/10/07 05:32:21.806 [T:0x41649] [DisplayControl] index of p_lpo_display_info_video_port1
2025/10/07 05:32:21.806 [T:0x41649] [DisplayControl] Model name from VideoPort = VG275
2025/10/07 05:32:21.806 [T:0x41649] [DisplayControl] SN from VideoPort = XF6232400003
2025/10/07 05:32:21.806 [T:0x41649] ====== List p_lpo_display_info_rtd_scalar_rts_hub, # of devices is ======0
2025/10/07 05:32:21.806 [T:0x41649] [DisplayControl] GetVSRtkHubControlClientListener
2025/10/07 05:32:21.806 [T:0x41649] [DisplayControl] max monitor count = 2
2025/10/07 05:32:21.806 [T:0x41649] [DisplayControl] index of display_info_vec = 0
2025/10/07 05:32:21.807 [T:0x41649] [DisplayControl] index of p_lpo_display_info_video_port = 0
2025/10/07 05:32:21.807 [T:0x41649] [DisplayControl] VideoPortMatchingRule
2025/10/07 05:32:21.807 [T:0x41649] [DisplayControl] monitor display_info_model_name = VG2458
2025/10/07 05:32:21.807 [T:0x41649] [DisplayControl] monitor video_port_model_name = VG2458
2025/10/07 05:32:21.807 [T:0x41649] [DisplayControl] monitor display_info_sn = YDJ243400006
2025/10/07 05:32:21.807 [T:0x41649] [DisplayControl] monitor video_port_sn = YDJ243400006
2025/10/07 05:32:21.807 [T:0x41649] [DisplayControl] model_name_match = 1
2025/10/07 05:32:21.807 [T:0x41649] [DisplayControl] sn_match = 1
2025/10/07 05:32:21.807 [T:0x41649] [DisplayControl] video_port is_match = 1
2025/10/07 05:32:21.807 [T:0x41649] [DisplayControl] index of display_info_vec = 1
2025/10/07 05:32:21.807 [T:0x41649] [DisplayControl] index of p_lpo_display_info_video_port = 0
2025/10/07 05:32:21.807 [T:0x41649] [DisplayControl] VideoPortMatchingRule
2025/10/07 05:32:21.807 [T:0x41649] [DisplayControl] monitor display_info_model_name = VG275
2025/10/07 05:32:21.807 [T:0x41649] [DisplayControl] monitor video_port_model_name = VG2458
2025/10/07 05:32:21.807 [T:0x41649] [DisplayControl] monitor display_info_sn = XF6232400003
2025/10/07 05:32:21.807 [T:0x41649] [DisplayControl] monitor video_port_sn = YDJ243400006
2025/10/07 05:32:21.807 [T:0x41649] [DisplayControl] model_name_match = 0
2025/10/07 05:32:21.807 [T:0x41649] [DisplayControl] sn_match = 0
2025/10/07 05:32:21.807 [T:0x41649] [DisplayControl] video_port is_match = 0
2025/10/07 05:32:21.807 [T:0x41649] [DisplayControl] index of display_info_vec = 1
2025/10/07 05:32:21.807 [T:0x41649] [DisplayControl] index of p_lpo_display_info_video_port = 1
2025/10/07 05:32:21.807 [T:0x41649] [DisplayControl] VideoPortMatchingRule
2025/10/07 05:32:21.807 [T:0x41649] [DisplayControl] monitor display_info_model_name = VG275
2025/10/07 05:32:21.807 [T:0x41649] [DisplayControl] monitor video_port_model_name = VG275
2025/10/07 05:32:21.807 [T:0x41649] [DisplayControl] monitor display_info_sn = XF6232400003
2025/10/07 05:32:21.807 [T:0x41649] [DisplayControl] monitor video_port_sn = XF6232400003
2025/10/07 05:32:21.807 [T:0x41649] [DisplayControl] model_name_match = 1
2025/10/07 05:32:21.807 [T:0x41649] [DisplayControl] sn_match = 1
2025/10/07 05:32:21.808 [T:0x41649] [DisplayControl] video_port is_match = 1
2025/10/07 05:32:21.808 [T:0x41649] [DisplayControl] i = 0
2025/10/07 05:32:21.808 [T:0x41649] [DisplayControl] Enter OperationThread::OperationThread()
2025/10/07 05:32:21.808 [T:0x41649] [DisplayControl] Enter OperationThread::CreateThread
2025/10/07 05:32:21.808 [T:0x41649] [DisplayControl] new DisplayFunctioner
2025/10/07 05:32:21.808 [T:0x41649] [DisplayControl] insert displayer_vector
2025/10/07 05:32:21.808 [T:0x41649] [DisplayControl] insert modelName_SN_to_Display_map
2025/10/07 05:32:21.808 [T:0x41649] [DisplayControl] insert device_id_to_Displayer_map_
2025/10/07 05:32:21.808 [T:0x41649] [DisplayControl] i = 1
2025/10/07 05:32:21.808 [T:0x41649] [DisplayControl] Enter OperationThread::OperationThread()
2025/10/07 05:32:21.808 [T:0x41649] [DisplayControl] Enter OperationThread::CreateThread
2025/10/07 05:32:21.808 [T:0x41649] [DisplayControl] new DisplayFunctioner
2025/10/07 05:32:21.808 [T:0x41649] [DisplayControl] insert displayer_vector
2025/10/07 05:32:21.808 [T:0x41649] [DisplayControl] insert modelName_SN_to_Display_map
2025/10/07 05:32:21.808 [T:0x41649] [DisplayControl] insert device_id_to_Displayer_map_
2025/10/07 05:32:21.808 [T:0x41649] [DisplayControl] monitor size = 2
2025/10/07 05:32:21.808 [T:0x41649] [DisplayControl] Exit ObtainControlHandler
2025/10/07 05:34:07.610 [T:0x41649] [DisplayControl] Enter OperationThread::ExitThread
2025/10/07 05:34:07.611 [T:0x41649] [DisplayControl] Exit OperationThread::ExitThread
2025/10/07 05:34:07.611 [T:0x41649] [DisplayControl] Enter OperationThread::~OperationThread()
2025/10/07 05:34:07.611 [T:0x41649] [DisplayControl] Enter OperationThread::ExitThread
2025/10/07 05:34:07.611 [T:0x41649] [DisplayControl] Enter OperationThread::ExitThread
2025/10/07 05:34:07.611 [T:0x41649] [DisplayControl] Exit OperationThread::ExitThread
2025/10/07 05:34:07.611 [T:0x41649] [DisplayControl] Enter OperationThread::~OperationThread()
2025/10/07 05:34:07.611 [T:0x41649] [DisplayControl] Enter OperationThread::ExitThread
2025/10/07 05:34:07.636 [T:0x41649] [DbgStr] After calling display_control_client_listener_video_port_.UpdateAllDisplayPath()
2025/10/07 05:34:07.655 [T:0x41649] [DbgStr] After calling display_control_client_listener_.GetAllDisplayEDID()
2025/10/07 05:34:07.668 [T:0x41649] [DisplayControl] Version = 3.0.6.0
2025/10/07 05:34:07.668 [T:0x41649] [DisplayControl] Enter ObtainControlHandler1
2025/10/07 05:34:07.668 [T:0x41649] [DisplayControl] GetVideoPortCommander
2025/10/07 05:34:07.668 [T:0x41649] [DisplayControl] GetUSBHubCommander
2025/10/07 05:34:07.668 [T:0x41649] ====== List p_lpo_display_info_video_port, # of devices is ======2
2025/10/07 05:34:07.668 [T:0x41649] [DisplayControl] index of p_lpo_display_info_video_port0
2025/10/07 05:34:07.668 [T:0x41649] [DisplayControl] Model name from VideoPort = VG2458
2025/10/07 05:34:07.668 [T:0x41649] [DisplayControl] SN from VideoPort = YDJ243400006
2025/10/07 05:34:07.668 [T:0x41649] [DisplayControl] index of p_lpo_display_info_video_port1
2025/10/07 05:34:07.668 [T:0x41649] [DisplayControl] Model name from VideoPort = VG275
2025/10/07 05:34:07.668 [T:0x41649] [DisplayControl] SN from VideoPort = XF6232400003
2025/10/07 05:34:07.668 [T:0x41649] ====== List p_lpo_display_info_rtd_scalar_rts_hub, # of devices is ======0
2025/10/07 05:34:07.668 [T:0x41649] [DisplayControl] GetVSRtkHubControlClientListener
2025/10/07 05:34:07.668 [T:0x41649] [DisplayControl] max monitor count = 2
2025/10/07 05:34:07.668 [T:0x41649] [DisplayControl] index of display_info_vec = 0
2025/10/07 05:34:07.668 [T:0x41649] [DisplayControl] index of p_lpo_display_info_video_port = 0
2025/10/07 05:34:07.668 [T:0x41649] [DisplayControl] VideoPortMatchingRule
2025/10/07 05:34:07.668 [T:0x41649] [DisplayControl] monitor display_info_model_name = VG2458
2025/10/07 05:34:07.668 [T:0x41649] [DisplayControl] monitor video_port_model_name = VG2458
2025/10/07 05:34:07.669 [T:0x41649] [DisplayControl] monitor display_info_sn = YDJ243400006
2025/10/07 05:34:07.669 [T:0x41649] [DisplayControl] monitor video_port_sn = YDJ243400006
2025/10/07 05:34:07.669 [T:0x41649] [DisplayControl] model_name_match = 1
2025/10/07 05:34:07.669 [T:0x41649] [DisplayControl] sn_match = 1
2025/10/07 05:34:07.669 [T:0x41649] [DisplayControl] video_port is_match = 1
2025/10/07 05:34:07.669 [T:0x41649] [DisplayControl] index of display_info_vec = 1
2025/10/07 05:34:07.669 [T:0x41649] [DisplayControl] index of p_lpo_display_info_video_port = 0
2025/10/07 05:34:07.669 [T:0x41649] [DisplayControl] VideoPortMatchingRule
2025/10/07 05:34:07.669 [T:0x41649] [DisplayControl] monitor display_info_model_name = VG275
2025/10/07 05:34:07.669 [T:0x41649] [DisplayControl] monitor video_port_model_name = VG2458
2025/10/07 05:34:07.669 [T:0x41649] [DisplayControl] monitor display_info_sn = XF6232400003
2025/10/07 05:34:07.669 [T:0x41649] [DisplayControl] monitor video_port_sn = YDJ243400006
2025/10/07 05:34:07.669 [T:0x41649] [DisplayControl] model_name_match = 0
2025/10/07 05:34:07.669 [T:0x41649] [DisplayControl] sn_match = 0
2025/10/07 05:34:07.669 [T:0x41649] [DisplayControl] video_port is_match = 0
2025/10/07 05:34:07.669 [T:0x41649] [DisplayControl] index of display_info_vec = 1
2025/10/07 05:34:07.669 [T:0x41649] [DisplayControl] index of p_lpo_display_info_video_port = 1
2025/10/07 05:34:07.669 [T:0x41649] [DisplayControl] VideoPortMatchingRule
2025/10/07 05:34:07.669 [T:0x41649] [DisplayControl] monitor display_info_model_name = VG275
2025/10/07 05:34:07.669 [T:0x41649] [DisplayControl] monitor video_port_model_name = VG275
2025/10/07 05:34:07.669 [T:0x41649] [DisplayControl] monitor display_info_sn = XF6232400003
2025/10/07 05:34:07.669 [T:0x41649] [DisplayControl] monitor video_port_sn = XF6232400003
2025/10/07 05:34:07.669 [T:0x41649] [DisplayControl] model_name_match = 1
2025/10/07 05:34:07.669 [T:0x41649] [DisplayControl] sn_match = 1
2025/10/07 05:34:07.669 [T:0x41649] [DisplayControl] video_port is_match = 1
2025/10/07 05:34:07.669 [T:0x41649] [DisplayControl] i = 0
2025/10/07 05:34:07.669 [T:0x41649] [DisplayControl] Enter OperationThread::OperationThread()
2025/10/07 05:34:07.669 [T:0x41649] [DisplayControl] Enter OperationThread::CreateThread
2025/10/07 05:34:07.670 [T:0x41649] [DisplayControl] new DisplayFunctioner
2025/10/07 05:34:07.670 [T:0x41649] [DisplayControl] insert displayer_vector
2025/10/07 05:34:07.670 [T:0x41649] [DisplayControl] insert modelName_SN_to_Display_map
2025/10/07 05:34:07.670 [T:0x41649] [DisplayControl] insert device_id_to_Displayer_map_
2025/10/07 05:34:07.670 [T:0x41649] [DisplayControl] i = 1
2025/10/07 05:34:07.670 [T:0x41649] [DisplayControl] Enter OperationThread::OperationThread()
2025/10/07 05:34:07.670 [T:0x41649] [DisplayControl] Enter OperationThread::CreateThread
2025/10/07 05:34:07.670 [T:0x41649] [DisplayControl] new DisplayFunctioner
2025/10/07 05:34:07.670 [T:0x41649] [DisplayControl] insert displayer_vector
2025/10/07 05:34:07.670 [T:0x41649] [DisplayControl] insert modelName_SN_to_Display_map
2025/10/07 05:34:07.670 [T:0x41649] [DisplayControl] insert device_id_to_Displayer_map_
2025/10/07 05:34:07.670 [T:0x41649] [DisplayControl] monitor size = 2
2025/10/07 05:34:07.670 [T:0x41649] [DisplayControl] Exit ObtainControlHandler
2025/10/07 05:35:55.161 [T:0xd9005] [DisplayControl] Enter MCCSOtherSet::SetVCP(), vcp code = 16
2025/10/07 05:35:55.355 [T:0xd9005] [DisplayControl] Exit MCCSOtherSet::SetVCP()
2025/10/07 05:37:23.042 [T:0x2e3f3] [DisplayControl] Enter MCCSOtherSet::SetVCP(), vcp code = 16
2025/10/07 05:37:23.255 [T:0x2e3f3] [DisplayControl] Exit MCCSOtherSet::SetVCP()
2025/10/07 05:38:48.975 [T:0x0a763] [DisplayControl] Enter MCCSOtherSet::SetVCP(), vcp code = 18
2025/10/07 05:38:49.173 [T:0x0a763] [DisplayControl] Exit MCCSOtherSet::SetVCP()
2025/10/07 05:40:15.855 [T:0x7f11e] [DisplayControl] Enter MCCSOtherSet::SetVCP(), vcp code = 18
2025/10/07 05:40:16.050 [T:0x7f11e] [DisplayControl] Exit MCCSOtherSet::SetVCP()
2025/10/07 05:41:42.787 [T:0x2b5cd] [DisplayControl] Enter MCCSOtherSet::SetVCP(), vcp code = 135
2025/10/07 05:41:42.993 [T:0x2b5cd] [DisplayControl] Exit MCCSOtherSet::SetVCP()
2025/10/07 05:43:09.618 [T:0x4f9bb] [DisplayControl] Enter MCCSOtherSet::SetVCP(), vcp code = 135
2025/10/07 05:43:09.815 [T:0x4f9bb] [DisplayControl] Exit MCCSOtherSet::SetVCP()
2025/10/07 05:44:36.389 [T:0x41649] [DisplayControl] Enter MCCSOtherSet::SetVCP(), vcp code = 98
2025/10/07 05:44:36.912 [T:0x41649] [DisplayControl] Exit MCCSOtherSet::SetVCP()
2025/10/07 05:44:37.022 [T:0xadf76] [DisplayControl] Enter MCCSOtherSet::SetVCP(), vcp code = 98
2025/10/07 05:44:37.237 [T:0xadf76] [DisplayControl] Exit MCCSOtherSet::SetVCP()
2025/10/07 05:46:03.306 [T:0x41649] [DisplayControl] Enter MCCSOtherSet::SetVCP(), vcp code = 98
2025/10/07 05:46:03.512 [T:0x41649] [DisplayControl] Exit MCCSOtherSet::SetVCP()
2025/10/07 05:46:03.625 [T:0xe8f71] [DisplayControl] Enter MCCSOtherSet::SetVCP(), vcp code = 98
2025/10/07 05:46:03.819 [T:0xe8f71] [DisplayControl] Exit MCCSOtherSet::SetVCP()
2025/10/07 05:47:33.898 [T:0xa6472] [DisplayControl] Enter MCCSOtherSet::SetVCP(), vcp code = 220
2025/10/07 05:47:34.892 [T:0xa6472] [DisplayControl] Exit MCCSOtherSet::SetVCP()
2025/10/07 05:47:40.517 [T:0xa6472] [DisplayControl] Enter MCCSOtherSet::GetVCP(), vcp code = 16
2025/10/07 05:47:40.599 [T:0xa6472] [DisplayControl] Exit MCCSOtherSet::GetVCP()
2025/10/07 05:47:41.317 [T:0xa6472] [DisplayControl] Enter MCCSOtherSet::GetVCP(), vcp code = 135
2025/10/07 05:47:41.399 [T:0xa6472] [DisplayControl] Exit MCCSOtherSet::GetVCP()
2025/10/07 05:47:42.124 [T:0xa6472] [DisplayControl] Enter MCCSOtherSet::GetVCP(), vcp code = 20
2025/10/07 05:47:42.206 [T:0xa6472] [DisplayControl] Exit MCCSOtherSet::GetVCP()
2025/10/07 05:47:42.926 [T:0xa6472] [DisplayControl] Enter MCCSOtherSet::GetVCP(), vcp code = 18
2025/10/07 05:47:43.006 [T:0xa6472] [DisplayControl] Exit MCCSOtherSet::GetVCP()
2025/10/07 05:49:17.946 [T:0x68fb8] [DisplayControl] Enter MCCSOtherSet::SetVCP(), vcp code = 220
2025/10/07 05:49:18.940 [T:0x68fb8] [DisplayControl] Exit MCCSOtherSet::SetVCP()
2025/10/07 05:49:24.549 [T:0x68fb8] [DisplayControl] Enter MCCSOtherSet::GetVCP(), vcp code = 16
2025/10/07 05:49:24.631 [T:0x68fb8] [DisplayControl] Exit MCCSOtherSet::GetVCP()
2025/10/07 05:49:25.355 [T:0x68fb8] [DisplayControl] Enter MCCSOtherSet::GetVCP(), vcp code = 135
2025/10/07 05:49:25.435 [T:0x68fb8] [DisplayControl] Exit MCCSOtherSet::GetVCP()
2025/10/07 05:49:26.143 [T:0x68fb8] [DisplayControl] Enter MCCSOtherSet::GetVCP(), vcp code = 20
2025/10/07 05:49:26.224 [T:0x68fb8] [DisplayControl] Exit MCCSOtherSet::GetVCP()
2025/10/07 05:49:26.937 [T:0x68fb8] [DisplayControl] Enter MCCSOtherSet::GetVCP(), vcp code = 18
2025/10/07 05:49:27.017 [T:0x68fb8] [DisplayControl] Exit MCCSOtherSet::GetVCP()
2025/10/07 05:51:02.061 [T:0xae817] [DisplayControl] Enter MCCSOtherSet::SetVCP(), vcp code = 220
2025/10/07 05:51:03.037 [T:0xae817] [DisplayControl] Exit MCCSOtherSet::SetVCP()
2025/10/07 05:51:08.658 [T:0xae817] [DisplayControl] Enter MCCSOtherSet::GetVCP(), vcp code = 16
2025/10/07 05:51:08.740 [T:0xae817] [DisplayControl] Exit MCCSOtherSet::GetVCP()
2025/10/07 05:51:09.457 [T:0xae817] [DisplayControl] Enter MCCSOtherSet::GetVCP(), vcp code = 135
2025/10/07 05:51:09.539 [T:0xae817] [DisplayControl] Exit MCCSOtherSet::GetVCP()
2025/10/07 05:51:10.253 [T:0xae817] [DisplayControl] Enter MCCSOtherSet::GetVCP(), vcp code = 20
2025/10/07 05:51:10.334 [T:0xae817] [DisplayControl] Exit MCCSOtherSet::GetVCP()
2025/10/07 05:51:11.052 [T:0xae817] [DisplayControl] Enter MCCSOtherSet::GetVCP(), vcp code = 18
2025/10/07 05:51:11.132 [T:0xae817] [DisplayControl] Exit MCCSOtherSet::GetVCP()
2025/10/07 05:52:46.093 [T:0x1abef] [DisplayControl] Enter MCCSOtherSet::SetVCP(), vcp code = 220
2025/10/07 05:52:47.081 [T:0x1abef] [DisplayControl] Exit MCCSOtherSet::SetVCP()
2025/10/07 05:52:52.704 [T:0x1abef] [DisplayControl] Enter MCCSOtherSet::GetVCP(), vcp code = 16
2025/10/07 05:52:52.785 [T:0x1abef] [DisplayControl] Exit MCCSOtherSet::GetVCP()
2025/10/07 05:52:53.505 [T:0x1abef] [DisplayControl] Enter MCCSOtherSet::GetVCP(), vcp code = 135
2025/10/07 05:52:53.587 [T:0x1abef] [DisplayControl] Exit MCCSOtherSet::GetVCP()
2025/10/07 05:52:54.303 [T:0x1abef] [DisplayControl] Enter MCCSOtherSet::GetVCP(), vcp code = 20
2025/10/07 05:52:54.384 [T:0x1abef] [DisplayControl] Exit MCCSOtherSet::GetVCP()
2025/10/07 05:52:55.103 [T:0x1abef] [DisplayControl] Enter MCCSOtherSet::GetVCP(), vcp code = 18
2025/10/07 05:52:55.183 [T:0x1abef] [DisplayControl] Exit MCCSOtherSet::GetVCP()
2025/10/07 05:54:30.155 [T:0x20d34] [DisplayControl] Enter MCCSOtherSet::SetVCP(), vcp code = 220
2025/10/07 05:54:31.145 [T:0x20d34] [DisplayControl] Exit MCCSOtherSet::SetVCP()
2025/10/07 05:54:36.769 [T:0x20d34] [DisplayControl] Enter MCCSOtherSet::GetVCP(), vcp code = 16
2025/10/07 05:54:36.852 [T:0x20d34] [DisplayControl] Exit MCCSOtherSet::GetVCP()
2025/10/07 05:54:37.569 [T:0x20d34] [DisplayControl] Enter MCCSOtherSet::GetVCP(), vcp code = 135
2025/10/07 05:54:37.651 [T:0x20d34] [DisplayControl] Exit MCCSOtherSet::GetVCP()
2025/10/07 05:54:38.363 [T:0x20d34] [DisplayControl] Enter MCCSOtherSet::GetVCP(), vcp code = 20
2025/10/07 05:54:38.443 [T:0x20d34] [DisplayControl] Exit MCCSOtherSet::GetVCP()
2025/10/07 05:54:39.157 [T:0x20d34] [DisplayControl] Enter MCCSOtherSet::GetVCP(), vcp code = 18
2025/10/07 05:54:39.240 [T:0x20d34] [DisplayControl] Exit MCCSOtherSet::GetVCP()
2025/10/07 05:56:14.155 [T:0x68071] [DisplayControl] Enter MCCSOtherSet::SetVCP(), vcp code = 220
2025/10/07 05:56:15.116 [T:0x68071] [DisplayControl] Exit MCCSOtherSet::SetVCP()
2025/10/07 05:56:20.741 [T:0x68071] [DisplayControl] Enter MCCSOtherSet::GetVCP(), vcp code = 16
2025/10/07 05:56:20.823 [T:0x68071] [DisplayControl] Exit MCCSOtherSet::GetVCP()
2025/10/07 05:56:21.546 [T:0x68071] [DisplayControl] Enter MCCSOtherSet::GetVCP(), vcp code = 135
2025/10/07 05:56:21.625 [T:0x68071] [DisplayControl] Exit MCCSOtherSet::GetVCP()
2025/10/07 05:56:22.348 [T:0x68071] [DisplayControl] Enter MCCSOtherSet::GetVCP(), vcp code = 20
2025/10/07 05:56:22.428 [T:0x68071] [DisplayControl] Exit MCCSOtherSet::GetVCP()
2025/10/07 05:56:23.141 [T:0x68071] [DisplayControl] Enter MCCSOtherSet::GetVCP(), vcp code = 18
2025/10/07 05:56:23.223 [T:0x68071] [DisplayControl] Exit MCCSOtherSet::GetVCP()
2025/10/07 05:57:58.186 [T:0x89050] [DisplayControl] Enter MCCSOtherSet::SetVCP(), vcp code = 220
2025/10/07 05:57:59.175 [T:0x89050] [DisplayControl] Exit MCCSOtherSet::SetVCP()
2025/10/07 05:58:04.788 [T:0x89050] [DisplayControl] Enter MCCSOtherSet::GetVCP(), vcp code = 16
2025/10/07 05:58:04.870 [T:0x89050] [DisplayControl] Exit MCCSOtherSet::GetVCP()
2025/10/07 05:58:05.585 [T:0x89050] [DisplayControl] Enter MCCSOtherSet::GetVCP(), vcp code = 135
2025/10/07 05:58:05.666 [T:0x89050] [DisplayControl] Exit MCCSOtherSet::GetVCP()
2025/10/07 05:58:06.378 [T:0x89050] [DisplayControl] Enter MCCSOtherSet::GetVCP(), vcp code = 20
2025/10/07 05:58:06.459 [T:0x89050] [DisplayControl] Exit MCCSOtherSet::GetVCP()
2025/10/07 05:58:07.173 [T:0x89050] [DisplayControl] Enter MCCSOtherSet::GetVCP(), vcp code = 18
2025/10/07 05:58:07.255 [T:0x89050] [DisplayControl] Exit MCCSOtherSet::GetVCP()
2025/10/07 05:59:42.252 [T:0x40f7c] [DisplayControl] Enter MCCSOtherSet::SetVCP(), vcp code = 220
2025/10/07 05:59:43.239 [T:0x40f7c] [DisplayControl] Exit MCCSOtherSet::SetVCP()
2025/10/07 05:59:48.850 [T:0x40f7c] [DisplayControl] Enter MCCSOtherSet::GetVCP(), vcp code = 16
2025/10/07 05:59:48.931 [T:0x40f7c] [DisplayControl] Exit MCCSOtherSet::GetVCP()
2025/10/07 05:59:49.644 [T:0x40f7c] [DisplayControl] Enter MCCSOtherSet::GetVCP(), vcp code = 135
2025/10/07 05:59:49.726 [T:0x40f7c] [DisplayControl] Exit MCCSOtherSet::GetVCP()
2025/10/07 05:59:50.438 [T:0x40f7c] [DisplayControl] Enter MCCSOtherSet::GetVCP(), vcp code = 20
2025/10/07 05:59:50.520 [T:0x40f7c] [DisplayControl] Exit MCCSOtherSet::GetVCP()
2025/10/07 05:59:51.237 [T:0x40f7c] [DisplayControl] Enter MCCSOtherSet::GetVCP(), vcp code = 18
2025/10/07 05:59:51.319 [T:0x40f7c] [DisplayControl] Exit MCCSOtherSet::GetVCP()
2025/10/07 06:01:26.303 [T:0xadb99] [DisplayControl] Enter MCCSOtherSet::SetVCP(), vcp code = 220
2025/10/07 06:01:27.279 [T:0xadb99] [DisplayControl] Exit MCCSOtherSet::SetVCP()
2025/10/07 06:01:32.900 [T:0xadb99] [DisplayControl] Enter MCCSOtherSet::GetVCP(), vcp code = 16
2025/10/07 06:01:32.981 [T:0xadb99] [DisplayControl] Exit MCCSOtherSet::GetVCP()
2025/10/07 06:01:33.701 [T:0xadb99] [DisplayControl] Enter MCCSOtherSet::GetVCP(), vcp code = 135
2025/10/07 06:01:33.783 [T:0xadb99] [DisplayControl] Exit MCCSOtherSet::GetVCP()
2025/10/07 06:01:34.501 [T:0xadb99] [DisplayControl] Enter MCCSOtherSet::GetVCP(), vcp code = 20
2025/10/07 06:01:34.582 [T:0xadb99] [DisplayControl] Exit MCCSOtherSet::GetVCP()
2025/10/07 06:01:35.301 [T:0xadb99] [DisplayControl] Enter MCCSOtherSet::GetVCP(), vcp code = 18
2025/10/07 06:01:35.384 [T:0xadb99] [DisplayControl] Exit MCCSOtherSet::GetVCP()
2025/10/07 06:03:10.314 [T:0x572b3] [DisplayControl] Enter MCCSOtherSet::SetVCP(), vcp code = 220
2025/10/07 06:03:11.301 [T:0x572b3] [DisplayControl] Exit MCCSOtherSet::SetVCP()
2025/10/07 06:03:16.917 [T:0x572b3] [DisplayControl] Enter MCCSOtherSet::GetVCP(), vcp code = 16
2025/10/07 06:03:17.000 [T:0x572b3] [DisplayControl] Exit MCCSOtherSet::GetVCP()
2025/10/07 06:03:17.719 [T:0x572b3] [DisplayControl] Enter MCCSOtherSet::GetVCP(), vcp code = 135
2025/10/07 06:03:17.800 [T:0x572b3] [DisplayControl] Exit MCCSOtherSet::GetVCP()
2025/10/07 06:03:18.517 [T:0x572b3] [DisplayControl] Enter MCCSOtherSet::GetVCP(), vcp code = 20
2025/10/07 06:03:18.599 [T:0x572b3] [DisplayControl] Exit MCCSOtherSet::GetVCP()
2025/10/07 06:03:19.317 [T:0x572b3] [DisplayControl] Enter MCCSOtherSet::GetVCP(), vcp code = 18
2025/10/07 06:03:19.399 [T:0x572b3] [DisplayControl] Exit MCCSOtherSet::GetVCP()
2025/10/07 06:04:54.327 [T:0xdbe2b] [DisplayControl] Enter MCCSOtherSet::SetVCP(), vcp code = 220
2025/10/07 06:04:55.288 [T:0xdbe2b] [DisplayControl] Exit MCCSOtherSet::SetVCP()
2025/10/07 06:05:00.914 [T:0xdbe2b] [DisplayControl] Enter MCCSOtherSet::GetVCP(), vcp code = 16
2025/10/07 06:05:00.996 [T:0xdbe2b] [DisplayControl] Exit MCCSOtherSet::GetVCP()
2025/10/07 06:05:01.711 [T:0xdbe2b] [DisplayControl] Enter MCCSOtherSet::GetVCP(), vcp code = 135
2025/10/07 06:05:01.791 [T:0xdbe2b] [DisplayControl] Exit MCCSOtherSet::GetVCP()
2025/10/07 06:05:02.498 [T:0xdbe2b] [DisplayControl] Enter MCCSOtherSet::GetVCP(), vcp code = 20
2025/10/07 06:05:02.580 [T:0xdbe2b] [DisplayControl] Exit MCCSOtherSet::GetVCP()
2025/10/07 06:05:03.299 [T:0xdbe2b] [DisplayControl] Enter MCCSOtherSet::GetVCP(), vcp code = 18
2025/10/07 06:05:03.381 [T:0xdbe2b] [DisplayControl] Exit MCCSOtherSet::GetVCP()
2025/10/07 06:06:38.392 [T:0x01b7c] [DisplayControl] Enter MCCSOtherSet::SetVCP(), vcp code = 220
2025/10/07 06:06:39.380 [T:0x01b7c] [DisplayControl] Exit MCCSOtherSet::SetVCP()
2025/10/07 06:06:45.004 [T:0x01b7c] [DisplayControl] Enter MCCSOtherSet::GetVCP(), vcp code = 16
2025/10/07 06:06:45.085 [T:0x01b7c] [DisplayControl] Exit MCCSOtherSet::GetVCP()
2025/10/07 06:06:45.797 [T:0x01b7c] [DisplayControl] Enter MCCSOtherSet::GetVCP(), vcp code = 135
2025/10/07 06:06:45.879 [T:0x01b7c] [DisplayControl] Exit MCCSOtherSet::GetVCP()
2025/10/07 06:06:46.595 [T:0x01b7c] [DisplayControl] Enter MCCSOtherSet::GetVCP(), vcp code = 20
2025/10/07 06:06:46.677 [T:0x01b7c] [DisplayControl] Exit MCCSOtherSet::GetVCP()
2025/10/07 06:06:47.395 [T:0x01b7c] [DisplayControl] Enter MCCSOtherSet::GetVCP(), vcp code = 18
2025/10/07 06:06:47.478 [T:0x01b7c] [DisplayControl] Exit MCCSOtherSet::GetVCP()
2025/10/07 06:08:22.444 [T:0x2b574] [DisplayControl] Enter MCCSOtherSet::SetVCP(), vcp code = 220
2025/10/07 06:08:23.426 [T:0x2b574] [DisplayControl] Exit MCCSOtherSet::SetVCP()
2025/10/07 06:08:29.038 [T:0x2b574] [DisplayControl] Enter MCCSOtherSet::GetVCP(), vcp code = 16
2025/10/07 06:08:29.117 [T:0x2b574] [DisplayControl] Exit MCCSOtherSet::GetVCP()
2025/10/07 06:08:29.834 [T:0x2b574] [DisplayControl] Enter MCCSOtherSet::GetVCP(), vcp code = 135
2025/10/07 06:08:29.914 [T:0x2b574] [DisplayControl] Exit MCCSOtherSet::GetVCP()
2025/10/07 06:08:30.636 [T:0x2b574] [DisplayControl] Enter MCCSOtherSet::GetVCP(), vcp code = 20
2025/10/07 06:08:30.719 [T:0x2b574] [DisplayControl] Exit MCCSOtherSet::GetVCP()
2025/10/07 06:08:31.439 [T:0x2b574] [DisplayControl] Enter MCCSOtherSet::GetVCP(), vcp code = 18
2025/10/07 06:08:31.520 [T:0x2b574] [DisplayControl] Exit MCCSOtherSet::GetVCP()
2025/10/07 06:10:20.891 [T:0x89050] [DisplayControl] Enter MCCSOtherSet::SetVCP(), vcp code = 4
2025/10/07 06:10:21.833 [T:0x89050] [DisplayControl] Exit MCCSOtherSet::SetVCP()
2025/10/07 06:10:26.952 [T:0x89050] [DisplayControl] Enter OperationThread::ExitThread
2025/10/07 06:10:26.952 [T:0x89050] [DisplayControl] Exit OperationThread::ExitThread
2025/10/07 06:10:26.952 [T:0x89050] [DisplayControl] Enter OperationThread::~OperationThread()
2025/10/07 06:10:26.952 [T:0x89050] [DisplayControl] Enter OperationThread::ExitThread
2025/10/07 06:10:26.952 [T:0x89050] [DisplayControl] Enter OperationThread::ExitThread
2025/10/07 06:10:26.952 [T:0x89050] [DisplayControl] Exit OperationThread::ExitThread
2025/10/07 06:10:26.952 [T:0x89050] [DisplayControl] Enter OperationThread::~OperationThread()
2025/10/07 06:10:26.952 [T:0x89050] [DisplayControl] Enter OperationThread::ExitThread
2025/10/07 06:10:26.979 [T:0x89050] [DbgStr] After calling display_control_client_listener_video_port_.UpdateAllDisplayPath()
2025/10/07 06:10:26.999 [T:0x89050] [DbgStr] After calling display_control_client_listener_.GetAllDisplayEDID()
2025/10/07 06:10:27.001 [T:0x89050] [DisplayControl] Version = 3.0.6.0
2025/10/07 06:10:27.001 [T:0x89050] [DisplayControl] Enter ObtainControlHandler1
2025/10/07 06:10:27.001 [T:0x89050] [DisplayControl] GetVideoPortCommander
2025/10/07 06:10:27.001 [T:0x89050] [DisplayControl] GetUSBHubCommander
2025/10/07 06:10:27.001 [T:0x89050] ====== List p_lpo_display_info_video_port, # of devices is ======2
2025/10/07 06:10:27.001 [T:0x89050] [DisplayControl] index of p_lpo_display_info_video_port0
2025/10/07 06:10:27.001 [T:0x89050] [DisplayControl] Model name from VideoPort = VG2458
2025/10/07 06:10:27.001 [T:0x89050] [DisplayControl] SN from VideoPort = YDJ243400006
2025/10/07 06:10:27.001 [T:0x89050] [DisplayControl] index of p_lpo_display_info_video_port1
2025/10/07 06:10:27.001 [T:0x89050] [DisplayControl] Model name from VideoPort = VG275
2025/10/07 06:10:27.001 [T:0x89050] [DisplayControl] SN from VideoPort = XF6232400003
2025/10/07 06:10:27.001 [T:0x89050] ====== List p_lpo_display_info_rtd_scalar_rts_hub, # of devices is ======0
2025/10/07 06:10:27.002 [T:0x89050] [DisplayControl] GetVSRtkHubControlClientListener
2025/10/07 06:10:27.002 [T:0x89050] [DisplayControl] max monitor count = 2
2025/10/07 06:10:27.002 [T:0x89050] [DisplayControl] index of display_info_vec = 0
2025/10/07 06:10:27.002 [T:0x89050] [DisplayControl] index of p_lpo_display_info_video_port = 0
2025/10/07 06:10:27.002 [T:0x89050] [DisplayControl] VideoPortMatchingRule
2025/10/07 06:10:27.002 [T:0x89050] [DisplayControl] monitor display_info_model_name = VG2458
2025/10/07 06:10:27.002 [T:0x89050] [DisplayControl] monitor video_port_model_name = VG2458
2025/10/07 06:10:27.002 [T:0x89050] [DisplayControl] monitor display_info_sn = YDJ243400006
2025/10/07 06:10:27.002 [T:0x89050] [DisplayControl] monitor video_port_sn = YDJ243400006
2025/10/07 06:10:27.002 [T:0x89050] [DisplayControl] model_name_match = 1
2025/10/07 06:10:27.002 [T:0x89050] [DisplayControl] sn_match = 1
2025/10/07 06:10:27.002 [T:0x89050] [DisplayControl] video_port is_match = 1
2025/10/07 06:10:27.002 [T:0x89050] [DisplayControl] index of display_info_vec = 1
2025/10/07 06:10:27.002 [T:0x89050] [DisplayControl] index of p_lpo_display_info_video_port = 0
2025/10/07 06:10:27.002 [T:0x89050] [DisplayControl] VideoPortMatchingRule
2025/10/07 06:10:27.002 [T:0x89050] [DisplayControl] monitor display_info_model_name = VG275
2025/10/07 06:10:27.002 [T:0x89050] [DisplayControl] monitor video_port_model_name = VG2458
2025/10/07 06:10:27.002 [T:0x89050] [DisplayControl] monitor display_info_sn = XF6232400003
2025/10/07 06:10:27.002 [T:0x89050] [DisplayControl] monitor video_port_sn = YDJ243400006
2025/10/07 06:10:27.002 [T:0x89050] [DisplayControl] model_name_match = 0
2025/10/07 06:10:27.002 [T:0x89050] [DisplayControl] sn_match = 0
2025/10/07 06:10:27.002 [T:0x89050] [DisplayControl] video_port is_match = 0
2025/10/07 06:10:27.002 [T:0x89050] [DisplayControl] index of display_info_vec = 1
2025/10/07 06:10:27.002 [T:0x89050] [DisplayControl] index of p_lpo_display_info_video_port = 1
2025/10/07 06:10:27.002 [T:0x89050] [DisplayControl] VideoPortMatchingRule
2025/10/07 06:10:27.002 [T:0x89050] [DisplayControl] monitor display_info_model_name = VG275
2025/10/07 06:10:27.002 [T:0x89050] [DisplayControl] monitor video_port_model_name = VG275
2025/10/07 06:10:27.002 [T:0x89050] [DisplayControl] monitor display_info_sn = XF6232400003
2025/10/07 06:10:27.002 [T:0x89050] [DisplayControl] monitor video_port_sn = XF6232400003
2025/10/07 06:10:27.003 [T:0x89050] [DisplayControl] model_name_match = 1
2025/10/07 06:10:27.003 [T:0x89050] [DisplayControl] sn_match = 1
2025/10/07 06:10:27.003 [T:0x89050] [DisplayControl] video_port is_match = 1
2025/10/07 06:10:27.003 [T:0x89050] [DisplayControl] i = 0
2025/10/07 06:10:27.003 [T:0x89050] [DisplayControl] Enter OperationThread::OperationThread()
2025/10/07 06:10:27.003 [T:0x89050] [DisplayControl] Enter OperationThread::CreateThread
2025/10/07 06:10:27.003 [T:0x89050] [DisplayControl] new DisplayFunctioner
2025/10/07 06:10:27.003 [T:0x89050] [DisplayControl] insert displayer_vector
2025/10/07 06:10:27.003 [T:0x89050] [DisplayControl] insert modelName_SN_to_Display_map
2025/10/07 06:10:27.003 [T:0x89050] [DisplayControl] insert device_id_to_Displayer_map_
2025/10/07 06:10:27.003 [T:0x89050] [DisplayControl] i = 1
2025/10/07 06:10:27.003 [T:0x89050] [DisplayControl] Enter OperationThread::OperationThread()
2025/10/07 06:10:27.003 [T:0x89050] [DisplayControl] Enter OperationThread::CreateThread
2025/10/07 06:10:27.003 [T:0x89050] [DisplayControl] new DisplayFunctioner
2025/10/07 06:10:27.003 [T:0x89050] [DisplayControl] insert displayer_vector
2025/10/07 06:10:27.003 [T:0x89050] [DisplayControl] insert modelName_SN_to_Display_map
2025/10/07 06:10:27.003 [T:0x89050] [DisplayControl] insert device_id_to_Displayer_map_
2025/10/07 06:10:27.003 [T:0x89050] [DisplayControl] monitor size = 2
2025/10/07 06:10:27.003 [T:0x89050] [DisplayControl] Exit ObtainControlHandler
2025/10/07 06:10:27.003 [T:0x89050] [DisplayControl] Enter MCCSOtherSet::GetVCP(), vcp code = 16
2025/10/07 06:10:27.081 [T:0x89050] [DisplayControl] Exit MCCSOtherSet::GetVCP()
2025/10/07 06:10:27.081 [T:0x89050] [DisplayControl] Enter MCCSOtherSet::GetVCP(), vcp code = 96
2025/10/07 06:10:27.223 [T:0x89050] [DisplayControl] Exit MCCSOtherSet::GetVCP()
2025/10/07 06:10:27.332 [T:0x89050] [DisplayControl] Enter MCCSOtherSet::GetVCP(), vcp code = 98
2025/10/07 06:10:27.414 [T:0x89050] [DisplayControl] Exit MCCSOtherSet::GetVCP()
2025/10/07 06:10:27.522 [T:0x89050] [DisplayControl] Enter MCCSOtherSet::GetVCP(), vcp code = 225
2025/10/07 06:10:27.605 [T:0x89050] [DisplayControl] Exit MCCSOtherSet::GetVCP()
2025/10/07 06:10:27.714 [T:0x89050] [DisplayControl] Enter MCCSOtherSet::GetVCP(), vcp code = 43
2025/10/07 06:10:27.795 [T:0x89050] [DisplayControl] Exit MCCSOtherSet::GetVCP()
2025/10/07 06:10:27.904 [T:0x89050] [DisplayControl] Enter MCCSOtherSet::GetVCP(), vcp code = 141
2025/10/07 06:10:27.986 [T:0x89050] [DisplayControl] Exit MCCSOtherSet::GetVCP()
2025/10/07 06:10:28.096 [T:0x89050] [DisplayControl] Enter MCCSOtherSet::GetVCP(), vcp code = 16
2025/10/07 06:10:28.178 [T:0x89050] [DisplayControl] Exit MCCSOtherSet::GetVCP()
2025/10/07 06:10:28.287 [T:0x89050] [DisplayControl] Enter MCCSOtherSet::GetVCP(), vcp code = 97
2025/10/07 06:10:28.367 [T:0x89050] [DisplayControl] Exit MCCSOtherSet::GetVCP()
2025/10/07 06:10:28.474 [T:0x89050] [DisplayControl] Enter MCCSOtherSet::GetVCP(), vcp code = 135
2025/10/07 06:10:28.556 [T:0x89050] [DisplayControl] Exit MCCSOtherSet::GetVCP()
2025/10/07 06:10:28.661 [T:0x89050] [DisplayControl] Enter MCCSOtherSet::GetVCP(), vcp code = 4
2025/10/07 06:10:28.743 [T:0x89050] [DisplayControl] Exit MCCSOtherSet::GetVCP()
2025/10/07 06:10:28.851 [T:0x89050] [DisplayControl] Enter MCCSOtherSet::GetVCP(), vcp code = 51
2025/10/07 06:10:28.930 [T:0x89050] [DisplayControl] Exit MCCSOtherSet::GetVCP()
2025/10/07 06:10:29.035 [T:0x89050] [DisplayControl] Enter MCCSOtherSet::GetVCP(), vcp code = 20
2025/10/07 06:10:29.115 [T:0x89050] [DisplayControl] Exit MCCSOtherSet::GetVCP()
2025/10/07 06:10:29.221 [T:0x89050] [DisplayControl] Enter MCCSOtherSet::GetVCP(), vcp code = 245
2025/10/07 06:10:29.304 [T:0x89050] [DisplayControl] Exit MCCSOtherSet::GetVCP()
2025/10/07 06:10:29.326 [T:0x41649] [DisplayControl] Enter MCCSOtherSet::GetVCP(), vcp code = 96
2025/10/07 06:10:29.411 [T:0x89050] [DisplayControl] Enter MCCSOtherSet::GetVCP(), vcp code = 220
2025/10/07 06:10:29.467 [T:0x41649] [DisplayControl] Exit MCCSOtherSet::GetVCP()
2025/10/07 06:10:29.638 [T:0x89050] [DisplayControl] Exit MCCSOtherSet::GetVCP()
2025/10/07 06:10:29.739 [T:0x89050] [DisplayControl] Enter MCCSOtherSet::GetVCP(), vcp code = 18
2025/10/07 06:10:29.916 [T:0x89050] [DisplayControl] Exit MCCSOtherSet::GetVCP()
2025/10/07 06:10:30.021 [T:0x89050] [DisplayControl] Enter MCCSOtherSet::GetVCP(), vcp code = 96
2025/10/07 06:10:30.106 [T:0x89050] [DisplayControl] Exit MCCSOtherSet::GetVCP()
2025/10/07 06:10:30.211 [T:0x89050] [DisplayControl] Enter MCCSOtherSet::GetVCP(), vcp code = 98
2025/10/07 06:10:30.295 [T:0x89050] [DisplayControl] Exit MCCSOtherSet::GetVCP()
2025/10/07 06:10:30.400 [T:0x89050] [DisplayControl] Enter MCCSOtherSet::GetVCP(), vcp code = 225
2025/10/07 06:10:30.502 [T:0x89050] [DisplayControl] Exit MCCSOtherSet::GetVCP()
2025/10/07 06:10:30.605 [T:0x89050] [DisplayControl] Enter MCCSOtherSet::GetVCP(), vcp code = 43
2025/10/07 06:10:30.692 [T:0x89050] [DisplayControl] Exit MCCSOtherSet::GetVCP()
2025/10/07 06:10:30.796 [T:0x89050] [DisplayControl] Enter MCCSOtherSet::GetVCP(), vcp code = 141
2025/10/07 06:10:30.882 [T:0x89050] [DisplayControl] Exit MCCSOtherSet::GetVCP()
2025/10/07 06:10:30.983 [T:0x89050] [DisplayControl] Enter MCCSOtherSet::GetVCP(), vcp code = 16
2025/10/07 06:10:31.067 [T:0x89050] [DisplayControl] Exit MCCSOtherSet::GetVCP()
2025/10/07 06:10:31.172 [T:0x89050] [DisplayControl] Enter MCCSOtherSet::GetVCP(), vcp code = 97
2025/10/07 06:10:31.258 [T:0x89050] [DisplayControl] Exit MCCSOtherSet::GetVCP()
2025/10/07 06:10:31.362 [T:0x89050] [DisplayControl] Enter MCCSOtherSet::GetVCP(), vcp code = 135
2025/10/07 06:10:31.448 [T:0x89050] [DisplayControl] Exit MCCSOtherSet::GetVCP()
2025/10/07 06:10:31.552 [T:0x89050] [DisplayControl] Enter MCCSOtherSet::GetVCP(), vcp code = 4
2025/10/07 06:10:31.638 [T:0x89050] [DisplayControl] Exit MCCSOtherSet::GetVCP()
2025/10/07 06:10:31.740 [T:0x89050] [DisplayControl] Enter MCCSOtherSet::GetVCP(), vcp code = 51
2025/10/07 06:10:31.825 [T:0x89050] [DisplayControl] Exit MCCSOtherSet::GetVCP()
2025/10/07 06:10:31.925 [T:0x89050] [DisplayControl] Enter MCCSOtherSet::GetVCP(), vcp code = 220
2025/10/07 06:10:32.012 [T:0x89050] [DisplayControl] Exit MCCSOtherSet::GetVCP()
2025/10/07 06:10:32.114 [T:0x89050] [DisplayControl] Enter MCCSOtherSet::GetVCP(), vcp code = 18
2025/10/07 06:10:32.200 [T:0x89050] [DisplayControl] Exit MCCSOtherSet::GetVCP()
2025/10/07 06:10:32.301 [T:0x89050] [DisplayControl] Enter MCCSOtherSet::GetVCP(), vcp code = 236
2025/10/07 06:10:32.384 [T:0x89050] [DisplayControl] Exit MCCSOtherSet::GetVCP()
2025/10/07 06:10:32.486 [T:0x89050] [DisplayControl] Enter MCCSOtherSet::GetVCP(), vcp code = 226
2025/10/07 06:10:32.572 [T:0x89050] [DisplayControl] Exit MCCSOtherSet::GetVCP()
2025/10/07 06:11:20.260 [T:0xc180b] [DisplayControl] Enter MCCSOtherSet::SetVCP(), vcp code = 20
2025/10/07 06:11:20.458 [T:0xc180b] [DisplayControl] Exit MCCSOtherSet::SetVCP()
2025/10/07 06:11:21.064 [T:0xc180b] [DisplayControl] Enter MCCSOtherSet::GetVCP(), vcp code = 16
2025/10/07 06:11:21.145 [T:0xc180b] [DisplayControl] Exit MCCSOtherSet::GetVCP()
2025/10/07 06:11:21.863 [T:0xc180b] [DisplayControl] Enter MCCSOtherSet::GetVCP(), vcp code = 135
2025/10/07 06:11:21.944 [T:0xc180b] [DisplayControl] Exit MCCSOtherSet::GetVCP()
2025/10/07 06:11:22.661 [T:0xc180b] [DisplayControl] Enter MCCSOtherSet::GetVCP(), vcp code = 20
2025/10/07 06:11:22.743 [T:0xc180b] [DisplayControl] Exit MCCSOtherSet::GetVCP()
2025/10/07 06:11:23.459 [T:0xc180b] [DisplayControl] Enter MCCSOtherSet::GetVCP(), vcp code = 18
2025/10/07 06:11:23.541 [T:0xc180b] [DisplayControl] Exit MCCSOtherSet::GetVCP()
2025/10/07 06:12:59.238 [T:0x04ceb] [DisplayControl] Enter MCCSOtherSet::SetVCP(), vcp code = 20
2025/10/07 06:12:59.430 [T:0x04ceb] [DisplayControl] Exit MCCSOtherSet::SetVCP()
2025/10/07 06:13:00.036 [T:0x04ceb] [DisplayControl] Enter MCCSOtherSet::GetVCP(), vcp code = 16
2025/10/07 06:13:00.118 [T:0x04ceb] [DisplayControl] Exit MCCSOtherSet::GetVCP()
2025/10/07 06:13:00.832 [T:0x04ceb] [DisplayControl] Enter MCCSOtherSet::GetVCP(), vcp code = 135
2025/10/07 06:13:00.913 [T:0x04ceb] [DisplayControl] Exit MCCSOtherSet::GetVCP()
2025/10/07 06:13:01.629 [T:0x04ceb] [DisplayControl] Enter MCCSOtherSet::GetVCP(), vcp code = 20
2025/10/07 06:13:01.710 [T:0x04ceb] [DisplayControl] Exit MCCSOtherSet::GetVCP()
2025/10/07 06:13:02.427 [T:0x04ceb] [DisplayControl] Enter MCCSOtherSet::GetVCP(), vcp code = 18
2025/10/07 06:13:02.509 [T:0x04ceb] [DisplayControl] Exit MCCSOtherSet::GetVCP()
2025/10/07 06:14:38.214 [T:0xf8660] [DisplayControl] Enter MCCSOtherSet::SetVCP(), vcp code = 20
2025/10/07 06:14:38.420 [T:0xf8660] [DisplayControl] Exit MCCSOtherSet::SetVCP()
2025/10/07 06:14:39.027 [T:0xf8660] [DisplayControl] Enter MCCSOtherSet::GetVCP(), vcp code = 16
2025/10/07 06:14:39.109 [T:0xf8660] [DisplayControl] Exit MCCSOtherSet::GetVCP()
2025/10/07 06:14:39.832 [T:0xf8660] [DisplayControl] Enter MCCSOtherSet::GetVCP(), vcp code = 135
2025/10/07 06:14:39.913 [T:0xf8660] [DisplayControl] Exit MCCSOtherSet::GetVCP()
2025/10/07 06:14:40.628 [T:0xf8660] [DisplayControl] Enter MCCSOtherSet::GetVCP(), vcp code = 20
2025/10/07 06:14:40.710 [T:0xf8660] [DisplayControl] Exit MCCSOtherSet::GetVCP()
2025/10/07 06:14:41.427 [T:0xf8660] [DisplayControl] Enter MCCSOtherSet::GetVCP(), vcp code = 18
2025/10/07 06:14:41.510 [T:0xf8660] [DisplayControl] Exit MCCSOtherSet::GetVCP()
2025/10/07 06:16:17.224 [T:0x3d534] [DisplayControl] Enter MCCSOtherSet::SetVCP(), vcp code = 20
2025/10/07 06:16:17.427 [T:0x3d534] [DisplayControl] Exit MCCSOtherSet::SetVCP()
2025/10/07 06:16:18.034 [T:0x3d534] [DisplayControl] Enter MCCSOtherSet::GetVCP(), vcp code = 16
2025/10/07 06:16:18.117 [T:0x3d534] [DisplayControl] Exit MCCSOtherSet::GetVCP()
2025/10/07 06:16:18.837 [T:0x3d534] [DisplayControl] Enter MCCSOtherSet::GetVCP(), vcp code = 135
2025/10/07 06:16:18.919 [T:0x3d534] [DisplayControl] Exit MCCSOtherSet::GetVCP()
2025/10/07 06:16:19.639 [T:0x3d534] [DisplayControl] Enter MCCSOtherSet::GetVCP(), vcp code = 20
2025/10/07 06:16:19.721 [T:0x3d534] [DisplayControl] Exit MCCSOtherSet::GetVCP()
2025/10/07 06:16:20.438 [T:0x3d534] [DisplayControl] Enter MCCSOtherSet::GetVCP(), vcp code = 18
2025/10/07 06:16:20.520 [T:0x3d534] [DisplayControl] Exit MCCSOtherSet::GetVCP()
2025/10/07 06:17:56.090 [T:0x5cd2e] [DisplayControl] Enter MCCSOtherSet::SetVCP(), vcp code = 20
2025/10/07 06:17:56.282 [T:0x5cd2e] [DisplayControl] Exit MCCSOtherSet::SetVCP()
2025/10/07 06:17:56.889 [T:0x5cd2e] [DisplayControl] Enter MCCSOtherSet::GetVCP(), vcp code = 16
2025/10/07 06:17:56.969 [T:0x5cd2e] [DisplayControl] Exit MCCSOtherSet::GetVCP()
2025/10/07 06:17:57.686 [T:0x5cd2e] [DisplayControl] Enter MCCSOtherSet::GetVCP(), vcp code = 135
2025/10/07 06:17:57.767 [T:0x5cd2e] [DisplayControl] Exit MCCSOtherSet::GetVCP()
2025/10/07 06:17:58.486 [T:0x5cd2e] [DisplayControl] Enter MCCSOtherSet::GetVCP(), vcp code = 20
2025/10/07 06:17:58.568 [T:0x5cd2e] [DisplayControl] Exit MCCSOtherSet::GetVCP()
2025/10/07 06:17:59.284 [T:0x5cd2e] [DisplayControl] Enter MCCSOtherSet::GetVCP(), vcp code = 18
2025/10/07 06:17:59.366 [T:0x5cd2e] [DisplayControl] Exit MCCSOtherSet::GetVCP()
2025/10/07 06:19:51.847 [T:0x032d3] [DisplayControl] Enter MCCSOtherSet::SetVCP(), vcp code = 4
2025/10/07 06:19:52.800 [T:0x032d3] [DisplayControl] Exit MCCSOtherSet::SetVCP()
2025/10/07 06:19:57.920 [T:0x032d3] [DisplayControl] Enter OperationThread::ExitThread
2025/10/07 06:19:57.920 [T:0x032d3] [DisplayControl] Exit OperationThread::ExitThread
2025/10/07 06:19:57.920 [T:0x032d3] [DisplayControl] Enter OperationThread::~OperationThread()
2025/10/07 06:19:57.920 [T:0x032d3] [DisplayControl] Enter OperationThread::ExitThread
2025/10/07 06:19:57.920 [T:0x032d3] [DisplayControl] Enter OperationThread::ExitThread
2025/10/07 06:19:57.920 [T:0x032d3] [DisplayControl] Exit OperationThread::ExitThread
2025/10/07 06:19:57.920 [T:0x032d3] [DisplayControl] Enter OperationThread::~OperationThread()
2025/10/07 06:19:57.921 [T:0x032d3] [DisplayControl] Enter OperationThread::ExitThread
2025/10/07 06:19:57.947 [T:0x032d3] [DbgStr] After calling display_control_client_listener_video_port_.UpdateAllDisplayPath()
2025/10/07 06:19:57.968 [T:0x032d3] [DbgStr] After calling display_control_client_listener_.GetAllDisplayEDID()
2025/10/07 06:19:57.970 [T:0x032d3] [DisplayControl] Version = 3.0.6.0
2025/10/07 06:19:57.970 [T:0x032d3] [DisplayControl] Enter ObtainControlHandler1
2025/10/07 06:19:57.970 [T:0x032d3] [DisplayControl] GetVideoPortCommander
2025/10/07 06:19:57.970 [T:0x032d3] [DisplayControl] GetUSBHubCommander
2025/10/07 06:19:57.970 [T:0x032d3] ====== List p_lpo_display_info_video_port, # of devices is ======2
2025/10/07 06:19:57.970 [T:0x032d3] [DisplayControl] index of p_lpo_display_info_video_port0
2025/10/07 06:19:57.970 [T:0x032d3] [DisplayControl] Model name from VideoPort = VG2458
2025/10/07 06:19:57.970 [T:0x032d3] [DisplayControl] SN from VideoPort = YDJ243400006
2025/10/07 06:19:57.970 [T:0x032d3] [DisplayControl] index of p_lpo_display_info_video_port1
2025/10/07 06:19:57.971 [T:0x032d3] [DisplayControl] Model name from VideoPort = VG275
2025/10/07 06:19:57.971 [T:0x032d3] [DisplayControl] SN from VideoPort = XF6232400003
2025/10/07 06:19:57.971 [T:0x032d3] ====== List p_lpo_display_info_rtd_scalar_rts_hub, # of devices is ======0
2025/10/07 06:19:57.971 [T:0x032d3] [DisplayControl] GetVSRtkHubControlClientListener
2025/10/07 06:19:57.971 [T:0x032d3] [DisplayControl] max monitor count = 2
2025/10/07 06:19:57.971 [T:0x032d3] [DisplayControl] index of display_info_vec = 0
2025/10/07 06:19:57.971 [T:0x032d3] [DisplayControl] index of p_lpo_display_info_video_port = 0
2025/10/07 06:19:57.971 [T:0x032d3] [DisplayControl] VideoPortMatchingRule
2025/10/07 06:19:57.971 [T:0x032d3] [DisplayControl] monitor display_info_model_name = VG2458
2025/10/07 06:19:57.971 [T:0x032d3] [DisplayControl] monitor video_port_model_name = VG2458
2025/10/07 06:19:57.971 [T:0x032d3] [DisplayControl] monitor display_info_sn = YDJ243400006
2025/10/07 06:19:57.971 [T:0x032d3] [DisplayControl] monitor video_port_sn = YDJ243400006
2025/10/07 06:19:57.971 [T:0x032d3] [DisplayControl] model_name_match = 1
2025/10/07 06:19:57.971 [T:0x032d3] [DisplayControl] sn_match = 1
2025/10/07 06:19:57.971 [T:0x032d3] [DisplayControl] video_port is_match = 1
2025/10/07 06:19:57.971 [T:0x032d3] [DisplayControl] index of display_info_vec = 1
2025/10/07 06:19:57.971 [T:0x032d3] [DisplayControl] index of p_lpo_display_info_video_port = 0
2025/10/07 06:19:57.971 [T:0x032d3] [DisplayControl] VideoPortMatchingRule
2025/10/07 06:19:57.971 [T:0x032d3] [DisplayControl] monitor display_info_model_name = VG275
2025/10/07 06:19:57.971 [T:0x032d3] [DisplayControl] monitor video_port_model_name = VG2458
2025/10/07 06:19:57.971 [T:0x032d3] [DisplayControl] monitor display_info_sn = XF6232400003
2025/10/07 06:19:57.971 [T:0x032d3] [DisplayControl] monitor video_port_sn = YDJ243400006
2025/10/07 06:19:57.971 [T:0x032d3] [DisplayControl] model_name_match = 0
2025/10/07 06:19:57.971 [T:0x032d3] [DisplayControl] sn_match = 0
2025/10/07 06:19:57.971 [T:0x032d3] [DisplayControl] video_port is_match = 0
2025/10/07 06:19:57.971 [T:0x032d3] [DisplayControl] index of display_info_vec = 1
2025/10/07 06:19:57.972 [T:0x032d3] [DisplayControl] index of p_lpo_display_info_video_port = 1
2025/10/07 06:19:57.972 [T:0x032d3] [DisplayControl] VideoPortMatchingRule
2025/10/07 06:19:57.972 [T:0x032d3] [DisplayControl] monitor display_info_model_name = VG275
2025/10/07 06:19:57.972 [T:0x032d3] [DisplayControl] monitor video_port_model_name = VG275
2025/10/07 06:19:57.972 [T:0x032d3] [DisplayControl] monitor display_info_sn = XF6232400003
2025/10/07 06:19:57.972 [T:0x032d3] [DisplayControl] monitor video_port_sn = XF6232400003
2025/10/07 06:19:57.972 [T:0x032d3] [DisplayControl] model_name_match = 1
2025/10/07 06:19:57.972 [T:0x032d3] [DisplayControl] sn_match = 1
2025/10/07 06:19:57.972 [T:0x032d3] [DisplayControl] video_port is_match = 1
2025/10/07 06:19:57.972 [T:0x032d3] [DisplayControl] i = 0
2025/10/07 06:19:57.972 [T:0x032d3] [DisplayControl] Enter OperationThread::OperationThread()
2025/10/07 06:19:57.972 [T:0x032d3] [DisplayControl] Enter OperationThread::CreateThread
2025/10/07 06:19:57.972 [T:0x032d3] [DisplayControl] new DisplayFunctioner
2025/10/07 06:19:57.972 [T:0x032d3] [DisplayControl] insert displayer_vector
2025/10/07 06:19:57.972 [T:0x032d3] [DisplayControl] insert modelName_SN_to_Display_map
2025/10/07 06:19:57.972 [T:0x032d3] [DisplayControl] insert device_id_to_Displayer_map_
2025/10/07 06:19:57.972 [T:0x032d3] [DisplayControl] i = 1
2025/10/07 06:19:57.972 [T:0x032d3] [DisplayControl] Enter OperationThread::OperationThread()
2025/10/07 06:19:57.972 [T:0x032d3] [DisplayControl] Enter OperationThread::CreateThread
2025/10/07 06:19:57.972 [T:0x032d3] [DisplayControl] new DisplayFunctioner
2025/10/07 06:19:57.972 [T:0x032d3] [DisplayControl] insert displayer_vector
2025/10/07 06:19:57.972 [T:0x032d3] [DisplayControl] insert modelName_SN_to_Display_map
2025/10/07 06:19:57.972 [T:0x032d3] [DisplayControl] insert device_id_to_Displayer_map_
2025/10/07 06:19:57.973 [T:0x032d3] [DisplayControl] monitor size = 2
2025/10/07 06:19:57.973 [T:0x032d3] [DisplayControl] Exit ObtainControlHandler
2025/10/07 06:19:57.973 [T:0x032d3] [DisplayControl] Enter MCCSOtherSet::GetVCP(), vcp code = 16
2025/10/07 06:19:58.049 [T:0x032d3] [DisplayControl] Exit MCCSOtherSet::GetVCP()
2025/10/07 06:19:58.049 [T:0x032d3] [DisplayControl] Enter MCCSOtherSet::GetVCP(), vcp code = 96
2025/10/07 06:19:58.190 [T:0x032d3] [DisplayControl] Exit MCCSOtherSet::GetVCP()
2025/10/07 06:19:58.299 [T:0x032d3] [DisplayControl] Enter MCCSOtherSet::GetVCP(), vcp code = 98
2025/10/07 06:19:58.381 [T:0x032d3] [DisplayControl] Exit MCCSOtherSet::GetVCP()
2025/10/07 06:19:58.490 [T:0x032d3] [DisplayControl] Enter MCCSOtherSet::GetVCP(), vcp code = 225
2025/10/07 06:19:58.573 [T:0x032d3] [DisplayControl] Exit MCCSOtherSet::GetVCP()
2025/10/07 06:19:58.681 [T:0x032d3] [DisplayControl] Enter MCCSOtherSet::GetVCP(), vcp code = 43
2025/10/07 06:19:58.764 [T:0x032d3] [DisplayControl] Exit MCCSOtherSet::GetVCP()
2025/10/07 06:19:58.873 [T:0x032d3] [DisplayControl] Enter MCCSOtherSet::GetVCP(), vcp code = 141
2025/10/07 06:19:58.955 [T:0x032d3] [DisplayControl] Exit MCCSOtherSet::GetVCP()
2025/10/07 06:19:59.064 [T:0x032d3] [DisplayControl] Enter MCCSOtherSet::GetVCP(), vcp code = 16
2025/10/07 06:19:59.147 [T:0x032d3] [DisplayControl] Exit MCCSOtherSet::GetVCP()
2025/10/07 06:19:59.253 [T:0x032d3] [DisplayControl] Enter MCCSOtherSet::GetVCP(), vcp code = 97
2025/10/07 06:19:59.334 [T:0x032d3] [DisplayControl] Exit MCCSOtherSet::GetVCP()
2025/10/07 06:19:59.443 [T:0x032d3] [DisplayControl] Enter MCCSOtherSet::GetVCP(), vcp code = 135
2025/10/07 06:19:59.525 [T:0x032d3] [DisplayControl] Exit MCCSOtherSet::GetVCP()
2025/10/07 06:19:59.631 [T:0x032d3] [DisplayControl] Enter MCCSOtherSet::GetVCP(), vcp code = 4
2025/10/07 06:19:59.711 [T:0x032d3] [DisplayControl] Exit MCCSOtherSet::GetVCP()
2025/10/07 06:19:59.816 [T:0x032d3] [DisplayControl] Enter MCCSOtherSet::GetVCP(), vcp code = 51
2025/10/07 06:19:59.897 [T:0x032d3] [DisplayControl] Exit MCCSOtherSet::GetVCP()
2025/10/07 06:20:00.005 [T:0x032d3] [DisplayControl] Enter MCCSOtherSet::GetVCP(), vcp code = 20
2025/10/07 06:20:00.087 [T:0x032d3] [DisplayControl] Exit MCCSOtherSet::GetVCP()
2025/10/07 06:20:00.194 [T:0x032d3] [DisplayControl] Enter MCCSOtherSet::GetVCP(), vcp code = 245
2025/10/07 06:20:00.270 [T:0x41649] [DisplayControl] Enter MCCSOtherSet::GetVCP(), vcp code = 96
2025/10/07 06:20:00.275 [T:0x032d3] [DisplayControl] Exit MCCSOtherSet::GetVCP()
2025/10/07 06:20:00.376 [T:0x032d3] [DisplayControl] Enter MCCSOtherSet::GetVCP(), vcp code = 220
2025/10/07 06:20:00.425 [T:0x41649] [DisplayControl] Exit MCCSOtherSet::GetVCP()
2025/10/07 06:20:00.597 [T:0x032d3] [DisplayControl] Exit MCCSOtherSet::GetVCP()
2025/10/07 06:20:00.699 [T:0x032d3] [DisplayControl] Enter MCCSOtherSet::GetVCP(), vcp code = 18
2025/10/07 06:20:00.888 [T:0x032d3] [DisplayControl] Exit MCCSOtherSet::GetVCP()
2025/10/07 06:20:00.995 [T:0x032d3] [DisplayControl] Enter MCCSOtherSet::GetVCP(), vcp code = 96
2025/10/07 06:20:01.079 [T:0x032d3] [DisplayControl] Exit MCCSOtherSet::GetVCP()
2025/10/07 06:20:01.182 [T:0x032d3] [DisplayControl] Enter MCCSOtherSet::GetVCP(), vcp code = 98
2025/10/07 06:20:01.267 [T:0x032d3] [DisplayControl] Exit MCCSOtherSet::GetVCP()
2025/10/07 06:20:01.370 [T:0x032d3] [DisplayControl] Enter MCCSOtherSet::GetVCP(), vcp code = 225
2025/10/07 06:20:01.455 [T:0x032d3] [DisplayControl] Exit MCCSOtherSet::GetVCP()
2025/10/07 06:20:01.559 [T:0x032d3] [DisplayControl] Enter MCCSOtherSet::GetVCP(), vcp code = 43
2025/10/07 06:20:01.644 [T:0x032d3] [DisplayControl] Exit MCCSOtherSet::GetVCP()
2025/10/07 06:20:01.749 [T:0x032d3] [DisplayControl] Enter MCCSOtherSet::GetVCP(), vcp code = 141
2025/10/07 06:20:01.835 [T:0x032d3] [DisplayControl] Exit MCCSOtherSet::GetVCP()
2025/10/07 06:20:01.939 [T:0x032d3] [DisplayControl] Enter MCCSOtherSet::GetVCP(), vcp code = 16
2025/10/07 06:20:02.025 [T:0x032d3] [DisplayControl] Exit MCCSOtherSet::GetVCP()
2025/10/07 06:20:02.128 [T:0x032d3] [DisplayControl] Enter MCCSOtherSet::GetVCP(), vcp code = 97
2025/10/07 06:20:02.214 [T:0x032d3] [DisplayControl] Exit MCCSOtherSet::GetVCP()
2025/10/07 06:20:02.317 [T:0x032d3] [DisplayControl] Enter MCCSOtherSet::GetVCP(), vcp code = 135
2025/10/07 06:20:02.401 [T:0x032d3] [DisplayControl] Exit MCCSOtherSet::GetVCP()
2025/10/07 06:20:02.502 [T:0x032d3] [DisplayControl] Enter MCCSOtherSet::GetVCP(), vcp code = 4
2025/10/07 06:20:02.587 [T:0x032d3] [DisplayControl] Exit MCCSOtherSet::GetVCP()
2025/10/07 06:20:02.690 [T:0x032d3] [DisplayControl] Enter MCCSOtherSet::GetVCP(), vcp code = 51
2025/10/07 06:20:02.776 [T:0x032d3] [DisplayControl] Exit MCCSOtherSet::GetVCP()
2025/10/07 06:20:02.880 [T:0x032d3] [DisplayControl] Enter MCCSOtherSet::GetVCP(), vcp code = 220
2025/10/07 06:20:02.963 [T:0x032d3] [DisplayControl] Exit MCCSOtherSet::GetVCP()
2025/10/07 06:20:03.065 [T:0x032d3] [DisplayControl] Enter MCCSOtherSet::GetVCP(), vcp code = 18
2025/10/07 06:20:03.151 [T:0x032d3] [DisplayControl] Exit MCCSOtherSet::GetVCP()
2025/10/07 06:20:03.253 [T:0x032d3] [DisplayControl] Enter MCCSOtherSet::GetVCP(), vcp code = 236
2025/10/07 06:20:03.339 [T:0x032d3] [DisplayControl] Exit MCCSOtherSet::GetVCP()
2025/10/07 06:20:03.443 [T:0x032d3] [DisplayControl] Enter MCCSOtherSet::GetVCP(), vcp code = 226
2025/10/07 06:20:03.529 [T:0x032d3] [DisplayControl] Exit MCCSOtherSet::GetVCP()
2025/10/07 06:20:51.294 [T:0x41649] [DisplayControl] Enter MCCSOtherSet::GetVCP(), vcp code = 96
2025/10/07 06:20:51.403 [T:0x41649] [DisplayControl] Exit MCCSOtherSet::GetVCP()
2025/10/07 06:20:51.663 [T:0x95832] [DisplayControl] Enter MCCSOtherSet::GetVCP(), vcp code = 96
2025/10/07 06:20:51.748 [T:0x95832] [DisplayControl] Exit MCCSOtherSet::GetVCP()
2025/10/07 06:20:51.849 [T:0x95832] [DisplayControl] Enter MCCSOtherSet::GetVCP(), vcp code = 98
2025/10/07 06:20:51.934 [T:0x95832] [DisplayControl] Exit MCCSOtherSet::GetVCP()
2025/10/07 06:20:52.037 [T:0x95832] [DisplayControl] Enter MCCSOtherSet::GetVCP(), vcp code = 225
2025/10/07 06:20:52.123 [T:0x95832] [DisplayControl] Exit MCCSOtherSet::GetVCP()
2025/10/07 06:20:52.227 [T:0x95832] [DisplayControl] Enter MCCSOtherSet::GetVCP(), vcp code = 43
2025/10/07 06:20:52.313 [T:0x95832] [DisplayControl] Exit MCCSOtherSet::GetVCP()
2025/10/07 06:20:52.417 [T:0x95832] [DisplayControl] Enter MCCSOtherSet::GetVCP(), vcp code = 141
2025/10/07 06:20:52.502 [T:0x95832] [DisplayControl] Exit MCCSOtherSet::GetVCP()
2025/10/07 06:20:52.606 [T:0x95832] [DisplayControl] Enter MCCSOtherSet::GetVCP(), vcp code = 16
2025/10/07 06:20:52.692 [T:0x95832] [DisplayControl] Exit MCCSOtherSet::GetVCP()
2025/10/07 06:20:52.796 [T:0x95832] [DisplayControl] Enter MCCSOtherSet::GetVCP(), vcp code = 97
2025/10/07 06:20:52.883 [T:0x95832] [DisplayControl] Exit MCCSOtherSet::GetVCP()
2025/10/07 06:20:52.986 [T:0x95832] [DisplayControl] Enter MCCSOtherSet::GetVCP(), vcp code = 135
2025/10/07 06:20:53.071 [T:0x95832] [DisplayControl] Exit MCCSOtherSet::GetVCP()
2025/10/07 06:20:53.174 [T:0x95832] [DisplayControl] Enter MCCSOtherSet::GetVCP(), vcp code = 4
2025/10/07 06:20:53.259 [T:0x95832] [DisplayControl] Exit MCCSOtherSet::GetVCP()
2025/10/07 06:20:53.364 [T:0x95832] [DisplayControl] Enter MCCSOtherSet::GetVCP(), vcp code = 51
2025/10/07 06:20:53.449 [T:0x95832] [DisplayControl] Exit MCCSOtherSet::GetVCP()
2025/10/07 06:20:53.554 [T:0x95832] [DisplayControl] Enter MCCSOtherSet::GetVCP(), vcp code = 220
2025/10/07 06:20:53.639 [T:0x95832] [DisplayControl] Exit MCCSOtherSet::GetVCP()
2025/10/07 06:20:53.741 [T:0x95832] [DisplayControl] Enter MCCSOtherSet::GetVCP(), vcp code = 18
2025/10/07 06:20:53.827 [T:0x95832] [DisplayControl] Exit MCCSOtherSet::GetVCP()
2025/10/07 06:20:53.928 [T:0x95832] [DisplayControl] Enter MCCSOtherSet::GetVCP(), vcp code = 236
2025/10/07 06:20:54.013 [T:0x95832] [DisplayControl] Exit MCCSOtherSet::GetVCP()
2025/10/07 06:20:54.117 [T:0x95832] [DisplayControl] Enter MCCSOtherSet::GetVCP(), vcp code = 226
2025/10/07 06:20:54.203 [T:0x95832] [DisplayControl] Exit MCCSOtherSet::GetVCP()
2025/10/07 06:21:07.212 [T:0x95832] [DisplayControl] Enter MCCSOtherSet::SetVCP(), vcp code = 4
2025/10/07 06:21:08.166 [T:0x95832] [DisplayControl] Exit MCCSOtherSet::SetVCP()
2025/10/07 06:21:13.284 [T:0x95832] [DisplayControl] Enter OperationThread::ExitThread
2025/10/07 06:21:13.284 [T:0x95832] [DisplayControl] Exit OperationThread::ExitThread
2025/10/07 06:21:13.284 [T:0x95832] [DisplayControl] Enter OperationThread::~OperationThread()
2025/10/07 06:21:13.284 [T:0x95832] [DisplayControl] Enter OperationThread::ExitThread
2025/10/07 06:21:13.284 [T:0x95832] [DisplayControl] Enter OperationThread::ExitThread
2025/10/07 06:21:13.284 [T:0x95832] [DisplayControl] Exit OperationThread::ExitThread
2025/10/07 06:21:13.285 [T:0x95832] [DisplayControl] Enter OperationThread::~OperationThread()
2025/10/07 06:21:13.285 [T:0x95832] [DisplayControl] Enter OperationThread::ExitThread
2025/10/07 06:21:13.310 [T:0x95832] [DbgStr] After calling display_control_client_listener_video_port_.UpdateAllDisplayPath()
2025/10/07 06:21:13.331 [T:0x95832] [DbgStr] After calling display_control_client_listener_.GetAllDisplayEDID()
2025/10/07 06:21:13.333 [T:0x95832] [DisplayControl] Version = 3.0.6.0
2025/10/07 06:21:13.333 [T:0x95832] [DisplayControl] Enter ObtainControlHandler1
2025/10/07 06:21:13.333 [T:0x95832] [DisplayControl] GetVideoPortCommander
2025/10/07 06:21:13.333 [T:0x95832] [DisplayControl] GetUSBHubCommander
2025/10/07 06:21:13.333 [T:0x95832] ====== List p_lpo_display_info_video_port, # of devices is ======2
2025/10/07 06:21:13.333 [T:0x95832] [DisplayControl] index of p_lpo_display_info_video_port0
2025/10/07 06:21:13.333 [T:0x95832] [DisplayControl] Model name from VideoPort = VG2458
2025/10/07 06:21:13.333 [T:0x95832] [DisplayControl] SN from VideoPort = YDJ243400006
2025/10/07 06:21:13.333 [T:0x95832] [DisplayControl] index of p_lpo_display_info_video_port1
2025/10/07 06:21:13.333 [T:0x95832] [DisplayControl] Model name from VideoPort = VG275
2025/10/07 06:21:13.333 [T:0x95832] [DisplayControl] SN from VideoPort = XF6232400003
2025/10/07 06:21:13.333 [T:0x95832] ====== List p_lpo_display_info_rtd_scalar_rts_hub, # of devices is ======0
2025/10/07 06:21:13.333 [T:0x95832] [DisplayControl] GetVSRtkHubControlClientListener
2025/10/07 06:21:13.333 [T:0x95832] [DisplayControl] max monitor count = 2
2025/10/07 06:21:13.333 [T:0x95832] [DisplayControl] index of display_info_vec = 0
2025/10/07 06:21:13.333 [T:0x95832] [DisplayControl] index of p_lpo_display_info_video_port = 0
2025/10/07 06:21:13.333 [T:0x95832] [DisplayControl] VideoPortMatchingRule
2025/10/07 06:21:13.333 [T:0x95832] [DisplayControl] monitor display_info_model_name = VG2458
2025/10/07 06:21:13.333 [T:0x95832] [DisplayControl] monitor video_port_model_name = VG2458
2025/10/07 06:21:13.333 [T:0x95832] [DisplayControl] monitor display_info_sn = YDJ243400006
2025/10/07 06:21:13.333 [T:0x95832] [DisplayControl] monitor video_port_sn = YDJ243400006
2025/10/07 06:21:13.334 [T:0x95832] [DisplayControl] model_name_match = 1
2025/10/07 06:21:13.334 [T:0x95832] [DisplayControl] sn_match = 1
2025/10/07 06:21:13.334 [T:0x95832] [DisplayControl] video_port is_match = 1
2025/10/07 06:21:13.334 [T:0x95832] [DisplayControl] index of display_info_vec = 1
2025/10/07 06:21:13.334 [T:0x95832] [DisplayControl] index of p_lpo_display_info_video_port = 0
2025/10/07 06:21:13.334 [T:0x95832] [DisplayControl] VideoPortMatchingRule
2025/10/07 06:21:13.334 [T:0x95832] [DisplayControl] monitor display_info_model_name = VG275
2025/10/07 06:21:13.334 [T:0x95832] [DisplayControl] monitor video_port_model_name = VG2458
2025/10/07 06:21:13.334 [T:0x95832] [DisplayControl] monitor display_info_sn = XF6232400003
2025/10/07 06:21:13.334 [T:0x95832] [DisplayControl] monitor video_port_sn = YDJ243400006
2025/10/07 06:21:13.334 [T:0x95832] [DisplayControl] model_name_match = 0
2025/10/07 06:21:13.334 [T:0x95832] [DisplayControl] sn_match = 0
2025/10/07 06:21:13.334 [T:0x95832] [DisplayControl] video_port is_match = 0
2025/10/07 06:21:13.334 [T:0x95832] [DisplayControl] index of display_info_vec = 1
2025/10/07 06:21:13.334 [T:0x95832] [DisplayControl] index of p_lpo_display_info_video_port = 1
2025/10/07 06:21:13.334 [T:0x95832] [DisplayControl] VideoPortMatchingRule
2025/10/07 06:21:13.334 [T:0x95832] [DisplayControl] monitor display_info_model_name = VG275
2025/10/07 06:21:13.334 [T:0x95832] [DisplayControl] monitor video_port_model_name = VG275
2025/10/07 06:21:13.334 [T:0x95832] [DisplayControl] monitor display_info_sn = XF6232400003
2025/10/07 06:21:13.334 [T:0x95832] [DisplayControl] monitor video_port_sn = XF6232400003
2025/10/07 06:21:13.334 [T:0x95832] [DisplayControl] model_name_match = 1
2025/10/07 06:21:13.334 [T:0x95832] [DisplayControl] sn_match = 1
2025/10/07 06:21:13.334 [T:0x95832] [DisplayControl] video_port is_match = 1
2025/10/07 06:21:13.334 [T:0x95832] [DisplayControl] i = 0
2025/10/07 06:21:13.334 [T:0x95832] [DisplayControl] Enter OperationThread::OperationThread()
2025/10/07 06:21:13.334 [T:0x95832] [DisplayControl] Enter OperationThread::CreateThread
2025/10/07 06:21:13.335 [T:0x95832] [DisplayControl] new DisplayFunctioner
2025/10/07 06:21:13.335 [T:0x95832] [DisplayControl] insert displayer_vector
2025/10/07 06:21:13.335 [T:0x95832] [DisplayControl] insert modelName_SN_to_Display_map
2025/10/07 06:21:13.335 [T:0x95832] [DisplayControl] insert device_id_to_Displayer_map_
2025/10/07 06:21:13.335 [T:0x95832] [DisplayControl] i = 1
2025/10/07 06:21:13.335 [T:0x95832] [DisplayControl] Enter OperationThread::OperationThread()
2025/10/07 06:21:13.335 [T:0x95832] [DisplayControl] Enter OperationThread::CreateThread
2025/10/07 06:21:13.335 [T:0x95832] [DisplayControl] new DisplayFunctioner
2025/10/07 06:21:13.335 [T:0x95832] [DisplayControl] insert displayer_vector
2025/10/07 06:21:13.335 [T:0x95832] [DisplayControl] insert modelName_SN_to_Display_map
2025/10/07 06:21:13.335 [T:0x95832] [DisplayControl] insert device_id_to_Displayer_map_
2025/10/07 06:21:13.335 [T:0x95832] [DisplayControl] monitor size = 2
2025/10/07 06:21:13.335 [T:0x95832] [DisplayControl] Exit ObtainControlHandler
2025/10/07 06:21:13.335 [T:0x95832] [DisplayControl] Enter MCCSOtherSet::GetVCP(), vcp code = 16
2025/10/07 06:21:13.417 [T:0x95832] [DisplayControl] Exit MCCSOtherSet::GetVCP()
2025/10/07 06:21:13.417 [T:0x95832] [DisplayControl] Enter MCCSOtherSet::GetVCP(), vcp code = 96
2025/10/07 06:21:13.492 [T:0x95832] [DisplayControl] Exit MCCSOtherSet::GetVCP()
2025/10/07 06:21:13.598 [T:0x95832] [DisplayControl] Enter MCCSOtherSet::GetVCP(), vcp code = 98
2025/10/07 06:21:13.678 [T:0x95832] [DisplayControl] Exit MCCSOtherSet::GetVCP()
2025/10/07 06:21:13.782 [T:0x95832] [DisplayControl] Enter MCCSOtherSet::GetVCP(), vcp code = 225
2025/10/07 06:21:13.863 [T:0x95832] [DisplayControl] Exit MCCSOtherSet::GetVCP()
2025/10/07 06:21:13.972 [T:0x95832] [DisplayControl] Enter MCCSOtherSet::GetVCP(), vcp code = 43
2025/10/07 06:21:14.053 [T:0x95832] [DisplayControl] Exit MCCSOtherSet::GetVCP()
2025/10/07 06:21:14.162 [T:0x95832] [DisplayControl] Enter MCCSOtherSet::GetVCP(), vcp code = 141
2025/10/07 06:21:14.244 [T:0x95832] [DisplayControl] Exit MCCSOtherSet::GetVCP()
2025/10/07 06:21:14.350 [T:0x95832] [DisplayControl] Enter MCCSOtherSet::GetVCP(), vcp code = 16
2025/10/07 06:21:14.431 [T:0x95832] [DisplayControl] Exit MCCSOtherSet::GetVCP()
2025/10/07 06:21:14.535 [T:0x95832] [DisplayControl] Enter MCCSOtherSet::GetVCP(), vcp code = 97
2025/10/07 06:21:14.616 [T:0x95832] [DisplayControl] Exit MCCSOtherSet::GetVCP()
2025/10/07 06:21:14.725 [T:0x95832] [DisplayControl] Enter MCCSOtherSet::GetVCP(), vcp code = 135
2025/10/07 06:21:14.807 [T:0x95832] [DisplayControl] Exit MCCSOtherSet::GetVCP()
2025/10/07 06:21:14.915 [T:0x95832] [DisplayControl] Enter MCCSOtherSet::GetVCP(), vcp code = 4
2025/10/07 06:21:14.997 [T:0x95832] [DisplayControl] Exit MCCSOtherSet::GetVCP()
2025/10/07 06:21:15.104 [T:0x95832] [DisplayControl] Enter MCCSOtherSet::GetVCP(), vcp code = 51
2025/10/07 06:21:15.186 [T:0x95832] [DisplayControl] Exit MCCSOtherSet::GetVCP()
2025/10/07 06:21:15.294 [T:0x95832] [DisplayControl] Enter MCCSOtherSet::GetVCP(), vcp code = 20
2025/10/07 06:21:15.377 [T:0x95832] [DisplayControl] Exit MCCSOtherSet::GetVCP()
2025/10/07 06:21:15.485 [T:0x95832] [DisplayControl] Enter MCCSOtherSet::GetVCP(), vcp code = 245
2025/10/07 06:21:15.567 [T:0x95832] [DisplayControl] Exit MCCSOtherSet::GetVCP()
2025/10/07 06:21:15.673 [T:0x95832] [DisplayControl] Enter MCCSOtherSet::GetVCP(), vcp code = 220
2025/10/07 06:21:15.753 [T:0x95832] [DisplayControl] Exit MCCSOtherSet::GetVCP()
2025/10/07 06:21:15.861 [T:0x95832] [DisplayControl] Enter MCCSOtherSet::GetVCP(), vcp code = 18
2025/10/07 06:21:15.943 [T:0x95832] [DisplayControl] Exit MCCSOtherSet::GetVCP()
2025/10/07 06:21:16.052 [T:0x95832] [DisplayControl] Enter MCCSOtherSet::GetVCP(), vcp code = 96
2025/10/07 06:21:16.138 [T:0x95832] [DisplayControl] Exit MCCSOtherSet::GetVCP()
2025/10/07 06:21:16.241 [T:0x95832] [DisplayControl] Enter MCCSOtherSet::GetVCP(), vcp code = 98
2025/10/07 06:21:16.326 [T:0x95832] [DisplayControl] Exit MCCSOtherSet::GetVCP()
2025/10/07 06:21:16.428 [T:0x95832] [DisplayControl] Enter MCCSOtherSet::GetVCP(), vcp code = 225
2025/10/07 06:21:16.512 [T:0x95832] [DisplayControl] Exit MCCSOtherSet::GetVCP()
2025/10/07 06:21:16.614 [T:0x95832] [DisplayControl] Enter MCCSOtherSet::GetVCP(), vcp code = 43
2025/10/07 06:21:16.701 [T:0x95832] [DisplayControl] Exit MCCSOtherSet::GetVCP()
2025/10/07 06:21:16.805 [T:0x95832] [DisplayControl] Enter MCCSOtherSet::GetVCP(), vcp code = 141
2025/10/07 06:21:16.890 [T:0x95832] [DisplayControl] Exit MCCSOtherSet::GetVCP()
2025/10/07 06:21:16.991 [T:0x95832] [DisplayControl] Enter MCCSOtherSet::GetVCP(), vcp code = 16
2025/10/07 06:21:17.077 [T:0x95832] [DisplayControl] Exit MCCSOtherSet::GetVCP()
2025/10/07 06:21:17.179 [T:0x95832] [DisplayControl] Enter MCCSOtherSet::GetVCP(), vcp code = 97
2025/10/07 06:21:17.263 [T:0x95832] [DisplayControl] Exit MCCSOtherSet::GetVCP()
2025/10/07 06:21:17.365 [T:0x95832] [DisplayControl] Enter MCCSOtherSet::GetVCP(), vcp code = 135
2025/10/07 06:21:17.452 [T:0x95832] [DisplayControl] Exit MCCSOtherSet::GetVCP()
2025/10/07 06:21:17.557 [T:0x95832] [DisplayControl] Enter MCCSOtherSet::GetVCP(), vcp code = 4
2025/10/07 06:21:17.642 [T:0x95832] [DisplayControl] Exit MCCSOtherSet::GetVCP()
2025/10/07 06:21:17.746 [T:0x95832] [DisplayControl] Enter MCCSOtherSet::GetVCP(), vcp code = 51
2025/10/07 06:21:17.831 [T:0x95832] [DisplayControl] Exit MCCSOtherSet::GetVCP()
2025/10/07 06:21:17.934 [T:0x95832] [DisplayControl] Enter MCCSOtherSet::GetVCP(), vcp code = 220
2025/10/07 06:21:18.020 [T:0x95832] [DisplayControl] Exit MCCSOtherSet::GetVCP()
2025/10/07 06:21:18.125 [T:0x95832] [DisplayControl] Enter MCCSOtherSet::GetVCP(), vcp code = 18
2025/10/07 06:21:18.211 [T:0x95832] [DisplayControl] Exit MCCSOtherSet::GetVCP()
2025/10/07 06:21:18.313 [T:0x95832] [DisplayControl] Enter MCCSOtherSet::GetVCP(), vcp code = 236
2025/10/07 06:21:18.397 [T:0x95832] [DisplayControl] Exit MCCSOtherSet::GetVCP()
2025/10/07 06:21:18.501 [T:0x95832] [DisplayControl] Enter MCCSOtherSet::GetVCP(), vcp code = 226
2025/10/07 06:21:18.587 [T:0x95832] [DisplayControl] Exit MCCSOtherSet::GetVCP()
