2025/11/03 14:25:37.984 [T:0xe57e4] [DisplayControl] Enter ObtainControlHandler1
2025/11/03 14:25:37.984 [T:0xe57e4] [DisplayControl] GetVideoPortCommander
2025/11/03 14:25:37.984 [T:0xe57e4] [DisplayControl] GetUSBHubCommander
2025/11/03 14:25:37.984 [T:0xe57e4] ====== List p_lpo_display_info_video_port, # of devices is ======2
2025/11/03 14:25:37.984 [T:0xe57e4] [DisplayControl] index of p_lpo_display_info_video_port0
2025/11/03 14:25:37.984 [T:0xe57e4] [DisplayControl] Model name from VideoPort = VG2458
2025/11/03 14:25:37.984 [T:0xe57e4] [DisplayControl] SN from VideoPort = YDJ243400006
2025/11/03 14:25:37.986 [T:0xe57e4] [DisplayControl] index of p_lpo_display_info_video_port1
2025/11/03 14:25:37.986 [T:0xe57e4] [DisplayControl] Model name from VideoPort = VG275
2025/11/03 14:25:37.986 [T:0xe57e4] [DisplayControl] SN from VideoPort = XF6232400003
2025/11/03 14:25:37.986 [T:0xe57e4] ====== List p_lpo_display_info_rtd_scalar_rts_hub, # of devices is ======0
2025/11/03 14:25:37.986 [T:0xe57e4] [DisplayControl] GetVSRtkHubControlClientListener
2025/11/03 14:25:37.986 [T:0xe57e4] [DisplayControl] max monitor count = 2
2025/11/03 14:25:37.986 [T:0xe57e4] [DisplayControl] index of display_info_vec = 0
2025/11/03 14:25:37.986 [T:0xe57e4] [DisplayControl] index of p_lpo_display_info_video_port = 0
2025/11/03 14:25:37.986 [T:0xe57e4] [DisplayControl] VideoPortMatchingRule
2025/11/03 14:25:37.986 [T:0xe57e4] [DisplayControl] monitor display_info_model_name = VG2458
2025/11/03 14:25:37.986 [T:0xe57e4] [DisplayControl] monitor video_port_model_name = VG2458
2025/11/03 14:25:37.986 [T:0xe57e4] [DisplayControl] monitor display_info_sn = YDJ243400006
2025/11/03 14:25:37.986 [T:0xe57e4] [DisplayControl] monitor video_port_sn = YDJ243400006
2025/11/03 14:25:37.986 [T:0xe57e4] [DisplayControl] model_name_match = 1
2025/11/03 14:25:37.986 [T:0xe57e4] [DisplayControl] sn_match = 1
2025/11/03 14:25:37.986 [T:0xe57e4] [DisplayControl] video_port is_match = 1
2025/11/03 14:25:37.986 [T:0xe57e4] [DisplayControl] index of display_info_vec = 1
2025/11/03 14:25:37.986 [T:0xe57e4] [DisplayControl] index of p_lpo_display_info_video_port = 0
2025/11/03 14:25:37.986 [T:0xe57e4] [DisplayControl] VideoPortMatchingRule
2025/11/03 14:25:37.986 [T:0xe57e4] [DisplayControl] monitor display_info_model_name = VG275
2025/11/03 14:25:37.986 [T:0xe57e4] [DisplayControl] monitor video_port_model_name = VG2458
2025/11/03 14:25:37.986 [T:0xe57e4] [DisplayControl] monitor display_info_sn = XF6232400003
2025/11/03 14:25:37.987 [T:0xe57e4] [DisplayControl] monitor video_port_sn = YDJ243400006
2025/11/03 14:25:37.987 [T:0xe57e4] [DisplayControl] model_name_match = 0
2025/11/03 14:25:37.987 [T:0xe57e4] [DisplayControl] sn_match = 0
2025/11/03 14:25:37.987 [T:0xe57e4] [DisplayControl] video_port is_match = 0
2025/11/03 14:25:37.987 [T:0xe57e4] [DisplayControl] index of display_info_vec = 1
2025/11/03 14:25:37.987 [T:0xe57e4] [DisplayControl] index of p_lpo_display_info_video_port = 1
2025/11/03 14:25:37.987 [T:0xe57e4] [DisplayControl] VideoPortMatchingRule
2025/11/03 14:25:37.987 [T:0xe57e4] [DisplayControl] monitor display_info_model_name = VG275
2025/11/03 14:25:37.987 [T:0xe57e4] [DisplayControl] monitor video_port_model_name = VG275
2025/11/03 14:25:37.987 [T:0xe57e4] [DisplayControl] monitor display_info_sn = XF6232400003
2025/11/03 14:25:37.987 [T:0xe57e4] [DisplayControl] monitor video_port_sn = XF6232400003
2025/11/03 14:25:37.987 [T:0xe57e4] [DisplayControl] model_name_match = 1
2025/11/03 14:25:37.987 [T:0xe57e4] [DisplayControl] sn_match = 1
2025/11/03 14:25:37.987 [T:0xe57e4] [DisplayControl] video_port is_match = 1
2025/11/03 14:25:37.987 [T:0xe57e4] [DisplayControl] i = 0
2025/11/03 14:25:37.987 [T:0xe57e4] [DisplayControl] Enter OperationThread::OperationThread()
2025/11/03 14:25:37.987 [T:0xe57e4] [DisplayControl] Enter OperationThread::CreateThread
2025/11/03 14:25:37.987 [T:0xe57e4] [DisplayControl] new DisplayFunctioner
2025/11/03 14:25:37.987 [T:0xe57e4] [DisplayControl] insert displayer_vector
2025/11/03 14:25:37.987 [T:0xe57e4] [DisplayControl] insert modelName_SN_to_Display_map
2025/11/03 14:25:37.987 [T:0xe57e4] [DisplayControl] insert device_id_to_Displayer_map_
2025/11/03 14:25:37.987 [T:0xe57e4] [DisplayControl] i = 1
2025/11/03 14:25:37.987 [T:0xe57e4] [DisplayControl] Enter OperationThread::OperationThread()
2025/11/03 14:25:37.987 [T:0xe57e4] [DisplayControl] Enter OperationThread::CreateThread
2025/11/03 14:25:37.988 [T:0xe57e4] [DisplayControl] new DisplayFunctioner
2025/11/03 14:25:37.988 [T:0xe57e4] [DisplayControl] insert displayer_vector
2025/11/03 14:25:37.988 [T:0xe57e4] [DisplayControl] insert modelName_SN_to_Display_map
2025/11/03 14:25:37.988 [T:0xe57e4] [DisplayControl] insert device_id_to_Displayer_map_
2025/11/03 14:25:37.988 [T:0xe57e4] [DisplayControl] monitor size = 2
2025/11/03 14:25:37.988 [T:0xe57e4] [DisplayControl] Exit ObtainControlHandler
2025/11/03 14:25:37.988 [T:0xe57e4] [DisplayControl] Enter MCCSOtherSet::GetVCP(), vcp code = 96
2025/11/03 14:25:38.068 [T:0xe57e4] [DisplayControl] Exit MCCSOtherSet::GetVCP()
2025/11/03 14:25:38.471 [T:0xe57e4] [DisplayControl] Enter MCCSOtherSet::GetVCP(), vcp code = 96
2025/11/03 14:25:38.612 [T:0xe57e4] [DisplayControl] Exit MCCSOtherSet::GetVCP()
2025/11/03 14:25:39.057 [T:0xe57e4] [DisplayControl] Enter MCCSOtherSet::SetVCP(), vcp code = 51
2025/11/03 14:25:39.260 [T:0xe57e4] [DisplayControl] Exit MCCSOtherSet::SetVCP()
2025/11/03 14:25:39.260 [T:0xe57e4] [DisplayControl] Enter MCCSOtherSet::SetVCP(), vcp code = 51
2025/11/03 14:25:39.432 [T:0xe57e4] [DisplayControl] Exit MCCSOtherSet::SetVCP()
2025/11/03 14:25:39.434 [T:0xe57e4] [DisplayControl] Enter MCCSOtherSet::GetVCP(), vcp code = 135
2025/11/03 14:25:39.568 [T:0xe57e4] [DisplayControl] Exit MCCSOtherSet::GetVCP()
2025/11/03 14:25:39.683 [T:0xe57e4] [DisplayControl] Enter MCCSOtherSet::GetVCP(), vcp code = 16
2025/11/03 14:25:39.819 [T:0xe57e4] [DisplayControl] Exit MCCSOtherSet::GetVCP()
2025/11/03 14:25:39.935 [T:0xe57e4] [DisplayControl] Enter MCCSOtherSet::GetVCP(), vcp code = 43
2025/11/03 14:25:40.070 [T:0xe57e4] [DisplayControl] Exit MCCSOtherSet::GetVCP()
2025/11/03 14:25:40.186 [T:0xe57e4] [DisplayControl] Enter MCCSOtherSet::GetVCP(), vcp code = 225
2025/11/03 14:25:40.266 [T:0xe57e4] [DisplayControl] Exit MCCSOtherSet::GetVCP()
2025/11/03 14:25:40.374 [T:0xe57e4] [DisplayControl] Enter MCCSOtherSet::GetVCP(), vcp code = 245
2025/11/03 14:25:40.455 [T:0xe57e4] [DisplayControl] Exit MCCSOtherSet::GetVCP()
2025/11/03 14:25:40.562 [T:0xe57e4] [DisplayControl] Enter MCCSOtherSet::GetVCP(), vcp code = 97
2025/11/03 14:25:40.644 [T:0xe57e4] [DisplayControl] Exit MCCSOtherSet::GetVCP()
2025/11/03 14:25:40.750 [T:0xe57e4] [DisplayControl] Enter MCCSOtherSet::GetVCP(), vcp code = 96
2025/11/03 14:25:40.885 [T:0xe57e4] [DisplayControl] Exit MCCSOtherSet::GetVCP()
2025/11/03 14:25:41.001 [T:0xe57e4] [DisplayControl] Enter MCCSOtherSet::GetVCP(), vcp code = 98
2025/11/03 14:25:41.145 [T:0xe57e4] [DisplayControl] Exit MCCSOtherSet::GetVCP()
2025/11/03 14:25:41.253 [T:0xe57e4] [DisplayControl] Enter MCCSOtherSet::GetVCP(), vcp code = 18
2025/11/03 14:25:41.372 [T:0xe57e4] [DisplayControl] Exit MCCSOtherSet::GetVCP()
2025/11/03 14:25:41.488 [T:0xe57e4] [DisplayControl] Enter MCCSOtherSet::GetVCP(), vcp code = 4
2025/11/03 14:25:41.608 [T:0xe57e4] [DisplayControl] Exit MCCSOtherSet::GetVCP()
2025/11/03 14:25:41.723 [T:0xe57e4] [DisplayControl] Enter MCCSOtherSet::GetVCP(), vcp code = 20
2025/11/03 14:25:41.843 [T:0xe57e4] [DisplayControl] Exit MCCSOtherSet::GetVCP()
2025/11/03 14:25:41.959 [T:0xe57e4] [DisplayControl] Enter MCCSOtherSet::GetVCP(), vcp code = 220
2025/11/03 14:25:42.062 [T:0xe57e4] [DisplayControl] Exit MCCSOtherSet::GetVCP()
2025/11/03 14:25:42.178 [T:0xe57e4] [DisplayControl] Enter MCCSOtherSet::GetVCP(), vcp code = 141
2025/11/03 14:25:42.266 [T:0xe57e4] [DisplayControl] Exit MCCSOtherSet::GetVCP()
2025/11/03 14:25:42.382 [T:0xe57e4] [DisplayControl] Enter MCCSOtherSet::GetVCP(), vcp code = 51
2025/11/03 14:25:42.534 [T:0xe57e4] [DisplayControl] Exit MCCSOtherSet::GetVCP()
2025/11/03 14:25:42.650 [T:0xe57e4] [DisplayControl] Enter MCCSOtherSet::GetVCP(), vcp code = 135
2025/11/03 14:25:42.774 [T:0xe57e4] [DisplayControl] Exit MCCSOtherSet::GetVCP()
2025/11/03 14:25:42.885 [T:0xe57e4] [DisplayControl] Enter MCCSOtherSet::GetVCP(), vcp code = 16
2025/11/03 14:25:43.025 [T:0xe57e4] [DisplayControl] Exit MCCSOtherSet::GetVCP()
2025/11/03 14:25:43.136 [T:0xe57e4] [DisplayControl] Enter MCCSOtherSet::GetVCP(), vcp code = 43
2025/11/03 14:25:43.230 [T:0xe57e4] [DisplayControl] Exit MCCSOtherSet::GetVCP()
2025/11/03 14:25:43.340 [T:0xe57e4] [DisplayControl] Enter MCCSOtherSet::GetVCP(), vcp code = 225
2025/11/03 14:25:43.496 [T:0xe57e4] [DisplayControl] Exit MCCSOtherSet::GetVCP()
2025/11/03 14:25:43.606 [T:0xe57e4] [DisplayControl] Enter MCCSOtherSet::GetVCP(), vcp code = 97
2025/11/03 14:25:43.741 [T:0xe57e4] [DisplayControl] Exit MCCSOtherSet::GetVCP()
2025/11/03 14:25:43.842 [T:0xe57e4] [DisplayControl] Enter MCCSOtherSet::GetVCP(), vcp code = 96
2025/11/03 14:25:43.999 [T:0xe57e4] [DisplayControl] Exit MCCSOtherSet::GetVCP()
2025/11/03 14:25:44.109 [T:0xe57e4] [DisplayControl] Enter MCCSOtherSet::GetVCP(), vcp code = 98
2025/11/03 14:25:44.235 [T:0xe57e4] [DisplayControl] Exit MCCSOtherSet::GetVCP()
2025/11/03 14:25:44.345 [T:0xe57e4] [DisplayControl] Enter MCCSOtherSet::GetVCP(), vcp code = 18
2025/11/03 14:25:44.486 [T:0xe57e4] [DisplayControl] Exit MCCSOtherSet::GetVCP()
2025/11/03 14:25:44.596 [T:0xe57e4] [DisplayControl] Enter MCCSOtherSet::GetVCP(), vcp code = 4
2025/11/03 14:25:44.721 [T:0xe57e4] [DisplayControl] Exit MCCSOtherSet::GetVCP()
2025/11/03 14:25:44.831 [T:0xe57e4] [DisplayControl] Enter MCCSOtherSet::GetVCP(), vcp code = 236
2025/11/03 14:25:44.989 [T:0xe57e4] [DisplayControl] Exit MCCSOtherSet::GetVCP()
2025/11/03 14:25:45.098 [T:0xe57e4] [DisplayControl] Enter MCCSOtherSet::GetVCP(), vcp code = 220
2025/11/03 14:25:45.239 [T:0xe57e4] [DisplayControl] Exit MCCSOtherSet::GetVCP()
2025/11/03 14:25:45.349 [T:0xe57e4] [DisplayControl] Enter MCCSOtherSet::GetVCP(), vcp code = 141
2025/11/03 14:25:45.506 [T:0xe57e4] [DisplayControl] Exit MCCSOtherSet::GetVCP()
2025/11/03 14:25:45.616 [T:0xe57e4] [DisplayControl] Enter MCCSOtherSet::GetVCP(), vcp code = 226
2025/11/03 14:25:45.742 [T:0xe57e4] [DisplayControl] Exit MCCSOtherSet::GetVCP()
2025/11/03 14:25:45.852 [T:0xe57e4] [DisplayControl] Enter MCCSOtherSet::GetVCP(), vcp code = 51
2025/11/03 14:25:46.008 [T:0xe57e4] [DisplayControl] Exit MCCSOtherSet::GetVCP()
2025/11/03 14:25:46.138 [T:0xe57e4] [DisplayControl] Enter MCCSOtherSet::GetVCP(), vcp code = 96
2025/11/03 14:25:46.238 [T:0xe57e4] [DisplayControl] Exit MCCSOtherSet::GetVCP()
2025/11/03 14:25:46.239 [T:0xe57e4] [DisplayControl] Enter MCCSOtherSet::GetVCP(), vcp code = 96
2025/11/03 14:25:46.401 [T:0xe57e4] [DisplayControl] Exit MCCSOtherSet::GetVCP()
2025/11/03 14:25:47.705 [T:0xba5a8] [DisplayControl] Enter MCCSOtherSet::SetVCP(), vcp code = 51
2025/11/03 14:25:47.851 [T:0xba5a8] [DisplayControl] Exit MCCSOtherSet::SetVCP()
2025/11/03 14:26:25.854 [T:0xa20fb] [DisplayControl] Enter MCCSOtherSet::SetVCP(), vcp code = 4
2025/11/03 14:26:26.789 [T:0xa20fb] [DisplayControl] Exit MCCSOtherSet::SetVCP()
2025/11/03 14:26:31.911 [T:0xa20fb] [DisplayControl] Enter OperationThread::ExitThread
2025/11/03 14:26:31.911 [T:0xa20fb] [DisplayControl] Exit OperationThread::ExitThread
2025/11/03 14:26:31.911 [T:0xa20fb] [DisplayControl] Enter OperationThread::~OperationThread()
2025/11/03 14:26:31.911 [T:0xa20fb] [DisplayControl] Enter OperationThread::ExitThread
2025/11/03 14:26:31.911 [T:0xa20fb] [DisplayControl] Enter OperationThread::ExitThread
2025/11/03 14:26:31.911 [T:0xa20fb] [DisplayControl] Exit OperationThread::ExitThread
2025/11/03 14:26:31.912 [T:0xa20fb] [DisplayControl] Enter OperationThread::~OperationThread()
2025/11/03 14:26:31.912 [T:0xa20fb] [DisplayControl] Enter OperationThread::ExitThread
2025/11/03 14:26:31.935 [T:0xa20fb] [DbgStr] After calling display_control_client_listener_video_port_.UpdateAllDisplayPath()
2025/11/03 14:26:31.953 [T:0xa20fb] [DbgStr] After calling display_control_client_listener_.GetAllDisplayEDID()
2025/11/03 14:26:31.955 [T:0xa20fb] [DisplayControl] Version = 3.0.6.0
2025/11/03 14:26:31.955 [T:0xa20fb] [DisplayControl] Enter ObtainControlHandler1
2025/11/03 14:26:31.955 [T:0xa20fb] [DisplayControl] GetVideoPortCommander
2025/11/03 14:26:31.955 [T:0xa20fb] [DisplayControl] GetUSBHubCommander
2025/11/03 14:26:31.955 [T:0xa20fb] ====== List p_lpo_display_info_video_port, # of devices is ======2
2025/11/03 14:26:31.955 [T:0xa20fb] [DisplayControl] index of p_lpo_display_info_video_port0
2025/11/03 14:26:31.955 [T:0xa20fb] [DisplayControl] Model name from VideoPort = VG2458
2025/11/03 14:26:31.955 [T:0xa20fb] [DisplayControl] SN from VideoPort = YDJ243400006
2025/11/03 14:26:31.955 [T:0xa20fb] [DisplayControl] index of p_lpo_display_info_video_port1
2025/11/03 14:26:31.955 [T:0xa20fb] [DisplayControl] Model name from VideoPort = VG275
2025/11/03 14:26:31.955 [T:0xa20fb] [DisplayControl] SN from VideoPort = XF6232400003
2025/11/03 14:26:31.955 [T:0xa20fb] ====== List p_lpo_display_info_rtd_scalar_rts_hub, # of devices is ======0
2025/11/03 14:26:31.955 [T:0xa20fb] [DisplayControl] GetVSRtkHubControlClientListener
2025/11/03 14:26:31.955 [T:0xa20fb] [DisplayControl] max monitor count = 2
2025/11/03 14:26:31.956 [T:0xa20fb] [DisplayControl] index of display_info_vec = 0
2025/11/03 14:26:31.956 [T:0xa20fb] [DisplayControl] index of p_lpo_display_info_video_port = 0
2025/11/03 14:26:31.956 [T:0xa20fb] [DisplayControl] VideoPortMatchingRule
2025/11/03 14:26:31.956 [T:0xa20fb] [DisplayControl] monitor display_info_model_name = VG2458
2025/11/03 14:26:31.956 [T:0xa20fb] [DisplayControl] monitor video_port_model_name = VG2458
2025/11/03 14:26:31.956 [T:0xa20fb] [DisplayControl] monitor display_info_sn = YDJ243400006
2025/11/03 14:26:31.956 [T:0xa20fb] [DisplayControl] monitor video_port_sn = YDJ243400006
2025/11/03 14:26:31.956 [T:0xa20fb] [DisplayControl] model_name_match = 1
2025/11/03 14:26:31.956 [T:0xa20fb] [DisplayControl] sn_match = 1
2025/11/03 14:26:31.956 [T:0xa20fb] [DisplayControl] video_port is_match = 1
2025/11/03 14:26:31.956 [T:0xa20fb] [DisplayControl] index of display_info_vec = 1
2025/11/03 14:26:31.956 [T:0xa20fb] [DisplayControl] index of p_lpo_display_info_video_port = 0
2025/11/03 14:26:31.956 [T:0xa20fb] [DisplayControl] VideoPortMatchingRule
2025/11/03 14:26:31.956 [T:0xa20fb] [DisplayControl] monitor display_info_model_name = VG275
2025/11/03 14:26:31.956 [T:0xa20fb] [DisplayControl] monitor video_port_model_name = VG2458
2025/11/03 14:26:31.956 [T:0xa20fb] [DisplayControl] monitor display_info_sn = XF6232400003
2025/11/03 14:26:31.956 [T:0xa20fb] [DisplayControl] monitor video_port_sn = YDJ243400006
2025/11/03 14:26:31.956 [T:0xa20fb] [DisplayControl] model_name_match = 0
2025/11/03 14:26:31.956 [T:0xa20fb] [DisplayControl] sn_match = 0
2025/11/03 14:26:31.956 [T:0xa20fb] [DisplayControl] video_port is_match = 0
2025/11/03 14:26:31.956 [T:0xa20fb] [DisplayControl] index of display_info_vec = 1
2025/11/03 14:26:31.956 [T:0xa20fb] [DisplayControl] index of p_lpo_display_info_video_port = 1
2025/11/03 14:26:31.956 [T:0xa20fb] [DisplayControl] VideoPortMatchingRule
2025/11/03 14:26:31.956 [T:0xa20fb] [DisplayControl] monitor display_info_model_name = VG275
2025/11/03 14:26:31.956 [T:0xa20fb] [DisplayControl] monitor video_port_model_name = VG275
2025/11/03 14:26:31.956 [T:0xa20fb] [DisplayControl] monitor display_info_sn = XF6232400003
2025/11/03 14:26:31.956 [T:0xa20fb] [DisplayControl] monitor video_port_sn = XF6232400003
2025/11/03 14:26:31.956 [T:0xa20fb] [DisplayControl] model_name_match = 1
2025/11/03 14:26:31.957 [T:0xa20fb] [DisplayControl] sn_match = 1
2025/11/03 14:26:31.957 [T:0xa20fb] [DisplayControl] video_port is_match = 1
2025/11/03 14:26:31.957 [T:0xa20fb] [DisplayControl] i = 0
2025/11/03 14:26:31.957 [T:0xa20fb] [DisplayControl] Enter OperationThread::OperationThread()
2025/11/03 14:26:31.957 [T:0xa20fb] [DisplayControl] Enter OperationThread::CreateThread
2025/11/03 14:26:31.957 [T:0xa20fb] [DisplayControl] new DisplayFunctioner
2025/11/03 14:26:31.957 [T:0xa20fb] [DisplayControl] insert displayer_vector
2025/11/03 14:26:31.957 [T:0xa20fb] [DisplayControl] insert modelName_SN_to_Display_map
2025/11/03 14:26:31.957 [T:0xa20fb] [DisplayControl] insert device_id_to_Displayer_map_
2025/11/03 14:26:31.957 [T:0xa20fb] [DisplayControl] i = 1
2025/11/03 14:26:31.957 [T:0xa20fb] [DisplayControl] Enter OperationThread::OperationThread()
2025/11/03 14:26:31.957 [T:0xa20fb] [DisplayControl] Enter OperationThread::CreateThread
2025/11/03 14:26:31.957 [T:0xa20fb] [DisplayControl] new DisplayFunctioner
2025/11/03 14:26:31.957 [T:0xa20fb] [DisplayControl] insert displayer_vector
2025/11/03 14:26:31.957 [T:0xa20fb] [DisplayControl] insert modelName_SN_to_Display_map
2025/11/03 14:26:31.957 [T:0xa20fb] [DisplayControl] insert device_id_to_Displayer_map_
2025/11/03 14:26:31.957 [T:0xa20fb] [DisplayControl] monitor size = 2
2025/11/03 14:26:31.957 [T:0xa20fb] [DisplayControl] Exit ObtainControlHandler
2025/11/03 14:26:31.957 [T:0xa20fb] [DisplayControl] Enter MCCSOtherSet::GetVCP(), vcp code = 16
2025/11/03 14:26:32.039 [T:0xa20fb] [DisplayControl] Exit MCCSOtherSet::GetVCP()
2025/11/03 14:26:32.039 [T:0xa20fb] [DisplayControl] Enter MCCSOtherSet::GetVCP(), vcp code = 135
2025/11/03 14:26:32.182 [T:0xa20fb] [DisplayControl] Exit MCCSOtherSet::GetVCP()
2025/11/03 14:26:32.290 [T:0xa20fb] [DisplayControl] Enter MCCSOtherSet::GetVCP(), vcp code = 16
2025/11/03 14:26:32.372 [T:0xa20fb] [DisplayControl] Exit MCCSOtherSet::GetVCP()
2025/11/03 14:26:32.480 [T:0xa20fb] [DisplayControl] Enter MCCSOtherSet::GetVCP(), vcp code = 43
2025/11/03 14:26:32.563 [T:0xa20fb] [DisplayControl] Exit MCCSOtherSet::GetVCP()
2025/11/03 14:26:32.671 [T:0xa20fb] [DisplayControl] Enter MCCSOtherSet::GetVCP(), vcp code = 225
2025/11/03 14:26:32.754 [T:0xa20fb] [DisplayControl] Exit MCCSOtherSet::GetVCP()
2025/11/03 14:26:32.862 [T:0xa20fb] [DisplayControl] Enter MCCSOtherSet::GetVCP(), vcp code = 245
2025/11/03 14:26:32.943 [T:0xa20fb] [DisplayControl] Exit MCCSOtherSet::GetVCP()
2025/11/03 14:26:33.051 [T:0xa20fb] [DisplayControl] Enter MCCSOtherSet::GetVCP(), vcp code = 97
2025/11/03 14:26:33.133 [T:0xa20fb] [DisplayControl] Exit MCCSOtherSet::GetVCP()
2025/11/03 14:26:33.240 [T:0xa20fb] [DisplayControl] Enter MCCSOtherSet::GetVCP(), vcp code = 96
2025/11/03 14:26:33.320 [T:0xa20fb] [DisplayControl] Exit MCCSOtherSet::GetVCP()
2025/11/03 14:26:33.427 [T:0xa20fb] [DisplayControl] Enter MCCSOtherSet::GetVCP(), vcp code = 98
2025/11/03 14:26:33.509 [T:0xa20fb] [DisplayControl] Exit MCCSOtherSet::GetVCP()
2025/11/03 14:26:33.617 [T:0xa20fb] [DisplayControl] Enter MCCSOtherSet::GetVCP(), vcp code = 18
2025/11/03 14:26:33.698 [T:0xa20fb] [DisplayControl] Exit MCCSOtherSet::GetVCP()
2025/11/03 14:26:33.804 [T:0xa20fb] [DisplayControl] Enter MCCSOtherSet::GetVCP(), vcp code = 4
2025/11/03 14:26:33.887 [T:0xa20fb] [DisplayControl] Exit MCCSOtherSet::GetVCP()
2025/11/03 14:26:33.992 [T:0xa20fb] [DisplayControl] Enter MCCSOtherSet::GetVCP(), vcp code = 20
2025/11/03 14:26:34.073 [T:0xa20fb] [DisplayControl] Exit MCCSOtherSet::GetVCP()
2025/11/03 14:26:34.179 [T:0xa20fb] [DisplayControl] Enter MCCSOtherSet::GetVCP(), vcp code = 220
2025/11/03 14:26:34.261 [T:0xa20fb] [DisplayControl] Exit MCCSOtherSet::GetVCP()
2025/11/03 14:26:34.298 [T:0xe57e4] [DisplayControl] Enter MCCSOtherSet::GetVCP(), vcp code = 96
2025/11/03 14:26:34.367 [T:0xa20fb] [DisplayControl] Enter MCCSOtherSet::GetVCP(), vcp code = 141
2025/11/03 14:26:34.409 [T:0xe57e4] [DisplayControl] Exit MCCSOtherSet::GetVCP()
2025/11/03 14:26:34.547 [T:0xa20fb] [DisplayControl] Exit MCCSOtherSet::GetVCP()
2025/11/03 14:26:34.649 [T:0xa20fb] [DisplayControl] Enter MCCSOtherSet::GetVCP(), vcp code = 51
2025/11/03 14:26:34.853 [T:0xa20fb] [DisplayControl] Exit MCCSOtherSet::GetVCP()
2025/11/03 14:26:34.954 [T:0xa20fb] [DisplayControl] Enter MCCSOtherSet::GetVCP(), vcp code = 135
2025/11/03 14:26:35.041 [T:0xa20fb] [DisplayControl] Exit MCCSOtherSet::GetVCP()
2025/11/03 14:26:35.144 [T:0xa20fb] [DisplayControl] Enter MCCSOtherSet::GetVCP(), vcp code = 16
2025/11/03 14:26:35.228 [T:0xa20fb] [DisplayControl] Exit MCCSOtherSet::GetVCP()
2025/11/03 14:26:35.331 [T:0xa20fb] [DisplayControl] Enter MCCSOtherSet::GetVCP(), vcp code = 43
2025/11/03 14:26:35.417 [T:0xa20fb] [DisplayControl] Exit MCCSOtherSet::GetVCP()
2025/11/03 14:26:35.520 [T:0xa20fb] [DisplayControl] Enter MCCSOtherSet::GetVCP(), vcp code = 225
2025/11/03 14:26:35.605 [T:0xa20fb] [DisplayControl] Exit MCCSOtherSet::GetVCP()
2025/11/03 14:26:35.709 [T:0xa20fb] [DisplayControl] Enter MCCSOtherSet::GetVCP(), vcp code = 97
2025/11/03 14:26:35.795 [T:0xa20fb] [DisplayControl] Exit MCCSOtherSet::GetVCP()
2025/11/03 14:26:35.898 [T:0xa20fb] [DisplayControl] Enter MCCSOtherSet::GetVCP(), vcp code = 96
2025/11/03 14:26:35.981 [T:0xa20fb] [DisplayControl] Exit MCCSOtherSet::GetVCP()
2025/11/03 14:26:36.084 [T:0xa20fb] [DisplayControl] Enter MCCSOtherSet::GetVCP(), vcp code = 98
2025/11/03 14:26:36.170 [T:0xa20fb] [DisplayControl] Exit MCCSOtherSet::GetVCP()
2025/11/03 14:26:36.273 [T:0xa20fb] [DisplayControl] Enter MCCSOtherSet::GetVCP(), vcp code = 18
2025/11/03 14:26:36.357 [T:0xa20fb] [DisplayControl] Exit MCCSOtherSet::GetVCP()
2025/11/03 14:26:36.461 [T:0xa20fb] [DisplayControl] Enter MCCSOtherSet::GetVCP(), vcp code = 4
2025/11/03 14:26:36.545 [T:0xa20fb] [DisplayControl] Exit MCCSOtherSet::GetVCP()
2025/11/03 14:26:36.647 [T:0xa20fb] [DisplayControl] Enter MCCSOtherSet::GetVCP(), vcp code = 236
2025/11/03 14:26:36.733 [T:0xa20fb] [DisplayControl] Exit MCCSOtherSet::GetVCP()
2025/11/03 14:26:36.837 [T:0xa20fb] [DisplayControl] Enter MCCSOtherSet::GetVCP(), vcp code = 220
2025/11/03 14:26:36.923 [T:0xa20fb] [DisplayControl] Exit MCCSOtherSet::GetVCP()
2025/11/03 14:26:37.025 [T:0xa20fb] [DisplayControl] Enter MCCSOtherSet::GetVCP(), vcp code = 141
2025/11/03 14:26:37.110 [T:0xa20fb] [DisplayControl] Exit MCCSOtherSet::GetVCP()
2025/11/03 14:26:37.212 [T:0xa20fb] [DisplayControl] Enter MCCSOtherSet::GetVCP(), vcp code = 226
2025/11/03 14:26:37.296 [T:0xa20fb] [DisplayControl] Exit MCCSOtherSet::GetVCP()
2025/11/03 14:26:37.398 [T:0xa20fb] [DisplayControl] Enter MCCSOtherSet::GetVCP(), vcp code = 51
2025/11/03 14:26:37.482 [T:0xa20fb] [DisplayControl] Exit MCCSOtherSet::GetVCP()
2025/11/03 14:27:41.537 [T:0xe57e4] [DisplayControl] Enter MCCSOtherSet::GetVCP(), vcp code = 96
2025/11/03 14:27:41.648 [T:0xe57e4] [DisplayControl] Exit MCCSOtherSet::GetVCP()
2025/11/03 14:27:41.859 [T:0x0809b] [DisplayControl] Enter MCCSOtherSet::GetVCP(), vcp code = 135
2025/11/03 14:27:41.986 [T:0x0809b] [DisplayControl] Exit MCCSOtherSet::GetVCP()
2025/11/03 14:27:42.087 [T:0x0809b] [DisplayControl] Enter MCCSOtherSet::GetVCP(), vcp code = 16
2025/11/03 14:27:42.172 [T:0x0809b] [DisplayControl] Exit MCCSOtherSet::GetVCP()
2025/11/03 14:27:42.274 [T:0x0809b] [DisplayControl] Enter MCCSOtherSet::GetVCP(), vcp code = 43
2025/11/03 14:27:42.359 [T:0x0809b] [DisplayControl] Exit MCCSOtherSet::GetVCP()
2025/11/03 14:27:42.462 [T:0x0809b] [DisplayControl] Enter MCCSOtherSet::GetVCP(), vcp code = 225
2025/11/03 14:27:42.547 [T:0x0809b] [DisplayControl] Exit MCCSOtherSet::GetVCP()
2025/11/03 14:27:42.648 [T:0x0809b] [DisplayControl] Enter MCCSOtherSet::GetVCP(), vcp code = 97
2025/11/03 14:27:42.731 [T:0x0809b] [DisplayControl] Exit MCCSOtherSet::GetVCP()
2025/11/03 14:27:42.834 [T:0x0809b] [DisplayControl] Enter MCCSOtherSet::GetVCP(), vcp code = 96
2025/11/03 14:27:42.919 [T:0x0809b] [DisplayControl] Exit MCCSOtherSet::GetVCP()
2025/11/03 14:27:43.021 [T:0x0809b] [DisplayControl] Enter MCCSOtherSet::GetVCP(), vcp code = 98
2025/11/03 14:27:43.107 [T:0x0809b] [DisplayControl] Exit MCCSOtherSet::GetVCP()
2025/11/03 14:27:43.210 [T:0x0809b] [DisplayControl] Enter MCCSOtherSet::GetVCP(), vcp code = 18
2025/11/03 14:27:43.296 [T:0x0809b] [DisplayControl] Exit MCCSOtherSet::GetVCP()
2025/11/03 14:27:43.398 [T:0x0809b] [DisplayControl] Enter MCCSOtherSet::GetVCP(), vcp code = 4
2025/11/03 14:27:43.483 [T:0x0809b] [DisplayControl] Exit MCCSOtherSet::GetVCP()
2025/11/03 14:27:43.584 [T:0x0809b] [DisplayControl] Enter MCCSOtherSet::GetVCP(), vcp code = 236
2025/11/03 14:27:43.669 [T:0x0809b] [DisplayControl] Exit MCCSOtherSet::GetVCP()
2025/11/03 14:27:43.771 [T:0x0809b] [DisplayControl] Enter MCCSOtherSet::GetVCP(), vcp code = 220
2025/11/03 14:27:43.856 [T:0x0809b] [DisplayControl] Exit MCCSOtherSet::GetVCP()
2025/11/03 14:27:43.957 [T:0x0809b] [DisplayControl] Enter MCCSOtherSet::GetVCP(), vcp code = 141
2025/11/03 14:27:44.042 [T:0x0809b] [DisplayControl] Exit MCCSOtherSet::GetVCP()
2025/11/03 14:27:44.144 [T:0x0809b] [DisplayControl] Enter MCCSOtherSet::GetVCP(), vcp code = 226
2025/11/03 14:27:44.229 [T:0x0809b] [DisplayControl] Exit MCCSOtherSet::GetVCP()
2025/11/03 14:27:44.332 [T:0x0809b] [DisplayControl] Enter MCCSOtherSet::GetVCP(), vcp code = 51
2025/11/03 14:27:44.419 [T:0x0809b] [DisplayControl] Exit MCCSOtherSet::GetVCP()
2025/11/03 14:27:57.361 [T:0x0809b] [DisplayControl] Enter MCCSOtherSet::SetVCP(), vcp code = 4
2025/11/03 14:27:58.310 [T:0x0809b] [DisplayControl] Exit MCCSOtherSet::SetVCP()
2025/11/03 14:28:03.427 [T:0x0809b] [DisplayControl] Enter OperationThread::ExitThread
2025/11/03 14:28:03.427 [T:0x0809b] [DisplayControl] Exit OperationThread::ExitThread
2025/11/03 14:28:03.427 [T:0x0809b] [DisplayControl] Enter OperationThread::~OperationThread()
2025/11/03 14:28:03.427 [T:0x0809b] [DisplayControl] Enter OperationThread::ExitThread
2025/11/03 14:28:03.427 [T:0x0809b] [DisplayControl] Enter OperationThread::ExitThread
2025/11/03 14:28:03.427 [T:0x0809b] [DisplayControl] Exit OperationThread::ExitThread
2025/11/03 14:28:03.427 [T:0x0809b] [DisplayControl] Enter OperationThread::~OperationThread()
2025/11/03 14:28:03.427 [T:0x0809b] [DisplayControl] Enter OperationThread::ExitThread
2025/11/03 14:28:03.452 [T:0x0809b] [DbgStr] After calling display_control_client_listener_video_port_.UpdateAllDisplayPath()
2025/11/03 14:28:03.470 [T:0x0809b] [DbgStr] After calling display_control_client_listener_.GetAllDisplayEDID()
2025/11/03 14:28:03.472 [T:0x0809b] [DisplayControl] Version = 3.0.6.0
2025/11/03 14:28:03.472 [T:0x0809b] [DisplayControl] Enter ObtainControlHandler1
2025/11/03 14:28:03.472 [T:0x0809b] [DisplayControl] GetVideoPortCommander
2025/11/03 14:28:03.472 [T:0x0809b] [DisplayControl] GetUSBHubCommander
2025/11/03 14:28:03.472 [T:0x0809b] ====== List p_lpo_display_info_video_port, # of devices is ======2
2025/11/03 14:28:03.472 [T:0x0809b] [DisplayControl] index of p_lpo_display_info_video_port0
2025/11/03 14:28:03.472 [T:0x0809b] [DisplayControl] Model name from VideoPort = VG2458
2025/11/03 14:28:03.472 [T:0x0809b] [DisplayControl] SN from VideoPort = YDJ243400006
2025/11/03 14:28:03.472 [T:0x0809b] [DisplayControl] index of p_lpo_display_info_video_port1
2025/11/03 14:28:03.472 [T:0x0809b] [DisplayControl] Model name from VideoPort = VG275
2025/11/03 14:28:03.472 [T:0x0809b] [DisplayControl] SN from VideoPort = XF6232400003
2025/11/03 14:28:03.472 [T:0x0809b] ====== List p_lpo_display_info_rtd_scalar_rts_hub, # of devices is ======0
2025/11/03 14:28:03.472 [T:0x0809b] [DisplayControl] GetVSRtkHubControlClientListener
2025/11/03 14:28:03.472 [T:0x0809b] [DisplayControl] max monitor count = 2
2025/11/03 14:28:03.472 [T:0x0809b] [DisplayControl] index of display_info_vec = 0
2025/11/03 14:28:03.473 [T:0x0809b] [DisplayControl] index of p_lpo_display_info_video_port = 0
2025/11/03 14:28:03.473 [T:0x0809b] [DisplayControl] VideoPortMatchingRule
2025/11/03 14:28:03.473 [T:0x0809b] [DisplayControl] monitor display_info_model_name = VG2458
2025/11/03 14:28:03.473 [T:0x0809b] [DisplayControl] monitor video_port_model_name = VG2458
2025/11/03 14:28:03.473 [T:0x0809b] [DisplayControl] monitor display_info_sn = YDJ243400006
2025/11/03 14:28:03.473 [T:0x0809b] [DisplayControl] monitor video_port_sn = YDJ243400006
2025/11/03 14:28:03.473 [T:0x0809b] [DisplayControl] model_name_match = 1
2025/11/03 14:28:03.473 [T:0x0809b] [DisplayControl] sn_match = 1
2025/11/03 14:28:03.473 [T:0x0809b] [DisplayControl] video_port is_match = 1
2025/11/03 14:28:03.473 [T:0x0809b] [DisplayControl] index of display_info_vec = 1
2025/11/03 14:28:03.473 [T:0x0809b] [DisplayControl] index of p_lpo_display_info_video_port = 0
2025/11/03 14:28:03.473 [T:0x0809b] [DisplayControl] VideoPortMatchingRule
2025/11/03 14:28:03.473 [T:0x0809b] [DisplayControl] monitor display_info_model_name = VG275
2025/11/03 14:28:03.473 [T:0x0809b] [DisplayControl] monitor video_port_model_name = VG2458
2025/11/03 14:28:03.473 [T:0x0809b] [DisplayControl] monitor display_info_sn = XF6232400003
2025/11/03 14:28:03.473 [T:0x0809b] [DisplayControl] monitor video_port_sn = YDJ243400006
2025/11/03 14:28:03.473 [T:0x0809b] [DisplayControl] model_name_match = 0
2025/11/03 14:28:03.473 [T:0x0809b] [DisplayControl] sn_match = 0
2025/11/03 14:28:03.473 [T:0x0809b] [DisplayControl] video_port is_match = 0
2025/11/03 14:28:03.473 [T:0x0809b] [DisplayControl] index of display_info_vec = 1
2025/11/03 14:28:03.473 [T:0x0809b] [DisplayControl] index of p_lpo_display_info_video_port = 1
2025/11/03 14:28:03.473 [T:0x0809b] [DisplayControl] VideoPortMatchingRule
2025/11/03 14:28:03.473 [T:0x0809b] [DisplayControl] monitor display_info_model_name = VG275
2025/11/03 14:28:03.473 [T:0x0809b] [DisplayControl] monitor video_port_model_name = VG275
2025/11/03 14:28:03.473 [T:0x0809b] [DisplayControl] monitor display_info_sn = XF6232400003
2025/11/03 14:28:03.473 [T:0x0809b] [DisplayControl] monitor video_port_sn = XF6232400003
2025/11/03 14:28:03.474 [T:0x0809b] [DisplayControl] model_name_match = 1
2025/11/03 14:28:03.474 [T:0x0809b] [DisplayControl] sn_match = 1
2025/11/03 14:28:03.474 [T:0x0809b] [DisplayControl] video_port is_match = 1
2025/11/03 14:28:03.474 [T:0x0809b] [DisplayControl] i = 0
2025/11/03 14:28:03.474 [T:0x0809b] [DisplayControl] Enter OperationThread::OperationThread()
2025/11/03 14:28:03.474 [T:0x0809b] [DisplayControl] Enter OperationThread::CreateThread
2025/11/03 14:28:03.474 [T:0x0809b] [DisplayControl] new DisplayFunctioner
2025/11/03 14:28:03.474 [T:0x0809b] [DisplayControl] insert displayer_vector
2025/11/03 14:28:03.474 [T:0x0809b] [DisplayControl] insert modelName_SN_to_Display_map
2025/11/03 14:28:03.474 [T:0x0809b] [DisplayControl] insert device_id_to_Displayer_map_
2025/11/03 14:28:03.474 [T:0x0809b] [DisplayControl] i = 1
2025/11/03 14:28:03.474 [T:0x0809b] [DisplayControl] Enter OperationThread::OperationThread()
2025/11/03 14:28:03.474 [T:0x0809b] [DisplayControl] Enter OperationThread::CreateThread
2025/11/03 14:28:03.474 [T:0x0809b] [DisplayControl] new DisplayFunctioner
2025/11/03 14:28:03.474 [T:0x0809b] [DisplayControl] insert displayer_vector
2025/11/03 14:28:03.474 [T:0x0809b] [DisplayControl] insert modelName_SN_to_Display_map
2025/11/03 14:28:03.474 [T:0x0809b] [DisplayControl] insert device_id_to_Displayer_map_
2025/11/03 14:28:03.474 [T:0x0809b] [DisplayControl] monitor size = 2
2025/11/03 14:28:03.474 [T:0x0809b] [DisplayControl] Exit ObtainControlHandler
2025/11/03 14:28:03.474 [T:0x0809b] [DisplayControl] Enter MCCSOtherSet::GetVCP(), vcp code = 16
2025/11/03 14:28:03.558 [T:0x0809b] [DisplayControl] Exit MCCSOtherSet::GetVCP()
2025/11/03 14:28:03.558 [T:0x0809b] [DisplayControl] Enter MCCSOtherSet::GetVCP(), vcp code = 135
2025/11/03 14:28:03.633 [T:0x0809b] [DisplayControl] Exit MCCSOtherSet::GetVCP()
2025/11/03 14:28:03.738 [T:0x0809b] [DisplayControl] Enter MCCSOtherSet::GetVCP(), vcp code = 16
2025/11/03 14:28:03.819 [T:0x0809b] [DisplayControl] Exit MCCSOtherSet::GetVCP()
2025/11/03 14:28:03.925 [T:0x0809b] [DisplayControl] Enter MCCSOtherSet::GetVCP(), vcp code = 43
2025/11/03 14:28:04.006 [T:0x0809b] [DisplayControl] Exit MCCSOtherSet::GetVCP()
2025/11/03 14:28:04.113 [T:0x0809b] [DisplayControl] Enter MCCSOtherSet::GetVCP(), vcp code = 225
2025/11/03 14:28:04.193 [T:0x0809b] [DisplayControl] Exit MCCSOtherSet::GetVCP()
2025/11/03 14:28:04.300 [T:0x0809b] [DisplayControl] Enter MCCSOtherSet::GetVCP(), vcp code = 245
2025/11/03 14:28:04.381 [T:0x0809b] [DisplayControl] Exit MCCSOtherSet::GetVCP()
2025/11/03 14:28:04.487 [T:0x0809b] [DisplayControl] Enter MCCSOtherSet::GetVCP(), vcp code = 97
2025/11/03 14:28:04.569 [T:0x0809b] [DisplayControl] Exit MCCSOtherSet::GetVCP()
2025/11/03 14:28:04.676 [T:0x0809b] [DisplayControl] Enter MCCSOtherSet::GetVCP(), vcp code = 96
2025/11/03 14:28:04.757 [T:0x0809b] [DisplayControl] Exit MCCSOtherSet::GetVCP()
2025/11/03 14:28:04.862 [T:0x0809b] [DisplayControl] Enter MCCSOtherSet::GetVCP(), vcp code = 98
2025/11/03 14:28:04.943 [T:0x0809b] [DisplayControl] Exit MCCSOtherSet::GetVCP()
2025/11/03 14:28:05.049 [T:0x0809b] [DisplayControl] Enter MCCSOtherSet::GetVCP(), vcp code = 18
2025/11/03 14:28:05.130 [T:0x0809b] [DisplayControl] Exit MCCSOtherSet::GetVCP()
2025/11/03 14:28:05.236 [T:0x0809b] [DisplayControl] Enter MCCSOtherSet::GetVCP(), vcp code = 4
2025/11/03 14:28:05.318 [T:0x0809b] [DisplayControl] Exit MCCSOtherSet::GetVCP()
2025/11/03 14:28:05.423 [T:0x0809b] [DisplayControl] Enter MCCSOtherSet::GetVCP(), vcp code = 20
2025/11/03 14:28:05.505 [T:0x0809b] [DisplayControl] Exit MCCSOtherSet::GetVCP()
2025/11/03 14:28:05.613 [T:0x0809b] [DisplayControl] Enter MCCSOtherSet::GetVCP(), vcp code = 220
2025/11/03 14:28:05.694 [T:0x0809b] [DisplayControl] Exit MCCSOtherSet::GetVCP()
2025/11/03 14:28:05.801 [T:0x0809b] [DisplayControl] Enter MCCSOtherSet::GetVCP(), vcp code = 141
2025/11/03 14:28:05.881 [T:0x0809b] [DisplayControl] Exit MCCSOtherSet::GetVCP()
2025/11/03 14:28:05.988 [T:0x0809b] [DisplayControl] Enter MCCSOtherSet::GetVCP(), vcp code = 51
2025/11/03 14:28:06.070 [T:0x0809b] [DisplayControl] Exit MCCSOtherSet::GetVCP()
2025/11/03 14:28:06.177 [T:0x0809b] [DisplayControl] Enter MCCSOtherSet::GetVCP(), vcp code = 135
2025/11/03 14:28:06.262 [T:0x0809b] [DisplayControl] Exit MCCSOtherSet::GetVCP()
2025/11/03 14:28:06.365 [T:0x0809b] [DisplayControl] Enter MCCSOtherSet::GetVCP(), vcp code = 16
2025/11/03 14:28:06.451 [T:0x0809b] [DisplayControl] Exit MCCSOtherSet::GetVCP()
2025/11/03 14:28:06.552 [T:0x0809b] [DisplayControl] Enter MCCSOtherSet::GetVCP(), vcp code = 43
2025/11/03 14:28:06.637 [T:0x0809b] [DisplayControl] Exit MCCSOtherSet::GetVCP()
2025/11/03 14:28:06.738 [T:0x0809b] [DisplayControl] Enter MCCSOtherSet::GetVCP(), vcp code = 225
2025/11/03 14:28:06.824 [T:0x0809b] [DisplayControl] Exit MCCSOtherSet::GetVCP()
2025/11/03 14:28:06.927 [T:0x0809b] [DisplayControl] Enter MCCSOtherSet::GetVCP(), vcp code = 97
2025/11/03 14:28:07.012 [T:0x0809b] [DisplayControl] Exit MCCSOtherSet::GetVCP()
2025/11/03 14:28:07.114 [T:0x0809b] [DisplayControl] Enter MCCSOtherSet::GetVCP(), vcp code = 96
2025/11/03 14:28:07.198 [T:0x0809b] [DisplayControl] Exit MCCSOtherSet::GetVCP()
2025/11/03 14:28:07.301 [T:0x0809b] [DisplayControl] Enter MCCSOtherSet::GetVCP(), vcp code = 98
2025/11/03 14:28:07.386 [T:0x0809b] [DisplayControl] Exit MCCSOtherSet::GetVCP()
2025/11/03 14:28:07.488 [T:0x0809b] [DisplayControl] Enter MCCSOtherSet::GetVCP(), vcp code = 18
2025/11/03 14:28:07.575 [T:0x0809b] [DisplayControl] Exit MCCSOtherSet::GetVCP()
2025/11/03 14:28:07.677 [T:0x0809b] [DisplayControl] Enter MCCSOtherSet::GetVCP(), vcp code = 4
2025/11/03 14:28:07.762 [T:0x0809b] [DisplayControl] Exit MCCSOtherSet::GetVCP()
2025/11/03 14:28:07.865 [T:0x0809b] [DisplayControl] Enter MCCSOtherSet::GetVCP(), vcp code = 236
2025/11/03 14:28:07.949 [T:0x0809b] [DisplayControl] Exit MCCSOtherSet::GetVCP()
2025/11/03 14:28:08.052 [T:0x0809b] [DisplayControl] Enter MCCSOtherSet::GetVCP(), vcp code = 220
2025/11/03 14:28:08.138 [T:0x0809b] [DisplayControl] Exit MCCSOtherSet::GetVCP()
2025/11/03 14:28:08.239 [T:0x0809b] [DisplayControl] Enter MCCSOtherSet::GetVCP(), vcp code = 141
2025/11/03 14:28:08.324 [T:0x0809b] [DisplayControl] Exit MCCSOtherSet::GetVCP()
2025/11/03 14:28:08.426 [T:0x0809b] [DisplayControl] Enter MCCSOtherSet::GetVCP(), vcp code = 226
2025/11/03 14:28:08.511 [T:0x0809b] [DisplayControl] Exit MCCSOtherSet::GetVCP()
2025/11/03 14:28:08.614 [T:0x0809b] [DisplayControl] Enter MCCSOtherSet::GetVCP(), vcp code = 51
2025/11/03 14:28:08.699 [T:0x0809b] [DisplayControl] Exit MCCSOtherSet::GetVCP()
2025/11/03 14:29:08.661 [T:0xe57e4] [DisplayControl] Enter MCCSOtherSet::GetVCP(), vcp code = 96
2025/11/03 14:29:08.773 [T:0xe57e4] [DisplayControl] Exit MCCSOtherSet::GetVCP()
2025/11/03 14:29:08.986 [T:0x81203] [DisplayControl] Enter MCCSOtherSet::GetVCP(), vcp code = 135
2025/11/03 14:29:09.110 [T:0x81203] [DisplayControl] Exit MCCSOtherSet::GetVCP()
2025/11/03 14:29:09.216 [T:0x81203] [DisplayControl] Enter MCCSOtherSet::GetVCP(), vcp code = 16
2025/11/03 14:29:09.297 [T:0x81203] [DisplayControl] Exit MCCSOtherSet::GetVCP()
2025/11/03 14:29:09.405 [T:0x81203] [DisplayControl] Enter MCCSOtherSet::GetVCP(), vcp code = 43
2025/11/03 14:29:09.486 [T:0x81203] [DisplayControl] Exit MCCSOtherSet::GetVCP()
2025/11/03 14:29:09.592 [T:0x81203] [DisplayControl] Enter MCCSOtherSet::GetVCP(), vcp code = 225
2025/11/03 14:29:09.671 [T:0x81203] [DisplayControl] Exit MCCSOtherSet::GetVCP()
2025/11/03 14:29:09.779 [T:0x81203] [DisplayControl] Enter MCCSOtherSet::GetVCP(), vcp code = 245
2025/11/03 14:29:09.859 [T:0x81203] [DisplayControl] Exit MCCSOtherSet::GetVCP()
2025/11/03 14:29:09.965 [T:0x81203] [DisplayControl] Enter MCCSOtherSet::GetVCP(), vcp code = 97
2025/11/03 14:29:10.046 [T:0x81203] [DisplayControl] Exit MCCSOtherSet::GetVCP()
2025/11/03 14:29:10.152 [T:0x81203] [DisplayControl] Enter MCCSOtherSet::GetVCP(), vcp code = 96
2025/11/03 14:29:10.233 [T:0x81203] [DisplayControl] Exit MCCSOtherSet::GetVCP()
2025/11/03 14:29:10.341 [T:0x81203] [DisplayControl] Enter MCCSOtherSet::GetVCP(), vcp code = 98
2025/11/03 14:29:10.422 [T:0x81203] [DisplayControl] Exit MCCSOtherSet::GetVCP()
2025/11/03 14:29:10.528 [T:0x81203] [DisplayControl] Enter MCCSOtherSet::GetVCP(), vcp code = 18
2025/11/03 14:29:10.610 [T:0x81203] [DisplayControl] Exit MCCSOtherSet::GetVCP()
2025/11/03 14:29:10.715 [T:0x81203] [DisplayControl] Enter MCCSOtherSet::GetVCP(), vcp code = 4
2025/11/03 14:29:10.796 [T:0x81203] [DisplayControl] Exit MCCSOtherSet::GetVCP()
2025/11/03 14:29:10.905 [T:0x81203] [DisplayControl] Enter MCCSOtherSet::GetVCP(), vcp code = 20
2025/11/03 14:29:10.986 [T:0x81203] [DisplayControl] Exit MCCSOtherSet::GetVCP()
2025/11/03 14:29:11.095 [T:0x81203] [DisplayControl] Enter MCCSOtherSet::GetVCP(), vcp code = 220
2025/11/03 14:29:11.175 [T:0x81203] [DisplayControl] Exit MCCSOtherSet::GetVCP()
2025/11/03 14:29:11.282 [T:0x81203] [DisplayControl] Enter MCCSOtherSet::GetVCP(), vcp code = 141
2025/11/03 14:29:11.363 [T:0x81203] [DisplayControl] Exit MCCSOtherSet::GetVCP()
2025/11/03 14:29:11.470 [T:0x81203] [DisplayControl] Enter MCCSOtherSet::GetVCP(), vcp code = 51
2025/11/03 14:29:11.551 [T:0x81203] [DisplayControl] Exit MCCSOtherSet::GetVCP()
2025/11/03 14:29:25.569 [T:0x81203] [DisplayControl] Enter MCCSOtherSet::SetVCP(), vcp code = 16
2025/11/03 14:29:25.770 [T:0x81203] [DisplayControl] Exit MCCSOtherSet::SetVCP()
2025/11/03 14:30:00.843 [T:0xb889d] [DisplayControl] Enter MCCSOtherSet::SetVCP(), vcp code = 18
2025/11/03 14:30:01.044 [T:0xb889d] [DisplayControl] Exit MCCSOtherSet::SetVCP()
2025/11/03 14:30:30.613 [T:0xe57e4] [DisplayControl] Enter MCCSOtherSet::GetVCP(), vcp code = 96
2025/11/03 14:30:30.722 [T:0xe57e4] [DisplayControl] Exit MCCSOtherSet::GetVCP()
2025/11/03 14:30:30.916 [T:0xb889d] [DisplayControl] Enter MCCSOtherSet::GetVCP(), vcp code = 135
2025/11/03 14:30:31.046 [T:0xb889d] [DisplayControl] Exit MCCSOtherSet::GetVCP()
2025/11/03 14:30:31.162 [T:0xb889d] [DisplayControl] Enter MCCSOtherSet::GetVCP(), vcp code = 16
2025/11/03 14:30:31.247 [T:0xb889d] [DisplayControl] Exit MCCSOtherSet::GetVCP()
2025/11/03 14:30:31.349 [T:0xb889d] [DisplayControl] Enter MCCSOtherSet::GetVCP(), vcp code = 43
2025/11/03 14:30:31.434 [T:0xb889d] [DisplayControl] Exit MCCSOtherSet::GetVCP()
2025/11/03 14:30:31.536 [T:0xb889d] [DisplayControl] Enter MCCSOtherSet::GetVCP(), vcp code = 225
2025/11/03 14:30:31.620 [T:0xb889d] [DisplayControl] Exit MCCSOtherSet::GetVCP()
2025/11/03 14:30:31.724 [T:0xb889d] [DisplayControl] Enter MCCSOtherSet::GetVCP(), vcp code = 97
2025/11/03 14:30:31.808 [T:0xb889d] [DisplayControl] Exit MCCSOtherSet::GetVCP()
2025/11/03 14:30:31.911 [T:0xb889d] [DisplayControl] Enter MCCSOtherSet::GetVCP(), vcp code = 96
2025/11/03 14:30:31.995 [T:0xb889d] [DisplayControl] Exit MCCSOtherSet::GetVCP()
2025/11/03 14:30:32.099 [T:0xb889d] [DisplayControl] Enter MCCSOtherSet::GetVCP(), vcp code = 98
2025/11/03 14:30:32.184 [T:0xb889d] [DisplayControl] Exit MCCSOtherSet::GetVCP()
2025/11/03 14:30:32.286 [T:0xb889d] [DisplayControl] Enter MCCSOtherSet::GetVCP(), vcp code = 18
2025/11/03 14:30:32.371 [T:0xb889d] [DisplayControl] Exit MCCSOtherSet::GetVCP()
2025/11/03 14:30:32.474 [T:0xb889d] [DisplayControl] Enter MCCSOtherSet::GetVCP(), vcp code = 4
2025/11/03 14:30:32.558 [T:0xb889d] [DisplayControl] Exit MCCSOtherSet::GetVCP()
2025/11/03 14:30:32.662 [T:0xb889d] [DisplayControl] Enter MCCSOtherSet::GetVCP(), vcp code = 236
2025/11/03 14:30:32.746 [T:0xb889d] [DisplayControl] Exit MCCSOtherSet::GetVCP()
2025/11/03 14:30:32.849 [T:0xb889d] [DisplayControl] Enter MCCSOtherSet::GetVCP(), vcp code = 220
2025/11/03 14:30:32.933 [T:0xb889d] [DisplayControl] Exit MCCSOtherSet::GetVCP()
2025/11/03 14:30:33.036 [T:0xb889d] [DisplayControl] Enter MCCSOtherSet::GetVCP(), vcp code = 141
2025/11/03 14:30:33.121 [T:0xb889d] [DisplayControl] Exit MCCSOtherSet::GetVCP()
2025/11/03 14:30:33.225 [T:0xb889d] [DisplayControl] Enter MCCSOtherSet::GetVCP(), vcp code = 226
2025/11/03 14:30:33.311 [T:0xb889d] [DisplayControl] Exit MCCSOtherSet::GetVCP()
2025/11/03 14:30:33.413 [T:0xb889d] [DisplayControl] Enter MCCSOtherSet::GetVCP(), vcp code = 51
2025/11/03 14:30:33.499 [T:0xb889d] [DisplayControl] Exit MCCSOtherSet::GetVCP()
2025/11/03 14:30:47.432 [T:0xb889d] [DisplayControl] Enter MCCSOtherSet::SetVCP(), vcp code = 16
2025/11/03 14:30:47.640 [T:0xb889d] [DisplayControl] Exit MCCSOtherSet::SetVCP()
2025/11/03 14:31:22.712 [T:0xac906] [DisplayControl] Enter MCCSOtherSet::SetVCP(), vcp code = 18
2025/11/03 14:31:22.920 [T:0xac906] [DisplayControl] Exit MCCSOtherSet::SetVCP()
2025/11/03 14:36:38.281 [T:0xc7628] [DisplayControl] Enter MCCSOtherSet::SetVCP(), vcp code = 4
2025/11/03 14:36:39.217 [T:0xc7628] [DisplayControl] Exit MCCSOtherSet::SetVCP()
2025/11/03 14:36:44.337 [T:0xc7628] [DisplayControl] Enter OperationThread::ExitThread
2025/11/03 14:36:44.338 [T:0xc7628] [DisplayControl] Exit OperationThread::ExitThread
2025/11/03 14:36:44.338 [T:0xc7628] [DisplayControl] Enter OperationThread::~OperationThread()
2025/11/03 14:36:44.338 [T:0xc7628] [DisplayControl] Enter OperationThread::ExitThread
2025/11/03 14:36:44.338 [T:0xc7628] [DisplayControl] Enter OperationThread::ExitThread
2025/11/03 14:36:44.338 [T:0xc7628] [DisplayControl] Exit OperationThread::ExitThread
2025/11/03 14:36:44.338 [T:0xc7628] [DisplayControl] Enter OperationThread::~OperationThread()
2025/11/03 14:36:44.338 [T:0xc7628] [DisplayControl] Enter OperationThread::ExitThread
2025/11/03 14:36:44.362 [T:0xc7628] [DbgStr] After calling display_control_client_listener_video_port_.UpdateAllDisplayPath()
2025/11/03 14:36:44.380 [T:0xc7628] [DbgStr] After calling display_control_client_listener_.GetAllDisplayEDID()
2025/11/03 14:36:44.382 [T:0xc7628] [DisplayControl] Version = 3.0.6.0
2025/11/03 14:36:44.382 [T:0xc7628] [DisplayControl] Enter ObtainControlHandler1
2025/11/03 14:36:44.382 [T:0xc7628] [DisplayControl] GetVideoPortCommander
2025/11/03 14:36:44.382 [T:0xc7628] [DisplayControl] GetUSBHubCommander
2025/11/03 14:36:44.382 [T:0xc7628] ====== List p_lpo_display_info_video_port, # of devices is ======2
2025/11/03 14:36:44.382 [T:0xc7628] [DisplayControl] index of p_lpo_display_info_video_port0
2025/11/03 14:36:44.382 [T:0xc7628] [DisplayControl] Model name from VideoPort = VG2458
2025/11/03 14:36:44.382 [T:0xc7628] [DisplayControl] SN from VideoPort = YDJ243400006
2025/11/03 14:36:44.383 [T:0xc7628] [DisplayControl] index of p_lpo_display_info_video_port1
2025/11/03 14:36:44.383 [T:0xc7628] [DisplayControl] Model name from VideoPort = VG275
2025/11/03 14:36:44.383 [T:0xc7628] [DisplayControl] SN from VideoPort = XF6232400003
2025/11/03 14:36:44.383 [T:0xc7628] ====== List p_lpo_display_info_rtd_scalar_rts_hub, # of devices is ======0
2025/11/03 14:36:44.383 [T:0xc7628] [DisplayControl] GetVSRtkHubControlClientListener
2025/11/03 14:36:44.383 [T:0xc7628] [DisplayControl] max monitor count = 2
2025/11/03 14:36:44.383 [T:0xc7628] [DisplayControl] index of display_info_vec = 0
2025/11/03 14:36:44.383 [T:0xc7628] [DisplayControl] index of p_lpo_display_info_video_port = 0
2025/11/03 14:36:44.383 [T:0xc7628] [DisplayControl] VideoPortMatchingRule
2025/11/03 14:36:44.383 [T:0xc7628] [DisplayControl] monitor display_info_model_name = VG2458
2025/11/03 14:36:44.383 [T:0xc7628] [DisplayControl] monitor video_port_model_name = VG2458
2025/11/03 14:36:44.383 [T:0xc7628] [DisplayControl] monitor display_info_sn = YDJ243400006
2025/11/03 14:36:44.383 [T:0xc7628] [DisplayControl] monitor video_port_sn = YDJ243400006
2025/11/03 14:36:44.383 [T:0xc7628] [DisplayControl] model_name_match = 1
2025/11/03 14:36:44.383 [T:0xc7628] [DisplayControl] sn_match = 1
2025/11/03 14:36:44.383 [T:0xc7628] [DisplayControl] video_port is_match = 1
2025/11/03 14:36:44.383 [T:0xc7628] [DisplayControl] index of display_info_vec = 1
2025/11/03 14:36:44.383 [T:0xc7628] [DisplayControl] index of p_lpo_display_info_video_port = 0
2025/11/03 14:36:44.383 [T:0xc7628] [DisplayControl] VideoPortMatchingRule
2025/11/03 14:36:44.383 [T:0xc7628] [DisplayControl] monitor display_info_model_name = VG275
2025/11/03 14:36:44.383 [T:0xc7628] [DisplayControl] monitor video_port_model_name = VG2458
2025/11/03 14:36:44.383 [T:0xc7628] [DisplayControl] monitor display_info_sn = XF6232400003
2025/11/03 14:36:44.383 [T:0xc7628] [DisplayControl] monitor video_port_sn = YDJ243400006
2025/11/03 14:36:44.383 [T:0xc7628] [DisplayControl] model_name_match = 0
2025/11/03 14:36:44.383 [T:0xc7628] [DisplayControl] sn_match = 0
2025/11/03 14:36:44.383 [T:0xc7628] [DisplayControl] video_port is_match = 0
2025/11/03 14:36:44.383 [T:0xc7628] [DisplayControl] index of display_info_vec = 1
2025/11/03 14:36:44.384 [T:0xc7628] [DisplayControl] index of p_lpo_display_info_video_port = 1
2025/11/03 14:36:44.384 [T:0xc7628] [DisplayControl] VideoPortMatchingRule
2025/11/03 14:36:44.384 [T:0xc7628] [DisplayControl] monitor display_info_model_name = VG275
2025/11/03 14:36:44.384 [T:0xc7628] [DisplayControl] monitor video_port_model_name = VG275
2025/11/03 14:36:44.384 [T:0xc7628] [DisplayControl] monitor display_info_sn = XF6232400003
2025/11/03 14:36:44.384 [T:0xc7628] [DisplayControl] monitor video_port_sn = XF6232400003
2025/11/03 14:36:44.384 [T:0xc7628] [DisplayControl] model_name_match = 1
2025/11/03 14:36:44.384 [T:0xc7628] [DisplayControl] sn_match = 1
2025/11/03 14:36:44.384 [T:0xc7628] [DisplayControl] video_port is_match = 1
2025/11/03 14:36:44.384 [T:0xc7628] [DisplayControl] i = 0
2025/11/03 14:36:44.384 [T:0xc7628] [DisplayControl] Enter OperationThread::OperationThread()
2025/11/03 14:36:44.384 [T:0xc7628] [DisplayControl] Enter OperationThread::CreateThread
2025/11/03 14:36:44.384 [T:0xc7628] [DisplayControl] new DisplayFunctioner
2025/11/03 14:36:44.384 [T:0xc7628] [DisplayControl] insert displayer_vector
2025/11/03 14:36:44.384 [T:0xc7628] [DisplayControl] insert modelName_SN_to_Display_map
2025/11/03 14:36:44.384 [T:0xc7628] [DisplayControl] insert device_id_to_Displayer_map_
2025/11/03 14:36:44.384 [T:0xc7628] [DisplayControl] i = 1
2025/11/03 14:36:44.384 [T:0xc7628] [DisplayControl] Enter OperationThread::OperationThread()
2025/11/03 14:36:44.384 [T:0xc7628] [DisplayControl] Enter OperationThread::CreateThread
2025/11/03 14:36:44.384 [T:0xc7628] [DisplayControl] new DisplayFunctioner
2025/11/03 14:36:44.384 [T:0xc7628] [DisplayControl] insert displayer_vector
2025/11/03 14:36:44.384 [T:0xc7628] [DisplayControl] insert modelName_SN_to_Display_map
2025/11/03 14:36:44.385 [T:0xc7628] [DisplayControl] insert device_id_to_Displayer_map_
2025/11/03 14:36:44.385 [T:0xc7628] [DisplayControl] monitor size = 2
2025/11/03 14:36:44.385 [T:0xc7628] [DisplayControl] Exit ObtainControlHandler
2025/11/03 14:36:44.385 [T:0xc7628] [DisplayControl] Enter MCCSOtherSet::GetVCP(), vcp code = 16
2025/11/03 14:36:44.470 [T:0xc7628] [DisplayControl] Exit MCCSOtherSet::GetVCP()
2025/11/03 14:36:44.470 [T:0xc7628] [DisplayControl] Enter MCCSOtherSet::GetVCP(), vcp code = 135
2025/11/03 14:36:44.544 [T:0xc7628] [DisplayControl] Exit MCCSOtherSet::GetVCP()
2025/11/03 14:36:44.649 [T:0xc7628] [DisplayControl] Enter MCCSOtherSet::GetVCP(), vcp code = 16
2025/11/03 14:36:44.730 [T:0xc7628] [DisplayControl] Exit MCCSOtherSet::GetVCP()
2025/11/03 14:36:44.730 [T:0xc7628] [DisplayControl] Enter MCCSOtherSet::GetVCP(), vcp code = 16
2025/11/03 14:36:44.872 [T:0xc7628] [DisplayControl] Exit MCCSOtherSet::GetVCP()
2025/11/03 14:36:44.873 [T:0xc7628] [DisplayControl] Enter MCCSOtherSet::GetVCP(), vcp code = 16
2025/11/03 14:36:45.013 [T:0xc7628] [DisplayControl] Exit MCCSOtherSet::GetVCP()
2025/11/03 14:36:45.019 [T:0xc7628] [DisplayControl] Enter MCCSOtherSet::GetVCP(), vcp code = 16
2025/11/03 14:36:45.154 [T:0xc7628] [DisplayControl] Exit MCCSOtherSet::GetVCP()
2025/11/03 14:36:45.155 [T:0xc7628] [DisplayControl] Enter MCCSOtherSet::GetVCP(), vcp code = 16
2025/11/03 14:36:45.293 [T:0xc7628] [DisplayControl] Exit MCCSOtherSet::GetVCP()
2025/11/03 14:36:45.294 [T:0xc7628] [DisplayControl] Enter MCCSOtherSet::GetVCP(), vcp code = 16
2025/11/03 14:36:45.434 [T:0xc7628] [DisplayControl] Exit MCCSOtherSet::GetVCP()
2025/11/03 14:36:45.434 [T:0xc7628] [DisplayControl] Enter MCCSOtherSet::GetVCP(), vcp code = 16
2025/11/03 14:36:45.574 [T:0xc7628] [DisplayControl] Exit MCCSOtherSet::GetVCP()
2025/11/03 14:36:45.574 [T:0xc7628] [DisplayControl] Enter MCCSOtherSet::GetVCP(), vcp code = 16
2025/11/03 14:36:45.714 [T:0xc7628] [DisplayControl] Exit MCCSOtherSet::GetVCP()
2025/11/03 14:36:45.714 [T:0xc7628] [DisplayControl] Enter MCCSOtherSet::GetVCP(), vcp code = 16
2025/11/03 14:36:45.855 [T:0xc7628] [DisplayControl] Exit MCCSOtherSet::GetVCP()
2025/11/03 14:36:45.855 [T:0xc7628] [DisplayControl] Enter MCCSOtherSet::GetVCP(), vcp code = 16
2025/11/03 14:36:45.995 [T:0xc7628] [DisplayControl] Exit MCCSOtherSet::GetVCP()
2025/11/03 14:36:45.996 [T:0xc7628] [DisplayControl] Enter MCCSOtherSet::GetVCP(), vcp code = 16
2025/11/03 14:36:46.136 [T:0xc7628] [DisplayControl] Exit MCCSOtherSet::GetVCP()
2025/11/03 14:36:46.137 [T:0xc7628] [DisplayControl] Enter MCCSOtherSet::GetVCP(), vcp code = 16
2025/11/03 14:36:46.278 [T:0xc7628] [DisplayControl] Exit MCCSOtherSet::GetVCP()
2025/11/03 14:36:46.278 [T:0xc7628] [DisplayControl] Enter MCCSOtherSet::GetVCP(), vcp code = 16
2025/11/03 14:36:46.421 [T:0xc7628] [DisplayControl] Exit MCCSOtherSet::GetVCP()
2025/11/03 14:36:46.422 [T:0xc7628] [DisplayControl] Enter MCCSOtherSet::GetVCP(), vcp code = 16
2025/11/03 14:36:46.561 [T:0xc7628] [DisplayControl] Exit MCCSOtherSet::GetVCP()
2025/11/03 14:36:46.561 [T:0xc7628] [DisplayControl] Enter MCCSOtherSet::GetVCP(), vcp code = 16
2025/11/03 14:36:46.702 [T:0xc7628] [DisplayControl] Exit MCCSOtherSet::GetVCP()
2025/11/03 14:36:46.703 [T:0xc7628] [DisplayControl] Enter MCCSOtherSet::GetVCP(), vcp code = 16
2025/11/03 14:36:46.842 [T:0xc7628] [DisplayControl] Exit MCCSOtherSet::GetVCP()
2025/11/03 14:36:46.843 [T:0xc7628] [DisplayControl] Enter MCCSOtherSet::GetVCP(), vcp code = 16
2025/11/03 14:36:46.982 [T:0xc7628] [DisplayControl] Exit MCCSOtherSet::GetVCP()
2025/11/03 14:36:46.982 [T:0xc7628] [DisplayControl] Enter MCCSOtherSet::GetVCP(), vcp code = 16
2025/11/03 14:36:47.124 [T:0xc7628] [DisplayControl] Exit MCCSOtherSet::GetVCP()
2025/11/03 14:36:47.124 [T:0xc7628] [DisplayControl] Enter MCCSOtherSet::GetVCP(), vcp code = 16
2025/11/03 14:36:47.266 [T:0xc7628] [DisplayControl] Exit MCCSOtherSet::GetVCP()
2025/11/03 14:36:47.267 [T:0xc7628] [DisplayControl] Enter MCCSOtherSet::GetVCP(), vcp code = 16
2025/11/03 14:36:47.407 [T:0xc7628] [DisplayControl] Exit MCCSOtherSet::GetVCP()
2025/11/03 14:36:47.408 [T:0xc7628] [DisplayControl] Enter MCCSOtherSet::GetVCP(), vcp code = 16
2025/11/03 14:36:47.548 [T:0xc7628] [DisplayControl] Exit MCCSOtherSet::GetVCP()
2025/11/03 14:36:47.548 [T:0xc7628] [DisplayControl] Enter MCCSOtherSet::GetVCP(), vcp code = 16
2025/11/03 14:36:47.687 [T:0xc7628] [DisplayControl] Exit MCCSOtherSet::GetVCP()
2025/11/03 14:36:47.687 [T:0xc7628] [DisplayControl] Enter MCCSOtherSet::GetVCP(), vcp code = 16
2025/11/03 14:36:47.827 [T:0xc7628] [DisplayControl] Exit MCCSOtherSet::GetVCP()
2025/11/03 14:36:47.828 [T:0xc7628] [DisplayControl] Enter MCCSOtherSet::GetVCP(), vcp code = 16
2025/11/03 14:36:47.966 [T:0xc7628] [DisplayControl] Exit MCCSOtherSet::GetVCP()
2025/11/03 14:36:47.966 [T:0xc7628] [DisplayControl] Enter MCCSOtherSet::GetVCP(), vcp code = 16
2025/11/03 14:36:48.107 [T:0xc7628] [DisplayControl] Exit MCCSOtherSet::GetVCP()
2025/11/03 14:36:48.107 [T:0xc7628] [DisplayControl] Enter MCCSOtherSet::GetVCP(), vcp code = 16
2025/11/03 14:36:48.247 [T:0xc7628] [DisplayControl] Exit MCCSOtherSet::GetVCP()
2025/11/03 14:36:48.247 [T:0xc7628] [DisplayControl] Enter MCCSOtherSet::GetVCP(), vcp code = 16
2025/11/03 14:36:48.388 [T:0xc7628] [DisplayControl] Exit MCCSOtherSet::GetVCP()
2025/11/03 14:36:48.388 [T:0xc7628] [DisplayControl] Enter MCCSOtherSet::GetVCP(), vcp code = 16
2025/11/03 14:36:48.526 [T:0xc7628] [DisplayControl] Exit MCCSOtherSet::GetVCP()
2025/11/03 14:36:48.527 [T:0xc7628] [DisplayControl] Enter MCCSOtherSet::GetVCP(), vcp code = 16
2025/11/03 14:36:48.666 [T:0xc7628] [DisplayControl] Exit MCCSOtherSet::GetVCP()
2025/11/03 14:36:48.666 [T:0xc7628] [DisplayControl] Enter MCCSOtherSet::GetVCP(), vcp code = 16
2025/11/03 14:36:48.808 [T:0xc7628] [DisplayControl] Exit MCCSOtherSet::GetVCP()
2025/11/03 14:36:48.808 [T:0xc7628] [DisplayControl] Enter MCCSOtherSet::GetVCP(), vcp code = 16
2025/11/03 14:36:48.949 [T:0xc7628] [DisplayControl] Exit MCCSOtherSet::GetVCP()
2025/11/03 14:36:48.949 [T:0xc7628] [DisplayControl] Enter MCCSOtherSet::GetVCP(), vcp code = 16
2025/11/03 14:36:49.090 [T:0xc7628] [DisplayControl] Exit MCCSOtherSet::GetVCP()
2025/11/03 14:36:49.090 [T:0xc7628] [DisplayControl] Enter MCCSOtherSet::GetVCP(), vcp code = 16
2025/11/03 14:36:49.230 [T:0xc7628] [DisplayControl] Exit MCCSOtherSet::GetVCP()
2025/11/03 14:36:49.231 [T:0xc7628] [DisplayControl] Enter MCCSOtherSet::GetVCP(), vcp code = 16
2025/11/03 14:36:49.370 [T:0xc7628] [DisplayControl] Exit MCCSOtherSet::GetVCP()
2025/11/03 14:36:49.370 [T:0xc7628] [DisplayControl] Enter MCCSOtherSet::GetVCP(), vcp code = 16
2025/11/03 14:36:49.510 [T:0xc7628] [DisplayControl] Exit MCCSOtherSet::GetVCP()
2025/11/03 14:36:49.511 [T:0xc7628] [DisplayControl] Enter MCCSOtherSet::GetVCP(), vcp code = 16
2025/11/03 14:36:49.652 [T:0xc7628] [DisplayControl] Exit MCCSOtherSet::GetVCP()
2025/11/03 14:36:49.759 [T:0xc7628] [DisplayControl] Enter MCCSOtherSet::GetVCP(), vcp code = 43
2025/11/03 14:36:49.840 [T:0xc7628] [DisplayControl] Exit MCCSOtherSet::GetVCP()
2025/11/03 14:36:49.947 [T:0xc7628] [DisplayControl] Enter MCCSOtherSet::GetVCP(), vcp code = 225
2025/11/03 14:36:50.029 [T:0xc7628] [DisplayControl] Exit MCCSOtherSet::GetVCP()
2025/11/03 14:36:50.134 [T:0xc7628] [DisplayControl] Enter MCCSOtherSet::GetVCP(), vcp code = 245
2025/11/03 14:36:50.215 [T:0xc7628] [DisplayControl] Exit MCCSOtherSet::GetVCP()
2025/11/03 14:36:50.321 [T:0xc7628] [DisplayControl] Enter MCCSOtherSet::GetVCP(), vcp code = 97
2025/11/03 14:36:50.402 [T:0xc7628] [DisplayControl] Exit MCCSOtherSet::GetVCP()
2025/11/03 14:36:50.509 [T:0xc7628] [DisplayControl] Enter MCCSOtherSet::GetVCP(), vcp code = 96
2025/11/03 14:36:50.590 [T:0xc7628] [DisplayControl] Exit MCCSOtherSet::GetVCP()
2025/11/03 14:36:50.696 [T:0xc7628] [DisplayControl] Enter MCCSOtherSet::GetVCP(), vcp code = 98
2025/11/03 14:36:50.779 [T:0xc7628] [DisplayControl] Exit MCCSOtherSet::GetVCP()
2025/11/03 14:36:50.885 [T:0xc7628] [DisplayControl] Enter MCCSOtherSet::GetVCP(), vcp code = 18
2025/11/03 14:36:50.966 [T:0xc7628] [DisplayControl] Exit MCCSOtherSet::GetVCP()
2025/11/03 14:36:50.966 [T:0xc7628] [DisplayControl] Enter MCCSOtherSet::GetVCP(), vcp code = 18
2025/11/03 14:36:51.107 [T:0xc7628] [DisplayControl] Exit MCCSOtherSet::GetVCP()
2025/11/03 14:36:51.108 [T:0xc7628] [DisplayControl] Enter MCCSOtherSet::GetVCP(), vcp code = 18
2025/11/03 14:36:51.245 [T:0xc7628] [DisplayControl] Exit MCCSOtherSet::GetVCP()
2025/11/03 14:36:51.246 [T:0xc7628] [DisplayControl] Enter MCCSOtherSet::GetVCP(), vcp code = 18
2025/11/03 14:36:51.384 [T:0xc7628] [DisplayControl] Exit MCCSOtherSet::GetVCP()
2025/11/03 14:36:51.385 [T:0xc7628] [DisplayControl] Enter MCCSOtherSet::GetVCP(), vcp code = 18
2025/11/03 14:36:51.525 [T:0xc7628] [DisplayControl] Exit MCCSOtherSet::GetVCP()
2025/11/03 14:36:51.526 [T:0xc7628] [DisplayControl] Enter MCCSOtherSet::GetVCP(), vcp code = 18
2025/11/03 14:36:51.666 [T:0xc7628] [DisplayControl] Exit MCCSOtherSet::GetVCP()
2025/11/03 14:36:51.666 [T:0xc7628] [DisplayControl] Enter MCCSOtherSet::GetVCP(), vcp code = 18
2025/11/03 14:36:51.808 [T:0xc7628] [DisplayControl] Exit MCCSOtherSet::GetVCP()
2025/11/03 14:36:51.808 [T:0xc7628] [DisplayControl] Enter MCCSOtherSet::GetVCP(), vcp code = 18
2025/11/03 14:36:51.948 [T:0xc7628] [DisplayControl] Exit MCCSOtherSet::GetVCP()
2025/11/03 14:36:51.948 [T:0xc7628] [DisplayControl] Enter MCCSOtherSet::GetVCP(), vcp code = 18
2025/11/03 14:36:52.087 [T:0xc7628] [DisplayControl] Exit MCCSOtherSet::GetVCP()
2025/11/03 14:36:52.087 [T:0xc7628] [DisplayControl] Enter MCCSOtherSet::GetVCP(), vcp code = 18
2025/11/03 14:36:52.227 [T:0xc7628] [DisplayControl] Exit MCCSOtherSet::GetVCP()
2025/11/03 14:36:52.227 [T:0xc7628] [DisplayControl] Enter MCCSOtherSet::GetVCP(), vcp code = 18
2025/11/03 14:36:52.369 [T:0xc7628] [DisplayControl] Exit MCCSOtherSet::GetVCP()
2025/11/03 14:36:52.370 [T:0xc7628] [DisplayControl] Enter MCCSOtherSet::GetVCP(), vcp code = 18
2025/11/03 14:36:52.509 [T:0xc7628] [DisplayControl] Exit MCCSOtherSet::GetVCP()
2025/11/03 14:36:52.510 [T:0xc7628] [DisplayControl] Enter MCCSOtherSet::GetVCP(), vcp code = 18
2025/11/03 14:36:52.650 [T:0xc7628] [DisplayControl] Exit MCCSOtherSet::GetVCP()
2025/11/03 14:36:52.650 [T:0xc7628] [DisplayControl] Enter MCCSOtherSet::GetVCP(), vcp code = 18
2025/11/03 14:36:52.790 [T:0xc7628] [DisplayControl] Exit MCCSOtherSet::GetVCP()
2025/11/03 14:36:52.791 [T:0xc7628] [DisplayControl] Enter MCCSOtherSet::GetVCP(), vcp code = 18
2025/11/03 14:36:52.933 [T:0xc7628] [DisplayControl] Exit MCCSOtherSet::GetVCP()
2025/11/03 14:36:52.933 [T:0xc7628] [DisplayControl] Enter MCCSOtherSet::GetVCP(), vcp code = 18
2025/11/03 14:36:53.073 [T:0xc7628] [DisplayControl] Exit MCCSOtherSet::GetVCP()
2025/11/03 14:36:53.074 [T:0xc7628] [DisplayControl] Enter MCCSOtherSet::GetVCP(), vcp code = 18
2025/11/03 14:36:53.214 [T:0xc7628] [DisplayControl] Exit MCCSOtherSet::GetVCP()
2025/11/03 14:36:53.215 [T:0xc7628] [DisplayControl] Enter MCCSOtherSet::GetVCP(), vcp code = 18
2025/11/03 14:36:53.354 [T:0xc7628] [DisplayControl] Exit MCCSOtherSet::GetVCP()
2025/11/03 14:36:53.354 [T:0xc7628] [DisplayControl] Enter MCCSOtherSet::GetVCP(), vcp code = 18
2025/11/03 14:36:53.495 [T:0xc7628] [DisplayControl] Exit MCCSOtherSet::GetVCP()
2025/11/03 14:36:53.495 [T:0xc7628] [DisplayControl] Enter MCCSOtherSet::GetVCP(), vcp code = 18
2025/11/03 14:36:53.637 [T:0xc7628] [DisplayControl] Exit MCCSOtherSet::GetVCP()
2025/11/03 14:36:53.637 [T:0xc7628] [DisplayControl] Enter MCCSOtherSet::GetVCP(), vcp code = 18
2025/11/03 14:36:53.778 [T:0xc7628] [DisplayControl] Exit MCCSOtherSet::GetVCP()
2025/11/03 14:36:53.778 [T:0xc7628] [DisplayControl] Enter MCCSOtherSet::GetVCP(), vcp code = 18
2025/11/03 14:36:53.919 [T:0xc7628] [DisplayControl] Exit MCCSOtherSet::GetVCP()
2025/11/03 14:36:53.920 [T:0xc7628] [DisplayControl] Enter MCCSOtherSet::GetVCP(), vcp code = 18
2025/11/03 14:36:54.062 [T:0xc7628] [DisplayControl] Exit MCCSOtherSet::GetVCP()
2025/11/03 14:36:54.063 [T:0xc7628] [DisplayControl] Enter MCCSOtherSet::GetVCP(), vcp code = 18
2025/11/03 14:36:54.202 [T:0xc7628] [DisplayControl] Exit MCCSOtherSet::GetVCP()
2025/11/03 14:36:54.203 [T:0xc7628] [DisplayControl] Enter MCCSOtherSet::GetVCP(), vcp code = 18
2025/11/03 14:36:54.344 [T:0xc7628] [DisplayControl] Exit MCCSOtherSet::GetVCP()
2025/11/03 14:36:54.344 [T:0xc7628] [DisplayControl] Enter MCCSOtherSet::GetVCP(), vcp code = 18
2025/11/03 14:36:54.485 [T:0xc7628] [DisplayControl] Exit MCCSOtherSet::GetVCP()
2025/11/03 14:36:54.486 [T:0xc7628] [DisplayControl] Enter MCCSOtherSet::GetVCP(), vcp code = 18
2025/11/03 14:36:54.628 [T:0xc7628] [DisplayControl] Exit MCCSOtherSet::GetVCP()
2025/11/03 14:36:54.628 [T:0xc7628] [DisplayControl] Enter MCCSOtherSet::GetVCP(), vcp code = 18
2025/11/03 14:36:54.770 [T:0xc7628] [DisplayControl] Exit MCCSOtherSet::GetVCP()
2025/11/03 14:36:54.770 [T:0xc7628] [DisplayControl] Enter MCCSOtherSet::GetVCP(), vcp code = 18
2025/11/03 14:36:54.911 [T:0xc7628] [DisplayControl] Exit MCCSOtherSet::GetVCP()
2025/11/03 14:36:54.912 [T:0xc7628] [DisplayControl] Enter MCCSOtherSet::GetVCP(), vcp code = 18
2025/11/03 14:36:55.052 [T:0xc7628] [DisplayControl] Exit MCCSOtherSet::GetVCP()
2025/11/03 14:36:55.052 [T:0xc7628] [DisplayControl] Enter MCCSOtherSet::GetVCP(), vcp code = 18
2025/11/03 14:36:55.194 [T:0xc7628] [DisplayControl] Exit MCCSOtherSet::GetVCP()
2025/11/03 14:36:55.194 [T:0xc7628] [DisplayControl] Enter MCCSOtherSet::GetVCP(), vcp code = 18
2025/11/03 14:36:55.334 [T:0xc7628] [DisplayControl] Exit MCCSOtherSet::GetVCP()
2025/11/03 14:36:55.334 [T:0xc7628] [DisplayControl] Enter MCCSOtherSet::GetVCP(), vcp code = 18
2025/11/03 14:36:55.475 [T:0xc7628] [DisplayControl] Exit MCCSOtherSet::GetVCP()
2025/11/03 14:36:55.475 [T:0xc7628] [DisplayControl] Enter MCCSOtherSet::GetVCP(), vcp code = 18
2025/11/03 14:36:55.616 [T:0xc7628] [DisplayControl] Exit MCCSOtherSet::GetVCP()
2025/11/03 14:36:55.616 [T:0xc7628] [DisplayControl] Enter MCCSOtherSet::GetVCP(), vcp code = 18
2025/11/03 14:36:55.758 [T:0xc7628] [DisplayControl] Exit MCCSOtherSet::GetVCP()
2025/11/03 14:36:55.759 [T:0xc7628] [DisplayControl] Enter MCCSOtherSet::GetVCP(), vcp code = 18
2025/11/03 14:36:55.900 [T:0xc7628] [DisplayControl] Exit MCCSOtherSet::GetVCP()
2025/11/03 14:36:56.007 [T:0xc7628] [DisplayControl] Enter MCCSOtherSet::GetVCP(), vcp code = 4
2025/11/03 14:36:56.089 [T:0xc7628] [DisplayControl] Exit MCCSOtherSet::GetVCP()
2025/11/03 14:36:56.197 [T:0xc7628] [DisplayControl] Enter MCCSOtherSet::GetVCP(), vcp code = 20
2025/11/03 14:36:56.278 [T:0xc7628] [DisplayControl] Exit MCCSOtherSet::GetVCP()
2025/11/03 14:36:56.385 [T:0xc7628] [DisplayControl] Enter MCCSOtherSet::GetVCP(), vcp code = 220
2025/11/03 14:36:56.466 [T:0xc7628] [DisplayControl] Exit MCCSOtherSet::GetVCP()
2025/11/03 14:36:56.573 [T:0xc7628] [DisplayControl] Enter MCCSOtherSet::GetVCP(), vcp code = 141
2025/11/03 14:36:56.653 [T:0xc7628] [DisplayControl] Exit MCCSOtherSet::GetVCP()
2025/11/03 14:36:56.759 [T:0xc7628] [DisplayControl] Enter MCCSOtherSet::GetVCP(), vcp code = 51
2025/11/03 14:36:56.840 [T:0xc7628] [DisplayControl] Exit MCCSOtherSet::GetVCP()
2025/11/03 14:36:56.950 [T:0xc7628] [DisplayControl] Enter MCCSOtherSet::GetVCP(), vcp code = 135
2025/11/03 14:36:57.035 [T:0xc7628] [DisplayControl] Exit MCCSOtherSet::GetVCP()
2025/11/03 14:36:57.137 [T:0xc7628] [DisplayControl] Enter MCCSOtherSet::GetVCP(), vcp code = 16
2025/11/03 14:36:57.223 [T:0xc7628] [DisplayControl] Exit MCCSOtherSet::GetVCP()
2025/11/03 14:36:57.325 [T:0xc7628] [DisplayControl] Enter MCCSOtherSet::GetVCP(), vcp code = 43
2025/11/03 14:36:57.411 [T:0xc7628] [DisplayControl] Exit MCCSOtherSet::GetVCP()
2025/11/03 14:36:57.514 [T:0xc7628] [DisplayControl] Enter MCCSOtherSet::GetVCP(), vcp code = 225
2025/11/03 14:36:57.599 [T:0xc7628] [DisplayControl] Exit MCCSOtherSet::GetVCP()
2025/11/03 14:36:57.702 [T:0xc7628] [DisplayControl] Enter MCCSOtherSet::GetVCP(), vcp code = 97
2025/11/03 14:36:57.787 [T:0xc7628] [DisplayControl] Exit MCCSOtherSet::GetVCP()
2025/11/03 14:36:57.890 [T:0xc7628] [DisplayControl] Enter MCCSOtherSet::GetVCP(), vcp code = 96
2025/11/03 14:36:57.977 [T:0xc7628] [DisplayControl] Exit MCCSOtherSet::GetVCP()
2025/11/03 14:36:58.079 [T:0xc7628] [DisplayControl] Enter MCCSOtherSet::GetVCP(), vcp code = 98
2025/11/03 14:36:58.164 [T:0xc7628] [DisplayControl] Exit MCCSOtherSet::GetVCP()
2025/11/03 14:36:58.266 [T:0xc7628] [DisplayControl] Enter MCCSOtherSet::GetVCP(), vcp code = 18
2025/11/03 14:36:58.350 [T:0xc7628] [DisplayControl] Exit MCCSOtherSet::GetVCP()
2025/11/03 14:36:58.454 [T:0xc7628] [DisplayControl] Enter MCCSOtherSet::GetVCP(), vcp code = 4
2025/11/03 14:36:58.540 [T:0xc7628] [DisplayControl] Exit MCCSOtherSet::GetVCP()
2025/11/03 14:36:58.642 [T:0xc7628] [DisplayControl] Enter MCCSOtherSet::GetVCP(), vcp code = 236
2025/11/03 14:36:58.744 [T:0xc7628] [DisplayControl] Exit MCCSOtherSet::GetVCP()
2025/11/03 14:36:58.846 [T:0xc7628] [DisplayControl] Enter MCCSOtherSet::GetVCP(), vcp code = 220
2025/11/03 14:36:58.932 [T:0xc7628] [DisplayControl] Exit MCCSOtherSet::GetVCP()
2025/11/03 14:36:59.035 [T:0xc7628] [DisplayControl] Enter MCCSOtherSet::GetVCP(), vcp code = 141
2025/11/03 14:36:59.120 [T:0xc7628] [DisplayControl] Exit MCCSOtherSet::GetVCP()
2025/11/03 14:36:59.223 [T:0xc7628] [DisplayControl] Enter MCCSOtherSet::GetVCP(), vcp code = 226
2025/11/03 14:36:59.308 [T:0xc7628] [DisplayControl] Exit MCCSOtherSet::GetVCP()
2025/11/03 14:36:59.410 [T:0xc7628] [DisplayControl] Enter MCCSOtherSet::GetVCP(), vcp code = 51
2025/11/03 14:36:59.496 [T:0xc7628] [DisplayControl] Exit MCCSOtherSet::GetVCP()
2025/11/03 14:37:48.315 [T:0xe57e4] [DisplayControl] Enter MCCSOtherSet::GetVCP(), vcp code = 96
2025/11/03 14:37:48.420 [T:0xe57e4] [DisplayControl] Exit MCCSOtherSet::GetVCP()
2025/11/03 14:37:48.632 [T:0x5cc41] [DisplayControl] Enter MCCSOtherSet::GetVCP(), vcp code = 135
2025/11/03 14:37:48.724 [T:0x5cc41] [DisplayControl] Exit MCCSOtherSet::GetVCP()
2025/11/03 14:37:48.825 [T:0x5cc41] [DisplayControl] Enter MCCSOtherSet::GetVCP(), vcp code = 16
2025/11/03 14:37:48.910 [T:0x5cc41] [DisplayControl] Exit MCCSOtherSet::GetVCP()
2025/11/03 14:37:48.910 [T:0x5cc41] [DisplayControl] Enter MCCSOtherSet::GetVCP(), vcp code = 16
2025/11/03 14:37:49.052 [T:0x5cc41] [DisplayControl] Exit MCCSOtherSet::GetVCP()
2025/11/03 14:37:49.053 [T:0x5cc41] [DisplayControl] Enter MCCSOtherSet::GetVCP(), vcp code = 16
2025/11/03 14:37:49.192 [T:0x5cc41] [DisplayControl] Exit MCCSOtherSet::GetVCP()
2025/11/03 14:37:49.193 [T:0x5cc41] [DisplayControl] Enter MCCSOtherSet::GetVCP(), vcp code = 16
2025/11/03 14:37:49.333 [T:0x5cc41] [DisplayControl] Exit MCCSOtherSet::GetVCP()
2025/11/03 14:37:49.334 [T:0x5cc41] [DisplayControl] Enter MCCSOtherSet::GetVCP(), vcp code = 16
2025/11/03 14:37:49.476 [T:0x5cc41] [DisplayControl] Exit MCCSOtherSet::GetVCP()
2025/11/03 14:37:49.476 [T:0x5cc41] [DisplayControl] Enter MCCSOtherSet::GetVCP(), vcp code = 16
2025/11/03 14:37:49.618 [T:0x5cc41] [DisplayControl] Exit MCCSOtherSet::GetVCP()
2025/11/03 14:37:49.618 [T:0x5cc41] [DisplayControl] Enter MCCSOtherSet::GetVCP(), vcp code = 16
2025/11/03 14:37:49.758 [T:0x5cc41] [DisplayControl] Exit MCCSOtherSet::GetVCP()
2025/11/03 14:37:49.759 [T:0x5cc41] [DisplayControl] Enter MCCSOtherSet::GetVCP(), vcp code = 16
2025/11/03 14:37:49.900 [T:0x5cc41] [DisplayControl] Exit MCCSOtherSet::GetVCP()
2025/11/03 14:37:49.900 [T:0x5cc41] [DisplayControl] Enter MCCSOtherSet::GetVCP(), vcp code = 16
2025/11/03 14:37:50.042 [T:0x5cc41] [DisplayControl] Exit MCCSOtherSet::GetVCP()
2025/11/03 14:37:50.043 [T:0x5cc41] [DisplayControl] Enter MCCSOtherSet::GetVCP(), vcp code = 16
2025/11/03 14:37:50.185 [T:0x5cc41] [DisplayControl] Exit MCCSOtherSet::GetVCP()
2025/11/03 14:37:50.185 [T:0x5cc41] [DisplayControl] Enter MCCSOtherSet::GetVCP(), vcp code = 16
2025/11/03 14:37:50.327 [T:0x5cc41] [DisplayControl] Exit MCCSOtherSet::GetVCP()
2025/11/03 14:37:50.327 [T:0x5cc41] [DisplayControl] Enter MCCSOtherSet::GetVCP(), vcp code = 16
2025/11/03 14:37:50.469 [T:0x5cc41] [DisplayControl] Exit MCCSOtherSet::GetVCP()
2025/11/03 14:37:50.469 [T:0x5cc41] [DisplayControl] Enter MCCSOtherSet::GetVCP(), vcp code = 16
2025/11/03 14:37:50.609 [T:0x5cc41] [DisplayControl] Exit MCCSOtherSet::GetVCP()
2025/11/03 14:37:50.610 [T:0x5cc41] [DisplayControl] Enter MCCSOtherSet::GetVCP(), vcp code = 16
2025/11/03 14:37:50.750 [T:0x5cc41] [DisplayControl] Exit MCCSOtherSet::GetVCP()
2025/11/03 14:37:50.750 [T:0x5cc41] [DisplayControl] Enter MCCSOtherSet::GetVCP(), vcp code = 16
2025/11/03 14:37:50.890 [T:0x5cc41] [DisplayControl] Exit MCCSOtherSet::GetVCP()
2025/11/03 14:37:50.891 [T:0x5cc41] [DisplayControl] Enter MCCSOtherSet::GetVCP(), vcp code = 16
2025/11/03 14:37:51.033 [T:0x5cc41] [DisplayControl] Exit MCCSOtherSet::GetVCP()
2025/11/03 14:37:51.033 [T:0x5cc41] [DisplayControl] Enter MCCSOtherSet::GetVCP(), vcp code = 16
2025/11/03 14:37:51.174 [T:0x5cc41] [DisplayControl] Exit MCCSOtherSet::GetVCP()
2025/11/03 14:37:51.175 [T:0x5cc41] [DisplayControl] Enter MCCSOtherSet::GetVCP(), vcp code = 16
2025/11/03 14:37:51.316 [T:0x5cc41] [DisplayControl] Exit MCCSOtherSet::GetVCP()
2025/11/03 14:37:51.316 [T:0x5cc41] [DisplayControl] Enter MCCSOtherSet::GetVCP(), vcp code = 16
2025/11/03 14:37:51.457 [T:0x5cc41] [DisplayControl] Exit MCCSOtherSet::GetVCP()
2025/11/03 14:37:51.458 [T:0x5cc41] [DisplayControl] Enter MCCSOtherSet::GetVCP(), vcp code = 16
2025/11/03 14:37:51.598 [T:0x5cc41] [DisplayControl] Exit MCCSOtherSet::GetVCP()
2025/11/03 14:37:51.599 [T:0x5cc41] [DisplayControl] Enter MCCSOtherSet::GetVCP(), vcp code = 16
2025/11/03 14:37:51.739 [T:0x5cc41] [DisplayControl] Exit MCCSOtherSet::GetVCP()
2025/11/03 14:37:51.740 [T:0x5cc41] [DisplayControl] Enter MCCSOtherSet::GetVCP(), vcp code = 16
2025/11/03 14:37:51.880 [T:0x5cc41] [DisplayControl] Exit MCCSOtherSet::GetVCP()
2025/11/03 14:37:51.880 [T:0x5cc41] [DisplayControl] Enter MCCSOtherSet::GetVCP(), vcp code = 16
2025/11/03 14:37:52.021 [T:0x5cc41] [DisplayControl] Exit MCCSOtherSet::GetVCP()
2025/11/03 14:37:52.021 [T:0x5cc41] [DisplayControl] Enter MCCSOtherSet::GetVCP(), vcp code = 16
2025/11/03 14:37:52.162 [T:0x5cc41] [DisplayControl] Exit MCCSOtherSet::GetVCP()
2025/11/03 14:37:52.163 [T:0x5cc41] [DisplayControl] Enter MCCSOtherSet::GetVCP(), vcp code = 16
2025/11/03 14:37:52.302 [T:0x5cc41] [DisplayControl] Exit MCCSOtherSet::GetVCP()
2025/11/03 14:37:52.302 [T:0x5cc41] [DisplayControl] Enter MCCSOtherSet::GetVCP(), vcp code = 16
2025/11/03 14:37:52.443 [T:0x5cc41] [DisplayControl] Exit MCCSOtherSet::GetVCP()
2025/11/03 14:37:52.443 [T:0x5cc41] [DisplayControl] Enter MCCSOtherSet::GetVCP(), vcp code = 16
2025/11/03 14:37:52.583 [T:0x5cc41] [DisplayControl] Exit MCCSOtherSet::GetVCP()
2025/11/03 14:37:52.583 [T:0x5cc41] [DisplayControl] Enter MCCSOtherSet::GetVCP(), vcp code = 16
2025/11/03 14:37:52.725 [T:0x5cc41] [DisplayControl] Exit MCCSOtherSet::GetVCP()
2025/11/03 14:37:52.726 [T:0x5cc41] [DisplayControl] Enter MCCSOtherSet::GetVCP(), vcp code = 16
2025/11/03 14:37:52.865 [T:0x5cc41] [DisplayControl] Exit MCCSOtherSet::GetVCP()
2025/11/03 14:37:52.866 [T:0x5cc41] [DisplayControl] Enter MCCSOtherSet::GetVCP(), vcp code = 16
2025/11/03 14:37:53.009 [T:0x5cc41] [DisplayControl] Exit MCCSOtherSet::GetVCP()
2025/11/03 14:37:53.009 [T:0x5cc41] [DisplayControl] Enter MCCSOtherSet::GetVCP(), vcp code = 16
2025/11/03 14:37:53.150 [T:0x5cc41] [DisplayControl] Exit MCCSOtherSet::GetVCP()
2025/11/03 14:37:53.150 [T:0x5cc41] [DisplayControl] Enter MCCSOtherSet::GetVCP(), vcp code = 16
2025/11/03 14:37:53.291 [T:0x5cc41] [DisplayControl] Exit MCCSOtherSet::GetVCP()
2025/11/03 14:37:53.291 [T:0x5cc41] [DisplayControl] Enter MCCSOtherSet::GetVCP(), vcp code = 16
2025/11/03 14:37:53.431 [T:0x5cc41] [DisplayControl] Exit MCCSOtherSet::GetVCP()
2025/11/03 14:37:53.431 [T:0x5cc41] [DisplayControl] Enter MCCSOtherSet::GetVCP(), vcp code = 16
2025/11/03 14:37:53.571 [T:0x5cc41] [DisplayControl] Exit MCCSOtherSet::GetVCP()
2025/11/03 14:37:53.571 [T:0x5cc41] [DisplayControl] Enter MCCSOtherSet::GetVCP(), vcp code = 16
2025/11/03 14:37:53.711 [T:0x5cc41] [DisplayControl] Exit MCCSOtherSet::GetVCP()
2025/11/03 14:37:53.712 [T:0x5cc41] [DisplayControl] Enter MCCSOtherSet::GetVCP(), vcp code = 16
2025/11/03 14:37:53.853 [T:0x5cc41] [DisplayControl] Exit MCCSOtherSet::GetVCP()
2025/11/03 14:37:53.958 [T:0x5cc41] [DisplayControl] Enter MCCSOtherSet::GetVCP(), vcp code = 43
2025/11/03 14:37:54.039 [T:0x5cc41] [DisplayControl] Exit MCCSOtherSet::GetVCP()
2025/11/03 14:37:54.145 [T:0x5cc41] [DisplayControl] Enter MCCSOtherSet::GetVCP(), vcp code = 225
2025/11/03 14:37:54.227 [T:0x5cc41] [DisplayControl] Exit MCCSOtherSet::GetVCP()
2025/11/03 14:37:54.335 [T:0x5cc41] [DisplayControl] Enter MCCSOtherSet::GetVCP(), vcp code = 245
2025/11/03 14:37:54.415 [T:0x5cc41] [DisplayControl] Exit MCCSOtherSet::GetVCP()
2025/11/03 14:37:54.523 [T:0x5cc41] [DisplayControl] Enter MCCSOtherSet::GetVCP(), vcp code = 97
2025/11/03 14:37:54.603 [T:0x5cc41] [DisplayControl] Exit MCCSOtherSet::GetVCP()
2025/11/03 14:37:54.709 [T:0x5cc41] [DisplayControl] Enter MCCSOtherSet::GetVCP(), vcp code = 96
2025/11/03 14:37:54.791 [T:0x5cc41] [DisplayControl] Exit MCCSOtherSet::GetVCP()
2025/11/03 14:37:54.899 [T:0x5cc41] [DisplayControl] Enter MCCSOtherSet::GetVCP(), vcp code = 98
2025/11/03 14:37:54.979 [T:0x5cc41] [DisplayControl] Exit MCCSOtherSet::GetVCP()
2025/11/03 14:37:55.086 [T:0x5cc41] [DisplayControl] Enter MCCSOtherSet::GetVCP(), vcp code = 18
2025/11/03 14:37:55.166 [T:0x5cc41] [DisplayControl] Exit MCCSOtherSet::GetVCP()
2025/11/03 14:37:55.167 [T:0x5cc41] [DisplayControl] Enter MCCSOtherSet::GetVCP(), vcp code = 18
2025/11/03 14:37:55.308 [T:0x5cc41] [DisplayControl] Exit MCCSOtherSet::GetVCP()
2025/11/03 14:37:55.308 [T:0x5cc41] [DisplayControl] Enter MCCSOtherSet::GetVCP(), vcp code = 18
2025/11/03 14:37:55.446 [T:0x5cc41] [DisplayControl] Exit MCCSOtherSet::GetVCP()
2025/11/03 14:37:55.446 [T:0x5cc41] [DisplayControl] Enter MCCSOtherSet::GetVCP(), vcp code = 18
2025/11/03 14:37:55.586 [T:0x5cc41] [DisplayControl] Exit MCCSOtherSet::GetVCP()
2025/11/03 14:37:55.586 [T:0x5cc41] [DisplayControl] Enter MCCSOtherSet::GetVCP(), vcp code = 18
2025/11/03 14:37:55.727 [T:0x5cc41] [DisplayControl] Exit MCCSOtherSet::GetVCP()
2025/11/03 14:37:55.728 [T:0x5cc41] [DisplayControl] Enter MCCSOtherSet::GetVCP(), vcp code = 18
2025/11/03 14:37:55.868 [T:0x5cc41] [DisplayControl] Exit MCCSOtherSet::GetVCP()
2025/11/03 14:37:55.868 [T:0x5cc41] [DisplayControl] Enter MCCSOtherSet::GetVCP(), vcp code = 18
2025/11/03 14:37:56.008 [T:0x5cc41] [DisplayControl] Exit MCCSOtherSet::GetVCP()
2025/11/03 14:37:56.008 [T:0x5cc41] [DisplayControl] Enter MCCSOtherSet::GetVCP(), vcp code = 18
2025/11/03 14:37:56.148 [T:0x5cc41] [DisplayControl] Exit MCCSOtherSet::GetVCP()
2025/11/03 14:37:56.148 [T:0x5cc41] [DisplayControl] Enter MCCSOtherSet::GetVCP(), vcp code = 18
2025/11/03 14:37:56.289 [T:0x5cc41] [DisplayControl] Exit MCCSOtherSet::GetVCP()
2025/11/03 14:37:56.290 [T:0x5cc41] [DisplayControl] Enter MCCSOtherSet::GetVCP(), vcp code = 18
2025/11/03 14:37:56.431 [T:0x5cc41] [DisplayControl] Exit MCCSOtherSet::GetVCP()
2025/11/03 14:37:56.432 [T:0x5cc41] [DisplayControl] Enter MCCSOtherSet::GetVCP(), vcp code = 18
2025/11/03 14:37:56.572 [T:0x5cc41] [DisplayControl] Exit MCCSOtherSet::GetVCP()
2025/11/03 14:37:56.573 [T:0x5cc41] [DisplayControl] Enter MCCSOtherSet::GetVCP(), vcp code = 18
2025/11/03 14:37:56.710 [T:0x5cc41] [DisplayControl] Exit MCCSOtherSet::GetVCP()
2025/11/03 14:37:56.711 [T:0x5cc41] [DisplayControl] Enter MCCSOtherSet::GetVCP(), vcp code = 18
2025/11/03 14:37:56.852 [T:0x5cc41] [DisplayControl] Exit MCCSOtherSet::GetVCP()
2025/11/03 14:37:56.852 [T:0x5cc41] [DisplayControl] Enter MCCSOtherSet::GetVCP(), vcp code = 18
2025/11/03 14:37:56.993 [T:0x5cc41] [DisplayControl] Exit MCCSOtherSet::GetVCP()
2025/11/03 14:37:56.994 [T:0x5cc41] [DisplayControl] Enter MCCSOtherSet::GetVCP(), vcp code = 18
2025/11/03 14:37:57.134 [T:0x5cc41] [DisplayControl] Exit MCCSOtherSet::GetVCP()
2025/11/03 14:37:57.135 [T:0x5cc41] [DisplayControl] Enter MCCSOtherSet::GetVCP(), vcp code = 18
2025/11/03 14:37:57.275 [T:0x5cc41] [DisplayControl] Exit MCCSOtherSet::GetVCP()
2025/11/03 14:37:57.276 [T:0x5cc41] [DisplayControl] Enter MCCSOtherSet::GetVCP(), vcp code = 18
2025/11/03 14:37:57.415 [T:0x5cc41] [DisplayControl] Exit MCCSOtherSet::GetVCP()
2025/11/03 14:37:57.416 [T:0x5cc41] [DisplayControl] Enter MCCSOtherSet::GetVCP(), vcp code = 18
2025/11/03 14:37:57.557 [T:0x5cc41] [DisplayControl] Exit MCCSOtherSet::GetVCP()
2025/11/03 14:37:57.557 [T:0x5cc41] [DisplayControl] Enter MCCSOtherSet::GetVCP(), vcp code = 18
2025/11/03 14:37:57.696 [T:0x5cc41] [DisplayControl] Exit MCCSOtherSet::GetVCP()
2025/11/03 14:37:57.696 [T:0x5cc41] [DisplayControl] Enter MCCSOtherSet::GetVCP(), vcp code = 18
2025/11/03 14:37:57.838 [T:0x5cc41] [DisplayControl] Exit MCCSOtherSet::GetVCP()
2025/11/03 14:37:57.838 [T:0x5cc41] [DisplayControl] Enter MCCSOtherSet::GetVCP(), vcp code = 18
2025/11/03 14:37:57.978 [T:0x5cc41] [DisplayControl] Exit MCCSOtherSet::GetVCP()
2025/11/03 14:37:57.979 [T:0x5cc41] [DisplayControl] Enter MCCSOtherSet::GetVCP(), vcp code = 18
2025/11/03 14:37:58.119 [T:0x5cc41] [DisplayControl] Exit MCCSOtherSet::GetVCP()
2025/11/03 14:37:58.120 [T:0x5cc41] [DisplayControl] Enter MCCSOtherSet::GetVCP(), vcp code = 18
2025/11/03 14:37:58.261 [T:0x5cc41] [DisplayControl] Exit MCCSOtherSet::GetVCP()
2025/11/03 14:37:58.261 [T:0x5cc41] [DisplayControl] Enter MCCSOtherSet::GetVCP(), vcp code = 18
2025/11/03 14:37:58.402 [T:0x5cc41] [DisplayControl] Exit MCCSOtherSet::GetVCP()
2025/11/03 14:37:58.402 [T:0x5cc41] [DisplayControl] Enter MCCSOtherSet::GetVCP(), vcp code = 18
2025/11/03 14:37:58.543 [T:0x5cc41] [DisplayControl] Exit MCCSOtherSet::GetVCP()
2025/11/03 14:37:58.543 [T:0x5cc41] [DisplayControl] Enter MCCSOtherSet::GetVCP(), vcp code = 18
2025/11/03 14:37:58.684 [T:0x5cc41] [DisplayControl] Exit MCCSOtherSet::GetVCP()
2025/11/03 14:37:58.685 [T:0x5cc41] [DisplayControl] Enter MCCSOtherSet::GetVCP(), vcp code = 18
2025/11/03 14:37:58.825 [T:0x5cc41] [DisplayControl] Exit MCCSOtherSet::GetVCP()
2025/11/03 14:37:58.825 [T:0x5cc41] [DisplayControl] Enter MCCSOtherSet::GetVCP(), vcp code = 18
2025/11/03 14:37:58.967 [T:0x5cc41] [DisplayControl] Exit MCCSOtherSet::GetVCP()
2025/11/03 14:37:58.967 [T:0x5cc41] [DisplayControl] Enter MCCSOtherSet::GetVCP(), vcp code = 18
2025/11/03 14:37:59.107 [T:0x5cc41] [DisplayControl] Exit MCCSOtherSet::GetVCP()
2025/11/03 14:37:59.108 [T:0x5cc41] [DisplayControl] Enter MCCSOtherSet::GetVCP(), vcp code = 18
2025/11/03 14:37:59.249 [T:0x5cc41] [DisplayControl] Exit MCCSOtherSet::GetVCP()
2025/11/03 14:37:59.249 [T:0x5cc41] [DisplayControl] Enter MCCSOtherSet::GetVCP(), vcp code = 18
2025/11/03 14:37:59.388 [T:0x5cc41] [DisplayControl] Exit MCCSOtherSet::GetVCP()
2025/11/03 14:37:59.388 [T:0x5cc41] [DisplayControl] Enter MCCSOtherSet::GetVCP(), vcp code = 18
2025/11/03 14:37:59.528 [T:0x5cc41] [DisplayControl] Exit MCCSOtherSet::GetVCP()
2025/11/03 14:37:59.529 [T:0x5cc41] [DisplayControl] Enter MCCSOtherSet::GetVCP(), vcp code = 18
2025/11/03 14:37:59.668 [T:0x5cc41] [DisplayControl] Exit MCCSOtherSet::GetVCP()
2025/11/03 14:37:59.668 [T:0x5cc41] [DisplayControl] Enter MCCSOtherSet::GetVCP(), vcp code = 18
2025/11/03 14:37:59.809 [T:0x5cc41] [DisplayControl] Exit MCCSOtherSet::GetVCP()
2025/11/03 14:37:59.809 [T:0x5cc41] [DisplayControl] Enter MCCSOtherSet::GetVCP(), vcp code = 18
2025/11/03 14:37:59.949 [T:0x5cc41] [DisplayControl] Exit MCCSOtherSet::GetVCP()
2025/11/03 14:37:59.950 [T:0x5cc41] [DisplayControl] Enter MCCSOtherSet::GetVCP(), vcp code = 18
2025/11/03 14:38:00.089 [T:0x5cc41] [DisplayControl] Exit MCCSOtherSet::GetVCP()
2025/11/03 14:38:00.196 [T:0x5cc41] [DisplayControl] Enter MCCSOtherSet::GetVCP(), vcp code = 4
2025/11/03 14:38:00.277 [T:0x5cc41] [DisplayControl] Exit MCCSOtherSet::GetVCP()
2025/11/03 14:38:00.384 [T:0x5cc41] [DisplayControl] Enter MCCSOtherSet::GetVCP(), vcp code = 20
2025/11/03 14:38:00.463 [T:0x5cc41] [DisplayControl] Exit MCCSOtherSet::GetVCP()
2025/11/03 14:38:00.570 [T:0x5cc41] [DisplayControl] Enter MCCSOtherSet::GetVCP(), vcp code = 220
2025/11/03 14:38:00.650 [T:0x5cc41] [DisplayControl] Exit MCCSOtherSet::GetVCP()
2025/11/03 14:38:00.757 [T:0x5cc41] [DisplayControl] Enter MCCSOtherSet::GetVCP(), vcp code = 141
2025/11/03 14:38:00.838 [T:0x5cc41] [DisplayControl] Exit MCCSOtherSet::GetVCP()
2025/11/03 14:38:00.944 [T:0x5cc41] [DisplayControl] Enter MCCSOtherSet::GetVCP(), vcp code = 51
2025/11/03 14:38:01.026 [T:0x5cc41] [DisplayControl] Exit MCCSOtherSet::GetVCP()
2025/11/03 14:38:05.035 [T:0x5cc41] [DisplayControl] Enter MCCSOtherSet::SetVCP(), vcp code = 4
2025/11/03 14:38:05.973 [T:0x5cc41] [DisplayControl] Exit MCCSOtherSet::SetVCP()
2025/11/03 14:38:11.095 [T:0x5cc41] [DisplayControl] Enter OperationThread::ExitThread
2025/11/03 14:38:11.095 [T:0x5cc41] [DisplayControl] Exit OperationThread::ExitThread
2025/11/03 14:38:11.095 [T:0x5cc41] [DisplayControl] Enter OperationThread::~OperationThread()
2025/11/03 14:38:11.095 [T:0x5cc41] [DisplayControl] Enter OperationThread::ExitThread
2025/11/03 14:38:11.095 [T:0x5cc41] [DisplayControl] Enter OperationThread::ExitThread
2025/11/03 14:38:11.095 [T:0x5cc41] [DisplayControl] Exit OperationThread::ExitThread
2025/11/03 14:38:11.095 [T:0x5cc41] [DisplayControl] Enter OperationThread::~OperationThread()
2025/11/03 14:38:11.095 [T:0x5cc41] [DisplayControl] Enter OperationThread::ExitThread
2025/11/03 14:38:11.120 [T:0x5cc41] [DbgStr] After calling display_control_client_listener_video_port_.UpdateAllDisplayPath()
2025/11/03 14:38:11.138 [T:0x5cc41] [DbgStr] After calling display_control_client_listener_.GetAllDisplayEDID()
2025/11/03 14:38:11.140 [T:0x5cc41] [DisplayControl] Version = 3.0.6.0
2025/11/03 14:38:11.140 [T:0x5cc41] [DisplayControl] Enter ObtainControlHandler1
2025/11/03 14:38:11.140 [T:0x5cc41] [DisplayControl] GetVideoPortCommander
2025/11/03 14:38:11.140 [T:0x5cc41] [DisplayControl] GetUSBHubCommander
2025/11/03 14:38:11.140 [T:0x5cc41] ====== List p_lpo_display_info_video_port, # of devices is ======2
2025/11/03 14:38:11.140 [T:0x5cc41] [DisplayControl] index of p_lpo_display_info_video_port0
2025/11/03 14:38:11.140 [T:0x5cc41] [DisplayControl] Model name from VideoPort = VG2458
2025/11/03 14:38:11.140 [T:0x5cc41] [DisplayControl] SN from VideoPort = YDJ243400006
2025/11/03 14:38:11.141 [T:0x5cc41] [DisplayControl] index of p_lpo_display_info_video_port1
2025/11/03 14:38:11.141 [T:0x5cc41] [DisplayControl] Model name from VideoPort = VG275
2025/11/03 14:38:11.141 [T:0x5cc41] [DisplayControl] SN from VideoPort = XF6232400003
2025/11/03 14:38:11.141 [T:0x5cc41] ====== List p_lpo_display_info_rtd_scalar_rts_hub, # of devices is ======0
2025/11/03 14:38:11.141 [T:0x5cc41] [DisplayControl] GetVSRtkHubControlClientListener
2025/11/03 14:38:11.141 [T:0x5cc41] [DisplayControl] max monitor count = 2
2025/11/03 14:38:11.141 [T:0x5cc41] [DisplayControl] index of display_info_vec = 0
2025/11/03 14:38:11.141 [T:0x5cc41] [DisplayControl] index of p_lpo_display_info_video_port = 0
2025/11/03 14:38:11.141 [T:0x5cc41] [DisplayControl] VideoPortMatchingRule
2025/11/03 14:38:11.141 [T:0x5cc41] [DisplayControl] monitor display_info_model_name = VG2458
2025/11/03 14:38:11.141 [T:0x5cc41] [DisplayControl] monitor video_port_model_name = VG2458
2025/11/03 14:38:11.141 [T:0x5cc41] [DisplayControl] monitor display_info_sn = YDJ243400006
2025/11/03 14:38:11.141 [T:0x5cc41] [DisplayControl] monitor video_port_sn = YDJ243400006
2025/11/03 14:38:11.141 [T:0x5cc41] [DisplayControl] model_name_match = 1
2025/11/03 14:38:11.141 [T:0x5cc41] [DisplayControl] sn_match = 1
2025/11/03 14:38:11.141 [T:0x5cc41] [DisplayControl] video_port is_match = 1
2025/11/03 14:38:11.141 [T:0x5cc41] [DisplayControl] index of display_info_vec = 1
2025/11/03 14:38:11.141 [T:0x5cc41] [DisplayControl] index of p_lpo_display_info_video_port = 0
2025/11/03 14:38:11.141 [T:0x5cc41] [DisplayControl] VideoPortMatchingRule
2025/11/03 14:38:11.141 [T:0x5cc41] [DisplayControl] monitor display_info_model_name = VG275
2025/11/03 14:38:11.141 [T:0x5cc41] [DisplayControl] monitor video_port_model_name = VG2458
2025/11/03 14:38:11.141 [T:0x5cc41] [DisplayControl] monitor display_info_sn = XF6232400003
2025/11/03 14:38:11.141 [T:0x5cc41] [DisplayControl] monitor video_port_sn = YDJ243400006
2025/11/03 14:38:11.141 [T:0x5cc41] [DisplayControl] model_name_match = 0
2025/11/03 14:38:11.141 [T:0x5cc41] [DisplayControl] sn_match = 0
2025/11/03 14:38:11.141 [T:0x5cc41] [DisplayControl] video_port is_match = 0
2025/11/03 14:38:11.141 [T:0x5cc41] [DisplayControl] index of display_info_vec = 1
2025/11/03 14:38:11.142 [T:0x5cc41] [DisplayControl] index of p_lpo_display_info_video_port = 1
2025/11/03 14:38:11.142 [T:0x5cc41] [DisplayControl] VideoPortMatchingRule
2025/11/03 14:38:11.142 [T:0x5cc41] [DisplayControl] monitor display_info_model_name = VG275
2025/11/03 14:38:11.142 [T:0x5cc41] [DisplayControl] monitor video_port_model_name = VG275
2025/11/03 14:38:11.142 [T:0x5cc41] [DisplayControl] monitor display_info_sn = XF6232400003
2025/11/03 14:38:11.142 [T:0x5cc41] [DisplayControl] monitor video_port_sn = XF6232400003
2025/11/03 14:38:11.142 [T:0x5cc41] [DisplayControl] model_name_match = 1
2025/11/03 14:38:11.142 [T:0x5cc41] [DisplayControl] sn_match = 1
2025/11/03 14:38:11.142 [T:0x5cc41] [DisplayControl] video_port is_match = 1
2025/11/03 14:38:11.142 [T:0x5cc41] [DisplayControl] i = 0
2025/11/03 14:38:11.142 [T:0x5cc41] [DisplayControl] Enter OperationThread::OperationThread()
2025/11/03 14:38:11.142 [T:0x5cc41] [DisplayControl] Enter OperationThread::CreateThread
2025/11/03 14:38:11.142 [T:0x5cc41] [DisplayControl] new DisplayFunctioner
2025/11/03 14:38:11.142 [T:0x5cc41] [DisplayControl] insert displayer_vector
2025/11/03 14:38:11.142 [T:0x5cc41] [DisplayControl] insert modelName_SN_to_Display_map
2025/11/03 14:38:11.142 [T:0x5cc41] [DisplayControl] insert device_id_to_Displayer_map_
2025/11/03 14:38:11.142 [T:0x5cc41] [DisplayControl] i = 1
2025/11/03 14:38:11.142 [T:0x5cc41] [DisplayControl] Enter OperationThread::OperationThread()
2025/11/03 14:38:11.142 [T:0x5cc41] [DisplayControl] Enter OperationThread::CreateThread
2025/11/03 14:38:11.142 [T:0x5cc41] [DisplayControl] new DisplayFunctioner
2025/11/03 14:38:11.142 [T:0x5cc41] [DisplayControl] insert displayer_vector
2025/11/03 14:38:11.142 [T:0x5cc41] [DisplayControl] insert modelName_SN_to_Display_map
2025/11/03 14:38:11.142 [T:0x5cc41] [DisplayControl] insert device_id_to_Displayer_map_
2025/11/03 14:38:11.143 [T:0x5cc41] [DisplayControl] monitor size = 2
2025/11/03 14:38:11.143 [T:0x5cc41] [DisplayControl] Exit ObtainControlHandler
2025/11/03 14:38:11.143 [T:0x5cc41] [DisplayControl] Enter MCCSOtherSet::GetVCP(), vcp code = 16
2025/11/03 14:38:11.224 [T:0x5cc41] [DisplayControl] Exit MCCSOtherSet::GetVCP()
2025/11/03 14:38:11.224 [T:0x5cc41] [DisplayControl] Enter MCCSOtherSet::GetVCP(), vcp code = 135
2025/11/03 14:38:11.365 [T:0x5cc41] [DisplayControl] Exit MCCSOtherSet::GetVCP()
2025/11/03 14:38:11.474 [T:0x5cc41] [DisplayControl] Enter MCCSOtherSet::GetVCP(), vcp code = 16
2025/11/03 14:38:11.556 [T:0x5cc41] [DisplayControl] Exit MCCSOtherSet::GetVCP()
2025/11/03 14:38:11.663 [T:0x5cc41] [DisplayControl] Enter MCCSOtherSet::GetVCP(), vcp code = 43
2025/11/03 14:38:11.745 [T:0x5cc41] [DisplayControl] Exit MCCSOtherSet::GetVCP()
2025/11/03 14:38:11.854 [T:0x5cc41] [DisplayControl] Enter MCCSOtherSet::GetVCP(), vcp code = 225
2025/11/03 14:38:11.936 [T:0x5cc41] [DisplayControl] Exit MCCSOtherSet::GetVCP()
2025/11/03 14:38:12.041 [T:0x5cc41] [DisplayControl] Enter MCCSOtherSet::GetVCP(), vcp code = 245
2025/11/03 14:38:12.121 [T:0x5cc41] [DisplayControl] Exit MCCSOtherSet::GetVCP()
2025/11/03 14:38:12.229 [T:0x5cc41] [DisplayControl] Enter MCCSOtherSet::GetVCP(), vcp code = 97
2025/11/03 14:38:12.310 [T:0x5cc41] [DisplayControl] Exit MCCSOtherSet::GetVCP()
2025/11/03 14:38:12.417 [T:0x5cc41] [DisplayControl] Enter MCCSOtherSet::GetVCP(), vcp code = 96
2025/11/03 14:38:12.498 [T:0x5cc41] [DisplayControl] Exit MCCSOtherSet::GetVCP()
2025/11/03 14:38:12.606 [T:0x5cc41] [DisplayControl] Enter MCCSOtherSet::GetVCP(), vcp code = 98
2025/11/03 14:38:12.686 [T:0x5cc41] [DisplayControl] Exit MCCSOtherSet::GetVCP()
2025/11/03 14:38:12.794 [T:0x5cc41] [DisplayControl] Enter MCCSOtherSet::GetVCP(), vcp code = 18
2025/11/03 14:38:12.875 [T:0x5cc41] [DisplayControl] Exit MCCSOtherSet::GetVCP()
2025/11/03 14:38:12.982 [T:0x5cc41] [DisplayControl] Enter MCCSOtherSet::GetVCP(), vcp code = 4
2025/11/03 14:38:13.064 [T:0x5cc41] [DisplayControl] Exit MCCSOtherSet::GetVCP()
2025/11/03 14:38:13.171 [T:0x5cc41] [DisplayControl] Enter MCCSOtherSet::GetVCP(), vcp code = 20
2025/11/03 14:38:13.253 [T:0x5cc41] [DisplayControl] Exit MCCSOtherSet::GetVCP()
2025/11/03 14:38:13.359 [T:0x5cc41] [DisplayControl] Enter MCCSOtherSet::GetVCP(), vcp code = 220
2025/11/03 14:38:13.441 [T:0x5cc41] [DisplayControl] Exit MCCSOtherSet::GetVCP()
2025/11/03 14:38:13.480 [T:0xe57e4] [DisplayControl] Enter MCCSOtherSet::GetVCP(), vcp code = 96
2025/11/03 14:38:13.548 [T:0x5cc41] [DisplayControl] Enter MCCSOtherSet::GetVCP(), vcp code = 141
2025/11/03 14:38:13.589 [T:0xe57e4] [DisplayControl] Exit MCCSOtherSet::GetVCP()
2025/11/03 14:38:13.763 [T:0x5cc41] [DisplayControl] Exit MCCSOtherSet::GetVCP()
2025/11/03 14:38:13.865 [T:0x5cc41] [DisplayControl] Enter MCCSOtherSet::GetVCP(), vcp code = 51
2025/11/03 14:38:14.071 [T:0x5cc41] [DisplayControl] Exit MCCSOtherSet::GetVCP()
2025/11/03 14:38:14.173 [T:0x5cc41] [DisplayControl] Enter MCCSOtherSet::GetVCP(), vcp code = 135
2025/11/03 14:38:14.264 [T:0x5cc41] [DisplayControl] Exit MCCSOtherSet::GetVCP()
2025/11/03 14:38:14.366 [T:0x5cc41] [DisplayControl] Enter MCCSOtherSet::GetVCP(), vcp code = 16
2025/11/03 14:38:14.453 [T:0x5cc41] [DisplayControl] Exit MCCSOtherSet::GetVCP()
2025/11/03 14:38:14.554 [T:0x5cc41] [DisplayControl] Enter MCCSOtherSet::GetVCP(), vcp code = 43
2025/11/03 14:38:14.639 [T:0x5cc41] [DisplayControl] Exit MCCSOtherSet::GetVCP()
2025/11/03 14:38:14.742 [T:0x5cc41] [DisplayControl] Enter MCCSOtherSet::GetVCP(), vcp code = 225
2025/11/03 14:38:14.829 [T:0x5cc41] [DisplayControl] Exit MCCSOtherSet::GetVCP()
2025/11/03 14:38:14.930 [T:0x5cc41] [DisplayControl] Enter MCCSOtherSet::GetVCP(), vcp code = 97
2025/11/03 14:38:15.015 [T:0x5cc41] [DisplayControl] Exit MCCSOtherSet::GetVCP()
2025/11/03 14:38:15.119 [T:0x5cc41] [DisplayControl] Enter MCCSOtherSet::GetVCP(), vcp code = 96
2025/11/03 14:38:15.203 [T:0x5cc41] [DisplayControl] Exit MCCSOtherSet::GetVCP()
2025/11/03 14:38:15.307 [T:0x5cc41] [DisplayControl] Enter MCCSOtherSet::GetVCP(), vcp code = 98
2025/11/03 14:38:15.393 [T:0x5cc41] [DisplayControl] Exit MCCSOtherSet::GetVCP()
2025/11/03 14:38:15.496 [T:0x5cc41] [DisplayControl] Enter MCCSOtherSet::GetVCP(), vcp code = 18
2025/11/03 14:38:15.581 [T:0x5cc41] [DisplayControl] Exit MCCSOtherSet::GetVCP()
2025/11/03 14:38:15.684 [T:0x5cc41] [DisplayControl] Enter MCCSOtherSet::GetVCP(), vcp code = 4
2025/11/03 14:38:15.769 [T:0x5cc41] [DisplayControl] Exit MCCSOtherSet::GetVCP()
2025/11/03 14:38:15.872 [T:0x5cc41] [DisplayControl] Enter MCCSOtherSet::GetVCP(), vcp code = 236
2025/11/03 14:38:15.957 [T:0x5cc41] [DisplayControl] Exit MCCSOtherSet::GetVCP()
2025/11/03 14:38:16.060 [T:0x5cc41] [DisplayControl] Enter MCCSOtherSet::GetVCP(), vcp code = 220
2025/11/03 14:38:16.145 [T:0x5cc41] [DisplayControl] Exit MCCSOtherSet::GetVCP()
2025/11/03 14:38:16.247 [T:0x5cc41] [DisplayControl] Enter MCCSOtherSet::GetVCP(), vcp code = 141
2025/11/03 14:38:16.332 [T:0x5cc41] [DisplayControl] Exit MCCSOtherSet::GetVCP()
2025/11/03 14:38:16.436 [T:0x5cc41] [DisplayControl] Enter MCCSOtherSet::GetVCP(), vcp code = 226
2025/11/03 14:38:16.521 [T:0x5cc41] [DisplayControl] Exit MCCSOtherSet::GetVCP()
2025/11/03 14:38:16.624 [T:0x5cc41] [DisplayControl] Enter MCCSOtherSet::GetVCP(), vcp code = 51
2025/11/03 14:38:16.709 [T:0x5cc41] [DisplayControl] Exit MCCSOtherSet::GetVCP()
2025/11/03 14:41:08.551 [T:0x26ed5] [DisplayControl] Enter MCCSOtherSet::SetVCP(), vcp code = 51
2025/11/03 14:41:08.861 [T:0x26ed5] [DisplayControl] Exit MCCSOtherSet::SetVCP()
2025/11/03 14:42:43.389 [T:0xbf021] [DisplayControl] Enter MCCSOtherSet::SetVCP(), vcp code = 96
2025/11/03 14:42:44.205 [T:0xbf021] [DisplayControl] Exit MCCSOtherSet::SetVCP()
2025/11/03 14:42:51.336 [T:0xbf021] [DisplayControl] Enter OperationThread::ExitThread
2025/11/03 14:42:51.337 [T:0xbf021] [DisplayControl] Exit OperationThread::ExitThread
2025/11/03 14:42:51.338 [T:0xbf021] [DisplayControl] Enter OperationThread::~OperationThread()
2025/11/03 14:42:51.338 [T:0xbf021] [DisplayControl] Enter OperationThread::ExitThread
2025/11/03 14:42:51.338 [T:0xbf021] [DisplayControl] Enter OperationThread::ExitThread
2025/11/03 14:42:51.339 [T:0xbf021] [DisplayControl] Exit OperationThread::ExitThread
2025/11/03 14:42:51.339 [T:0xbf021] [DisplayControl] Enter OperationThread::~OperationThread()
2025/11/03 14:42:51.339 [T:0xbf021] [DisplayControl] Enter OperationThread::ExitThread
2025/11/03 14:42:51.399 [T:0xbf021] [DbgStr] After calling display_control_client_listener_video_port_.UpdateAllDisplayPath()
2025/11/03 14:42:51.418 [T:0xbf021] [DbgStr] After calling display_control_client_listener_.GetAllDisplayEDID()
2025/11/03 14:42:51.420 [T:0xbf021] [DisplayControl] Version = 3.0.6.0
2025/11/03 14:42:51.420 [T:0xbf021] [DisplayControl] Enter ObtainControlHandler1
2025/11/03 14:42:51.420 [T:0xbf021] [DisplayControl] GetVideoPortCommander
2025/11/03 14:42:51.420 [T:0xbf021] [DisplayControl] GetUSBHubCommander
2025/11/03 14:42:51.420 [T:0xbf021] ====== List p_lpo_display_info_video_port, # of devices is ======2
2025/11/03 14:42:51.420 [T:0xbf021] [DisplayControl] index of p_lpo_display_info_video_port0
2025/11/03 14:42:51.420 [T:0xbf021] [DisplayControl] Model name from VideoPort = VG2458
2025/11/03 14:42:51.420 [T:0xbf021] [DisplayControl] SN from VideoPort = YDJ243400006
2025/11/03 14:42:51.420 [T:0xbf021] [DisplayControl] index of p_lpo_display_info_video_port1
2025/11/03 14:42:51.420 [T:0xbf021] [DisplayControl] Model name from VideoPort = VG275
2025/11/03 14:42:51.420 [T:0xbf021] [DisplayControl] SN from VideoPort = XF6232400003
2025/11/03 14:42:51.420 [T:0xbf021] ====== List p_lpo_display_info_rtd_scalar_rts_hub, # of devices is ======0
2025/11/03 14:42:51.420 [T:0xbf021] [DisplayControl] GetVSRtkHubControlClientListener
2025/11/03 14:42:51.420 [T:0xbf021] [DisplayControl] max monitor count = 2
2025/11/03 14:42:51.420 [T:0xbf021] [DisplayControl] index of display_info_vec = 0
2025/11/03 14:42:51.420 [T:0xbf021] [DisplayControl] index of p_lpo_display_info_video_port = 0
2025/11/03 14:42:51.420 [T:0xbf021] [DisplayControl] VideoPortMatchingRule
2025/11/03 14:42:51.420 [T:0xbf021] [DisplayControl] monitor display_info_model_name = VG2458
2025/11/03 14:42:51.420 [T:0xbf021] [DisplayControl] monitor video_port_model_name = VG2458
2025/11/03 14:42:51.420 [T:0xbf021] [DisplayControl] monitor display_info_sn = YDJ243400006
2025/11/03 14:42:51.420 [T:0xbf021] [DisplayControl] monitor video_port_sn = YDJ243400006
2025/11/03 14:42:51.421 [T:0xbf021] [DisplayControl] model_name_match = 1
2025/11/03 14:42:51.421 [T:0xbf021] [DisplayControl] sn_match = 1
2025/11/03 14:42:51.421 [T:0xbf021] [DisplayControl] video_port is_match = 1
2025/11/03 14:42:51.421 [T:0xbf021] [DisplayControl] index of display_info_vec = 1
2025/11/03 14:42:51.421 [T:0xbf021] [DisplayControl] index of p_lpo_display_info_video_port = 0
2025/11/03 14:42:51.421 [T:0xbf021] [DisplayControl] VideoPortMatchingRule
2025/11/03 14:42:51.421 [T:0xbf021] [DisplayControl] monitor display_info_model_name = VG275
2025/11/03 14:42:51.421 [T:0xbf021] [DisplayControl] monitor video_port_model_name = VG2458
2025/11/03 14:42:51.421 [T:0xbf021] [DisplayControl] monitor display_info_sn = XF6232400003
2025/11/03 14:42:51.421 [T:0xbf021] [DisplayControl] monitor video_port_sn = YDJ243400006
2025/11/03 14:42:51.421 [T:0xbf021] [DisplayControl] model_name_match = 0
2025/11/03 14:42:51.421 [T:0xbf021] [DisplayControl] sn_match = 0
2025/11/03 14:42:51.421 [T:0xbf021] [DisplayControl] video_port is_match = 0
2025/11/03 14:42:51.421 [T:0xbf021] [DisplayControl] index of display_info_vec = 1
2025/11/03 14:42:51.421 [T:0xbf021] [DisplayControl] index of p_lpo_display_info_video_port = 1
2025/11/03 14:42:51.421 [T:0xbf021] [DisplayControl] VideoPortMatchingRule
2025/11/03 14:42:51.421 [T:0xbf021] [DisplayControl] monitor display_info_model_name = VG275
2025/11/03 14:42:51.421 [T:0xbf021] [DisplayControl] monitor video_port_model_name = VG275
2025/11/03 14:42:51.421 [T:0xbf021] [DisplayControl] monitor display_info_sn = XF6232400003
2025/11/03 14:42:51.421 [T:0xbf021] [DisplayControl] monitor video_port_sn = XF6232400003
2025/11/03 14:42:51.421 [T:0xbf021] [DisplayControl] model_name_match = 1
2025/11/03 14:42:51.421 [T:0xbf021] [DisplayControl] sn_match = 1
2025/11/03 14:42:51.421 [T:0xbf021] [DisplayControl] video_port is_match = 1
2025/11/03 14:42:51.421 [T:0xbf021] [DisplayControl] i = 0
2025/11/03 14:42:51.421 [T:0xbf021] [DisplayControl] Enter OperationThread::OperationThread()
2025/11/03 14:42:51.421 [T:0xbf021] [DisplayControl] Enter OperationThread::CreateThread
2025/11/03 14:42:51.422 [T:0xbf021] [DisplayControl] new DisplayFunctioner
2025/11/03 14:42:51.422 [T:0xbf021] [DisplayControl] insert displayer_vector
2025/11/03 14:42:51.422 [T:0xbf021] [DisplayControl] insert modelName_SN_to_Display_map
2025/11/03 14:42:51.422 [T:0xbf021] [DisplayControl] insert device_id_to_Displayer_map_
2025/11/03 14:42:51.422 [T:0xbf021] [DisplayControl] i = 1
2025/11/03 14:42:51.422 [T:0xbf021] [DisplayControl] Enter OperationThread::OperationThread()
2025/11/03 14:42:51.422 [T:0xbf021] [DisplayControl] Enter OperationThread::CreateThread
2025/11/03 14:42:51.422 [T:0xbf021] [DisplayControl] new DisplayFunctioner
2025/11/03 14:42:51.422 [T:0xbf021] [DisplayControl] insert displayer_vector
2025/11/03 14:42:51.422 [T:0xbf021] [DisplayControl] insert modelName_SN_to_Display_map
2025/11/03 14:42:51.422 [T:0xbf021] [DisplayControl] insert device_id_to_Displayer_map_
2025/11/03 14:42:51.422 [T:0xbf021] [DisplayControl] monitor size = 2
2025/11/03 14:42:51.422 [T:0xbf021] [DisplayControl] Exit ObtainControlHandler
2025/11/03 14:42:51.422 [T:0xbf021] [DisplayControl] Enter MCCSOtherSet::GetVCP(), vcp code = 96
2025/11/03 14:42:51.495 [T:0xbf021] [DisplayControl] Exit MCCSOtherSet::GetVCP()
2025/11/03 14:42:51.779 [T:0xbf021] [DisplayControl] Enter MCCSOtherSet::GetVCP(), vcp code = 96
2025/11/03 14:42:51.861 [T:0xbf021] [DisplayControl] Exit MCCSOtherSet::GetVCP()
2025/11/03 14:42:52.143 [T:0xbf021] [DisplayControl] Enter MCCSOtherSet::SetVCP(), vcp code = 51
2025/11/03 14:42:52.452 [T:0xbf021] [DisplayControl] Exit MCCSOtherSet::SetVCP()
2025/11/03 14:42:52.452 [T:0xbf021] [DisplayControl] Enter MCCSOtherSet::SetVCP(), vcp code = 51
2025/11/03 14:42:52.615 [T:0xbf021] [DisplayControl] Exit MCCSOtherSet::SetVCP()
2025/11/03 14:42:52.615 [T:0xbf021] [DisplayControl] Enter MCCSOtherSet::GetVCP(), vcp code = 135
2025/11/03 14:42:52.687 [T:0xbf021] [DisplayControl] Exit MCCSOtherSet::GetVCP()
2025/11/03 14:42:52.793 [T:0xbf021] [DisplayControl] Enter MCCSOtherSet::GetVCP(), vcp code = 16
2025/11/03 14:42:52.873 [T:0xbf021] [DisplayControl] Exit MCCSOtherSet::GetVCP()
2025/11/03 14:42:52.980 [T:0xbf021] [DisplayControl] Enter MCCSOtherSet::GetVCP(), vcp code = 43
2025/11/03 14:42:53.061 [T:0xbf021] [DisplayControl] Exit MCCSOtherSet::GetVCP()
2025/11/03 14:42:53.167 [T:0xbf021] [DisplayControl] Enter MCCSOtherSet::GetVCP(), vcp code = 225
2025/11/03 14:42:53.247 [T:0xbf021] [DisplayControl] Exit MCCSOtherSet::GetVCP()
2025/11/03 14:42:53.353 [T:0xbf021] [DisplayControl] Enter MCCSOtherSet::GetVCP(), vcp code = 245
2025/11/03 14:42:53.434 [T:0xbf021] [DisplayControl] Exit MCCSOtherSet::GetVCP()
2025/11/03 14:42:53.540 [T:0xbf021] [DisplayControl] Enter MCCSOtherSet::GetVCP(), vcp code = 97
2025/11/03 14:42:53.620 [T:0xbf021] [DisplayControl] Exit MCCSOtherSet::GetVCP()
2025/11/03 14:42:53.727 [T:0xbf021] [DisplayControl] Enter MCCSOtherSet::GetVCP(), vcp code = 96
2025/11/03 14:42:53.809 [T:0xbf021] [DisplayControl] Exit MCCSOtherSet::GetVCP()
2025/11/03 14:42:53.915 [T:0xbf021] [DisplayControl] Enter MCCSOtherSet::GetVCP(), vcp code = 98
2025/11/03 14:42:53.996 [T:0xbf021] [DisplayControl] Exit MCCSOtherSet::GetVCP()
2025/11/03 14:42:54.102 [T:0xbf021] [DisplayControl] Enter MCCSOtherSet::GetVCP(), vcp code = 18
2025/11/03 14:42:54.185 [T:0xbf021] [DisplayControl] Exit MCCSOtherSet::GetVCP()
2025/11/03 14:42:54.291 [T:0xbf021] [DisplayControl] Enter MCCSOtherSet::GetVCP(), vcp code = 4
2025/11/03 14:42:54.372 [T:0xbf021] [DisplayControl] Exit MCCSOtherSet::GetVCP()
2025/11/03 14:42:54.479 [T:0xbf021] [DisplayControl] Enter MCCSOtherSet::GetVCP(), vcp code = 20
2025/11/03 14:42:54.559 [T:0xbf021] [DisplayControl] Exit MCCSOtherSet::GetVCP()
2025/11/03 14:42:54.667 [T:0xbf021] [DisplayControl] Enter MCCSOtherSet::GetVCP(), vcp code = 220
2025/11/03 14:42:54.747 [T:0xbf021] [DisplayControl] Exit MCCSOtherSet::GetVCP()
2025/11/03 14:42:54.853 [T:0xbf021] [DisplayControl] Enter MCCSOtherSet::GetVCP(), vcp code = 141
2025/11/03 14:42:54.935 [T:0xbf021] [DisplayControl] Exit MCCSOtherSet::GetVCP()
2025/11/03 14:42:55.040 [T:0xbf021] [DisplayControl] Enter MCCSOtherSet::GetVCP(), vcp code = 51
2025/11/03 14:42:55.120 [T:0xbf021] [DisplayControl] Exit MCCSOtherSet::GetVCP()
2025/11/03 14:42:55.226 [T:0xbf021] [DisplayControl] Enter MCCSOtherSet::GetVCP(), vcp code = 135
2025/11/03 14:42:55.311 [T:0xbf021] [DisplayControl] Exit MCCSOtherSet::GetVCP()
2025/11/03 14:42:55.414 [T:0xbf021] [DisplayControl] Enter MCCSOtherSet::GetVCP(), vcp code = 16
2025/11/03 14:42:55.499 [T:0xbf021] [DisplayControl] Exit MCCSOtherSet::GetVCP()
2025/11/03 14:42:55.601 [T:0xbf021] [DisplayControl] Enter MCCSOtherSet::GetVCP(), vcp code = 43
2025/11/03 14:42:55.687 [T:0xbf021] [DisplayControl] Exit MCCSOtherSet::GetVCP()
2025/11/03 14:42:55.788 [T:0xbf021] [DisplayControl] Enter MCCSOtherSet::GetVCP(), vcp code = 225
2025/11/03 14:42:55.889 [T:0xbf021] [DisplayControl] Exit MCCSOtherSet::GetVCP()
2025/11/03 14:42:55.992 [T:0xbf021] [DisplayControl] Enter MCCSOtherSet::GetVCP(), vcp code = 97
2025/11/03 14:42:56.078 [T:0xbf021] [DisplayControl] Exit MCCSOtherSet::GetVCP()
2025/11/03 14:42:56.181 [T:0xbf021] [DisplayControl] Enter MCCSOtherSet::GetVCP(), vcp code = 96
2025/11/03 14:42:56.266 [T:0xbf021] [DisplayControl] Exit MCCSOtherSet::GetVCP()
2025/11/03 14:42:56.370 [T:0xbf021] [DisplayControl] Enter MCCSOtherSet::GetVCP(), vcp code = 98
2025/11/03 14:42:56.455 [T:0xbf021] [DisplayControl] Exit MCCSOtherSet::GetVCP()
2025/11/03 14:42:56.558 [T:0xbf021] [DisplayControl] Enter MCCSOtherSet::GetVCP(), vcp code = 18
2025/11/03 14:42:56.643 [T:0xbf021] [DisplayControl] Exit MCCSOtherSet::GetVCP()
2025/11/03 14:42:56.745 [T:0xbf021] [DisplayControl] Enter MCCSOtherSet::GetVCP(), vcp code = 4
2025/11/03 14:42:56.831 [T:0xbf021] [DisplayControl] Exit MCCSOtherSet::GetVCP()
2025/11/03 14:42:56.934 [T:0xbf021] [DisplayControl] Enter MCCSOtherSet::GetVCP(), vcp code = 236
2025/11/03 14:42:57.020 [T:0xbf021] [DisplayControl] Exit MCCSOtherSet::GetVCP()
2025/11/03 14:42:57.123 [T:0xbf021] [DisplayControl] Enter MCCSOtherSet::GetVCP(), vcp code = 220
2025/11/03 14:42:57.208 [T:0xbf021] [DisplayControl] Exit MCCSOtherSet::GetVCP()
2025/11/03 14:42:57.309 [T:0xbf021] [DisplayControl] Enter MCCSOtherSet::GetVCP(), vcp code = 141
2025/11/03 14:42:57.393 [T:0xbf021] [DisplayControl] Exit MCCSOtherSet::GetVCP()
2025/11/03 14:42:57.494 [T:0xbf021] [DisplayControl] Enter MCCSOtherSet::GetVCP(), vcp code = 226
2025/11/03 14:42:57.578 [T:0xbf021] [DisplayControl] Exit MCCSOtherSet::GetVCP()
2025/11/03 14:42:57.681 [T:0xbf021] [DisplayControl] Enter MCCSOtherSet::GetVCP(), vcp code = 51
2025/11/03 14:42:57.766 [T:0xbf021] [DisplayControl] Exit MCCSOtherSet::GetVCP()
2025/11/03 14:42:57.879 [T:0xbf021] [DisplayControl] Enter MCCSOtherSet::SetVCP(), vcp code = 51
2025/11/03 14:42:58.043 [T:0xbf021] [DisplayControl] Exit MCCSOtherSet::SetVCP()
2025/11/03 14:42:58.052 [T:0xe57e4] [DisplayControl] Enter MCCSOtherSet::GetVCP(), vcp code = 96
2025/11/03 14:42:58.205 [T:0xe57e4] [DisplayControl] Exit MCCSOtherSet::GetVCP()
2025/11/03 14:44:31.521 [T:0x9a772] [DisplayControl] Enter MCCSOtherSet::SetVCP(), vcp code = 51
2025/11/03 14:44:31.717 [T:0x9a772] [DisplayControl] Exit MCCSOtherSet::SetVCP()
2025/11/03 14:44:47.583 [T:0x9a772] [DisplayControl] Enter MCCSOtherSet::SetVCP(), vcp code = 96
2025/11/03 14:44:48.209 [T:0x9a772] [DisplayControl] Exit MCCSOtherSet::SetVCP()
2025/11/03 14:44:55.000 [T:0x9a772] [DisplayControl] Enter OperationThread::ExitThread
2025/11/03 14:44:55.001 [T:0x9a772] [DisplayControl] Exit OperationThread::ExitThread
2025/11/03 14:44:55.001 [T:0x9a772] [DisplayControl] Enter OperationThread::~OperationThread()
2025/11/03 14:44:55.002 [T:0x9a772] [DisplayControl] Enter OperationThread::ExitThread
2025/11/03 14:44:55.002 [T:0x9a772] [DisplayControl] Enter OperationThread::ExitThread
2025/11/03 14:44:55.003 [T:0x9a772] [DisplayControl] Exit OperationThread::ExitThread
2025/11/03 14:44:55.003 [T:0x9a772] [DisplayControl] Enter OperationThread::~OperationThread()
2025/11/03 14:44:55.003 [T:0x9a772] [DisplayControl] Enter OperationThread::ExitThread
2025/11/03 14:44:55.060 [T:0x9a772] [DbgStr] After calling display_control_client_listener_video_port_.UpdateAllDisplayPath()
2025/11/03 14:44:55.079 [T:0x9a772] [DbgStr] After calling display_control_client_listener_.GetAllDisplayEDID()
2025/11/03 14:44:55.080 [T:0x9a772] [DisplayControl] Version = 3.0.6.0
2025/11/03 14:44:55.081 [T:0x9a772] [DisplayControl] Enter ObtainControlHandler1
2025/11/03 14:44:55.081 [T:0x9a772] [DisplayControl] GetVideoPortCommander
2025/11/03 14:44:55.081 [T:0x9a772] [DisplayControl] GetUSBHubCommander
2025/11/03 14:44:55.081 [T:0x9a772] ====== List p_lpo_display_info_video_port, # of devices is ======2
2025/11/03 14:44:55.081 [T:0x9a772] [DisplayControl] index of p_lpo_display_info_video_port0
2025/11/03 14:44:55.081 [T:0x9a772] [DisplayControl] Model name from VideoPort = VG2458
2025/11/03 14:44:55.081 [T:0x9a772] [DisplayControl] SN from VideoPort = YDJ243400006
2025/11/03 14:44:55.081 [T:0x9a772] [DisplayControl] index of p_lpo_display_info_video_port1
2025/11/03 14:44:55.081 [T:0x9a772] [DisplayControl] Model name from VideoPort = VG275
2025/11/03 14:44:55.081 [T:0x9a772] [DisplayControl] SN from VideoPort = XF6232400003
2025/11/03 14:44:55.081 [T:0x9a772] ====== List p_lpo_display_info_rtd_scalar_rts_hub, # of devices is ======0
2025/11/03 14:44:55.081 [T:0x9a772] [DisplayControl] GetVSRtkHubControlClientListener
2025/11/03 14:44:55.081 [T:0x9a772] [DisplayControl] max monitor count = 2
2025/11/03 14:44:55.081 [T:0x9a772] [DisplayControl] index of display_info_vec = 0
2025/11/03 14:44:55.081 [T:0x9a772] [DisplayControl] index of p_lpo_display_info_video_port = 0
2025/11/03 14:44:55.081 [T:0x9a772] [DisplayControl] VideoPortMatchingRule
2025/11/03 14:44:55.081 [T:0x9a772] [DisplayControl] monitor display_info_model_name = VG2458
2025/11/03 14:44:55.081 [T:0x9a772] [DisplayControl] monitor video_port_model_name = VG2458
2025/11/03 14:44:55.081 [T:0x9a772] [DisplayControl] monitor display_info_sn = YDJ243400006
2025/11/03 14:44:55.081 [T:0x9a772] [DisplayControl] monitor video_port_sn = YDJ243400006
2025/11/03 14:44:55.081 [T:0x9a772] [DisplayControl] model_name_match = 1
2025/11/03 14:44:55.081 [T:0x9a772] [DisplayControl] sn_match = 1
2025/11/03 14:44:55.081 [T:0x9a772] [DisplayControl] video_port is_match = 1
2025/11/03 14:44:55.081 [T:0x9a772] [DisplayControl] index of display_info_vec = 1
2025/11/03 14:44:55.082 [T:0x9a772] [DisplayControl] index of p_lpo_display_info_video_port = 0
2025/11/03 14:44:55.082 [T:0x9a772] [DisplayControl] VideoPortMatchingRule
2025/11/03 14:44:55.082 [T:0x9a772] [DisplayControl] monitor display_info_model_name = VG275
2025/11/03 14:44:55.082 [T:0x9a772] [DisplayControl] monitor video_port_model_name = VG2458
2025/11/03 14:44:55.082 [T:0x9a772] [DisplayControl] monitor display_info_sn = XF6232400003
2025/11/03 14:44:55.082 [T:0x9a772] [DisplayControl] monitor video_port_sn = YDJ243400006
2025/11/03 14:44:55.082 [T:0x9a772] [DisplayControl] model_name_match = 0
2025/11/03 14:44:55.082 [T:0x9a772] [DisplayControl] sn_match = 0
2025/11/03 14:44:55.082 [T:0x9a772] [DisplayControl] video_port is_match = 0
2025/11/03 14:44:55.082 [T:0x9a772] [DisplayControl] index of display_info_vec = 1
2025/11/03 14:44:55.082 [T:0x9a772] [DisplayControl] index of p_lpo_display_info_video_port = 1
2025/11/03 14:44:55.082 [T:0x9a772] [DisplayControl] VideoPortMatchingRule
2025/11/03 14:44:55.082 [T:0x9a772] [DisplayControl] monitor display_info_model_name = VG275
2025/11/03 14:44:55.082 [T:0x9a772] [DisplayControl] monitor video_port_model_name = VG275
2025/11/03 14:44:55.082 [T:0x9a772] [DisplayControl] monitor display_info_sn = XF6232400003
2025/11/03 14:44:55.082 [T:0x9a772] [DisplayControl] monitor video_port_sn = XF6232400003
2025/11/03 14:44:55.082 [T:0x9a772] [DisplayControl] model_name_match = 1
2025/11/03 14:44:55.082 [T:0x9a772] [DisplayControl] sn_match = 1
2025/11/03 14:44:55.082 [T:0x9a772] [DisplayControl] video_port is_match = 1
2025/11/03 14:44:55.082 [T:0x9a772] [DisplayControl] i = 0
2025/11/03 14:44:55.082 [T:0x9a772] [DisplayControl] Enter OperationThread::OperationThread()
2025/11/03 14:44:55.082 [T:0x9a772] [DisplayControl] Enter OperationThread::CreateThread
2025/11/03 14:44:55.082 [T:0x9a772] [DisplayControl] new DisplayFunctioner
2025/11/03 14:44:55.082 [T:0x9a772] [DisplayControl] insert displayer_vector
2025/11/03 14:44:55.082 [T:0x9a772] [DisplayControl] insert modelName_SN_to_Display_map
2025/11/03 14:44:55.082 [T:0x9a772] [DisplayControl] insert device_id_to_Displayer_map_
2025/11/03 14:44:55.083 [T:0x9a772] [DisplayControl] i = 1
2025/11/03 14:44:55.083 [T:0x9a772] [DisplayControl] Enter OperationThread::OperationThread()
2025/11/03 14:44:55.083 [T:0x9a772] [DisplayControl] Enter OperationThread::CreateThread
2025/11/03 14:44:55.083 [T:0x9a772] [DisplayControl] new DisplayFunctioner
2025/11/03 14:44:55.083 [T:0x9a772] [DisplayControl] insert displayer_vector
2025/11/03 14:44:55.083 [T:0x9a772] [DisplayControl] insert modelName_SN_to_Display_map
2025/11/03 14:44:55.083 [T:0x9a772] [DisplayControl] insert device_id_to_Displayer_map_
2025/11/03 14:44:55.083 [T:0x9a772] [DisplayControl] monitor size = 2
2025/11/03 14:44:55.083 [T:0x9a772] [DisplayControl] Exit ObtainControlHandler
2025/11/03 14:44:55.083 [T:0x9a772] [DisplayControl] Enter MCCSOtherSet::GetVCP(), vcp code = 96
2025/11/03 14:44:55.155 [T:0x9a772] [DisplayControl] Exit MCCSOtherSet::GetVCP()
2025/11/03 14:44:55.438 [T:0x9a772] [DisplayControl] Enter MCCSOtherSet::GetVCP(), vcp code = 96
2025/11/03 14:44:55.519 [T:0x9a772] [DisplayControl] Exit MCCSOtherSet::GetVCP()
2025/11/03 14:44:55.800 [T:0x9a772] [DisplayControl] Enter MCCSOtherSet::SetVCP(), vcp code = 51
2025/11/03 14:44:56.106 [T:0x9a772] [DisplayControl] Exit MCCSOtherSet::SetVCP()
2025/11/03 14:44:56.106 [T:0x9a772] [DisplayControl] Enter MCCSOtherSet::SetVCP(), vcp code = 51
2025/11/03 14:44:56.269 [T:0x9a772] [DisplayControl] Exit MCCSOtherSet::SetVCP()
2025/11/03 14:44:56.269 [T:0x9a772] [DisplayControl] Enter MCCSOtherSet::GetVCP(), vcp code = 135
2025/11/03 14:44:56.342 [T:0x9a772] [DisplayControl] Exit MCCSOtherSet::GetVCP()
2025/11/03 14:44:56.449 [T:0x9a772] [DisplayControl] Enter MCCSOtherSet::GetVCP(), vcp code = 16
2025/11/03 14:44:56.530 [T:0x9a772] [DisplayControl] Exit MCCSOtherSet::GetVCP()
2025/11/03 14:44:56.636 [T:0x9a772] [DisplayControl] Enter MCCSOtherSet::GetVCP(), vcp code = 43
2025/11/03 14:44:56.716 [T:0x9a772] [DisplayControl] Exit MCCSOtherSet::GetVCP()
2025/11/03 14:44:56.823 [T:0x9a772] [DisplayControl] Enter MCCSOtherSet::GetVCP(), vcp code = 225
2025/11/03 14:44:56.904 [T:0x9a772] [DisplayControl] Exit MCCSOtherSet::GetVCP()
2025/11/03 14:44:57.010 [T:0x9a772] [DisplayControl] Enter MCCSOtherSet::GetVCP(), vcp code = 245
2025/11/03 14:44:57.091 [T:0x9a772] [DisplayControl] Exit MCCSOtherSet::GetVCP()
2025/11/03 14:44:57.197 [T:0x9a772] [DisplayControl] Enter MCCSOtherSet::GetVCP(), vcp code = 97
2025/11/03 14:44:57.277 [T:0x9a772] [DisplayControl] Exit MCCSOtherSet::GetVCP()
2025/11/03 14:44:57.384 [T:0x9a772] [DisplayControl] Enter MCCSOtherSet::GetVCP(), vcp code = 96
2025/11/03 14:44:57.465 [T:0x9a772] [DisplayControl] Exit MCCSOtherSet::GetVCP()
2025/11/03 14:44:57.571 [T:0x9a772] [DisplayControl] Enter MCCSOtherSet::GetVCP(), vcp code = 98
2025/11/03 14:44:57.652 [T:0x9a772] [DisplayControl] Exit MCCSOtherSet::GetVCP()
2025/11/03 14:44:57.760 [T:0x9a772] [DisplayControl] Enter MCCSOtherSet::GetVCP(), vcp code = 18
2025/11/03 14:44:57.839 [T:0x9a772] [DisplayControl] Exit MCCSOtherSet::GetVCP()
2025/11/03 14:44:57.945 [T:0x9a772] [DisplayControl] Enter MCCSOtherSet::GetVCP(), vcp code = 4
2025/11/03 14:44:58.026 [T:0x9a772] [DisplayControl] Exit MCCSOtherSet::GetVCP()
2025/11/03 14:44:58.133 [T:0x9a772] [DisplayControl] Enter MCCSOtherSet::GetVCP(), vcp code = 20
2025/11/03 14:44:58.215 [T:0x9a772] [DisplayControl] Exit MCCSOtherSet::GetVCP()
2025/11/03 14:44:58.322 [T:0x9a772] [DisplayControl] Enter MCCSOtherSet::GetVCP(), vcp code = 220
2025/11/03 14:44:58.402 [T:0x9a772] [DisplayControl] Exit MCCSOtherSet::GetVCP()
2025/11/03 14:44:58.509 [T:0x9a772] [DisplayControl] Enter MCCSOtherSet::GetVCP(), vcp code = 141
2025/11/03 14:44:58.590 [T:0x9a772] [DisplayControl] Exit MCCSOtherSet::GetVCP()
2025/11/03 14:44:58.695 [T:0x9a772] [DisplayControl] Enter MCCSOtherSet::GetVCP(), vcp code = 51
2025/11/03 14:44:58.776 [T:0x9a772] [DisplayControl] Exit MCCSOtherSet::GetVCP()
2025/11/03 14:44:58.882 [T:0x9a772] [DisplayControl] Enter MCCSOtherSet::GetVCP(), vcp code = 135
2025/11/03 14:44:58.966 [T:0x9a772] [DisplayControl] Exit MCCSOtherSet::GetVCP()
2025/11/03 14:44:59.069 [T:0x9a772] [DisplayControl] Enter MCCSOtherSet::GetVCP(), vcp code = 16
2025/11/03 14:44:59.155 [T:0x9a772] [DisplayControl] Exit MCCSOtherSet::GetVCP()
2025/11/03 14:44:59.257 [T:0x9a772] [DisplayControl] Enter MCCSOtherSet::GetVCP(), vcp code = 43
2025/11/03 14:44:59.341 [T:0x9a772] [DisplayControl] Exit MCCSOtherSet::GetVCP()
2025/11/03 14:44:59.445 [T:0x9a772] [DisplayControl] Enter MCCSOtherSet::GetVCP(), vcp code = 225
2025/11/03 14:44:59.530 [T:0x9a772] [DisplayControl] Exit MCCSOtherSet::GetVCP()
2025/11/03 14:44:59.632 [T:0x9a772] [DisplayControl] Enter MCCSOtherSet::GetVCP(), vcp code = 97
2025/11/03 14:44:59.717 [T:0x9a772] [DisplayControl] Exit MCCSOtherSet::GetVCP()
2025/11/03 14:44:59.820 [T:0x9a772] [DisplayControl] Enter MCCSOtherSet::GetVCP(), vcp code = 96
2025/11/03 14:44:59.906 [T:0x9a772] [DisplayControl] Exit MCCSOtherSet::GetVCP()
2025/11/03 14:45:00.009 [T:0x9a772] [DisplayControl] Enter MCCSOtherSet::GetVCP(), vcp code = 98
2025/11/03 14:45:00.095 [T:0x9a772] [DisplayControl] Exit MCCSOtherSet::GetVCP()
2025/11/03 14:45:00.198 [T:0x9a772] [DisplayControl] Enter MCCSOtherSet::GetVCP(), vcp code = 18
2025/11/03 14:45:00.285 [T:0x9a772] [DisplayControl] Exit MCCSOtherSet::GetVCP()
2025/11/03 14:45:00.387 [T:0x9a772] [DisplayControl] Enter MCCSOtherSet::GetVCP(), vcp code = 4
2025/11/03 14:45:00.471 [T:0x9a772] [DisplayControl] Exit MCCSOtherSet::GetVCP()
2025/11/03 14:45:00.573 [T:0x9a772] [DisplayControl] Enter MCCSOtherSet::GetVCP(), vcp code = 236
2025/11/03 14:45:00.658 [T:0x9a772] [DisplayControl] Exit MCCSOtherSet::GetVCP()
2025/11/03 14:45:00.759 [T:0x9a772] [DisplayControl] Enter MCCSOtherSet::GetVCP(), vcp code = 220
2025/11/03 14:45:00.845 [T:0x9a772] [DisplayControl] Exit MCCSOtherSet::GetVCP()
2025/11/03 14:45:00.948 [T:0x9a772] [DisplayControl] Enter MCCSOtherSet::GetVCP(), vcp code = 141
2025/11/03 14:45:01.032 [T:0x9a772] [DisplayControl] Exit MCCSOtherSet::GetVCP()
2025/11/03 14:45:01.135 [T:0x9a772] [DisplayControl] Enter MCCSOtherSet::GetVCP(), vcp code = 226
2025/11/03 14:45:01.220 [T:0x9a772] [DisplayControl] Exit MCCSOtherSet::GetVCP()
2025/11/03 14:45:01.323 [T:0x9a772] [DisplayControl] Enter MCCSOtherSet::GetVCP(), vcp code = 51
2025/11/03 14:45:01.410 [T:0x9a772] [DisplayControl] Exit MCCSOtherSet::GetVCP()
2025/11/03 14:45:01.524 [T:0x9a772] [DisplayControl] Enter MCCSOtherSet::SetVCP(), vcp code = 51
2025/11/03 14:45:01.688 [T:0x9a772] [DisplayControl] Exit MCCSOtherSet::SetVCP()
2025/11/03 14:45:01.698 [T:0xe57e4] [DisplayControl] Enter MCCSOtherSet::GetVCP(), vcp code = 96
2025/11/03 14:45:01.863 [T:0xe57e4] [DisplayControl] Exit MCCSOtherSet::GetVCP()
2025/11/03 14:46:35.686 [T:0x96d2a] [DisplayControl] Enter MCCSOtherSet::SetVCP(), vcp code = 51
2025/11/03 14:46:36.024 [T:0x96d2a] [DisplayControl] Exit MCCSOtherSet::SetVCP()
2025/11/03 14:46:51.729 [T:0x96d2a] [DisplayControl] Enter MCCSOtherSet::SetVCP(), vcp code = 96
2025/11/03 14:46:52.334 [T:0x96d2a] [DisplayControl] Exit MCCSOtherSet::SetVCP()
2025/11/03 14:46:59.129 [T:0x96d2a] [DisplayControl] Enter OperationThread::ExitThread
2025/11/03 14:46:59.130 [T:0x96d2a] [DisplayControl] Exit OperationThread::ExitThread
2025/11/03 14:46:59.130 [T:0x96d2a] [DisplayControl] Enter OperationThread::~OperationThread()
2025/11/03 14:46:59.130 [T:0x96d2a] [DisplayControl] Enter OperationThread::ExitThread
2025/11/03 14:46:59.131 [T:0x96d2a] [DisplayControl] Enter OperationThread::ExitThread
2025/11/03 14:46:59.131 [T:0x96d2a] [DisplayControl] Exit OperationThread::ExitThread
2025/11/03 14:46:59.132 [T:0x96d2a] [DisplayControl] Enter OperationThread::~OperationThread()
2025/11/03 14:46:59.132 [T:0x96d2a] [DisplayControl] Enter OperationThread::ExitThread
2025/11/03 14:46:59.200 [T:0x96d2a] [DbgStr] After calling display_control_client_listener_video_port_.UpdateAllDisplayPath()
2025/11/03 14:46:59.218 [T:0x96d2a] [DbgStr] After calling display_control_client_listener_.GetAllDisplayEDID()
2025/11/03 14:46:59.220 [T:0x96d2a] [DisplayControl] Version = 3.0.6.0
2025/11/03 14:46:59.220 [T:0x96d2a] [DisplayControl] Enter ObtainControlHandler1
2025/11/03 14:46:59.220 [T:0x96d2a] [DisplayControl] GetVideoPortCommander
2025/11/03 14:46:59.220 [T:0x96d2a] [DisplayControl] GetUSBHubCommander
2025/11/03 14:46:59.220 [T:0x96d2a] ====== List p_lpo_display_info_video_port, # of devices is ======2
2025/11/03 14:46:59.220 [T:0x96d2a] [DisplayControl] index of p_lpo_display_info_video_port0
2025/11/03 14:46:59.220 [T:0x96d2a] [DisplayControl] Model name from VideoPort = VG2458
2025/11/03 14:46:59.220 [T:0x96d2a] [DisplayControl] SN from VideoPort = YDJ243400006
2025/11/03 14:46:59.220 [T:0x96d2a] [DisplayControl] index of p_lpo_display_info_video_port1
2025/11/03 14:46:59.220 [T:0x96d2a] [DisplayControl] Model name from VideoPort = VG275
2025/11/03 14:46:59.221 [T:0x96d2a] [DisplayControl] SN from VideoPort = XF6232400003
2025/11/03 14:46:59.221 [T:0x96d2a] ====== List p_lpo_display_info_rtd_scalar_rts_hub, # of devices is ======0
2025/11/03 14:46:59.221 [T:0x96d2a] [DisplayControl] GetVSRtkHubControlClientListener
2025/11/03 14:46:59.221 [T:0x96d2a] [DisplayControl] max monitor count = 2
2025/11/03 14:46:59.221 [T:0x96d2a] [DisplayControl] index of display_info_vec = 0
2025/11/03 14:46:59.221 [T:0x96d2a] [DisplayControl] index of p_lpo_display_info_video_port = 0
2025/11/03 14:46:59.221 [T:0x96d2a] [DisplayControl] VideoPortMatchingRule
2025/11/03 14:46:59.221 [T:0x96d2a] [DisplayControl] monitor display_info_model_name = VG2458
2025/11/03 14:46:59.221 [T:0x96d2a] [DisplayControl] monitor video_port_model_name = VG2458
2025/11/03 14:46:59.221 [T:0x96d2a] [DisplayControl] monitor display_info_sn = YDJ243400006
2025/11/03 14:46:59.221 [T:0x96d2a] [DisplayControl] monitor video_port_sn = YDJ243400006
2025/11/03 14:46:59.221 [T:0x96d2a] [DisplayControl] model_name_match = 1
2025/11/03 14:46:59.221 [T:0x96d2a] [DisplayControl] sn_match = 1
2025/11/03 14:46:59.221 [T:0x96d2a] [DisplayControl] video_port is_match = 1
2025/11/03 14:46:59.221 [T:0x96d2a] [DisplayControl] index of display_info_vec = 1
2025/11/03 14:46:59.221 [T:0x96d2a] [DisplayControl] index of p_lpo_display_info_video_port = 0
2025/11/03 14:46:59.221 [T:0x96d2a] [DisplayControl] VideoPortMatchingRule
2025/11/03 14:46:59.221 [T:0x96d2a] [DisplayControl] monitor display_info_model_name = VG275
2025/11/03 14:46:59.221 [T:0x96d2a] [DisplayControl] monitor video_port_model_name = VG2458
2025/11/03 14:46:59.221 [T:0x96d2a] [DisplayControl] monitor display_info_sn = XF6232400003
2025/11/03 14:46:59.221 [T:0x96d2a] [DisplayControl] monitor video_port_sn = YDJ243400006
2025/11/03 14:46:59.221 [T:0x96d2a] [DisplayControl] model_name_match = 0
2025/11/03 14:46:59.221 [T:0x96d2a] [DisplayControl] sn_match = 0
2025/11/03 14:46:59.221 [T:0x96d2a] [DisplayControl] video_port is_match = 0
2025/11/03 14:46:59.221 [T:0x96d2a] [DisplayControl] index of display_info_vec = 1
2025/11/03 14:46:59.221 [T:0x96d2a] [DisplayControl] index of p_lpo_display_info_video_port = 1
2025/11/03 14:46:59.221 [T:0x96d2a] [DisplayControl] VideoPortMatchingRule
2025/11/03 14:46:59.222 [T:0x96d2a] [DisplayControl] monitor display_info_model_name = VG275
2025/11/03 14:46:59.222 [T:0x96d2a] [DisplayControl] monitor video_port_model_name = VG275
2025/11/03 14:46:59.222 [T:0x96d2a] [DisplayControl] monitor display_info_sn = XF6232400003
2025/11/03 14:46:59.222 [T:0x96d2a] [DisplayControl] monitor video_port_sn = XF6232400003
2025/11/03 14:46:59.222 [T:0x96d2a] [DisplayControl] model_name_match = 1
2025/11/03 14:46:59.222 [T:0x96d2a] [DisplayControl] sn_match = 1
2025/11/03 14:46:59.222 [T:0x96d2a] [DisplayControl] video_port is_match = 1
2025/11/03 14:46:59.222 [T:0x96d2a] [DisplayControl] i = 0
2025/11/03 14:46:59.222 [T:0x96d2a] [DisplayControl] Enter OperationThread::OperationThread()
2025/11/03 14:46:59.222 [T:0x96d2a] [DisplayControl] Enter OperationThread::CreateThread
2025/11/03 14:46:59.222 [T:0x96d2a] [DisplayControl] new DisplayFunctioner
2025/11/03 14:46:59.222 [T:0x96d2a] [DisplayControl] insert displayer_vector
2025/11/03 14:46:59.222 [T:0x96d2a] [DisplayControl] insert modelName_SN_to_Display_map
2025/11/03 14:46:59.222 [T:0x96d2a] [DisplayControl] insert device_id_to_Displayer_map_
2025/11/03 14:46:59.222 [T:0x96d2a] [DisplayControl] i = 1
2025/11/03 14:46:59.222 [T:0x96d2a] [DisplayControl] Enter OperationThread::OperationThread()
2025/11/03 14:46:59.222 [T:0x96d2a] [DisplayControl] Enter OperationThread::CreateThread
2025/11/03 14:46:59.222 [T:0x96d2a] [DisplayControl] new DisplayFunctioner
2025/11/03 14:46:59.222 [T:0x96d2a] [DisplayControl] insert displayer_vector
2025/11/03 14:46:59.222 [T:0x96d2a] [DisplayControl] insert modelName_SN_to_Display_map
2025/11/03 14:46:59.222 [T:0x96d2a] [DisplayControl] insert device_id_to_Displayer_map_
2025/11/03 14:46:59.222 [T:0x96d2a] [DisplayControl] monitor size = 2
2025/11/03 14:46:59.222 [T:0x96d2a] [DisplayControl] Exit ObtainControlHandler
2025/11/03 14:46:59.223 [T:0x96d2a] [DisplayControl] Enter MCCSOtherSet::GetVCP(), vcp code = 96
2025/11/03 14:46:59.308 [T:0x96d2a] [DisplayControl] Exit MCCSOtherSet::GetVCP()
2025/11/03 14:46:59.592 [T:0x96d2a] [DisplayControl] Enter MCCSOtherSet::GetVCP(), vcp code = 96
2025/11/03 14:46:59.672 [T:0x96d2a] [DisplayControl] Exit MCCSOtherSet::GetVCP()
2025/11/03 14:46:59.955 [T:0x96d2a] [DisplayControl] Enter MCCSOtherSet::SetVCP(), vcp code = 51
2025/11/03 14:47:00.264 [T:0x96d2a] [DisplayControl] Exit MCCSOtherSet::SetVCP()
2025/11/03 14:47:00.265 [T:0x96d2a] [DisplayControl] Enter MCCSOtherSet::SetVCP(), vcp code = 51
2025/11/03 14:47:00.426 [T:0x96d2a] [DisplayControl] Exit MCCSOtherSet::SetVCP()
2025/11/03 14:47:00.427 [T:0x96d2a] [DisplayControl] Enter MCCSOtherSet::GetVCP(), vcp code = 135
2025/11/03 14:47:00.500 [T:0x96d2a] [DisplayControl] Exit MCCSOtherSet::GetVCP()
2025/11/03 14:47:00.607 [T:0x96d2a] [DisplayControl] Enter MCCSOtherSet::GetVCP(), vcp code = 16
2025/11/03 14:47:00.689 [T:0x96d2a] [DisplayControl] Exit MCCSOtherSet::GetVCP()
2025/11/03 14:47:00.795 [T:0x96d2a] [DisplayControl] Enter MCCSOtherSet::GetVCP(), vcp code = 43
2025/11/03 14:47:00.877 [T:0x96d2a] [DisplayControl] Exit MCCSOtherSet::GetVCP()
2025/11/03 14:47:00.984 [T:0x96d2a] [DisplayControl] Enter MCCSOtherSet::GetVCP(), vcp code = 225
2025/11/03 14:47:01.066 [T:0x96d2a] [DisplayControl] Exit MCCSOtherSet::GetVCP()
2025/11/03 14:47:01.175 [T:0x96d2a] [DisplayControl] Enter MCCSOtherSet::GetVCP(), vcp code = 245
2025/11/03 14:47:01.256 [T:0x96d2a] [DisplayControl] Exit MCCSOtherSet::GetVCP()
2025/11/03 14:47:01.363 [T:0x96d2a] [DisplayControl] Enter MCCSOtherSet::GetVCP(), vcp code = 97
2025/11/03 14:47:01.445 [T:0x96d2a] [DisplayControl] Exit MCCSOtherSet::GetVCP()
2025/11/03 14:47:01.552 [T:0x96d2a] [DisplayControl] Enter MCCSOtherSet::GetVCP(), vcp code = 96
2025/11/03 14:47:01.632 [T:0x96d2a] [DisplayControl] Exit MCCSOtherSet::GetVCP()
2025/11/03 14:47:01.740 [T:0x96d2a] [DisplayControl] Enter MCCSOtherSet::GetVCP(), vcp code = 98
2025/11/03 14:47:01.822 [T:0x96d2a] [DisplayControl] Exit MCCSOtherSet::GetVCP()
2025/11/03 14:47:01.929 [T:0x96d2a] [DisplayControl] Enter MCCSOtherSet::GetVCP(), vcp code = 18
2025/11/03 14:47:02.010 [T:0x96d2a] [DisplayControl] Exit MCCSOtherSet::GetVCP()
2025/11/03 14:47:02.118 [T:0x96d2a] [DisplayControl] Enter MCCSOtherSet::GetVCP(), vcp code = 4
2025/11/03 14:47:02.199 [T:0x96d2a] [DisplayControl] Exit MCCSOtherSet::GetVCP()
2025/11/03 14:47:02.306 [T:0x96d2a] [DisplayControl] Enter MCCSOtherSet::GetVCP(), vcp code = 20
2025/11/03 14:47:02.386 [T:0x96d2a] [DisplayControl] Exit MCCSOtherSet::GetVCP()
2025/11/03 14:47:02.493 [T:0x96d2a] [DisplayControl] Enter MCCSOtherSet::GetVCP(), vcp code = 220
2025/11/03 14:47:02.573 [T:0x96d2a] [DisplayControl] Exit MCCSOtherSet::GetVCP()
2025/11/03 14:47:02.679 [T:0x96d2a] [DisplayControl] Enter MCCSOtherSet::GetVCP(), vcp code = 141
2025/11/03 14:47:02.761 [T:0x96d2a] [DisplayControl] Exit MCCSOtherSet::GetVCP()
2025/11/03 14:47:02.868 [T:0x96d2a] [DisplayControl] Enter MCCSOtherSet::GetVCP(), vcp code = 51
2025/11/03 14:47:02.949 [T:0x96d2a] [DisplayControl] Exit MCCSOtherSet::GetVCP()
2025/11/03 14:47:03.058 [T:0x96d2a] [DisplayControl] Enter MCCSOtherSet::GetVCP(), vcp code = 135
2025/11/03 14:47:03.143 [T:0x96d2a] [DisplayControl] Exit MCCSOtherSet::GetVCP()
2025/11/03 14:47:03.246 [T:0x96d2a] [DisplayControl] Enter MCCSOtherSet::GetVCP(), vcp code = 16
2025/11/03 14:47:03.330 [T:0x96d2a] [DisplayControl] Exit MCCSOtherSet::GetVCP()
2025/11/03 14:47:03.432 [T:0x96d2a] [DisplayControl] Enter MCCSOtherSet::GetVCP(), vcp code = 43
2025/11/03 14:47:03.517 [T:0x96d2a] [DisplayControl] Exit MCCSOtherSet::GetVCP()
2025/11/03 14:47:03.620 [T:0x96d2a] [DisplayControl] Enter MCCSOtherSet::GetVCP(), vcp code = 225
2025/11/03 14:47:03.705 [T:0x96d2a] [DisplayControl] Exit MCCSOtherSet::GetVCP()
2025/11/03 14:47:03.808 [T:0x96d2a] [DisplayControl] Enter MCCSOtherSet::GetVCP(), vcp code = 97
2025/11/03 14:47:03.894 [T:0x96d2a] [DisplayControl] Exit MCCSOtherSet::GetVCP()
2025/11/03 14:47:03.996 [T:0x96d2a] [DisplayControl] Enter MCCSOtherSet::GetVCP(), vcp code = 96
2025/11/03 14:47:04.081 [T:0x96d2a] [DisplayControl] Exit MCCSOtherSet::GetVCP()
2025/11/03 14:47:04.184 [T:0x96d2a] [DisplayControl] Enter MCCSOtherSet::GetVCP(), vcp code = 98
2025/11/03 14:47:04.268 [T:0x96d2a] [DisplayControl] Exit MCCSOtherSet::GetVCP()
2025/11/03 14:47:04.371 [T:0x96d2a] [DisplayControl] Enter MCCSOtherSet::GetVCP(), vcp code = 18
2025/11/03 14:47:04.456 [T:0x96d2a] [DisplayControl] Exit MCCSOtherSet::GetVCP()
2025/11/03 14:47:04.557 [T:0x96d2a] [DisplayControl] Enter MCCSOtherSet::GetVCP(), vcp code = 4
2025/11/03 14:47:04.643 [T:0x96d2a] [DisplayControl] Exit MCCSOtherSet::GetVCP()
2025/11/03 14:47:04.746 [T:0x96d2a] [DisplayControl] Enter MCCSOtherSet::GetVCP(), vcp code = 236
2025/11/03 14:47:04.831 [T:0x96d2a] [DisplayControl] Exit MCCSOtherSet::GetVCP()
2025/11/03 14:47:04.933 [T:0x96d2a] [DisplayControl] Enter MCCSOtherSet::GetVCP(), vcp code = 220
2025/11/03 14:47:05.018 [T:0x96d2a] [DisplayControl] Exit MCCSOtherSet::GetVCP()
2025/11/03 14:47:05.121 [T:0x96d2a] [DisplayControl] Enter MCCSOtherSet::GetVCP(), vcp code = 141
2025/11/03 14:47:05.206 [T:0x96d2a] [DisplayControl] Exit MCCSOtherSet::GetVCP()
2025/11/03 14:47:05.308 [T:0x96d2a] [DisplayControl] Enter MCCSOtherSet::GetVCP(), vcp code = 226
2025/11/03 14:47:05.394 [T:0x96d2a] [DisplayControl] Exit MCCSOtherSet::GetVCP()
2025/11/03 14:47:05.496 [T:0x96d2a] [DisplayControl] Enter MCCSOtherSet::GetVCP(), vcp code = 51
2025/11/03 14:47:05.580 [T:0x96d2a] [DisplayControl] Exit MCCSOtherSet::GetVCP()
2025/11/03 14:47:05.694 [T:0x96d2a] [DisplayControl] Enter MCCSOtherSet::SetVCP(), vcp code = 51
2025/11/03 14:47:05.857 [T:0x96d2a] [DisplayControl] Exit MCCSOtherSet::SetVCP()
2025/11/03 14:47:05.863 [T:0xe57e4] [DisplayControl] Enter MCCSOtherSet::GetVCP(), vcp code = 96
2025/11/03 14:47:06.036 [T:0xe57e4] [DisplayControl] Exit MCCSOtherSet::GetVCP()
2025/11/03 14:48:43.488 [T:0xe57e4] [DisplayControl] Enter OperationThread::ExitThread
2025/11/03 14:48:43.489 [T:0xe57e4] [DisplayControl] Exit OperationThread::ExitThread
2025/11/03 14:48:43.489 [T:0xe57e4] [DisplayControl] Enter OperationThread::~OperationThread()
2025/11/03 14:48:43.489 [T:0xe57e4] [DisplayControl] Enter OperationThread::ExitThread
2025/11/03 14:48:43.489 [T:0xe57e4] [DisplayControl] Enter OperationThread::ExitThread
2025/11/03 14:48:43.489 [T:0xe57e4] [DisplayControl] Exit OperationThread::ExitThread
2025/11/03 14:48:43.489 [T:0xe57e4] [DisplayControl] Enter OperationThread::~OperationThread()
2025/11/03 14:48:43.489 [T:0xe57e4] [DisplayControl] Enter OperationThread::ExitThread
2025/11/03 14:48:43.566 [T:0xe57e4] [DbgStr] After calling display_control_client_listener_video_port_.UpdateAllDisplayPath()
2025/11/03 14:48:43.585 [T:0xe57e4] [DbgStr] After calling display_control_client_listener_.GetAllDisplayEDID()
2025/11/03 14:48:43.587 [T:0xe57e4] [DisplayControl] Version = 3.0.6.0
2025/11/03 14:48:43.587 [T:0xe57e4] [DisplayControl] Enter ObtainControlHandler1
2025/11/03 14:48:43.587 [T:0xe57e4] [DisplayControl] GetVideoPortCommander
2025/11/03 14:48:43.587 [T:0xe57e4] [DisplayControl] GetUSBHubCommander
2025/11/03 14:48:43.587 [T:0xe57e4] ====== List p_lpo_display_info_video_port, # of devices is ======2
2025/11/03 14:48:43.587 [T:0xe57e4] [DisplayControl] index of p_lpo_display_info_video_port0
2025/11/03 14:48:43.587 [T:0xe57e4] [DisplayControl] Model name from VideoPort = VG2458
2025/11/03 14:48:43.588 [T:0xe57e4] [DisplayControl] SN from VideoPort = YDJ243400006
2025/11/03 14:48:43.588 [T:0xe57e4] [DisplayControl] index of p_lpo_display_info_video_port1
2025/11/03 14:48:43.588 [T:0xe57e4] [DisplayControl] Model name from VideoPort = VG275
2025/11/03 14:48:43.588 [T:0xe57e4] [DisplayControl] SN from VideoPort = XF6232400003
2025/11/03 14:48:43.588 [T:0xe57e4] ====== List p_lpo_display_info_rtd_scalar_rts_hub, # of devices is ======0
2025/11/03 14:48:43.588 [T:0xe57e4] [DisplayControl] GetVSRtkHubControlClientListener
2025/11/03 14:48:43.588 [T:0xe57e4] [DisplayControl] max monitor count = 2
2025/11/03 14:48:43.588 [T:0xe57e4] [DisplayControl] index of display_info_vec = 0
2025/11/03 14:48:43.588 [T:0xe57e4] [DisplayControl] index of p_lpo_display_info_video_port = 0
2025/11/03 14:48:43.588 [T:0xe57e4] [DisplayControl] VideoPortMatchingRule
2025/11/03 14:48:43.588 [T:0xe57e4] [DisplayControl] monitor display_info_model_name = VG2458
2025/11/03 14:48:43.588 [T:0xe57e4] [DisplayControl] monitor video_port_model_name = VG2458
2025/11/03 14:48:43.588 [T:0xe57e4] [DisplayControl] monitor display_info_sn = YDJ243400006
2025/11/03 14:48:43.588 [T:0xe57e4] [DisplayControl] monitor video_port_sn = YDJ243400006
2025/11/03 14:48:43.588 [T:0xe57e4] [DisplayControl] model_name_match = 1
2025/11/03 14:48:43.588 [T:0xe57e4] [DisplayControl] sn_match = 1
2025/11/03 14:48:43.588 [T:0xe57e4] [DisplayControl] video_port is_match = 1
2025/11/03 14:48:43.588 [T:0xe57e4] [DisplayControl] index of display_info_vec = 1
2025/11/03 14:48:43.588 [T:0xe57e4] [DisplayControl] index of p_lpo_display_info_video_port = 0
2025/11/03 14:48:43.588 [T:0xe57e4] [DisplayControl] VideoPortMatchingRule
2025/11/03 14:48:43.588 [T:0xe57e4] [DisplayControl] monitor display_info_model_name = VG275
2025/11/03 14:48:43.588 [T:0xe57e4] [DisplayControl] monitor video_port_model_name = VG2458
2025/11/03 14:48:43.588 [T:0xe57e4] [DisplayControl] monitor display_info_sn = XF6232400003
2025/11/03 14:48:43.588 [T:0xe57e4] [DisplayControl] monitor video_port_sn = YDJ243400006
2025/11/03 14:48:43.588 [T:0xe57e4] [DisplayControl] model_name_match = 0
2025/11/03 14:48:43.588 [T:0xe57e4] [DisplayControl] sn_match = 0
2025/11/03 14:48:43.588 [T:0xe57e4] [DisplayControl] video_port is_match = 0
2025/11/03 14:48:43.588 [T:0xe57e4] [DisplayControl] index of display_info_vec = 1
2025/11/03 14:48:43.589 [T:0xe57e4] [DisplayControl] index of p_lpo_display_info_video_port = 1
2025/11/03 14:48:43.589 [T:0xe57e4] [DisplayControl] VideoPortMatchingRule
2025/11/03 14:48:43.589 [T:0xe57e4] [DisplayControl] monitor display_info_model_name = VG275
2025/11/03 14:48:43.589 [T:0xe57e4] [DisplayControl] monitor video_port_model_name = VG275
2025/11/03 14:48:43.589 [T:0xe57e4] [DisplayControl] monitor display_info_sn = XF6232400003
2025/11/03 14:48:43.589 [T:0xe57e4] [DisplayControl] monitor video_port_sn = XF6232400003
2025/11/03 14:48:43.589 [T:0xe57e4] [DisplayControl] model_name_match = 1
2025/11/03 14:48:43.589 [T:0xe57e4] [DisplayControl] sn_match = 1
2025/11/03 14:48:43.589 [T:0xe57e4] [DisplayControl] video_port is_match = 1
2025/11/03 14:48:43.589 [T:0xe57e4] [DisplayControl] i = 0
2025/11/03 14:48:43.589 [T:0xe57e4] [DisplayControl] Enter OperationThread::OperationThread()
2025/11/03 14:48:43.589 [T:0xe57e4] [DisplayControl] Enter OperationThread::CreateThread
2025/11/03 14:48:43.589 [T:0xe57e4] [DisplayControl] new DisplayFunctioner
2025/11/03 14:48:43.589 [T:0xe57e4] [DisplayControl] insert displayer_vector
2025/11/03 14:48:43.589 [T:0xe57e4] [DisplayControl] insert modelName_SN_to_Display_map
2025/11/03 14:48:43.589 [T:0xe57e4] [DisplayControl] insert device_id_to_Displayer_map_
2025/11/03 14:48:43.589 [T:0xe57e4] [DisplayControl] i = 1
2025/11/03 14:48:43.589 [T:0xe57e4] [DisplayControl] Enter OperationThread::OperationThread()
2025/11/03 14:48:43.589 [T:0xe57e4] [DisplayControl] Enter OperationThread::CreateThread
2025/11/03 14:48:43.589 [T:0xe57e4] [DisplayControl] new DisplayFunctioner
2025/11/03 14:48:43.589 [T:0xe57e4] [DisplayControl] insert displayer_vector
2025/11/03 14:48:43.589 [T:0xe57e4] [DisplayControl] insert modelName_SN_to_Display_map
2025/11/03 14:48:43.589 [T:0xe57e4] [DisplayControl] insert device_id_to_Displayer_map_
2025/11/03 14:48:43.589 [T:0xe57e4] [DisplayControl] monitor size = 2
2025/11/03 14:48:43.590 [T:0xe57e4] [DisplayControl] Exit ObtainControlHandler
2025/11/03 14:50:40.247 [T:0xe57e4] [DisplayControl] Enter OperationThread::ExitThread
2025/11/03 14:50:40.248 [T:0xe57e4] [DisplayControl] Exit OperationThread::ExitThread
2025/11/03 14:50:40.248 [T:0xe57e4] [DisplayControl] Enter OperationThread::~OperationThread()
2025/11/03 14:50:40.248 [T:0xe57e4] [DisplayControl] Enter OperationThread::ExitThread
2025/11/03 14:50:40.248 [T:0xe57e4] [DisplayControl] Enter OperationThread::ExitThread
2025/11/03 14:50:40.248 [T:0xe57e4] [DisplayControl] Exit OperationThread::ExitThread
2025/11/03 14:50:40.248 [T:0xe57e4] [DisplayControl] Enter OperationThread::~OperationThread()
2025/11/03 14:50:40.248 [T:0xe57e4] [DisplayControl] Enter OperationThread::ExitThread
2025/11/03 14:50:40.318 [T:0xe57e4] [DbgStr] After calling display_control_client_listener_video_port_.UpdateAllDisplayPath()
2025/11/03 14:50:40.336 [T:0xe57e4] [DbgStr] After calling display_control_client_listener_.GetAllDisplayEDID()
2025/11/03 14:50:40.340 [T:0xe57e4] [DisplayControl] Version = 3.0.6.0
2025/11/03 14:50:40.340 [T:0xe57e4] [DisplayControl] Enter ObtainControlHandler1
2025/11/03 14:50:40.340 [T:0xe57e4] [DisplayControl] GetVideoPortCommander
2025/11/03 14:50:40.340 [T:0xe57e4] [DisplayControl] GetUSBHubCommander
2025/11/03 14:50:40.340 [T:0xe57e4] ====== List p_lpo_display_info_video_port, # of devices is ======2
2025/11/03 14:50:40.340 [T:0xe57e4] [DisplayControl] index of p_lpo_display_info_video_port0
2025/11/03 14:50:40.340 [T:0xe57e4] [DisplayControl] Model name from VideoPort = VG2458
2025/11/03 14:50:40.340 [T:0xe57e4] [DisplayControl] SN from VideoPort = YDJ243400006
2025/11/03 14:50:40.340 [T:0xe57e4] [DisplayControl] index of p_lpo_display_info_video_port1
2025/11/03 14:50:40.340 [T:0xe57e4] [DisplayControl] Model name from VideoPort = VG275
2025/11/03 14:50:40.340 [T:0xe57e4] [DisplayControl] SN from VideoPort = XF6232400003
2025/11/03 14:50:40.340 [T:0xe57e4] ====== List p_lpo_display_info_rtd_scalar_rts_hub, # of devices is ======0
2025/11/03 14:50:40.340 [T:0xe57e4] [DisplayControl] GetVSRtkHubControlClientListener
2025/11/03 14:50:40.340 [T:0xe57e4] [DisplayControl] max monitor count = 2
2025/11/03 14:50:40.341 [T:0xe57e4] [DisplayControl] index of display_info_vec = 0
2025/11/03 14:50:40.341 [T:0xe57e4] [DisplayControl] index of p_lpo_display_info_video_port = 0
2025/11/03 14:50:40.341 [T:0xe57e4] [DisplayControl] VideoPortMatchingRule
2025/11/03 14:50:40.341 [T:0xe57e4] [DisplayControl] monitor display_info_model_name = VG2458
2025/11/03 14:50:40.341 [T:0xe57e4] [DisplayControl] monitor video_port_model_name = VG2458
2025/11/03 14:50:40.341 [T:0xe57e4] [DisplayControl] monitor display_info_sn = YDJ243400006
2025/11/03 14:50:40.341 [T:0xe57e4] [DisplayControl] monitor video_port_sn = YDJ243400006
2025/11/03 14:50:40.341 [T:0xe57e4] [DisplayControl] model_name_match = 1
2025/11/03 14:50:40.341 [T:0xe57e4] [DisplayControl] sn_match = 1
2025/11/03 14:50:40.341 [T:0xe57e4] [DisplayControl] video_port is_match = 1
2025/11/03 14:50:40.341 [T:0xe57e4] [DisplayControl] index of display_info_vec = 1
2025/11/03 14:50:40.341 [T:0xe57e4] [DisplayControl] index of p_lpo_display_info_video_port = 0
2025/11/03 14:50:40.341 [T:0xe57e4] [DisplayControl] VideoPortMatchingRule
2025/11/03 14:50:40.341 [T:0xe57e4] [DisplayControl] monitor display_info_model_name = VG275
2025/11/03 14:50:40.341 [T:0xe57e4] [DisplayControl] monitor video_port_model_name = VG2458
2025/11/03 14:50:40.341 [T:0xe57e4] [DisplayControl] monitor display_info_sn = XF6232400003
2025/11/03 14:50:40.341 [T:0xe57e4] [DisplayControl] monitor video_port_sn = YDJ243400006
2025/11/03 14:50:40.341 [T:0xe57e4] [DisplayControl] model_name_match = 0
2025/11/03 14:50:40.341 [T:0xe57e4] [DisplayControl] sn_match = 0
2025/11/03 14:50:40.341 [T:0xe57e4] [DisplayControl] video_port is_match = 0
2025/11/03 14:50:40.341 [T:0xe57e4] [DisplayControl] index of display_info_vec = 1
2025/11/03 14:50:40.341 [T:0xe57e4] [DisplayControl] index of p_lpo_display_info_video_port = 1
2025/11/03 14:50:40.341 [T:0xe57e4] [DisplayControl] VideoPortMatchingRule
2025/11/03 14:50:40.341 [T:0xe57e4] [DisplayControl] monitor display_info_model_name = VG275
2025/11/03 14:50:40.341 [T:0xe57e4] [DisplayControl] monitor video_port_model_name = VG275
2025/11/03 14:50:40.341 [T:0xe57e4] [DisplayControl] monitor display_info_sn = XF6232400003
2025/11/03 14:50:40.341 [T:0xe57e4] [DisplayControl] monitor video_port_sn = XF6232400003
2025/11/03 14:50:40.341 [T:0xe57e4] [DisplayControl] model_name_match = 1
2025/11/03 14:50:40.342 [T:0xe57e4] [DisplayControl] sn_match = 1
2025/11/03 14:50:40.342 [T:0xe57e4] [DisplayControl] video_port is_match = 1
2025/11/03 14:50:40.342 [T:0xe57e4] [DisplayControl] i = 0
2025/11/03 14:50:40.342 [T:0xe57e4] [DisplayControl] Enter OperationThread::OperationThread()
2025/11/03 14:50:40.342 [T:0xe57e4] [DisplayControl] Enter OperationThread::CreateThread
2025/11/03 14:50:40.342 [T:0xe57e4] [DisplayControl] new DisplayFunctioner
2025/11/03 14:50:40.342 [T:0xe57e4] [DisplayControl] insert displayer_vector
2025/11/03 14:50:40.342 [T:0xe57e4] [DisplayControl] insert modelName_SN_to_Display_map
2025/11/03 14:50:40.342 [T:0xe57e4] [DisplayControl] insert device_id_to_Displayer_map_
2025/11/03 14:50:40.342 [T:0xe57e4] [DisplayControl] i = 1
2025/11/03 14:50:40.342 [T:0xe57e4] [DisplayControl] Enter OperationThread::OperationThread()
2025/11/03 14:50:40.342 [T:0xe57e4] [DisplayControl] Enter OperationThread::CreateThread
2025/11/03 14:50:40.342 [T:0xe57e4] [DisplayControl] new DisplayFunctioner
2025/11/03 14:50:40.342 [T:0xe57e4] [DisplayControl] insert displayer_vector
2025/11/03 14:50:40.342 [T:0xe57e4] [DisplayControl] insert modelName_SN_to_Display_map
2025/11/03 14:50:40.342 [T:0xe57e4] [DisplayControl] insert device_id_to_Displayer_map_
2025/11/03 14:50:40.342 [T:0xe57e4] [DisplayControl] monitor size = 2
2025/11/03 14:50:40.342 [T:0xe57e4] [DisplayControl] Exit ObtainControlHandler
2025/11/03 14:52:26.080 [T:0xe57e4] [DisplayControl] Enter OperationThread::ExitThread
2025/11/03 14:52:26.080 [T:0xe57e4] [DisplayControl] Exit OperationThread::ExitThread
2025/11/03 14:52:26.080 [T:0xe57e4] [DisplayControl] Enter OperationThread::~OperationThread()
2025/11/03 14:52:26.080 [T:0xe57e4] [DisplayControl] Enter OperationThread::ExitThread
2025/11/03 14:52:26.081 [T:0xe57e4] [DisplayControl] Enter OperationThread::ExitThread
2025/11/03 14:52:26.081 [T:0xe57e4] [DisplayControl] Exit OperationThread::ExitThread
2025/11/03 14:52:26.081 [T:0xe57e4] [DisplayControl] Enter OperationThread::~OperationThread()
2025/11/03 14:52:26.081 [T:0xe57e4] [DisplayControl] Enter OperationThread::ExitThread
2025/11/03 14:52:26.103 [T:0xe57e4] [DbgStr] After calling display_control_client_listener_video_port_.UpdateAllDisplayPath()
2025/11/03 14:52:26.119 [T:0xe57e4] [DbgStr] After calling display_control_client_listener_.GetAllDisplayEDID()
2025/11/03 14:52:26.128 [T:0xe57e4] [DisplayControl] Version = 3.0.6.0
2025/11/03 14:52:26.129 [T:0xe57e4] [DisplayControl] Enter ObtainControlHandler1
2025/11/03 14:52:26.129 [T:0xe57e4] [DisplayControl] GetVideoPortCommander
2025/11/03 14:52:26.129 [T:0xe57e4] [DisplayControl] GetUSBHubCommander
2025/11/03 14:52:26.129 [T:0xe57e4] ====== List p_lpo_display_info_video_port, # of devices is ======2
2025/11/03 14:52:26.129 [T:0xe57e4] [DisplayControl] index of p_lpo_display_info_video_port0
2025/11/03 14:52:26.129 [T:0xe57e4] [DisplayControl] Model name from VideoPort = VG2458
2025/11/03 14:52:26.129 [T:0xe57e4] [DisplayControl] SN from VideoPort = YDJ243400006
2025/11/03 14:52:26.129 [T:0xe57e4] [DisplayControl] index of p_lpo_display_info_video_port1
2025/11/03 14:52:26.129 [T:0xe57e4] [DisplayControl] Model name from VideoPort = VG275
2025/11/03 14:52:26.129 [T:0xe57e4] [DisplayControl] SN from VideoPort = XF6232400003
2025/11/03 14:52:26.129 [T:0xe57e4] ====== List p_lpo_display_info_rtd_scalar_rts_hub, # of devices is ======0
2025/11/03 14:52:26.129 [T:0xe57e4] [DisplayControl] GetVSRtkHubControlClientListener
2025/11/03 14:52:26.129 [T:0xe57e4] [DisplayControl] max monitor count = 2
2025/11/03 14:52:26.129 [T:0xe57e4] [DisplayControl] index of display_info_vec = 0
2025/11/03 14:52:26.129 [T:0xe57e4] [DisplayControl] index of p_lpo_display_info_video_port = 0
2025/11/03 14:52:26.129 [T:0xe57e4] [DisplayControl] VideoPortMatchingRule
2025/11/03 14:52:26.129 [T:0xe57e4] [DisplayControl] monitor display_info_model_name = VG2458
2025/11/03 14:52:26.129 [T:0xe57e4] [DisplayControl] monitor video_port_model_name = VG2458
2025/11/03 14:52:26.129 [T:0xe57e4] [DisplayControl] monitor display_info_sn = YDJ243400006
2025/11/03 14:52:26.129 [T:0xe57e4] [DisplayControl] monitor video_port_sn = YDJ243400006
2025/11/03 14:52:26.129 [T:0xe57e4] [DisplayControl] model_name_match = 1
2025/11/03 14:52:26.129 [T:0xe57e4] [DisplayControl] sn_match = 1
2025/11/03 14:52:26.129 [T:0xe57e4] [DisplayControl] video_port is_match = 1
2025/11/03 14:52:26.129 [T:0xe57e4] [DisplayControl] index of display_info_vec = 1
2025/11/03 14:52:26.129 [T:0xe57e4] [DisplayControl] index of p_lpo_display_info_video_port = 0
2025/11/03 14:52:26.129 [T:0xe57e4] [DisplayControl] VideoPortMatchingRule
2025/11/03 14:52:26.130 [T:0xe57e4] [DisplayControl] monitor display_info_model_name = VG275
2025/11/03 14:52:26.130 [T:0xe57e4] [DisplayControl] monitor video_port_model_name = VG2458
2025/11/03 14:52:26.130 [T:0xe57e4] [DisplayControl] monitor display_info_sn = XF6232400003
2025/11/03 14:52:26.130 [T:0xe57e4] [DisplayControl] monitor video_port_sn = YDJ243400006
2025/11/03 14:52:26.130 [T:0xe57e4] [DisplayControl] model_name_match = 0
2025/11/03 14:52:26.130 [T:0xe57e4] [DisplayControl] sn_match = 0
2025/11/03 14:52:26.130 [T:0xe57e4] [DisplayControl] video_port is_match = 0
2025/11/03 14:52:26.130 [T:0xe57e4] [DisplayControl] index of display_info_vec = 1
2025/11/03 14:52:26.130 [T:0xe57e4] [DisplayControl] index of p_lpo_display_info_video_port = 1
2025/11/03 14:52:26.130 [T:0xe57e4] [DisplayControl] VideoPortMatchingRule
2025/11/03 14:52:26.130 [T:0xe57e4] [DisplayControl] monitor display_info_model_name = VG275
2025/11/03 14:52:26.130 [T:0xe57e4] [DisplayControl] monitor video_port_model_name = VG275
2025/11/03 14:52:26.130 [T:0xe57e4] [DisplayControl] monitor display_info_sn = XF6232400003
2025/11/03 14:52:26.130 [T:0xe57e4] [DisplayControl] monitor video_port_sn = XF6232400003
2025/11/03 14:52:26.130 [T:0xe57e4] [DisplayControl] model_name_match = 1
2025/11/03 14:52:26.130 [T:0xe57e4] [DisplayControl] sn_match = 1
2025/11/03 14:52:26.130 [T:0xe57e4] [DisplayControl] video_port is_match = 1
2025/11/03 14:52:26.130 [T:0xe57e4] [DisplayControl] i = 0
2025/11/03 14:52:26.130 [T:0xe57e4] [DisplayControl] Enter OperationThread::OperationThread()
2025/11/03 14:52:26.130 [T:0xe57e4] [DisplayControl] Enter OperationThread::CreateThread
2025/11/03 14:52:26.130 [T:0xe57e4] [DisplayControl] new DisplayFunctioner
2025/11/03 14:52:26.130 [T:0xe57e4] [DisplayControl] insert displayer_vector
2025/11/03 14:52:26.130 [T:0xe57e4] [DisplayControl] insert modelName_SN_to_Display_map
2025/11/03 14:52:26.130 [T:0xe57e4] [DisplayControl] insert device_id_to_Displayer_map_
2025/11/03 14:52:26.130 [T:0xe57e4] [DisplayControl] i = 1
2025/11/03 14:52:26.130 [T:0xe57e4] [DisplayControl] Enter OperationThread::OperationThread()
2025/11/03 14:52:26.131 [T:0xe57e4] [DisplayControl] Enter OperationThread::CreateThread
2025/11/03 14:52:26.131 [T:0xe57e4] [DisplayControl] new DisplayFunctioner
2025/11/03 14:52:26.131 [T:0xe57e4] [DisplayControl] insert displayer_vector
2025/11/03 14:52:26.131 [T:0xe57e4] [DisplayControl] insert modelName_SN_to_Display_map
2025/11/03 14:52:26.131 [T:0xe57e4] [DisplayControl] insert device_id_to_Displayer_map_
2025/11/03 14:52:26.131 [T:0xe57e4] [DisplayControl] monitor size = 2
2025/11/03 14:52:26.131 [T:0xe57e4] [DisplayControl] Exit ObtainControlHandler
2025/11/03 14:54:23.146 [T:0xe57e4] [DisplayControl] Enter OperationThread::ExitThread
2025/11/03 14:54:23.146 [T:0xe57e4] [DisplayControl] Exit OperationThread::ExitThread
2025/11/03 14:54:23.146 [T:0xe57e4] [DisplayControl] Enter OperationThread::~OperationThread()
2025/11/03 14:54:23.146 [T:0xe57e4] [DisplayControl] Enter OperationThread::ExitThread
2025/11/03 14:54:23.146 [T:0xe57e4] [DisplayControl] Enter OperationThread::ExitThread
2025/11/03 14:54:23.146 [T:0xe57e4] [DisplayControl] Exit OperationThread::ExitThread
2025/11/03 14:54:23.146 [T:0xe57e4] [DisplayControl] Enter OperationThread::~OperationThread()
2025/11/03 14:54:23.146 [T:0xe57e4] [DisplayControl] Enter OperationThread::ExitThread
2025/11/03 14:54:23.222 [T:0xe57e4] [DbgStr] After calling display_control_client_listener_video_port_.UpdateAllDisplayPath()
2025/11/03 14:54:23.241 [T:0xe57e4] [DbgStr] After calling display_control_client_listener_.GetAllDisplayEDID()
2025/11/03 14:54:23.243 [T:0xe57e4] [DisplayControl] Version = 3.0.6.0
2025/11/03 14:54:23.244 [T:0xe57e4] [DisplayControl] Enter ObtainControlHandler1
2025/11/03 14:54:23.244 [T:0xe57e4] [DisplayControl] GetVideoPortCommander
2025/11/03 14:54:23.244 [T:0xe57e4] [DisplayControl] GetUSBHubCommander
2025/11/03 14:54:23.244 [T:0xe57e4] ====== List p_lpo_display_info_video_port, # of devices is ======2
2025/11/03 14:54:23.244 [T:0xe57e4] [DisplayControl] index of p_lpo_display_info_video_port0
2025/11/03 14:54:23.244 [T:0xe57e4] [DisplayControl] Model name from VideoPort = VG2458
2025/11/03 14:54:23.244 [T:0xe57e4] [DisplayControl] SN from VideoPort = YDJ243400006
2025/11/03 14:54:23.244 [T:0xe57e4] [DisplayControl] index of p_lpo_display_info_video_port1
2025/11/03 14:54:23.244 [T:0xe57e4] [DisplayControl] Model name from VideoPort = VG275
2025/11/03 14:54:23.244 [T:0xe57e4] [DisplayControl] SN from VideoPort = XF6232400003
2025/11/03 14:54:23.244 [T:0xe57e4] ====== List p_lpo_display_info_rtd_scalar_rts_hub, # of devices is ======0
2025/11/03 14:54:23.244 [T:0xe57e4] [DisplayControl] GetVSRtkHubControlClientListener
2025/11/03 14:54:23.244 [T:0xe57e4] [DisplayControl] max monitor count = 2
2025/11/03 14:54:23.244 [T:0xe57e4] [DisplayControl] index of display_info_vec = 0
2025/11/03 14:54:23.244 [T:0xe57e4] [DisplayControl] index of p_lpo_display_info_video_port = 0
2025/11/03 14:54:23.244 [T:0xe57e4] [DisplayControl] VideoPortMatchingRule
2025/11/03 14:54:23.244 [T:0xe57e4] [DisplayControl] monitor display_info_model_name = VG2458
2025/11/03 14:54:23.244 [T:0xe57e4] [DisplayControl] monitor video_port_model_name = VG2458
2025/11/03 14:54:23.244 [T:0xe57e4] [DisplayControl] monitor display_info_sn = YDJ243400006
2025/11/03 14:54:23.244 [T:0xe57e4] [DisplayControl] monitor video_port_sn = YDJ243400006
2025/11/03 14:54:23.244 [T:0xe57e4] [DisplayControl] model_name_match = 1
2025/11/03 14:54:23.244 [T:0xe57e4] [DisplayControl] sn_match = 1
2025/11/03 14:54:23.244 [T:0xe57e4] [DisplayControl] video_port is_match = 1
2025/11/03 14:54:23.244 [T:0xe57e4] [DisplayControl] index of display_info_vec = 1
2025/11/03 14:54:23.244 [T:0xe57e4] [DisplayControl] index of p_lpo_display_info_video_port = 0
2025/11/03 14:54:23.245 [T:0xe57e4] [DisplayControl] VideoPortMatchingRule
2025/11/03 14:54:23.245 [T:0xe57e4] [DisplayControl] monitor display_info_model_name = VG275
2025/11/03 14:54:23.245 [T:0xe57e4] [DisplayControl] monitor video_port_model_name = VG2458
2025/11/03 14:54:23.245 [T:0xe57e4] [DisplayControl] monitor display_info_sn = XF6232400003
2025/11/03 14:54:23.245 [T:0xe57e4] [DisplayControl] monitor video_port_sn = YDJ243400006
2025/11/03 14:54:23.245 [T:0xe57e4] [DisplayControl] model_name_match = 0
2025/11/03 14:54:23.245 [T:0xe57e4] [DisplayControl] sn_match = 0
2025/11/03 14:54:23.245 [T:0xe57e4] [DisplayControl] video_port is_match = 0
2025/11/03 14:54:23.245 [T:0xe57e4] [DisplayControl] index of display_info_vec = 1
2025/11/03 14:54:23.245 [T:0xe57e4] [DisplayControl] index of p_lpo_display_info_video_port = 1
2025/11/03 14:54:23.245 [T:0xe57e4] [DisplayControl] VideoPortMatchingRule
2025/11/03 14:54:23.245 [T:0xe57e4] [DisplayControl] monitor display_info_model_name = VG275
2025/11/03 14:54:23.245 [T:0xe57e4] [DisplayControl] monitor video_port_model_name = VG275
2025/11/03 14:54:23.245 [T:0xe57e4] [DisplayControl] monitor display_info_sn = XF6232400003
2025/11/03 14:54:23.245 [T:0xe57e4] [DisplayControl] monitor video_port_sn = XF6232400003
2025/11/03 14:54:23.245 [T:0xe57e4] [DisplayControl] model_name_match = 1
2025/11/03 14:54:23.245 [T:0xe57e4] [DisplayControl] sn_match = 1
2025/11/03 14:54:23.245 [T:0xe57e4] [DisplayControl] video_port is_match = 1
2025/11/03 14:54:23.245 [T:0xe57e4] [DisplayControl] i = 0
2025/11/03 14:54:23.245 [T:0xe57e4] [DisplayControl] Enter OperationThread::OperationThread()
2025/11/03 14:54:23.245 [T:0xe57e4] [DisplayControl] Enter OperationThread::CreateThread
2025/11/03 14:54:23.245 [T:0xe57e4] [DisplayControl] new DisplayFunctioner
2025/11/03 14:54:23.245 [T:0xe57e4] [DisplayControl] insert displayer_vector
2025/11/03 14:54:23.245 [T:0xe57e4] [DisplayControl] insert modelName_SN_to_Display_map
2025/11/03 14:54:23.245 [T:0xe57e4] [DisplayControl] insert device_id_to_Displayer_map_
2025/11/03 14:54:23.245 [T:0xe57e4] [DisplayControl] i = 1
2025/11/03 14:54:23.246 [T:0xe57e4] [DisplayControl] Enter OperationThread::OperationThread()
2025/11/03 14:54:23.246 [T:0xe57e4] [DisplayControl] Enter OperationThread::CreateThread
2025/11/03 14:54:23.246 [T:0xe57e4] [DisplayControl] new DisplayFunctioner
2025/11/03 14:54:23.246 [T:0xe57e4] [DisplayControl] insert displayer_vector
2025/11/03 14:54:23.246 [T:0xe57e4] [DisplayControl] insert modelName_SN_to_Display_map
2025/11/03 14:54:23.246 [T:0xe57e4] [DisplayControl] insert device_id_to_Displayer_map_
2025/11/03 14:54:23.246 [T:0xe57e4] [DisplayControl] monitor size = 2
2025/11/03 14:54:23.246 [T:0xe57e4] [DisplayControl] Exit ObtainControlHandler
2025/11/03 14:56:20.161 [T:0xe57e4] [DisplayControl] Enter OperationThread::ExitThread
2025/11/03 14:56:20.161 [T:0xe57e4] [DisplayControl] Exit OperationThread::ExitThread
2025/11/03 14:56:20.161 [T:0xe57e4] [DisplayControl] Enter OperationThread::~OperationThread()
2025/11/03 14:56:20.161 [T:0xe57e4] [DisplayControl] Enter OperationThread::ExitThread
2025/11/03 14:56:20.161 [T:0xe57e4] [DisplayControl] Enter OperationThread::ExitThread
2025/11/03 14:56:20.161 [T:0xe57e4] [DisplayControl] Exit OperationThread::ExitThread
2025/11/03 14:56:20.161 [T:0xe57e4] [DisplayControl] Enter OperationThread::~OperationThread()
2025/11/03 14:56:20.161 [T:0xe57e4] [DisplayControl] Enter OperationThread::ExitThread
2025/11/03 14:56:20.223 [T:0xe57e4] [DbgStr] After calling display_control_client_listener_video_port_.UpdateAllDisplayPath()
2025/11/03 14:56:20.241 [T:0xe57e4] [DbgStr] After calling display_control_client_listener_.GetAllDisplayEDID()
2025/11/03 14:56:20.257 [T:0xe57e4] [DisplayControl] Version = 3.0.6.0
2025/11/03 14:56:20.257 [T:0xe57e4] [DisplayControl] Enter ObtainControlHandler1
2025/11/03 14:56:20.257 [T:0xe57e4] [DisplayControl] GetVideoPortCommander
2025/11/03 14:56:20.257 [T:0xe57e4] [DisplayControl] GetUSBHubCommander
2025/11/03 14:56:20.257 [T:0xe57e4] ====== List p_lpo_display_info_video_port, # of devices is ======2
2025/11/03 14:56:20.257 [T:0xe57e4] [DisplayControl] index of p_lpo_display_info_video_port0
2025/11/03 14:56:20.257 [T:0xe57e4] [DisplayControl] Model name from VideoPort = VG2458
2025/11/03 14:56:20.257 [T:0xe57e4] [DisplayControl] SN from VideoPort = YDJ243400006
2025/11/03 14:56:20.258 [T:0xe57e4] [DisplayControl] index of p_lpo_display_info_video_port1
2025/11/03 14:56:20.258 [T:0xe57e4] [DisplayControl] Model name from VideoPort = VG275
2025/11/03 14:56:20.258 [T:0xe57e4] [DisplayControl] SN from VideoPort = XF6232400003
2025/11/03 14:56:20.258 [T:0xe57e4] ====== List p_lpo_display_info_rtd_scalar_rts_hub, # of devices is ======0
2025/11/03 14:56:20.258 [T:0xe57e4] [DisplayControl] GetVSRtkHubControlClientListener
2025/11/03 14:56:20.258 [T:0xe57e4] [DisplayControl] max monitor count = 2
2025/11/03 14:56:20.258 [T:0xe57e4] [DisplayControl] index of display_info_vec = 0
2025/11/03 14:56:20.258 [T:0xe57e4] [DisplayControl] index of p_lpo_display_info_video_port = 0
2025/11/03 14:56:20.258 [T:0xe57e4] [DisplayControl] VideoPortMatchingRule
2025/11/03 14:56:20.258 [T:0xe57e4] [DisplayControl] monitor display_info_model_name = VG2458
2025/11/03 14:56:20.258 [T:0xe57e4] [DisplayControl] monitor video_port_model_name = VG2458
2025/11/03 14:56:20.258 [T:0xe57e4] [DisplayControl] monitor display_info_sn = YDJ243400006
2025/11/03 14:56:20.258 [T:0xe57e4] [DisplayControl] monitor video_port_sn = YDJ243400006
2025/11/03 14:56:20.258 [T:0xe57e4] [DisplayControl] model_name_match = 1
2025/11/03 14:56:20.258 [T:0xe57e4] [DisplayControl] sn_match = 1
2025/11/03 14:56:20.258 [T:0xe57e4] [DisplayControl] video_port is_match = 1
2025/11/03 14:56:20.258 [T:0xe57e4] [DisplayControl] index of display_info_vec = 1
2025/11/03 14:56:20.258 [T:0xe57e4] [DisplayControl] index of p_lpo_display_info_video_port = 0
2025/11/03 14:56:20.258 [T:0xe57e4] [DisplayControl] VideoPortMatchingRule
2025/11/03 14:56:20.258 [T:0xe57e4] [DisplayControl] monitor display_info_model_name = VG275
2025/11/03 14:56:20.258 [T:0xe57e4] [DisplayControl] monitor video_port_model_name = VG2458
2025/11/03 14:56:20.258 [T:0xe57e4] [DisplayControl] monitor display_info_sn = XF6232400003
2025/11/03 14:56:20.258 [T:0xe57e4] [DisplayControl] monitor video_port_sn = YDJ243400006
2025/11/03 14:56:20.258 [T:0xe57e4] [DisplayControl] model_name_match = 0
2025/11/03 14:56:20.258 [T:0xe57e4] [DisplayControl] sn_match = 0
2025/11/03 14:56:20.258 [T:0xe57e4] [DisplayControl] video_port is_match = 0
2025/11/03 14:56:20.258 [T:0xe57e4] [DisplayControl] index of display_info_vec = 1
2025/11/03 14:56:20.259 [T:0xe57e4] [DisplayControl] index of p_lpo_display_info_video_port = 1
2025/11/03 14:56:20.259 [T:0xe57e4] [DisplayControl] VideoPortMatchingRule
2025/11/03 14:56:20.259 [T:0xe57e4] [DisplayControl] monitor display_info_model_name = VG275
2025/11/03 14:56:20.259 [T:0xe57e4] [DisplayControl] monitor video_port_model_name = VG275
2025/11/03 14:56:20.259 [T:0xe57e4] [DisplayControl] monitor display_info_sn = XF6232400003
2025/11/03 14:56:20.259 [T:0xe57e4] [DisplayControl] monitor video_port_sn = XF6232400003
2025/11/03 14:56:20.259 [T:0xe57e4] [DisplayControl] model_name_match = 1
2025/11/03 14:56:20.259 [T:0xe57e4] [DisplayControl] sn_match = 1
2025/11/03 14:56:20.259 [T:0xe57e4] [DisplayControl] video_port is_match = 1
2025/11/03 14:56:20.259 [T:0xe57e4] [DisplayControl] i = 0
2025/11/03 14:56:20.259 [T:0xe57e4] [DisplayControl] Enter OperationThread::OperationThread()
2025/11/03 14:56:20.259 [T:0xe57e4] [DisplayControl] Enter OperationThread::CreateThread
2025/11/03 14:56:20.259 [T:0xe57e4] [DisplayControl] new DisplayFunctioner
2025/11/03 14:56:20.259 [T:0xe57e4] [DisplayControl] insert displayer_vector
2025/11/03 14:56:20.259 [T:0xe57e4] [DisplayControl] insert modelName_SN_to_Display_map
2025/11/03 14:56:20.259 [T:0xe57e4] [DisplayControl] insert device_id_to_Displayer_map_
2025/11/03 14:56:20.259 [T:0xe57e4] [DisplayControl] i = 1
2025/11/03 14:56:20.259 [T:0xe57e4] [DisplayControl] Enter OperationThread::OperationThread()
2025/11/03 14:56:20.259 [T:0xe57e4] [DisplayControl] Enter OperationThread::CreateThread
2025/11/03 14:56:20.259 [T:0xe57e4] [DisplayControl] new DisplayFunctioner
2025/11/03 14:56:20.259 [T:0xe57e4] [DisplayControl] insert displayer_vector
2025/11/03 14:56:20.259 [T:0xe57e4] [DisplayControl] insert modelName_SN_to_Display_map
2025/11/03 14:56:20.259 [T:0xe57e4] [DisplayControl] insert device_id_to_Displayer_map_
2025/11/03 14:56:20.259 [T:0xe57e4] [DisplayControl] monitor size = 2
2025/11/03 14:56:20.260 [T:0xe57e4] [DisplayControl] Exit ObtainControlHandler
2025/11/03 14:58:05.974 [T:0xe57e4] [DisplayControl] Enter OperationThread::ExitThread
2025/11/03 14:58:05.974 [T:0xe57e4] [DisplayControl] Exit OperationThread::ExitThread
2025/11/03 14:58:05.974 [T:0xe57e4] [DisplayControl] Enter OperationThread::~OperationThread()
2025/11/03 14:58:05.974 [T:0xe57e4] [DisplayControl] Enter OperationThread::ExitThread
2025/11/03 14:58:05.974 [T:0xe57e4] [DisplayControl] Enter OperationThread::ExitThread
2025/11/03 14:58:05.974 [T:0xe57e4] [DisplayControl] Exit OperationThread::ExitThread
2025/11/03 14:58:05.974 [T:0xe57e4] [DisplayControl] Enter OperationThread::~OperationThread()
2025/11/03 14:58:05.974 [T:0xe57e4] [DisplayControl] Enter OperationThread::ExitThread
2025/11/03 14:58:05.997 [T:0xe57e4] [DbgStr] After calling display_control_client_listener_video_port_.UpdateAllDisplayPath()
2025/11/03 14:58:06.014 [T:0xe57e4] [DbgStr] After calling display_control_client_listener_.GetAllDisplayEDID()
2025/11/03 14:58:06.016 [T:0xe57e4] [DisplayControl] Version = 3.0.6.0
2025/11/03 14:58:06.016 [T:0xe57e4] [DisplayControl] Enter ObtainControlHandler1
2025/11/03 14:58:06.016 [T:0xe57e4] [DisplayControl] GetVideoPortCommander
2025/11/03 14:58:06.016 [T:0xe57e4] [DisplayControl] GetUSBHubCommander
2025/11/03 14:58:06.016 [T:0xe57e4] ====== List p_lpo_display_info_video_port, # of devices is ======2
2025/11/03 14:58:06.016 [T:0xe57e4] [DisplayControl] index of p_lpo_display_info_video_port0
2025/11/03 14:58:06.016 [T:0xe57e4] [DisplayControl] Model name from VideoPort = VG2458
2025/11/03 14:58:06.016 [T:0xe57e4] [DisplayControl] SN from VideoPort = YDJ243400006
2025/11/03 14:58:06.016 [T:0xe57e4] [DisplayControl] index of p_lpo_display_info_video_port1
2025/11/03 14:58:06.016 [T:0xe57e4] [DisplayControl] Model name from VideoPort = VG275
2025/11/03 14:58:06.016 [T:0xe57e4] [DisplayControl] SN from VideoPort = XF6232400003
2025/11/03 14:58:06.016 [T:0xe57e4] ====== List p_lpo_display_info_rtd_scalar_rts_hub, # of devices is ======0
2025/11/03 14:58:06.016 [T:0xe57e4] [DisplayControl] GetVSRtkHubControlClientListener
2025/11/03 14:58:06.017 [T:0xe57e4] [DisplayControl] max monitor count = 2
2025/11/03 14:58:06.017 [T:0xe57e4] [DisplayControl] index of display_info_vec = 0
2025/11/03 14:58:06.017 [T:0xe57e4] [DisplayControl] index of p_lpo_display_info_video_port = 0
2025/11/03 14:58:06.017 [T:0xe57e4] [DisplayControl] VideoPortMatchingRule
2025/11/03 14:58:06.017 [T:0xe57e4] [DisplayControl] monitor display_info_model_name = VG2458
2025/11/03 14:58:06.017 [T:0xe57e4] [DisplayControl] monitor video_port_model_name = VG2458
2025/11/03 14:58:06.017 [T:0xe57e4] [DisplayControl] monitor display_info_sn = YDJ243400006
2025/11/03 14:58:06.017 [T:0xe57e4] [DisplayControl] monitor video_port_sn = YDJ243400006
2025/11/03 14:58:06.017 [T:0xe57e4] [DisplayControl] model_name_match = 1
2025/11/03 14:58:06.017 [T:0xe57e4] [DisplayControl] sn_match = 1
2025/11/03 14:58:06.017 [T:0xe57e4] [DisplayControl] video_port is_match = 1
2025/11/03 14:58:06.017 [T:0xe57e4] [DisplayControl] index of display_info_vec = 1
2025/11/03 14:58:06.017 [T:0xe57e4] [DisplayControl] index of p_lpo_display_info_video_port = 0
2025/11/03 14:58:06.017 [T:0xe57e4] [DisplayControl] VideoPortMatchingRule
2025/11/03 14:58:06.017 [T:0xe57e4] [DisplayControl] monitor display_info_model_name = VG275
2025/11/03 14:58:06.017 [T:0xe57e4] [DisplayControl] monitor video_port_model_name = VG2458
2025/11/03 14:58:06.017 [T:0xe57e4] [DisplayControl] monitor display_info_sn = XF6232400003
2025/11/03 14:58:06.017 [T:0xe57e4] [DisplayControl] monitor video_port_sn = YDJ243400006
2025/11/03 14:58:06.017 [T:0xe57e4] [DisplayControl] model_name_match = 0
2025/11/03 14:58:06.017 [T:0xe57e4] [DisplayControl] sn_match = 0
2025/11/03 14:58:06.017 [T:0xe57e4] [DisplayControl] video_port is_match = 0
2025/11/03 14:58:06.017 [T:0xe57e4] [DisplayControl] index of display_info_vec = 1
2025/11/03 14:58:06.017 [T:0xe57e4] [DisplayControl] index of p_lpo_display_info_video_port = 1
2025/11/03 14:58:06.017 [T:0xe57e4] [DisplayControl] VideoPortMatchingRule
2025/11/03 14:58:06.017 [T:0xe57e4] [DisplayControl] monitor display_info_model_name = VG275
2025/11/03 14:58:06.017 [T:0xe57e4] [DisplayControl] monitor video_port_model_name = VG275
2025/11/03 14:58:06.017 [T:0xe57e4] [DisplayControl] monitor display_info_sn = XF6232400003
2025/11/03 14:58:06.017 [T:0xe57e4] [DisplayControl] monitor video_port_sn = XF6232400003
2025/11/03 14:58:06.017 [T:0xe57e4] [DisplayControl] model_name_match = 1
2025/11/03 14:58:06.018 [T:0xe57e4] [DisplayControl] sn_match = 1
2025/11/03 14:58:06.018 [T:0xe57e4] [DisplayControl] video_port is_match = 1
2025/11/03 14:58:06.018 [T:0xe57e4] [DisplayControl] i = 0
2025/11/03 14:58:06.018 [T:0xe57e4] [DisplayControl] Enter OperationThread::OperationThread()
2025/11/03 14:58:06.018 [T:0xe57e4] [DisplayControl] Enter OperationThread::CreateThread
2025/11/03 14:58:06.018 [T:0xe57e4] [DisplayControl] new DisplayFunctioner
2025/11/03 14:58:06.018 [T:0xe57e4] [DisplayControl] insert displayer_vector
2025/11/03 14:58:06.018 [T:0xe57e4] [DisplayControl] insert modelName_SN_to_Display_map
2025/11/03 14:58:06.018 [T:0xe57e4] [DisplayControl] insert device_id_to_Displayer_map_
2025/11/03 14:58:06.018 [T:0xe57e4] [DisplayControl] i = 1
2025/11/03 14:58:06.018 [T:0xe57e4] [DisplayControl] Enter OperationThread::OperationThread()
2025/11/03 14:58:06.018 [T:0xe57e4] [DisplayControl] Enter OperationThread::CreateThread
2025/11/03 14:58:06.018 [T:0xe57e4] [DisplayControl] new DisplayFunctioner
2025/11/03 14:58:06.018 [T:0xe57e4] [DisplayControl] insert displayer_vector
2025/11/03 14:58:06.018 [T:0xe57e4] [DisplayControl] insert modelName_SN_to_Display_map
2025/11/03 14:58:06.018 [T:0xe57e4] [DisplayControl] insert device_id_to_Displayer_map_
2025/11/03 14:58:06.018 [T:0xe57e4] [DisplayControl] monitor size = 2
2025/11/03 14:58:06.018 [T:0xe57e4] [DisplayControl] Exit ObtainControlHandler
2025/11/03 14:59:53.611 [T:0xac613] [DisplayControl] Enter MCCSOtherSet::SetVCP(), vcp code = 16
2025/11/03 14:59:53.818 [T:0xac613] [DisplayControl] Exit MCCSOtherSet::SetVCP()
2025/11/03 15:01:21.507 [T:0xa7935] [DisplayControl] Enter MCCSOtherSet::SetVCP(), vcp code = 16
2025/11/03 15:01:21.715 [T:0xa7935] [DisplayControl] Exit MCCSOtherSet::SetVCP()
2025/11/03 15:02:47.370 [T:0xd4e94] [DisplayControl] Enter MCCSOtherSet::SetVCP(), vcp code = 18
2025/11/03 15:02:47.563 [T:0xd4e94] [DisplayControl] Exit MCCSOtherSet::SetVCP()
2025/11/03 15:04:14.235 [T:0x1a4c6] [DisplayControl] Enter MCCSOtherSet::SetVCP(), vcp code = 18
2025/11/03 15:04:14.425 [T:0x1a4c6] [DisplayControl] Exit MCCSOtherSet::SetVCP()
2025/11/03 15:05:41.084 [T:0xf3afa] [DisplayControl] Enter MCCSOtherSet::SetVCP(), vcp code = 135
2025/11/03 15:05:41.271 [T:0xf3afa] [DisplayControl] Exit MCCSOtherSet::SetVCP()
2025/11/03 15:07:07.949 [T:0x00509] [DisplayControl] Enter MCCSOtherSet::SetVCP(), vcp code = 135
2025/11/03 15:07:08.154 [T:0x00509] [DisplayControl] Exit MCCSOtherSet::SetVCP()
2025/11/03 15:08:34.841 [T:0xc64b1] [DisplayControl] Enter MCCSOtherSet::SetVCP(), vcp code = 98
2025/11/03 15:08:35.340 [T:0xc64b1] [DisplayControl] Exit MCCSOtherSet::SetVCP()
2025/11/03 15:10:01.673 [T:0xb111d] [DisplayControl] Enter MCCSOtherSet::SetVCP(), vcp code = 98
2025/11/03 15:10:01.864 [T:0xb111d] [DisplayControl] Exit MCCSOtherSet::SetVCP()
2025/11/03 15:11:32.082 [T:0x18c4d] [DisplayControl] Enter MCCSOtherSet::SetVCP(), vcp code = 220
2025/11/03 15:11:33.068 [T:0x18c4d] [DisplayControl] Exit MCCSOtherSet::SetVCP()
2025/11/03 15:11:38.685 [T:0x18c4d] [DisplayControl] Enter MCCSOtherSet::GetVCP(), vcp code = 135
2025/11/03 15:11:38.767 [T:0x18c4d] [DisplayControl] Exit MCCSOtherSet::GetVCP()
2025/11/03 15:11:39.483 [T:0x18c4d] [DisplayControl] Enter MCCSOtherSet::GetVCP(), vcp code = 16
2025/11/03 15:11:39.564 [T:0x18c4d] [DisplayControl] Exit MCCSOtherSet::GetVCP()
2025/11/03 15:11:40.278 [T:0x18c4d] [DisplayControl] Enter MCCSOtherSet::GetVCP(), vcp code = 18
2025/11/03 15:11:40.358 [T:0x18c4d] [DisplayControl] Exit MCCSOtherSet::GetVCP()
2025/11/03 15:11:41.072 [T:0x18c4d] [DisplayControl] Enter MCCSOtherSet::GetVCP(), vcp code = 20
2025/11/03 15:11:41.153 [T:0x18c4d] [DisplayControl] Exit MCCSOtherSet::GetVCP()
2025/11/03 15:13:16.091 [T:0x8063a] [DisplayControl] Enter MCCSOtherSet::SetVCP(), vcp code = 220
2025/11/03 15:13:17.071 [T:0x8063a] [DisplayControl] Exit MCCSOtherSet::SetVCP()
2025/11/03 15:13:22.690 [T:0x8063a] [DisplayControl] Enter MCCSOtherSet::GetVCP(), vcp code = 135
2025/11/03 15:13:22.769 [T:0x8063a] [DisplayControl] Exit MCCSOtherSet::GetVCP()
2025/11/03 15:13:23.491 [T:0x8063a] [DisplayControl] Enter MCCSOtherSet::GetVCP(), vcp code = 16
2025/11/03 15:13:23.573 [T:0x8063a] [DisplayControl] Exit MCCSOtherSet::GetVCP()
2025/11/03 15:13:24.290 [T:0x8063a] [DisplayControl] Enter MCCSOtherSet::GetVCP(), vcp code = 18
2025/11/03 15:13:24.372 [T:0x8063a] [DisplayControl] Exit MCCSOtherSet::GetVCP()
2025/11/03 15:13:25.088 [T:0x8063a] [DisplayControl] Enter MCCSOtherSet::GetVCP(), vcp code = 20
2025/11/03 15:13:25.168 [T:0x8063a] [DisplayControl] Exit MCCSOtherSet::GetVCP()
2025/11/03 15:15:00.111 [T:0xd1b1c] [DisplayControl] Enter MCCSOtherSet::SetVCP(), vcp code = 220
2025/11/03 15:15:01.052 [T:0xd1b1c] [DisplayControl] Exit MCCSOtherSet::SetVCP()
2025/11/03 15:15:06.664 [T:0xd1b1c] [DisplayControl] Enter MCCSOtherSet::GetVCP(), vcp code = 135
2025/11/03 15:15:06.744 [T:0xd1b1c] [DisplayControl] Exit MCCSOtherSet::GetVCP()
2025/11/03 15:15:07.460 [T:0xd1b1c] [DisplayControl] Enter MCCSOtherSet::GetVCP(), vcp code = 16
2025/11/03 15:15:07.540 [T:0xd1b1c] [DisplayControl] Exit MCCSOtherSet::GetVCP()
2025/11/03 15:15:08.257 [T:0xd1b1c] [DisplayControl] Enter MCCSOtherSet::GetVCP(), vcp code = 18
2025/11/03 15:15:08.338 [T:0xd1b1c] [DisplayControl] Exit MCCSOtherSet::GetVCP()
2025/11/03 15:15:09.053 [T:0xd1b1c] [DisplayControl] Enter MCCSOtherSet::GetVCP(), vcp code = 20
2025/11/03 15:15:09.134 [T:0xd1b1c] [DisplayControl] Exit MCCSOtherSet::GetVCP()
2025/11/03 15:16:44.114 [T:0xafb06] [DisplayControl] Enter MCCSOtherSet::SetVCP(), vcp code = 220
2025/11/03 15:16:45.101 [T:0xafb06] [DisplayControl] Exit MCCSOtherSet::SetVCP()
2025/11/03 15:16:50.719 [T:0xafb06] [DisplayControl] Enter MCCSOtherSet::GetVCP(), vcp code = 135
2025/11/03 15:16:50.800 [T:0xafb06] [DisplayControl] Exit MCCSOtherSet::GetVCP()
2025/11/03 15:16:51.517 [T:0xafb06] [DisplayControl] Enter MCCSOtherSet::GetVCP(), vcp code = 16
2025/11/03 15:16:51.597 [T:0xafb06] [DisplayControl] Exit MCCSOtherSet::GetVCP()
2025/11/03 15:16:52.317 [T:0xafb06] [DisplayControl] Enter MCCSOtherSet::GetVCP(), vcp code = 18
2025/11/03 15:16:52.398 [T:0xafb06] [DisplayControl] Exit MCCSOtherSet::GetVCP()
2025/11/03 15:16:53.115 [T:0xafb06] [DisplayControl] Enter MCCSOtherSet::GetVCP(), vcp code = 20
2025/11/03 15:16:53.196 [T:0xafb06] [DisplayControl] Exit MCCSOtherSet::GetVCP()
2025/11/03 15:18:28.067 [T:0x2b4e6] [DisplayControl] Enter MCCSOtherSet::SetVCP(), vcp code = 220
2025/11/03 15:18:29.038 [T:0x2b4e6] [DisplayControl] Exit MCCSOtherSet::SetVCP()
2025/11/03 15:18:34.661 [T:0x2b4e6] [DisplayControl] Enter MCCSOtherSet::GetVCP(), vcp code = 135
2025/11/03 15:18:34.742 [T:0x2b4e6] [DisplayControl] Exit MCCSOtherSet::GetVCP()
2025/11/03 15:18:35.458 [T:0x2b4e6] [DisplayControl] Enter MCCSOtherSet::GetVCP(), vcp code = 16
2025/11/03 15:18:35.540 [T:0x2b4e6] [DisplayControl] Exit MCCSOtherSet::GetVCP()
2025/11/03 15:18:36.255 [T:0x2b4e6] [DisplayControl] Enter MCCSOtherSet::GetVCP(), vcp code = 18
2025/11/03 15:18:36.337 [T:0x2b4e6] [DisplayControl] Exit MCCSOtherSet::GetVCP()
2025/11/03 15:18:37.053 [T:0x2b4e6] [DisplayControl] Enter MCCSOtherSet::GetVCP(), vcp code = 20
2025/11/03 15:18:37.134 [T:0x2b4e6] [DisplayControl] Exit MCCSOtherSet::GetVCP()
2025/11/03 15:20:12.052 [T:0xf807a] [DisplayControl] Enter MCCSOtherSet::SetVCP(), vcp code = 220
2025/11/03 15:20:13.042 [T:0xf807a] [DisplayControl] Exit MCCSOtherSet::SetVCP()
2025/11/03 15:20:18.661 [T:0xf807a] [DisplayControl] Enter MCCSOtherSet::GetVCP(), vcp code = 135
2025/11/03 15:20:18.742 [T:0xf807a] [DisplayControl] Exit MCCSOtherSet::GetVCP()
2025/11/03 15:20:19.459 [T:0xf807a] [DisplayControl] Enter MCCSOtherSet::GetVCP(), vcp code = 16
2025/11/03 15:20:19.540 [T:0xf807a] [DisplayControl] Exit MCCSOtherSet::GetVCP()
2025/11/03 15:20:20.256 [T:0xf807a] [DisplayControl] Enter MCCSOtherSet::GetVCP(), vcp code = 18
2025/11/03 15:20:20.337 [T:0xf807a] [DisplayControl] Exit MCCSOtherSet::GetVCP()
2025/11/03 15:20:21.052 [T:0xf807a] [DisplayControl] Enter MCCSOtherSet::GetVCP(), vcp code = 20
2025/11/03 15:20:21.133 [T:0xf807a] [DisplayControl] Exit MCCSOtherSet::GetVCP()
2025/11/03 15:21:56.063 [T:0x84815] [DisplayControl] Enter MCCSOtherSet::SetVCP(), vcp code = 220
2025/11/03 15:21:57.059 [T:0x84815] [DisplayControl] Exit MCCSOtherSet::SetVCP()
2025/11/03 15:22:02.677 [T:0x84815] [DisplayControl] Enter MCCSOtherSet::GetVCP(), vcp code = 135
2025/11/03 15:22:02.758 [T:0x84815] [DisplayControl] Exit MCCSOtherSet::GetVCP()
2025/11/03 15:22:03.476 [T:0x84815] [DisplayControl] Enter MCCSOtherSet::GetVCP(), vcp code = 16
2025/11/03 15:22:03.557 [T:0x84815] [DisplayControl] Exit MCCSOtherSet::GetVCP()
2025/11/03 15:22:04.274 [T:0x84815] [DisplayControl] Enter MCCSOtherSet::GetVCP(), vcp code = 18
2025/11/03 15:22:04.355 [T:0x84815] [DisplayControl] Exit MCCSOtherSet::GetVCP()
2025/11/03 15:22:05.068 [T:0x84815] [DisplayControl] Enter MCCSOtherSet::GetVCP(), vcp code = 20
2025/11/03 15:22:05.150 [T:0x84815] [DisplayControl] Exit MCCSOtherSet::GetVCP()
2025/11/03 15:23:39.959 [T:0x6c1b8] [DisplayControl] Enter MCCSOtherSet::SetVCP(), vcp code = 220
2025/11/03 15:23:40.950 [T:0x6c1b8] [DisplayControl] Exit MCCSOtherSet::SetVCP()
2025/11/03 15:23:46.572 [T:0x6c1b8] [DisplayControl] Enter MCCSOtherSet::GetVCP(), vcp code = 135
2025/11/03 15:23:46.653 [T:0x6c1b8] [DisplayControl] Exit MCCSOtherSet::GetVCP()
2025/11/03 15:23:47.369 [T:0x6c1b8] [DisplayControl] Enter MCCSOtherSet::GetVCP(), vcp code = 16
2025/11/03 15:23:47.450 [T:0x6c1b8] [DisplayControl] Exit MCCSOtherSet::GetVCP()
2025/11/03 15:23:48.165 [T:0x6c1b8] [DisplayControl] Enter MCCSOtherSet::GetVCP(), vcp code = 18
2025/11/03 15:23:48.248 [T:0x6c1b8] [DisplayControl] Exit MCCSOtherSet::GetVCP()
2025/11/03 15:23:48.964 [T:0x6c1b8] [DisplayControl] Enter MCCSOtherSet::GetVCP(), vcp code = 20
2025/11/03 15:23:49.045 [T:0x6c1b8] [DisplayControl] Exit MCCSOtherSet::GetVCP()
2025/11/03 15:25:23.960 [T:0xd7ae9] [DisplayControl] Enter MCCSOtherSet::SetVCP(), vcp code = 220
2025/11/03 15:25:24.930 [T:0xd7ae9] [DisplayControl] Exit MCCSOtherSet::SetVCP()
2025/11/03 15:25:30.556 [T:0xd7ae9] [DisplayControl] Enter MCCSOtherSet::GetVCP(), vcp code = 135
2025/11/03 15:25:30.636 [T:0xd7ae9] [DisplayControl] Exit MCCSOtherSet::GetVCP()
2025/11/03 15:25:31.353 [T:0xd7ae9] [DisplayControl] Enter MCCSOtherSet::GetVCP(), vcp code = 16
2025/11/03 15:25:31.434 [T:0xd7ae9] [DisplayControl] Exit MCCSOtherSet::GetVCP()
2025/11/03 15:25:32.151 [T:0xd7ae9] [DisplayControl] Enter MCCSOtherSet::GetVCP(), vcp code = 18
2025/11/03 15:25:32.233 [T:0xd7ae9] [DisplayControl] Exit MCCSOtherSet::GetVCP()
2025/11/03 15:25:32.950 [T:0xd7ae9] [DisplayControl] Enter MCCSOtherSet::GetVCP(), vcp code = 20
2025/11/03 15:25:33.031 [T:0xd7ae9] [DisplayControl] Exit MCCSOtherSet::GetVCP()
2025/11/03 15:27:07.973 [T:0x6e8b8] [DisplayControl] Enter MCCSOtherSet::SetVCP(), vcp code = 220
2025/11/03 15:27:08.941 [T:0x6e8b8] [DisplayControl] Exit MCCSOtherSet::SetVCP()
2025/11/03 15:27:14.566 [T:0x6e8b8] [DisplayControl] Enter MCCSOtherSet::GetVCP(), vcp code = 135
2025/11/03 15:27:14.647 [T:0x6e8b8] [DisplayControl] Exit MCCSOtherSet::GetVCP()
2025/11/03 15:27:15.363 [T:0x6e8b8] [DisplayControl] Enter MCCSOtherSet::GetVCP(), vcp code = 16
2025/11/03 15:27:15.443 [T:0x6e8b8] [DisplayControl] Exit MCCSOtherSet::GetVCP()
2025/11/03 15:27:16.156 [T:0x6e8b8] [DisplayControl] Enter MCCSOtherSet::GetVCP(), vcp code = 18
2025/11/03 15:27:16.235 [T:0x6e8b8] [DisplayControl] Exit MCCSOtherSet::GetVCP()
2025/11/03 15:27:16.948 [T:0x6e8b8] [DisplayControl] Enter MCCSOtherSet::GetVCP(), vcp code = 20
2025/11/03 15:27:17.029 [T:0x6e8b8] [DisplayControl] Exit MCCSOtherSet::GetVCP()
2025/11/03 15:28:51.937 [T:0xaee88] [DisplayControl] Enter MCCSOtherSet::SetVCP(), vcp code = 220
2025/11/03 15:28:52.895 [T:0xaee88] [DisplayControl] Exit MCCSOtherSet::SetVCP()
2025/11/03 15:28:58.505 [T:0xaee88] [DisplayControl] Enter MCCSOtherSet::GetVCP(), vcp code = 135
2025/11/03 15:28:58.586 [T:0xaee88] [DisplayControl] Exit MCCSOtherSet::GetVCP()
2025/11/03 15:28:59.301 [T:0xaee88] [DisplayControl] Enter MCCSOtherSet::GetVCP(), vcp code = 16
2025/11/03 15:28:59.382 [T:0xaee88] [DisplayControl] Exit MCCSOtherSet::GetVCP()
2025/11/03 15:29:00.100 [T:0xaee88] [DisplayControl] Enter MCCSOtherSet::GetVCP(), vcp code = 18
2025/11/03 15:29:00.181 [T:0xaee88] [DisplayControl] Exit MCCSOtherSet::GetVCP()
2025/11/03 15:29:00.897 [T:0xaee88] [DisplayControl] Enter MCCSOtherSet::GetVCP(), vcp code = 20
2025/11/03 15:29:00.979 [T:0xaee88] [DisplayControl] Exit MCCSOtherSet::GetVCP()
2025/11/03 15:30:35.923 [T:0x63540] [DisplayControl] Enter MCCSOtherSet::SetVCP(), vcp code = 220
2025/11/03 15:30:36.893 [T:0x63540] [DisplayControl] Exit MCCSOtherSet::SetVCP()
2025/11/03 15:30:42.508 [T:0x63540] [DisplayControl] Enter MCCSOtherSet::GetVCP(), vcp code = 135
2025/11/03 15:30:42.589 [T:0x63540] [DisplayControl] Exit MCCSOtherSet::GetVCP()
2025/11/03 15:30:43.305 [T:0x63540] [DisplayControl] Enter MCCSOtherSet::GetVCP(), vcp code = 16
2025/11/03 15:30:43.387 [T:0x63540] [DisplayControl] Exit MCCSOtherSet::GetVCP()
2025/11/03 15:30:44.105 [T:0x63540] [DisplayControl] Enter MCCSOtherSet::GetVCP(), vcp code = 18
2025/11/03 15:30:44.186 [T:0x63540] [DisplayControl] Exit MCCSOtherSet::GetVCP()
2025/11/03 15:30:44.901 [T:0x63540] [DisplayControl] Enter MCCSOtherSet::GetVCP(), vcp code = 20
2025/11/03 15:30:44.983 [T:0x63540] [DisplayControl] Exit MCCSOtherSet::GetVCP()
2025/11/03 15:32:19.907 [T:0x300d7] [DisplayControl] Enter MCCSOtherSet::SetVCP(), vcp code = 220
2025/11/03 15:32:20.261 [T:0x300d7] [DisplayControl] Exit MCCSOtherSet::SetVCP()
2025/11/03 15:32:25.881 [T:0x300d7] [DisplayControl] Enter MCCSOtherSet::GetVCP(), vcp code = 135
2025/11/03 15:32:25.963 [T:0x300d7] [DisplayControl] Exit MCCSOtherSet::GetVCP()
2025/11/03 15:32:26.682 [T:0x300d7] [DisplayControl] Enter MCCSOtherSet::GetVCP(), vcp code = 16
2025/11/03 15:32:26.764 [T:0x300d7] [DisplayControl] Exit MCCSOtherSet::GetVCP()
2025/11/03 15:32:27.481 [T:0x300d7] [DisplayControl] Enter MCCSOtherSet::GetVCP(), vcp code = 18
2025/11/03 15:32:27.562 [T:0x300d7] [DisplayControl] Exit MCCSOtherSet::GetVCP()
2025/11/03 15:32:28.276 [T:0x300d7] [DisplayControl] Enter MCCSOtherSet::GetVCP(), vcp code = 20
2025/11/03 15:32:28.358 [T:0x300d7] [DisplayControl] Exit MCCSOtherSet::GetVCP()
2025/11/03 15:34:18.259 [T:0x92fba] [DisplayControl] Enter MCCSOtherSet::SetVCP(), vcp code = 4
2025/11/03 15:34:19.190 [T:0x92fba] [DisplayControl] Exit MCCSOtherSet::SetVCP()
2025/11/03 15:34:24.308 [T:0x92fba] [DisplayControl] Enter OperationThread::ExitThread
2025/11/03 15:34:24.309 [T:0x92fba] [DisplayControl] Exit OperationThread::ExitThread
2025/11/03 15:34:24.309 [T:0x92fba] [DisplayControl] Enter OperationThread::~OperationThread()
2025/11/03 15:34:24.309 [T:0x92fba] [DisplayControl] Enter OperationThread::ExitThread
2025/11/03 15:34:24.309 [T:0x92fba] [DisplayControl] Enter OperationThread::ExitThread
2025/11/03 15:34:24.309 [T:0x92fba] [DisplayControl] Exit OperationThread::ExitThread
2025/11/03 15:34:24.309 [T:0x92fba] [DisplayControl] Enter OperationThread::~OperationThread()
2025/11/03 15:34:24.309 [T:0x92fba] [DisplayControl] Enter OperationThread::ExitThread
2025/11/03 15:34:24.334 [T:0x92fba] [DbgStr] After calling display_control_client_listener_video_port_.UpdateAllDisplayPath()
2025/11/03 15:34:24.352 [T:0x92fba] [DbgStr] After calling display_control_client_listener_.GetAllDisplayEDID()
2025/11/03 15:34:24.353 [T:0x92fba] [DisplayControl] Version = 3.0.6.0
2025/11/03 15:34:24.354 [T:0x92fba] [DisplayControl] Enter ObtainControlHandler1
2025/11/03 15:34:24.354 [T:0x92fba] [DisplayControl] GetVideoPortCommander
2025/11/03 15:34:24.354 [T:0x92fba] [DisplayControl] GetUSBHubCommander
2025/11/03 15:34:24.354 [T:0x92fba] ====== List p_lpo_display_info_video_port, # of devices is ======2
2025/11/03 15:34:24.354 [T:0x92fba] [DisplayControl] index of p_lpo_display_info_video_port0
2025/11/03 15:34:24.354 [T:0x92fba] [DisplayControl] Model name from VideoPort = VG2458
2025/11/03 15:34:24.354 [T:0x92fba] [DisplayControl] SN from VideoPort = YDJ243400006
2025/11/03 15:34:24.354 [T:0x92fba] [DisplayControl] index of p_lpo_display_info_video_port1
2025/11/03 15:34:24.354 [T:0x92fba] [DisplayControl] Model name from VideoPort = VG275
2025/11/03 15:34:24.354 [T:0x92fba] [DisplayControl] SN from VideoPort = XF6232400003
2025/11/03 15:34:24.354 [T:0x92fba] ====== List p_lpo_display_info_rtd_scalar_rts_hub, # of devices is ======0
2025/11/03 15:34:24.354 [T:0x92fba] [DisplayControl] GetVSRtkHubControlClientListener
2025/11/03 15:34:24.354 [T:0x92fba] [DisplayControl] max monitor count = 2
2025/11/03 15:34:24.354 [T:0x92fba] [DisplayControl] index of display_info_vec = 0
2025/11/03 15:34:24.354 [T:0x92fba] [DisplayControl] index of p_lpo_display_info_video_port = 0
2025/11/03 15:34:24.354 [T:0x92fba] [DisplayControl] VideoPortMatchingRule
2025/11/03 15:34:24.354 [T:0x92fba] [DisplayControl] monitor display_info_model_name = VG2458
2025/11/03 15:34:24.354 [T:0x92fba] [DisplayControl] monitor video_port_model_name = VG2458
2025/11/03 15:34:24.354 [T:0x92fba] [DisplayControl] monitor display_info_sn = YDJ243400006
2025/11/03 15:34:24.354 [T:0x92fba] [DisplayControl] monitor video_port_sn = YDJ243400006
2025/11/03 15:34:24.354 [T:0x92fba] [DisplayControl] model_name_match = 1
2025/11/03 15:34:24.354 [T:0x92fba] [DisplayControl] sn_match = 1
2025/11/03 15:34:24.354 [T:0x92fba] [DisplayControl] video_port is_match = 1
2025/11/03 15:34:24.354 [T:0x92fba] [DisplayControl] index of display_info_vec = 1
2025/11/03 15:34:24.354 [T:0x92fba] [DisplayControl] index of p_lpo_display_info_video_port = 0
2025/11/03 15:34:24.354 [T:0x92fba] [DisplayControl] VideoPortMatchingRule
2025/11/03 15:34:24.354 [T:0x92fba] [DisplayControl] monitor display_info_model_name = VG275
2025/11/03 15:34:24.355 [T:0x92fba] [DisplayControl] monitor video_port_model_name = VG2458
2025/11/03 15:34:24.355 [T:0x92fba] [DisplayControl] monitor display_info_sn = XF6232400003
2025/11/03 15:34:24.355 [T:0x92fba] [DisplayControl] monitor video_port_sn = YDJ243400006
2025/11/03 15:34:24.355 [T:0x92fba] [DisplayControl] model_name_match = 0
2025/11/03 15:34:24.355 [T:0x92fba] [DisplayControl] sn_match = 0
2025/11/03 15:34:24.355 [T:0x92fba] [DisplayControl] video_port is_match = 0
2025/11/03 15:34:24.355 [T:0x92fba] [DisplayControl] index of display_info_vec = 1
2025/11/03 15:34:24.355 [T:0x92fba] [DisplayControl] index of p_lpo_display_info_video_port = 1
2025/11/03 15:34:24.355 [T:0x92fba] [DisplayControl] VideoPortMatchingRule
2025/11/03 15:34:24.355 [T:0x92fba] [DisplayControl] monitor display_info_model_name = VG275
2025/11/03 15:34:24.355 [T:0x92fba] [DisplayControl] monitor video_port_model_name = VG275
2025/11/03 15:34:24.355 [T:0x92fba] [DisplayControl] monitor display_info_sn = XF6232400003
2025/11/03 15:34:24.355 [T:0x92fba] [DisplayControl] monitor video_port_sn = XF6232400003
2025/11/03 15:34:24.355 [T:0x92fba] [DisplayControl] model_name_match = 1
2025/11/03 15:34:24.355 [T:0x92fba] [DisplayControl] sn_match = 1
2025/11/03 15:34:24.355 [T:0x92fba] [DisplayControl] video_port is_match = 1
2025/11/03 15:34:24.355 [T:0x92fba] [DisplayControl] i = 0
2025/11/03 15:34:24.355 [T:0x92fba] [DisplayControl] Enter OperationThread::OperationThread()
2025/11/03 15:34:24.355 [T:0x92fba] [DisplayControl] Enter OperationThread::CreateThread
2025/11/03 15:34:24.355 [T:0x92fba] [DisplayControl] new DisplayFunctioner
2025/11/03 15:34:24.355 [T:0x92fba] [DisplayControl] insert displayer_vector
2025/11/03 15:34:24.355 [T:0x92fba] [DisplayControl] insert modelName_SN_to_Display_map
2025/11/03 15:34:24.355 [T:0x92fba] [DisplayControl] insert device_id_to_Displayer_map_
2025/11/03 15:34:24.355 [T:0x92fba] [DisplayControl] i = 1
2025/11/03 15:34:24.355 [T:0x92fba] [DisplayControl] Enter OperationThread::OperationThread()
2025/11/03 15:34:24.356 [T:0x92fba] [DisplayControl] Enter OperationThread::CreateThread
2025/11/03 15:34:24.356 [T:0x92fba] [DisplayControl] new DisplayFunctioner
2025/11/03 15:34:24.356 [T:0x92fba] [DisplayControl] insert displayer_vector
2025/11/03 15:34:24.356 [T:0x92fba] [DisplayControl] insert modelName_SN_to_Display_map
2025/11/03 15:34:24.356 [T:0x92fba] [DisplayControl] insert device_id_to_Displayer_map_
2025/11/03 15:34:24.356 [T:0x92fba] [DisplayControl] monitor size = 2
2025/11/03 15:34:24.356 [T:0x92fba] [DisplayControl] Exit ObtainControlHandler
2025/11/03 15:34:24.356 [T:0x92fba] [DisplayControl] Enter MCCSOtherSet::GetVCP(), vcp code = 16
2025/11/03 15:34:24.437 [T:0x92fba] [DisplayControl] Exit MCCSOtherSet::GetVCP()
2025/11/03 15:34:24.438 [T:0x92fba] [DisplayControl] Enter MCCSOtherSet::GetVCP(), vcp code = 135
2025/11/03 15:34:24.580 [T:0x92fba] [DisplayControl] Exit MCCSOtherSet::GetVCP()
2025/11/03 15:34:24.688 [T:0x92fba] [DisplayControl] Enter MCCSOtherSet::GetVCP(), vcp code = 16
2025/11/03 15:34:24.769 [T:0x92fba] [DisplayControl] Exit MCCSOtherSet::GetVCP()
2025/11/03 15:34:24.878 [T:0x92fba] [DisplayControl] Enter MCCSOtherSet::GetVCP(), vcp code = 43
2025/11/03 15:34:24.960 [T:0x92fba] [DisplayControl] Exit MCCSOtherSet::GetVCP()
2025/11/03 15:34:25.068 [T:0x92fba] [DisplayControl] Enter MCCSOtherSet::GetVCP(), vcp code = 225
2025/11/03 15:34:25.151 [T:0x92fba] [DisplayControl] Exit MCCSOtherSet::GetVCP()
2025/11/03 15:34:25.257 [T:0x92fba] [DisplayControl] Enter MCCSOtherSet::GetVCP(), vcp code = 245
2025/11/03 15:34:25.339 [T:0x92fba] [DisplayControl] Exit MCCSOtherSet::GetVCP()
2025/11/03 15:34:25.445 [T:0x92fba] [DisplayControl] Enter MCCSOtherSet::GetVCP(), vcp code = 97
2025/11/03 15:34:25.527 [T:0x92fba] [DisplayControl] Exit MCCSOtherSet::GetVCP()
2025/11/03 15:34:25.634 [T:0x92fba] [DisplayControl] Enter MCCSOtherSet::GetVCP(), vcp code = 96
2025/11/03 15:34:25.714 [T:0x92fba] [DisplayControl] Exit MCCSOtherSet::GetVCP()
2025/11/03 15:34:25.821 [T:0x92fba] [DisplayControl] Enter MCCSOtherSet::GetVCP(), vcp code = 98
2025/11/03 15:34:25.903 [T:0x92fba] [DisplayControl] Exit MCCSOtherSet::GetVCP()
2025/11/03 15:34:26.008 [T:0x92fba] [DisplayControl] Enter MCCSOtherSet::GetVCP(), vcp code = 18
2025/11/03 15:34:26.089 [T:0x92fba] [DisplayControl] Exit MCCSOtherSet::GetVCP()
2025/11/03 15:34:26.197 [T:0x92fba] [DisplayControl] Enter MCCSOtherSet::GetVCP(), vcp code = 4
2025/11/03 15:34:26.278 [T:0x92fba] [DisplayControl] Exit MCCSOtherSet::GetVCP()
2025/11/03 15:34:26.385 [T:0x92fba] [DisplayControl] Enter MCCSOtherSet::GetVCP(), vcp code = 20
2025/11/03 15:34:26.466 [T:0x92fba] [DisplayControl] Exit MCCSOtherSet::GetVCP()
2025/11/03 15:34:26.572 [T:0x92fba] [DisplayControl] Enter MCCSOtherSet::GetVCP(), vcp code = 220
2025/11/03 15:34:26.654 [T:0x92fba] [DisplayControl] Exit MCCSOtherSet::GetVCP()
2025/11/03 15:34:26.719 [T:0xe57e4] [DisplayControl] Enter MCCSOtherSet::GetVCP(), vcp code = 96
2025/11/03 15:34:26.759 [T:0x92fba] [DisplayControl] Enter MCCSOtherSet::GetVCP(), vcp code = 141
2025/11/03 15:34:26.794 [T:0xe57e4] [DisplayControl] Exit MCCSOtherSet::GetVCP()
2025/11/03 15:34:26.941 [T:0x92fba] [DisplayControl] Exit MCCSOtherSet::GetVCP()
2025/11/03 15:34:27.043 [T:0x92fba] [DisplayControl] Enter MCCSOtherSet::GetVCP(), vcp code = 51
2025/11/03 15:34:27.262 [T:0x92fba] [DisplayControl] Exit MCCSOtherSet::GetVCP()
2025/11/03 15:34:27.368 [T:0x92fba] [DisplayControl] Enter MCCSOtherSet::GetVCP(), vcp code = 135
2025/11/03 15:34:27.452 [T:0x92fba] [DisplayControl] Exit MCCSOtherSet::GetVCP()
2025/11/03 15:34:27.555 [T:0x92fba] [DisplayControl] Enter MCCSOtherSet::GetVCP(), vcp code = 16
2025/11/03 15:34:27.640 [T:0x92fba] [DisplayControl] Exit MCCSOtherSet::GetVCP()
2025/11/03 15:34:27.742 [T:0x92fba] [DisplayControl] Enter MCCSOtherSet::GetVCP(), vcp code = 43
2025/11/03 15:34:27.827 [T:0x92fba] [DisplayControl] Exit MCCSOtherSet::GetVCP()
2025/11/03 15:34:27.930 [T:0x92fba] [DisplayControl] Enter MCCSOtherSet::GetVCP(), vcp code = 225
2025/11/03 15:34:28.015 [T:0x92fba] [DisplayControl] Exit MCCSOtherSet::GetVCP()
2025/11/03 15:34:28.119 [T:0x92fba] [DisplayControl] Enter MCCSOtherSet::GetVCP(), vcp code = 97
2025/11/03 15:34:28.204 [T:0x92fba] [DisplayControl] Exit MCCSOtherSet::GetVCP()
2025/11/03 15:34:28.306 [T:0x92fba] [DisplayControl] Enter MCCSOtherSet::GetVCP(), vcp code = 96
2025/11/03 15:34:28.390 [T:0x92fba] [DisplayControl] Exit MCCSOtherSet::GetVCP()
2025/11/03 15:34:28.494 [T:0x92fba] [DisplayControl] Enter MCCSOtherSet::GetVCP(), vcp code = 98
2025/11/03 15:34:28.578 [T:0x92fba] [DisplayControl] Exit MCCSOtherSet::GetVCP()
2025/11/03 15:34:28.680 [T:0x92fba] [DisplayControl] Enter MCCSOtherSet::GetVCP(), vcp code = 18
2025/11/03 15:34:28.766 [T:0x92fba] [DisplayControl] Exit MCCSOtherSet::GetVCP()
2025/11/03 15:34:28.868 [T:0x92fba] [DisplayControl] Enter MCCSOtherSet::GetVCP(), vcp code = 4
2025/11/03 15:34:28.955 [T:0x92fba] [DisplayControl] Exit MCCSOtherSet::GetVCP()
2025/11/03 15:34:29.056 [T:0x92fba] [DisplayControl] Enter MCCSOtherSet::GetVCP(), vcp code = 236
2025/11/03 15:34:29.140 [T:0x92fba] [DisplayControl] Exit MCCSOtherSet::GetVCP()
2025/11/03 15:34:29.243 [T:0x92fba] [DisplayControl] Enter MCCSOtherSet::GetVCP(), vcp code = 220
2025/11/03 15:34:29.327 [T:0x92fba] [DisplayControl] Exit MCCSOtherSet::GetVCP()
2025/11/03 15:34:29.430 [T:0x92fba] [DisplayControl] Enter MCCSOtherSet::GetVCP(), vcp code = 141
2025/11/03 15:34:29.516 [T:0x92fba] [DisplayControl] Exit MCCSOtherSet::GetVCP()
2025/11/03 15:34:29.619 [T:0x92fba] [DisplayControl] Enter MCCSOtherSet::GetVCP(), vcp code = 226
2025/11/03 15:34:29.705 [T:0x92fba] [DisplayControl] Exit MCCSOtherSet::GetVCP()
2025/11/03 15:34:29.808 [T:0x92fba] [DisplayControl] Enter MCCSOtherSet::GetVCP(), vcp code = 51
2025/11/03 15:34:29.893 [T:0x92fba] [DisplayControl] Exit MCCSOtherSet::GetVCP()
2025/11/03 15:35:17.696 [T:0xbf48c] [DisplayControl] Enter MCCSOtherSet::SetVCP(), vcp code = 20
2025/11/03 15:35:17.887 [T:0xbf48c] [DisplayControl] Exit MCCSOtherSet::SetVCP()
2025/11/03 15:35:18.494 [T:0xbf48c] [DisplayControl] Enter MCCSOtherSet::GetVCP(), vcp code = 135
2025/11/03 15:35:18.575 [T:0xbf48c] [DisplayControl] Exit MCCSOtherSet::GetVCP()
2025/11/03 15:35:19.291 [T:0xbf48c] [DisplayControl] Enter MCCSOtherSet::GetVCP(), vcp code = 16
2025/11/03 15:35:19.371 [T:0xbf48c] [DisplayControl] Exit MCCSOtherSet::GetVCP()
2025/11/03 15:35:20.085 [T:0xbf48c] [DisplayControl] Enter MCCSOtherSet::GetVCP(), vcp code = 18
2025/11/03 15:35:20.167 [T:0xbf48c] [DisplayControl] Exit MCCSOtherSet::GetVCP()
2025/11/03 15:35:20.882 [T:0xbf48c] [DisplayControl] Enter MCCSOtherSet::GetVCP(), vcp code = 20
2025/11/03 15:35:20.962 [T:0xbf48c] [DisplayControl] Exit MCCSOtherSet::GetVCP()
2025/11/03 15:36:56.623 [T:0x043f1] [DisplayControl] Enter MCCSOtherSet::SetVCP(), vcp code = 20
2025/11/03 15:36:56.803 [T:0x043f1] [DisplayControl] Exit MCCSOtherSet::SetVCP()
2025/11/03 15:36:57.408 [T:0x043f1] [DisplayControl] Enter MCCSOtherSet::GetVCP(), vcp code = 135
2025/11/03 15:36:57.489 [T:0x043f1] [DisplayControl] Exit MCCSOtherSet::GetVCP()
2025/11/03 15:36:58.206 [T:0x043f1] [DisplayControl] Enter MCCSOtherSet::GetVCP(), vcp code = 16
2025/11/03 15:36:58.287 [T:0x043f1] [DisplayControl] Exit MCCSOtherSet::GetVCP()
2025/11/03 15:36:59.005 [T:0x043f1] [DisplayControl] Enter MCCSOtherSet::GetVCP(), vcp code = 18
2025/11/03 15:36:59.086 [T:0x043f1] [DisplayControl] Exit MCCSOtherSet::GetVCP()
2025/11/03 15:36:59.799 [T:0x043f1] [DisplayControl] Enter MCCSOtherSet::GetVCP(), vcp code = 20
2025/11/03 15:36:59.880 [T:0x043f1] [DisplayControl] Exit MCCSOtherSet::GetVCP()
2025/11/03 15:38:35.568 [T:0x9c2a6] [DisplayControl] Enter MCCSOtherSet::SetVCP(), vcp code = 20
2025/11/03 15:38:35.757 [T:0x9c2a6] [DisplayControl] Exit MCCSOtherSet::SetVCP()
2025/11/03 15:38:36.365 [T:0x9c2a6] [DisplayControl] Enter MCCSOtherSet::GetVCP(), vcp code = 135
2025/11/03 15:38:36.446 [T:0x9c2a6] [DisplayControl] Exit MCCSOtherSet::GetVCP()
2025/11/03 15:38:37.163 [T:0x9c2a6] [DisplayControl] Enter MCCSOtherSet::GetVCP(), vcp code = 16
2025/11/03 15:38:37.245 [T:0x9c2a6] [DisplayControl] Exit MCCSOtherSet::GetVCP()
2025/11/03 15:38:37.962 [T:0x9c2a6] [DisplayControl] Enter MCCSOtherSet::GetVCP(), vcp code = 18
2025/11/03 15:38:38.044 [T:0x9c2a6] [DisplayControl] Exit MCCSOtherSet::GetVCP()
2025/11/03 15:38:38.757 [T:0x9c2a6] [DisplayControl] Enter MCCSOtherSet::GetVCP(), vcp code = 20
2025/11/03 15:38:38.839 [T:0x9c2a6] [DisplayControl] Exit MCCSOtherSet::GetVCP()
2025/11/03 15:40:14.517 [T:0xbe6f2] [DisplayControl] Enter MCCSOtherSet::SetVCP(), vcp code = 20
2025/11/03 15:40:14.706 [T:0xbe6f2] [DisplayControl] Exit MCCSOtherSet::SetVCP()
2025/11/03 15:40:15.315 [T:0xbe6f2] [DisplayControl] Enter MCCSOtherSet::GetVCP(), vcp code = 135
2025/11/03 15:40:15.397 [T:0xbe6f2] [DisplayControl] Exit MCCSOtherSet::GetVCP()
2025/11/03 15:40:16.111 [T:0xbe6f2] [DisplayControl] Enter MCCSOtherSet::GetVCP(), vcp code = 16
2025/11/03 15:40:16.192 [T:0xbe6f2] [DisplayControl] Exit MCCSOtherSet::GetVCP()
2025/11/03 15:40:16.908 [T:0xbe6f2] [DisplayControl] Enter MCCSOtherSet::GetVCP(), vcp code = 18
2025/11/03 15:40:16.989 [T:0xbe6f2] [DisplayControl] Exit MCCSOtherSet::GetVCP()
2025/11/03 15:40:17.709 [T:0xbe6f2] [DisplayControl] Enter MCCSOtherSet::GetVCP(), vcp code = 20
2025/11/03 15:40:17.790 [T:0xbe6f2] [DisplayControl] Exit MCCSOtherSet::GetVCP()
2025/11/03 15:41:53.396 [T:0x5e223] [DisplayControl] Enter MCCSOtherSet::SetVCP(), vcp code = 20
2025/11/03 15:41:53.587 [T:0x5e223] [DisplayControl] Exit MCCSOtherSet::SetVCP()
2025/11/03 15:41:54.193 [T:0x5e223] [DisplayControl] Enter MCCSOtherSet::GetVCP(), vcp code = 135
2025/11/03 15:41:54.274 [T:0x5e223] [DisplayControl] Exit MCCSOtherSet::GetVCP()
2025/11/03 15:41:54.993 [T:0x5e223] [DisplayControl] Enter MCCSOtherSet::GetVCP(), vcp code = 16
2025/11/03 15:41:55.074 [T:0x5e223] [DisplayControl] Exit MCCSOtherSet::GetVCP()
2025/11/03 15:41:55.791 [T:0x5e223] [DisplayControl] Enter MCCSOtherSet::GetVCP(), vcp code = 18
2025/11/03 15:41:55.872 [T:0x5e223] [DisplayControl] Exit MCCSOtherSet::GetVCP()
2025/11/03 15:41:56.588 [T:0x5e223] [DisplayControl] Enter MCCSOtherSet::GetVCP(), vcp code = 20
2025/11/03 15:41:56.668 [T:0x5e223] [DisplayControl] Exit MCCSOtherSet::GetVCP()
2025/11/03 15:43:49.804 [T:0x976b5] [DisplayControl] Enter MCCSOtherSet::SetVCP(), vcp code = 4
2025/11/03 15:43:50.734 [T:0x976b5] [DisplayControl] Exit MCCSOtherSet::SetVCP()
2025/11/03 15:43:55.862 [T:0x976b5] [DisplayControl] Enter OperationThread::ExitThread
2025/11/03 15:43:55.862 [T:0x976b5] [DisplayControl] Exit OperationThread::ExitThread
2025/11/03 15:43:55.862 [T:0x976b5] [DisplayControl] Enter OperationThread::~OperationThread()
2025/11/03 15:43:55.862 [T:0x976b5] [DisplayControl] Enter OperationThread::ExitThread
2025/11/03 15:43:55.862 [T:0x976b5] [DisplayControl] Enter OperationThread::ExitThread
2025/11/03 15:43:55.862 [T:0x976b5] [DisplayControl] Exit OperationThread::ExitThread
2025/11/03 15:43:55.862 [T:0x976b5] [DisplayControl] Enter OperationThread::~OperationThread()
2025/11/03 15:43:55.862 [T:0x976b5] [DisplayControl] Enter OperationThread::ExitThread
2025/11/03 15:43:55.887 [T:0x976b5] [DbgStr] After calling display_control_client_listener_video_port_.UpdateAllDisplayPath()
2025/11/03 15:43:55.905 [T:0x976b5] [DbgStr] After calling display_control_client_listener_.GetAllDisplayEDID()
2025/11/03 15:43:55.907 [T:0x976b5] [DisplayControl] Version = 3.0.6.0
2025/11/03 15:43:55.907 [T:0x976b5] [DisplayControl] Enter ObtainControlHandler1
2025/11/03 15:43:55.907 [T:0x976b5] [DisplayControl] GetVideoPortCommander
2025/11/03 15:43:55.907 [T:0x976b5] [DisplayControl] GetUSBHubCommander
2025/11/03 15:43:55.907 [T:0x976b5] ====== List p_lpo_display_info_video_port, # of devices is ======2
2025/11/03 15:43:55.907 [T:0x976b5] [DisplayControl] index of p_lpo_display_info_video_port0
2025/11/03 15:43:55.907 [T:0x976b5] [DisplayControl] Model name from VideoPort = VG2458
2025/11/03 15:43:55.907 [T:0x976b5] [DisplayControl] SN from VideoPort = YDJ243400006
2025/11/03 15:43:55.907 [T:0x976b5] [DisplayControl] index of p_lpo_display_info_video_port1
2025/11/03 15:43:55.907 [T:0x976b5] [DisplayControl] Model name from VideoPort = VG275
2025/11/03 15:43:55.907 [T:0x976b5] [DisplayControl] SN from VideoPort = XF6232400003
2025/11/03 15:43:55.907 [T:0x976b5] ====== List p_lpo_display_info_rtd_scalar_rts_hub, # of devices is ======0
2025/11/03 15:43:55.907 [T:0x976b5] [DisplayControl] GetVSRtkHubControlClientListener
2025/11/03 15:43:55.907 [T:0x976b5] [DisplayControl] max monitor count = 2
2025/11/03 15:43:55.908 [T:0x976b5] [DisplayControl] index of display_info_vec = 0
2025/11/03 15:43:55.908 [T:0x976b5] [DisplayControl] index of p_lpo_display_info_video_port = 0
2025/11/03 15:43:55.908 [T:0x976b5] [DisplayControl] VideoPortMatchingRule
2025/11/03 15:43:55.908 [T:0x976b5] [DisplayControl] monitor display_info_model_name = VG2458
2025/11/03 15:43:55.908 [T:0x976b5] [DisplayControl] monitor video_port_model_name = VG2458
2025/11/03 15:43:55.908 [T:0x976b5] [DisplayControl] monitor display_info_sn = YDJ243400006
2025/11/03 15:43:55.908 [T:0x976b5] [DisplayControl] monitor video_port_sn = YDJ243400006
2025/11/03 15:43:55.908 [T:0x976b5] [DisplayControl] model_name_match = 1
2025/11/03 15:43:55.908 [T:0x976b5] [DisplayControl] sn_match = 1
2025/11/03 15:43:55.908 [T:0x976b5] [DisplayControl] video_port is_match = 1
2025/11/03 15:43:55.908 [T:0x976b5] [DisplayControl] index of display_info_vec = 1
2025/11/03 15:43:55.908 [T:0x976b5] [DisplayControl] index of p_lpo_display_info_video_port = 0
2025/11/03 15:43:55.908 [T:0x976b5] [DisplayControl] VideoPortMatchingRule
2025/11/03 15:43:55.908 [T:0x976b5] [DisplayControl] monitor display_info_model_name = VG275
2025/11/03 15:43:55.908 [T:0x976b5] [DisplayControl] monitor video_port_model_name = VG2458
2025/11/03 15:43:55.908 [T:0x976b5] [DisplayControl] monitor display_info_sn = XF6232400003
2025/11/03 15:43:55.908 [T:0x976b5] [DisplayControl] monitor video_port_sn = YDJ243400006
2025/11/03 15:43:55.908 [T:0x976b5] [DisplayControl] model_name_match = 0
2025/11/03 15:43:55.908 [T:0x976b5] [DisplayControl] sn_match = 0
2025/11/03 15:43:55.908 [T:0x976b5] [DisplayControl] video_port is_match = 0
2025/11/03 15:43:55.908 [T:0x976b5] [DisplayControl] index of display_info_vec = 1
2025/11/03 15:43:55.908 [T:0x976b5] [DisplayControl] index of p_lpo_display_info_video_port = 1
2025/11/03 15:43:55.908 [T:0x976b5] [DisplayControl] VideoPortMatchingRule
2025/11/03 15:43:55.908 [T:0x976b5] [DisplayControl] monitor display_info_model_name = VG275
2025/11/03 15:43:55.908 [T:0x976b5] [DisplayControl] monitor video_port_model_name = VG275
2025/11/03 15:43:55.908 [T:0x976b5] [DisplayControl] monitor display_info_sn = XF6232400003
2025/11/03 15:43:55.908 [T:0x976b5] [DisplayControl] monitor video_port_sn = XF6232400003
2025/11/03 15:43:55.909 [T:0x976b5] [DisplayControl] model_name_match = 1
2025/11/03 15:43:55.909 [T:0x976b5] [DisplayControl] sn_match = 1
2025/11/03 15:43:55.909 [T:0x976b5] [DisplayControl] video_port is_match = 1
2025/11/03 15:43:55.909 [T:0x976b5] [DisplayControl] i = 0
2025/11/03 15:43:55.909 [T:0x976b5] [DisplayControl] Enter OperationThread::OperationThread()
2025/11/03 15:43:55.909 [T:0x976b5] [DisplayControl] Enter OperationThread::CreateThread
2025/11/03 15:43:55.909 [T:0x976b5] [DisplayControl] new DisplayFunctioner
2025/11/03 15:43:55.909 [T:0x976b5] [DisplayControl] insert displayer_vector
2025/11/03 15:43:55.909 [T:0x976b5] [DisplayControl] insert modelName_SN_to_Display_map
2025/11/03 15:43:55.909 [T:0x976b5] [DisplayControl] insert device_id_to_Displayer_map_
2025/11/03 15:43:55.909 [T:0x976b5] [DisplayControl] i = 1
2025/11/03 15:43:55.909 [T:0x976b5] [DisplayControl] Enter OperationThread::OperationThread()
2025/11/03 15:43:55.909 [T:0x976b5] [DisplayControl] Enter OperationThread::CreateThread
2025/11/03 15:43:55.909 [T:0x976b5] [DisplayControl] new DisplayFunctioner
2025/11/03 15:43:55.909 [T:0x976b5] [DisplayControl] insert displayer_vector
2025/11/03 15:43:55.909 [T:0x976b5] [DisplayControl] insert modelName_SN_to_Display_map
2025/11/03 15:43:55.909 [T:0x976b5] [DisplayControl] insert device_id_to_Displayer_map_
2025/11/03 15:43:55.909 [T:0x976b5] [DisplayControl] monitor size = 2
2025/11/03 15:43:55.909 [T:0x976b5] [DisplayControl] Exit ObtainControlHandler
2025/11/03 15:43:55.909 [T:0x976b5] [DisplayControl] Enter MCCSOtherSet::GetVCP(), vcp code = 16
2025/11/03 15:43:55.989 [T:0x976b5] [DisplayControl] Exit MCCSOtherSet::GetVCP()
2025/11/03 15:43:55.989 [T:0x976b5] [DisplayControl] Enter MCCSOtherSet::GetVCP(), vcp code = 135
2025/11/03 15:43:56.131 [T:0x976b5] [DisplayControl] Exit MCCSOtherSet::GetVCP()
2025/11/03 15:43:56.239 [T:0x976b5] [DisplayControl] Enter MCCSOtherSet::GetVCP(), vcp code = 16
2025/11/03 15:43:56.322 [T:0x976b5] [DisplayControl] Exit MCCSOtherSet::GetVCP()
2025/11/03 15:43:56.430 [T:0x976b5] [DisplayControl] Enter MCCSOtherSet::GetVCP(), vcp code = 43
2025/11/03 15:43:56.511 [T:0x976b5] [DisplayControl] Exit MCCSOtherSet::GetVCP()
2025/11/03 15:43:56.618 [T:0x976b5] [DisplayControl] Enter MCCSOtherSet::GetVCP(), vcp code = 225
2025/11/03 15:43:56.701 [T:0x976b5] [DisplayControl] Exit MCCSOtherSet::GetVCP()
2025/11/03 15:43:56.809 [T:0x976b5] [DisplayControl] Enter MCCSOtherSet::GetVCP(), vcp code = 245
2025/11/03 15:43:56.892 [T:0x976b5] [DisplayControl] Exit MCCSOtherSet::GetVCP()
2025/11/03 15:43:57.000 [T:0x976b5] [DisplayControl] Enter MCCSOtherSet::GetVCP(), vcp code = 97
2025/11/03 15:43:57.081 [T:0x976b5] [DisplayControl] Exit MCCSOtherSet::GetVCP()
2025/11/03 15:43:57.189 [T:0x976b5] [DisplayControl] Enter MCCSOtherSet::GetVCP(), vcp code = 96
2025/11/03 15:43:57.270 [T:0x976b5] [DisplayControl] Exit MCCSOtherSet::GetVCP()
2025/11/03 15:43:57.376 [T:0x976b5] [DisplayControl] Enter MCCSOtherSet::GetVCP(), vcp code = 98
2025/11/03 15:43:57.457 [T:0x976b5] [DisplayControl] Exit MCCSOtherSet::GetVCP()
2025/11/03 15:43:57.563 [T:0x976b5] [DisplayControl] Enter MCCSOtherSet::GetVCP(), vcp code = 18
2025/11/03 15:43:57.644 [T:0x976b5] [DisplayControl] Exit MCCSOtherSet::GetVCP()
2025/11/03 15:43:57.750 [T:0x976b5] [DisplayControl] Enter MCCSOtherSet::GetVCP(), vcp code = 4
2025/11/03 15:43:57.832 [T:0x976b5] [DisplayControl] Exit MCCSOtherSet::GetVCP()
2025/11/03 15:43:57.938 [T:0x976b5] [DisplayControl] Enter MCCSOtherSet::GetVCP(), vcp code = 20
2025/11/03 15:43:58.019 [T:0x976b5] [DisplayControl] Exit MCCSOtherSet::GetVCP()
2025/11/03 15:43:58.126 [T:0x976b5] [DisplayControl] Enter MCCSOtherSet::GetVCP(), vcp code = 220
2025/11/03 15:43:58.206 [T:0x976b5] [DisplayControl] Exit MCCSOtherSet::GetVCP()
2025/11/03 15:43:58.245 [T:0xe57e4] [DisplayControl] Enter MCCSOtherSet::GetVCP(), vcp code = 96
2025/11/03 15:43:58.312 [T:0x976b5] [DisplayControl] Enter MCCSOtherSet::GetVCP(), vcp code = 141
2025/11/03 15:43:58.352 [T:0xe57e4] [DisplayControl] Exit MCCSOtherSet::GetVCP()
2025/11/03 15:43:58.522 [T:0x976b5] [DisplayControl] Exit MCCSOtherSet::GetVCP()
2025/11/03 15:43:58.624 [T:0x976b5] [DisplayControl] Enter MCCSOtherSet::GetVCP(), vcp code = 51
2025/11/03 15:43:58.829 [T:0x976b5] [DisplayControl] Exit MCCSOtherSet::GetVCP()
2025/11/03 15:43:58.936 [T:0x976b5] [DisplayControl] Enter MCCSOtherSet::GetVCP(), vcp code = 135
2025/11/03 15:43:59.020 [T:0x976b5] [DisplayControl] Exit MCCSOtherSet::GetVCP()
2025/11/03 15:43:59.123 [T:0x976b5] [DisplayControl] Enter MCCSOtherSet::GetVCP(), vcp code = 16
2025/11/03 15:43:59.208 [T:0x976b5] [DisplayControl] Exit MCCSOtherSet::GetVCP()
2025/11/03 15:43:59.311 [T:0x976b5] [DisplayControl] Enter MCCSOtherSet::GetVCP(), vcp code = 43
2025/11/03 15:43:59.396 [T:0x976b5] [DisplayControl] Exit MCCSOtherSet::GetVCP()
2025/11/03 15:43:59.499 [T:0x976b5] [DisplayControl] Enter MCCSOtherSet::GetVCP(), vcp code = 225
2025/11/03 15:43:59.583 [T:0x976b5] [DisplayControl] Exit MCCSOtherSet::GetVCP()
2025/11/03 15:43:59.687 [T:0x976b5] [DisplayControl] Enter MCCSOtherSet::GetVCP(), vcp code = 97
2025/11/03 15:43:59.771 [T:0x976b5] [DisplayControl] Exit MCCSOtherSet::GetVCP()
2025/11/03 15:43:59.872 [T:0x976b5] [DisplayControl] Enter MCCSOtherSet::GetVCP(), vcp code = 96
2025/11/03 15:43:59.956 [T:0x976b5] [DisplayControl] Exit MCCSOtherSet::GetVCP()
2025/11/03 15:44:00.059 [T:0x976b5] [DisplayControl] Enter MCCSOtherSet::GetVCP(), vcp code = 98
2025/11/03 15:44:00.144 [T:0x976b5] [DisplayControl] Exit MCCSOtherSet::GetVCP()
2025/11/03 15:44:00.247 [T:0x976b5] [DisplayControl] Enter MCCSOtherSet::GetVCP(), vcp code = 18
2025/11/03 15:44:00.332 [T:0x976b5] [DisplayControl] Exit MCCSOtherSet::GetVCP()
2025/11/03 15:44:00.435 [T:0x976b5] [DisplayControl] Enter MCCSOtherSet::GetVCP(), vcp code = 4
2025/11/03 15:44:00.520 [T:0x976b5] [DisplayControl] Exit MCCSOtherSet::GetVCP()
2025/11/03 15:44:00.622 [T:0x976b5] [DisplayControl] Enter MCCSOtherSet::GetVCP(), vcp code = 236
2025/11/03 15:44:00.706 [T:0x976b5] [DisplayControl] Exit MCCSOtherSet::GetVCP()
2025/11/03 15:44:00.808 [T:0x976b5] [DisplayControl] Enter MCCSOtherSet::GetVCP(), vcp code = 220
2025/11/03 15:44:00.893 [T:0x976b5] [DisplayControl] Exit MCCSOtherSet::GetVCP()
2025/11/03 15:44:00.997 [T:0x976b5] [DisplayControl] Enter MCCSOtherSet::GetVCP(), vcp code = 141
2025/11/03 15:44:01.082 [T:0x976b5] [DisplayControl] Exit MCCSOtherSet::GetVCP()
2025/11/03 15:44:01.183 [T:0x976b5] [DisplayControl] Enter MCCSOtherSet::GetVCP(), vcp code = 226
2025/11/03 15:44:01.269 [T:0x976b5] [DisplayControl] Exit MCCSOtherSet::GetVCP()
2025/11/03 15:44:01.372 [T:0x976b5] [DisplayControl] Enter MCCSOtherSet::GetVCP(), vcp code = 51
2025/11/03 15:44:01.456 [T:0x976b5] [DisplayControl] Exit MCCSOtherSet::GetVCP()
2025/11/03 15:44:48.408 [T:0xe57e4] [DisplayControl] Enter MCCSOtherSet::GetVCP(), vcp code = 96
2025/11/03 15:44:48.524 [T:0xe57e4] [DisplayControl] Exit MCCSOtherSet::GetVCP()
2025/11/03 15:44:48.735 [T:0x44f4e] [DisplayControl] Enter MCCSOtherSet::GetVCP(), vcp code = 135
2025/11/03 15:44:48.845 [T:0x44f4e] [DisplayControl] Exit MCCSOtherSet::GetVCP()
2025/11/03 15:44:48.949 [T:0x44f4e] [DisplayControl] Enter MCCSOtherSet::GetVCP(), vcp code = 16
2025/11/03 15:44:49.035 [T:0x44f4e] [DisplayControl] Exit MCCSOtherSet::GetVCP()
2025/11/03 15:44:49.138 [T:0x44f4e] [DisplayControl] Enter MCCSOtherSet::GetVCP(), vcp code = 43
2025/11/03 15:44:49.223 [T:0x44f4e] [DisplayControl] Exit MCCSOtherSet::GetVCP()
2025/11/03 15:44:49.325 [T:0x44f4e] [DisplayControl] Enter MCCSOtherSet::GetVCP(), vcp code = 225
2025/11/03 15:44:49.410 [T:0x44f4e] [DisplayControl] Exit MCCSOtherSet::GetVCP()
2025/11/03 15:44:49.513 [T:0x44f4e] [DisplayControl] Enter MCCSOtherSet::GetVCP(), vcp code = 97
2025/11/03 15:44:49.597 [T:0x44f4e] [DisplayControl] Exit MCCSOtherSet::GetVCP()
2025/11/03 15:44:49.700 [T:0x44f4e] [DisplayControl] Enter MCCSOtherSet::GetVCP(), vcp code = 96
2025/11/03 15:44:49.785 [T:0x44f4e] [DisplayControl] Exit MCCSOtherSet::GetVCP()
2025/11/03 15:44:49.888 [T:0x44f4e] [DisplayControl] Enter MCCSOtherSet::GetVCP(), vcp code = 98
2025/11/03 15:44:49.972 [T:0x44f4e] [DisplayControl] Exit MCCSOtherSet::GetVCP()
2025/11/03 15:44:50.075 [T:0x44f4e] [DisplayControl] Enter MCCSOtherSet::GetVCP(), vcp code = 18
2025/11/03 15:44:50.160 [T:0x44f4e] [DisplayControl] Exit MCCSOtherSet::GetVCP()
2025/11/03 15:44:50.263 [T:0x44f4e] [DisplayControl] Enter MCCSOtherSet::GetVCP(), vcp code = 4
2025/11/03 15:44:50.346 [T:0x44f4e] [DisplayControl] Exit MCCSOtherSet::GetVCP()
2025/11/03 15:44:50.450 [T:0x44f4e] [DisplayControl] Enter MCCSOtherSet::GetVCP(), vcp code = 236
2025/11/03 15:44:50.534 [T:0x44f4e] [DisplayControl] Exit MCCSOtherSet::GetVCP()
2025/11/03 15:44:50.637 [T:0x44f4e] [DisplayControl] Enter MCCSOtherSet::GetVCP(), vcp code = 220
2025/11/03 15:44:50.722 [T:0x44f4e] [DisplayControl] Exit MCCSOtherSet::GetVCP()
2025/11/03 15:44:50.826 [T:0x44f4e] [DisplayControl] Enter MCCSOtherSet::GetVCP(), vcp code = 141
2025/11/03 15:44:50.912 [T:0x44f4e] [DisplayControl] Exit MCCSOtherSet::GetVCP()
2025/11/03 15:44:51.016 [T:0x44f4e] [DisplayControl] Enter MCCSOtherSet::GetVCP(), vcp code = 226
2025/11/03 15:44:51.101 [T:0x44f4e] [DisplayControl] Exit MCCSOtherSet::GetVCP()
2025/11/03 15:44:51.205 [T:0x44f4e] [DisplayControl] Enter MCCSOtherSet::GetVCP(), vcp code = 51
2025/11/03 15:44:51.291 [T:0x44f4e] [DisplayControl] Exit MCCSOtherSet::GetVCP()
2025/11/03 15:45:05.227 [T:0x44f4e] [DisplayControl] Enter MCCSOtherSet::SetVCP(), vcp code = 4
2025/11/03 15:45:06.166 [T:0x44f4e] [DisplayControl] Exit MCCSOtherSet::SetVCP()
2025/11/03 15:45:11.286 [T:0x44f4e] [DisplayControl] Enter OperationThread::ExitThread
2025/11/03 15:45:11.286 [T:0x44f4e] [DisplayControl] Exit OperationThread::ExitThread
2025/11/03 15:45:11.286 [T:0x44f4e] [DisplayControl] Enter OperationThread::~OperationThread()
2025/11/03 15:45:11.286 [T:0x44f4e] [DisplayControl] Enter OperationThread::ExitThread
2025/11/03 15:45:11.286 [T:0x44f4e] [DisplayControl] Enter OperationThread::ExitThread
2025/11/03 15:45:11.286 [T:0x44f4e] [DisplayControl] Exit OperationThread::ExitThread
2025/11/03 15:45:11.286 [T:0x44f4e] [DisplayControl] Enter OperationThread::~OperationThread()
2025/11/03 15:45:11.286 [T:0x44f4e] [DisplayControl] Enter OperationThread::ExitThread
2025/11/03 15:45:11.310 [T:0x44f4e] [DbgStr] After calling display_control_client_listener_video_port_.UpdateAllDisplayPath()
2025/11/03 15:45:11.328 [T:0x44f4e] [DbgStr] After calling display_control_client_listener_.GetAllDisplayEDID()
2025/11/03 15:45:11.329 [T:0x44f4e] [DisplayControl] Version = 3.0.6.0
2025/11/03 15:45:11.329 [T:0x44f4e] [DisplayControl] Enter ObtainControlHandler1
2025/11/03 15:45:11.330 [T:0x44f4e] [DisplayControl] GetVideoPortCommander
2025/11/03 15:45:11.330 [T:0x44f4e] [DisplayControl] GetUSBHubCommander
2025/11/03 15:45:11.330 [T:0x44f4e] ====== List p_lpo_display_info_video_port, # of devices is ======2
2025/11/03 15:45:11.330 [T:0x44f4e] [DisplayControl] index of p_lpo_display_info_video_port0
2025/11/03 15:45:11.330 [T:0x44f4e] [DisplayControl] Model name from VideoPort = VG2458
2025/11/03 15:45:11.330 [T:0x44f4e] [DisplayControl] SN from VideoPort = YDJ243400006
2025/11/03 15:45:11.330 [T:0x44f4e] [DisplayControl] index of p_lpo_display_info_video_port1
2025/11/03 15:45:11.330 [T:0x44f4e] [DisplayControl] Model name from VideoPort = VG275
2025/11/03 15:45:11.330 [T:0x44f4e] [DisplayControl] SN from VideoPort = XF6232400003
2025/11/03 15:45:11.330 [T:0x44f4e] ====== List p_lpo_display_info_rtd_scalar_rts_hub, # of devices is ======0
2025/11/03 15:45:11.330 [T:0x44f4e] [DisplayControl] GetVSRtkHubControlClientListener
2025/11/03 15:45:11.330 [T:0x44f4e] [DisplayControl] max monitor count = 2
2025/11/03 15:45:11.330 [T:0x44f4e] [DisplayControl] index of display_info_vec = 0
2025/11/03 15:45:11.330 [T:0x44f4e] [DisplayControl] index of p_lpo_display_info_video_port = 0
2025/11/03 15:45:11.330 [T:0x44f4e] [DisplayControl] VideoPortMatchingRule
2025/11/03 15:45:11.330 [T:0x44f4e] [DisplayControl] monitor display_info_model_name = VG2458
2025/11/03 15:45:11.330 [T:0x44f4e] [DisplayControl] monitor video_port_model_name = VG2458
2025/11/03 15:45:11.330 [T:0x44f4e] [DisplayControl] monitor display_info_sn = YDJ243400006
2025/11/03 15:45:11.330 [T:0x44f4e] [DisplayControl] monitor video_port_sn = YDJ243400006
2025/11/03 15:45:11.330 [T:0x44f4e] [DisplayControl] model_name_match = 1
2025/11/03 15:45:11.330 [T:0x44f4e] [DisplayControl] sn_match = 1
2025/11/03 15:45:11.330 [T:0x44f4e] [DisplayControl] video_port is_match = 1
2025/11/03 15:45:11.330 [T:0x44f4e] [DisplayControl] index of display_info_vec = 1
2025/11/03 15:45:11.330 [T:0x44f4e] [DisplayControl] index of p_lpo_display_info_video_port = 0
2025/11/03 15:45:11.330 [T:0x44f4e] [DisplayControl] VideoPortMatchingRule
2025/11/03 15:45:11.330 [T:0x44f4e] [DisplayControl] monitor display_info_model_name = VG275
2025/11/03 15:45:11.331 [T:0x44f4e] [DisplayControl] monitor video_port_model_name = VG2458
2025/11/03 15:45:11.331 [T:0x44f4e] [DisplayControl] monitor display_info_sn = XF6232400003
2025/11/03 15:45:11.331 [T:0x44f4e] [DisplayControl] monitor video_port_sn = YDJ243400006
2025/11/03 15:45:11.331 [T:0x44f4e] [DisplayControl] model_name_match = 0
2025/11/03 15:45:11.331 [T:0x44f4e] [DisplayControl] sn_match = 0
2025/11/03 15:45:11.331 [T:0x44f4e] [DisplayControl] video_port is_match = 0
2025/11/03 15:45:11.331 [T:0x44f4e] [DisplayControl] index of display_info_vec = 1
2025/11/03 15:45:11.331 [T:0x44f4e] [DisplayControl] index of p_lpo_display_info_video_port = 1
2025/11/03 15:45:11.331 [T:0x44f4e] [DisplayControl] VideoPortMatchingRule
2025/11/03 15:45:11.331 [T:0x44f4e] [DisplayControl] monitor display_info_model_name = VG275
2025/11/03 15:45:11.331 [T:0x44f4e] [DisplayControl] monitor video_port_model_name = VG275
2025/11/03 15:45:11.331 [T:0x44f4e] [DisplayControl] monitor display_info_sn = XF6232400003
2025/11/03 15:45:11.331 [T:0x44f4e] [DisplayControl] monitor video_port_sn = XF6232400003
2025/11/03 15:45:11.331 [T:0x44f4e] [DisplayControl] model_name_match = 1
2025/11/03 15:45:11.331 [T:0x44f4e] [DisplayControl] sn_match = 1
2025/11/03 15:45:11.331 [T:0x44f4e] [DisplayControl] video_port is_match = 1
2025/11/03 15:45:11.331 [T:0x44f4e] [DisplayControl] i = 0
2025/11/03 15:45:11.331 [T:0x44f4e] [DisplayControl] Enter OperationThread::OperationThread()
2025/11/03 15:45:11.331 [T:0x44f4e] [DisplayControl] Enter OperationThread::CreateThread
2025/11/03 15:45:11.331 [T:0x44f4e] [DisplayControl] new DisplayFunctioner
2025/11/03 15:45:11.331 [T:0x44f4e] [DisplayControl] insert displayer_vector
2025/11/03 15:45:11.331 [T:0x44f4e] [DisplayControl] insert modelName_SN_to_Display_map
2025/11/03 15:45:11.331 [T:0x44f4e] [DisplayControl] insert device_id_to_Displayer_map_
2025/11/03 15:45:11.331 [T:0x44f4e] [DisplayControl] i = 1
2025/11/03 15:45:11.332 [T:0x44f4e] [DisplayControl] Enter OperationThread::OperationThread()
2025/11/03 15:45:11.332 [T:0x44f4e] [DisplayControl] Enter OperationThread::CreateThread
2025/11/03 15:45:11.332 [T:0x44f4e] [DisplayControl] new DisplayFunctioner
2025/11/03 15:45:11.332 [T:0x44f4e] [DisplayControl] insert displayer_vector
2025/11/03 15:45:11.332 [T:0x44f4e] [DisplayControl] insert modelName_SN_to_Display_map
2025/11/03 15:45:11.332 [T:0x44f4e] [DisplayControl] insert device_id_to_Displayer_map_
2025/11/03 15:45:11.332 [T:0x44f4e] [DisplayControl] monitor size = 2
2025/11/03 15:45:11.332 [T:0x44f4e] [DisplayControl] Exit ObtainControlHandler
2025/11/03 15:45:11.332 [T:0x44f4e] [DisplayControl] Enter MCCSOtherSet::GetVCP(), vcp code = 16
2025/11/03 15:45:11.417 [T:0x44f4e] [DisplayControl] Exit MCCSOtherSet::GetVCP()
2025/11/03 15:45:11.418 [T:0x44f4e] [DisplayControl] Enter MCCSOtherSet::GetVCP(), vcp code = 135
2025/11/03 15:45:11.492 [T:0x44f4e] [DisplayControl] Exit MCCSOtherSet::GetVCP()
2025/11/03 15:45:11.598 [T:0x44f4e] [DisplayControl] Enter MCCSOtherSet::GetVCP(), vcp code = 16
2025/11/03 15:45:11.679 [T:0x44f4e] [DisplayControl] Exit MCCSOtherSet::GetVCP()
2025/11/03 15:45:11.787 [T:0x44f4e] [DisplayControl] Enter MCCSOtherSet::GetVCP(), vcp code = 43
2025/11/03 15:45:11.866 [T:0x44f4e] [DisplayControl] Exit MCCSOtherSet::GetVCP()
2025/11/03 15:45:11.973 [T:0x44f4e] [DisplayControl] Enter MCCSOtherSet::GetVCP(), vcp code = 225
2025/11/03 15:45:12.053 [T:0x44f4e] [DisplayControl] Exit MCCSOtherSet::GetVCP()
2025/11/03 15:45:12.161 [T:0x44f4e] [DisplayControl] Enter MCCSOtherSet::GetVCP(), vcp code = 245
2025/11/03 15:45:12.241 [T:0x44f4e] [DisplayControl] Exit MCCSOtherSet::GetVCP()
2025/11/03 15:45:12.348 [T:0x44f4e] [DisplayControl] Enter MCCSOtherSet::GetVCP(), vcp code = 97
2025/11/03 15:45:12.430 [T:0x44f4e] [DisplayControl] Exit MCCSOtherSet::GetVCP()
2025/11/03 15:45:12.536 [T:0x44f4e] [DisplayControl] Enter MCCSOtherSet::GetVCP(), vcp code = 96
2025/11/03 15:45:12.616 [T:0x44f4e] [DisplayControl] Exit MCCSOtherSet::GetVCP()
2025/11/03 15:45:12.723 [T:0x44f4e] [DisplayControl] Enter MCCSOtherSet::GetVCP(), vcp code = 98
2025/11/03 15:45:12.805 [T:0x44f4e] [DisplayControl] Exit MCCSOtherSet::GetVCP()
2025/11/03 15:45:12.914 [T:0x44f4e] [DisplayControl] Enter MCCSOtherSet::GetVCP(), vcp code = 18
2025/11/03 15:45:12.994 [T:0x44f4e] [DisplayControl] Exit MCCSOtherSet::GetVCP()
2025/11/03 15:45:13.101 [T:0x44f4e] [DisplayControl] Enter MCCSOtherSet::GetVCP(), vcp code = 4
2025/11/03 15:45:13.181 [T:0x44f4e] [DisplayControl] Exit MCCSOtherSet::GetVCP()
2025/11/03 15:45:13.288 [T:0x44f4e] [DisplayControl] Enter MCCSOtherSet::GetVCP(), vcp code = 20
2025/11/03 15:45:13.368 [T:0x44f4e] [DisplayControl] Exit MCCSOtherSet::GetVCP()
2025/11/03 15:45:13.475 [T:0x44f4e] [DisplayControl] Enter MCCSOtherSet::GetVCP(), vcp code = 220
2025/11/03 15:45:13.557 [T:0x44f4e] [DisplayControl] Exit MCCSOtherSet::GetVCP()
2025/11/03 15:45:13.664 [T:0x44f4e] [DisplayControl] Enter MCCSOtherSet::GetVCP(), vcp code = 141
2025/11/03 15:45:13.745 [T:0x44f4e] [DisplayControl] Exit MCCSOtherSet::GetVCP()
2025/11/03 15:45:13.851 [T:0x44f4e] [DisplayControl] Enter MCCSOtherSet::GetVCP(), vcp code = 51
2025/11/03 15:45:13.932 [T:0x44f4e] [DisplayControl] Exit MCCSOtherSet::GetVCP()
2025/11/03 15:45:14.039 [T:0x44f4e] [DisplayControl] Enter MCCSOtherSet::GetVCP(), vcp code = 135
2025/11/03 15:45:14.123 [T:0x44f4e] [DisplayControl] Exit MCCSOtherSet::GetVCP()
2025/11/03 15:45:14.226 [T:0x44f4e] [DisplayControl] Enter MCCSOtherSet::GetVCP(), vcp code = 16
2025/11/03 15:45:14.311 [T:0x44f4e] [DisplayControl] Exit MCCSOtherSet::GetVCP()
2025/11/03 15:45:14.413 [T:0x44f4e] [DisplayControl] Enter MCCSOtherSet::GetVCP(), vcp code = 43
2025/11/03 15:45:14.499 [T:0x44f4e] [DisplayControl] Exit MCCSOtherSet::GetVCP()
2025/11/03 15:45:14.601 [T:0x44f4e] [DisplayControl] Enter MCCSOtherSet::GetVCP(), vcp code = 225
2025/11/03 15:45:14.684 [T:0x44f4e] [DisplayControl] Exit MCCSOtherSet::GetVCP()
2025/11/03 15:45:14.787 [T:0x44f4e] [DisplayControl] Enter MCCSOtherSet::GetVCP(), vcp code = 97
2025/11/03 15:45:14.871 [T:0x44f4e] [DisplayControl] Exit MCCSOtherSet::GetVCP()
2025/11/03 15:45:14.973 [T:0x44f4e] [DisplayControl] Enter MCCSOtherSet::GetVCP(), vcp code = 96
2025/11/03 15:45:15.057 [T:0x44f4e] [DisplayControl] Exit MCCSOtherSet::GetVCP()
2025/11/03 15:45:15.159 [T:0x44f4e] [DisplayControl] Enter MCCSOtherSet::GetVCP(), vcp code = 98
2025/11/03 15:45:15.244 [T:0x44f4e] [DisplayControl] Exit MCCSOtherSet::GetVCP()
2025/11/03 15:45:15.348 [T:0x44f4e] [DisplayControl] Enter MCCSOtherSet::GetVCP(), vcp code = 18
2025/11/03 15:45:15.433 [T:0x44f4e] [DisplayControl] Exit MCCSOtherSet::GetVCP()
2025/11/03 15:45:15.536 [T:0x44f4e] [DisplayControl] Enter MCCSOtherSet::GetVCP(), vcp code = 4
2025/11/03 15:45:15.620 [T:0x44f4e] [DisplayControl] Exit MCCSOtherSet::GetVCP()
2025/11/03 15:45:15.723 [T:0x44f4e] [DisplayControl] Enter MCCSOtherSet::GetVCP(), vcp code = 236
2025/11/03 15:45:15.807 [T:0x44f4e] [DisplayControl] Exit MCCSOtherSet::GetVCP()
2025/11/03 15:45:15.908 [T:0x44f4e] [DisplayControl] Enter MCCSOtherSet::GetVCP(), vcp code = 220
2025/11/03 15:45:15.994 [T:0x44f4e] [DisplayControl] Exit MCCSOtherSet::GetVCP()
2025/11/03 15:45:16.096 [T:0x44f4e] [DisplayControl] Enter MCCSOtherSet::GetVCP(), vcp code = 141
2025/11/03 15:45:16.181 [T:0x44f4e] [DisplayControl] Exit MCCSOtherSet::GetVCP()
2025/11/03 15:45:16.283 [T:0x44f4e] [DisplayControl] Enter MCCSOtherSet::GetVCP(), vcp code = 226
2025/11/03 15:45:16.369 [T:0x44f4e] [DisplayControl] Exit MCCSOtherSet::GetVCP()
2025/11/03 15:45:16.472 [T:0x44f4e] [DisplayControl] Enter MCCSOtherSet::GetVCP(), vcp code = 51
2025/11/03 15:45:16.557 [T:0x44f4e] [DisplayControl] Exit MCCSOtherSet::GetVCP()
