2025/10/27 05:01:38.989 [T:0xa9fa4] [DisplayControl] Enter ObtainControlHandler1
2025/10/27 05:01:38.989 [T:0xa9fa4] [DisplayControl] GetVideoPortCommander
2025/10/27 05:01:38.989 [T:0xa9fa4] [DisplayControl] GetUSBHubCommander
2025/10/27 05:01:38.989 [T:0xa9fa4] ====== List p_lpo_display_info_video_port, # of devices is ======2
2025/10/27 05:01:38.989 [T:0xa9fa4] [DisplayControl] index of p_lpo_display_info_video_port0
2025/10/27 05:01:38.989 [T:0xa9fa4] [DisplayControl] Model name from VideoPort = VG2458
2025/10/27 05:01:38.989 [T:0xa9fa4] [DisplayControl] SN from VideoPort = YDJ243400006
2025/10/27 05:01:38.989 [T:0xa9fa4] [DisplayControl] index of p_lpo_display_info_video_port1
2025/10/27 05:01:38.989 [T:0xa9fa4] [DisplayControl] Model name from VideoPort = VG275
2025/10/27 05:01:38.989 [T:0xa9fa4] [DisplayControl] SN from VideoPort = XF6232400003
2025/10/27 05:01:38.990 [T:0xa9fa4] ====== List p_lpo_display_info_rtd_scalar_rts_hub, # of devices is ======0
2025/10/27 05:01:38.990 [T:0xa9fa4] [DisplayControl] GetVSRtkHubControlClientListener
2025/10/27 05:01:38.990 [T:0xa9fa4] [DisplayControl] max monitor count = 2
2025/10/27 05:01:38.990 [T:0xa9fa4] [DisplayControl] index of display_info_vec = 0
2025/10/27 05:01:38.990 [T:0xa9fa4] [DisplayControl] index of p_lpo_display_info_video_port = 0
2025/10/27 05:01:38.990 [T:0xa9fa4] [DisplayControl] VideoPortMatchingRule
2025/10/27 05:01:38.990 [T:0xa9fa4] [DisplayControl] monitor display_info_model_name = VG2458
2025/10/27 05:01:38.990 [T:0xa9fa4] [DisplayControl] monitor video_port_model_name = VG2458
2025/10/27 05:01:38.990 [T:0xa9fa4] [DisplayControl] monitor display_info_sn = YDJ243400006
2025/10/27 05:01:38.990 [T:0xa9fa4] [DisplayControl] monitor video_port_sn = YDJ243400006
2025/10/27 05:01:38.990 [T:0xa9fa4] [DisplayControl] model_name_match = 1
2025/10/27 05:01:38.990 [T:0xa9fa4] [DisplayControl] sn_match = 1
2025/10/27 05:01:38.990 [T:0xa9fa4] [DisplayControl] video_port is_match = 1
2025/10/27 05:01:38.990 [T:0xa9fa4] [DisplayControl] index of display_info_vec = 1
2025/10/27 05:01:38.990 [T:0xa9fa4] [DisplayControl] index of p_lpo_display_info_video_port = 0
2025/10/27 05:01:38.990 [T:0xa9fa4] [DisplayControl] VideoPortMatchingRule
2025/10/27 05:01:38.990 [T:0xa9fa4] [DisplayControl] monitor display_info_model_name = VG275
2025/10/27 05:01:38.990 [T:0xa9fa4] [DisplayControl] monitor video_port_model_name = VG2458
2025/10/27 05:01:38.990 [T:0xa9fa4] [DisplayControl] monitor display_info_sn = XF6232400003
2025/10/27 05:01:38.990 [T:0xa9fa4] [DisplayControl] monitor video_port_sn = YDJ243400006
2025/10/27 05:01:38.990 [T:0xa9fa4] [DisplayControl] model_name_match = 0
2025/10/27 05:01:38.990 [T:0xa9fa4] [DisplayControl] sn_match = 0
2025/10/27 05:01:38.990 [T:0xa9fa4] [DisplayControl] video_port is_match = 0
2025/10/27 05:01:38.990 [T:0xa9fa4] [DisplayControl] index of display_info_vec = 1
2025/10/27 05:01:38.990 [T:0xa9fa4] [DisplayControl] index of p_lpo_display_info_video_port = 1
2025/10/27 05:01:38.990 [T:0xa9fa4] [DisplayControl] VideoPortMatchingRule
2025/10/27 05:01:38.990 [T:0xa9fa4] [DisplayControl] monitor display_info_model_name = VG275
2025/10/27 05:01:38.990 [T:0xa9fa4] [DisplayControl] monitor video_port_model_name = VG275
2025/10/27 05:01:38.991 [T:0xa9fa4] [DisplayControl] monitor display_info_sn = XF6232400003
2025/10/27 05:01:38.991 [T:0xa9fa4] [DisplayControl] monitor video_port_sn = XF6232400003
2025/10/27 05:01:38.991 [T:0xa9fa4] [DisplayControl] model_name_match = 1
2025/10/27 05:01:38.991 [T:0xa9fa4] [DisplayControl] sn_match = 1
2025/10/27 05:01:38.991 [T:0xa9fa4] [DisplayControl] video_port is_match = 1
2025/10/27 05:01:38.991 [T:0xa9fa4] [DisplayControl] i = 0
2025/10/27 05:01:38.991 [T:0xa9fa4] [DisplayControl] Enter OperationThread::OperationThread()
2025/10/27 05:01:38.991 [T:0xa9fa4] [DisplayControl] Enter OperationThread::CreateThread
2025/10/27 05:01:38.991 [T:0xa9fa4] [DisplayControl] new DisplayFunctioner
2025/10/27 05:01:38.991 [T:0xa9fa4] [DisplayControl] insert displayer_vector
2025/10/27 05:01:38.991 [T:0xa9fa4] [DisplayControl] insert modelName_SN_to_Display_map
2025/10/27 05:01:38.991 [T:0xa9fa4] [DisplayControl] insert device_id_to_Displayer_map_
2025/10/27 05:01:38.991 [T:0xa9fa4] [DisplayControl] i = 1
2025/10/27 05:01:38.991 [T:0xa9fa4] [DisplayControl] Enter OperationThread::OperationThread()
2025/10/27 05:01:38.991 [T:0xa9fa4] [DisplayControl] Enter OperationThread::CreateThread
2025/10/27 05:01:38.991 [T:0xa9fa4] [DisplayControl] new DisplayFunctioner
2025/10/27 05:01:38.991 [T:0xa9fa4] [DisplayControl] insert displayer_vector
2025/10/27 05:01:38.991 [T:0xa9fa4] [DisplayControl] insert modelName_SN_to_Display_map
2025/10/27 05:01:38.991 [T:0xa9fa4] [DisplayControl] insert device_id_to_Displayer_map_
2025/10/27 05:01:38.991 [T:0xa9fa4] [DisplayControl] monitor size = 2
2025/10/27 05:01:38.991 [T:0xa9fa4] [DisplayControl] Exit ObtainControlHandler
2025/10/27 05:01:38.992 [T:0xa9fa4] [DisplayControl] Enter MCCSOtherSet::GetVCP(), vcp code = 96
2025/10/27 05:01:39.076 [T:0xa9fa4] [DisplayControl] Exit MCCSOtherSet::GetVCP()
2025/10/27 05:01:39.444 [T:0xa9fa4] [DisplayControl] Enter MCCSOtherSet::GetVCP(), vcp code = 96
2025/10/27 05:01:39.526 [T:0xa9fa4] [DisplayControl] Exit MCCSOtherSet::GetVCP()
2025/10/27 05:01:39.919 [T:0xa9fa4] [DisplayControl] Enter MCCSOtherSet::SetVCP(), vcp code = 51
2025/10/27 05:01:40.127 [T:0xa9fa4] [DisplayControl] Exit MCCSOtherSet::SetVCP()
2025/10/27 05:01:40.128 [T:0xa9fa4] [DisplayControl] Enter MCCSOtherSet::SetVCP(), vcp code = 51
2025/10/27 05:01:40.338 [T:0xa9fa4] [DisplayControl] Exit MCCSOtherSet::SetVCP()
2025/10/27 05:01:40.341 [T:0xa9fa4] [DisplayControl] Enter MCCSOtherSet::GetVCP(), vcp code = 225
2025/10/27 05:01:40.457 [T:0xa9fa4] [DisplayControl] Exit MCCSOtherSet::GetVCP()
2025/10/27 05:01:40.570 [T:0xa9fa4] [DisplayControl] Enter MCCSOtherSet::GetVCP(), vcp code = 220
2025/10/27 05:01:40.693 [T:0xa9fa4] [DisplayControl] Exit MCCSOtherSet::GetVCP()
2025/10/27 05:01:40.806 [T:0xa9fa4] [DisplayControl] Enter MCCSOtherSet::GetVCP(), vcp code = 141
2025/10/27 05:01:40.929 [T:0xa9fa4] [DisplayControl] Exit MCCSOtherSet::GetVCP()
2025/10/27 05:01:41.042 [T:0xa9fa4] [DisplayControl] Enter MCCSOtherSet::GetVCP(), vcp code = 43
2025/10/27 05:01:41.164 [T:0xa9fa4] [DisplayControl] Exit MCCSOtherSet::GetVCP()
2025/10/27 05:01:41.277 [T:0xa9fa4] [DisplayControl] Enter MCCSOtherSet::GetVCP(), vcp code = 4
2025/10/27 05:01:41.358 [T:0xa9fa4] [DisplayControl] Exit MCCSOtherSet::GetVCP()
2025/10/27 05:01:41.465 [T:0xa9fa4] [DisplayControl] Enter MCCSOtherSet::GetVCP(), vcp code = 245
2025/10/27 05:01:41.547 [T:0xa9fa4] [DisplayControl] Exit MCCSOtherSet::GetVCP()
2025/10/27 05:01:41.654 [T:0xa9fa4] [DisplayControl] Enter MCCSOtherSet::GetVCP(), vcp code = 135
2025/10/27 05:01:41.735 [T:0xa9fa4] [DisplayControl] Exit MCCSOtherSet::GetVCP()
2025/10/27 05:01:41.842 [T:0xa9fa4] [DisplayControl] Enter MCCSOtherSet::GetVCP(), vcp code = 98
2025/10/27 05:01:41.934 [T:0xa9fa4] [DisplayControl] Exit MCCSOtherSet::GetVCP()
2025/10/27 05:01:42.046 [T:0xa9fa4] [DisplayControl] Enter MCCSOtherSet::GetVCP(), vcp code = 97
2025/10/27 05:01:42.169 [T:0xa9fa4] [DisplayControl] Exit MCCSOtherSet::GetVCP()
2025/10/27 05:01:42.282 [T:0xa9fa4] [DisplayControl] Enter MCCSOtherSet::GetVCP(), vcp code = 16
2025/10/27 05:01:42.379 [T:0xa9fa4] [DisplayControl] Exit MCCSOtherSet::GetVCP()
2025/10/27 05:01:42.486 [T:0xa9fa4] [DisplayControl] Enter MCCSOtherSet::GetVCP(), vcp code = 51
2025/10/27 05:01:42.608 [T:0xa9fa4] [DisplayControl] Exit MCCSOtherSet::GetVCP()
2025/10/27 05:01:42.721 [T:0xa9fa4] [DisplayControl] Enter MCCSOtherSet::GetVCP(), vcp code = 96
2025/10/27 05:01:42.843 [T:0xa9fa4] [DisplayControl] Exit MCCSOtherSet::GetVCP()
2025/10/27 05:01:42.957 [T:0xa9fa4] [DisplayControl] Enter MCCSOtherSet::GetVCP(), vcp code = 18
2025/10/27 05:01:43.079 [T:0xa9fa4] [DisplayControl] Exit MCCSOtherSet::GetVCP()
2025/10/27 05:01:43.192 [T:0xa9fa4] [DisplayControl] Enter MCCSOtherSet::GetVCP(), vcp code = 20
2025/10/27 05:01:43.314 [T:0xa9fa4] [DisplayControl] Exit MCCSOtherSet::GetVCP()
2025/10/27 05:01:43.428 [T:0xa9fa4] [DisplayControl] Enter MCCSOtherSet::GetVCP(), vcp code = 236
2025/10/27 05:01:43.524 [T:0xa9fa4] [DisplayControl] Exit MCCSOtherSet::GetVCP()
2025/10/27 05:01:43.632 [T:0xa9fa4] [DisplayControl] Enter MCCSOtherSet::GetVCP(), vcp code = 225
2025/10/27 05:01:43.744 [T:0xa9fa4] [DisplayControl] Exit MCCSOtherSet::GetVCP()
2025/10/27 05:01:43.851 [T:0xa9fa4] [DisplayControl] Enter MCCSOtherSet::GetVCP(), vcp code = 220
2025/10/27 05:01:43.980 [T:0xa9fa4] [DisplayControl] Exit MCCSOtherSet::GetVCP()
2025/10/27 05:01:44.087 [T:0xa9fa4] [DisplayControl] Enter MCCSOtherSet::GetVCP(), vcp code = 141
2025/10/27 05:01:44.215 [T:0xa9fa4] [DisplayControl] Exit MCCSOtherSet::GetVCP()
2025/10/27 05:01:44.322 [T:0xa9fa4] [DisplayControl] Enter MCCSOtherSet::GetVCP(), vcp code = 43
2025/10/27 05:01:44.450 [T:0xa9fa4] [DisplayControl] Exit MCCSOtherSet::GetVCP()
2025/10/27 05:01:44.557 [T:0xa9fa4] [DisplayControl] Enter MCCSOtherSet::GetVCP(), vcp code = 4
2025/10/27 05:01:44.701 [T:0xa9fa4] [DisplayControl] Exit MCCSOtherSet::GetVCP()
2025/10/27 05:01:44.808 [T:0xa9fa4] [DisplayControl] Enter MCCSOtherSet::GetVCP(), vcp code = 135
2025/10/27 05:01:44.952 [T:0xa9fa4] [DisplayControl] Exit MCCSOtherSet::GetVCP()
2025/10/27 05:01:45.059 [T:0xa9fa4] [DisplayControl] Enter MCCSOtherSet::GetVCP(), vcp code = 98
2025/10/27 05:01:45.187 [T:0xa9fa4] [DisplayControl] Exit MCCSOtherSet::GetVCP()
2025/10/27 05:01:45.295 [T:0xa9fa4] [DisplayControl] Enter MCCSOtherSet::GetVCP(), vcp code = 97
2025/10/27 05:01:45.439 [T:0xa9fa4] [DisplayControl] Exit MCCSOtherSet::GetVCP()
2025/10/27 05:01:45.546 [T:0xa9fa4] [DisplayControl] Enter MCCSOtherSet::GetVCP(), vcp code = 16
2025/10/27 05:01:45.689 [T:0xa9fa4] [DisplayControl] Exit MCCSOtherSet::GetVCP()
2025/10/27 05:01:45.797 [T:0xa9fa4] [DisplayControl] Enter MCCSOtherSet::GetVCP(), vcp code = 51
2025/10/27 05:01:45.926 [T:0xa9fa4] [DisplayControl] Exit MCCSOtherSet::GetVCP()
2025/10/27 05:01:46.032 [T:0xa9fa4] [DisplayControl] Enter MCCSOtherSet::GetVCP(), vcp code = 96
2025/10/27 05:01:46.176 [T:0xa9fa4] [DisplayControl] Exit MCCSOtherSet::GetVCP()
2025/10/27 05:01:46.283 [T:0xa9fa4] [DisplayControl] Enter MCCSOtherSet::GetVCP(), vcp code = 18
2025/10/27 05:01:46.397 [T:0xa9fa4] [DisplayControl] Exit MCCSOtherSet::GetVCP()
2025/10/27 05:01:46.503 [T:0xa9fa4] [DisplayControl] Enter MCCSOtherSet::GetVCP(), vcp code = 226
2025/10/27 05:01:46.648 [T:0xa9fa4] [DisplayControl] Exit MCCSOtherSet::GetVCP()
2025/10/27 05:01:46.774 [T:0xa9fa4] [DisplayControl] Enter MCCSOtherSet::GetVCP(), vcp code = 96
2025/10/27 05:01:46.877 [T:0xa9fa4] [DisplayControl] Exit MCCSOtherSet::GetVCP()
2025/10/27 05:01:46.879 [T:0xa9fa4] [DisplayControl] Enter MCCSOtherSet::GetVCP(), vcp code = 96
2025/10/27 05:01:47.009 [T:0xa9fa4] [DisplayControl] Exit MCCSOtherSet::GetVCP()
2025/10/27 05:01:47.716 [T:0xe951f] [DisplayControl] Enter MCCSOtherSet::SetVCP(), vcp code = 51
2025/10/27 05:01:47.862 [T:0xe951f] [DisplayControl] Exit MCCSOtherSet::SetVCP()
2025/10/27 05:02:26.176 [T:0x39fb3] [DisplayControl] Enter MCCSOtherSet::SetVCP(), vcp code = 4
2025/10/27 05:02:27.112 [T:0x39fb3] [DisplayControl] Exit MCCSOtherSet::SetVCP()
2025/10/27 05:02:32.226 [T:0x39fb3] [DisplayControl] Enter OperationThread::ExitThread
2025/10/27 05:02:32.226 [T:0x39fb3] [DisplayControl] Exit OperationThread::ExitThread
2025/10/27 05:02:32.226 [T:0x39fb3] [DisplayControl] Enter OperationThread::~OperationThread()
2025/10/27 05:02:32.226 [T:0x39fb3] [DisplayControl] Enter OperationThread::ExitThread
2025/10/27 05:02:32.226 [T:0x39fb3] [DisplayControl] Enter OperationThread::ExitThread
2025/10/27 05:02:32.226 [T:0x39fb3] [DisplayControl] Exit OperationThread::ExitThread
2025/10/27 05:02:32.226 [T:0x39fb3] [DisplayControl] Enter OperationThread::~OperationThread()
2025/10/27 05:02:32.226 [T:0x39fb3] [DisplayControl] Enter OperationThread::ExitThread
2025/10/27 05:02:32.254 [T:0x39fb3] [DbgStr] After calling display_control_client_listener_video_port_.UpdateAllDisplayPath()
2025/10/27 05:02:32.270 [T:0x39fb3] [DbgStr] After calling display_control_client_listener_.GetAllDisplayEDID()
2025/10/27 05:02:32.272 [T:0x39fb3] [DisplayControl] Version = 3.0.6.0
2025/10/27 05:02:32.273 [T:0x39fb3] [DisplayControl] Enter ObtainControlHandler1
2025/10/27 05:02:32.273 [T:0x39fb3] [DisplayControl] GetVideoPortCommander
2025/10/27 05:02:32.273 [T:0x39fb3] [DisplayControl] GetUSBHubCommander
2025/10/27 05:02:32.273 [T:0x39fb3] ====== List p_lpo_display_info_video_port, # of devices is ======2
2025/10/27 05:02:32.273 [T:0x39fb3] [DisplayControl] index of p_lpo_display_info_video_port0
2025/10/27 05:02:32.273 [T:0x39fb3] [DisplayControl] Model name from VideoPort = VG2458
2025/10/27 05:02:32.273 [T:0x39fb3] [DisplayControl] SN from VideoPort = YDJ243400006
2025/10/27 05:02:32.273 [T:0x39fb3] [DisplayControl] index of p_lpo_display_info_video_port1
2025/10/27 05:02:32.273 [T:0x39fb3] [DisplayControl] Model name from VideoPort = VG275
2025/10/27 05:02:32.273 [T:0x39fb3] [DisplayControl] SN from VideoPort = XF6232400003
2025/10/27 05:02:32.273 [T:0x39fb3] ====== List p_lpo_display_info_rtd_scalar_rts_hub, # of devices is ======0
2025/10/27 05:02:32.273 [T:0x39fb3] [DisplayControl] GetVSRtkHubControlClientListener
2025/10/27 05:02:32.273 [T:0x39fb3] [DisplayControl] max monitor count = 2
2025/10/27 05:02:32.273 [T:0x39fb3] [DisplayControl] index of display_info_vec = 0
2025/10/27 05:02:32.273 [T:0x39fb3] [DisplayControl] index of p_lpo_display_info_video_port = 0
2025/10/27 05:02:32.273 [T:0x39fb3] [DisplayControl] VideoPortMatchingRule
2025/10/27 05:02:32.273 [T:0x39fb3] [DisplayControl] monitor display_info_model_name = VG2458
2025/10/27 05:02:32.273 [T:0x39fb3] [DisplayControl] monitor video_port_model_name = VG2458
2025/10/27 05:02:32.273 [T:0x39fb3] [DisplayControl] monitor display_info_sn = YDJ243400006
2025/10/27 05:02:32.273 [T:0x39fb3] [DisplayControl] monitor video_port_sn = YDJ243400006
2025/10/27 05:02:32.273 [T:0x39fb3] [DisplayControl] model_name_match = 1
2025/10/27 05:02:32.273 [T:0x39fb3] [DisplayControl] sn_match = 1
2025/10/27 05:02:32.273 [T:0x39fb3] [DisplayControl] video_port is_match = 1
2025/10/27 05:02:32.273 [T:0x39fb3] [DisplayControl] index of display_info_vec = 1
2025/10/27 05:02:32.273 [T:0x39fb3] [DisplayControl] index of p_lpo_display_info_video_port = 0
2025/10/27 05:02:32.273 [T:0x39fb3] [DisplayControl] VideoPortMatchingRule
2025/10/27 05:02:32.273 [T:0x39fb3] [DisplayControl] monitor display_info_model_name = VG275
2025/10/27 05:02:32.274 [T:0x39fb3] [DisplayControl] monitor video_port_model_name = VG2458
2025/10/27 05:02:32.274 [T:0x39fb3] [DisplayControl] monitor display_info_sn = XF6232400003
2025/10/27 05:02:32.274 [T:0x39fb3] [DisplayControl] monitor video_port_sn = YDJ243400006
2025/10/27 05:02:32.274 [T:0x39fb3] [DisplayControl] model_name_match = 0
2025/10/27 05:02:32.274 [T:0x39fb3] [DisplayControl] sn_match = 0
2025/10/27 05:02:32.274 [T:0x39fb3] [DisplayControl] video_port is_match = 0
2025/10/27 05:02:32.274 [T:0x39fb3] [DisplayControl] index of display_info_vec = 1
2025/10/27 05:02:32.274 [T:0x39fb3] [DisplayControl] index of p_lpo_display_info_video_port = 1
2025/10/27 05:02:32.274 [T:0x39fb3] [DisplayControl] VideoPortMatchingRule
2025/10/27 05:02:32.274 [T:0x39fb3] [DisplayControl] monitor display_info_model_name = VG275
2025/10/27 05:02:32.274 [T:0x39fb3] [DisplayControl] monitor video_port_model_name = VG275
2025/10/27 05:02:32.274 [T:0x39fb3] [DisplayControl] monitor display_info_sn = XF6232400003
2025/10/27 05:02:32.274 [T:0x39fb3] [DisplayControl] monitor video_port_sn = XF6232400003
2025/10/27 05:02:32.274 [T:0x39fb3] [DisplayControl] model_name_match = 1
2025/10/27 05:02:32.274 [T:0x39fb3] [DisplayControl] sn_match = 1
2025/10/27 05:02:32.274 [T:0x39fb3] [DisplayControl] video_port is_match = 1
2025/10/27 05:02:32.274 [T:0x39fb3] [DisplayControl] i = 0
2025/10/27 05:02:32.274 [T:0x39fb3] [DisplayControl] Enter OperationThread::OperationThread()
2025/10/27 05:02:32.274 [T:0x39fb3] [DisplayControl] Enter OperationThread::CreateThread
2025/10/27 05:02:32.274 [T:0x39fb3] [DisplayControl] new DisplayFunctioner
2025/10/27 05:02:32.274 [T:0x39fb3] [DisplayControl] insert displayer_vector
2025/10/27 05:02:32.274 [T:0x39fb3] [DisplayControl] insert modelName_SN_to_Display_map
2025/10/27 05:02:32.274 [T:0x39fb3] [DisplayControl] insert device_id_to_Displayer_map_
2025/10/27 05:02:32.274 [T:0x39fb3] [DisplayControl] i = 1
2025/10/27 05:02:32.274 [T:0x39fb3] [DisplayControl] Enter OperationThread::OperationThread()
2025/10/27 05:02:32.275 [T:0x39fb3] [DisplayControl] Enter OperationThread::CreateThread
2025/10/27 05:02:32.275 [T:0x39fb3] [DisplayControl] new DisplayFunctioner
2025/10/27 05:02:32.275 [T:0x39fb3] [DisplayControl] insert displayer_vector
2025/10/27 05:02:32.275 [T:0x39fb3] [DisplayControl] insert modelName_SN_to_Display_map
2025/10/27 05:02:32.275 [T:0x39fb3] [DisplayControl] insert device_id_to_Displayer_map_
2025/10/27 05:02:32.275 [T:0x39fb3] [DisplayControl] monitor size = 2
2025/10/27 05:02:32.275 [T:0x39fb3] [DisplayControl] Exit ObtainControlHandler
2025/10/27 05:02:32.275 [T:0x39fb3] [DisplayControl] Enter MCCSOtherSet::GetVCP(), vcp code = 16
2025/10/27 05:02:32.354 [T:0x39fb3] [DisplayControl] Exit MCCSOtherSet::GetVCP()
2025/10/27 05:02:32.354 [T:0x39fb3] [DisplayControl] Enter MCCSOtherSet::GetVCP(), vcp code = 225
2025/10/27 05:02:32.496 [T:0x39fb3] [DisplayControl] Exit MCCSOtherSet::GetVCP()
2025/10/27 05:02:32.602 [T:0x39fb3] [DisplayControl] Enter MCCSOtherSet::GetVCP(), vcp code = 220
2025/10/27 05:02:32.684 [T:0x39fb3] [DisplayControl] Exit MCCSOtherSet::GetVCP()
2025/10/27 05:02:32.790 [T:0x39fb3] [DisplayControl] Enter MCCSOtherSet::GetVCP(), vcp code = 141
2025/10/27 05:02:32.872 [T:0x39fb3] [DisplayControl] Exit MCCSOtherSet::GetVCP()
2025/10/27 05:02:32.979 [T:0x39fb3] [DisplayControl] Enter MCCSOtherSet::GetVCP(), vcp code = 43
2025/10/27 05:02:33.060 [T:0x39fb3] [DisplayControl] Exit MCCSOtherSet::GetVCP()
2025/10/27 05:02:33.166 [T:0x39fb3] [DisplayControl] Enter MCCSOtherSet::GetVCP(), vcp code = 4
2025/10/27 05:02:33.249 [T:0x39fb3] [DisplayControl] Exit MCCSOtherSet::GetVCP()
2025/10/27 05:02:33.355 [T:0x39fb3] [DisplayControl] Enter MCCSOtherSet::GetVCP(), vcp code = 245
2025/10/27 05:02:33.437 [T:0x39fb3] [DisplayControl] Exit MCCSOtherSet::GetVCP()
2025/10/27 05:02:33.544 [T:0x39fb3] [DisplayControl] Enter MCCSOtherSet::GetVCP(), vcp code = 135
2025/10/27 05:02:33.626 [T:0x39fb3] [DisplayControl] Exit MCCSOtherSet::GetVCP()
2025/10/27 05:02:33.732 [T:0x39fb3] [DisplayControl] Enter MCCSOtherSet::GetVCP(), vcp code = 98
2025/10/27 05:02:33.814 [T:0x39fb3] [DisplayControl] Exit MCCSOtherSet::GetVCP()
2025/10/27 05:02:33.920 [T:0x39fb3] [DisplayControl] Enter MCCSOtherSet::GetVCP(), vcp code = 97
2025/10/27 05:02:34.003 [T:0x39fb3] [DisplayControl] Exit MCCSOtherSet::GetVCP()
2025/10/27 05:02:34.109 [T:0x39fb3] [DisplayControl] Enter MCCSOtherSet::GetVCP(), vcp code = 16
2025/10/27 05:02:34.191 [T:0x39fb3] [DisplayControl] Exit MCCSOtherSet::GetVCP()
2025/10/27 05:02:34.297 [T:0x39fb3] [DisplayControl] Enter MCCSOtherSet::GetVCP(), vcp code = 51
2025/10/27 05:02:34.379 [T:0x39fb3] [DisplayControl] Exit MCCSOtherSet::GetVCP()
2025/10/27 05:02:34.485 [T:0x39fb3] [DisplayControl] Enter MCCSOtherSet::GetVCP(), vcp code = 96
2025/10/27 05:02:34.567 [T:0x39fb3] [DisplayControl] Exit MCCSOtherSet::GetVCP()
2025/10/27 05:02:34.607 [T:0xa9fa4] [DisplayControl] Enter MCCSOtherSet::GetVCP(), vcp code = 96
2025/10/27 05:02:34.673 [T:0x39fb3] [DisplayControl] Enter MCCSOtherSet::GetVCP(), vcp code = 18
2025/10/27 05:02:34.718 [T:0xa9fa4] [DisplayControl] Exit MCCSOtherSet::GetVCP()
2025/10/27 05:02:34.906 [T:0x39fb3] [DisplayControl] Exit MCCSOtherSet::GetVCP()
2025/10/27 05:02:35.009 [T:0x39fb3] [DisplayControl] Enter MCCSOtherSet::GetVCP(), vcp code = 20
2025/10/27 05:02:35.232 [T:0x39fb3] [DisplayControl] Exit MCCSOtherSet::GetVCP()
2025/10/27 05:02:35.344 [T:0x39fb3] [DisplayControl] Enter MCCSOtherSet::GetVCP(), vcp code = 236
2025/10/27 05:02:35.429 [T:0x39fb3] [DisplayControl] Exit MCCSOtherSet::GetVCP()
2025/10/27 05:02:35.532 [T:0x39fb3] [DisplayControl] Enter MCCSOtherSet::GetVCP(), vcp code = 225
2025/10/27 05:02:35.618 [T:0x39fb3] [DisplayControl] Exit MCCSOtherSet::GetVCP()
2025/10/27 05:02:35.720 [T:0x39fb3] [DisplayControl] Enter MCCSOtherSet::GetVCP(), vcp code = 220
2025/10/27 05:02:35.806 [T:0x39fb3] [DisplayControl] Exit MCCSOtherSet::GetVCP()
2025/10/27 05:02:35.908 [T:0x39fb3] [DisplayControl] Enter MCCSOtherSet::GetVCP(), vcp code = 141
2025/10/27 05:02:35.995 [T:0x39fb3] [DisplayControl] Exit MCCSOtherSet::GetVCP()
2025/10/27 05:02:36.097 [T:0x39fb3] [DisplayControl] Enter MCCSOtherSet::GetVCP(), vcp code = 43
2025/10/27 05:02:36.182 [T:0x39fb3] [DisplayControl] Exit MCCSOtherSet::GetVCP()
2025/10/27 05:02:36.285 [T:0x39fb3] [DisplayControl] Enter MCCSOtherSet::GetVCP(), vcp code = 4
2025/10/27 05:02:36.370 [T:0x39fb3] [DisplayControl] Exit MCCSOtherSet::GetVCP()
2025/10/27 05:02:36.473 [T:0x39fb3] [DisplayControl] Enter MCCSOtherSet::GetVCP(), vcp code = 135
2025/10/27 05:02:36.561 [T:0x39fb3] [DisplayControl] Exit MCCSOtherSet::GetVCP()
2025/10/27 05:02:36.677 [T:0x39fb3] [DisplayControl] Enter MCCSOtherSet::GetVCP(), vcp code = 98
2025/10/27 05:02:36.763 [T:0x39fb3] [DisplayControl] Exit MCCSOtherSet::GetVCP()
2025/10/27 05:02:36.865 [T:0x39fb3] [DisplayControl] Enter MCCSOtherSet::GetVCP(), vcp code = 97
2025/10/27 05:02:36.950 [T:0x39fb3] [DisplayControl] Exit MCCSOtherSet::GetVCP()
2025/10/27 05:02:37.053 [T:0x39fb3] [DisplayControl] Enter MCCSOtherSet::GetVCP(), vcp code = 16
2025/10/27 05:02:37.139 [T:0x39fb3] [DisplayControl] Exit MCCSOtherSet::GetVCP()
2025/10/27 05:02:37.241 [T:0x39fb3] [DisplayControl] Enter MCCSOtherSet::GetVCP(), vcp code = 51
2025/10/27 05:02:37.327 [T:0x39fb3] [DisplayControl] Exit MCCSOtherSet::GetVCP()
2025/10/27 05:02:37.429 [T:0x39fb3] [DisplayControl] Enter MCCSOtherSet::GetVCP(), vcp code = 96
2025/10/27 05:02:37.515 [T:0x39fb3] [DisplayControl] Exit MCCSOtherSet::GetVCP()
2025/10/27 05:02:37.617 [T:0x39fb3] [DisplayControl] Enter MCCSOtherSet::GetVCP(), vcp code = 18
2025/10/27 05:02:37.703 [T:0x39fb3] [DisplayControl] Exit MCCSOtherSet::GetVCP()
2025/10/27 05:02:37.806 [T:0x39fb3] [DisplayControl] Enter MCCSOtherSet::GetVCP(), vcp code = 226
2025/10/27 05:02:37.892 [T:0x39fb3] [DisplayControl] Exit MCCSOtherSet::GetVCP()
2025/10/27 05:03:58.719 [T:0xa9fa4] [DisplayControl] Enter MCCSOtherSet::GetVCP(), vcp code = 96
2025/10/27 05:03:58.815 [T:0xa9fa4] [DisplayControl] Exit MCCSOtherSet::GetVCP()
2025/10/27 05:03:59.027 [T:0xe0387] [DisplayControl] Enter MCCSOtherSet::GetVCP(), vcp code = 236
2025/10/27 05:03:59.150 [T:0xe0387] [DisplayControl] Exit MCCSOtherSet::GetVCP()
2025/10/27 05:03:59.260 [T:0xe0387] [DisplayControl] Enter MCCSOtherSet::GetVCP(), vcp code = 225
2025/10/27 05:03:59.347 [T:0xe0387] [DisplayControl] Exit MCCSOtherSet::GetVCP()
2025/10/27 05:03:59.449 [T:0xe0387] [DisplayControl] Enter MCCSOtherSet::GetVCP(), vcp code = 220
2025/10/27 05:03:59.535 [T:0xe0387] [DisplayControl] Exit MCCSOtherSet::GetVCP()
2025/10/27 05:03:59.637 [T:0xe0387] [DisplayControl] Enter MCCSOtherSet::GetVCP(), vcp code = 141
2025/10/27 05:03:59.723 [T:0xe0387] [DisplayControl] Exit MCCSOtherSet::GetVCP()
2025/10/27 05:03:59.826 [T:0xe0387] [DisplayControl] Enter MCCSOtherSet::GetVCP(), vcp code = 43
2025/10/27 05:03:59.912 [T:0xe0387] [DisplayControl] Exit MCCSOtherSet::GetVCP()
2025/10/27 05:04:00.014 [T:0xe0387] [DisplayControl] Enter MCCSOtherSet::GetVCP(), vcp code = 4
2025/10/27 05:04:00.100 [T:0xe0387] [DisplayControl] Exit MCCSOtherSet::GetVCP()
2025/10/27 05:04:00.203 [T:0xe0387] [DisplayControl] Enter MCCSOtherSet::GetVCP(), vcp code = 135
2025/10/27 05:04:00.289 [T:0xe0387] [DisplayControl] Exit MCCSOtherSet::GetVCP()
2025/10/27 05:04:00.391 [T:0xe0387] [DisplayControl] Enter MCCSOtherSet::GetVCP(), vcp code = 98
2025/10/27 05:04:00.477 [T:0xe0387] [DisplayControl] Exit MCCSOtherSet::GetVCP()
2025/10/27 05:04:00.579 [T:0xe0387] [DisplayControl] Enter MCCSOtherSet::GetVCP(), vcp code = 97
2025/10/27 05:04:00.664 [T:0xe0387] [DisplayControl] Exit MCCSOtherSet::GetVCP()
2025/10/27 05:04:00.767 [T:0xe0387] [DisplayControl] Enter MCCSOtherSet::GetVCP(), vcp code = 16
2025/10/27 05:04:00.853 [T:0xe0387] [DisplayControl] Exit MCCSOtherSet::GetVCP()
2025/10/27 05:04:00.956 [T:0xe0387] [DisplayControl] Enter MCCSOtherSet::GetVCP(), vcp code = 51
2025/10/27 05:04:01.041 [T:0xe0387] [DisplayControl] Exit MCCSOtherSet::GetVCP()
2025/10/27 05:04:01.144 [T:0xe0387] [DisplayControl] Enter MCCSOtherSet::GetVCP(), vcp code = 96
2025/10/27 05:04:01.230 [T:0xe0387] [DisplayControl] Exit MCCSOtherSet::GetVCP()
2025/10/27 05:04:01.332 [T:0xe0387] [DisplayControl] Enter MCCSOtherSet::GetVCP(), vcp code = 18
2025/10/27 05:04:01.419 [T:0xe0387] [DisplayControl] Exit MCCSOtherSet::GetVCP()
2025/10/27 05:04:01.521 [T:0xe0387] [DisplayControl] Enter MCCSOtherSet::GetVCP(), vcp code = 226
2025/10/27 05:04:01.607 [T:0xe0387] [DisplayControl] Exit MCCSOtherSet::GetVCP()
2025/10/27 05:04:15.475 [T:0xe0387] [DisplayControl] Enter MCCSOtherSet::SetVCP(), vcp code = 4
2025/10/27 05:04:16.432 [T:0xe0387] [DisplayControl] Exit MCCSOtherSet::SetVCP()
2025/10/27 05:04:21.554 [T:0xe0387] [DisplayControl] Enter OperationThread::ExitThread
2025/10/27 05:04:21.555 [T:0xe0387] [DisplayControl] Exit OperationThread::ExitThread
2025/10/27 05:04:21.555 [T:0xe0387] [DisplayControl] Enter OperationThread::~OperationThread()
2025/10/27 05:04:21.555 [T:0xe0387] [DisplayControl] Enter OperationThread::ExitThread
2025/10/27 05:04:21.555 [T:0xe0387] [DisplayControl] Enter OperationThread::ExitThread
2025/10/27 05:04:21.555 [T:0xe0387] [DisplayControl] Exit OperationThread::ExitThread
2025/10/27 05:04:21.555 [T:0xe0387] [DisplayControl] Enter OperationThread::~OperationThread()
2025/10/27 05:04:21.555 [T:0xe0387] [DisplayControl] Enter OperationThread::ExitThread
2025/10/27 05:04:21.580 [T:0xe0387] [DbgStr] After calling display_control_client_listener_video_port_.UpdateAllDisplayPath()
2025/10/27 05:04:21.596 [T:0xe0387] [DbgStr] After calling display_control_client_listener_.GetAllDisplayEDID()
2025/10/27 05:04:21.598 [T:0xe0387] [DisplayControl] Version = 3.0.6.0
2025/10/27 05:04:21.598 [T:0xe0387] [DisplayControl] Enter ObtainControlHandler1
2025/10/27 05:04:21.598 [T:0xe0387] [DisplayControl] GetVideoPortCommander
2025/10/27 05:04:21.598 [T:0xe0387] [DisplayControl] GetUSBHubCommander
2025/10/27 05:04:21.598 [T:0xe0387] ====== List p_lpo_display_info_video_port, # of devices is ======2
2025/10/27 05:04:21.598 [T:0xe0387] [DisplayControl] index of p_lpo_display_info_video_port0
2025/10/27 05:04:21.598 [T:0xe0387] [DisplayControl] Model name from VideoPort = VG2458
2025/10/27 05:04:21.598 [T:0xe0387] [DisplayControl] SN from VideoPort = YDJ243400006
2025/10/27 05:04:21.598 [T:0xe0387] [DisplayControl] index of p_lpo_display_info_video_port1
2025/10/27 05:04:21.598 [T:0xe0387] [DisplayControl] Model name from VideoPort = VG275
2025/10/27 05:04:21.598 [T:0xe0387] [DisplayControl] SN from VideoPort = XF6232400003
2025/10/27 05:04:21.598 [T:0xe0387] ====== List p_lpo_display_info_rtd_scalar_rts_hub, # of devices is ======0
2025/10/27 05:04:21.599 [T:0xe0387] [DisplayControl] GetVSRtkHubControlClientListener
2025/10/27 05:04:21.599 [T:0xe0387] [DisplayControl] max monitor count = 2
2025/10/27 05:04:21.599 [T:0xe0387] [DisplayControl] index of display_info_vec = 0
2025/10/27 05:04:21.599 [T:0xe0387] [DisplayControl] index of p_lpo_display_info_video_port = 0
2025/10/27 05:04:21.599 [T:0xe0387] [DisplayControl] VideoPortMatchingRule
2025/10/27 05:04:21.599 [T:0xe0387] [DisplayControl] monitor display_info_model_name = VG2458
2025/10/27 05:04:21.599 [T:0xe0387] [DisplayControl] monitor video_port_model_name = VG2458
2025/10/27 05:04:21.599 [T:0xe0387] [DisplayControl] monitor display_info_sn = YDJ243400006
2025/10/27 05:04:21.599 [T:0xe0387] [DisplayControl] monitor video_port_sn = YDJ243400006
2025/10/27 05:04:21.599 [T:0xe0387] [DisplayControl] model_name_match = 1
2025/10/27 05:04:21.599 [T:0xe0387] [DisplayControl] sn_match = 1
2025/10/27 05:04:21.599 [T:0xe0387] [DisplayControl] video_port is_match = 1
2025/10/27 05:04:21.599 [T:0xe0387] [DisplayControl] index of display_info_vec = 1
2025/10/27 05:04:21.599 [T:0xe0387] [DisplayControl] index of p_lpo_display_info_video_port = 0
2025/10/27 05:04:21.599 [T:0xe0387] [DisplayControl] VideoPortMatchingRule
2025/10/27 05:04:21.599 [T:0xe0387] [DisplayControl] monitor display_info_model_name = VG275
2025/10/27 05:04:21.599 [T:0xe0387] [DisplayControl] monitor video_port_model_name = VG2458
2025/10/27 05:04:21.599 [T:0xe0387] [DisplayControl] monitor display_info_sn = XF6232400003
2025/10/27 05:04:21.599 [T:0xe0387] [DisplayControl] monitor video_port_sn = YDJ243400006
2025/10/27 05:04:21.599 [T:0xe0387] [DisplayControl] model_name_match = 0
2025/10/27 05:04:21.599 [T:0xe0387] [DisplayControl] sn_match = 0
2025/10/27 05:04:21.599 [T:0xe0387] [DisplayControl] video_port is_match = 0
2025/10/27 05:04:21.599 [T:0xe0387] [DisplayControl] index of display_info_vec = 1
2025/10/27 05:04:21.599 [T:0xe0387] [DisplayControl] index of p_lpo_display_info_video_port = 1
2025/10/27 05:04:21.599 [T:0xe0387] [DisplayControl] VideoPortMatchingRule
2025/10/27 05:04:21.599 [T:0xe0387] [DisplayControl] monitor display_info_model_name = VG275
2025/10/27 05:04:21.599 [T:0xe0387] [DisplayControl] monitor video_port_model_name = VG275
2025/10/27 05:04:21.600 [T:0xe0387] [DisplayControl] monitor display_info_sn = XF6232400003
2025/10/27 05:04:21.600 [T:0xe0387] [DisplayControl] monitor video_port_sn = XF6232400003
2025/10/27 05:04:21.600 [T:0xe0387] [DisplayControl] model_name_match = 1
2025/10/27 05:04:21.600 [T:0xe0387] [DisplayControl] sn_match = 1
2025/10/27 05:04:21.600 [T:0xe0387] [DisplayControl] video_port is_match = 1
2025/10/27 05:04:21.600 [T:0xe0387] [DisplayControl] i = 0
2025/10/27 05:04:21.600 [T:0xe0387] [DisplayControl] Enter OperationThread::OperationThread()
2025/10/27 05:04:21.600 [T:0xe0387] [DisplayControl] Enter OperationThread::CreateThread
2025/10/27 05:04:21.600 [T:0xe0387] [DisplayControl] new DisplayFunctioner
2025/10/27 05:04:21.600 [T:0xe0387] [DisplayControl] insert displayer_vector
2025/10/27 05:04:21.600 [T:0xe0387] [DisplayControl] insert modelName_SN_to_Display_map
2025/10/27 05:04:21.600 [T:0xe0387] [DisplayControl] insert device_id_to_Displayer_map_
2025/10/27 05:04:21.600 [T:0xe0387] [DisplayControl] i = 1
2025/10/27 05:04:21.600 [T:0xe0387] [DisplayControl] Enter OperationThread::OperationThread()
2025/10/27 05:04:21.600 [T:0xe0387] [DisplayControl] Enter OperationThread::CreateThread
2025/10/27 05:04:21.600 [T:0xe0387] [DisplayControl] new DisplayFunctioner
2025/10/27 05:04:21.600 [T:0xe0387] [DisplayControl] insert displayer_vector
2025/10/27 05:04:21.600 [T:0xe0387] [DisplayControl] insert modelName_SN_to_Display_map
2025/10/27 05:04:21.600 [T:0xe0387] [DisplayControl] insert device_id_to_Displayer_map_
2025/10/27 05:04:21.600 [T:0xe0387] [DisplayControl] monitor size = 2
2025/10/27 05:04:21.600 [T:0xe0387] [DisplayControl] Exit ObtainControlHandler
2025/10/27 05:04:21.600 [T:0xe0387] [DisplayControl] Enter MCCSOtherSet::GetVCP(), vcp code = 16
2025/10/27 05:04:21.687 [T:0xe0387] [DisplayControl] Exit MCCSOtherSet::GetVCP()
2025/10/27 05:04:21.687 [T:0xe0387] [DisplayControl] Enter MCCSOtherSet::GetVCP(), vcp code = 225
2025/10/27 05:04:21.761 [T:0xe0387] [DisplayControl] Exit MCCSOtherSet::GetVCP()
2025/10/27 05:04:21.868 [T:0xe0387] [DisplayControl] Enter MCCSOtherSet::GetVCP(), vcp code = 220
2025/10/27 05:04:21.949 [T:0xe0387] [DisplayControl] Exit MCCSOtherSet::GetVCP()
2025/10/27 05:04:22.055 [T:0xe0387] [DisplayControl] Enter MCCSOtherSet::GetVCP(), vcp code = 141
2025/10/27 05:04:22.169 [T:0xe0387] [DisplayControl] Exit MCCSOtherSet::GetVCP()
2025/10/27 05:04:22.275 [T:0xe0387] [DisplayControl] Enter MCCSOtherSet::GetVCP(), vcp code = 43
2025/10/27 05:04:22.357 [T:0xe0387] [DisplayControl] Exit MCCSOtherSet::GetVCP()
2025/10/27 05:04:22.463 [T:0xe0387] [DisplayControl] Enter MCCSOtherSet::GetVCP(), vcp code = 4
2025/10/27 05:04:22.545 [T:0xe0387] [DisplayControl] Exit MCCSOtherSet::GetVCP()
2025/10/27 05:04:22.652 [T:0xe0387] [DisplayControl] Enter MCCSOtherSet::GetVCP(), vcp code = 245
2025/10/27 05:04:22.733 [T:0xe0387] [DisplayControl] Exit MCCSOtherSet::GetVCP()
2025/10/27 05:04:22.840 [T:0xe0387] [DisplayControl] Enter MCCSOtherSet::GetVCP(), vcp code = 135
2025/10/27 05:04:22.922 [T:0xe0387] [DisplayControl] Exit MCCSOtherSet::GetVCP()
2025/10/27 05:04:23.028 [T:0xe0387] [DisplayControl] Enter MCCSOtherSet::GetVCP(), vcp code = 98
2025/10/27 05:04:23.110 [T:0xe0387] [DisplayControl] Exit MCCSOtherSet::GetVCP()
2025/10/27 05:04:23.216 [T:0xe0387] [DisplayControl] Enter MCCSOtherSet::GetVCP(), vcp code = 97
2025/10/27 05:04:23.298 [T:0xe0387] [DisplayControl] Exit MCCSOtherSet::GetVCP()
2025/10/27 05:04:23.404 [T:0xe0387] [DisplayControl] Enter MCCSOtherSet::GetVCP(), vcp code = 16
2025/10/27 05:04:23.486 [T:0xe0387] [DisplayControl] Exit MCCSOtherSet::GetVCP()
2025/10/27 05:04:23.593 [T:0xe0387] [DisplayControl] Enter MCCSOtherSet::GetVCP(), vcp code = 51
2025/10/27 05:04:23.675 [T:0xe0387] [DisplayControl] Exit MCCSOtherSet::GetVCP()
2025/10/27 05:04:23.781 [T:0xe0387] [DisplayControl] Enter MCCSOtherSet::GetVCP(), vcp code = 96
2025/10/27 05:04:23.863 [T:0xe0387] [DisplayControl] Exit MCCSOtherSet::GetVCP()
2025/10/27 05:04:23.970 [T:0xe0387] [DisplayControl] Enter MCCSOtherSet::GetVCP(), vcp code = 18
2025/10/27 05:04:24.051 [T:0xe0387] [DisplayControl] Exit MCCSOtherSet::GetVCP()
2025/10/27 05:04:24.158 [T:0xe0387] [DisplayControl] Enter MCCSOtherSet::GetVCP(), vcp code = 20
2025/10/27 05:04:24.240 [T:0xe0387] [DisplayControl] Exit MCCSOtherSet::GetVCP()
2025/10/27 05:04:24.346 [T:0xe0387] [DisplayControl] Enter MCCSOtherSet::GetVCP(), vcp code = 236
2025/10/27 05:04:24.433 [T:0xe0387] [DisplayControl] Exit MCCSOtherSet::GetVCP()
2025/10/27 05:04:24.534 [T:0xe0387] [DisplayControl] Enter MCCSOtherSet::GetVCP(), vcp code = 225
2025/10/27 05:04:24.620 [T:0xe0387] [DisplayControl] Exit MCCSOtherSet::GetVCP()
2025/10/27 05:04:24.723 [T:0xe0387] [DisplayControl] Enter MCCSOtherSet::GetVCP(), vcp code = 220
2025/10/27 05:04:24.809 [T:0xe0387] [DisplayControl] Exit MCCSOtherSet::GetVCP()
2025/10/27 05:04:24.911 [T:0xe0387] [DisplayControl] Enter MCCSOtherSet::GetVCP(), vcp code = 141
2025/10/27 05:04:24.997 [T:0xe0387] [DisplayControl] Exit MCCSOtherSet::GetVCP()
2025/10/27 05:04:25.099 [T:0xe0387] [DisplayControl] Enter MCCSOtherSet::GetVCP(), vcp code = 43
2025/10/27 05:04:25.185 [T:0xe0387] [DisplayControl] Exit MCCSOtherSet::GetVCP()
2025/10/27 05:04:25.288 [T:0xe0387] [DisplayControl] Enter MCCSOtherSet::GetVCP(), vcp code = 4
2025/10/27 05:04:25.374 [T:0xe0387] [DisplayControl] Exit MCCSOtherSet::GetVCP()
2025/10/27 05:04:25.476 [T:0xe0387] [DisplayControl] Enter MCCSOtherSet::GetVCP(), vcp code = 135
2025/10/27 05:04:25.562 [T:0xe0387] [DisplayControl] Exit MCCSOtherSet::GetVCP()
2025/10/27 05:04:25.664 [T:0xe0387] [DisplayControl] Enter MCCSOtherSet::GetVCP(), vcp code = 98
2025/10/27 05:04:25.750 [T:0xe0387] [DisplayControl] Exit MCCSOtherSet::GetVCP()
2025/10/27 05:04:25.852 [T:0xe0387] [DisplayControl] Enter MCCSOtherSet::GetVCP(), vcp code = 97
2025/10/27 05:04:25.939 [T:0xe0387] [DisplayControl] Exit MCCSOtherSet::GetVCP()
2025/10/27 05:04:26.041 [T:0xe0387] [DisplayControl] Enter MCCSOtherSet::GetVCP(), vcp code = 16
2025/10/27 05:04:26.127 [T:0xe0387] [DisplayControl] Exit MCCSOtherSet::GetVCP()
2025/10/27 05:04:26.229 [T:0xe0387] [DisplayControl] Enter MCCSOtherSet::GetVCP(), vcp code = 51
2025/10/27 05:04:26.315 [T:0xe0387] [DisplayControl] Exit MCCSOtherSet::GetVCP()
2025/10/27 05:04:26.417 [T:0xe0387] [DisplayControl] Enter MCCSOtherSet::GetVCP(), vcp code = 96
2025/10/27 05:04:26.503 [T:0xe0387] [DisplayControl] Exit MCCSOtherSet::GetVCP()
2025/10/27 05:04:26.606 [T:0xe0387] [DisplayControl] Enter MCCSOtherSet::GetVCP(), vcp code = 18
2025/10/27 05:04:26.692 [T:0xe0387] [DisplayControl] Exit MCCSOtherSet::GetVCP()
2025/10/27 05:04:26.794 [T:0xe0387] [DisplayControl] Enter MCCSOtherSet::GetVCP(), vcp code = 226
2025/10/27 05:04:26.881 [T:0xe0387] [DisplayControl] Exit MCCSOtherSet::GetVCP()
2025/10/27 05:05:46.739 [T:0xa9fa4] [DisplayControl] Enter MCCSOtherSet::GetVCP(), vcp code = 96
2025/10/27 05:05:46.831 [T:0xa9fa4] [DisplayControl] Exit MCCSOtherSet::GetVCP()
2025/10/27 05:05:47.046 [T:0xb889d] [DisplayControl] Enter MCCSOtherSet::GetVCP(), vcp code = 225
2025/10/27 05:05:47.187 [T:0xb889d] [DisplayControl] Exit MCCSOtherSet::GetVCP()
2025/10/27 05:05:47.290 [T:0xb889d] [DisplayControl] Enter MCCSOtherSet::GetVCP(), vcp code = 220
2025/10/27 05:05:47.372 [T:0xb889d] [DisplayControl] Exit MCCSOtherSet::GetVCP()
2025/10/27 05:05:47.478 [T:0xb889d] [DisplayControl] Enter MCCSOtherSet::GetVCP(), vcp code = 141
2025/10/27 05:05:47.561 [T:0xb889d] [DisplayControl] Exit MCCSOtherSet::GetVCP()
2025/10/27 05:05:47.666 [T:0xb889d] [DisplayControl] Enter MCCSOtherSet::GetVCP(), vcp code = 43
2025/10/27 05:05:47.749 [T:0xb889d] [DisplayControl] Exit MCCSOtherSet::GetVCP()
2025/10/27 05:05:47.855 [T:0xb889d] [DisplayControl] Enter MCCSOtherSet::GetVCP(), vcp code = 4
2025/10/27 05:05:47.937 [T:0xb889d] [DisplayControl] Exit MCCSOtherSet::GetVCP()
2025/10/27 05:05:48.043 [T:0xb889d] [DisplayControl] Enter MCCSOtherSet::GetVCP(), vcp code = 245
2025/10/27 05:05:48.126 [T:0xb889d] [DisplayControl] Exit MCCSOtherSet::GetVCP()
2025/10/27 05:05:48.232 [T:0xb889d] [DisplayControl] Enter MCCSOtherSet::GetVCP(), vcp code = 135
2025/10/27 05:05:48.314 [T:0xb889d] [DisplayControl] Exit MCCSOtherSet::GetVCP()
2025/10/27 05:05:48.420 [T:0xb889d] [DisplayControl] Enter MCCSOtherSet::GetVCP(), vcp code = 98
2025/10/27 05:05:48.502 [T:0xb889d] [DisplayControl] Exit MCCSOtherSet::GetVCP()
2025/10/27 05:05:48.608 [T:0xb889d] [DisplayControl] Enter MCCSOtherSet::GetVCP(), vcp code = 97
2025/10/27 05:05:48.691 [T:0xb889d] [DisplayControl] Exit MCCSOtherSet::GetVCP()
2025/10/27 05:05:48.797 [T:0xb889d] [DisplayControl] Enter MCCSOtherSet::GetVCP(), vcp code = 16
2025/10/27 05:05:48.879 [T:0xb889d] [DisplayControl] Exit MCCSOtherSet::GetVCP()
2025/10/27 05:05:48.985 [T:0xb889d] [DisplayControl] Enter MCCSOtherSet::GetVCP(), vcp code = 51
2025/10/27 05:05:49.066 [T:0xb889d] [DisplayControl] Exit MCCSOtherSet::GetVCP()
2025/10/27 05:05:49.173 [T:0xb889d] [DisplayControl] Enter MCCSOtherSet::GetVCP(), vcp code = 96
2025/10/27 05:05:49.255 [T:0xb889d] [DisplayControl] Exit MCCSOtherSet::GetVCP()
2025/10/27 05:05:49.361 [T:0xb889d] [DisplayControl] Enter MCCSOtherSet::GetVCP(), vcp code = 18
2025/10/27 05:05:49.443 [T:0xb889d] [DisplayControl] Exit MCCSOtherSet::GetVCP()
2025/10/27 05:05:49.549 [T:0xb889d] [DisplayControl] Enter MCCSOtherSet::GetVCP(), vcp code = 20
2025/10/27 05:05:49.631 [T:0xb889d] [DisplayControl] Exit MCCSOtherSet::GetVCP()
2025/10/27 05:06:04.058 [T:0xb889d] [DisplayControl] Enter MCCSOtherSet::SetVCP(), vcp code = 16
2025/10/27 05:06:04.269 [T:0xb889d] [DisplayControl] Exit MCCSOtherSet::SetVCP()
2025/10/27 05:06:48.021 [T:0xc13f9] [DisplayControl] Enter MCCSOtherSet::SetVCP(), vcp code = 18
2025/10/27 05:06:48.215 [T:0xc13f9] [DisplayControl] Exit MCCSOtherSet::SetVCP()
2025/10/27 05:07:28.617 [T:0xa9fa4] [DisplayControl] Enter MCCSOtherSet::GetVCP(), vcp code = 96
2025/10/27 05:07:28.723 [T:0xa9fa4] [DisplayControl] Exit MCCSOtherSet::GetVCP()
2025/10/27 05:07:28.943 [T:0xc52e1] [DisplayControl] Enter MCCSOtherSet::GetVCP(), vcp code = 236
2025/10/27 05:07:29.062 [T:0xc52e1] [DisplayControl] Exit MCCSOtherSet::GetVCP()
2025/10/27 05:07:29.173 [T:0xc52e1] [DisplayControl] Enter MCCSOtherSet::GetVCP(), vcp code = 225
2025/10/27 05:07:29.291 [T:0xc52e1] [DisplayControl] Exit MCCSOtherSet::GetVCP()
2025/10/27 05:07:29.393 [T:0xc52e1] [DisplayControl] Enter MCCSOtherSet::GetVCP(), vcp code = 220
2025/10/27 05:07:29.479 [T:0xc52e1] [DisplayControl] Exit MCCSOtherSet::GetVCP()
2025/10/27 05:07:29.582 [T:0xc52e1] [DisplayControl] Enter MCCSOtherSet::GetVCP(), vcp code = 141
2025/10/27 05:07:29.668 [T:0xc52e1] [DisplayControl] Exit MCCSOtherSet::GetVCP()
2025/10/27 05:07:29.770 [T:0xc52e1] [DisplayControl] Enter MCCSOtherSet::GetVCP(), vcp code = 43
2025/10/27 05:07:29.856 [T:0xc52e1] [DisplayControl] Exit MCCSOtherSet::GetVCP()
2025/10/27 05:07:29.958 [T:0xc52e1] [DisplayControl] Enter MCCSOtherSet::GetVCP(), vcp code = 4
2025/10/27 05:07:30.044 [T:0xc52e1] [DisplayControl] Exit MCCSOtherSet::GetVCP()
2025/10/27 05:07:30.146 [T:0xc52e1] [DisplayControl] Enter MCCSOtherSet::GetVCP(), vcp code = 135
2025/10/27 05:07:30.232 [T:0xc52e1] [DisplayControl] Exit MCCSOtherSet::GetVCP()
2025/10/27 05:07:30.334 [T:0xc52e1] [DisplayControl] Enter MCCSOtherSet::GetVCP(), vcp code = 98
2025/10/27 05:07:30.420 [T:0xc52e1] [DisplayControl] Exit MCCSOtherSet::GetVCP()
2025/10/27 05:07:30.523 [T:0xc52e1] [DisplayControl] Enter MCCSOtherSet::GetVCP(), vcp code = 97
2025/10/27 05:07:30.609 [T:0xc52e1] [DisplayControl] Exit MCCSOtherSet::GetVCP()
2025/10/27 05:07:30.711 [T:0xc52e1] [DisplayControl] Enter MCCSOtherSet::GetVCP(), vcp code = 16
2025/10/27 05:07:30.797 [T:0xc52e1] [DisplayControl] Exit MCCSOtherSet::GetVCP()
2025/10/27 05:07:30.900 [T:0xc52e1] [DisplayControl] Enter MCCSOtherSet::GetVCP(), vcp code = 51
2025/10/27 05:07:30.986 [T:0xc52e1] [DisplayControl] Exit MCCSOtherSet::GetVCP()
2025/10/27 05:07:31.088 [T:0xc52e1] [DisplayControl] Enter MCCSOtherSet::GetVCP(), vcp code = 96
2025/10/27 05:07:31.175 [T:0xc52e1] [DisplayControl] Exit MCCSOtherSet::GetVCP()
2025/10/27 05:07:31.277 [T:0xc52e1] [DisplayControl] Enter MCCSOtherSet::GetVCP(), vcp code = 18
2025/10/27 05:07:31.363 [T:0xc52e1] [DisplayControl] Exit MCCSOtherSet::GetVCP()
2025/10/27 05:07:31.465 [T:0xc52e1] [DisplayControl] Enter MCCSOtherSet::GetVCP(), vcp code = 226
2025/10/27 05:07:31.551 [T:0xc52e1] [DisplayControl] Exit MCCSOtherSet::GetVCP()
2025/10/27 05:07:46.043 [T:0xc52e1] [DisplayControl] Enter MCCSOtherSet::SetVCP(), vcp code = 16
2025/10/27 05:07:46.258 [T:0xc52e1] [DisplayControl] Exit MCCSOtherSet::SetVCP()
2025/10/27 05:08:29.989 [T:0x4d34c] [DisplayControl] Enter MCCSOtherSet::SetVCP(), vcp code = 18
2025/10/27 05:08:30.186 [T:0x4d34c] [DisplayControl] Exit MCCSOtherSet::SetVCP()
2025/10/27 05:13:59.718 [T:0x055c1] [DisplayControl] Enter MCCSOtherSet::SetVCP(), vcp code = 4
2025/10/27 05:14:00.660 [T:0x055c1] [DisplayControl] Exit MCCSOtherSet::SetVCP()
2025/10/27 05:14:05.783 [T:0x055c1] [DisplayControl] Enter OperationThread::ExitThread
2025/10/27 05:14:05.783 [T:0x055c1] [DisplayControl] Exit OperationThread::ExitThread
2025/10/27 05:14:05.784 [T:0x055c1] [DisplayControl] Enter OperationThread::~OperationThread()
2025/10/27 05:14:05.784 [T:0x055c1] [DisplayControl] Enter OperationThread::ExitThread
2025/10/27 05:14:05.784 [T:0x055c1] [DisplayControl] Enter OperationThread::ExitThread
2025/10/27 05:14:05.784 [T:0x055c1] [DisplayControl] Exit OperationThread::ExitThread
2025/10/27 05:14:05.784 [T:0x055c1] [DisplayControl] Enter OperationThread::~OperationThread()
2025/10/27 05:14:05.784 [T:0x055c1] [DisplayControl] Enter OperationThread::ExitThread
2025/10/27 05:14:05.809 [T:0x055c1] [DbgStr] After calling display_control_client_listener_video_port_.UpdateAllDisplayPath()
2025/10/27 05:14:05.826 [T:0x055c1] [DbgStr] After calling display_control_client_listener_.GetAllDisplayEDID()
2025/10/27 05:14:05.828 [T:0x055c1] [DisplayControl] Version = 3.0.6.0
2025/10/27 05:14:05.828 [T:0x055c1] [DisplayControl] Enter ObtainControlHandler1
2025/10/27 05:14:05.828 [T:0x055c1] [DisplayControl] GetVideoPortCommander
2025/10/27 05:14:05.828 [T:0x055c1] [DisplayControl] GetUSBHubCommander
2025/10/27 05:14:05.828 [T:0x055c1] ====== List p_lpo_display_info_video_port, # of devices is ======2
2025/10/27 05:14:05.828 [T:0x055c1] [DisplayControl] index of p_lpo_display_info_video_port0
2025/10/27 05:14:05.828 [T:0x055c1] [DisplayControl] Model name from VideoPort = VG2458
2025/10/27 05:14:05.828 [T:0x055c1] [DisplayControl] SN from VideoPort = YDJ243400006
2025/10/27 05:14:05.828 [T:0x055c1] [DisplayControl] index of p_lpo_display_info_video_port1
2025/10/27 05:14:05.829 [T:0x055c1] [DisplayControl] Model name from VideoPort = VG275
2025/10/27 05:14:05.829 [T:0x055c1] [DisplayControl] SN from VideoPort = XF6232400003
2025/10/27 05:14:05.829 [T:0x055c1] ====== List p_lpo_display_info_rtd_scalar_rts_hub, # of devices is ======0
2025/10/27 05:14:05.829 [T:0x055c1] [DisplayControl] GetVSRtkHubControlClientListener
2025/10/27 05:14:05.829 [T:0x055c1] [DisplayControl] max monitor count = 2
2025/10/27 05:14:05.829 [T:0x055c1] [DisplayControl] index of display_info_vec = 0
2025/10/27 05:14:05.829 [T:0x055c1] [DisplayControl] index of p_lpo_display_info_video_port = 0
2025/10/27 05:14:05.829 [T:0x055c1] [DisplayControl] VideoPortMatchingRule
2025/10/27 05:14:05.829 [T:0x055c1] [DisplayControl] monitor display_info_model_name = VG2458
2025/10/27 05:14:05.829 [T:0x055c1] [DisplayControl] monitor video_port_model_name = VG2458
2025/10/27 05:14:05.829 [T:0x055c1] [DisplayControl] monitor display_info_sn = YDJ243400006
2025/10/27 05:14:05.829 [T:0x055c1] [DisplayControl] monitor video_port_sn = YDJ243400006
2025/10/27 05:14:05.829 [T:0x055c1] [DisplayControl] model_name_match = 1
2025/10/27 05:14:05.829 [T:0x055c1] [DisplayControl] sn_match = 1
2025/10/27 05:14:05.829 [T:0x055c1] [DisplayControl] video_port is_match = 1
2025/10/27 05:14:05.829 [T:0x055c1] [DisplayControl] index of display_info_vec = 1
2025/10/27 05:14:05.829 [T:0x055c1] [DisplayControl] index of p_lpo_display_info_video_port = 0
2025/10/27 05:14:05.829 [T:0x055c1] [DisplayControl] VideoPortMatchingRule
2025/10/27 05:14:05.829 [T:0x055c1] [DisplayControl] monitor display_info_model_name = VG275
2025/10/27 05:14:05.829 [T:0x055c1] [DisplayControl] monitor video_port_model_name = VG2458
2025/10/27 05:14:05.829 [T:0x055c1] [DisplayControl] monitor display_info_sn = XF6232400003
2025/10/27 05:14:05.829 [T:0x055c1] [DisplayControl] monitor video_port_sn = YDJ243400006
2025/10/27 05:14:05.829 [T:0x055c1] [DisplayControl] model_name_match = 0
2025/10/27 05:14:05.829 [T:0x055c1] [DisplayControl] sn_match = 0
2025/10/27 05:14:05.830 [T:0x055c1] [DisplayControl] video_port is_match = 0
2025/10/27 05:14:05.830 [T:0x055c1] [DisplayControl] index of display_info_vec = 1
2025/10/27 05:14:05.830 [T:0x055c1] [DisplayControl] index of p_lpo_display_info_video_port = 1
2025/10/27 05:14:05.830 [T:0x055c1] [DisplayControl] VideoPortMatchingRule
2025/10/27 05:14:05.830 [T:0x055c1] [DisplayControl] monitor display_info_model_name = VG275
2025/10/27 05:14:05.830 [T:0x055c1] [DisplayControl] monitor video_port_model_name = VG275
2025/10/27 05:14:05.830 [T:0x055c1] [DisplayControl] monitor display_info_sn = XF6232400003
2025/10/27 05:14:05.830 [T:0x055c1] [DisplayControl] monitor video_port_sn = XF6232400003
2025/10/27 05:14:05.830 [T:0x055c1] [DisplayControl] model_name_match = 1
2025/10/27 05:14:05.830 [T:0x055c1] [DisplayControl] sn_match = 1
2025/10/27 05:14:05.830 [T:0x055c1] [DisplayControl] video_port is_match = 1
2025/10/27 05:14:05.830 [T:0x055c1] [DisplayControl] i = 0
2025/10/27 05:14:05.830 [T:0x055c1] [DisplayControl] Enter OperationThread::OperationThread()
2025/10/27 05:14:05.830 [T:0x055c1] [DisplayControl] Enter OperationThread::CreateThread
2025/10/27 05:14:05.830 [T:0x055c1] [DisplayControl] new DisplayFunctioner
2025/10/27 05:14:05.830 [T:0x055c1] [DisplayControl] insert displayer_vector
2025/10/27 05:14:05.830 [T:0x055c1] [DisplayControl] insert modelName_SN_to_Display_map
2025/10/27 05:14:05.830 [T:0x055c1] [DisplayControl] insert device_id_to_Displayer_map_
2025/10/27 05:14:05.830 [T:0x055c1] [DisplayControl] i = 1
2025/10/27 05:14:05.830 [T:0x055c1] [DisplayControl] Enter OperationThread::OperationThread()
2025/10/27 05:14:05.830 [T:0x055c1] [DisplayControl] Enter OperationThread::CreateThread
2025/10/27 05:14:05.830 [T:0x055c1] [DisplayControl] new DisplayFunctioner
2025/10/27 05:14:05.831 [T:0x055c1] [DisplayControl] insert displayer_vector
2025/10/27 05:14:05.831 [T:0x055c1] [DisplayControl] insert modelName_SN_to_Display_map
2025/10/27 05:14:05.831 [T:0x055c1] [DisplayControl] insert device_id_to_Displayer_map_
2025/10/27 05:14:05.831 [T:0x055c1] [DisplayControl] monitor size = 2
2025/10/27 05:14:05.831 [T:0x055c1] [DisplayControl] Exit ObtainControlHandler
2025/10/27 05:14:05.831 [T:0x055c1] [DisplayControl] Enter MCCSOtherSet::GetVCP(), vcp code = 16
2025/10/27 05:14:05.916 [T:0x055c1] [DisplayControl] Exit MCCSOtherSet::GetVCP()
2025/10/27 05:14:05.916 [T:0x055c1] [DisplayControl] Enter MCCSOtherSet::GetVCP(), vcp code = 225
2025/10/27 05:14:05.990 [T:0x055c1] [DisplayControl] Exit MCCSOtherSet::GetVCP()
2025/10/27 05:14:06.096 [T:0x055c1] [DisplayControl] Enter MCCSOtherSet::GetVCP(), vcp code = 220
2025/10/27 05:14:06.178 [T:0x055c1] [DisplayControl] Exit MCCSOtherSet::GetVCP()
2025/10/27 05:14:06.284 [T:0x055c1] [DisplayControl] Enter MCCSOtherSet::GetVCP(), vcp code = 141
2025/10/27 05:14:06.366 [T:0x055c1] [DisplayControl] Exit MCCSOtherSet::GetVCP()
2025/10/27 05:14:06.473 [T:0x055c1] [DisplayControl] Enter MCCSOtherSet::GetVCP(), vcp code = 43
2025/10/27 05:14:06.554 [T:0x055c1] [DisplayControl] Exit MCCSOtherSet::GetVCP()
2025/10/27 05:14:06.661 [T:0x055c1] [DisplayControl] Enter MCCSOtherSet::GetVCP(), vcp code = 4
2025/10/27 05:14:06.742 [T:0x055c1] [DisplayControl] Exit MCCSOtherSet::GetVCP()
2025/10/27 05:14:06.849 [T:0x055c1] [DisplayControl] Enter MCCSOtherSet::GetVCP(), vcp code = 245
2025/10/27 05:14:06.931 [T:0x055c1] [DisplayControl] Exit MCCSOtherSet::GetVCP()
2025/10/27 05:14:07.037 [T:0x055c1] [DisplayControl] Enter MCCSOtherSet::GetVCP(), vcp code = 135
2025/10/27 05:14:07.119 [T:0x055c1] [DisplayControl] Exit MCCSOtherSet::GetVCP()
2025/10/27 05:14:07.225 [T:0x055c1] [DisplayControl] Enter MCCSOtherSet::GetVCP(), vcp code = 98
2025/10/27 05:14:07.308 [T:0x055c1] [DisplayControl] Exit MCCSOtherSet::GetVCP()
2025/10/27 05:14:07.414 [T:0x055c1] [DisplayControl] Enter MCCSOtherSet::GetVCP(), vcp code = 97
2025/10/27 05:14:07.496 [T:0x055c1] [DisplayControl] Exit MCCSOtherSet::GetVCP()
2025/10/27 05:14:07.602 [T:0x055c1] [DisplayControl] Enter MCCSOtherSet::GetVCP(), vcp code = 16
2025/10/27 05:14:07.684 [T:0x055c1] [DisplayControl] Exit MCCSOtherSet::GetVCP()
2025/10/27 05:14:07.684 [T:0x055c1] [DisplayControl] Enter MCCSOtherSet::GetVCP(), vcp code = 16
2025/10/27 05:14:07.825 [T:0x055c1] [DisplayControl] Exit MCCSOtherSet::GetVCP()
2025/10/27 05:14:07.825 [T:0x055c1] [DisplayControl] Enter MCCSOtherSet::GetVCP(), vcp code = 16
2025/10/27 05:14:07.966 [T:0x055c1] [DisplayControl] Exit MCCSOtherSet::GetVCP()
2025/10/27 05:14:07.967 [T:0x055c1] [DisplayControl] Enter MCCSOtherSet::GetVCP(), vcp code = 16
2025/10/27 05:14:08.107 [T:0x055c1] [DisplayControl] Exit MCCSOtherSet::GetVCP()
2025/10/27 05:14:08.108 [T:0x055c1] [DisplayControl] Enter MCCSOtherSet::GetVCP(), vcp code = 16
2025/10/27 05:14:08.249 [T:0x055c1] [DisplayControl] Exit MCCSOtherSet::GetVCP()
2025/10/27 05:14:08.249 [T:0x055c1] [DisplayControl] Enter MCCSOtherSet::GetVCP(), vcp code = 16
2025/10/27 05:14:08.390 [T:0x055c1] [DisplayControl] Exit MCCSOtherSet::GetVCP()
2025/10/27 05:14:08.390 [T:0x055c1] [DisplayControl] Enter MCCSOtherSet::GetVCP(), vcp code = 16
2025/10/27 05:14:08.531 [T:0x055c1] [DisplayControl] Exit MCCSOtherSet::GetVCP()
2025/10/27 05:14:08.532 [T:0x055c1] [DisplayControl] Enter MCCSOtherSet::GetVCP(), vcp code = 16
2025/10/27 05:14:08.673 [T:0x055c1] [DisplayControl] Exit MCCSOtherSet::GetVCP()
2025/10/27 05:14:08.673 [T:0x055c1] [DisplayControl] Enter MCCSOtherSet::GetVCP(), vcp code = 16
2025/10/27 05:14:08.814 [T:0x055c1] [DisplayControl] Exit MCCSOtherSet::GetVCP()
2025/10/27 05:14:08.814 [T:0x055c1] [DisplayControl] Enter MCCSOtherSet::GetVCP(), vcp code = 16
2025/10/27 05:14:08.955 [T:0x055c1] [DisplayControl] Exit MCCSOtherSet::GetVCP()
2025/10/27 05:14:08.955 [T:0x055c1] [DisplayControl] Enter MCCSOtherSet::GetVCP(), vcp code = 16
2025/10/27 05:14:09.096 [T:0x055c1] [DisplayControl] Exit MCCSOtherSet::GetVCP()
2025/10/27 05:14:09.097 [T:0x055c1] [DisplayControl] Enter MCCSOtherSet::GetVCP(), vcp code = 16
2025/10/27 05:14:09.238 [T:0x055c1] [DisplayControl] Exit MCCSOtherSet::GetVCP()
2025/10/27 05:14:09.238 [T:0x055c1] [DisplayControl] Enter MCCSOtherSet::GetVCP(), vcp code = 16
2025/10/27 05:14:09.379 [T:0x055c1] [DisplayControl] Exit MCCSOtherSet::GetVCP()
2025/10/27 05:14:09.379 [T:0x055c1] [DisplayControl] Enter MCCSOtherSet::GetVCP(), vcp code = 16
2025/10/27 05:14:09.520 [T:0x055c1] [DisplayControl] Exit MCCSOtherSet::GetVCP()
2025/10/27 05:14:09.520 [T:0x055c1] [DisplayControl] Enter MCCSOtherSet::GetVCP(), vcp code = 16
2025/10/27 05:14:09.662 [T:0x055c1] [DisplayControl] Exit MCCSOtherSet::GetVCP()
2025/10/27 05:14:09.662 [T:0x055c1] [DisplayControl] Enter MCCSOtherSet::GetVCP(), vcp code = 16
2025/10/27 05:14:09.802 [T:0x055c1] [DisplayControl] Exit MCCSOtherSet::GetVCP()
2025/10/27 05:14:09.802 [T:0x055c1] [DisplayControl] Enter MCCSOtherSet::GetVCP(), vcp code = 16
2025/10/27 05:14:09.943 [T:0x055c1] [DisplayControl] Exit MCCSOtherSet::GetVCP()
2025/10/27 05:14:09.944 [T:0x055c1] [DisplayControl] Enter MCCSOtherSet::GetVCP(), vcp code = 16
2025/10/27 05:14:10.084 [T:0x055c1] [DisplayControl] Exit MCCSOtherSet::GetVCP()
2025/10/27 05:14:10.085 [T:0x055c1] [DisplayControl] Enter MCCSOtherSet::GetVCP(), vcp code = 16
2025/10/27 05:14:10.225 [T:0x055c1] [DisplayControl] Exit MCCSOtherSet::GetVCP()
2025/10/27 05:14:10.226 [T:0x055c1] [DisplayControl] Enter MCCSOtherSet::GetVCP(), vcp code = 16
2025/10/27 05:14:10.367 [T:0x055c1] [DisplayControl] Exit MCCSOtherSet::GetVCP()
2025/10/27 05:14:10.367 [T:0x055c1] [DisplayControl] Enter MCCSOtherSet::GetVCP(), vcp code = 16
2025/10/27 05:14:10.508 [T:0x055c1] [DisplayControl] Exit MCCSOtherSet::GetVCP()
2025/10/27 05:14:10.508 [T:0x055c1] [DisplayControl] Enter MCCSOtherSet::GetVCP(), vcp code = 16
2025/10/27 05:14:10.650 [T:0x055c1] [DisplayControl] Exit MCCSOtherSet::GetVCP()
2025/10/27 05:14:10.650 [T:0x055c1] [DisplayControl] Enter MCCSOtherSet::GetVCP(), vcp code = 16
2025/10/27 05:14:10.790 [T:0x055c1] [DisplayControl] Exit MCCSOtherSet::GetVCP()
2025/10/27 05:14:10.791 [T:0x055c1] [DisplayControl] Enter MCCSOtherSet::GetVCP(), vcp code = 16
2025/10/27 05:14:10.932 [T:0x055c1] [DisplayControl] Exit MCCSOtherSet::GetVCP()
2025/10/27 05:14:10.932 [T:0x055c1] [DisplayControl] Enter MCCSOtherSet::GetVCP(), vcp code = 16
2025/10/27 05:14:11.089 [T:0x055c1] [DisplayControl] Exit MCCSOtherSet::GetVCP()
2025/10/27 05:14:11.090 [T:0x055c1] [DisplayControl] Enter MCCSOtherSet::GetVCP(), vcp code = 16
2025/10/27 05:14:11.229 [T:0x055c1] [DisplayControl] Exit MCCSOtherSet::GetVCP()
2025/10/27 05:14:11.230 [T:0x055c1] [DisplayControl] Enter MCCSOtherSet::GetVCP(), vcp code = 16
2025/10/27 05:14:11.370 [T:0x055c1] [DisplayControl] Exit MCCSOtherSet::GetVCP()
2025/10/27 05:14:11.370 [T:0x055c1] [DisplayControl] Enter MCCSOtherSet::GetVCP(), vcp code = 16
2025/10/27 05:14:11.511 [T:0x055c1] [DisplayControl] Exit MCCSOtherSet::GetVCP()
2025/10/27 05:14:11.511 [T:0x055c1] [DisplayControl] Enter MCCSOtherSet::GetVCP(), vcp code = 16
2025/10/27 05:14:11.654 [T:0x055c1] [DisplayControl] Exit MCCSOtherSet::GetVCP()
2025/10/27 05:14:11.654 [T:0x055c1] [DisplayControl] Enter MCCSOtherSet::GetVCP(), vcp code = 16
2025/10/27 05:14:11.794 [T:0x055c1] [DisplayControl] Exit MCCSOtherSet::GetVCP()
2025/10/27 05:14:11.794 [T:0x055c1] [DisplayControl] Enter MCCSOtherSet::GetVCP(), vcp code = 16
2025/10/27 05:14:11.935 [T:0x055c1] [DisplayControl] Exit MCCSOtherSet::GetVCP()
2025/10/27 05:14:11.935 [T:0x055c1] [DisplayControl] Enter MCCSOtherSet::GetVCP(), vcp code = 16
2025/10/27 05:14:12.076 [T:0x055c1] [DisplayControl] Exit MCCSOtherSet::GetVCP()
2025/10/27 05:14:12.076 [T:0x055c1] [DisplayControl] Enter MCCSOtherSet::GetVCP(), vcp code = 16
2025/10/27 05:14:12.217 [T:0x055c1] [DisplayControl] Exit MCCSOtherSet::GetVCP()
2025/10/27 05:14:12.217 [T:0x055c1] [DisplayControl] Enter MCCSOtherSet::GetVCP(), vcp code = 16
2025/10/27 05:14:12.359 [T:0x055c1] [DisplayControl] Exit MCCSOtherSet::GetVCP()
2025/10/27 05:14:12.359 [T:0x055c1] [DisplayControl] Enter MCCSOtherSet::GetVCP(), vcp code = 16
2025/10/27 05:14:12.500 [T:0x055c1] [DisplayControl] Exit MCCSOtherSet::GetVCP()
2025/10/27 05:14:12.500 [T:0x055c1] [DisplayControl] Enter MCCSOtherSet::GetVCP(), vcp code = 16
2025/10/27 05:14:12.641 [T:0x055c1] [DisplayControl] Exit MCCSOtherSet::GetVCP()
2025/10/27 05:14:12.747 [T:0x055c1] [DisplayControl] Enter MCCSOtherSet::GetVCP(), vcp code = 51
2025/10/27 05:14:12.829 [T:0x055c1] [DisplayControl] Exit MCCSOtherSet::GetVCP()
2025/10/27 05:14:12.936 [T:0x055c1] [DisplayControl] Enter MCCSOtherSet::GetVCP(), vcp code = 96
2025/10/27 05:14:13.017 [T:0x055c1] [DisplayControl] Exit MCCSOtherSet::GetVCP()
2025/10/27 05:14:13.124 [T:0x055c1] [DisplayControl] Enter MCCSOtherSet::GetVCP(), vcp code = 18
2025/10/27 05:14:13.206 [T:0x055c1] [DisplayControl] Exit MCCSOtherSet::GetVCP()
2025/10/27 05:14:13.206 [T:0x055c1] [DisplayControl] Enter MCCSOtherSet::GetVCP(), vcp code = 18
2025/10/27 05:14:13.347 [T:0x055c1] [DisplayControl] Exit MCCSOtherSet::GetVCP()
2025/10/27 05:14:13.348 [T:0x055c1] [DisplayControl] Enter MCCSOtherSet::GetVCP(), vcp code = 18
2025/10/27 05:14:13.489 [T:0x055c1] [DisplayControl] Exit MCCSOtherSet::GetVCP()
2025/10/27 05:14:13.489 [T:0x055c1] [DisplayControl] Enter MCCSOtherSet::GetVCP(), vcp code = 18
2025/10/27 05:14:13.630 [T:0x055c1] [DisplayControl] Exit MCCSOtherSet::GetVCP()
2025/10/27 05:14:13.630 [T:0x055c1] [DisplayControl] Enter MCCSOtherSet::GetVCP(), vcp code = 18
2025/10/27 05:14:13.771 [T:0x055c1] [DisplayControl] Exit MCCSOtherSet::GetVCP()
2025/10/27 05:14:13.772 [T:0x055c1] [DisplayControl] Enter MCCSOtherSet::GetVCP(), vcp code = 18
2025/10/27 05:14:13.912 [T:0x055c1] [DisplayControl] Exit MCCSOtherSet::GetVCP()
2025/10/27 05:14:13.912 [T:0x055c1] [DisplayControl] Enter MCCSOtherSet::GetVCP(), vcp code = 18
2025/10/27 05:14:14.054 [T:0x055c1] [DisplayControl] Exit MCCSOtherSet::GetVCP()
2025/10/27 05:14:14.054 [T:0x055c1] [DisplayControl] Enter MCCSOtherSet::GetVCP(), vcp code = 18
2025/10/27 05:14:14.195 [T:0x055c1] [DisplayControl] Exit MCCSOtherSet::GetVCP()
2025/10/27 05:14:14.195 [T:0x055c1] [DisplayControl] Enter MCCSOtherSet::GetVCP(), vcp code = 18
2025/10/27 05:14:14.336 [T:0x055c1] [DisplayControl] Exit MCCSOtherSet::GetVCP()
2025/10/27 05:14:14.336 [T:0x055c1] [DisplayControl] Enter MCCSOtherSet::GetVCP(), vcp code = 18
2025/10/27 05:14:14.477 [T:0x055c1] [DisplayControl] Exit MCCSOtherSet::GetVCP()
2025/10/27 05:14:14.478 [T:0x055c1] [DisplayControl] Enter MCCSOtherSet::GetVCP(), vcp code = 18
2025/10/27 05:14:14.618 [T:0x055c1] [DisplayControl] Exit MCCSOtherSet::GetVCP()
2025/10/27 05:14:14.619 [T:0x055c1] [DisplayControl] Enter MCCSOtherSet::GetVCP(), vcp code = 18
2025/10/27 05:14:14.760 [T:0x055c1] [DisplayControl] Exit MCCSOtherSet::GetVCP()
2025/10/27 05:14:14.760 [T:0x055c1] [DisplayControl] Enter MCCSOtherSet::GetVCP(), vcp code = 18
2025/10/27 05:14:14.900 [T:0x055c1] [DisplayControl] Exit MCCSOtherSet::GetVCP()
2025/10/27 05:14:14.901 [T:0x055c1] [DisplayControl] Enter MCCSOtherSet::GetVCP(), vcp code = 18
2025/10/27 05:14:15.042 [T:0x055c1] [DisplayControl] Exit MCCSOtherSet::GetVCP()
2025/10/27 05:14:15.042 [T:0x055c1] [DisplayControl] Enter MCCSOtherSet::GetVCP(), vcp code = 18
2025/10/27 05:14:15.183 [T:0x055c1] [DisplayControl] Exit MCCSOtherSet::GetVCP()
2025/10/27 05:14:15.183 [T:0x055c1] [DisplayControl] Enter MCCSOtherSet::GetVCP(), vcp code = 18
2025/10/27 05:14:15.324 [T:0x055c1] [DisplayControl] Exit MCCSOtherSet::GetVCP()
2025/10/27 05:14:15.324 [T:0x055c1] [DisplayControl] Enter MCCSOtherSet::GetVCP(), vcp code = 18
2025/10/27 05:14:15.465 [T:0x055c1] [DisplayControl] Exit MCCSOtherSet::GetVCP()
2025/10/27 05:14:15.470 [T:0x055c1] [DisplayControl] Enter MCCSOtherSet::GetVCP(), vcp code = 18
2025/10/27 05:14:15.606 [T:0x055c1] [DisplayControl] Exit MCCSOtherSet::GetVCP()
2025/10/27 05:14:15.607 [T:0x055c1] [DisplayControl] Enter MCCSOtherSet::GetVCP(), vcp code = 18
2025/10/27 05:14:15.748 [T:0x055c1] [DisplayControl] Exit MCCSOtherSet::GetVCP()
2025/10/27 05:14:15.748 [T:0x055c1] [DisplayControl] Enter MCCSOtherSet::GetVCP(), vcp code = 18
2025/10/27 05:14:15.889 [T:0x055c1] [DisplayControl] Exit MCCSOtherSet::GetVCP()
2025/10/27 05:14:15.889 [T:0x055c1] [DisplayControl] Enter MCCSOtherSet::GetVCP(), vcp code = 18
2025/10/27 05:14:16.031 [T:0x055c1] [DisplayControl] Exit MCCSOtherSet::GetVCP()
2025/10/27 05:14:16.031 [T:0x055c1] [DisplayControl] Enter MCCSOtherSet::GetVCP(), vcp code = 18
2025/10/27 05:14:16.171 [T:0x055c1] [DisplayControl] Exit MCCSOtherSet::GetVCP()
2025/10/27 05:14:16.172 [T:0x055c1] [DisplayControl] Enter MCCSOtherSet::GetVCP(), vcp code = 18
2025/10/27 05:14:16.313 [T:0x055c1] [DisplayControl] Exit MCCSOtherSet::GetVCP()
2025/10/27 05:14:16.313 [T:0x055c1] [DisplayControl] Enter MCCSOtherSet::GetVCP(), vcp code = 18
2025/10/27 05:14:16.455 [T:0x055c1] [DisplayControl] Exit MCCSOtherSet::GetVCP()
2025/10/27 05:14:16.455 [T:0x055c1] [DisplayControl] Enter MCCSOtherSet::GetVCP(), vcp code = 18
2025/10/27 05:14:16.595 [T:0x055c1] [DisplayControl] Exit MCCSOtherSet::GetVCP()
2025/10/27 05:14:16.595 [T:0x055c1] [DisplayControl] Enter MCCSOtherSet::GetVCP(), vcp code = 18
2025/10/27 05:14:16.736 [T:0x055c1] [DisplayControl] Exit MCCSOtherSet::GetVCP()
2025/10/27 05:14:16.736 [T:0x055c1] [DisplayControl] Enter MCCSOtherSet::GetVCP(), vcp code = 18
2025/10/27 05:14:16.877 [T:0x055c1] [DisplayControl] Exit MCCSOtherSet::GetVCP()
2025/10/27 05:14:16.878 [T:0x055c1] [DisplayControl] Enter MCCSOtherSet::GetVCP(), vcp code = 18
2025/10/27 05:14:17.018 [T:0x055c1] [DisplayControl] Exit MCCSOtherSet::GetVCP()
2025/10/27 05:14:17.018 [T:0x055c1] [DisplayControl] Enter MCCSOtherSet::GetVCP(), vcp code = 18
2025/10/27 05:14:17.159 [T:0x055c1] [DisplayControl] Exit MCCSOtherSet::GetVCP()
2025/10/27 05:14:17.160 [T:0x055c1] [DisplayControl] Enter MCCSOtherSet::GetVCP(), vcp code = 18
2025/10/27 05:14:17.300 [T:0x055c1] [DisplayControl] Exit MCCSOtherSet::GetVCP()
2025/10/27 05:14:17.301 [T:0x055c1] [DisplayControl] Enter MCCSOtherSet::GetVCP(), vcp code = 18
2025/10/27 05:14:17.441 [T:0x055c1] [DisplayControl] Exit MCCSOtherSet::GetVCP()
2025/10/27 05:14:17.442 [T:0x055c1] [DisplayControl] Enter MCCSOtherSet::GetVCP(), vcp code = 18
2025/10/27 05:14:17.583 [T:0x055c1] [DisplayControl] Exit MCCSOtherSet::GetVCP()
2025/10/27 05:14:17.583 [T:0x055c1] [DisplayControl] Enter MCCSOtherSet::GetVCP(), vcp code = 18
2025/10/27 05:14:17.724 [T:0x055c1] [DisplayControl] Exit MCCSOtherSet::GetVCP()
2025/10/27 05:14:17.724 [T:0x055c1] [DisplayControl] Enter MCCSOtherSet::GetVCP(), vcp code = 18
2025/10/27 05:14:17.865 [T:0x055c1] [DisplayControl] Exit MCCSOtherSet::GetVCP()
2025/10/27 05:14:17.866 [T:0x055c1] [DisplayControl] Enter MCCSOtherSet::GetVCP(), vcp code = 18
2025/10/27 05:14:18.006 [T:0x055c1] [DisplayControl] Exit MCCSOtherSet::GetVCP()
2025/10/27 05:14:18.007 [T:0x055c1] [DisplayControl] Enter MCCSOtherSet::GetVCP(), vcp code = 18
2025/10/27 05:14:18.147 [T:0x055c1] [DisplayControl] Exit MCCSOtherSet::GetVCP()
2025/10/27 05:14:18.254 [T:0x055c1] [DisplayControl] Enter MCCSOtherSet::GetVCP(), vcp code = 20
2025/10/27 05:14:18.336 [T:0x055c1] [DisplayControl] Exit MCCSOtherSet::GetVCP()
2025/10/27 05:14:18.443 [T:0x055c1] [DisplayControl] Enter MCCSOtherSet::GetVCP(), vcp code = 236
2025/10/27 05:14:18.528 [T:0x055c1] [DisplayControl] Exit MCCSOtherSet::GetVCP()
2025/10/27 05:14:18.631 [T:0x055c1] [DisplayControl] Enter MCCSOtherSet::GetVCP(), vcp code = 225
2025/10/27 05:14:18.717 [T:0x055c1] [DisplayControl] Exit MCCSOtherSet::GetVCP()
2025/10/27 05:14:18.819 [T:0x055c1] [DisplayControl] Enter MCCSOtherSet::GetVCP(), vcp code = 220
2025/10/27 05:14:18.905 [T:0x055c1] [DisplayControl] Exit MCCSOtherSet::GetVCP()
2025/10/27 05:14:19.007 [T:0x055c1] [DisplayControl] Enter MCCSOtherSet::GetVCP(), vcp code = 141
2025/10/27 05:14:19.093 [T:0x055c1] [DisplayControl] Exit MCCSOtherSet::GetVCP()
2025/10/27 05:14:19.195 [T:0x055c1] [DisplayControl] Enter MCCSOtherSet::GetVCP(), vcp code = 43
2025/10/27 05:14:19.281 [T:0x055c1] [DisplayControl] Exit MCCSOtherSet::GetVCP()
2025/10/27 05:14:19.384 [T:0x055c1] [DisplayControl] Enter MCCSOtherSet::GetVCP(), vcp code = 4
2025/10/27 05:14:19.470 [T:0x055c1] [DisplayControl] Exit MCCSOtherSet::GetVCP()
2025/10/27 05:14:19.572 [T:0x055c1] [DisplayControl] Enter MCCSOtherSet::GetVCP(), vcp code = 135
2025/10/27 05:14:19.659 [T:0x055c1] [DisplayControl] Exit MCCSOtherSet::GetVCP()
2025/10/27 05:14:19.761 [T:0x055c1] [DisplayControl] Enter MCCSOtherSet::GetVCP(), vcp code = 98
2025/10/27 05:14:19.847 [T:0x055c1] [DisplayControl] Exit MCCSOtherSet::GetVCP()
2025/10/27 05:14:19.949 [T:0x055c1] [DisplayControl] Enter MCCSOtherSet::GetVCP(), vcp code = 97
2025/10/27 05:14:20.035 [T:0x055c1] [DisplayControl] Exit MCCSOtherSet::GetVCP()
2025/10/27 05:14:20.137 [T:0x055c1] [DisplayControl] Enter MCCSOtherSet::GetVCP(), vcp code = 16
2025/10/27 05:14:20.223 [T:0x055c1] [DisplayControl] Exit MCCSOtherSet::GetVCP()
2025/10/27 05:14:20.325 [T:0x055c1] [DisplayControl] Enter MCCSOtherSet::GetVCP(), vcp code = 51
2025/10/27 05:14:20.411 [T:0x055c1] [DisplayControl] Exit MCCSOtherSet::GetVCP()
2025/10/27 05:14:20.513 [T:0x055c1] [DisplayControl] Enter MCCSOtherSet::GetVCP(), vcp code = 96
2025/10/27 05:14:20.600 [T:0x055c1] [DisplayControl] Exit MCCSOtherSet::GetVCP()
2025/10/27 05:14:20.702 [T:0x055c1] [DisplayControl] Enter MCCSOtherSet::GetVCP(), vcp code = 18
2025/10/27 05:14:20.788 [T:0x055c1] [DisplayControl] Exit MCCSOtherSet::GetVCP()
2025/10/27 05:14:20.890 [T:0x055c1] [DisplayControl] Enter MCCSOtherSet::GetVCP(), vcp code = 226
2025/10/27 05:14:20.976 [T:0x055c1] [DisplayControl] Exit MCCSOtherSet::GetVCP()
2025/10/27 05:15:31.816 [T:0xa9fa4] [DisplayControl] Enter MCCSOtherSet::GetVCP(), vcp code = 96
2025/10/27 05:15:31.923 [T:0xa9fa4] [DisplayControl] Exit MCCSOtherSet::GetVCP()
2025/10/27 05:15:32.151 [T:0xe51a8] [DisplayControl] Enter MCCSOtherSet::GetVCP(), vcp code = 225
2025/10/27 05:15:32.264 [T:0xe51a8] [DisplayControl] Exit MCCSOtherSet::GetVCP()
2025/10/27 05:15:32.375 [T:0xe51a8] [DisplayControl] Enter MCCSOtherSet::GetVCP(), vcp code = 220
2025/10/27 05:15:32.456 [T:0xe51a8] [DisplayControl] Exit MCCSOtherSet::GetVCP()
2025/10/27 05:15:32.563 [T:0xe51a8] [DisplayControl] Enter MCCSOtherSet::GetVCP(), vcp code = 141
2025/10/27 05:15:32.645 [T:0xe51a8] [DisplayControl] Exit MCCSOtherSet::GetVCP()
2025/10/27 05:15:32.751 [T:0xe51a8] [DisplayControl] Enter MCCSOtherSet::GetVCP(), vcp code = 43
2025/10/27 05:15:32.833 [T:0xe51a8] [DisplayControl] Exit MCCSOtherSet::GetVCP()
2025/10/27 05:15:32.939 [T:0xe51a8] [DisplayControl] Enter MCCSOtherSet::GetVCP(), vcp code = 4
2025/10/27 05:15:33.021 [T:0xe51a8] [DisplayControl] Exit MCCSOtherSet::GetVCP()
2025/10/27 05:15:33.128 [T:0xe51a8] [DisplayControl] Enter MCCSOtherSet::GetVCP(), vcp code = 245
2025/10/27 05:15:33.210 [T:0xe51a8] [DisplayControl] Exit MCCSOtherSet::GetVCP()
2025/10/27 05:15:33.316 [T:0xe51a8] [DisplayControl] Enter MCCSOtherSet::GetVCP(), vcp code = 135
2025/10/27 05:15:33.398 [T:0xe51a8] [DisplayControl] Exit MCCSOtherSet::GetVCP()
2025/10/27 05:15:33.504 [T:0xe51a8] [DisplayControl] Enter MCCSOtherSet::GetVCP(), vcp code = 98
2025/10/27 05:15:33.586 [T:0xe51a8] [DisplayControl] Exit MCCSOtherSet::GetVCP()
2025/10/27 05:15:33.692 [T:0xe51a8] [DisplayControl] Enter MCCSOtherSet::GetVCP(), vcp code = 97
2025/10/27 05:15:33.774 [T:0xe51a8] [DisplayControl] Exit MCCSOtherSet::GetVCP()
2025/10/27 05:15:33.881 [T:0xe51a8] [DisplayControl] Enter MCCSOtherSet::GetVCP(), vcp code = 16
2025/10/27 05:15:33.963 [T:0xe51a8] [DisplayControl] Exit MCCSOtherSet::GetVCP()
2025/10/27 05:15:33.963 [T:0xe51a8] [DisplayControl] Enter MCCSOtherSet::GetVCP(), vcp code = 16
2025/10/27 05:15:34.104 [T:0xe51a8] [DisplayControl] Exit MCCSOtherSet::GetVCP()
2025/10/27 05:15:34.104 [T:0xe51a8] [DisplayControl] Enter MCCSOtherSet::GetVCP(), vcp code = 16
2025/10/27 05:15:34.245 [T:0xe51a8] [DisplayControl] Exit MCCSOtherSet::GetVCP()
2025/10/27 05:15:34.245 [T:0xe51a8] [DisplayControl] Enter MCCSOtherSet::GetVCP(), vcp code = 16
2025/10/27 05:15:34.386 [T:0xe51a8] [DisplayControl] Exit MCCSOtherSet::GetVCP()
2025/10/27 05:15:34.386 [T:0xe51a8] [DisplayControl] Enter MCCSOtherSet::GetVCP(), vcp code = 16
2025/10/27 05:15:34.527 [T:0xe51a8] [DisplayControl] Exit MCCSOtherSet::GetVCP()
2025/10/27 05:15:34.531 [T:0xe51a8] [DisplayControl] Enter MCCSOtherSet::GetVCP(), vcp code = 16
2025/10/27 05:15:34.668 [T:0xe51a8] [DisplayControl] Exit MCCSOtherSet::GetVCP()
2025/10/27 05:15:34.669 [T:0xe51a8] [DisplayControl] Enter MCCSOtherSet::GetVCP(), vcp code = 16
2025/10/27 05:15:34.809 [T:0xe51a8] [DisplayControl] Exit MCCSOtherSet::GetVCP()
2025/10/27 05:15:34.810 [T:0xe51a8] [DisplayControl] Enter MCCSOtherSet::GetVCP(), vcp code = 16
2025/10/27 05:15:34.951 [T:0xe51a8] [DisplayControl] Exit MCCSOtherSet::GetVCP()
2025/10/27 05:15:34.951 [T:0xe51a8] [DisplayControl] Enter MCCSOtherSet::GetVCP(), vcp code = 16
2025/10/27 05:15:35.092 [T:0xe51a8] [DisplayControl] Exit MCCSOtherSet::GetVCP()
2025/10/27 05:15:35.092 [T:0xe51a8] [DisplayControl] Enter MCCSOtherSet::GetVCP(), vcp code = 16
2025/10/27 05:15:35.233 [T:0xe51a8] [DisplayControl] Exit MCCSOtherSet::GetVCP()
2025/10/27 05:15:35.233 [T:0xe51a8] [DisplayControl] Enter MCCSOtherSet::GetVCP(), vcp code = 16
2025/10/27 05:15:35.374 [T:0xe51a8] [DisplayControl] Exit MCCSOtherSet::GetVCP()
2025/10/27 05:15:35.374 [T:0xe51a8] [DisplayControl] Enter MCCSOtherSet::GetVCP(), vcp code = 16
2025/10/27 05:15:35.515 [T:0xe51a8] [DisplayControl] Exit MCCSOtherSet::GetVCP()
2025/10/27 05:15:35.515 [T:0xe51a8] [DisplayControl] Enter MCCSOtherSet::GetVCP(), vcp code = 16
2025/10/27 05:15:35.657 [T:0xe51a8] [DisplayControl] Exit MCCSOtherSet::GetVCP()
2025/10/27 05:15:35.657 [T:0xe51a8] [DisplayControl] Enter MCCSOtherSet::GetVCP(), vcp code = 16
2025/10/27 05:15:35.797 [T:0xe51a8] [DisplayControl] Exit MCCSOtherSet::GetVCP()
2025/10/27 05:15:35.798 [T:0xe51a8] [DisplayControl] Enter MCCSOtherSet::GetVCP(), vcp code = 16
2025/10/27 05:15:35.939 [T:0xe51a8] [DisplayControl] Exit MCCSOtherSet::GetVCP()
2025/10/27 05:15:35.939 [T:0xe51a8] [DisplayControl] Enter MCCSOtherSet::GetVCP(), vcp code = 16
2025/10/27 05:15:36.080 [T:0xe51a8] [DisplayControl] Exit MCCSOtherSet::GetVCP()
2025/10/27 05:15:36.081 [T:0xe51a8] [DisplayControl] Enter MCCSOtherSet::GetVCP(), vcp code = 16
2025/10/27 05:15:36.221 [T:0xe51a8] [DisplayControl] Exit MCCSOtherSet::GetVCP()
2025/10/27 05:15:36.222 [T:0xe51a8] [DisplayControl] Enter MCCSOtherSet::GetVCP(), vcp code = 16
2025/10/27 05:15:36.363 [T:0xe51a8] [DisplayControl] Exit MCCSOtherSet::GetVCP()
2025/10/27 05:15:36.363 [T:0xe51a8] [DisplayControl] Enter MCCSOtherSet::GetVCP(), vcp code = 16
2025/10/27 05:15:36.504 [T:0xe51a8] [DisplayControl] Exit MCCSOtherSet::GetVCP()
2025/10/27 05:15:36.504 [T:0xe51a8] [DisplayControl] Enter MCCSOtherSet::GetVCP(), vcp code = 16
2025/10/27 05:15:36.645 [T:0xe51a8] [DisplayControl] Exit MCCSOtherSet::GetVCP()
2025/10/27 05:15:36.645 [T:0xe51a8] [DisplayControl] Enter MCCSOtherSet::GetVCP(), vcp code = 16
2025/10/27 05:15:36.786 [T:0xe51a8] [DisplayControl] Exit MCCSOtherSet::GetVCP()
2025/10/27 05:15:36.786 [T:0xe51a8] [DisplayControl] Enter MCCSOtherSet::GetVCP(), vcp code = 16
2025/10/27 05:15:36.927 [T:0xe51a8] [DisplayControl] Exit MCCSOtherSet::GetVCP()
2025/10/27 05:15:36.928 [T:0xe51a8] [DisplayControl] Enter MCCSOtherSet::GetVCP(), vcp code = 16
2025/10/27 05:15:37.068 [T:0xe51a8] [DisplayControl] Exit MCCSOtherSet::GetVCP()
2025/10/27 05:15:37.069 [T:0xe51a8] [DisplayControl] Enter MCCSOtherSet::GetVCP(), vcp code = 16
2025/10/27 05:15:37.209 [T:0xe51a8] [DisplayControl] Exit MCCSOtherSet::GetVCP()
2025/10/27 05:15:37.210 [T:0xe51a8] [DisplayControl] Enter MCCSOtherSet::GetVCP(), vcp code = 16
2025/10/27 05:15:37.351 [T:0xe51a8] [DisplayControl] Exit MCCSOtherSet::GetVCP()
2025/10/27 05:15:37.352 [T:0xe51a8] [DisplayControl] Enter MCCSOtherSet::GetVCP(), vcp code = 16
2025/10/27 05:15:37.492 [T:0xe51a8] [DisplayControl] Exit MCCSOtherSet::GetVCP()
2025/10/27 05:15:37.493 [T:0xe51a8] [DisplayControl] Enter MCCSOtherSet::GetVCP(), vcp code = 16
2025/10/27 05:15:37.633 [T:0xe51a8] [DisplayControl] Exit MCCSOtherSet::GetVCP()
2025/10/27 05:15:37.634 [T:0xe51a8] [DisplayControl] Enter MCCSOtherSet::GetVCP(), vcp code = 16
2025/10/27 05:15:37.775 [T:0xe51a8] [DisplayControl] Exit MCCSOtherSet::GetVCP()
2025/10/27 05:15:37.775 [T:0xe51a8] [DisplayControl] Enter MCCSOtherSet::GetVCP(), vcp code = 16
2025/10/27 05:15:37.916 [T:0xe51a8] [DisplayControl] Exit MCCSOtherSet::GetVCP()
2025/10/27 05:15:37.916 [T:0xe51a8] [DisplayControl] Enter MCCSOtherSet::GetVCP(), vcp code = 16
2025/10/27 05:15:38.058 [T:0xe51a8] [DisplayControl] Exit MCCSOtherSet::GetVCP()
2025/10/27 05:15:38.058 [T:0xe51a8] [DisplayControl] Enter MCCSOtherSet::GetVCP(), vcp code = 16
2025/10/27 05:15:38.199 [T:0xe51a8] [DisplayControl] Exit MCCSOtherSet::GetVCP()
2025/10/27 05:15:38.199 [T:0xe51a8] [DisplayControl] Enter MCCSOtherSet::GetVCP(), vcp code = 16
2025/10/27 05:15:38.340 [T:0xe51a8] [DisplayControl] Exit MCCSOtherSet::GetVCP()
2025/10/27 05:15:38.341 [T:0xe51a8] [DisplayControl] Enter MCCSOtherSet::GetVCP(), vcp code = 16
2025/10/27 05:15:38.481 [T:0xe51a8] [DisplayControl] Exit MCCSOtherSet::GetVCP()
2025/10/27 05:15:38.481 [T:0xe51a8] [DisplayControl] Enter MCCSOtherSet::GetVCP(), vcp code = 16
2025/10/27 05:15:38.623 [T:0xe51a8] [DisplayControl] Exit MCCSOtherSet::GetVCP()
2025/10/27 05:15:38.623 [T:0xe51a8] [DisplayControl] Enter MCCSOtherSet::GetVCP(), vcp code = 16
2025/10/27 05:15:38.763 [T:0xe51a8] [DisplayControl] Exit MCCSOtherSet::GetVCP()
2025/10/27 05:15:38.764 [T:0xe51a8] [DisplayControl] Enter MCCSOtherSet::GetVCP(), vcp code = 16
2025/10/27 05:15:38.904 [T:0xe51a8] [DisplayControl] Exit MCCSOtherSet::GetVCP()
2025/10/27 05:15:39.011 [T:0xe51a8] [DisplayControl] Enter MCCSOtherSet::GetVCP(), vcp code = 51
2025/10/27 05:15:39.093 [T:0xe51a8] [DisplayControl] Exit MCCSOtherSet::GetVCP()
2025/10/27 05:15:39.199 [T:0xe51a8] [DisplayControl] Enter MCCSOtherSet::GetVCP(), vcp code = 96
2025/10/27 05:15:39.281 [T:0xe51a8] [DisplayControl] Exit MCCSOtherSet::GetVCP()
2025/10/27 05:15:39.387 [T:0xe51a8] [DisplayControl] Enter MCCSOtherSet::GetVCP(), vcp code = 18
2025/10/27 05:15:39.469 [T:0xe51a8] [DisplayControl] Exit MCCSOtherSet::GetVCP()
2025/10/27 05:15:39.470 [T:0xe51a8] [DisplayControl] Enter MCCSOtherSet::GetVCP(), vcp code = 18
2025/10/27 05:15:39.610 [T:0xe51a8] [DisplayControl] Exit MCCSOtherSet::GetVCP()
2025/10/27 05:15:39.611 [T:0xe51a8] [DisplayControl] Enter MCCSOtherSet::GetVCP(), vcp code = 18
2025/10/27 05:15:39.752 [T:0xe51a8] [DisplayControl] Exit MCCSOtherSet::GetVCP()
2025/10/27 05:15:39.752 [T:0xe51a8] [DisplayControl] Enter MCCSOtherSet::GetVCP(), vcp code = 18
2025/10/27 05:15:39.893 [T:0xe51a8] [DisplayControl] Exit MCCSOtherSet::GetVCP()
2025/10/27 05:15:39.893 [T:0xe51a8] [DisplayControl] Enter MCCSOtherSet::GetVCP(), vcp code = 18
2025/10/27 05:15:40.035 [T:0xe51a8] [DisplayControl] Exit MCCSOtherSet::GetVCP()
2025/10/27 05:15:40.036 [T:0xe51a8] [DisplayControl] Enter MCCSOtherSet::GetVCP(), vcp code = 18
2025/10/27 05:15:40.176 [T:0xe51a8] [DisplayControl] Exit MCCSOtherSet::GetVCP()
2025/10/27 05:15:40.176 [T:0xe51a8] [DisplayControl] Enter MCCSOtherSet::GetVCP(), vcp code = 18
2025/10/27 05:15:40.316 [T:0xe51a8] [DisplayControl] Exit MCCSOtherSet::GetVCP()
2025/10/27 05:15:40.317 [T:0xe51a8] [DisplayControl] Enter MCCSOtherSet::GetVCP(), vcp code = 18
2025/10/27 05:15:40.458 [T:0xe51a8] [DisplayControl] Exit MCCSOtherSet::GetVCP()
2025/10/27 05:15:40.458 [T:0xe51a8] [DisplayControl] Enter MCCSOtherSet::GetVCP(), vcp code = 18
2025/10/27 05:15:40.599 [T:0xe51a8] [DisplayControl] Exit MCCSOtherSet::GetVCP()
2025/10/27 05:15:40.599 [T:0xe51a8] [DisplayControl] Enter MCCSOtherSet::GetVCP(), vcp code = 18
2025/10/27 05:15:40.740 [T:0xe51a8] [DisplayControl] Exit MCCSOtherSet::GetVCP()
2025/10/27 05:15:40.741 [T:0xe51a8] [DisplayControl] Enter MCCSOtherSet::GetVCP(), vcp code = 18
2025/10/27 05:15:40.881 [T:0xe51a8] [DisplayControl] Exit MCCSOtherSet::GetVCP()
2025/10/27 05:15:40.882 [T:0xe51a8] [DisplayControl] Enter MCCSOtherSet::GetVCP(), vcp code = 18
2025/10/27 05:15:41.023 [T:0xe51a8] [DisplayControl] Exit MCCSOtherSet::GetVCP()
2025/10/27 05:15:41.023 [T:0xe51a8] [DisplayControl] Enter MCCSOtherSet::GetVCP(), vcp code = 18
2025/10/27 05:15:41.164 [T:0xe51a8] [DisplayControl] Exit MCCSOtherSet::GetVCP()
2025/10/27 05:15:41.164 [T:0xe51a8] [DisplayControl] Enter MCCSOtherSet::GetVCP(), vcp code = 18
2025/10/27 05:15:41.305 [T:0xe51a8] [DisplayControl] Exit MCCSOtherSet::GetVCP()
2025/10/27 05:15:41.305 [T:0xe51a8] [DisplayControl] Enter MCCSOtherSet::GetVCP(), vcp code = 18
2025/10/27 05:15:41.446 [T:0xe51a8] [DisplayControl] Exit MCCSOtherSet::GetVCP()
2025/10/27 05:15:41.446 [T:0xe51a8] [DisplayControl] Enter MCCSOtherSet::GetVCP(), vcp code = 18
2025/10/27 05:15:41.587 [T:0xe51a8] [DisplayControl] Exit MCCSOtherSet::GetVCP()
2025/10/27 05:15:41.588 [T:0xe51a8] [DisplayControl] Enter MCCSOtherSet::GetVCP(), vcp code = 18
2025/10/27 05:15:41.729 [T:0xe51a8] [DisplayControl] Exit MCCSOtherSet::GetVCP()
2025/10/27 05:15:41.729 [T:0xe51a8] [DisplayControl] Enter MCCSOtherSet::GetVCP(), vcp code = 18
2025/10/27 05:15:41.870 [T:0xe51a8] [DisplayControl] Exit MCCSOtherSet::GetVCP()
2025/10/27 05:15:41.870 [T:0xe51a8] [DisplayControl] Enter MCCSOtherSet::GetVCP(), vcp code = 18
2025/10/27 05:15:42.011 [T:0xe51a8] [DisplayControl] Exit MCCSOtherSet::GetVCP()
2025/10/27 05:15:42.011 [T:0xe51a8] [DisplayControl] Enter MCCSOtherSet::GetVCP(), vcp code = 18
2025/10/27 05:15:42.151 [T:0xe51a8] [DisplayControl] Exit MCCSOtherSet::GetVCP()
2025/10/27 05:15:42.152 [T:0xe51a8] [DisplayControl] Enter MCCSOtherSet::GetVCP(), vcp code = 18
2025/10/27 05:15:42.292 [T:0xe51a8] [DisplayControl] Exit MCCSOtherSet::GetVCP()
2025/10/27 05:15:42.293 [T:0xe51a8] [DisplayControl] Enter MCCSOtherSet::GetVCP(), vcp code = 18
2025/10/27 05:15:42.434 [T:0xe51a8] [DisplayControl] Exit MCCSOtherSet::GetVCP()
2025/10/27 05:15:42.434 [T:0xe51a8] [DisplayControl] Enter MCCSOtherSet::GetVCP(), vcp code = 18
2025/10/27 05:15:42.575 [T:0xe51a8] [DisplayControl] Exit MCCSOtherSet::GetVCP()
2025/10/27 05:15:42.575 [T:0xe51a8] [DisplayControl] Enter MCCSOtherSet::GetVCP(), vcp code = 18
2025/10/27 05:15:42.716 [T:0xe51a8] [DisplayControl] Exit MCCSOtherSet::GetVCP()
2025/10/27 05:15:42.721 [T:0xe51a8] [DisplayControl] Enter MCCSOtherSet::GetVCP(), vcp code = 18
2025/10/27 05:15:42.858 [T:0xe51a8] [DisplayControl] Exit MCCSOtherSet::GetVCP()
2025/10/27 05:15:42.858 [T:0xe51a8] [DisplayControl] Enter MCCSOtherSet::GetVCP(), vcp code = 18
2025/10/27 05:15:42.999 [T:0xe51a8] [DisplayControl] Exit MCCSOtherSet::GetVCP()
2025/10/27 05:15:42.999 [T:0xe51a8] [DisplayControl] Enter MCCSOtherSet::GetVCP(), vcp code = 18
2025/10/27 05:15:43.140 [T:0xe51a8] [DisplayControl] Exit MCCSOtherSet::GetVCP()
2025/10/27 05:15:43.140 [T:0xe51a8] [DisplayControl] Enter MCCSOtherSet::GetVCP(), vcp code = 18
2025/10/27 05:15:43.281 [T:0xe51a8] [DisplayControl] Exit MCCSOtherSet::GetVCP()
2025/10/27 05:15:43.281 [T:0xe51a8] [DisplayControl] Enter MCCSOtherSet::GetVCP(), vcp code = 18
2025/10/27 05:15:43.422 [T:0xe51a8] [DisplayControl] Exit MCCSOtherSet::GetVCP()
2025/10/27 05:15:43.423 [T:0xe51a8] [DisplayControl] Enter MCCSOtherSet::GetVCP(), vcp code = 18
2025/10/27 05:15:43.564 [T:0xe51a8] [DisplayControl] Exit MCCSOtherSet::GetVCP()
2025/10/27 05:15:43.564 [T:0xe51a8] [DisplayControl] Enter MCCSOtherSet::GetVCP(), vcp code = 18
2025/10/27 05:15:43.705 [T:0xe51a8] [DisplayControl] Exit MCCSOtherSet::GetVCP()
2025/10/27 05:15:43.705 [T:0xe51a8] [DisplayControl] Enter MCCSOtherSet::GetVCP(), vcp code = 18
2025/10/27 05:15:43.846 [T:0xe51a8] [DisplayControl] Exit MCCSOtherSet::GetVCP()
2025/10/27 05:15:43.846 [T:0xe51a8] [DisplayControl] Enter MCCSOtherSet::GetVCP(), vcp code = 18
2025/10/27 05:15:43.987 [T:0xe51a8] [DisplayControl] Exit MCCSOtherSet::GetVCP()
2025/10/27 05:15:43.987 [T:0xe51a8] [DisplayControl] Enter MCCSOtherSet::GetVCP(), vcp code = 18
2025/10/27 05:15:44.128 [T:0xe51a8] [DisplayControl] Exit MCCSOtherSet::GetVCP()
2025/10/27 05:15:44.129 [T:0xe51a8] [DisplayControl] Enter MCCSOtherSet::GetVCP(), vcp code = 18
2025/10/27 05:15:44.269 [T:0xe51a8] [DisplayControl] Exit MCCSOtherSet::GetVCP()
2025/10/27 05:15:44.270 [T:0xe51a8] [DisplayControl] Enter MCCSOtherSet::GetVCP(), vcp code = 18
2025/10/27 05:15:44.410 [T:0xe51a8] [DisplayControl] Exit MCCSOtherSet::GetVCP()
2025/10/27 05:15:44.516 [T:0xe51a8] [DisplayControl] Enter MCCSOtherSet::GetVCP(), vcp code = 20
2025/10/27 05:15:44.598 [T:0xe51a8] [DisplayControl] Exit MCCSOtherSet::GetVCP()
2025/10/27 05:15:47.750 [T:0xe51a8] [DisplayControl] Enter MCCSOtherSet::SetVCP(), vcp code = 4
2025/10/27 05:15:48.688 [T:0xe51a8] [DisplayControl] Exit MCCSOtherSet::SetVCP()
2025/10/27 05:15:53.808 [T:0xe51a8] [DisplayControl] Enter OperationThread::ExitThread
2025/10/27 05:15:53.808 [T:0xe51a8] [DisplayControl] Exit OperationThread::ExitThread
2025/10/27 05:15:53.808 [T:0xe51a8] [DisplayControl] Enter OperationThread::~OperationThread()
2025/10/27 05:15:53.809 [T:0xe51a8] [DisplayControl] Enter OperationThread::ExitThread
2025/10/27 05:15:53.809 [T:0xe51a8] [DisplayControl] Enter OperationThread::ExitThread
2025/10/27 05:15:53.809 [T:0xe51a8] [DisplayControl] Exit OperationThread::ExitThread
2025/10/27 05:15:53.809 [T:0xe51a8] [DisplayControl] Enter OperationThread::~OperationThread()
2025/10/27 05:15:53.809 [T:0xe51a8] [DisplayControl] Enter OperationThread::ExitThread
2025/10/27 05:15:53.833 [T:0xe51a8] [DbgStr] After calling display_control_client_listener_video_port_.UpdateAllDisplayPath()
2025/10/27 05:15:53.851 [T:0xe51a8] [DbgStr] After calling display_control_client_listener_.GetAllDisplayEDID()
2025/10/27 05:15:53.852 [T:0xe51a8] [DisplayControl] Version = 3.0.6.0
2025/10/27 05:15:53.852 [T:0xe51a8] [DisplayControl] Enter ObtainControlHandler1
2025/10/27 05:15:53.853 [T:0xe51a8] [DisplayControl] GetVideoPortCommander
2025/10/27 05:15:53.853 [T:0xe51a8] [DisplayControl] GetUSBHubCommander
2025/10/27 05:15:53.853 [T:0xe51a8] ====== List p_lpo_display_info_video_port, # of devices is ======2
2025/10/27 05:15:53.853 [T:0xe51a8] [DisplayControl] index of p_lpo_display_info_video_port0
2025/10/27 05:15:53.853 [T:0xe51a8] [DisplayControl] Model name from VideoPort = VG2458
2025/10/27 05:15:53.853 [T:0xe51a8] [DisplayControl] SN from VideoPort = YDJ243400006
2025/10/27 05:15:53.853 [T:0xe51a8] [DisplayControl] index of p_lpo_display_info_video_port1
2025/10/27 05:15:53.853 [T:0xe51a8] [DisplayControl] Model name from VideoPort = VG275
2025/10/27 05:15:53.853 [T:0xe51a8] [DisplayControl] SN from VideoPort = XF6232400003
2025/10/27 05:15:53.853 [T:0xe51a8] ====== List p_lpo_display_info_rtd_scalar_rts_hub, # of devices is ======0
2025/10/27 05:15:53.853 [T:0xe51a8] [DisplayControl] GetVSRtkHubControlClientListener
2025/10/27 05:15:53.853 [T:0xe51a8] [DisplayControl] max monitor count = 2
2025/10/27 05:15:53.853 [T:0xe51a8] [DisplayControl] index of display_info_vec = 0
2025/10/27 05:15:53.853 [T:0xe51a8] [DisplayControl] index of p_lpo_display_info_video_port = 0
2025/10/27 05:15:53.853 [T:0xe51a8] [DisplayControl] VideoPortMatchingRule
2025/10/27 05:15:53.853 [T:0xe51a8] [DisplayControl] monitor display_info_model_name = VG2458
2025/10/27 05:15:53.853 [T:0xe51a8] [DisplayControl] monitor video_port_model_name = VG2458
2025/10/27 05:15:53.853 [T:0xe51a8] [DisplayControl] monitor display_info_sn = YDJ243400006
2025/10/27 05:15:53.853 [T:0xe51a8] [DisplayControl] monitor video_port_sn = YDJ243400006
2025/10/27 05:15:53.853 [T:0xe51a8] [DisplayControl] model_name_match = 1
2025/10/27 05:15:53.853 [T:0xe51a8] [DisplayControl] sn_match = 1
2025/10/27 05:15:53.853 [T:0xe51a8] [DisplayControl] video_port is_match = 1
2025/10/27 05:15:53.853 [T:0xe51a8] [DisplayControl] index of display_info_vec = 1
2025/10/27 05:15:53.853 [T:0xe51a8] [DisplayControl] index of p_lpo_display_info_video_port = 0
2025/10/27 05:15:53.853 [T:0xe51a8] [DisplayControl] VideoPortMatchingRule
2025/10/27 05:15:53.853 [T:0xe51a8] [DisplayControl] monitor display_info_model_name = VG275
2025/10/27 05:15:53.853 [T:0xe51a8] [DisplayControl] monitor video_port_model_name = VG2458
2025/10/27 05:15:53.854 [T:0xe51a8] [DisplayControl] monitor display_info_sn = XF6232400003
2025/10/27 05:15:53.854 [T:0xe51a8] [DisplayControl] monitor video_port_sn = YDJ243400006
2025/10/27 05:15:53.854 [T:0xe51a8] [DisplayControl] model_name_match = 0
2025/10/27 05:15:53.854 [T:0xe51a8] [DisplayControl] sn_match = 0
2025/10/27 05:15:53.854 [T:0xe51a8] [DisplayControl] video_port is_match = 0
2025/10/27 05:15:53.854 [T:0xe51a8] [DisplayControl] index of display_info_vec = 1
2025/10/27 05:15:53.854 [T:0xe51a8] [DisplayControl] index of p_lpo_display_info_video_port = 1
2025/10/27 05:15:53.854 [T:0xe51a8] [DisplayControl] VideoPortMatchingRule
2025/10/27 05:15:53.854 [T:0xe51a8] [DisplayControl] monitor display_info_model_name = VG275
2025/10/27 05:15:53.854 [T:0xe51a8] [DisplayControl] monitor video_port_model_name = VG275
2025/10/27 05:15:53.854 [T:0xe51a8] [DisplayControl] monitor display_info_sn = XF6232400003
2025/10/27 05:15:53.854 [T:0xe51a8] [DisplayControl] monitor video_port_sn = XF6232400003
2025/10/27 05:15:53.854 [T:0xe51a8] [DisplayControl] model_name_match = 1
2025/10/27 05:15:53.854 [T:0xe51a8] [DisplayControl] sn_match = 1
2025/10/27 05:15:53.854 [T:0xe51a8] [DisplayControl] video_port is_match = 1
2025/10/27 05:15:53.854 [T:0xe51a8] [DisplayControl] i = 0
2025/10/27 05:15:53.854 [T:0xe51a8] [DisplayControl] Enter OperationThread::OperationThread()
2025/10/27 05:15:53.854 [T:0xe51a8] [DisplayControl] Enter OperationThread::CreateThread
2025/10/27 05:15:53.854 [T:0xe51a8] [DisplayControl] new DisplayFunctioner
2025/10/27 05:15:53.854 [T:0xe51a8] [DisplayControl] insert displayer_vector
2025/10/27 05:15:53.854 [T:0xe51a8] [DisplayControl] insert modelName_SN_to_Display_map
2025/10/27 05:15:53.854 [T:0xe51a8] [DisplayControl] insert device_id_to_Displayer_map_
2025/10/27 05:15:53.854 [T:0xe51a8] [DisplayControl] i = 1
2025/10/27 05:15:53.854 [T:0xe51a8] [DisplayControl] Enter OperationThread::OperationThread()
2025/10/27 05:15:53.854 [T:0xe51a8] [DisplayControl] Enter OperationThread::CreateThread
2025/10/27 05:15:53.855 [T:0xe51a8] [DisplayControl] new DisplayFunctioner
2025/10/27 05:15:53.855 [T:0xe51a8] [DisplayControl] insert displayer_vector
2025/10/27 05:15:53.855 [T:0xe51a8] [DisplayControl] insert modelName_SN_to_Display_map
2025/10/27 05:15:53.855 [T:0xe51a8] [DisplayControl] insert device_id_to_Displayer_map_
2025/10/27 05:15:53.855 [T:0xe51a8] [DisplayControl] monitor size = 2
2025/10/27 05:15:53.855 [T:0xe51a8] [DisplayControl] Exit ObtainControlHandler
2025/10/27 05:15:53.855 [T:0xe51a8] [DisplayControl] Enter MCCSOtherSet::GetVCP(), vcp code = 16
2025/10/27 05:15:53.937 [T:0xe51a8] [DisplayControl] Exit MCCSOtherSet::GetVCP()
2025/10/27 05:15:53.937 [T:0xe51a8] [DisplayControl] Enter MCCSOtherSet::GetVCP(), vcp code = 225
2025/10/27 05:15:54.078 [T:0xe51a8] [DisplayControl] Exit MCCSOtherSet::GetVCP()
2025/10/27 05:15:54.184 [T:0xe51a8] [DisplayControl] Enter MCCSOtherSet::GetVCP(), vcp code = 220
2025/10/27 05:15:54.266 [T:0xe51a8] [DisplayControl] Exit MCCSOtherSet::GetVCP()
2025/10/27 05:15:54.372 [T:0xe51a8] [DisplayControl] Enter MCCSOtherSet::GetVCP(), vcp code = 141
2025/10/27 05:15:54.454 [T:0xe51a8] [DisplayControl] Exit MCCSOtherSet::GetVCP()
2025/10/27 05:15:54.561 [T:0xe51a8] [DisplayControl] Enter MCCSOtherSet::GetVCP(), vcp code = 43
2025/10/27 05:15:54.642 [T:0xe51a8] [DisplayControl] Exit MCCSOtherSet::GetVCP()
2025/10/27 05:15:54.749 [T:0xe51a8] [DisplayControl] Enter MCCSOtherSet::GetVCP(), vcp code = 4
2025/10/27 05:15:54.831 [T:0xe51a8] [DisplayControl] Exit MCCSOtherSet::GetVCP()
2025/10/27 05:15:54.937 [T:0xe51a8] [DisplayControl] Enter MCCSOtherSet::GetVCP(), vcp code = 245
2025/10/27 05:15:55.019 [T:0xe51a8] [DisplayControl] Exit MCCSOtherSet::GetVCP()
2025/10/27 05:15:55.125 [T:0xe51a8] [DisplayControl] Enter MCCSOtherSet::GetVCP(), vcp code = 135
2025/10/27 05:15:55.207 [T:0xe51a8] [DisplayControl] Exit MCCSOtherSet::GetVCP()
2025/10/27 05:15:55.314 [T:0xe51a8] [DisplayControl] Enter MCCSOtherSet::GetVCP(), vcp code = 98
2025/10/27 05:15:55.396 [T:0xe51a8] [DisplayControl] Exit MCCSOtherSet::GetVCP()
2025/10/27 05:15:55.502 [T:0xe51a8] [DisplayControl] Enter MCCSOtherSet::GetVCP(), vcp code = 97
2025/10/27 05:15:55.584 [T:0xe51a8] [DisplayControl] Exit MCCSOtherSet::GetVCP()
2025/10/27 05:15:55.691 [T:0xe51a8] [DisplayControl] Enter MCCSOtherSet::GetVCP(), vcp code = 16
2025/10/27 05:15:55.773 [T:0xe51a8] [DisplayControl] Exit MCCSOtherSet::GetVCP()
2025/10/27 05:15:55.879 [T:0xe51a8] [DisplayControl] Enter MCCSOtherSet::GetVCP(), vcp code = 51
2025/10/27 05:15:55.962 [T:0xe51a8] [DisplayControl] Exit MCCSOtherSet::GetVCP()
2025/10/27 05:15:56.067 [T:0xe51a8] [DisplayControl] Enter MCCSOtherSet::GetVCP(), vcp code = 96
2025/10/27 05:15:56.150 [T:0xe51a8] [DisplayControl] Exit MCCSOtherSet::GetVCP()
2025/10/27 05:15:56.203 [T:0xa9fa4] [DisplayControl] Enter MCCSOtherSet::GetVCP(), vcp code = 96
2025/10/27 05:15:56.257 [T:0xe51a8] [DisplayControl] Enter MCCSOtherSet::GetVCP(), vcp code = 18
2025/10/27 05:15:56.292 [T:0xa9fa4] [DisplayControl] Exit MCCSOtherSet::GetVCP()
2025/10/27 05:15:56.418 [T:0xe51a8] [DisplayControl] Exit MCCSOtherSet::GetVCP()
2025/10/27 05:15:56.519 [T:0xe51a8] [DisplayControl] Enter MCCSOtherSet::GetVCP(), vcp code = 20
2025/10/27 05:15:56.696 [T:0xe51a8] [DisplayControl] Exit MCCSOtherSet::GetVCP()
2025/10/27 05:15:56.811 [T:0xe51a8] [DisplayControl] Enter MCCSOtherSet::GetVCP(), vcp code = 236
2025/10/27 05:15:56.897 [T:0xe51a8] [DisplayControl] Exit MCCSOtherSet::GetVCP()
2025/10/27 05:15:56.999 [T:0xe51a8] [DisplayControl] Enter MCCSOtherSet::GetVCP(), vcp code = 225
2025/10/27 05:15:57.085 [T:0xe51a8] [DisplayControl] Exit MCCSOtherSet::GetVCP()
2025/10/27 05:15:57.187 [T:0xe51a8] [DisplayControl] Enter MCCSOtherSet::GetVCP(), vcp code = 220
2025/10/27 05:15:57.273 [T:0xe51a8] [DisplayControl] Exit MCCSOtherSet::GetVCP()
2025/10/27 05:15:57.375 [T:0xe51a8] [DisplayControl] Enter MCCSOtherSet::GetVCP(), vcp code = 141
2025/10/27 05:15:57.461 [T:0xe51a8] [DisplayControl] Exit MCCSOtherSet::GetVCP()
2025/10/27 05:15:57.564 [T:0xe51a8] [DisplayControl] Enter MCCSOtherSet::GetVCP(), vcp code = 43
2025/10/27 05:15:57.649 [T:0xe51a8] [DisplayControl] Exit MCCSOtherSet::GetVCP()
2025/10/27 05:15:57.752 [T:0xe51a8] [DisplayControl] Enter MCCSOtherSet::GetVCP(), vcp code = 4
2025/10/27 05:15:57.838 [T:0xe51a8] [DisplayControl] Exit MCCSOtherSet::GetVCP()
2025/10/27 05:15:57.940 [T:0xe51a8] [DisplayControl] Enter MCCSOtherSet::GetVCP(), vcp code = 135
2025/10/27 05:15:58.026 [T:0xe51a8] [DisplayControl] Exit MCCSOtherSet::GetVCP()
2025/10/27 05:15:58.129 [T:0xe51a8] [DisplayControl] Enter MCCSOtherSet::GetVCP(), vcp code = 98
2025/10/27 05:15:58.215 [T:0xe51a8] [DisplayControl] Exit MCCSOtherSet::GetVCP()
2025/10/27 05:15:58.317 [T:0xe51a8] [DisplayControl] Enter MCCSOtherSet::GetVCP(), vcp code = 97
2025/10/27 05:15:58.403 [T:0xe51a8] [DisplayControl] Exit MCCSOtherSet::GetVCP()
2025/10/27 05:15:58.505 [T:0xe51a8] [DisplayControl] Enter MCCSOtherSet::GetVCP(), vcp code = 16
2025/10/27 05:15:58.592 [T:0xe51a8] [DisplayControl] Exit MCCSOtherSet::GetVCP()
2025/10/27 05:15:58.694 [T:0xe51a8] [DisplayControl] Enter MCCSOtherSet::GetVCP(), vcp code = 51
2025/10/27 05:15:58.779 [T:0xe51a8] [DisplayControl] Exit MCCSOtherSet::GetVCP()
2025/10/27 05:15:58.882 [T:0xe51a8] [DisplayControl] Enter MCCSOtherSet::GetVCP(), vcp code = 96
2025/10/27 05:15:58.967 [T:0xe51a8] [DisplayControl] Exit MCCSOtherSet::GetVCP()
2025/10/27 05:15:59.070 [T:0xe51a8] [DisplayControl] Enter MCCSOtherSet::GetVCP(), vcp code = 18
2025/10/27 05:15:59.156 [T:0xe51a8] [DisplayControl] Exit MCCSOtherSet::GetVCP()
2025/10/27 05:15:59.258 [T:0xe51a8] [DisplayControl] Enter MCCSOtherSet::GetVCP(), vcp code = 226
2025/10/27 05:15:59.344 [T:0xe51a8] [DisplayControl] Exit MCCSOtherSet::GetVCP()
2025/10/27 05:19:25.565 [T:0x4e75a] [DisplayControl] Enter MCCSOtherSet::SetVCP(), vcp code = 51
2025/10/27 05:19:25.765 [T:0x4e75a] [DisplayControl] Exit MCCSOtherSet::SetVCP()
2025/10/27 05:21:06.353 [T:0x9856e] [DisplayControl] Enter MCCSOtherSet::SetVCP(), vcp code = 96
2025/10/27 05:21:07.197 [T:0x9856e] [DisplayControl] Exit MCCSOtherSet::SetVCP()
2025/10/27 05:21:14.578 [T:0x9856e] [DisplayControl] Enter OperationThread::ExitThread
2025/10/27 05:21:14.578 [T:0x9856e] [DisplayControl] Exit OperationThread::ExitThread
2025/10/27 05:21:14.579 [T:0x9856e] [DisplayControl] Enter OperationThread::~OperationThread()
2025/10/27 05:21:14.579 [T:0x9856e] [DisplayControl] Enter OperationThread::ExitThread
2025/10/27 05:21:14.579 [T:0x9856e] [DisplayControl] Enter OperationThread::ExitThread
2025/10/27 05:21:14.580 [T:0x9856e] [DisplayControl] Exit OperationThread::ExitThread
2025/10/27 05:21:14.580 [T:0x9856e] [DisplayControl] Enter OperationThread::~OperationThread()
2025/10/27 05:21:14.580 [T:0x9856e] [DisplayControl] Enter OperationThread::ExitThread
2025/10/27 05:21:14.643 [T:0x9856e] [DbgStr] After calling display_control_client_listener_video_port_.UpdateAllDisplayPath()
2025/10/27 05:21:14.661 [T:0x9856e] [DbgStr] After calling display_control_client_listener_.GetAllDisplayEDID()
2025/10/27 05:21:14.663 [T:0x9856e] [DisplayControl] Version = 3.0.6.0
2025/10/27 05:21:14.663 [T:0x9856e] [DisplayControl] Enter ObtainControlHandler1
2025/10/27 05:21:14.663 [T:0x9856e] [DisplayControl] GetVideoPortCommander
2025/10/27 05:21:14.663 [T:0x9856e] [DisplayControl] GetUSBHubCommander
2025/10/27 05:21:14.663 [T:0x9856e] ====== List p_lpo_display_info_video_port, # of devices is ======2
2025/10/27 05:21:14.663 [T:0x9856e] [DisplayControl] index of p_lpo_display_info_video_port0
2025/10/27 05:21:14.663 [T:0x9856e] [DisplayControl] Model name from VideoPort = VG2458
2025/10/27 05:21:14.663 [T:0x9856e] [DisplayControl] SN from VideoPort = YDJ243400006
2025/10/27 05:21:14.663 [T:0x9856e] [DisplayControl] index of p_lpo_display_info_video_port1
2025/10/27 05:21:14.663 [T:0x9856e] [DisplayControl] Model name from VideoPort = VG275
2025/10/27 05:21:14.663 [T:0x9856e] [DisplayControl] SN from VideoPort = XF6232400003
2025/10/27 05:21:14.663 [T:0x9856e] ====== List p_lpo_display_info_rtd_scalar_rts_hub, # of devices is ======0
2025/10/27 05:21:14.663 [T:0x9856e] [DisplayControl] GetVSRtkHubControlClientListener
2025/10/27 05:21:14.664 [T:0x9856e] [DisplayControl] max monitor count = 2
2025/10/27 05:21:14.664 [T:0x9856e] [DisplayControl] index of display_info_vec = 0
2025/10/27 05:21:14.664 [T:0x9856e] [DisplayControl] index of p_lpo_display_info_video_port = 0
2025/10/27 05:21:14.664 [T:0x9856e] [DisplayControl] VideoPortMatchingRule
2025/10/27 05:21:14.664 [T:0x9856e] [DisplayControl] monitor display_info_model_name = VG2458
2025/10/27 05:21:14.664 [T:0x9856e] [DisplayControl] monitor video_port_model_name = VG2458
2025/10/27 05:21:14.664 [T:0x9856e] [DisplayControl] monitor display_info_sn = YDJ243400006
2025/10/27 05:21:14.664 [T:0x9856e] [DisplayControl] monitor video_port_sn = YDJ243400006
2025/10/27 05:21:14.664 [T:0x9856e] [DisplayControl] model_name_match = 1
2025/10/27 05:21:14.664 [T:0x9856e] [DisplayControl] sn_match = 1
2025/10/27 05:21:14.664 [T:0x9856e] [DisplayControl] video_port is_match = 1
2025/10/27 05:21:14.664 [T:0x9856e] [DisplayControl] index of display_info_vec = 1
2025/10/27 05:21:14.664 [T:0x9856e] [DisplayControl] index of p_lpo_display_info_video_port = 0
2025/10/27 05:21:14.664 [T:0x9856e] [DisplayControl] VideoPortMatchingRule
2025/10/27 05:21:14.664 [T:0x9856e] [DisplayControl] monitor display_info_model_name = VG275
2025/10/27 05:21:14.664 [T:0x9856e] [DisplayControl] monitor video_port_model_name = VG2458
2025/10/27 05:21:14.664 [T:0x9856e] [DisplayControl] monitor display_info_sn = XF6232400003
2025/10/27 05:21:14.664 [T:0x9856e] [DisplayControl] monitor video_port_sn = YDJ243400006
2025/10/27 05:21:14.664 [T:0x9856e] [DisplayControl] model_name_match = 0
2025/10/27 05:21:14.664 [T:0x9856e] [DisplayControl] sn_match = 0
2025/10/27 05:21:14.664 [T:0x9856e] [DisplayControl] video_port is_match = 0
2025/10/27 05:21:14.664 [T:0x9856e] [DisplayControl] index of display_info_vec = 1
2025/10/27 05:21:14.664 [T:0x9856e] [DisplayControl] index of p_lpo_display_info_video_port = 1
2025/10/27 05:21:14.664 [T:0x9856e] [DisplayControl] VideoPortMatchingRule
2025/10/27 05:21:14.664 [T:0x9856e] [DisplayControl] monitor display_info_model_name = VG275
2025/10/27 05:21:14.664 [T:0x9856e] [DisplayControl] monitor video_port_model_name = VG275
2025/10/27 05:21:14.664 [T:0x9856e] [DisplayControl] monitor display_info_sn = XF6232400003
2025/10/27 05:21:14.664 [T:0x9856e] [DisplayControl] monitor video_port_sn = XF6232400003
2025/10/27 05:21:14.665 [T:0x9856e] [DisplayControl] model_name_match = 1
2025/10/27 05:21:14.665 [T:0x9856e] [DisplayControl] sn_match = 1
2025/10/27 05:21:14.665 [T:0x9856e] [DisplayControl] video_port is_match = 1
2025/10/27 05:21:14.665 [T:0x9856e] [DisplayControl] i = 0
2025/10/27 05:21:14.665 [T:0x9856e] [DisplayControl] Enter OperationThread::OperationThread()
2025/10/27 05:21:14.665 [T:0x9856e] [DisplayControl] Enter OperationThread::CreateThread
2025/10/27 05:21:14.665 [T:0x9856e] [DisplayControl] new DisplayFunctioner
2025/10/27 05:21:14.665 [T:0x9856e] [DisplayControl] insert displayer_vector
2025/10/27 05:21:14.665 [T:0x9856e] [DisplayControl] insert modelName_SN_to_Display_map
2025/10/27 05:21:14.665 [T:0x9856e] [DisplayControl] insert device_id_to_Displayer_map_
2025/10/27 05:21:14.665 [T:0x9856e] [DisplayControl] i = 1
2025/10/27 05:21:14.665 [T:0x9856e] [DisplayControl] Enter OperationThread::OperationThread()
2025/10/27 05:21:14.665 [T:0x9856e] [DisplayControl] Enter OperationThread::CreateThread
2025/10/27 05:21:14.665 [T:0x9856e] [DisplayControl] new DisplayFunctioner
2025/10/27 05:21:14.665 [T:0x9856e] [DisplayControl] insert displayer_vector
2025/10/27 05:21:14.665 [T:0x9856e] [DisplayControl] insert modelName_SN_to_Display_map
2025/10/27 05:21:14.665 [T:0x9856e] [DisplayControl] insert device_id_to_Displayer_map_
2025/10/27 05:21:14.665 [T:0x9856e] [DisplayControl] monitor size = 2
2025/10/27 05:21:14.665 [T:0x9856e] [DisplayControl] Exit ObtainControlHandler
2025/10/27 05:21:14.666 [T:0x9856e] [DisplayControl] Enter MCCSOtherSet::GetVCP(), vcp code = 96
2025/10/27 05:21:14.749 [T:0x9856e] [DisplayControl] Exit MCCSOtherSet::GetVCP()
2025/10/27 05:21:15.033 [T:0x9856e] [DisplayControl] Enter MCCSOtherSet::GetVCP(), vcp code = 96
2025/10/27 05:21:15.115 [T:0x9856e] [DisplayControl] Exit MCCSOtherSet::GetVCP()
2025/10/27 05:21:15.398 [T:0x9856e] [DisplayControl] Enter MCCSOtherSet::SetVCP(), vcp code = 51
2025/10/27 05:21:15.707 [T:0x9856e] [DisplayControl] Exit MCCSOtherSet::SetVCP()
2025/10/27 05:21:15.708 [T:0x9856e] [DisplayControl] Enter MCCSOtherSet::SetVCP(), vcp code = 51
2025/10/27 05:21:15.868 [T:0x9856e] [DisplayControl] Exit MCCSOtherSet::SetVCP()
2025/10/27 05:21:15.869 [T:0x9856e] [DisplayControl] Enter MCCSOtherSet::GetVCP(), vcp code = 225
2025/10/27 05:21:15.942 [T:0x9856e] [DisplayControl] Exit MCCSOtherSet::GetVCP()
2025/10/27 05:21:16.049 [T:0x9856e] [DisplayControl] Enter MCCSOtherSet::GetVCP(), vcp code = 220
2025/10/27 05:21:16.131 [T:0x9856e] [DisplayControl] Exit MCCSOtherSet::GetVCP()
2025/10/27 05:21:16.237 [T:0x9856e] [DisplayControl] Enter MCCSOtherSet::GetVCP(), vcp code = 141
2025/10/27 05:21:16.319 [T:0x9856e] [DisplayControl] Exit MCCSOtherSet::GetVCP()
2025/10/27 05:21:16.426 [T:0x9856e] [DisplayControl] Enter MCCSOtherSet::GetVCP(), vcp code = 43
2025/10/27 05:21:16.507 [T:0x9856e] [DisplayControl] Exit MCCSOtherSet::GetVCP()
2025/10/27 05:21:16.614 [T:0x9856e] [DisplayControl] Enter MCCSOtherSet::GetVCP(), vcp code = 4
2025/10/27 05:21:16.695 [T:0x9856e] [DisplayControl] Exit MCCSOtherSet::GetVCP()
2025/10/27 05:21:16.802 [T:0x9856e] [DisplayControl] Enter MCCSOtherSet::GetVCP(), vcp code = 245
2025/10/27 05:21:16.884 [T:0x9856e] [DisplayControl] Exit MCCSOtherSet::GetVCP()
2025/10/27 05:21:16.991 [T:0x9856e] [DisplayControl] Enter MCCSOtherSet::GetVCP(), vcp code = 135
2025/10/27 05:21:17.073 [T:0x9856e] [DisplayControl] Exit MCCSOtherSet::GetVCP()
2025/10/27 05:21:17.179 [T:0x9856e] [DisplayControl] Enter MCCSOtherSet::GetVCP(), vcp code = 98
2025/10/27 05:21:17.261 [T:0x9856e] [DisplayControl] Exit MCCSOtherSet::GetVCP()
2025/10/27 05:21:17.367 [T:0x9856e] [DisplayControl] Enter MCCSOtherSet::GetVCP(), vcp code = 97
2025/10/27 05:21:17.449 [T:0x9856e] [DisplayControl] Exit MCCSOtherSet::GetVCP()
2025/10/27 05:21:17.555 [T:0x9856e] [DisplayControl] Enter MCCSOtherSet::GetVCP(), vcp code = 16
2025/10/27 05:21:17.637 [T:0x9856e] [DisplayControl] Exit MCCSOtherSet::GetVCP()
2025/10/27 05:21:17.744 [T:0x9856e] [DisplayControl] Enter MCCSOtherSet::GetVCP(), vcp code = 51
2025/10/27 05:21:17.825 [T:0x9856e] [DisplayControl] Exit MCCSOtherSet::GetVCP()
2025/10/27 05:21:17.932 [T:0x9856e] [DisplayControl] Enter MCCSOtherSet::GetVCP(), vcp code = 96
2025/10/27 05:21:18.014 [T:0x9856e] [DisplayControl] Exit MCCSOtherSet::GetVCP()
2025/10/27 05:21:18.121 [T:0x9856e] [DisplayControl] Enter MCCSOtherSet::GetVCP(), vcp code = 18
2025/10/27 05:21:18.203 [T:0x9856e] [DisplayControl] Exit MCCSOtherSet::GetVCP()
2025/10/27 05:21:18.309 [T:0x9856e] [DisplayControl] Enter MCCSOtherSet::GetVCP(), vcp code = 20
2025/10/27 05:21:18.390 [T:0x9856e] [DisplayControl] Exit MCCSOtherSet::GetVCP()
2025/10/27 05:21:18.498 [T:0x9856e] [DisplayControl] Enter MCCSOtherSet::GetVCP(), vcp code = 236
2025/10/27 05:21:18.583 [T:0x9856e] [DisplayControl] Exit MCCSOtherSet::GetVCP()
2025/10/27 05:21:18.686 [T:0x9856e] [DisplayControl] Enter MCCSOtherSet::GetVCP(), vcp code = 225
2025/10/27 05:21:18.772 [T:0x9856e] [DisplayControl] Exit MCCSOtherSet::GetVCP()
2025/10/27 05:21:18.874 [T:0x9856e] [DisplayControl] Enter MCCSOtherSet::GetVCP(), vcp code = 220
2025/10/27 05:21:18.960 [T:0x9856e] [DisplayControl] Exit MCCSOtherSet::GetVCP()
2025/10/27 05:21:19.063 [T:0x9856e] [DisplayControl] Enter MCCSOtherSet::GetVCP(), vcp code = 141
2025/10/27 05:21:19.148 [T:0x9856e] [DisplayControl] Exit MCCSOtherSet::GetVCP()
2025/10/27 05:21:19.251 [T:0x9856e] [DisplayControl] Enter MCCSOtherSet::GetVCP(), vcp code = 43
2025/10/27 05:21:19.337 [T:0x9856e] [DisplayControl] Exit MCCSOtherSet::GetVCP()
2025/10/27 05:21:19.439 [T:0x9856e] [DisplayControl] Enter MCCSOtherSet::GetVCP(), vcp code = 4
2025/10/27 05:21:19.525 [T:0x9856e] [DisplayControl] Exit MCCSOtherSet::GetVCP()
2025/10/27 05:21:19.628 [T:0x9856e] [DisplayControl] Enter MCCSOtherSet::GetVCP(), vcp code = 135
2025/10/27 05:21:19.714 [T:0x9856e] [DisplayControl] Exit MCCSOtherSet::GetVCP()
2025/10/27 05:21:19.816 [T:0x9856e] [DisplayControl] Enter MCCSOtherSet::GetVCP(), vcp code = 98
2025/10/27 05:21:19.902 [T:0x9856e] [DisplayControl] Exit MCCSOtherSet::GetVCP()
2025/10/27 05:21:20.004 [T:0x9856e] [DisplayControl] Enter MCCSOtherSet::GetVCP(), vcp code = 97
2025/10/27 05:21:20.091 [T:0x9856e] [DisplayControl] Exit MCCSOtherSet::GetVCP()
2025/10/27 05:21:20.193 [T:0x9856e] [DisplayControl] Enter MCCSOtherSet::GetVCP(), vcp code = 16
2025/10/27 05:21:20.278 [T:0x9856e] [DisplayControl] Exit MCCSOtherSet::GetVCP()
2025/10/27 05:21:20.381 [T:0x9856e] [DisplayControl] Enter MCCSOtherSet::GetVCP(), vcp code = 51
2025/10/27 05:21:20.466 [T:0x9856e] [DisplayControl] Exit MCCSOtherSet::GetVCP()
2025/10/27 05:21:20.569 [T:0x9856e] [DisplayControl] Enter MCCSOtherSet::GetVCP(), vcp code = 96
2025/10/27 05:21:20.655 [T:0x9856e] [DisplayControl] Exit MCCSOtherSet::GetVCP()
2025/10/27 05:21:20.757 [T:0x9856e] [DisplayControl] Enter MCCSOtherSet::GetVCP(), vcp code = 18
2025/10/27 05:21:20.843 [T:0x9856e] [DisplayControl] Exit MCCSOtherSet::GetVCP()
2025/10/27 05:21:20.946 [T:0x9856e] [DisplayControl] Enter MCCSOtherSet::GetVCP(), vcp code = 226
2025/10/27 05:21:21.032 [T:0x9856e] [DisplayControl] Exit MCCSOtherSet::GetVCP()
2025/10/27 05:21:21.144 [T:0x9856e] [DisplayControl] Enter MCCSOtherSet::SetVCP(), vcp code = 51
2025/10/27 05:21:21.290 [T:0x9856e] [DisplayControl] Exit MCCSOtherSet::SetVCP()
2025/10/27 05:21:21.307 [T:0xa9fa4] [DisplayControl] Enter MCCSOtherSet::GetVCP(), vcp code = 96
2025/10/27 05:21:21.441 [T:0xa9fa4] [DisplayControl] Exit MCCSOtherSet::GetVCP()
2025/10/27 05:23:06.560 [T:0xe678a] [DisplayControl] Enter MCCSOtherSet::SetVCP(), vcp code = 51
2025/10/27 05:23:06.915 [T:0xe678a] [DisplayControl] Exit MCCSOtherSet::SetVCP()
2025/10/27 05:23:25.052 [T:0xe678a] [DisplayControl] Enter MCCSOtherSet::SetVCP(), vcp code = 96
2025/10/27 05:23:25.701 [T:0xe678a] [DisplayControl] Exit MCCSOtherSet::SetVCP()
2025/10/27 05:23:32.505 [T:0xe678a] [DisplayControl] Enter OperationThread::ExitThread
2025/10/27 05:23:32.507 [T:0xe678a] [DisplayControl] Exit OperationThread::ExitThread
2025/10/27 05:23:32.507 [T:0xe678a] [DisplayControl] Enter OperationThread::~OperationThread()
2025/10/27 05:23:32.507 [T:0xe678a] [DisplayControl] Enter OperationThread::ExitThread
2025/10/27 05:23:32.507 [T:0xe678a] [DisplayControl] Enter OperationThread::ExitThread
2025/10/27 05:23:32.508 [T:0xe678a] [DisplayControl] Exit OperationThread::ExitThread
2025/10/27 05:23:32.508 [T:0xe678a] [DisplayControl] Enter OperationThread::~OperationThread()
2025/10/27 05:23:32.508 [T:0xe678a] [DisplayControl] Enter OperationThread::ExitThread
2025/10/27 05:23:32.571 [T:0xe678a] [DbgStr] After calling display_control_client_listener_video_port_.UpdateAllDisplayPath()
2025/10/27 05:23:32.587 [T:0xe678a] [DbgStr] After calling display_control_client_listener_.GetAllDisplayEDID()
2025/10/27 05:23:32.589 [T:0xe678a] [DisplayControl] Version = 3.0.6.0
2025/10/27 05:23:32.589 [T:0xe678a] [DisplayControl] Enter ObtainControlHandler1
2025/10/27 05:23:32.589 [T:0xe678a] [DisplayControl] GetVideoPortCommander
2025/10/27 05:23:32.589 [T:0xe678a] [DisplayControl] GetUSBHubCommander
2025/10/27 05:23:32.589 [T:0xe678a] ====== List p_lpo_display_info_video_port, # of devices is ======2
2025/10/27 05:23:32.589 [T:0xe678a] [DisplayControl] index of p_lpo_display_info_video_port0
2025/10/27 05:23:32.589 [T:0xe678a] [DisplayControl] Model name from VideoPort = VG2458
2025/10/27 05:23:32.589 [T:0xe678a] [DisplayControl] SN from VideoPort = YDJ243400006
2025/10/27 05:23:32.590 [T:0xe678a] [DisplayControl] index of p_lpo_display_info_video_port1
2025/10/27 05:23:32.590 [T:0xe678a] [DisplayControl] Model name from VideoPort = VG275
2025/10/27 05:23:32.590 [T:0xe678a] [DisplayControl] SN from VideoPort = XF6232400003
2025/10/27 05:23:32.590 [T:0xe678a] ====== List p_lpo_display_info_rtd_scalar_rts_hub, # of devices is ======0
2025/10/27 05:23:32.590 [T:0xe678a] [DisplayControl] GetVSRtkHubControlClientListener
2025/10/27 05:23:32.590 [T:0xe678a] [DisplayControl] max monitor count = 2
2025/10/27 05:23:32.590 [T:0xe678a] [DisplayControl] index of display_info_vec = 0
2025/10/27 05:23:32.590 [T:0xe678a] [DisplayControl] index of p_lpo_display_info_video_port = 0
2025/10/27 05:23:32.590 [T:0xe678a] [DisplayControl] VideoPortMatchingRule
2025/10/27 05:23:32.590 [T:0xe678a] [DisplayControl] monitor display_info_model_name = VG2458
2025/10/27 05:23:32.590 [T:0xe678a] [DisplayControl] monitor video_port_model_name = VG2458
2025/10/27 05:23:32.590 [T:0xe678a] [DisplayControl] monitor display_info_sn = YDJ243400006
2025/10/27 05:23:32.590 [T:0xe678a] [DisplayControl] monitor video_port_sn = YDJ243400006
2025/10/27 05:23:32.590 [T:0xe678a] [DisplayControl] model_name_match = 1
2025/10/27 05:23:32.590 [T:0xe678a] [DisplayControl] sn_match = 1
2025/10/27 05:23:32.590 [T:0xe678a] [DisplayControl] video_port is_match = 1
2025/10/27 05:23:32.590 [T:0xe678a] [DisplayControl] index of display_info_vec = 1
2025/10/27 05:23:32.590 [T:0xe678a] [DisplayControl] index of p_lpo_display_info_video_port = 0
2025/10/27 05:23:32.590 [T:0xe678a] [DisplayControl] VideoPortMatchingRule
2025/10/27 05:23:32.590 [T:0xe678a] [DisplayControl] monitor display_info_model_name = VG275
2025/10/27 05:23:32.590 [T:0xe678a] [DisplayControl] monitor video_port_model_name = VG2458
2025/10/27 05:23:32.590 [T:0xe678a] [DisplayControl] monitor display_info_sn = XF6232400003
2025/10/27 05:23:32.590 [T:0xe678a] [DisplayControl] monitor video_port_sn = YDJ243400006
2025/10/27 05:23:32.590 [T:0xe678a] [DisplayControl] model_name_match = 0
2025/10/27 05:23:32.590 [T:0xe678a] [DisplayControl] sn_match = 0
2025/10/27 05:23:32.590 [T:0xe678a] [DisplayControl] video_port is_match = 0
2025/10/27 05:23:32.590 [T:0xe678a] [DisplayControl] index of display_info_vec = 1
2025/10/27 05:23:32.590 [T:0xe678a] [DisplayControl] index of p_lpo_display_info_video_port = 1
2025/10/27 05:23:32.591 [T:0xe678a] [DisplayControl] VideoPortMatchingRule
2025/10/27 05:23:32.591 [T:0xe678a] [DisplayControl] monitor display_info_model_name = VG275
2025/10/27 05:23:32.591 [T:0xe678a] [DisplayControl] monitor video_port_model_name = VG275
2025/10/27 05:23:32.591 [T:0xe678a] [DisplayControl] monitor display_info_sn = XF6232400003
2025/10/27 05:23:32.591 [T:0xe678a] [DisplayControl] monitor video_port_sn = XF6232400003
2025/10/27 05:23:32.591 [T:0xe678a] [DisplayControl] model_name_match = 1
2025/10/27 05:23:32.591 [T:0xe678a] [DisplayControl] sn_match = 1
2025/10/27 05:23:32.591 [T:0xe678a] [DisplayControl] video_port is_match = 1
2025/10/27 05:23:32.591 [T:0xe678a] [DisplayControl] i = 0
2025/10/27 05:23:32.591 [T:0xe678a] [DisplayControl] Enter OperationThread::OperationThread()
2025/10/27 05:23:32.591 [T:0xe678a] [DisplayControl] Enter OperationThread::CreateThread
2025/10/27 05:23:32.591 [T:0xe678a] [DisplayControl] new DisplayFunctioner
2025/10/27 05:23:32.591 [T:0xe678a] [DisplayControl] insert displayer_vector
2025/10/27 05:23:32.591 [T:0xe678a] [DisplayControl] insert modelName_SN_to_Display_map
2025/10/27 05:23:32.591 [T:0xe678a] [DisplayControl] insert device_id_to_Displayer_map_
2025/10/27 05:23:32.591 [T:0xe678a] [DisplayControl] i = 1
2025/10/27 05:23:32.591 [T:0xe678a] [DisplayControl] Enter OperationThread::OperationThread()
2025/10/27 05:23:32.591 [T:0xe678a] [DisplayControl] Enter OperationThread::CreateThread
2025/10/27 05:23:32.591 [T:0xe678a] [DisplayControl] new DisplayFunctioner
2025/10/27 05:23:32.591 [T:0xe678a] [DisplayControl] insert displayer_vector
2025/10/27 05:23:32.591 [T:0xe678a] [DisplayControl] insert modelName_SN_to_Display_map
2025/10/27 05:23:32.591 [T:0xe678a] [DisplayControl] insert device_id_to_Displayer_map_
2025/10/27 05:23:32.591 [T:0xe678a] [DisplayControl] monitor size = 2
2025/10/27 05:23:32.592 [T:0xe678a] [DisplayControl] Exit ObtainControlHandler
2025/10/27 05:23:32.592 [T:0xe678a] [DisplayControl] Enter MCCSOtherSet::GetVCP(), vcp code = 96
2025/10/27 05:23:32.677 [T:0xe678a] [DisplayControl] Exit MCCSOtherSet::GetVCP()
2025/10/27 05:23:32.960 [T:0xe678a] [DisplayControl] Enter MCCSOtherSet::GetVCP(), vcp code = 96
2025/10/27 05:23:33.042 [T:0xe678a] [DisplayControl] Exit MCCSOtherSet::GetVCP()
2025/10/27 05:23:33.325 [T:0xe678a] [DisplayControl] Enter MCCSOtherSet::SetVCP(), vcp code = 51
2025/10/27 05:23:33.634 [T:0xe678a] [DisplayControl] Exit MCCSOtherSet::SetVCP()
2025/10/27 05:23:33.635 [T:0xe678a] [DisplayControl] Enter MCCSOtherSet::SetVCP(), vcp code = 51
2025/10/27 05:23:33.795 [T:0xe678a] [DisplayControl] Exit MCCSOtherSet::SetVCP()
2025/10/27 05:23:33.795 [T:0xe678a] [DisplayControl] Enter MCCSOtherSet::GetVCP(), vcp code = 225
2025/10/27 05:23:33.870 [T:0xe678a] [DisplayControl] Exit MCCSOtherSet::GetVCP()
2025/10/27 05:23:33.976 [T:0xe678a] [DisplayControl] Enter MCCSOtherSet::GetVCP(), vcp code = 220
2025/10/27 05:23:34.057 [T:0xe678a] [DisplayControl] Exit MCCSOtherSet::GetVCP()
2025/10/27 05:23:34.164 [T:0xe678a] [DisplayControl] Enter MCCSOtherSet::GetVCP(), vcp code = 141
2025/10/27 05:23:34.246 [T:0xe678a] [DisplayControl] Exit MCCSOtherSet::GetVCP()
2025/10/27 05:23:34.352 [T:0xe678a] [DisplayControl] Enter MCCSOtherSet::GetVCP(), vcp code = 43
2025/10/27 05:23:34.435 [T:0xe678a] [DisplayControl] Exit MCCSOtherSet::GetVCP()
2025/10/27 05:23:34.541 [T:0xe678a] [DisplayControl] Enter MCCSOtherSet::GetVCP(), vcp code = 4
2025/10/27 05:23:34.624 [T:0xe678a] [DisplayControl] Exit MCCSOtherSet::GetVCP()
2025/10/27 05:23:34.729 [T:0xe678a] [DisplayControl] Enter MCCSOtherSet::GetVCP(), vcp code = 245
2025/10/27 05:23:34.811 [T:0xe678a] [DisplayControl] Exit MCCSOtherSet::GetVCP()
2025/10/27 05:23:34.918 [T:0xe678a] [DisplayControl] Enter MCCSOtherSet::GetVCP(), vcp code = 135
2025/10/27 05:23:34.999 [T:0xe678a] [DisplayControl] Exit MCCSOtherSet::GetVCP()
2025/10/27 05:23:35.106 [T:0xe678a] [DisplayControl] Enter MCCSOtherSet::GetVCP(), vcp code = 98
2025/10/27 05:23:35.188 [T:0xe678a] [DisplayControl] Exit MCCSOtherSet::GetVCP()
2025/10/27 05:23:35.294 [T:0xe678a] [DisplayControl] Enter MCCSOtherSet::GetVCP(), vcp code = 97
2025/10/27 05:23:35.376 [T:0xe678a] [DisplayControl] Exit MCCSOtherSet::GetVCP()
2025/10/27 05:23:35.482 [T:0xe678a] [DisplayControl] Enter MCCSOtherSet::GetVCP(), vcp code = 16
2025/10/27 05:23:35.564 [T:0xe678a] [DisplayControl] Exit MCCSOtherSet::GetVCP()
2025/10/27 05:23:35.565 [T:0xe678a] [DisplayControl] Enter MCCSOtherSet::GetVCP(), vcp code = 16
2025/10/27 05:23:35.705 [T:0xe678a] [DisplayControl] Exit MCCSOtherSet::GetVCP()
2025/10/27 05:23:35.811 [T:0xe678a] [DisplayControl] Enter MCCSOtherSet::GetVCP(), vcp code = 51
2025/10/27 05:23:35.894 [T:0xe678a] [DisplayControl] Exit MCCSOtherSet::GetVCP()
2025/10/27 05:23:36.000 [T:0xe678a] [DisplayControl] Enter MCCSOtherSet::GetVCP(), vcp code = 96
2025/10/27 05:23:36.082 [T:0xe678a] [DisplayControl] Exit MCCSOtherSet::GetVCP()
2025/10/27 05:23:36.188 [T:0xe678a] [DisplayControl] Enter MCCSOtherSet::GetVCP(), vcp code = 18
2025/10/27 05:23:36.270 [T:0xe678a] [DisplayControl] Exit MCCSOtherSet::GetVCP()
2025/10/27 05:23:36.376 [T:0xe678a] [DisplayControl] Enter MCCSOtherSet::GetVCP(), vcp code = 20
2025/10/27 05:23:36.458 [T:0xe678a] [DisplayControl] Exit MCCSOtherSet::GetVCP()
2025/10/27 05:23:36.565 [T:0xe678a] [DisplayControl] Enter MCCSOtherSet::GetVCP(), vcp code = 236
2025/10/27 05:23:36.652 [T:0xe678a] [DisplayControl] Exit MCCSOtherSet::GetVCP()
2025/10/27 05:23:36.753 [T:0xe678a] [DisplayControl] Enter MCCSOtherSet::GetVCP(), vcp code = 225
2025/10/27 05:23:36.839 [T:0xe678a] [DisplayControl] Exit MCCSOtherSet::GetVCP()
2025/10/27 05:23:36.941 [T:0xe678a] [DisplayControl] Enter MCCSOtherSet::GetVCP(), vcp code = 220
2025/10/27 05:23:37.027 [T:0xe678a] [DisplayControl] Exit MCCSOtherSet::GetVCP()
2025/10/27 05:23:37.129 [T:0xe678a] [DisplayControl] Enter MCCSOtherSet::GetVCP(), vcp code = 141
2025/10/27 05:23:37.215 [T:0xe678a] [DisplayControl] Exit MCCSOtherSet::GetVCP()
2025/10/27 05:23:37.317 [T:0xe678a] [DisplayControl] Enter MCCSOtherSet::GetVCP(), vcp code = 43
2025/10/27 05:23:37.404 [T:0xe678a] [DisplayControl] Exit MCCSOtherSet::GetVCP()
2025/10/27 05:23:37.506 [T:0xe678a] [DisplayControl] Enter MCCSOtherSet::GetVCP(), vcp code = 4
2025/10/27 05:23:37.592 [T:0xe678a] [DisplayControl] Exit MCCSOtherSet::GetVCP()
2025/10/27 05:23:37.694 [T:0xe678a] [DisplayControl] Enter MCCSOtherSet::GetVCP(), vcp code = 135
2025/10/27 05:23:37.780 [T:0xe678a] [DisplayControl] Exit MCCSOtherSet::GetVCP()
2025/10/27 05:23:37.882 [T:0xe678a] [DisplayControl] Enter MCCSOtherSet::GetVCP(), vcp code = 98
2025/10/27 05:23:37.968 [T:0xe678a] [DisplayControl] Exit MCCSOtherSet::GetVCP()
2025/10/27 05:23:38.071 [T:0xe678a] [DisplayControl] Enter MCCSOtherSet::GetVCP(), vcp code = 97
2025/10/27 05:23:38.157 [T:0xe678a] [DisplayControl] Exit MCCSOtherSet::GetVCP()
2025/10/27 05:23:38.259 [T:0xe678a] [DisplayControl] Enter MCCSOtherSet::GetVCP(), vcp code = 16
2025/10/27 05:23:38.345 [T:0xe678a] [DisplayControl] Exit MCCSOtherSet::GetVCP()
2025/10/27 05:23:38.447 [T:0xe678a] [DisplayControl] Enter MCCSOtherSet::GetVCP(), vcp code = 51
2025/10/27 05:23:38.534 [T:0xe678a] [DisplayControl] Exit MCCSOtherSet::GetVCP()
2025/10/27 05:23:38.636 [T:0xe678a] [DisplayControl] Enter MCCSOtherSet::GetVCP(), vcp code = 96
2025/10/27 05:23:38.722 [T:0xe678a] [DisplayControl] Exit MCCSOtherSet::GetVCP()
2025/10/27 05:23:38.824 [T:0xe678a] [DisplayControl] Enter MCCSOtherSet::GetVCP(), vcp code = 18
2025/10/27 05:23:38.910 [T:0xe678a] [DisplayControl] Exit MCCSOtherSet::GetVCP()
2025/10/27 05:23:39.012 [T:0xe678a] [DisplayControl] Enter MCCSOtherSet::GetVCP(), vcp code = 226
2025/10/27 05:23:39.099 [T:0xe678a] [DisplayControl] Exit MCCSOtherSet::GetVCP()
2025/10/27 05:23:39.210 [T:0xe678a] [DisplayControl] Enter MCCSOtherSet::SetVCP(), vcp code = 51
2025/10/27 05:23:39.370 [T:0xe678a] [DisplayControl] Exit MCCSOtherSet::SetVCP()
2025/10/27 05:23:39.375 [T:0xa9fa4] [DisplayControl] Enter MCCSOtherSet::GetVCP(), vcp code = 96
2025/10/27 05:23:39.498 [T:0xa9fa4] [DisplayControl] Exit MCCSOtherSet::GetVCP()
2025/10/27 05:25:25.587 [T:0xccde5] [DisplayControl] Enter MCCSOtherSet::SetVCP(), vcp code = 51
2025/10/27 05:25:25.778 [T:0xccde5] [DisplayControl] Exit MCCSOtherSet::SetVCP()
2025/10/27 05:25:44.113 [T:0xccde5] [DisplayControl] Enter MCCSOtherSet::SetVCP(), vcp code = 96
2025/10/27 05:25:44.459 [T:0xccde5] [DisplayControl] Exit MCCSOtherSet::SetVCP()
2025/10/27 05:25:51.257 [T:0xccde5] [DisplayControl] Enter OperationThread::ExitThread
2025/10/27 05:25:51.258 [T:0xccde5] [DisplayControl] Exit OperationThread::ExitThread
2025/10/27 05:25:51.258 [T:0xccde5] [DisplayControl] Enter OperationThread::~OperationThread()
2025/10/27 05:25:51.258 [T:0xccde5] [DisplayControl] Enter OperationThread::ExitThread
2025/10/27 05:25:51.259 [T:0xccde5] [DisplayControl] Enter OperationThread::ExitThread
2025/10/27 05:25:51.259 [T:0xccde5] [DisplayControl] Exit OperationThread::ExitThread
2025/10/27 05:25:51.260 [T:0xccde5] [DisplayControl] Enter OperationThread::~OperationThread()
2025/10/27 05:25:51.260 [T:0xccde5] [DisplayControl] Enter OperationThread::ExitThread
2025/10/27 05:25:51.322 [T:0xccde5] [DbgStr] After calling display_control_client_listener_video_port_.UpdateAllDisplayPath()
2025/10/27 05:25:51.339 [T:0xccde5] [DbgStr] After calling display_control_client_listener_.GetAllDisplayEDID()
2025/10/27 05:25:51.341 [T:0xccde5] [DisplayControl] Version = 3.0.6.0
2025/10/27 05:25:51.341 [T:0xccde5] [DisplayControl] Enter ObtainControlHandler1
2025/10/27 05:25:51.341 [T:0xccde5] [DisplayControl] GetVideoPortCommander
2025/10/27 05:25:51.341 [T:0xccde5] [DisplayControl] GetUSBHubCommander
2025/10/27 05:25:51.341 [T:0xccde5] ====== List p_lpo_display_info_video_port, # of devices is ======2
2025/10/27 05:25:51.341 [T:0xccde5] [DisplayControl] index of p_lpo_display_info_video_port0
2025/10/27 05:25:51.341 [T:0xccde5] [DisplayControl] Model name from VideoPort = VG2458
2025/10/27 05:25:51.341 [T:0xccde5] [DisplayControl] SN from VideoPort = YDJ243400006
2025/10/27 05:25:51.341 [T:0xccde5] [DisplayControl] index of p_lpo_display_info_video_port1
2025/10/27 05:25:51.341 [T:0xccde5] [DisplayControl] Model name from VideoPort = VG275
2025/10/27 05:25:51.341 [T:0xccde5] [DisplayControl] SN from VideoPort = XF6232400003
2025/10/27 05:25:51.341 [T:0xccde5] ====== List p_lpo_display_info_rtd_scalar_rts_hub, # of devices is ======0
2025/10/27 05:25:51.341 [T:0xccde5] [DisplayControl] GetVSRtkHubControlClientListener
2025/10/27 05:25:51.341 [T:0xccde5] [DisplayControl] max monitor count = 2
2025/10/27 05:25:51.341 [T:0xccde5] [DisplayControl] index of display_info_vec = 0
2025/10/27 05:25:51.341 [T:0xccde5] [DisplayControl] index of p_lpo_display_info_video_port = 0
2025/10/27 05:25:51.341 [T:0xccde5] [DisplayControl] VideoPortMatchingRule
2025/10/27 05:25:51.342 [T:0xccde5] [DisplayControl] monitor display_info_model_name = VG2458
2025/10/27 05:25:51.342 [T:0xccde5] [DisplayControl] monitor video_port_model_name = VG2458
2025/10/27 05:25:51.342 [T:0xccde5] [DisplayControl] monitor display_info_sn = YDJ243400006
2025/10/27 05:25:51.342 [T:0xccde5] [DisplayControl] monitor video_port_sn = YDJ243400006
2025/10/27 05:25:51.342 [T:0xccde5] [DisplayControl] model_name_match = 1
2025/10/27 05:25:51.342 [T:0xccde5] [DisplayControl] sn_match = 1
2025/10/27 05:25:51.342 [T:0xccde5] [DisplayControl] video_port is_match = 1
2025/10/27 05:25:51.342 [T:0xccde5] [DisplayControl] index of display_info_vec = 1
2025/10/27 05:25:51.342 [T:0xccde5] [DisplayControl] index of p_lpo_display_info_video_port = 0
2025/10/27 05:25:51.342 [T:0xccde5] [DisplayControl] VideoPortMatchingRule
2025/10/27 05:25:51.342 [T:0xccde5] [DisplayControl] monitor display_info_model_name = VG275
2025/10/27 05:25:51.342 [T:0xccde5] [DisplayControl] monitor video_port_model_name = VG2458
2025/10/27 05:25:51.342 [T:0xccde5] [DisplayControl] monitor display_info_sn = XF6232400003
2025/10/27 05:25:51.342 [T:0xccde5] [DisplayControl] monitor video_port_sn = YDJ243400006
2025/10/27 05:25:51.342 [T:0xccde5] [DisplayControl] model_name_match = 0
2025/10/27 05:25:51.342 [T:0xccde5] [DisplayControl] sn_match = 0
2025/10/27 05:25:51.342 [T:0xccde5] [DisplayControl] video_port is_match = 0
2025/10/27 05:25:51.342 [T:0xccde5] [DisplayControl] index of display_info_vec = 1
2025/10/27 05:25:51.342 [T:0xccde5] [DisplayControl] index of p_lpo_display_info_video_port = 1
2025/10/27 05:25:51.342 [T:0xccde5] [DisplayControl] VideoPortMatchingRule
2025/10/27 05:25:51.342 [T:0xccde5] [DisplayControl] monitor display_info_model_name = VG275
2025/10/27 05:25:51.342 [T:0xccde5] [DisplayControl] monitor video_port_model_name = VG275
2025/10/27 05:25:51.342 [T:0xccde5] [DisplayControl] monitor display_info_sn = XF6232400003
2025/10/27 05:25:51.342 [T:0xccde5] [DisplayControl] monitor video_port_sn = XF6232400003
2025/10/27 05:25:51.342 [T:0xccde5] [DisplayControl] model_name_match = 1
2025/10/27 05:25:51.342 [T:0xccde5] [DisplayControl] sn_match = 1
2025/10/27 05:25:51.342 [T:0xccde5] [DisplayControl] video_port is_match = 1
2025/10/27 05:25:51.343 [T:0xccde5] [DisplayControl] i = 0
2025/10/27 05:25:51.343 [T:0xccde5] [DisplayControl] Enter OperationThread::OperationThread()
2025/10/27 05:25:51.343 [T:0xccde5] [DisplayControl] Enter OperationThread::CreateThread
2025/10/27 05:25:51.343 [T:0xccde5] [DisplayControl] new DisplayFunctioner
2025/10/27 05:25:51.343 [T:0xccde5] [DisplayControl] insert displayer_vector
2025/10/27 05:25:51.343 [T:0xccde5] [DisplayControl] insert modelName_SN_to_Display_map
2025/10/27 05:25:51.343 [T:0xccde5] [DisplayControl] insert device_id_to_Displayer_map_
2025/10/27 05:25:51.343 [T:0xccde5] [DisplayControl] i = 1
2025/10/27 05:25:51.343 [T:0xccde5] [DisplayControl] Enter OperationThread::OperationThread()
2025/10/27 05:25:51.343 [T:0xccde5] [DisplayControl] Enter OperationThread::CreateThread
2025/10/27 05:25:51.343 [T:0xccde5] [DisplayControl] new DisplayFunctioner
2025/10/27 05:25:51.343 [T:0xccde5] [DisplayControl] insert displayer_vector
2025/10/27 05:25:51.343 [T:0xccde5] [DisplayControl] insert modelName_SN_to_Display_map
2025/10/27 05:25:51.343 [T:0xccde5] [DisplayControl] insert device_id_to_Displayer_map_
2025/10/27 05:25:51.343 [T:0xccde5] [DisplayControl] monitor size = 2
2025/10/27 05:25:51.343 [T:0xccde5] [DisplayControl] Exit ObtainControlHandler
2025/10/27 05:25:51.343 [T:0xccde5] [DisplayControl] Enter MCCSOtherSet::GetVCP(), vcp code = 96
2025/10/27 05:25:51.428 [T:0xccde5] [DisplayControl] Exit MCCSOtherSet::GetVCP()
2025/10/27 05:25:51.712 [T:0xccde5] [DisplayControl] Enter MCCSOtherSet::GetVCP(), vcp code = 96
2025/10/27 05:25:51.793 [T:0xccde5] [DisplayControl] Exit MCCSOtherSet::GetVCP()
2025/10/27 05:25:52.077 [T:0xccde5] [DisplayControl] Enter MCCSOtherSet::SetVCP(), vcp code = 51
2025/10/27 05:25:52.385 [T:0xccde5] [DisplayControl] Exit MCCSOtherSet::SetVCP()
2025/10/27 05:25:52.386 [T:0xccde5] [DisplayControl] Enter MCCSOtherSet::SetVCP(), vcp code = 51
2025/10/27 05:25:52.545 [T:0xccde5] [DisplayControl] Exit MCCSOtherSet::SetVCP()
2025/10/27 05:25:52.546 [T:0xccde5] [DisplayControl] Enter MCCSOtherSet::GetVCP(), vcp code = 225
2025/10/27 05:25:52.620 [T:0xccde5] [DisplayControl] Exit MCCSOtherSet::GetVCP()
2025/10/27 05:25:52.726 [T:0xccde5] [DisplayControl] Enter MCCSOtherSet::GetVCP(), vcp code = 220
2025/10/27 05:25:52.808 [T:0xccde5] [DisplayControl] Exit MCCSOtherSet::GetVCP()
2025/10/27 05:25:52.914 [T:0xccde5] [DisplayControl] Enter MCCSOtherSet::GetVCP(), vcp code = 141
2025/10/27 05:25:52.996 [T:0xccde5] [DisplayControl] Exit MCCSOtherSet::GetVCP()
2025/10/27 05:25:53.102 [T:0xccde5] [DisplayControl] Enter MCCSOtherSet::GetVCP(), vcp code = 43
2025/10/27 05:25:53.184 [T:0xccde5] [DisplayControl] Exit MCCSOtherSet::GetVCP()
2025/10/27 05:25:53.290 [T:0xccde5] [DisplayControl] Enter MCCSOtherSet::GetVCP(), vcp code = 4
2025/10/27 05:25:53.372 [T:0xccde5] [DisplayControl] Exit MCCSOtherSet::GetVCP()
2025/10/27 05:25:53.479 [T:0xccde5] [DisplayControl] Enter MCCSOtherSet::GetVCP(), vcp code = 245
2025/10/27 05:25:53.561 [T:0xccde5] [DisplayControl] Exit MCCSOtherSet::GetVCP()
2025/10/27 05:25:53.667 [T:0xccde5] [DisplayControl] Enter MCCSOtherSet::GetVCP(), vcp code = 135
2025/10/27 05:25:53.749 [T:0xccde5] [DisplayControl] Exit MCCSOtherSet::GetVCP()
2025/10/27 05:25:53.855 [T:0xccde5] [DisplayControl] Enter MCCSOtherSet::GetVCP(), vcp code = 98
2025/10/27 05:25:53.937 [T:0xccde5] [DisplayControl] Exit MCCSOtherSet::GetVCP()
2025/10/27 05:25:54.044 [T:0xccde5] [DisplayControl] Enter MCCSOtherSet::GetVCP(), vcp code = 97
2025/10/27 05:25:54.126 [T:0xccde5] [DisplayControl] Exit MCCSOtherSet::GetVCP()
2025/10/27 05:25:54.232 [T:0xccde5] [DisplayControl] Enter MCCSOtherSet::GetVCP(), vcp code = 16
2025/10/27 05:25:54.314 [T:0xccde5] [DisplayControl] Exit MCCSOtherSet::GetVCP()
2025/10/27 05:25:54.420 [T:0xccde5] [DisplayControl] Enter MCCSOtherSet::GetVCP(), vcp code = 51
2025/10/27 05:25:54.502 [T:0xccde5] [DisplayControl] Exit MCCSOtherSet::GetVCP()
2025/10/27 05:25:54.608 [T:0xccde5] [DisplayControl] Enter MCCSOtherSet::GetVCP(), vcp code = 96
2025/10/27 05:25:54.691 [T:0xccde5] [DisplayControl] Exit MCCSOtherSet::GetVCP()
2025/10/27 05:25:54.797 [T:0xccde5] [DisplayControl] Enter MCCSOtherSet::GetVCP(), vcp code = 18
2025/10/27 05:25:54.878 [T:0xccde5] [DisplayControl] Exit MCCSOtherSet::GetVCP()
2025/10/27 05:25:54.985 [T:0xccde5] [DisplayControl] Enter MCCSOtherSet::GetVCP(), vcp code = 20
2025/10/27 05:25:55.067 [T:0xccde5] [DisplayControl] Exit MCCSOtherSet::GetVCP()
2025/10/27 05:25:55.174 [T:0xccde5] [DisplayControl] Enter MCCSOtherSet::GetVCP(), vcp code = 236
2025/10/27 05:25:55.259 [T:0xccde5] [DisplayControl] Exit MCCSOtherSet::GetVCP()
2025/10/27 05:25:55.362 [T:0xccde5] [DisplayControl] Enter MCCSOtherSet::GetVCP(), vcp code = 225
2025/10/27 05:25:55.448 [T:0xccde5] [DisplayControl] Exit MCCSOtherSet::GetVCP()
2025/10/27 05:25:55.550 [T:0xccde5] [DisplayControl] Enter MCCSOtherSet::GetVCP(), vcp code = 220
2025/10/27 05:25:55.636 [T:0xccde5] [DisplayControl] Exit MCCSOtherSet::GetVCP()
2025/10/27 05:25:55.738 [T:0xccde5] [DisplayControl] Enter MCCSOtherSet::GetVCP(), vcp code = 141
2025/10/27 05:25:55.824 [T:0xccde5] [DisplayControl] Exit MCCSOtherSet::GetVCP()
2025/10/27 05:25:55.926 [T:0xccde5] [DisplayControl] Enter MCCSOtherSet::GetVCP(), vcp code = 43
2025/10/27 05:25:56.013 [T:0xccde5] [DisplayControl] Exit MCCSOtherSet::GetVCP()
2025/10/27 05:25:56.115 [T:0xccde5] [DisplayControl] Enter MCCSOtherSet::GetVCP(), vcp code = 4
2025/10/27 05:25:56.201 [T:0xccde5] [DisplayControl] Exit MCCSOtherSet::GetVCP()
2025/10/27 05:25:56.303 [T:0xccde5] [DisplayControl] Enter MCCSOtherSet::GetVCP(), vcp code = 135
2025/10/27 05:25:56.389 [T:0xccde5] [DisplayControl] Exit MCCSOtherSet::GetVCP()
2025/10/27 05:25:56.491 [T:0xccde5] [DisplayControl] Enter MCCSOtherSet::GetVCP(), vcp code = 98
2025/10/27 05:25:56.577 [T:0xccde5] [DisplayControl] Exit MCCSOtherSet::GetVCP()
2025/10/27 05:25:56.679 [T:0xccde5] [DisplayControl] Enter MCCSOtherSet::GetVCP(), vcp code = 97
2025/10/27 05:25:56.766 [T:0xccde5] [DisplayControl] Exit MCCSOtherSet::GetVCP()
2025/10/27 05:25:56.868 [T:0xccde5] [DisplayControl] Enter MCCSOtherSet::GetVCP(), vcp code = 16
2025/10/27 05:25:56.954 [T:0xccde5] [DisplayControl] Exit MCCSOtherSet::GetVCP()
2025/10/27 05:25:57.056 [T:0xccde5] [DisplayControl] Enter MCCSOtherSet::GetVCP(), vcp code = 51
2025/10/27 05:25:57.142 [T:0xccde5] [DisplayControl] Exit MCCSOtherSet::GetVCP()
2025/10/27 05:25:57.244 [T:0xccde5] [DisplayControl] Enter MCCSOtherSet::GetVCP(), vcp code = 96
2025/10/27 05:25:57.330 [T:0xccde5] [DisplayControl] Exit MCCSOtherSet::GetVCP()
2025/10/27 05:25:57.432 [T:0xccde5] [DisplayControl] Enter MCCSOtherSet::GetVCP(), vcp code = 18
2025/10/27 05:25:57.518 [T:0xccde5] [DisplayControl] Exit MCCSOtherSet::GetVCP()
2025/10/27 05:25:57.620 [T:0xccde5] [DisplayControl] Enter MCCSOtherSet::GetVCP(), vcp code = 226
2025/10/27 05:25:57.706 [T:0xccde5] [DisplayControl] Exit MCCSOtherSet::GetVCP()
2025/10/27 05:25:57.818 [T:0xccde5] [DisplayControl] Enter MCCSOtherSet::SetVCP(), vcp code = 51
2025/10/27 05:25:57.968 [T:0xccde5] [DisplayControl] Exit MCCSOtherSet::SetVCP()
2025/10/27 05:25:58.029 [T:0xa9fa4] [DisplayControl] Enter MCCSOtherSet::GetVCP(), vcp code = 96
2025/10/27 05:25:58.151 [T:0xa9fa4] [DisplayControl] Exit MCCSOtherSet::GetVCP()
2025/10/27 05:27:48.174 [T:0xa9fa4] [DisplayControl] Enter OperationThread::ExitThread
2025/10/27 05:27:48.174 [T:0xa9fa4] [DisplayControl] Exit OperationThread::ExitThread
2025/10/27 05:27:48.174 [T:0xa9fa4] [DisplayControl] Enter OperationThread::~OperationThread()
2025/10/27 05:27:48.174 [T:0xa9fa4] [DisplayControl] Enter OperationThread::ExitThread
2025/10/27 05:27:48.174 [T:0xa9fa4] [DisplayControl] Enter OperationThread::ExitThread
2025/10/27 05:27:48.174 [T:0xa9fa4] [DisplayControl] Exit OperationThread::ExitThread
2025/10/27 05:27:48.174 [T:0xa9fa4] [DisplayControl] Enter OperationThread::~OperationThread()
2025/10/27 05:27:48.174 [T:0xa9fa4] [DisplayControl] Enter OperationThread::ExitThread
2025/10/27 05:27:48.253 [T:0xa9fa4] [DbgStr] After calling display_control_client_listener_video_port_.UpdateAllDisplayPath()
2025/10/27 05:27:48.270 [T:0xa9fa4] [DbgStr] After calling display_control_client_listener_.GetAllDisplayEDID()
2025/10/27 05:27:48.287 [T:0xa9fa4] [DisplayControl] Version = 3.0.6.0
2025/10/27 05:27:48.287 [T:0xa9fa4] [DisplayControl] Enter ObtainControlHandler1
2025/10/27 05:27:48.287 [T:0xa9fa4] [DisplayControl] GetVideoPortCommander
2025/10/27 05:27:48.287 [T:0xa9fa4] [DisplayControl] GetUSBHubCommander
2025/10/27 05:27:48.287 [T:0xa9fa4] ====== List p_lpo_display_info_video_port, # of devices is ======2
2025/10/27 05:27:48.287 [T:0xa9fa4] [DisplayControl] index of p_lpo_display_info_video_port0
2025/10/27 05:27:48.288 [T:0xa9fa4] [DisplayControl] Model name from VideoPort = VG2458
2025/10/27 05:27:48.288 [T:0xa9fa4] [DisplayControl] SN from VideoPort = YDJ243400006
2025/10/27 05:27:48.288 [T:0xa9fa4] [DisplayControl] index of p_lpo_display_info_video_port1
2025/10/27 05:27:48.288 [T:0xa9fa4] [DisplayControl] Model name from VideoPort = VG275
2025/10/27 05:27:48.288 [T:0xa9fa4] [DisplayControl] SN from VideoPort = XF6232400003
2025/10/27 05:27:48.288 [T:0xa9fa4] ====== List p_lpo_display_info_rtd_scalar_rts_hub, # of devices is ======0
2025/10/27 05:27:48.288 [T:0xa9fa4] [DisplayControl] GetVSRtkHubControlClientListener
2025/10/27 05:27:48.288 [T:0xa9fa4] [DisplayControl] max monitor count = 2
2025/10/27 05:27:48.288 [T:0xa9fa4] [DisplayControl] index of display_info_vec = 0
2025/10/27 05:27:48.288 [T:0xa9fa4] [DisplayControl] index of p_lpo_display_info_video_port = 0
2025/10/27 05:27:48.288 [T:0xa9fa4] [DisplayControl] VideoPortMatchingRule
2025/10/27 05:27:48.288 [T:0xa9fa4] [DisplayControl] monitor display_info_model_name = VG2458
2025/10/27 05:27:48.288 [T:0xa9fa4] [DisplayControl] monitor video_port_model_name = VG2458
2025/10/27 05:27:48.288 [T:0xa9fa4] [DisplayControl] monitor display_info_sn = YDJ243400006
2025/10/27 05:27:48.288 [T:0xa9fa4] [DisplayControl] monitor video_port_sn = YDJ243400006
2025/10/27 05:27:48.288 [T:0xa9fa4] [DisplayControl] model_name_match = 1
2025/10/27 05:27:48.288 [T:0xa9fa4] [DisplayControl] sn_match = 1
2025/10/27 05:27:48.288 [T:0xa9fa4] [DisplayControl] video_port is_match = 1
2025/10/27 05:27:48.288 [T:0xa9fa4] [DisplayControl] index of display_info_vec = 1
2025/10/27 05:27:48.288 [T:0xa9fa4] [DisplayControl] index of p_lpo_display_info_video_port = 0
2025/10/27 05:27:48.288 [T:0xa9fa4] [DisplayControl] VideoPortMatchingRule
2025/10/27 05:27:48.288 [T:0xa9fa4] [DisplayControl] monitor display_info_model_name = VG275
2025/10/27 05:27:48.288 [T:0xa9fa4] [DisplayControl] monitor video_port_model_name = VG2458
2025/10/27 05:27:48.288 [T:0xa9fa4] [DisplayControl] monitor display_info_sn = XF6232400003
2025/10/27 05:27:48.288 [T:0xa9fa4] [DisplayControl] monitor video_port_sn = YDJ243400006
2025/10/27 05:27:48.288 [T:0xa9fa4] [DisplayControl] model_name_match = 0
2025/10/27 05:27:48.288 [T:0xa9fa4] [DisplayControl] sn_match = 0
2025/10/27 05:27:48.288 [T:0xa9fa4] [DisplayControl] video_port is_match = 0
2025/10/27 05:27:48.289 [T:0xa9fa4] [DisplayControl] index of display_info_vec = 1
2025/10/27 05:27:48.289 [T:0xa9fa4] [DisplayControl] index of p_lpo_display_info_video_port = 1
2025/10/27 05:27:48.289 [T:0xa9fa4] [DisplayControl] VideoPortMatchingRule
2025/10/27 05:27:48.289 [T:0xa9fa4] [DisplayControl] monitor display_info_model_name = VG275
2025/10/27 05:27:48.289 [T:0xa9fa4] [DisplayControl] monitor video_port_model_name = VG275
2025/10/27 05:27:48.289 [T:0xa9fa4] [DisplayControl] monitor display_info_sn = XF6232400003
2025/10/27 05:27:48.289 [T:0xa9fa4] [DisplayControl] monitor video_port_sn = XF6232400003
2025/10/27 05:27:48.289 [T:0xa9fa4] [DisplayControl] model_name_match = 1
2025/10/27 05:27:48.289 [T:0xa9fa4] [DisplayControl] sn_match = 1
2025/10/27 05:27:48.289 [T:0xa9fa4] [DisplayControl] video_port is_match = 1
2025/10/27 05:27:48.289 [T:0xa9fa4] [DisplayControl] i = 0
2025/10/27 05:27:48.289 [T:0xa9fa4] [DisplayControl] Enter OperationThread::OperationThread()
2025/10/27 05:27:48.289 [T:0xa9fa4] [DisplayControl] Enter OperationThread::CreateThread
2025/10/27 05:27:48.289 [T:0xa9fa4] [DisplayControl] new DisplayFunctioner
2025/10/27 05:27:48.289 [T:0xa9fa4] [DisplayControl] insert displayer_vector
2025/10/27 05:27:48.289 [T:0xa9fa4] [DisplayControl] insert modelName_SN_to_Display_map
2025/10/27 05:27:48.289 [T:0xa9fa4] [DisplayControl] insert device_id_to_Displayer_map_
2025/10/27 05:27:48.289 [T:0xa9fa4] [DisplayControl] i = 1
2025/10/27 05:27:48.289 [T:0xa9fa4] [DisplayControl] Enter OperationThread::OperationThread()
2025/10/27 05:27:48.289 [T:0xa9fa4] [DisplayControl] Enter OperationThread::CreateThread
2025/10/27 05:27:48.289 [T:0xa9fa4] [DisplayControl] new DisplayFunctioner
2025/10/27 05:27:48.289 [T:0xa9fa4] [DisplayControl] insert displayer_vector
2025/10/27 05:27:48.289 [T:0xa9fa4] [DisplayControl] insert modelName_SN_to_Display_map
2025/10/27 05:27:48.290 [T:0xa9fa4] [DisplayControl] insert device_id_to_Displayer_map_
2025/10/27 05:27:48.290 [T:0xa9fa4] [DisplayControl] monitor size = 2
2025/10/27 05:27:48.290 [T:0xa9fa4] [DisplayControl] Exit ObtainControlHandler
2025/10/27 05:30:03.744 [T:0xa9fa4] [DisplayControl] Enter OperationThread::ExitThread
2025/10/27 05:30:03.745 [T:0xa9fa4] [DisplayControl] Exit OperationThread::ExitThread
2025/10/27 05:30:03.745 [T:0xa9fa4] [DisplayControl] Enter OperationThread::~OperationThread()
2025/10/27 05:30:03.745 [T:0xa9fa4] [DisplayControl] Enter OperationThread::ExitThread
2025/10/27 05:30:03.745 [T:0xa9fa4] [DisplayControl] Enter OperationThread::ExitThread
2025/10/27 05:30:03.745 [T:0xa9fa4] [DisplayControl] Exit OperationThread::ExitThread
2025/10/27 05:30:03.745 [T:0xa9fa4] [DisplayControl] Enter OperationThread::~OperationThread()
2025/10/27 05:30:03.745 [T:0xa9fa4] [DisplayControl] Enter OperationThread::ExitThread
2025/10/27 05:30:03.835 [T:0xa9fa4] [DbgStr] After calling display_control_client_listener_video_port_.UpdateAllDisplayPath()
2025/10/27 05:30:03.853 [T:0xa9fa4] [DbgStr] After calling display_control_client_listener_.GetAllDisplayEDID()
2025/10/27 05:30:03.864 [T:0xa9fa4] [DisplayControl] Version = 3.0.6.0
2025/10/27 05:30:03.864 [T:0xa9fa4] [DisplayControl] Enter ObtainControlHandler1
2025/10/27 05:30:03.864 [T:0xa9fa4] [DisplayControl] GetVideoPortCommander
2025/10/27 05:30:03.864 [T:0xa9fa4] [DisplayControl] GetUSBHubCommander
2025/10/27 05:30:03.864 [T:0xa9fa4] ====== List p_lpo_display_info_video_port, # of devices is ======2
2025/10/27 05:30:03.864 [T:0xa9fa4] [DisplayControl] index of p_lpo_display_info_video_port0
2025/10/27 05:30:03.864 [T:0xa9fa4] [DisplayControl] Model name from VideoPort = VG2458
2025/10/27 05:30:03.864 [T:0xa9fa4] [DisplayControl] SN from VideoPort = YDJ243400006
2025/10/27 05:30:03.864 [T:0xa9fa4] [DisplayControl] index of p_lpo_display_info_video_port1
2025/10/27 05:30:03.865 [T:0xa9fa4] [DisplayControl] Model name from VideoPort = VG275
2025/10/27 05:30:03.865 [T:0xa9fa4] [DisplayControl] SN from VideoPort = XF6232400003
2025/10/27 05:30:03.865 [T:0xa9fa4] ====== List p_lpo_display_info_rtd_scalar_rts_hub, # of devices is ======0
2025/10/27 05:30:03.865 [T:0xa9fa4] [DisplayControl] GetVSRtkHubControlClientListener
2025/10/27 05:30:03.865 [T:0xa9fa4] [DisplayControl] max monitor count = 2
2025/10/27 05:30:03.865 [T:0xa9fa4] [DisplayControl] index of display_info_vec = 0
2025/10/27 05:30:03.865 [T:0xa9fa4] [DisplayControl] index of p_lpo_display_info_video_port = 0
2025/10/27 05:30:03.865 [T:0xa9fa4] [DisplayControl] VideoPortMatchingRule
2025/10/27 05:30:03.865 [T:0xa9fa4] [DisplayControl] monitor display_info_model_name = VG2458
2025/10/27 05:30:03.865 [T:0xa9fa4] [DisplayControl] monitor video_port_model_name = VG2458
2025/10/27 05:30:03.865 [T:0xa9fa4] [DisplayControl] monitor display_info_sn = YDJ243400006
2025/10/27 05:30:03.865 [T:0xa9fa4] [DisplayControl] monitor video_port_sn = YDJ243400006
2025/10/27 05:30:03.865 [T:0xa9fa4] [DisplayControl] model_name_match = 1
2025/10/27 05:30:03.865 [T:0xa9fa4] [DisplayControl] sn_match = 1
2025/10/27 05:30:03.865 [T:0xa9fa4] [DisplayControl] video_port is_match = 1
2025/10/27 05:30:03.865 [T:0xa9fa4] [DisplayControl] index of display_info_vec = 1
2025/10/27 05:30:03.865 [T:0xa9fa4] [DisplayControl] index of p_lpo_display_info_video_port = 0
2025/10/27 05:30:03.865 [T:0xa9fa4] [DisplayControl] VideoPortMatchingRule
2025/10/27 05:30:03.865 [T:0xa9fa4] [DisplayControl] monitor display_info_model_name = VG275
2025/10/27 05:30:03.865 [T:0xa9fa4] [DisplayControl] monitor video_port_model_name = VG2458
2025/10/27 05:30:03.865 [T:0xa9fa4] [DisplayControl] monitor display_info_sn = XF6232400003
2025/10/27 05:30:03.865 [T:0xa9fa4] [DisplayControl] monitor video_port_sn = YDJ243400006
2025/10/27 05:30:03.865 [T:0xa9fa4] [DisplayControl] model_name_match = 0
2025/10/27 05:30:03.865 [T:0xa9fa4] [DisplayControl] sn_match = 0
2025/10/27 05:30:03.865 [T:0xa9fa4] [DisplayControl] video_port is_match = 0
2025/10/27 05:30:03.865 [T:0xa9fa4] [DisplayControl] index of display_info_vec = 1
2025/10/27 05:30:03.865 [T:0xa9fa4] [DisplayControl] index of p_lpo_display_info_video_port = 1
2025/10/27 05:30:03.865 [T:0xa9fa4] [DisplayControl] VideoPortMatchingRule
2025/10/27 05:30:03.866 [T:0xa9fa4] [DisplayControl] monitor display_info_model_name = VG275
2025/10/27 05:30:03.866 [T:0xa9fa4] [DisplayControl] monitor video_port_model_name = VG275
2025/10/27 05:30:03.866 [T:0xa9fa4] [DisplayControl] monitor display_info_sn = XF6232400003
2025/10/27 05:30:03.866 [T:0xa9fa4] [DisplayControl] monitor video_port_sn = XF6232400003
2025/10/27 05:30:03.866 [T:0xa9fa4] [DisplayControl] model_name_match = 1
2025/10/27 05:30:03.866 [T:0xa9fa4] [DisplayControl] sn_match = 1
2025/10/27 05:30:03.866 [T:0xa9fa4] [DisplayControl] video_port is_match = 1
2025/10/27 05:30:03.866 [T:0xa9fa4] [DisplayControl] i = 0
2025/10/27 05:30:03.866 [T:0xa9fa4] [DisplayControl] Enter OperationThread::OperationThread()
2025/10/27 05:30:03.866 [T:0xa9fa4] [DisplayControl] Enter OperationThread::CreateThread
2025/10/27 05:30:03.866 [T:0xa9fa4] [DisplayControl] new DisplayFunctioner
2025/10/27 05:30:03.866 [T:0xa9fa4] [DisplayControl] insert displayer_vector
2025/10/27 05:30:03.866 [T:0xa9fa4] [DisplayControl] insert modelName_SN_to_Display_map
2025/10/27 05:30:03.866 [T:0xa9fa4] [DisplayControl] insert device_id_to_Displayer_map_
2025/10/27 05:30:03.866 [T:0xa9fa4] [DisplayControl] i = 1
2025/10/27 05:30:03.866 [T:0xa9fa4] [DisplayControl] Enter OperationThread::OperationThread()
2025/10/27 05:30:03.866 [T:0xa9fa4] [DisplayControl] Enter OperationThread::CreateThread
2025/10/27 05:30:03.866 [T:0xa9fa4] [DisplayControl] new DisplayFunctioner
2025/10/27 05:30:03.866 [T:0xa9fa4] [DisplayControl] insert displayer_vector
2025/10/27 05:30:03.866 [T:0xa9fa4] [DisplayControl] insert modelName_SN_to_Display_map
2025/10/27 05:30:03.866 [T:0xa9fa4] [DisplayControl] insert device_id_to_Displayer_map_
2025/10/27 05:30:03.866 [T:0xa9fa4] [DisplayControl] monitor size = 2
2025/10/27 05:30:03.866 [T:0xa9fa4] [DisplayControl] Exit ObtainControlHandler
2025/10/27 05:32:05.813 [T:0xa9fa4] [DisplayControl] Enter OperationThread::ExitThread
2025/10/27 05:32:05.813 [T:0xa9fa4] [DisplayControl] Exit OperationThread::ExitThread
2025/10/27 05:32:05.813 [T:0xa9fa4] [DisplayControl] Enter OperationThread::~OperationThread()
2025/10/27 05:32:05.813 [T:0xa9fa4] [DisplayControl] Enter OperationThread::ExitThread
2025/10/27 05:32:05.813 [T:0xa9fa4] [DisplayControl] Enter OperationThread::ExitThread
2025/10/27 05:32:05.813 [T:0xa9fa4] [DisplayControl] Exit OperationThread::ExitThread
2025/10/27 05:32:05.814 [T:0xa9fa4] [DisplayControl] Enter OperationThread::~OperationThread()
2025/10/27 05:32:05.814 [T:0xa9fa4] [DisplayControl] Enter OperationThread::ExitThread
2025/10/27 05:32:05.835 [T:0xa9fa4] [DbgStr] After calling display_control_client_listener_video_port_.UpdateAllDisplayPath()
2025/10/27 05:32:05.851 [T:0xa9fa4] [DbgStr] After calling display_control_client_listener_.GetAllDisplayEDID()
2025/10/27 05:32:05.853 [T:0xa9fa4] [DisplayControl] Version = 3.0.6.0
2025/10/27 05:32:05.853 [T:0xa9fa4] [DisplayControl] Enter ObtainControlHandler1
2025/10/27 05:32:05.853 [T:0xa9fa4] [DisplayControl] GetVideoPortCommander
2025/10/27 05:32:05.853 [T:0xa9fa4] [DisplayControl] GetUSBHubCommander
2025/10/27 05:32:05.853 [T:0xa9fa4] ====== List p_lpo_display_info_video_port, # of devices is ======2
2025/10/27 05:32:05.853 [T:0xa9fa4] [DisplayControl] index of p_lpo_display_info_video_port0
2025/10/27 05:32:05.853 [T:0xa9fa4] [DisplayControl] Model name from VideoPort = VG2458
2025/10/27 05:32:05.853 [T:0xa9fa4] [DisplayControl] SN from VideoPort = YDJ243400006
2025/10/27 05:32:05.853 [T:0xa9fa4] [DisplayControl] index of p_lpo_display_info_video_port1
2025/10/27 05:32:05.853 [T:0xa9fa4] [DisplayControl] Model name from VideoPort = VG275
2025/10/27 05:32:05.853 [T:0xa9fa4] [DisplayControl] SN from VideoPort = XF6232400003
2025/10/27 05:32:05.853 [T:0xa9fa4] ====== List p_lpo_display_info_rtd_scalar_rts_hub, # of devices is ======0
2025/10/27 05:32:05.853 [T:0xa9fa4] [DisplayControl] GetVSRtkHubControlClientListener
2025/10/27 05:32:05.853 [T:0xa9fa4] [DisplayControl] max monitor count = 2
2025/10/27 05:32:05.853 [T:0xa9fa4] [DisplayControl] index of display_info_vec = 0
2025/10/27 05:32:05.853 [T:0xa9fa4] [DisplayControl] index of p_lpo_display_info_video_port = 0
2025/10/27 05:32:05.853 [T:0xa9fa4] [DisplayControl] VideoPortMatchingRule
2025/10/27 05:32:05.853 [T:0xa9fa4] [DisplayControl] monitor display_info_model_name = VG2458
2025/10/27 05:32:05.853 [T:0xa9fa4] [DisplayControl] monitor video_port_model_name = VG2458
2025/10/27 05:32:05.853 [T:0xa9fa4] [DisplayControl] monitor display_info_sn = YDJ243400006
2025/10/27 05:32:05.853 [T:0xa9fa4] [DisplayControl] monitor video_port_sn = YDJ243400006
2025/10/27 05:32:05.853 [T:0xa9fa4] [DisplayControl] model_name_match = 1
2025/10/27 05:32:05.853 [T:0xa9fa4] [DisplayControl] sn_match = 1
2025/10/27 05:32:05.853 [T:0xa9fa4] [DisplayControl] video_port is_match = 1
2025/10/27 05:32:05.853 [T:0xa9fa4] [DisplayControl] index of display_info_vec = 1
2025/10/27 05:32:05.854 [T:0xa9fa4] [DisplayControl] index of p_lpo_display_info_video_port = 0
2025/10/27 05:32:05.854 [T:0xa9fa4] [DisplayControl] VideoPortMatchingRule
2025/10/27 05:32:05.854 [T:0xa9fa4] [DisplayControl] monitor display_info_model_name = VG275
2025/10/27 05:32:05.854 [T:0xa9fa4] [DisplayControl] monitor video_port_model_name = VG2458
2025/10/27 05:32:05.854 [T:0xa9fa4] [DisplayControl] monitor display_info_sn = XF6232400003
2025/10/27 05:32:05.854 [T:0xa9fa4] [DisplayControl] monitor video_port_sn = YDJ243400006
2025/10/27 05:32:05.854 [T:0xa9fa4] [DisplayControl] model_name_match = 0
2025/10/27 05:32:05.854 [T:0xa9fa4] [DisplayControl] sn_match = 0
2025/10/27 05:32:05.854 [T:0xa9fa4] [DisplayControl] video_port is_match = 0
2025/10/27 05:32:05.854 [T:0xa9fa4] [DisplayControl] index of display_info_vec = 1
2025/10/27 05:32:05.854 [T:0xa9fa4] [DisplayControl] index of p_lpo_display_info_video_port = 1
2025/10/27 05:32:05.854 [T:0xa9fa4] [DisplayControl] VideoPortMatchingRule
2025/10/27 05:32:05.854 [T:0xa9fa4] [DisplayControl] monitor display_info_model_name = VG275
2025/10/27 05:32:05.854 [T:0xa9fa4] [DisplayControl] monitor video_port_model_name = VG275
2025/10/27 05:32:05.854 [T:0xa9fa4] [DisplayControl] monitor display_info_sn = XF6232400003
2025/10/27 05:32:05.854 [T:0xa9fa4] [DisplayControl] monitor video_port_sn = XF6232400003
2025/10/27 05:32:05.854 [T:0xa9fa4] [DisplayControl] model_name_match = 1
2025/10/27 05:32:05.854 [T:0xa9fa4] [DisplayControl] sn_match = 1
2025/10/27 05:32:05.854 [T:0xa9fa4] [DisplayControl] video_port is_match = 1
2025/10/27 05:32:05.854 [T:0xa9fa4] [DisplayControl] i = 0
2025/10/27 05:32:05.854 [T:0xa9fa4] [DisplayControl] Enter OperationThread::OperationThread()
2025/10/27 05:32:05.854 [T:0xa9fa4] [DisplayControl] Enter OperationThread::CreateThread
2025/10/27 05:32:05.854 [T:0xa9fa4] [DisplayControl] new DisplayFunctioner
2025/10/27 05:32:05.854 [T:0xa9fa4] [DisplayControl] insert displayer_vector
2025/10/27 05:32:05.854 [T:0xa9fa4] [DisplayControl] insert modelName_SN_to_Display_map
2025/10/27 05:32:05.855 [T:0xa9fa4] [DisplayControl] insert device_id_to_Displayer_map_
2025/10/27 05:32:05.855 [T:0xa9fa4] [DisplayControl] i = 1
2025/10/27 05:32:05.855 [T:0xa9fa4] [DisplayControl] Enter OperationThread::OperationThread()
2025/10/27 05:32:05.855 [T:0xa9fa4] [DisplayControl] Enter OperationThread::CreateThread
2025/10/27 05:32:05.855 [T:0xa9fa4] [DisplayControl] new DisplayFunctioner
2025/10/27 05:32:05.855 [T:0xa9fa4] [DisplayControl] insert displayer_vector
2025/10/27 05:32:05.855 [T:0xa9fa4] [DisplayControl] insert modelName_SN_to_Display_map
2025/10/27 05:32:05.855 [T:0xa9fa4] [DisplayControl] insert device_id_to_Displayer_map_
2025/10/27 05:32:05.855 [T:0xa9fa4] [DisplayControl] monitor size = 2
2025/10/27 05:32:05.855 [T:0xa9fa4] [DisplayControl] Exit ObtainControlHandler
2025/10/27 05:34:21.769 [T:0xa9fa4] [DisplayControl] Enter OperationThread::ExitThread
2025/10/27 05:34:21.769 [T:0xa9fa4] [DisplayControl] Exit OperationThread::ExitThread
2025/10/27 05:34:21.769 [T:0xa9fa4] [DisplayControl] Enter OperationThread::~OperationThread()
2025/10/27 05:34:21.769 [T:0xa9fa4] [DisplayControl] Enter OperationThread::ExitThread
2025/10/27 05:34:21.769 [T:0xa9fa4] [DisplayControl] Enter OperationThread::ExitThread
2025/10/27 05:34:21.770 [T:0xa9fa4] [DisplayControl] Exit OperationThread::ExitThread
2025/10/27 05:34:21.770 [T:0xa9fa4] [DisplayControl] Enter OperationThread::~OperationThread()
2025/10/27 05:34:21.770 [T:0xa9fa4] [DisplayControl] Enter OperationThread::ExitThread
2025/10/27 05:34:21.795 [T:0xa9fa4] [DbgStr] After calling display_control_client_listener_video_port_.UpdateAllDisplayPath()
2025/10/27 05:34:21.813 [T:0xa9fa4] [DbgStr] After calling display_control_client_listener_.GetAllDisplayEDID()
2025/10/27 05:34:21.817 [T:0xa9fa4] [DisplayControl] Version = 3.0.6.0
2025/10/27 05:34:21.817 [T:0xa9fa4] [DisplayControl] Enter ObtainControlHandler1
2025/10/27 05:34:21.817 [T:0xa9fa4] [DisplayControl] GetVideoPortCommander
2025/10/27 05:34:21.817 [T:0xa9fa4] [DisplayControl] GetUSBHubCommander
2025/10/27 05:34:21.817 [T:0xa9fa4] ====== List p_lpo_display_info_video_port, # of devices is ======2
2025/10/27 05:34:21.817 [T:0xa9fa4] [DisplayControl] index of p_lpo_display_info_video_port0
2025/10/27 05:34:21.817 [T:0xa9fa4] [DisplayControl] Model name from VideoPort = VG2458
2025/10/27 05:34:21.817 [T:0xa9fa4] [DisplayControl] SN from VideoPort = YDJ243400006
2025/10/27 05:34:21.817 [T:0xa9fa4] [DisplayControl] index of p_lpo_display_info_video_port1
2025/10/27 05:34:21.817 [T:0xa9fa4] [DisplayControl] Model name from VideoPort = VG275
2025/10/27 05:34:21.817 [T:0xa9fa4] [DisplayControl] SN from VideoPort = XF6232400003
2025/10/27 05:34:21.817 [T:0xa9fa4] ====== List p_lpo_display_info_rtd_scalar_rts_hub, # of devices is ======0
2025/10/27 05:34:21.817 [T:0xa9fa4] [DisplayControl] GetVSRtkHubControlClientListener
2025/10/27 05:34:21.817 [T:0xa9fa4] [DisplayControl] max monitor count = 2
2025/10/27 05:34:21.818 [T:0xa9fa4] [DisplayControl] index of display_info_vec = 0
2025/10/27 05:34:21.818 [T:0xa9fa4] [DisplayControl] index of p_lpo_display_info_video_port = 0
2025/10/27 05:34:21.818 [T:0xa9fa4] [DisplayControl] VideoPortMatchingRule
2025/10/27 05:34:21.818 [T:0xa9fa4] [DisplayControl] monitor display_info_model_name = VG2458
2025/10/27 05:34:21.818 [T:0xa9fa4] [DisplayControl] monitor video_port_model_name = VG2458
2025/10/27 05:34:21.818 [T:0xa9fa4] [DisplayControl] monitor display_info_sn = YDJ243400006
2025/10/27 05:34:21.818 [T:0xa9fa4] [DisplayControl] monitor video_port_sn = YDJ243400006
2025/10/27 05:34:21.818 [T:0xa9fa4] [DisplayControl] model_name_match = 1
2025/10/27 05:34:21.818 [T:0xa9fa4] [DisplayControl] sn_match = 1
2025/10/27 05:34:21.818 [T:0xa9fa4] [DisplayControl] video_port is_match = 1
2025/10/27 05:34:21.818 [T:0xa9fa4] [DisplayControl] index of display_info_vec = 1
2025/10/27 05:34:21.818 [T:0xa9fa4] [DisplayControl] index of p_lpo_display_info_video_port = 0
2025/10/27 05:34:21.818 [T:0xa9fa4] [DisplayControl] VideoPortMatchingRule
2025/10/27 05:34:21.818 [T:0xa9fa4] [DisplayControl] monitor display_info_model_name = VG275
2025/10/27 05:34:21.818 [T:0xa9fa4] [DisplayControl] monitor video_port_model_name = VG2458
2025/10/27 05:34:21.818 [T:0xa9fa4] [DisplayControl] monitor display_info_sn = XF6232400003
2025/10/27 05:34:21.818 [T:0xa9fa4] [DisplayControl] monitor video_port_sn = YDJ243400006
2025/10/27 05:34:21.818 [T:0xa9fa4] [DisplayControl] model_name_match = 0
2025/10/27 05:34:21.818 [T:0xa9fa4] [DisplayControl] sn_match = 0
2025/10/27 05:34:21.818 [T:0xa9fa4] [DisplayControl] video_port is_match = 0
2025/10/27 05:34:21.818 [T:0xa9fa4] [DisplayControl] index of display_info_vec = 1
2025/10/27 05:34:21.818 [T:0xa9fa4] [DisplayControl] index of p_lpo_display_info_video_port = 1
2025/10/27 05:34:21.818 [T:0xa9fa4] [DisplayControl] VideoPortMatchingRule
2025/10/27 05:34:21.818 [T:0xa9fa4] [DisplayControl] monitor display_info_model_name = VG275
2025/10/27 05:34:21.818 [T:0xa9fa4] [DisplayControl] monitor video_port_model_name = VG275
2025/10/27 05:34:21.818 [T:0xa9fa4] [DisplayControl] monitor display_info_sn = XF6232400003
2025/10/27 05:34:21.818 [T:0xa9fa4] [DisplayControl] monitor video_port_sn = XF6232400003
2025/10/27 05:34:21.818 [T:0xa9fa4] [DisplayControl] model_name_match = 1
2025/10/27 05:34:21.818 [T:0xa9fa4] [DisplayControl] sn_match = 1
2025/10/27 05:34:21.819 [T:0xa9fa4] [DisplayControl] video_port is_match = 1
2025/10/27 05:34:21.819 [T:0xa9fa4] [DisplayControl] i = 0
2025/10/27 05:34:21.819 [T:0xa9fa4] [DisplayControl] Enter OperationThread::OperationThread()
2025/10/27 05:34:21.819 [T:0xa9fa4] [DisplayControl] Enter OperationThread::CreateThread
2025/10/27 05:34:21.819 [T:0xa9fa4] [DisplayControl] new DisplayFunctioner
2025/10/27 05:34:21.819 [T:0xa9fa4] [DisplayControl] insert displayer_vector
2025/10/27 05:34:21.819 [T:0xa9fa4] [DisplayControl] insert modelName_SN_to_Display_map
2025/10/27 05:34:21.819 [T:0xa9fa4] [DisplayControl] insert device_id_to_Displayer_map_
2025/10/27 05:34:21.819 [T:0xa9fa4] [DisplayControl] i = 1
2025/10/27 05:34:21.819 [T:0xa9fa4] [DisplayControl] Enter OperationThread::OperationThread()
2025/10/27 05:34:21.819 [T:0xa9fa4] [DisplayControl] Enter OperationThread::CreateThread
2025/10/27 05:34:21.819 [T:0xa9fa4] [DisplayControl] new DisplayFunctioner
2025/10/27 05:34:21.819 [T:0xa9fa4] [DisplayControl] insert displayer_vector
2025/10/27 05:34:21.819 [T:0xa9fa4] [DisplayControl] insert modelName_SN_to_Display_map
2025/10/27 05:34:21.819 [T:0xa9fa4] [DisplayControl] insert device_id_to_Displayer_map_
2025/10/27 05:34:21.819 [T:0xa9fa4] [DisplayControl] monitor size = 2
2025/10/27 05:34:21.819 [T:0xa9fa4] [DisplayControl] Exit ObtainControlHandler
2025/10/27 05:36:37.938 [T:0xa9fa4] [DisplayControl] Enter OperationThread::ExitThread
2025/10/27 05:36:37.939 [T:0xa9fa4] [DisplayControl] Exit OperationThread::ExitThread
2025/10/27 05:36:37.939 [T:0xa9fa4] [DisplayControl] Enter OperationThread::~OperationThread()
2025/10/27 05:36:37.939 [T:0xa9fa4] [DisplayControl] Enter OperationThread::ExitThread
2025/10/27 05:36:37.939 [T:0xa9fa4] [DisplayControl] Enter OperationThread::ExitThread
2025/10/27 05:36:37.939 [T:0xa9fa4] [DisplayControl] Exit OperationThread::ExitThread
2025/10/27 05:36:37.939 [T:0xa9fa4] [DisplayControl] Enter OperationThread::~OperationThread()
2025/10/27 05:36:37.939 [T:0xa9fa4] [DisplayControl] Enter OperationThread::ExitThread
2025/10/27 05:36:37.963 [T:0xa9fa4] [DbgStr] After calling display_control_client_listener_video_port_.UpdateAllDisplayPath()
2025/10/27 05:36:37.981 [T:0xa9fa4] [DbgStr] After calling display_control_client_listener_.GetAllDisplayEDID()
2025/10/27 05:36:37.985 [T:0xa9fa4] [DisplayControl] Version = 3.0.6.0
2025/10/27 05:36:37.985 [T:0xa9fa4] [DisplayControl] Enter ObtainControlHandler1
2025/10/27 05:36:37.985 [T:0xa9fa4] [DisplayControl] GetVideoPortCommander
2025/10/27 05:36:37.985 [T:0xa9fa4] [DisplayControl] GetUSBHubCommander
2025/10/27 05:36:37.985 [T:0xa9fa4] ====== List p_lpo_display_info_video_port, # of devices is ======2
2025/10/27 05:36:37.985 [T:0xa9fa4] [DisplayControl] index of p_lpo_display_info_video_port0
2025/10/27 05:36:37.985 [T:0xa9fa4] [DisplayControl] Model name from VideoPort = VG2458
2025/10/27 05:36:37.985 [T:0xa9fa4] [DisplayControl] SN from VideoPort = YDJ243400006
2025/10/27 05:36:37.985 [T:0xa9fa4] [DisplayControl] index of p_lpo_display_info_video_port1
2025/10/27 05:36:37.985 [T:0xa9fa4] [DisplayControl] Model name from VideoPort = VG275
2025/10/27 05:36:37.985 [T:0xa9fa4] [DisplayControl] SN from VideoPort = XF6232400003
2025/10/27 05:36:37.985 [T:0xa9fa4] ====== List p_lpo_display_info_rtd_scalar_rts_hub, # of devices is ======0
2025/10/27 05:36:37.986 [T:0xa9fa4] [DisplayControl] GetVSRtkHubControlClientListener
2025/10/27 05:36:37.986 [T:0xa9fa4] [DisplayControl] max monitor count = 2
2025/10/27 05:36:37.986 [T:0xa9fa4] [DisplayControl] index of display_info_vec = 0
2025/10/27 05:36:37.986 [T:0xa9fa4] [DisplayControl] index of p_lpo_display_info_video_port = 0
2025/10/27 05:36:37.986 [T:0xa9fa4] [DisplayControl] VideoPortMatchingRule
2025/10/27 05:36:37.986 [T:0xa9fa4] [DisplayControl] monitor display_info_model_name = VG2458
2025/10/27 05:36:37.986 [T:0xa9fa4] [DisplayControl] monitor video_port_model_name = VG2458
2025/10/27 05:36:37.986 [T:0xa9fa4] [DisplayControl] monitor display_info_sn = YDJ243400006
2025/10/27 05:36:37.986 [T:0xa9fa4] [DisplayControl] monitor video_port_sn = YDJ243400006
2025/10/27 05:36:37.986 [T:0xa9fa4] [DisplayControl] model_name_match = 1
2025/10/27 05:36:37.986 [T:0xa9fa4] [DisplayControl] sn_match = 1
2025/10/27 05:36:37.986 [T:0xa9fa4] [DisplayControl] video_port is_match = 1
2025/10/27 05:36:37.986 [T:0xa9fa4] [DisplayControl] index of display_info_vec = 1
2025/10/27 05:36:37.986 [T:0xa9fa4] [DisplayControl] index of p_lpo_display_info_video_port = 0
2025/10/27 05:36:37.986 [T:0xa9fa4] [DisplayControl] VideoPortMatchingRule
2025/10/27 05:36:37.986 [T:0xa9fa4] [DisplayControl] monitor display_info_model_name = VG275
2025/10/27 05:36:37.986 [T:0xa9fa4] [DisplayControl] monitor video_port_model_name = VG2458
2025/10/27 05:36:37.986 [T:0xa9fa4] [DisplayControl] monitor display_info_sn = XF6232400003
2025/10/27 05:36:37.986 [T:0xa9fa4] [DisplayControl] monitor video_port_sn = YDJ243400006
2025/10/27 05:36:37.986 [T:0xa9fa4] [DisplayControl] model_name_match = 0
2025/10/27 05:36:37.986 [T:0xa9fa4] [DisplayControl] sn_match = 0
2025/10/27 05:36:37.986 [T:0xa9fa4] [DisplayControl] video_port is_match = 0
2025/10/27 05:36:37.986 [T:0xa9fa4] [DisplayControl] index of display_info_vec = 1
2025/10/27 05:36:37.986 [T:0xa9fa4] [DisplayControl] index of p_lpo_display_info_video_port = 1
2025/10/27 05:36:37.986 [T:0xa9fa4] [DisplayControl] VideoPortMatchingRule
2025/10/27 05:36:37.986 [T:0xa9fa4] [DisplayControl] monitor display_info_model_name = VG275
2025/10/27 05:36:37.986 [T:0xa9fa4] [DisplayControl] monitor video_port_model_name = VG275
2025/10/27 05:36:37.986 [T:0xa9fa4] [DisplayControl] monitor display_info_sn = XF6232400003
2025/10/27 05:36:37.987 [T:0xa9fa4] [DisplayControl] monitor video_port_sn = XF6232400003
2025/10/27 05:36:37.987 [T:0xa9fa4] [DisplayControl] model_name_match = 1
2025/10/27 05:36:37.987 [T:0xa9fa4] [DisplayControl] sn_match = 1
2025/10/27 05:36:37.987 [T:0xa9fa4] [DisplayControl] video_port is_match = 1
2025/10/27 05:36:37.987 [T:0xa9fa4] [DisplayControl] i = 0
2025/10/27 05:36:37.987 [T:0xa9fa4] [DisplayControl] Enter OperationThread::OperationThread()
2025/10/27 05:36:37.987 [T:0xa9fa4] [DisplayControl] Enter OperationThread::CreateThread
2025/10/27 05:36:37.987 [T:0xa9fa4] [DisplayControl] new DisplayFunctioner
2025/10/27 05:36:37.987 [T:0xa9fa4] [DisplayControl] insert displayer_vector
2025/10/27 05:36:37.987 [T:0xa9fa4] [DisplayControl] insert modelName_SN_to_Display_map
2025/10/27 05:36:37.987 [T:0xa9fa4] [DisplayControl] insert device_id_to_Displayer_map_
2025/10/27 05:36:37.987 [T:0xa9fa4] [DisplayControl] i = 1
2025/10/27 05:36:37.987 [T:0xa9fa4] [DisplayControl] Enter OperationThread::OperationThread()
2025/10/27 05:36:37.987 [T:0xa9fa4] [DisplayControl] Enter OperationThread::CreateThread
2025/10/27 05:36:37.987 [T:0xa9fa4] [DisplayControl] new DisplayFunctioner
2025/10/27 05:36:37.987 [T:0xa9fa4] [DisplayControl] insert displayer_vector
2025/10/27 05:36:37.987 [T:0xa9fa4] [DisplayControl] insert modelName_SN_to_Display_map
2025/10/27 05:36:37.987 [T:0xa9fa4] [DisplayControl] insert device_id_to_Displayer_map_
2025/10/27 05:36:37.987 [T:0xa9fa4] [DisplayControl] monitor size = 2
2025/10/27 05:36:37.987 [T:0xa9fa4] [DisplayControl] Exit ObtainControlHandler
2025/10/27 05:38:39.889 [T:0xa9fa4] [DisplayControl] Enter OperationThread::ExitThread
2025/10/27 05:38:39.890 [T:0xa9fa4] [DisplayControl] Exit OperationThread::ExitThread
2025/10/27 05:38:39.890 [T:0xa9fa4] [DisplayControl] Enter OperationThread::~OperationThread()
2025/10/27 05:38:39.890 [T:0xa9fa4] [DisplayControl] Enter OperationThread::ExitThread
2025/10/27 05:38:39.890 [T:0xa9fa4] [DisplayControl] Enter OperationThread::ExitThread
2025/10/27 05:38:39.890 [T:0xa9fa4] [DisplayControl] Exit OperationThread::ExitThread
2025/10/27 05:38:39.890 [T:0xa9fa4] [DisplayControl] Enter OperationThread::~OperationThread()
2025/10/27 05:38:39.890 [T:0xa9fa4] [DisplayControl] Enter OperationThread::ExitThread
2025/10/27 05:38:39.911 [T:0xa9fa4] [DbgStr] After calling display_control_client_listener_video_port_.UpdateAllDisplayPath()
2025/10/27 05:38:39.926 [T:0xa9fa4] [DbgStr] After calling display_control_client_listener_.GetAllDisplayEDID()
2025/10/27 05:38:39.928 [T:0xa9fa4] [DisplayControl] Version = 3.0.6.0
2025/10/27 05:38:39.928 [T:0xa9fa4] [DisplayControl] Enter ObtainControlHandler1
2025/10/27 05:38:39.928 [T:0xa9fa4] [DisplayControl] GetVideoPortCommander
2025/10/27 05:38:39.928 [T:0xa9fa4] [DisplayControl] GetUSBHubCommander
2025/10/27 05:38:39.928 [T:0xa9fa4] ====== List p_lpo_display_info_video_port, # of devices is ======2
2025/10/27 05:38:39.928 [T:0xa9fa4] [DisplayControl] index of p_lpo_display_info_video_port0
2025/10/27 05:38:39.928 [T:0xa9fa4] [DisplayControl] Model name from VideoPort = VG2458
2025/10/27 05:38:39.928 [T:0xa9fa4] [DisplayControl] SN from VideoPort = YDJ243400006
2025/10/27 05:38:39.928 [T:0xa9fa4] [DisplayControl] index of p_lpo_display_info_video_port1
2025/10/27 05:38:39.928 [T:0xa9fa4] [DisplayControl] Model name from VideoPort = VG275
2025/10/27 05:38:39.928 [T:0xa9fa4] [DisplayControl] SN from VideoPort = XF6232400003
2025/10/27 05:38:39.928 [T:0xa9fa4] ====== List p_lpo_display_info_rtd_scalar_rts_hub, # of devices is ======0
2025/10/27 05:38:39.929 [T:0xa9fa4] [DisplayControl] GetVSRtkHubControlClientListener
2025/10/27 05:38:39.929 [T:0xa9fa4] [DisplayControl] max monitor count = 2
2025/10/27 05:38:39.929 [T:0xa9fa4] [DisplayControl] index of display_info_vec = 0
2025/10/27 05:38:39.929 [T:0xa9fa4] [DisplayControl] index of p_lpo_display_info_video_port = 0
2025/10/27 05:38:39.929 [T:0xa9fa4] [DisplayControl] VideoPortMatchingRule
2025/10/27 05:38:39.929 [T:0xa9fa4] [DisplayControl] monitor display_info_model_name = VG2458
2025/10/27 05:38:39.929 [T:0xa9fa4] [DisplayControl] monitor video_port_model_name = VG2458
2025/10/27 05:38:39.929 [T:0xa9fa4] [DisplayControl] monitor display_info_sn = YDJ243400006
2025/10/27 05:38:39.929 [T:0xa9fa4] [DisplayControl] monitor video_port_sn = YDJ243400006
2025/10/27 05:38:39.929 [T:0xa9fa4] [DisplayControl] model_name_match = 1
2025/10/27 05:38:39.929 [T:0xa9fa4] [DisplayControl] sn_match = 1
2025/10/27 05:38:39.929 [T:0xa9fa4] [DisplayControl] video_port is_match = 1
2025/10/27 05:38:39.929 [T:0xa9fa4] [DisplayControl] index of display_info_vec = 1
2025/10/27 05:38:39.929 [T:0xa9fa4] [DisplayControl] index of p_lpo_display_info_video_port = 0
2025/10/27 05:38:39.929 [T:0xa9fa4] [DisplayControl] VideoPortMatchingRule
2025/10/27 05:38:39.929 [T:0xa9fa4] [DisplayControl] monitor display_info_model_name = VG275
2025/10/27 05:38:39.929 [T:0xa9fa4] [DisplayControl] monitor video_port_model_name = VG2458
2025/10/27 05:38:39.929 [T:0xa9fa4] [DisplayControl] monitor display_info_sn = XF6232400003
2025/10/27 05:38:39.929 [T:0xa9fa4] [DisplayControl] monitor video_port_sn = YDJ243400006
2025/10/27 05:38:39.929 [T:0xa9fa4] [DisplayControl] model_name_match = 0
2025/10/27 05:38:39.929 [T:0xa9fa4] [DisplayControl] sn_match = 0
2025/10/27 05:38:39.929 [T:0xa9fa4] [DisplayControl] video_port is_match = 0
2025/10/27 05:38:39.929 [T:0xa9fa4] [DisplayControl] index of display_info_vec = 1
2025/10/27 05:38:39.929 [T:0xa9fa4] [DisplayControl] index of p_lpo_display_info_video_port = 1
2025/10/27 05:38:39.929 [T:0xa9fa4] [DisplayControl] VideoPortMatchingRule
2025/10/27 05:38:39.929 [T:0xa9fa4] [DisplayControl] monitor display_info_model_name = VG275
2025/10/27 05:38:39.929 [T:0xa9fa4] [DisplayControl] monitor video_port_model_name = VG275
2025/10/27 05:38:39.929 [T:0xa9fa4] [DisplayControl] monitor display_info_sn = XF6232400003
2025/10/27 05:38:39.929 [T:0xa9fa4] [DisplayControl] monitor video_port_sn = XF6232400003
2025/10/27 05:38:39.930 [T:0xa9fa4] [DisplayControl] model_name_match = 1
2025/10/27 05:38:39.930 [T:0xa9fa4] [DisplayControl] sn_match = 1
2025/10/27 05:38:39.930 [T:0xa9fa4] [DisplayControl] video_port is_match = 1
2025/10/27 05:38:39.930 [T:0xa9fa4] [DisplayControl] i = 0
2025/10/27 05:38:39.930 [T:0xa9fa4] [DisplayControl] Enter OperationThread::OperationThread()
2025/10/27 05:38:39.930 [T:0xa9fa4] [DisplayControl] Enter OperationThread::CreateThread
2025/10/27 05:38:39.930 [T:0xa9fa4] [DisplayControl] new DisplayFunctioner
2025/10/27 05:38:39.930 [T:0xa9fa4] [DisplayControl] insert displayer_vector
2025/10/27 05:38:39.930 [T:0xa9fa4] [DisplayControl] insert modelName_SN_to_Display_map
2025/10/27 05:38:39.930 [T:0xa9fa4] [DisplayControl] insert device_id_to_Displayer_map_
2025/10/27 05:38:39.930 [T:0xa9fa4] [DisplayControl] i = 1
2025/10/27 05:38:39.930 [T:0xa9fa4] [DisplayControl] Enter OperationThread::OperationThread()
2025/10/27 05:38:39.930 [T:0xa9fa4] [DisplayControl] Enter OperationThread::CreateThread
2025/10/27 05:38:39.930 [T:0xa9fa4] [DisplayControl] new DisplayFunctioner
2025/10/27 05:38:39.930 [T:0xa9fa4] [DisplayControl] insert displayer_vector
2025/10/27 05:38:39.930 [T:0xa9fa4] [DisplayControl] insert modelName_SN_to_Display_map
2025/10/27 05:38:39.930 [T:0xa9fa4] [DisplayControl] insert device_id_to_Displayer_map_
2025/10/27 05:38:39.930 [T:0xa9fa4] [DisplayControl] monitor size = 2
2025/10/27 05:38:39.930 [T:0xa9fa4] [DisplayControl] Exit ObtainControlHandler
2025/10/27 05:40:45.012 [T:0x09009] [DisplayControl] Enter MCCSOtherSet::SetVCP(), vcp code = 16
2025/10/27 05:40:45.174 [T:0x09009] [DisplayControl] Exit MCCSOtherSet::SetVCP()
2025/10/27 05:42:18.311 [T:0x93837] [DisplayControl] Enter MCCSOtherSet::SetVCP(), vcp code = 16
2025/10/27 05:42:18.519 [T:0x93837] [DisplayControl] Exit MCCSOtherSet::SetVCP()
2025/10/27 05:43:49.575 [T:0x780c4] [DisplayControl] Enter MCCSOtherSet::SetVCP(), vcp code = 18
2025/10/27 05:43:49.784 [T:0x780c4] [DisplayControl] Exit MCCSOtherSet::SetVCP()
2025/10/27 05:45:21.872 [T:0x78eba] [DisplayControl] Enter MCCSOtherSet::SetVCP(), vcp code = 18
2025/10/27 05:45:22.066 [T:0x78eba] [DisplayControl] Exit MCCSOtherSet::SetVCP()
2025/10/27 05:46:54.120 [T:0x7dc7f] [DisplayControl] Enter MCCSOtherSet::SetVCP(), vcp code = 135
2025/10/27 05:46:54.299 [T:0x7dc7f] [DisplayControl] Exit MCCSOtherSet::SetVCP()
2025/10/27 05:48:26.434 [T:0x56b8d] [DisplayControl] Enter MCCSOtherSet::SetVCP(), vcp code = 135
2025/10/27 05:48:26.628 [T:0x56b8d] [DisplayControl] Exit MCCSOtherSet::SetVCP()
2025/10/27 05:49:58.556 [T:0xa9fa4] [DisplayControl] Enter MCCSOtherSet::SetVCP(), vcp code = 98
2025/10/27 05:49:59.081 [T:0xa9fa4] [DisplayControl] Exit MCCSOtherSet::SetVCP()
2025/10/27 05:49:59.190 [T:0x894be] [DisplayControl] Enter MCCSOtherSet::SetVCP(), vcp code = 98
2025/10/27 05:49:59.401 [T:0x894be] [DisplayControl] Exit MCCSOtherSet::SetVCP()
2025/10/27 05:51:30.888 [T:0xa9fa4] [DisplayControl] Enter MCCSOtherSet::SetVCP(), vcp code = 98
2025/10/27 05:51:31.081 [T:0xa9fa4] [DisplayControl] Exit MCCSOtherSet::SetVCP()
2025/10/27 05:51:31.193 [T:0x412c8] [DisplayControl] Enter MCCSOtherSet::SetVCP(), vcp code = 98
2025/10/27 05:51:31.358 [T:0x412c8] [DisplayControl] Exit MCCSOtherSet::SetVCP()
2025/10/27 05:53:06.783 [T:0xe4ad8] [DisplayControl] Enter MCCSOtherSet::SetVCP(), vcp code = 220
2025/10/27 05:53:07.727 [T:0xe4ad8] [DisplayControl] Exit MCCSOtherSet::SetVCP()
2025/10/27 05:53:13.341 [T:0xe4ad8] [DisplayControl] Enter MCCSOtherSet::GetVCP(), vcp code = 135
2025/10/27 05:53:13.423 [T:0xe4ad8] [DisplayControl] Exit MCCSOtherSet::GetVCP()
2025/10/27 05:53:14.141 [T:0xe4ad8] [DisplayControl] Enter MCCSOtherSet::GetVCP(), vcp code = 16
2025/10/27 05:53:14.223 [T:0xe4ad8] [DisplayControl] Exit MCCSOtherSet::GetVCP()
2025/10/27 05:53:14.941 [T:0xe4ad8] [DisplayControl] Enter MCCSOtherSet::GetVCP(), vcp code = 18
2025/10/27 05:53:15.024 [T:0xe4ad8] [DisplayControl] Exit MCCSOtherSet::GetVCP()
2025/10/27 05:53:15.742 [T:0xe4ad8] [DisplayControl] Enter MCCSOtherSet::GetVCP(), vcp code = 20
2025/10/27 05:53:15.824 [T:0xe4ad8] [DisplayControl] Exit MCCSOtherSet::GetVCP()
2025/10/27 05:55:00.411 [T:0x4cc23] [DisplayControl] Enter MCCSOtherSet::SetVCP(), vcp code = 220
2025/10/27 05:55:01.357 [T:0x4cc23] [DisplayControl] Exit MCCSOtherSet::SetVCP()
2025/10/27 05:55:06.983 [T:0x4cc23] [DisplayControl] Enter MCCSOtherSet::GetVCP(), vcp code = 135
2025/10/27 05:55:07.065 [T:0x4cc23] [DisplayControl] Exit MCCSOtherSet::GetVCP()
2025/10/27 05:55:07.784 [T:0x4cc23] [DisplayControl] Enter MCCSOtherSet::GetVCP(), vcp code = 16
2025/10/27 05:55:07.866 [T:0x4cc23] [DisplayControl] Exit MCCSOtherSet::GetVCP()
2025/10/27 05:55:08.584 [T:0x4cc23] [DisplayControl] Enter MCCSOtherSet::GetVCP(), vcp code = 18
2025/10/27 05:55:08.666 [T:0x4cc23] [DisplayControl] Exit MCCSOtherSet::GetVCP()
2025/10/27 05:55:09.384 [T:0x4cc23] [DisplayControl] Enter MCCSOtherSet::GetVCP(), vcp code = 20
2025/10/27 05:55:09.466 [T:0x4cc23] [DisplayControl] Exit MCCSOtherSet::GetVCP()
2025/10/27 05:56:53.999 [T:0x053f0] [DisplayControl] Enter MCCSOtherSet::SetVCP(), vcp code = 220
2025/10/27 05:56:54.976 [T:0x053f0] [DisplayControl] Exit MCCSOtherSet::SetVCP()
2025/10/27 05:57:00.591 [T:0x053f0] [DisplayControl] Enter MCCSOtherSet::GetVCP(), vcp code = 135
2025/10/27 05:57:00.673 [T:0x053f0] [DisplayControl] Exit MCCSOtherSet::GetVCP()
2025/10/27 05:57:01.391 [T:0x053f0] [DisplayControl] Enter MCCSOtherSet::GetVCP(), vcp code = 16
2025/10/27 05:57:01.474 [T:0x053f0] [DisplayControl] Exit MCCSOtherSet::GetVCP()
2025/10/27 05:57:02.192 [T:0x053f0] [DisplayControl] Enter MCCSOtherSet::GetVCP(), vcp code = 18
2025/10/27 05:57:02.274 [T:0x053f0] [DisplayControl] Exit MCCSOtherSet::GetVCP()
2025/10/27 05:57:02.992 [T:0x053f0] [DisplayControl] Enter MCCSOtherSet::GetVCP(), vcp code = 20
2025/10/27 05:57:03.074 [T:0x053f0] [DisplayControl] Exit MCCSOtherSet::GetVCP()
2025/10/27 05:58:47.618 [T:0xe6a7a] [DisplayControl] Enter MCCSOtherSet::SetVCP(), vcp code = 220
2025/10/27 05:58:48.610 [T:0xe6a7a] [DisplayControl] Exit MCCSOtherSet::SetVCP()
2025/10/27 05:58:54.237 [T:0xe6a7a] [DisplayControl] Enter MCCSOtherSet::GetVCP(), vcp code = 135
2025/10/27 05:58:54.319 [T:0xe6a7a] [DisplayControl] Exit MCCSOtherSet::GetVCP()
2025/10/27 05:58:55.037 [T:0xe6a7a] [DisplayControl] Enter MCCSOtherSet::GetVCP(), vcp code = 16
2025/10/27 05:58:55.119 [T:0xe6a7a] [DisplayControl] Exit MCCSOtherSet::GetVCP()
2025/10/27 05:58:55.837 [T:0xe6a7a] [DisplayControl] Enter MCCSOtherSet::GetVCP(), vcp code = 18
2025/10/27 05:58:55.919 [T:0xe6a7a] [DisplayControl] Exit MCCSOtherSet::GetVCP()
2025/10/27 05:58:56.637 [T:0xe6a7a] [DisplayControl] Enter MCCSOtherSet::GetVCP(), vcp code = 20
2025/10/27 05:58:56.719 [T:0xe6a7a] [DisplayControl] Exit MCCSOtherSet::GetVCP()
2025/10/27 06:00:41.239 [T:0xa8cb5] [DisplayControl] Enter MCCSOtherSet::SetVCP(), vcp code = 220
2025/10/27 06:00:42.229 [T:0xa8cb5] [DisplayControl] Exit MCCSOtherSet::SetVCP()
2025/10/27 06:00:47.844 [T:0xa8cb5] [DisplayControl] Enter MCCSOtherSet::GetVCP(), vcp code = 135
2025/10/27 06:00:47.926 [T:0xa8cb5] [DisplayControl] Exit MCCSOtherSet::GetVCP()
2025/10/27 06:00:48.645 [T:0xa8cb5] [DisplayControl] Enter MCCSOtherSet::GetVCP(), vcp code = 16
2025/10/27 06:00:48.727 [T:0xa8cb5] [DisplayControl] Exit MCCSOtherSet::GetVCP()
2025/10/27 06:00:49.445 [T:0xa8cb5] [DisplayControl] Enter MCCSOtherSet::GetVCP(), vcp code = 18
2025/10/27 06:00:49.527 [T:0xa8cb5] [DisplayControl] Exit MCCSOtherSet::GetVCP()
2025/10/27 06:00:50.245 [T:0xa8cb5] [DisplayControl] Enter MCCSOtherSet::GetVCP(), vcp code = 20
2025/10/27 06:00:50.326 [T:0xa8cb5] [DisplayControl] Exit MCCSOtherSet::GetVCP()
2025/10/27 06:02:34.802 [T:0x8a83b] [DisplayControl] Enter MCCSOtherSet::SetVCP(), vcp code = 220
2025/10/27 06:02:35.792 [T:0x8a83b] [DisplayControl] Exit MCCSOtherSet::SetVCP()
2025/10/27 06:02:41.407 [T:0x8a83b] [DisplayControl] Enter MCCSOtherSet::GetVCP(), vcp code = 135
2025/10/27 06:02:41.488 [T:0x8a83b] [DisplayControl] Exit MCCSOtherSet::GetVCP()
2025/10/27 06:02:42.207 [T:0x8a83b] [DisplayControl] Enter MCCSOtherSet::GetVCP(), vcp code = 16
2025/10/27 06:02:42.289 [T:0x8a83b] [DisplayControl] Exit MCCSOtherSet::GetVCP()
2025/10/27 06:02:43.007 [T:0x8a83b] [DisplayControl] Enter MCCSOtherSet::GetVCP(), vcp code = 18
2025/10/27 06:02:43.090 [T:0x8a83b] [DisplayControl] Exit MCCSOtherSet::GetVCP()
2025/10/27 06:02:43.808 [T:0x8a83b] [DisplayControl] Enter MCCSOtherSet::GetVCP(), vcp code = 20
2025/10/27 06:02:43.889 [T:0x8a83b] [DisplayControl] Exit MCCSOtherSet::GetVCP()
2025/10/27 06:04:28.497 [T:0xff7fd] [DisplayControl] Enter MCCSOtherSet::SetVCP(), vcp code = 220
2025/10/27 06:04:29.489 [T:0xff7fd] [DisplayControl] Exit MCCSOtherSet::SetVCP()
2025/10/27 06:04:35.117 [T:0xff7fd] [DisplayControl] Enter MCCSOtherSet::GetVCP(), vcp code = 135
2025/10/27 06:04:35.200 [T:0xff7fd] [DisplayControl] Exit MCCSOtherSet::GetVCP()
2025/10/27 06:04:35.917 [T:0xff7fd] [DisplayControl] Enter MCCSOtherSet::GetVCP(), vcp code = 16
2025/10/27 06:04:36.000 [T:0xff7fd] [DisplayControl] Exit MCCSOtherSet::GetVCP()
2025/10/27 06:04:36.717 [T:0xff7fd] [DisplayControl] Enter MCCSOtherSet::GetVCP(), vcp code = 18
2025/10/27 06:04:36.800 [T:0xff7fd] [DisplayControl] Exit MCCSOtherSet::GetVCP()
2025/10/27 06:04:37.518 [T:0xff7fd] [DisplayControl] Enter MCCSOtherSet::GetVCP(), vcp code = 20
2025/10/27 06:04:37.600 [T:0xff7fd] [DisplayControl] Exit MCCSOtherSet::GetVCP()
2025/10/27 06:06:22.168 [T:0xc13a0] [DisplayControl] Enter MCCSOtherSet::SetVCP(), vcp code = 220
2025/10/27 06:06:23.158 [T:0xc13a0] [DisplayControl] Exit MCCSOtherSet::SetVCP()
2025/10/27 06:06:28.771 [T:0xc13a0] [DisplayControl] Enter MCCSOtherSet::GetVCP(), vcp code = 135
2025/10/27 06:06:28.853 [T:0xc13a0] [DisplayControl] Exit MCCSOtherSet::GetVCP()
2025/10/27 06:06:29.571 [T:0xc13a0] [DisplayControl] Enter MCCSOtherSet::GetVCP(), vcp code = 16
2025/10/27 06:06:29.653 [T:0xc13a0] [DisplayControl] Exit MCCSOtherSet::GetVCP()
2025/10/27 06:06:30.371 [T:0xc13a0] [DisplayControl] Enter MCCSOtherSet::GetVCP(), vcp code = 18
2025/10/27 06:06:30.453 [T:0xc13a0] [DisplayControl] Exit MCCSOtherSet::GetVCP()
2025/10/27 06:06:31.171 [T:0xc13a0] [DisplayControl] Enter MCCSOtherSet::GetVCP(), vcp code = 20
2025/10/27 06:06:31.253 [T:0xc13a0] [DisplayControl] Exit MCCSOtherSet::GetVCP()
2025/10/27 06:08:15.827 [T:0xbcf0a] [DisplayControl] Enter MCCSOtherSet::SetVCP(), vcp code = 220
2025/10/27 06:08:16.816 [T:0xbcf0a] [DisplayControl] Exit MCCSOtherSet::SetVCP()
2025/10/27 06:08:22.428 [T:0xbcf0a] [DisplayControl] Enter MCCSOtherSet::GetVCP(), vcp code = 135
2025/10/27 06:08:22.510 [T:0xbcf0a] [DisplayControl] Exit MCCSOtherSet::GetVCP()
2025/10/27 06:08:23.228 [T:0xbcf0a] [DisplayControl] Enter MCCSOtherSet::GetVCP(), vcp code = 16
2025/10/27 06:08:23.310 [T:0xbcf0a] [DisplayControl] Exit MCCSOtherSet::GetVCP()
2025/10/27 06:08:24.028 [T:0xbcf0a] [DisplayControl] Enter MCCSOtherSet::GetVCP(), vcp code = 18
2025/10/27 06:08:24.111 [T:0xbcf0a] [DisplayControl] Exit MCCSOtherSet::GetVCP()
2025/10/27 06:08:24.828 [T:0xbcf0a] [DisplayControl] Enter MCCSOtherSet::GetVCP(), vcp code = 20
2025/10/27 06:08:24.910 [T:0xbcf0a] [DisplayControl] Exit MCCSOtherSet::GetVCP()
2025/10/27 06:10:09.446 [T:0x951be] [DisplayControl] Enter MCCSOtherSet::SetVCP(), vcp code = 220
2025/10/27 06:10:10.436 [T:0x951be] [DisplayControl] Exit MCCSOtherSet::SetVCP()
2025/10/27 06:10:16.049 [T:0x951be] [DisplayControl] Enter MCCSOtherSet::GetVCP(), vcp code = 135
2025/10/27 06:10:16.131 [T:0x951be] [DisplayControl] Exit MCCSOtherSet::GetVCP()
2025/10/27 06:10:16.848 [T:0x951be] [DisplayControl] Enter MCCSOtherSet::GetVCP(), vcp code = 16
2025/10/27 06:10:16.930 [T:0x951be] [DisplayControl] Exit MCCSOtherSet::GetVCP()
2025/10/27 06:10:17.648 [T:0x951be] [DisplayControl] Enter MCCSOtherSet::GetVCP(), vcp code = 18
2025/10/27 06:10:17.730 [T:0x951be] [DisplayControl] Exit MCCSOtherSet::GetVCP()
2025/10/27 06:10:18.449 [T:0x951be] [DisplayControl] Enter MCCSOtherSet::GetVCP(), vcp code = 20
2025/10/27 06:10:18.530 [T:0x951be] [DisplayControl] Exit MCCSOtherSet::GetVCP()
2025/10/27 06:12:03.033 [T:0xe5117] [DisplayControl] Enter MCCSOtherSet::SetVCP(), vcp code = 220
2025/10/27 06:12:04.010 [T:0xe5117] [DisplayControl] Exit MCCSOtherSet::SetVCP()
2025/10/27 06:12:09.624 [T:0xe5117] [DisplayControl] Enter MCCSOtherSet::GetVCP(), vcp code = 135
2025/10/27 06:12:09.707 [T:0xe5117] [DisplayControl] Exit MCCSOtherSet::GetVCP()
2025/10/27 06:12:10.424 [T:0xe5117] [DisplayControl] Enter MCCSOtherSet::GetVCP(), vcp code = 16
2025/10/27 06:12:10.507 [T:0xe5117] [DisplayControl] Exit MCCSOtherSet::GetVCP()
2025/10/27 06:12:11.225 [T:0xe5117] [DisplayControl] Enter MCCSOtherSet::GetVCP(), vcp code = 18
2025/10/27 06:12:11.307 [T:0xe5117] [DisplayControl] Exit MCCSOtherSet::GetVCP()
2025/10/27 06:12:12.024 [T:0xe5117] [DisplayControl] Enter MCCSOtherSet::GetVCP(), vcp code = 20
2025/10/27 06:12:12.107 [T:0xe5117] [DisplayControl] Exit MCCSOtherSet::GetVCP()
2025/10/27 06:13:56.717 [T:0x67655] [DisplayControl] Enter MCCSOtherSet::SetVCP(), vcp code = 220
2025/10/27 06:13:57.707 [T:0x67655] [DisplayControl] Exit MCCSOtherSet::SetVCP()
2025/10/27 06:14:03.335 [T:0x67655] [DisplayControl] Enter MCCSOtherSet::GetVCP(), vcp code = 135
2025/10/27 06:14:03.417 [T:0x67655] [DisplayControl] Exit MCCSOtherSet::GetVCP()
2025/10/27 06:14:04.135 [T:0x67655] [DisplayControl] Enter MCCSOtherSet::GetVCP(), vcp code = 16
2025/10/27 06:14:04.217 [T:0x67655] [DisplayControl] Exit MCCSOtherSet::GetVCP()
2025/10/27 06:14:04.935 [T:0x67655] [DisplayControl] Enter MCCSOtherSet::GetVCP(), vcp code = 18
2025/10/27 06:14:05.018 [T:0x67655] [DisplayControl] Exit MCCSOtherSet::GetVCP()
2025/10/27 06:14:05.735 [T:0x67655] [DisplayControl] Enter MCCSOtherSet::GetVCP(), vcp code = 20
2025/10/27 06:14:05.817 [T:0x67655] [DisplayControl] Exit MCCSOtherSet::GetVCP()
2025/10/27 06:15:50.269 [T:0x6abd9] [DisplayControl] Enter MCCSOtherSet::SetVCP(), vcp code = 220
2025/10/27 06:15:51.214 [T:0x6abd9] [DisplayControl] Exit MCCSOtherSet::SetVCP()
2025/10/27 06:15:56.828 [T:0x6abd9] [DisplayControl] Enter MCCSOtherSet::GetVCP(), vcp code = 135
2025/10/27 06:15:56.910 [T:0x6abd9] [DisplayControl] Exit MCCSOtherSet::GetVCP()
2025/10/27 06:15:57.628 [T:0x6abd9] [DisplayControl] Enter MCCSOtherSet::GetVCP(), vcp code = 16
2025/10/27 06:15:57.710 [T:0x6abd9] [DisplayControl] Exit MCCSOtherSet::GetVCP()
2025/10/27 06:15:58.429 [T:0x6abd9] [DisplayControl] Enter MCCSOtherSet::GetVCP(), vcp code = 18
2025/10/27 06:15:58.511 [T:0x6abd9] [DisplayControl] Exit MCCSOtherSet::GetVCP()
2025/10/27 06:15:59.230 [T:0x6abd9] [DisplayControl] Enter MCCSOtherSet::GetVCP(), vcp code = 20
2025/10/27 06:15:59.311 [T:0x6abd9] [DisplayControl] Exit MCCSOtherSet::GetVCP()
2025/10/27 06:17:58.295 [T:0xd5d1b] [DisplayControl] Enter MCCSOtherSet::SetVCP(), vcp code = 4
2025/10/27 06:17:59.232 [T:0xd5d1b] [DisplayControl] Exit MCCSOtherSet::SetVCP()
2025/10/27 06:18:04.357 [T:0xd5d1b] [DisplayControl] Enter OperationThread::ExitThread
2025/10/27 06:18:04.357 [T:0xd5d1b] [DisplayControl] Exit OperationThread::ExitThread
2025/10/27 06:18:04.358 [T:0xd5d1b] [DisplayControl] Enter OperationThread::~OperationThread()
2025/10/27 06:18:04.358 [T:0xd5d1b] [DisplayControl] Enter OperationThread::ExitThread
2025/10/27 06:18:04.358 [T:0xd5d1b] [DisplayControl] Enter OperationThread::ExitThread
2025/10/27 06:18:04.358 [T:0xd5d1b] [DisplayControl] Exit OperationThread::ExitThread
2025/10/27 06:18:04.358 [T:0xd5d1b] [DisplayControl] Enter OperationThread::~OperationThread()
2025/10/27 06:18:04.358 [T:0xd5d1b] [DisplayControl] Enter OperationThread::ExitThread
2025/10/27 06:18:04.382 [T:0xd5d1b] [DbgStr] After calling display_control_client_listener_video_port_.UpdateAllDisplayPath()
2025/10/27 06:18:04.399 [T:0xd5d1b] [DbgStr] After calling display_control_client_listener_.GetAllDisplayEDID()
2025/10/27 06:18:04.400 [T:0xd5d1b] [DisplayControl] Version = 3.0.6.0
2025/10/27 06:18:04.401 [T:0xd5d1b] [DisplayControl] Enter ObtainControlHandler1
2025/10/27 06:18:04.401 [T:0xd5d1b] [DisplayControl] GetVideoPortCommander
2025/10/27 06:18:04.401 [T:0xd5d1b] [DisplayControl] GetUSBHubCommander
2025/10/27 06:18:04.401 [T:0xd5d1b] ====== List p_lpo_display_info_video_port, # of devices is ======2
2025/10/27 06:18:04.401 [T:0xd5d1b] [DisplayControl] index of p_lpo_display_info_video_port0
2025/10/27 06:18:04.401 [T:0xd5d1b] [DisplayControl] Model name from VideoPort = VG2458
2025/10/27 06:18:04.401 [T:0xd5d1b] [DisplayControl] SN from VideoPort = YDJ243400006
2025/10/27 06:18:04.401 [T:0xd5d1b] [DisplayControl] index of p_lpo_display_info_video_port1
2025/10/27 06:18:04.401 [T:0xd5d1b] [DisplayControl] Model name from VideoPort = VG275
2025/10/27 06:18:04.401 [T:0xd5d1b] [DisplayControl] SN from VideoPort = XF6232400003
2025/10/27 06:18:04.401 [T:0xd5d1b] ====== List p_lpo_display_info_rtd_scalar_rts_hub, # of devices is ======0
2025/10/27 06:18:04.401 [T:0xd5d1b] [DisplayControl] GetVSRtkHubControlClientListener
2025/10/27 06:18:04.401 [T:0xd5d1b] [DisplayControl] max monitor count = 2
2025/10/27 06:18:04.401 [T:0xd5d1b] [DisplayControl] index of display_info_vec = 0
2025/10/27 06:18:04.401 [T:0xd5d1b] [DisplayControl] index of p_lpo_display_info_video_port = 0
2025/10/27 06:18:04.401 [T:0xd5d1b] [DisplayControl] VideoPortMatchingRule
2025/10/27 06:18:04.401 [T:0xd5d1b] [DisplayControl] monitor display_info_model_name = VG2458
2025/10/27 06:18:04.401 [T:0xd5d1b] [DisplayControl] monitor video_port_model_name = VG2458
2025/10/27 06:18:04.401 [T:0xd5d1b] [DisplayControl] monitor display_info_sn = YDJ243400006
2025/10/27 06:18:04.401 [T:0xd5d1b] [DisplayControl] monitor video_port_sn = YDJ243400006
2025/10/27 06:18:04.401 [T:0xd5d1b] [DisplayControl] model_name_match = 1
2025/10/27 06:18:04.401 [T:0xd5d1b] [DisplayControl] sn_match = 1
2025/10/27 06:18:04.401 [T:0xd5d1b] [DisplayControl] video_port is_match = 1
2025/10/27 06:18:04.401 [T:0xd5d1b] [DisplayControl] index of display_info_vec = 1
2025/10/27 06:18:04.402 [T:0xd5d1b] [DisplayControl] index of p_lpo_display_info_video_port = 0
2025/10/27 06:18:04.402 [T:0xd5d1b] [DisplayControl] VideoPortMatchingRule
2025/10/27 06:18:04.402 [T:0xd5d1b] [DisplayControl] monitor display_info_model_name = VG275
2025/10/27 06:18:04.402 [T:0xd5d1b] [DisplayControl] monitor video_port_model_name = VG2458
2025/10/27 06:18:04.402 [T:0xd5d1b] [DisplayControl] monitor display_info_sn = XF6232400003
2025/10/27 06:18:04.402 [T:0xd5d1b] [DisplayControl] monitor video_port_sn = YDJ243400006
2025/10/27 06:18:04.402 [T:0xd5d1b] [DisplayControl] model_name_match = 0
2025/10/27 06:18:04.402 [T:0xd5d1b] [DisplayControl] sn_match = 0
2025/10/27 06:18:04.402 [T:0xd5d1b] [DisplayControl] video_port is_match = 0
2025/10/27 06:18:04.402 [T:0xd5d1b] [DisplayControl] index of display_info_vec = 1
2025/10/27 06:18:04.402 [T:0xd5d1b] [DisplayControl] index of p_lpo_display_info_video_port = 1
2025/10/27 06:18:04.402 [T:0xd5d1b] [DisplayControl] VideoPortMatchingRule
2025/10/27 06:18:04.402 [T:0xd5d1b] [DisplayControl] monitor display_info_model_name = VG275
2025/10/27 06:18:04.402 [T:0xd5d1b] [DisplayControl] monitor video_port_model_name = VG275
2025/10/27 06:18:04.402 [T:0xd5d1b] [DisplayControl] monitor display_info_sn = XF6232400003
2025/10/27 06:18:04.402 [T:0xd5d1b] [DisplayControl] monitor video_port_sn = XF6232400003
2025/10/27 06:18:04.402 [T:0xd5d1b] [DisplayControl] model_name_match = 1
2025/10/27 06:18:04.402 [T:0xd5d1b] [DisplayControl] sn_match = 1
2025/10/27 06:18:04.402 [T:0xd5d1b] [DisplayControl] video_port is_match = 1
2025/10/27 06:18:04.402 [T:0xd5d1b] [DisplayControl] i = 0
2025/10/27 06:18:04.402 [T:0xd5d1b] [DisplayControl] Enter OperationThread::OperationThread()
2025/10/27 06:18:04.402 [T:0xd5d1b] [DisplayControl] Enter OperationThread::CreateThread
2025/10/27 06:18:04.402 [T:0xd5d1b] [DisplayControl] new DisplayFunctioner
2025/10/27 06:18:04.402 [T:0xd5d1b] [DisplayControl] insert displayer_vector
2025/10/27 06:18:04.402 [T:0xd5d1b] [DisplayControl] insert modelName_SN_to_Display_map
2025/10/27 06:18:04.403 [T:0xd5d1b] [DisplayControl] insert device_id_to_Displayer_map_
2025/10/27 06:18:04.403 [T:0xd5d1b] [DisplayControl] i = 1
2025/10/27 06:18:04.403 [T:0xd5d1b] [DisplayControl] Enter OperationThread::OperationThread()
2025/10/27 06:18:04.403 [T:0xd5d1b] [DisplayControl] Enter OperationThread::CreateThread
2025/10/27 06:18:04.403 [T:0xd5d1b] [DisplayControl] new DisplayFunctioner
2025/10/27 06:18:04.403 [T:0xd5d1b] [DisplayControl] insert displayer_vector
2025/10/27 06:18:04.403 [T:0xd5d1b] [DisplayControl] insert modelName_SN_to_Display_map
2025/10/27 06:18:04.403 [T:0xd5d1b] [DisplayControl] insert device_id_to_Displayer_map_
2025/10/27 06:18:04.403 [T:0xd5d1b] [DisplayControl] monitor size = 2
2025/10/27 06:18:04.403 [T:0xd5d1b] [DisplayControl] Exit ObtainControlHandler
2025/10/27 06:18:04.403 [T:0xd5d1b] [DisplayControl] Enter MCCSOtherSet::GetVCP(), vcp code = 16
2025/10/27 06:18:04.485 [T:0xd5d1b] [DisplayControl] Exit MCCSOtherSet::GetVCP()
2025/10/27 06:18:04.486 [T:0xd5d1b] [DisplayControl] Enter MCCSOtherSet::GetVCP(), vcp code = 225
2025/10/27 06:18:04.627 [T:0xd5d1b] [DisplayControl] Exit MCCSOtherSet::GetVCP()
2025/10/27 06:18:04.733 [T:0xd5d1b] [DisplayControl] Enter MCCSOtherSet::GetVCP(), vcp code = 220
2025/10/27 06:18:04.816 [T:0xd5d1b] [DisplayControl] Exit MCCSOtherSet::GetVCP()
2025/10/27 06:18:04.922 [T:0xd5d1b] [DisplayControl] Enter MCCSOtherSet::GetVCP(), vcp code = 141
2025/10/27 06:18:05.004 [T:0xd5d1b] [DisplayControl] Exit MCCSOtherSet::GetVCP()
2025/10/27 06:18:05.110 [T:0xd5d1b] [DisplayControl] Enter MCCSOtherSet::GetVCP(), vcp code = 43
2025/10/27 06:18:05.191 [T:0xd5d1b] [DisplayControl] Exit MCCSOtherSet::GetVCP()
2025/10/27 06:18:05.298 [T:0xd5d1b] [DisplayControl] Enter MCCSOtherSet::GetVCP(), vcp code = 4
2025/10/27 06:18:05.381 [T:0xd5d1b] [DisplayControl] Exit MCCSOtherSet::GetVCP()
2025/10/27 06:18:05.486 [T:0xd5d1b] [DisplayControl] Enter MCCSOtherSet::GetVCP(), vcp code = 245
2025/10/27 06:18:05.568 [T:0xd5d1b] [DisplayControl] Exit MCCSOtherSet::GetVCP()
2025/10/27 06:18:05.674 [T:0xd5d1b] [DisplayControl] Enter MCCSOtherSet::GetVCP(), vcp code = 135
2025/10/27 06:18:05.757 [T:0xd5d1b] [DisplayControl] Exit MCCSOtherSet::GetVCP()
2025/10/27 06:18:05.863 [T:0xd5d1b] [DisplayControl] Enter MCCSOtherSet::GetVCP(), vcp code = 98
2025/10/27 06:18:05.945 [T:0xd5d1b] [DisplayControl] Exit MCCSOtherSet::GetVCP()
2025/10/27 06:18:06.051 [T:0xd5d1b] [DisplayControl] Enter MCCSOtherSet::GetVCP(), vcp code = 97
2025/10/27 06:18:06.133 [T:0xd5d1b] [DisplayControl] Exit MCCSOtherSet::GetVCP()
2025/10/27 06:18:06.240 [T:0xd5d1b] [DisplayControl] Enter MCCSOtherSet::GetVCP(), vcp code = 16
2025/10/27 06:18:06.321 [T:0xd5d1b] [DisplayControl] Exit MCCSOtherSet::GetVCP()
2025/10/27 06:18:06.428 [T:0xd5d1b] [DisplayControl] Enter MCCSOtherSet::GetVCP(), vcp code = 51
2025/10/27 06:18:06.510 [T:0xd5d1b] [DisplayControl] Exit MCCSOtherSet::GetVCP()
2025/10/27 06:18:06.616 [T:0xd5d1b] [DisplayControl] Enter MCCSOtherSet::GetVCP(), vcp code = 96
2025/10/27 06:18:06.698 [T:0xd5d1b] [DisplayControl] Exit MCCSOtherSet::GetVCP()
2025/10/27 06:18:06.737 [T:0xa9fa4] [DisplayControl] Enter MCCSOtherSet::GetVCP(), vcp code = 96
2025/10/27 06:18:06.806 [T:0xd5d1b] [DisplayControl] Enter MCCSOtherSet::GetVCP(), vcp code = 18
2025/10/27 06:18:06.896 [T:0xa9fa4] [DisplayControl] Exit MCCSOtherSet::GetVCP()
2025/10/27 06:18:07.059 [T:0xd5d1b] [DisplayControl] Exit MCCSOtherSet::GetVCP()
2025/10/27 06:18:07.160 [T:0xd5d1b] [DisplayControl] Enter MCCSOtherSet::GetVCP(), vcp code = 20
2025/10/27 06:18:07.384 [T:0xd5d1b] [DisplayControl] Exit MCCSOtherSet::GetVCP()
2025/10/27 06:18:07.502 [T:0xd5d1b] [DisplayControl] Enter MCCSOtherSet::GetVCP(), vcp code = 236
2025/10/27 06:18:07.618 [T:0xd5d1b] [DisplayControl] Exit MCCSOtherSet::GetVCP()
2025/10/27 06:18:07.720 [T:0xd5d1b] [DisplayControl] Enter MCCSOtherSet::GetVCP(), vcp code = 225
2025/10/27 06:18:07.806 [T:0xd5d1b] [DisplayControl] Exit MCCSOtherSet::GetVCP()
2025/10/27 06:18:07.909 [T:0xd5d1b] [DisplayControl] Enter MCCSOtherSet::GetVCP(), vcp code = 220
2025/10/27 06:18:07.994 [T:0xd5d1b] [DisplayControl] Exit MCCSOtherSet::GetVCP()
2025/10/27 06:18:08.096 [T:0xd5d1b] [DisplayControl] Enter MCCSOtherSet::GetVCP(), vcp code = 141
2025/10/27 06:18:08.182 [T:0xd5d1b] [DisplayControl] Exit MCCSOtherSet::GetVCP()
2025/10/27 06:18:08.285 [T:0xd5d1b] [DisplayControl] Enter MCCSOtherSet::GetVCP(), vcp code = 43
2025/10/27 06:18:08.370 [T:0xd5d1b] [DisplayControl] Exit MCCSOtherSet::GetVCP()
2025/10/27 06:18:08.473 [T:0xd5d1b] [DisplayControl] Enter MCCSOtherSet::GetVCP(), vcp code = 4
2025/10/27 06:18:08.558 [T:0xd5d1b] [DisplayControl] Exit MCCSOtherSet::GetVCP()
2025/10/27 06:18:08.662 [T:0xd5d1b] [DisplayControl] Enter MCCSOtherSet::GetVCP(), vcp code = 135
2025/10/27 06:18:08.748 [T:0xd5d1b] [DisplayControl] Exit MCCSOtherSet::GetVCP()
2025/10/27 06:18:08.850 [T:0xd5d1b] [DisplayControl] Enter MCCSOtherSet::GetVCP(), vcp code = 98
2025/10/27 06:18:08.936 [T:0xd5d1b] [DisplayControl] Exit MCCSOtherSet::GetVCP()
2025/10/27 06:18:09.038 [T:0xd5d1b] [DisplayControl] Enter MCCSOtherSet::GetVCP(), vcp code = 97
2025/10/27 06:18:09.124 [T:0xd5d1b] [DisplayControl] Exit MCCSOtherSet::GetVCP()
2025/10/27 06:18:09.227 [T:0xd5d1b] [DisplayControl] Enter MCCSOtherSet::GetVCP(), vcp code = 16
2025/10/27 06:18:09.312 [T:0xd5d1b] [DisplayControl] Exit MCCSOtherSet::GetVCP()
2025/10/27 06:18:09.415 [T:0xd5d1b] [DisplayControl] Enter MCCSOtherSet::GetVCP(), vcp code = 51
2025/10/27 06:18:09.500 [T:0xd5d1b] [DisplayControl] Exit MCCSOtherSet::GetVCP()
2025/10/27 06:18:09.603 [T:0xd5d1b] [DisplayControl] Enter MCCSOtherSet::GetVCP(), vcp code = 96
2025/10/27 06:18:09.689 [T:0xd5d1b] [DisplayControl] Exit MCCSOtherSet::GetVCP()
2025/10/27 06:18:09.791 [T:0xd5d1b] [DisplayControl] Enter MCCSOtherSet::GetVCP(), vcp code = 18
2025/10/27 06:18:09.877 [T:0xd5d1b] [DisplayControl] Exit MCCSOtherSet::GetVCP()
2025/10/27 06:18:09.979 [T:0xd5d1b] [DisplayControl] Enter MCCSOtherSet::GetVCP(), vcp code = 226
2025/10/27 06:18:10.066 [T:0xd5d1b] [DisplayControl] Exit MCCSOtherSet::GetVCP()
2025/10/27 06:19:16.279 [T:0xc9368] [DisplayControl] Enter MCCSOtherSet::SetVCP(), vcp code = 20
2025/10/27 06:19:16.483 [T:0xc9368] [DisplayControl] Exit MCCSOtherSet::SetVCP()
2025/10/27 06:19:17.092 [T:0xc9368] [DisplayControl] Enter MCCSOtherSet::GetVCP(), vcp code = 135
2025/10/27 06:19:17.174 [T:0xc9368] [DisplayControl] Exit MCCSOtherSet::GetVCP()
2025/10/27 06:19:17.892 [T:0xc9368] [DisplayControl] Enter MCCSOtherSet::GetVCP(), vcp code = 16
2025/10/27 06:19:17.974 [T:0xc9368] [DisplayControl] Exit MCCSOtherSet::GetVCP()
2025/10/27 06:19:18.692 [T:0xc9368] [DisplayControl] Enter MCCSOtherSet::GetVCP(), vcp code = 18
2025/10/27 06:19:18.774 [T:0xc9368] [DisplayControl] Exit MCCSOtherSet::GetVCP()
2025/10/27 06:19:19.492 [T:0xc9368] [DisplayControl] Enter MCCSOtherSet::GetVCP(), vcp code = 20
2025/10/27 06:19:19.575 [T:0xc9368] [DisplayControl] Exit MCCSOtherSet::GetVCP()
2025/10/27 06:21:03.630 [T:0xdbfd8] [DisplayControl] Enter MCCSOtherSet::SetVCP(), vcp code = 20
2025/10/27 06:21:03.819 [T:0xdbfd8] [DisplayControl] Exit MCCSOtherSet::SetVCP()
2025/10/27 06:21:04.427 [T:0xdbfd8] [DisplayControl] Enter MCCSOtherSet::GetVCP(), vcp code = 135
2025/10/27 06:21:04.508 [T:0xdbfd8] [DisplayControl] Exit MCCSOtherSet::GetVCP()
2025/10/27 06:21:05.227 [T:0xdbfd8] [DisplayControl] Enter MCCSOtherSet::GetVCP(), vcp code = 16
2025/10/27 06:21:05.309 [T:0xdbfd8] [DisplayControl] Exit MCCSOtherSet::GetVCP()
2025/10/27 06:21:06.026 [T:0xdbfd8] [DisplayControl] Enter MCCSOtherSet::GetVCP(), vcp code = 18
2025/10/27 06:21:06.109 [T:0xdbfd8] [DisplayControl] Exit MCCSOtherSet::GetVCP()
2025/10/27 06:21:06.827 [T:0xdbfd8] [DisplayControl] Enter MCCSOtherSet::GetVCP(), vcp code = 20
2025/10/27 06:21:06.909 [T:0xdbfd8] [DisplayControl] Exit MCCSOtherSet::GetVCP()
2025/10/27 06:22:50.971 [T:0x1d7e8] [DisplayControl] Enter MCCSOtherSet::SetVCP(), vcp code = 20
2025/10/27 06:22:51.160 [T:0x1d7e8] [DisplayControl] Exit MCCSOtherSet::SetVCP()
2025/10/27 06:22:51.768 [T:0x1d7e8] [DisplayControl] Enter MCCSOtherSet::GetVCP(), vcp code = 135
2025/10/27 06:22:51.850 [T:0x1d7e8] [DisplayControl] Exit MCCSOtherSet::GetVCP()
2025/10/27 06:22:52.568 [T:0x1d7e8] [DisplayControl] Enter MCCSOtherSet::GetVCP(), vcp code = 16
2025/10/27 06:22:52.650 [T:0x1d7e8] [DisplayControl] Exit MCCSOtherSet::GetVCP()
2025/10/27 06:22:53.368 [T:0x1d7e8] [DisplayControl] Enter MCCSOtherSet::GetVCP(), vcp code = 18
2025/10/27 06:22:53.450 [T:0x1d7e8] [DisplayControl] Exit MCCSOtherSet::GetVCP()
2025/10/27 06:22:54.168 [T:0x1d7e8] [DisplayControl] Enter MCCSOtherSet::GetVCP(), vcp code = 20
2025/10/27 06:22:54.250 [T:0x1d7e8] [DisplayControl] Exit MCCSOtherSet::GetVCP()
2025/10/27 06:24:38.356 [T:0x36b4e] [DisplayControl] Enter MCCSOtherSet::SetVCP(), vcp code = 20
2025/10/27 06:24:38.517 [T:0x36b4e] [DisplayControl] Exit MCCSOtherSet::SetVCP()
2025/10/27 06:24:39.125 [T:0x36b4e] [DisplayControl] Enter MCCSOtherSet::GetVCP(), vcp code = 135
2025/10/27 06:24:39.208 [T:0x36b4e] [DisplayControl] Exit MCCSOtherSet::GetVCP()
2025/10/27 06:24:39.925 [T:0x36b4e] [DisplayControl] Enter MCCSOtherSet::GetVCP(), vcp code = 16
2025/10/27 06:24:40.007 [T:0x36b4e] [DisplayControl] Exit MCCSOtherSet::GetVCP()
2025/10/27 06:24:40.724 [T:0x36b4e] [DisplayControl] Enter MCCSOtherSet::GetVCP(), vcp code = 18
2025/10/27 06:24:40.807 [T:0x36b4e] [DisplayControl] Exit MCCSOtherSet::GetVCP()
2025/10/27 06:24:41.524 [T:0x36b4e] [DisplayControl] Enter MCCSOtherSet::GetVCP(), vcp code = 20
2025/10/27 06:24:41.607 [T:0x36b4e] [DisplayControl] Exit MCCSOtherSet::GetVCP()
2025/10/27 06:26:25.717 [T:0xcabe1] [DisplayControl] Enter MCCSOtherSet::SetVCP(), vcp code = 20
2025/10/27 06:26:25.906 [T:0xcabe1] [DisplayControl] Exit MCCSOtherSet::SetVCP()
2025/10/27 06:26:26.514 [T:0xcabe1] [DisplayControl] Enter MCCSOtherSet::GetVCP(), vcp code = 135
2025/10/27 06:26:26.596 [T:0xcabe1] [DisplayControl] Exit MCCSOtherSet::GetVCP()
2025/10/27 06:26:27.315 [T:0xcabe1] [DisplayControl] Enter MCCSOtherSet::GetVCP(), vcp code = 16
2025/10/27 06:26:27.396 [T:0xcabe1] [DisplayControl] Exit MCCSOtherSet::GetVCP()
2025/10/27 06:26:28.114 [T:0xcabe1] [DisplayControl] Enter MCCSOtherSet::GetVCP(), vcp code = 18
2025/10/27 06:26:28.196 [T:0xcabe1] [DisplayControl] Exit MCCSOtherSet::GetVCP()
2025/10/27 06:26:28.914 [T:0xcabe1] [DisplayControl] Enter MCCSOtherSet::GetVCP(), vcp code = 20
2025/10/27 06:26:28.996 [T:0xcabe1] [DisplayControl] Exit MCCSOtherSet::GetVCP()
2025/10/27 06:28:30.049 [T:0x5c19a] [DisplayControl] Enter MCCSOtherSet::SetVCP(), vcp code = 4
2025/10/27 06:28:30.986 [T:0x5c19a] [DisplayControl] Exit MCCSOtherSet::SetVCP()
2025/10/27 06:28:36.112 [T:0x5c19a] [DisplayControl] Enter OperationThread::ExitThread
2025/10/27 06:28:36.112 [T:0x5c19a] [DisplayControl] Exit OperationThread::ExitThread
2025/10/27 06:28:36.112 [T:0x5c19a] [DisplayControl] Enter OperationThread::~OperationThread()
2025/10/27 06:28:36.112 [T:0x5c19a] [DisplayControl] Enter OperationThread::ExitThread
2025/10/27 06:28:36.112 [T:0x5c19a] [DisplayControl] Enter OperationThread::ExitThread
2025/10/27 06:28:36.112 [T:0x5c19a] [DisplayControl] Exit OperationThread::ExitThread
2025/10/27 06:28:36.113 [T:0x5c19a] [DisplayControl] Enter OperationThread::~OperationThread()
2025/10/27 06:28:36.113 [T:0x5c19a] [DisplayControl] Enter OperationThread::ExitThread
2025/10/27 06:28:36.136 [T:0x5c19a] [DbgStr] After calling display_control_client_listener_video_port_.UpdateAllDisplayPath()
2025/10/27 06:28:36.152 [T:0x5c19a] [DbgStr] After calling display_control_client_listener_.GetAllDisplayEDID()
2025/10/27 06:28:36.154 [T:0x5c19a] [DisplayControl] Version = 3.0.6.0
2025/10/27 06:28:36.154 [T:0x5c19a] [DisplayControl] Enter ObtainControlHandler1
2025/10/27 06:28:36.154 [T:0x5c19a] [DisplayControl] GetVideoPortCommander
2025/10/27 06:28:36.154 [T:0x5c19a] [DisplayControl] GetUSBHubCommander
2025/10/27 06:28:36.154 [T:0x5c19a] ====== List p_lpo_display_info_video_port, # of devices is ======2
2025/10/27 06:28:36.154 [T:0x5c19a] [DisplayControl] index of p_lpo_display_info_video_port0
2025/10/27 06:28:36.154 [T:0x5c19a] [DisplayControl] Model name from VideoPort = VG2458
2025/10/27 06:28:36.154 [T:0x5c19a] [DisplayControl] SN from VideoPort = YDJ243400006
2025/10/27 06:28:36.154 [T:0x5c19a] [DisplayControl] index of p_lpo_display_info_video_port1
2025/10/27 06:28:36.155 [T:0x5c19a] [DisplayControl] Model name from VideoPort = VG275
2025/10/27 06:28:36.155 [T:0x5c19a] [DisplayControl] SN from VideoPort = XF6232400003
2025/10/27 06:28:36.155 [T:0x5c19a] ====== List p_lpo_display_info_rtd_scalar_rts_hub, # of devices is ======0
2025/10/27 06:28:36.155 [T:0x5c19a] [DisplayControl] GetVSRtkHubControlClientListener
2025/10/27 06:28:36.155 [T:0x5c19a] [DisplayControl] max monitor count = 2
2025/10/27 06:28:36.155 [T:0x5c19a] [DisplayControl] index of display_info_vec = 0
2025/10/27 06:28:36.155 [T:0x5c19a] [DisplayControl] index of p_lpo_display_info_video_port = 0
2025/10/27 06:28:36.155 [T:0x5c19a] [DisplayControl] VideoPortMatchingRule
2025/10/27 06:28:36.155 [T:0x5c19a] [DisplayControl] monitor display_info_model_name = VG2458
2025/10/27 06:28:36.155 [T:0x5c19a] [DisplayControl] monitor video_port_model_name = VG2458
2025/10/27 06:28:36.155 [T:0x5c19a] [DisplayControl] monitor display_info_sn = YDJ243400006
2025/10/27 06:28:36.155 [T:0x5c19a] [DisplayControl] monitor video_port_sn = YDJ243400006
2025/10/27 06:28:36.155 [T:0x5c19a] [DisplayControl] model_name_match = 1
2025/10/27 06:28:36.155 [T:0x5c19a] [DisplayControl] sn_match = 1
2025/10/27 06:28:36.155 [T:0x5c19a] [DisplayControl] video_port is_match = 1
2025/10/27 06:28:36.155 [T:0x5c19a] [DisplayControl] index of display_info_vec = 1
2025/10/27 06:28:36.155 [T:0x5c19a] [DisplayControl] index of p_lpo_display_info_video_port = 0
2025/10/27 06:28:36.155 [T:0x5c19a] [DisplayControl] VideoPortMatchingRule
2025/10/27 06:28:36.155 [T:0x5c19a] [DisplayControl] monitor display_info_model_name = VG275
2025/10/27 06:28:36.155 [T:0x5c19a] [DisplayControl] monitor video_port_model_name = VG2458
2025/10/27 06:28:36.155 [T:0x5c19a] [DisplayControl] monitor display_info_sn = XF6232400003
2025/10/27 06:28:36.155 [T:0x5c19a] [DisplayControl] monitor video_port_sn = YDJ243400006
2025/10/27 06:28:36.155 [T:0x5c19a] [DisplayControl] model_name_match = 0
2025/10/27 06:28:36.155 [T:0x5c19a] [DisplayControl] sn_match = 0
2025/10/27 06:28:36.155 [T:0x5c19a] [DisplayControl] video_port is_match = 0
2025/10/27 06:28:36.155 [T:0x5c19a] [DisplayControl] index of display_info_vec = 1
2025/10/27 06:28:36.155 [T:0x5c19a] [DisplayControl] index of p_lpo_display_info_video_port = 1
2025/10/27 06:28:36.156 [T:0x5c19a] [DisplayControl] VideoPortMatchingRule
2025/10/27 06:28:36.156 [T:0x5c19a] [DisplayControl] monitor display_info_model_name = VG275
2025/10/27 06:28:36.156 [T:0x5c19a] [DisplayControl] monitor video_port_model_name = VG275
2025/10/27 06:28:36.156 [T:0x5c19a] [DisplayControl] monitor display_info_sn = XF6232400003
2025/10/27 06:28:36.156 [T:0x5c19a] [DisplayControl] monitor video_port_sn = XF6232400003
2025/10/27 06:28:36.156 [T:0x5c19a] [DisplayControl] model_name_match = 1
2025/10/27 06:28:36.156 [T:0x5c19a] [DisplayControl] sn_match = 1
2025/10/27 06:28:36.156 [T:0x5c19a] [DisplayControl] video_port is_match = 1
2025/10/27 06:28:36.156 [T:0x5c19a] [DisplayControl] i = 0
2025/10/27 06:28:36.156 [T:0x5c19a] [DisplayControl] Enter OperationThread::OperationThread()
2025/10/27 06:28:36.156 [T:0x5c19a] [DisplayControl] Enter OperationThread::CreateThread
2025/10/27 06:28:36.156 [T:0x5c19a] [DisplayControl] new DisplayFunctioner
2025/10/27 06:28:36.156 [T:0x5c19a] [DisplayControl] insert displayer_vector
2025/10/27 06:28:36.156 [T:0x5c19a] [DisplayControl] insert modelName_SN_to_Display_map
2025/10/27 06:28:36.156 [T:0x5c19a] [DisplayControl] insert device_id_to_Displayer_map_
2025/10/27 06:28:36.156 [T:0x5c19a] [DisplayControl] i = 1
2025/10/27 06:28:36.156 [T:0x5c19a] [DisplayControl] Enter OperationThread::OperationThread()
2025/10/27 06:28:36.156 [T:0x5c19a] [DisplayControl] Enter OperationThread::CreateThread
2025/10/27 06:28:36.156 [T:0x5c19a] [DisplayControl] new DisplayFunctioner
2025/10/27 06:28:36.156 [T:0x5c19a] [DisplayControl] insert displayer_vector
2025/10/27 06:28:36.156 [T:0x5c19a] [DisplayControl] insert modelName_SN_to_Display_map
2025/10/27 06:28:36.156 [T:0x5c19a] [DisplayControl] insert device_id_to_Displayer_map_
2025/10/27 06:28:36.156 [T:0x5c19a] [DisplayControl] monitor size = 2
2025/10/27 06:28:36.156 [T:0x5c19a] [DisplayControl] Exit ObtainControlHandler
2025/10/27 06:28:36.157 [T:0x5c19a] [DisplayControl] Enter MCCSOtherSet::GetVCP(), vcp code = 16
2025/10/27 06:28:36.240 [T:0x5c19a] [DisplayControl] Exit MCCSOtherSet::GetVCP()
2025/10/27 06:28:36.240 [T:0x5c19a] [DisplayControl] Enter MCCSOtherSet::GetVCP(), vcp code = 225
2025/10/27 06:28:36.381 [T:0x5c19a] [DisplayControl] Exit MCCSOtherSet::GetVCP()
2025/10/27 06:28:36.488 [T:0x5c19a] [DisplayControl] Enter MCCSOtherSet::GetVCP(), vcp code = 220
2025/10/27 06:28:36.570 [T:0x5c19a] [DisplayControl] Exit MCCSOtherSet::GetVCP()
2025/10/27 06:28:36.676 [T:0x5c19a] [DisplayControl] Enter MCCSOtherSet::GetVCP(), vcp code = 141
2025/10/27 06:28:36.758 [T:0x5c19a] [DisplayControl] Exit MCCSOtherSet::GetVCP()
2025/10/27 06:28:36.865 [T:0x5c19a] [DisplayControl] Enter MCCSOtherSet::GetVCP(), vcp code = 43
2025/10/27 06:28:36.946 [T:0x5c19a] [DisplayControl] Exit MCCSOtherSet::GetVCP()
2025/10/27 06:28:37.052 [T:0x5c19a] [DisplayControl] Enter MCCSOtherSet::GetVCP(), vcp code = 4
2025/10/27 06:28:37.134 [T:0x5c19a] [DisplayControl] Exit MCCSOtherSet::GetVCP()
2025/10/27 06:28:37.241 [T:0x5c19a] [DisplayControl] Enter MCCSOtherSet::GetVCP(), vcp code = 245
2025/10/27 06:28:37.323 [T:0x5c19a] [DisplayControl] Exit MCCSOtherSet::GetVCP()
2025/10/27 06:28:37.430 [T:0x5c19a] [DisplayControl] Enter MCCSOtherSet::GetVCP(), vcp code = 135
2025/10/27 06:28:37.512 [T:0x5c19a] [DisplayControl] Exit MCCSOtherSet::GetVCP()
2025/10/27 06:28:37.618 [T:0x5c19a] [DisplayControl] Enter MCCSOtherSet::GetVCP(), vcp code = 98
2025/10/27 06:28:37.700 [T:0x5c19a] [DisplayControl] Exit MCCSOtherSet::GetVCP()
2025/10/27 06:28:37.806 [T:0x5c19a] [DisplayControl] Enter MCCSOtherSet::GetVCP(), vcp code = 97
2025/10/27 06:28:37.889 [T:0x5c19a] [DisplayControl] Exit MCCSOtherSet::GetVCP()
2025/10/27 06:28:37.995 [T:0x5c19a] [DisplayControl] Enter MCCSOtherSet::GetVCP(), vcp code = 16
2025/10/27 06:28:38.077 [T:0x5c19a] [DisplayControl] Exit MCCSOtherSet::GetVCP()
2025/10/27 06:28:38.183 [T:0x5c19a] [DisplayControl] Enter MCCSOtherSet::GetVCP(), vcp code = 51
2025/10/27 06:28:38.265 [T:0x5c19a] [DisplayControl] Exit MCCSOtherSet::GetVCP()
2025/10/27 06:28:38.371 [T:0x5c19a] [DisplayControl] Enter MCCSOtherSet::GetVCP(), vcp code = 96
2025/10/27 06:28:38.453 [T:0x5c19a] [DisplayControl] Exit MCCSOtherSet::GetVCP()
2025/10/27 06:28:38.475 [T:0xa9fa4] [DisplayControl] Enter MCCSOtherSet::GetVCP(), vcp code = 96
2025/10/27 06:28:38.560 [T:0x5c19a] [DisplayControl] Enter MCCSOtherSet::GetVCP(), vcp code = 18
2025/10/27 06:28:38.651 [T:0xa9fa4] [DisplayControl] Exit MCCSOtherSet::GetVCP()
2025/10/27 06:28:38.824 [T:0x5c19a] [DisplayControl] Exit MCCSOtherSet::GetVCP()
2025/10/27 06:28:38.926 [T:0x5c19a] [DisplayControl] Enter MCCSOtherSet::GetVCP(), vcp code = 20
2025/10/27 06:28:39.120 [T:0x5c19a] [DisplayControl] Exit MCCSOtherSet::GetVCP()
2025/10/27 06:28:39.234 [T:0x5c19a] [DisplayControl] Enter MCCSOtherSet::GetVCP(), vcp code = 236
2025/10/27 06:28:39.325 [T:0x5c19a] [DisplayControl] Exit MCCSOtherSet::GetVCP()
2025/10/27 06:28:39.427 [T:0x5c19a] [DisplayControl] Enter MCCSOtherSet::GetVCP(), vcp code = 225
2025/10/27 06:28:39.514 [T:0x5c19a] [DisplayControl] Exit MCCSOtherSet::GetVCP()
2025/10/27 06:28:39.616 [T:0x5c19a] [DisplayControl] Enter MCCSOtherSet::GetVCP(), vcp code = 220
2025/10/27 06:28:39.702 [T:0x5c19a] [DisplayControl] Exit MCCSOtherSet::GetVCP()
2025/10/27 06:28:39.804 [T:0x5c19a] [DisplayControl] Enter MCCSOtherSet::GetVCP(), vcp code = 141
2025/10/27 06:28:39.891 [T:0x5c19a] [DisplayControl] Exit MCCSOtherSet::GetVCP()
2025/10/27 06:28:39.992 [T:0x5c19a] [DisplayControl] Enter MCCSOtherSet::GetVCP(), vcp code = 43
2025/10/27 06:28:40.078 [T:0x5c19a] [DisplayControl] Exit MCCSOtherSet::GetVCP()
2025/10/27 06:28:40.181 [T:0x5c19a] [DisplayControl] Enter MCCSOtherSet::GetVCP(), vcp code = 4
2025/10/27 06:28:40.267 [T:0x5c19a] [DisplayControl] Exit MCCSOtherSet::GetVCP()
2025/10/27 06:28:40.369 [T:0x5c19a] [DisplayControl] Enter MCCSOtherSet::GetVCP(), vcp code = 135
2025/10/27 06:28:40.455 [T:0x5c19a] [DisplayControl] Exit MCCSOtherSet::GetVCP()
2025/10/27 06:28:40.557 [T:0x5c19a] [DisplayControl] Enter MCCSOtherSet::GetVCP(), vcp code = 98
2025/10/27 06:28:40.643 [T:0x5c19a] [DisplayControl] Exit MCCSOtherSet::GetVCP()
2025/10/27 06:28:40.745 [T:0x5c19a] [DisplayControl] Enter MCCSOtherSet::GetVCP(), vcp code = 97
2025/10/27 06:28:40.831 [T:0x5c19a] [DisplayControl] Exit MCCSOtherSet::GetVCP()
2025/10/27 06:28:40.933 [T:0x5c19a] [DisplayControl] Enter MCCSOtherSet::GetVCP(), vcp code = 16
2025/10/27 06:28:41.020 [T:0x5c19a] [DisplayControl] Exit MCCSOtherSet::GetVCP()
2025/10/27 06:28:41.122 [T:0x5c19a] [DisplayControl] Enter MCCSOtherSet::GetVCP(), vcp code = 51
2025/10/27 06:28:41.208 [T:0x5c19a] [DisplayControl] Exit MCCSOtherSet::GetVCP()
2025/10/27 06:28:41.311 [T:0x5c19a] [DisplayControl] Enter MCCSOtherSet::GetVCP(), vcp code = 96
2025/10/27 06:28:41.397 [T:0x5c19a] [DisplayControl] Exit MCCSOtherSet::GetVCP()
2025/10/27 06:28:41.499 [T:0x5c19a] [DisplayControl] Enter MCCSOtherSet::GetVCP(), vcp code = 18
2025/10/27 06:28:41.585 [T:0x5c19a] [DisplayControl] Exit MCCSOtherSet::GetVCP()
2025/10/27 06:28:41.687 [T:0x5c19a] [DisplayControl] Enter MCCSOtherSet::GetVCP(), vcp code = 226
2025/10/27 06:28:41.773 [T:0x5c19a] [DisplayControl] Exit MCCSOtherSet::GetVCP()
2025/10/27 06:29:47.581 [T:0xa9fa4] [DisplayControl] Enter MCCSOtherSet::GetVCP(), vcp code = 96
2025/10/27 06:29:47.686 [T:0xa9fa4] [DisplayControl] Exit MCCSOtherSet::GetVCP()
2025/10/27 06:29:47.957 [T:0x69b49] [DisplayControl] Enter MCCSOtherSet::GetVCP(), vcp code = 236
2025/10/27 06:29:48.040 [T:0x69b49] [DisplayControl] Exit MCCSOtherSet::GetVCP()
2025/10/27 06:29:48.152 [T:0x69b49] [DisplayControl] Enter MCCSOtherSet::GetVCP(), vcp code = 225
2025/10/27 06:29:48.269 [T:0x69b49] [DisplayControl] Exit MCCSOtherSet::GetVCP()
2025/10/27 06:29:48.371 [T:0x69b49] [DisplayControl] Enter MCCSOtherSet::GetVCP(), vcp code = 220
2025/10/27 06:29:48.457 [T:0x69b49] [DisplayControl] Exit MCCSOtherSet::GetVCP()
2025/10/27 06:29:48.559 [T:0x69b49] [DisplayControl] Enter MCCSOtherSet::GetVCP(), vcp code = 141
2025/10/27 06:29:48.645 [T:0x69b49] [DisplayControl] Exit MCCSOtherSet::GetVCP()
2025/10/27 06:29:48.747 [T:0x69b49] [DisplayControl] Enter MCCSOtherSet::GetVCP(), vcp code = 43
2025/10/27 06:29:48.833 [T:0x69b49] [DisplayControl] Exit MCCSOtherSet::GetVCP()
2025/10/27 06:29:48.935 [T:0x69b49] [DisplayControl] Enter MCCSOtherSet::GetVCP(), vcp code = 4
2025/10/27 06:29:49.021 [T:0x69b49] [DisplayControl] Exit MCCSOtherSet::GetVCP()
2025/10/27 06:29:49.124 [T:0x69b49] [DisplayControl] Enter MCCSOtherSet::GetVCP(), vcp code = 135
2025/10/27 06:29:49.209 [T:0x69b49] [DisplayControl] Exit MCCSOtherSet::GetVCP()
2025/10/27 06:29:49.312 [T:0x69b49] [DisplayControl] Enter MCCSOtherSet::GetVCP(), vcp code = 98
2025/10/27 06:29:49.398 [T:0x69b49] [DisplayControl] Exit MCCSOtherSet::GetVCP()
2025/10/27 06:29:49.500 [T:0x69b49] [DisplayControl] Enter MCCSOtherSet::GetVCP(), vcp code = 97
2025/10/27 06:29:49.586 [T:0x69b49] [DisplayControl] Exit MCCSOtherSet::GetVCP()
2025/10/27 06:29:49.688 [T:0x69b49] [DisplayControl] Enter MCCSOtherSet::GetVCP(), vcp code = 16
2025/10/27 06:29:49.774 [T:0x69b49] [DisplayControl] Exit MCCSOtherSet::GetVCP()
2025/10/27 06:29:49.877 [T:0x69b49] [DisplayControl] Enter MCCSOtherSet::GetVCP(), vcp code = 51
2025/10/27 06:29:49.962 [T:0x69b49] [DisplayControl] Exit MCCSOtherSet::GetVCP()
2025/10/27 06:29:50.065 [T:0x69b49] [DisplayControl] Enter MCCSOtherSet::GetVCP(), vcp code = 96
2025/10/27 06:29:50.151 [T:0x69b49] [DisplayControl] Exit MCCSOtherSet::GetVCP()
2025/10/27 06:29:50.253 [T:0x69b49] [DisplayControl] Enter MCCSOtherSet::GetVCP(), vcp code = 18
2025/10/27 06:29:50.339 [T:0x69b49] [DisplayControl] Exit MCCSOtherSet::GetVCP()
2025/10/27 06:29:50.441 [T:0x69b49] [DisplayControl] Enter MCCSOtherSet::GetVCP(), vcp code = 226
2025/10/27 06:29:50.527 [T:0x69b49] [DisplayControl] Exit MCCSOtherSet::GetVCP()
2025/10/27 06:30:04.398 [T:0x69b49] [DisplayControl] Enter MCCSOtherSet::SetVCP(), vcp code = 4
2025/10/27 06:30:05.339 [T:0x69b49] [DisplayControl] Exit MCCSOtherSet::SetVCP()
2025/10/27 06:30:10.461 [T:0x69b49] [DisplayControl] Enter OperationThread::ExitThread
2025/10/27 06:30:10.462 [T:0x69b49] [DisplayControl] Exit OperationThread::ExitThread
2025/10/27 06:30:10.462 [T:0x69b49] [DisplayControl] Enter OperationThread::~OperationThread()
2025/10/27 06:30:10.462 [T:0x69b49] [DisplayControl] Enter OperationThread::ExitThread
2025/10/27 06:30:10.462 [T:0x69b49] [DisplayControl] Enter OperationThread::ExitThread
2025/10/27 06:30:10.462 [T:0x69b49] [DisplayControl] Exit OperationThread::ExitThread
2025/10/27 06:30:10.462 [T:0x69b49] [DisplayControl] Enter OperationThread::~OperationThread()
2025/10/27 06:30:10.462 [T:0x69b49] [DisplayControl] Enter OperationThread::ExitThread
2025/10/27 06:30:10.486 [T:0x69b49] [DbgStr] After calling display_control_client_listener_video_port_.UpdateAllDisplayPath()
2025/10/27 06:30:10.502 [T:0x69b49] [DbgStr] After calling display_control_client_listener_.GetAllDisplayEDID()
2025/10/27 06:30:10.504 [T:0x69b49] [DisplayControl] Version = 3.0.6.0
2025/10/27 06:30:10.504 [T:0x69b49] [DisplayControl] Enter ObtainControlHandler1
2025/10/27 06:30:10.504 [T:0x69b49] [DisplayControl] GetVideoPortCommander
2025/10/27 06:30:10.504 [T:0x69b49] [DisplayControl] GetUSBHubCommander
2025/10/27 06:30:10.504 [T:0x69b49] ====== List p_lpo_display_info_video_port, # of devices is ======2
2025/10/27 06:30:10.504 [T:0x69b49] [DisplayControl] index of p_lpo_display_info_video_port0
2025/10/27 06:30:10.504 [T:0x69b49] [DisplayControl] Model name from VideoPort = VG2458
2025/10/27 06:30:10.504 [T:0x69b49] [DisplayControl] SN from VideoPort = YDJ243400006
2025/10/27 06:30:10.504 [T:0x69b49] [DisplayControl] index of p_lpo_display_info_video_port1
2025/10/27 06:30:10.504 [T:0x69b49] [DisplayControl] Model name from VideoPort = VG275
2025/10/27 06:30:10.504 [T:0x69b49] [DisplayControl] SN from VideoPort = XF6232400003
2025/10/27 06:30:10.504 [T:0x69b49] ====== List p_lpo_display_info_rtd_scalar_rts_hub, # of devices is ======0
2025/10/27 06:30:10.504 [T:0x69b49] [DisplayControl] GetVSRtkHubControlClientListener
2025/10/27 06:30:10.504 [T:0x69b49] [DisplayControl] max monitor count = 2
2025/10/27 06:30:10.504 [T:0x69b49] [DisplayControl] index of display_info_vec = 0
2025/10/27 06:30:10.504 [T:0x69b49] [DisplayControl] index of p_lpo_display_info_video_port = 0
2025/10/27 06:30:10.504 [T:0x69b49] [DisplayControl] VideoPortMatchingRule
2025/10/27 06:30:10.504 [T:0x69b49] [DisplayControl] monitor display_info_model_name = VG2458
2025/10/27 06:30:10.505 [T:0x69b49] [DisplayControl] monitor video_port_model_name = VG2458
2025/10/27 06:30:10.505 [T:0x69b49] [DisplayControl] monitor display_info_sn = YDJ243400006
2025/10/27 06:30:10.505 [T:0x69b49] [DisplayControl] monitor video_port_sn = YDJ243400006
2025/10/27 06:30:10.505 [T:0x69b49] [DisplayControl] model_name_match = 1
2025/10/27 06:30:10.505 [T:0x69b49] [DisplayControl] sn_match = 1
2025/10/27 06:30:10.505 [T:0x69b49] [DisplayControl] video_port is_match = 1
2025/10/27 06:30:10.505 [T:0x69b49] [DisplayControl] index of display_info_vec = 1
2025/10/27 06:30:10.505 [T:0x69b49] [DisplayControl] index of p_lpo_display_info_video_port = 0
2025/10/27 06:30:10.505 [T:0x69b49] [DisplayControl] VideoPortMatchingRule
2025/10/27 06:30:10.505 [T:0x69b49] [DisplayControl] monitor display_info_model_name = VG275
2025/10/27 06:30:10.505 [T:0x69b49] [DisplayControl] monitor video_port_model_name = VG2458
2025/10/27 06:30:10.505 [T:0x69b49] [DisplayControl] monitor display_info_sn = XF6232400003
2025/10/27 06:30:10.505 [T:0x69b49] [DisplayControl] monitor video_port_sn = YDJ243400006
2025/10/27 06:30:10.505 [T:0x69b49] [DisplayControl] model_name_match = 0
2025/10/27 06:30:10.505 [T:0x69b49] [DisplayControl] sn_match = 0
2025/10/27 06:30:10.505 [T:0x69b49] [DisplayControl] video_port is_match = 0
2025/10/27 06:30:10.505 [T:0x69b49] [DisplayControl] index of display_info_vec = 1
2025/10/27 06:30:10.505 [T:0x69b49] [DisplayControl] index of p_lpo_display_info_video_port = 1
2025/10/27 06:30:10.505 [T:0x69b49] [DisplayControl] VideoPortMatchingRule
2025/10/27 06:30:10.505 [T:0x69b49] [DisplayControl] monitor display_info_model_name = VG275
2025/10/27 06:30:10.505 [T:0x69b49] [DisplayControl] monitor video_port_model_name = VG275
2025/10/27 06:30:10.505 [T:0x69b49] [DisplayControl] monitor display_info_sn = XF6232400003
2025/10/27 06:30:10.505 [T:0x69b49] [DisplayControl] monitor video_port_sn = XF6232400003
2025/10/27 06:30:10.505 [T:0x69b49] [DisplayControl] model_name_match = 1
2025/10/27 06:30:10.505 [T:0x69b49] [DisplayControl] sn_match = 1
2025/10/27 06:30:10.505 [T:0x69b49] [DisplayControl] video_port is_match = 1
2025/10/27 06:30:10.505 [T:0x69b49] [DisplayControl] i = 0
2025/10/27 06:30:10.506 [T:0x69b49] [DisplayControl] Enter OperationThread::OperationThread()
2025/10/27 06:30:10.506 [T:0x69b49] [DisplayControl] Enter OperationThread::CreateThread
2025/10/27 06:30:10.506 [T:0x69b49] [DisplayControl] new DisplayFunctioner
2025/10/27 06:30:10.506 [T:0x69b49] [DisplayControl] insert displayer_vector
2025/10/27 06:30:10.506 [T:0x69b49] [DisplayControl] insert modelName_SN_to_Display_map
2025/10/27 06:30:10.506 [T:0x69b49] [DisplayControl] insert device_id_to_Displayer_map_
2025/10/27 06:30:10.506 [T:0x69b49] [DisplayControl] i = 1
2025/10/27 06:30:10.506 [T:0x69b49] [DisplayControl] Enter OperationThread::OperationThread()
2025/10/27 06:30:10.506 [T:0x69b49] [DisplayControl] Enter OperationThread::CreateThread
2025/10/27 06:30:10.506 [T:0x69b49] [DisplayControl] new DisplayFunctioner
2025/10/27 06:30:10.506 [T:0x69b49] [DisplayControl] insert displayer_vector
2025/10/27 06:30:10.506 [T:0x69b49] [DisplayControl] insert modelName_SN_to_Display_map
2025/10/27 06:30:10.506 [T:0x69b49] [DisplayControl] insert device_id_to_Displayer_map_
2025/10/27 06:30:10.506 [T:0x69b49] [DisplayControl] monitor size = 2
2025/10/27 06:30:10.506 [T:0x69b49] [DisplayControl] Exit ObtainControlHandler
2025/10/27 06:30:10.506 [T:0x69b49] [DisplayControl] Enter MCCSOtherSet::GetVCP(), vcp code = 16
2025/10/27 06:30:10.595 [T:0x69b49] [DisplayControl] Exit MCCSOtherSet::GetVCP()
2025/10/27 06:30:10.595 [T:0x69b49] [DisplayControl] Enter MCCSOtherSet::GetVCP(), vcp code = 225
2025/10/27 06:30:10.669 [T:0x69b49] [DisplayControl] Exit MCCSOtherSet::GetVCP()
2025/10/27 06:30:10.775 [T:0x69b49] [DisplayControl] Enter MCCSOtherSet::GetVCP(), vcp code = 220
2025/10/27 06:30:10.857 [T:0x69b49] [DisplayControl] Exit MCCSOtherSet::GetVCP()
2025/10/27 06:30:10.964 [T:0x69b49] [DisplayControl] Enter MCCSOtherSet::GetVCP(), vcp code = 141
2025/10/27 06:30:11.045 [T:0x69b49] [DisplayControl] Exit MCCSOtherSet::GetVCP()
2025/10/27 06:30:11.152 [T:0x69b49] [DisplayControl] Enter MCCSOtherSet::GetVCP(), vcp code = 43
2025/10/27 06:30:11.234 [T:0x69b49] [DisplayControl] Exit MCCSOtherSet::GetVCP()
2025/10/27 06:30:11.340 [T:0x69b49] [DisplayControl] Enter MCCSOtherSet::GetVCP(), vcp code = 4
2025/10/27 06:30:11.422 [T:0x69b49] [DisplayControl] Exit MCCSOtherSet::GetVCP()
2025/10/27 06:30:11.528 [T:0x69b49] [DisplayControl] Enter MCCSOtherSet::GetVCP(), vcp code = 245
2025/10/27 06:30:11.610 [T:0x69b49] [DisplayControl] Exit MCCSOtherSet::GetVCP()
2025/10/27 06:30:11.717 [T:0x69b49] [DisplayControl] Enter MCCSOtherSet::GetVCP(), vcp code = 135
2025/10/27 06:30:11.798 [T:0x69b49] [DisplayControl] Exit MCCSOtherSet::GetVCP()
2025/10/27 06:30:11.904 [T:0x69b49] [DisplayControl] Enter MCCSOtherSet::GetVCP(), vcp code = 98
2025/10/27 06:30:11.986 [T:0x69b49] [DisplayControl] Exit MCCSOtherSet::GetVCP()
2025/10/27 06:30:12.093 [T:0x69b49] [DisplayControl] Enter MCCSOtherSet::GetVCP(), vcp code = 97
2025/10/27 06:30:12.175 [T:0x69b49] [DisplayControl] Exit MCCSOtherSet::GetVCP()
2025/10/27 06:30:12.281 [T:0x69b49] [DisplayControl] Enter MCCSOtherSet::GetVCP(), vcp code = 16
2025/10/27 06:30:12.363 [T:0x69b49] [DisplayControl] Exit MCCSOtherSet::GetVCP()
2025/10/27 06:30:12.469 [T:0x69b49] [DisplayControl] Enter MCCSOtherSet::GetVCP(), vcp code = 51
2025/10/27 06:30:12.551 [T:0x69b49] [DisplayControl] Exit MCCSOtherSet::GetVCP()
2025/10/27 06:30:12.658 [T:0x69b49] [DisplayControl] Enter MCCSOtherSet::GetVCP(), vcp code = 96
2025/10/27 06:30:12.739 [T:0x69b49] [DisplayControl] Exit MCCSOtherSet::GetVCP()
2025/10/27 06:30:12.846 [T:0x69b49] [DisplayControl] Enter MCCSOtherSet::GetVCP(), vcp code = 18
2025/10/27 06:30:12.928 [T:0x69b49] [DisplayControl] Exit MCCSOtherSet::GetVCP()
2025/10/27 06:30:13.034 [T:0x69b49] [DisplayControl] Enter MCCSOtherSet::GetVCP(), vcp code = 20
2025/10/27 06:30:13.116 [T:0x69b49] [DisplayControl] Exit MCCSOtherSet::GetVCP()
2025/10/27 06:30:13.223 [T:0x69b49] [DisplayControl] Enter MCCSOtherSet::GetVCP(), vcp code = 236
2025/10/27 06:30:13.309 [T:0x69b49] [DisplayControl] Exit MCCSOtherSet::GetVCP()
2025/10/27 06:30:13.411 [T:0x69b49] [DisplayControl] Enter MCCSOtherSet::GetVCP(), vcp code = 225
2025/10/27 06:30:13.497 [T:0x69b49] [DisplayControl] Exit MCCSOtherSet::GetVCP()
2025/10/27 06:30:13.599 [T:0x69b49] [DisplayControl] Enter MCCSOtherSet::GetVCP(), vcp code = 220
2025/10/27 06:30:13.686 [T:0x69b49] [DisplayControl] Exit MCCSOtherSet::GetVCP()
2025/10/27 06:30:13.788 [T:0x69b49] [DisplayControl] Enter MCCSOtherSet::GetVCP(), vcp code = 141
2025/10/27 06:30:13.873 [T:0x69b49] [DisplayControl] Exit MCCSOtherSet::GetVCP()
2025/10/27 06:30:13.976 [T:0x69b49] [DisplayControl] Enter MCCSOtherSet::GetVCP(), vcp code = 43
2025/10/27 06:30:14.061 [T:0x69b49] [DisplayControl] Exit MCCSOtherSet::GetVCP()
2025/10/27 06:30:14.164 [T:0x69b49] [DisplayControl] Enter MCCSOtherSet::GetVCP(), vcp code = 4
2025/10/27 06:30:14.250 [T:0x69b49] [DisplayControl] Exit MCCSOtherSet::GetVCP()
2025/10/27 06:30:14.352 [T:0x69b49] [DisplayControl] Enter MCCSOtherSet::GetVCP(), vcp code = 135
2025/10/27 06:30:14.438 [T:0x69b49] [DisplayControl] Exit MCCSOtherSet::GetVCP()
2025/10/27 06:30:14.540 [T:0x69b49] [DisplayControl] Enter MCCSOtherSet::GetVCP(), vcp code = 98
2025/10/27 06:30:14.626 [T:0x69b49] [DisplayControl] Exit MCCSOtherSet::GetVCP()
2025/10/27 06:30:14.728 [T:0x69b49] [DisplayControl] Enter MCCSOtherSet::GetVCP(), vcp code = 97
2025/10/27 06:30:14.814 [T:0x69b49] [DisplayControl] Exit MCCSOtherSet::GetVCP()
2025/10/27 06:30:14.917 [T:0x69b49] [DisplayControl] Enter MCCSOtherSet::GetVCP(), vcp code = 16
2025/10/27 06:30:15.003 [T:0x69b49] [DisplayControl] Exit MCCSOtherSet::GetVCP()
2025/10/27 06:30:15.105 [T:0x69b49] [DisplayControl] Enter MCCSOtherSet::GetVCP(), vcp code = 51
2025/10/27 06:30:15.191 [T:0x69b49] [DisplayControl] Exit MCCSOtherSet::GetVCP()
2025/10/27 06:30:15.294 [T:0x69b49] [DisplayControl] Enter MCCSOtherSet::GetVCP(), vcp code = 96
2025/10/27 06:30:15.379 [T:0x69b49] [DisplayControl] Exit MCCSOtherSet::GetVCP()
2025/10/27 06:30:15.482 [T:0x69b49] [DisplayControl] Enter MCCSOtherSet::GetVCP(), vcp code = 18
2025/10/27 06:30:15.567 [T:0x69b49] [DisplayControl] Exit MCCSOtherSet::GetVCP()
2025/10/27 06:30:15.670 [T:0x69b49] [DisplayControl] Enter MCCSOtherSet::GetVCP(), vcp code = 226
2025/10/27 06:30:15.756 [T:0x69b49] [DisplayControl] Exit MCCSOtherSet::GetVCP()
