2025/10/28 05:01:38.009 [T:0xb2aa4] [DisplayControl] Enter ObtainControlHandler1
2025/10/28 05:01:38.009 [T:0xb2aa4] [DisplayControl] GetVideoPortCommander
2025/10/28 05:01:38.009 [T:0xb2aa4] [DisplayControl] GetUSBHubCommander
2025/10/28 05:01:38.009 [T:0xb2aa4] ====== List p_lpo_display_info_video_port, # of devices is ======2
2025/10/28 05:01:38.009 [T:0xb2aa4] [DisplayControl] index of p_lpo_display_info_video_port0
2025/10/28 05:01:38.009 [T:0xb2aa4] [DisplayControl] Model name from VideoPort = VG2458
2025/10/28 05:01:38.009 [T:0xb2aa4] [DisplayControl] SN from VideoPort = YDJ243400006
2025/10/28 05:01:38.009 [T:0xb2aa4] [DisplayControl] index of p_lpo_display_info_video_port1
2025/10/28 05:01:38.009 [T:0xb2aa4] [DisplayControl] Model name from VideoPort = VG275
2025/10/28 05:01:38.009 [T:0xb2aa4] [DisplayControl] SN from VideoPort = XF6232400003
2025/10/28 05:01:38.010 [T:0xb2aa4] ====== List p_lpo_display_info_rtd_scalar_rts_hub, # of devices is ======0
2025/10/28 05:01:38.010 [T:0xb2aa4] [DisplayControl] GetVSRtkHubControlClientListener
2025/10/28 05:01:38.010 [T:0xb2aa4] [DisplayControl] max monitor count = 2
2025/10/28 05:01:38.010 [T:0xb2aa4] [DisplayControl] index of display_info_vec = 0
2025/10/28 05:01:38.010 [T:0xb2aa4] [DisplayControl] index of p_lpo_display_info_video_port = 0
2025/10/28 05:01:38.010 [T:0xb2aa4] [DisplayControl] VideoPortMatchingRule
2025/10/28 05:01:38.010 [T:0xb2aa4] [DisplayControl] monitor display_info_model_name = VG2458
2025/10/28 05:01:38.010 [T:0xb2aa4] [DisplayControl] monitor video_port_model_name = VG2458
2025/10/28 05:01:38.010 [T:0xb2aa4] [DisplayControl] monitor display_info_sn = YDJ243400006
2025/10/28 05:01:38.010 [T:0xb2aa4] [DisplayControl] monitor video_port_sn = YDJ243400006
2025/10/28 05:01:38.010 [T:0xb2aa4] [DisplayControl] model_name_match = 1
2025/10/28 05:01:38.010 [T:0xb2aa4] [DisplayControl] sn_match = 1
2025/10/28 05:01:38.010 [T:0xb2aa4] [DisplayControl] video_port is_match = 1
2025/10/28 05:01:38.010 [T:0xb2aa4] [DisplayControl] index of display_info_vec = 1
2025/10/28 05:01:38.010 [T:0xb2aa4] [DisplayControl] index of p_lpo_display_info_video_port = 0
2025/10/28 05:01:38.010 [T:0xb2aa4] [DisplayControl] VideoPortMatchingRule
2025/10/28 05:01:38.010 [T:0xb2aa4] [DisplayControl] monitor display_info_model_name = VG275
2025/10/28 05:01:38.010 [T:0xb2aa4] [DisplayControl] monitor video_port_model_name = VG2458
2025/10/28 05:01:38.010 [T:0xb2aa4] [DisplayControl] monitor display_info_sn = XF6232400003
2025/10/28 05:01:38.010 [T:0xb2aa4] [DisplayControl] monitor video_port_sn = YDJ243400006
2025/10/28 05:01:38.010 [T:0xb2aa4] [DisplayControl] model_name_match = 0
2025/10/28 05:01:38.010 [T:0xb2aa4] [DisplayControl] sn_match = 0
2025/10/28 05:01:38.010 [T:0xb2aa4] [DisplayControl] video_port is_match = 0
2025/10/28 05:01:38.010 [T:0xb2aa4] [DisplayControl] index of display_info_vec = 1
2025/10/28 05:01:38.010 [T:0xb2aa4] [DisplayControl] index of p_lpo_display_info_video_port = 1
2025/10/28 05:01:38.010 [T:0xb2aa4] [DisplayControl] VideoPortMatchingRule
2025/10/28 05:01:38.010 [T:0xb2aa4] [DisplayControl] monitor display_info_model_name = VG275
2025/10/28 05:01:38.010 [T:0xb2aa4] [DisplayControl] monitor video_port_model_name = VG275
2025/10/28 05:01:38.011 [T:0xb2aa4] [DisplayControl] monitor display_info_sn = XF6232400003
2025/10/28 05:01:38.011 [T:0xb2aa4] [DisplayControl] monitor video_port_sn = XF6232400003
2025/10/28 05:01:38.011 [T:0xb2aa4] [DisplayControl] model_name_match = 1
2025/10/28 05:01:38.011 [T:0xb2aa4] [DisplayControl] sn_match = 1
2025/10/28 05:01:38.011 [T:0xb2aa4] [DisplayControl] video_port is_match = 1
2025/10/28 05:01:38.011 [T:0xb2aa4] [DisplayControl] i = 0
2025/10/28 05:01:38.011 [T:0xb2aa4] [DisplayControl] Enter OperationThread::OperationThread()
2025/10/28 05:01:38.011 [T:0xb2aa4] [DisplayControl] Enter OperationThread::CreateThread
2025/10/28 05:01:38.011 [T:0xb2aa4] [DisplayControl] new DisplayFunctioner
2025/10/28 05:01:38.011 [T:0xb2aa4] [DisplayControl] insert displayer_vector
2025/10/28 05:01:38.011 [T:0xb2aa4] [DisplayControl] insert modelName_SN_to_Display_map
2025/10/28 05:01:38.011 [T:0xb2aa4] [DisplayControl] insert device_id_to_Displayer_map_
2025/10/28 05:01:38.011 [T:0xb2aa4] [DisplayControl] i = 1
2025/10/28 05:01:38.011 [T:0xb2aa4] [DisplayControl] Enter OperationThread::OperationThread()
2025/10/28 05:01:38.011 [T:0xb2aa4] [DisplayControl] Enter OperationThread::CreateThread
2025/10/28 05:01:38.011 [T:0xb2aa4] [DisplayControl] new DisplayFunctioner
2025/10/28 05:01:38.011 [T:0xb2aa4] [DisplayControl] insert displayer_vector
2025/10/28 05:01:38.011 [T:0xb2aa4] [DisplayControl] insert modelName_SN_to_Display_map
2025/10/28 05:01:38.011 [T:0xb2aa4] [DisplayControl] insert device_id_to_Displayer_map_
2025/10/28 05:01:38.011 [T:0xb2aa4] [DisplayControl] monitor size = 2
2025/10/28 05:01:38.011 [T:0xb2aa4] [DisplayControl] Exit ObtainControlHandler
2025/10/28 05:01:38.012 [T:0xb2aa4] [DisplayControl] Enter MCCSOtherSet::GetVCP(), vcp code = 96
2025/10/28 05:01:38.098 [T:0xb2aa4] [DisplayControl] Exit MCCSOtherSet::GetVCP()
2025/10/28 05:01:38.416 [T:0xb2aa4] [DisplayControl] Enter MCCSOtherSet::GetVCP(), vcp code = 96
2025/10/28 05:01:38.528 [T:0xb2aa4] [DisplayControl] Exit MCCSOtherSet::GetVCP()
2025/10/28 05:01:38.909 [T:0xb2aa4] [DisplayControl] Enter MCCSOtherSet::SetVCP(), vcp code = 51
2025/10/28 05:01:39.069 [T:0xb2aa4] [DisplayControl] Exit MCCSOtherSet::SetVCP()
2025/10/28 05:01:39.071 [T:0xb2aa4] [DisplayControl] Enter MCCSOtherSet::SetVCP(), vcp code = 51
2025/10/28 05:01:39.266 [T:0xb2aa4] [DisplayControl] Exit MCCSOtherSet::SetVCP()
2025/10/28 05:01:39.269 [T:0xb2aa4] [DisplayControl] Enter MCCSOtherSet::GetVCP(), vcp code = 16
2025/10/28 05:01:39.399 [T:0xb2aa4] [DisplayControl] Exit MCCSOtherSet::GetVCP()
2025/10/28 05:01:39.513 [T:0xb2aa4] [DisplayControl] Enter MCCSOtherSet::GetVCP(), vcp code = 141
2025/10/28 05:01:39.650 [T:0xb2aa4] [DisplayControl] Exit MCCSOtherSet::GetVCP()
2025/10/28 05:01:39.763 [T:0xb2aa4] [DisplayControl] Enter MCCSOtherSet::GetVCP(), vcp code = 20
2025/10/28 05:01:39.885 [T:0xb2aa4] [DisplayControl] Exit MCCSOtherSet::GetVCP()
2025/10/28 05:01:39.999 [T:0xb2aa4] [DisplayControl] Enter MCCSOtherSet::GetVCP(), vcp code = 18
2025/10/28 05:01:40.123 [T:0xb2aa4] [DisplayControl] Exit MCCSOtherSet::GetVCP()
2025/10/28 05:01:40.235 [T:0xb2aa4] [DisplayControl] Enter MCCSOtherSet::GetVCP(), vcp code = 220
2025/10/28 05:01:40.317 [T:0xb2aa4] [DisplayControl] Exit MCCSOtherSet::GetVCP()
2025/10/28 05:01:40.423 [T:0xb2aa4] [DisplayControl] Enter MCCSOtherSet::GetVCP(), vcp code = 43
2025/10/28 05:01:40.505 [T:0xb2aa4] [DisplayControl] Exit MCCSOtherSet::GetVCP()
2025/10/28 05:01:40.612 [T:0xb2aa4] [DisplayControl] Enter MCCSOtherSet::GetVCP(), vcp code = 4
2025/10/28 05:01:40.694 [T:0xb2aa4] [DisplayControl] Exit MCCSOtherSet::GetVCP()
2025/10/28 05:01:40.800 [T:0xb2aa4] [DisplayControl] Enter MCCSOtherSet::GetVCP(), vcp code = 51
2025/10/28 05:01:40.923 [T:0xb2aa4] [DisplayControl] Exit MCCSOtherSet::GetVCP()
2025/10/28 05:01:41.036 [T:0xb2aa4] [DisplayControl] Enter MCCSOtherSet::GetVCP(), vcp code = 135
2025/10/28 05:01:41.174 [T:0xb2aa4] [DisplayControl] Exit MCCSOtherSet::GetVCP()
2025/10/28 05:01:41.287 [T:0xb2aa4] [DisplayControl] Enter MCCSOtherSet::GetVCP(), vcp code = 98
2025/10/28 05:01:41.409 [T:0xb2aa4] [DisplayControl] Exit MCCSOtherSet::GetVCP()
2025/10/28 05:01:41.522 [T:0xb2aa4] [DisplayControl] Enter MCCSOtherSet::GetVCP(), vcp code = 97
2025/10/28 05:01:41.661 [T:0xb2aa4] [DisplayControl] Exit MCCSOtherSet::GetVCP()
2025/10/28 05:01:41.773 [T:0xb2aa4] [DisplayControl] Enter MCCSOtherSet::GetVCP(), vcp code = 245
2025/10/28 05:01:41.911 [T:0xb2aa4] [DisplayControl] Exit MCCSOtherSet::GetVCP()
2025/10/28 05:01:42.024 [T:0xb2aa4] [DisplayControl] Enter MCCSOtherSet::GetVCP(), vcp code = 96
2025/10/28 05:01:42.132 [T:0xb2aa4] [DisplayControl] Exit MCCSOtherSet::GetVCP()
2025/10/28 05:01:42.244 [T:0xb2aa4] [DisplayControl] Enter MCCSOtherSet::GetVCP(), vcp code = 225
2025/10/28 05:01:42.335 [T:0xb2aa4] [DisplayControl] Exit MCCSOtherSet::GetVCP()
2025/10/28 05:01:42.449 [T:0xb2aa4] [DisplayControl] Enter MCCSOtherSet::GetVCP(), vcp code = 16
2025/10/28 05:01:42.577 [T:0xb2aa4] [DisplayControl] Exit MCCSOtherSet::GetVCP()
2025/10/28 05:01:42.684 [T:0xb2aa4] [DisplayControl] Enter MCCSOtherSet::GetVCP(), vcp code = 141
2025/10/28 05:01:42.812 [T:0xb2aa4] [DisplayControl] Exit MCCSOtherSet::GetVCP()
2025/10/28 05:01:42.920 [T:0xb2aa4] [DisplayControl] Enter MCCSOtherSet::GetVCP(), vcp code = 18
2025/10/28 05:01:43.048 [T:0xb2aa4] [DisplayControl] Exit MCCSOtherSet::GetVCP()
2025/10/28 05:01:43.155 [T:0xb2aa4] [DisplayControl] Enter MCCSOtherSet::GetVCP(), vcp code = 220
2025/10/28 05:01:43.272 [T:0xb2aa4] [DisplayControl] Exit MCCSOtherSet::GetVCP()
2025/10/28 05:01:43.374 [T:0xb2aa4] [DisplayControl] Enter MCCSOtherSet::GetVCP(), vcp code = 43
2025/10/28 05:01:43.504 [T:0xb2aa4] [DisplayControl] Exit MCCSOtherSet::GetVCP()
2025/10/28 05:01:43.610 [T:0xb2aa4] [DisplayControl] Enter MCCSOtherSet::GetVCP(), vcp code = 4
2025/10/28 05:01:43.739 [T:0xb2aa4] [DisplayControl] Exit MCCSOtherSet::GetVCP()
2025/10/28 05:01:43.846 [T:0xb2aa4] [DisplayControl] Enter MCCSOtherSet::GetVCP(), vcp code = 51
2025/10/28 05:01:43.975 [T:0xb2aa4] [DisplayControl] Exit MCCSOtherSet::GetVCP()
2025/10/28 05:01:44.081 [T:0xb2aa4] [DisplayControl] Enter MCCSOtherSet::GetVCP(), vcp code = 135
2025/10/28 05:01:44.208 [T:0xb2aa4] [DisplayControl] Exit MCCSOtherSet::GetVCP()
2025/10/28 05:01:44.317 [T:0xb2aa4] [DisplayControl] Enter MCCSOtherSet::GetVCP(), vcp code = 236
2025/10/28 05:01:44.431 [T:0xb2aa4] [DisplayControl] Exit MCCSOtherSet::GetVCP()
2025/10/28 05:01:44.537 [T:0xb2aa4] [DisplayControl] Enter MCCSOtherSet::GetVCP(), vcp code = 226
2025/10/28 05:01:44.664 [T:0xb2aa4] [DisplayControl] Exit MCCSOtherSet::GetVCP()
2025/10/28 05:01:44.772 [T:0xb2aa4] [DisplayControl] Enter MCCSOtherSet::GetVCP(), vcp code = 98
2025/10/28 05:01:44.899 [T:0xb2aa4] [DisplayControl] Exit MCCSOtherSet::GetVCP()
2025/10/28 05:01:45.007 [T:0xb2aa4] [DisplayControl] Enter MCCSOtherSet::GetVCP(), vcp code = 97
2025/10/28 05:01:45.120 [T:0xb2aa4] [DisplayControl] Exit MCCSOtherSet::GetVCP()
2025/10/28 05:01:45.227 [T:0xb2aa4] [DisplayControl] Enter MCCSOtherSet::GetVCP(), vcp code = 96
2025/10/28 05:01:45.324 [T:0xb2aa4] [DisplayControl] Exit MCCSOtherSet::GetVCP()
2025/10/28 05:01:45.431 [T:0xb2aa4] [DisplayControl] Enter MCCSOtherSet::GetVCP(), vcp code = 225
2025/10/28 05:01:45.558 [T:0xb2aa4] [DisplayControl] Exit MCCSOtherSet::GetVCP()
2025/10/28 05:01:45.693 [T:0xb2aa4] [DisplayControl] Enter MCCSOtherSet::GetVCP(), vcp code = 96
2025/10/28 05:01:45.804 [T:0xb2aa4] [DisplayControl] Exit MCCSOtherSet::GetVCP()
2025/10/28 05:01:45.806 [T:0xb2aa4] [DisplayControl] Enter MCCSOtherSet::GetVCP(), vcp code = 96
2025/10/28 05:01:45.951 [T:0xb2aa4] [DisplayControl] Exit MCCSOtherSet::GetVCP()
2025/10/28 05:01:46.637 [T:0x258f3] [DisplayControl] Enter MCCSOtherSet::SetVCP(), vcp code = 51
2025/10/28 05:01:46.824 [T:0x258f3] [DisplayControl] Exit MCCSOtherSet::SetVCP()
2025/10/28 05:02:25.968 [T:0x6c040] [DisplayControl] Enter MCCSOtherSet::SetVCP(), vcp code = 4
2025/10/28 05:02:26.906 [T:0x6c040] [DisplayControl] Exit MCCSOtherSet::SetVCP()
2025/10/28 05:02:32.026 [T:0x6c040] [DisplayControl] Enter OperationThread::ExitThread
2025/10/28 05:02:32.027 [T:0x6c040] [DisplayControl] Exit OperationThread::ExitThread
2025/10/28 05:02:32.027 [T:0x6c040] [DisplayControl] Enter OperationThread::~OperationThread()
2025/10/28 05:02:32.027 [T:0x6c040] [DisplayControl] Enter OperationThread::ExitThread
2025/10/28 05:02:32.027 [T:0x6c040] [DisplayControl] Enter OperationThread::ExitThread
2025/10/28 05:02:32.027 [T:0x6c040] [DisplayControl] Exit OperationThread::ExitThread
2025/10/28 05:02:32.027 [T:0x6c040] [DisplayControl] Enter OperationThread::~OperationThread()
2025/10/28 05:02:32.027 [T:0x6c040] [DisplayControl] Enter OperationThread::ExitThread
2025/10/28 05:02:32.056 [T:0x6c040] [DbgStr] After calling display_control_client_listener_video_port_.UpdateAllDisplayPath()
2025/10/28 05:02:32.072 [T:0x6c040] [DbgStr] After calling display_control_client_listener_.GetAllDisplayEDID()
2025/10/28 05:02:32.075 [T:0x6c040] [DisplayControl] Version = 3.0.6.0
2025/10/28 05:02:32.075 [T:0x6c040] [DisplayControl] Enter ObtainControlHandler1
2025/10/28 05:02:32.075 [T:0x6c040] [DisplayControl] GetVideoPortCommander
2025/10/28 05:02:32.075 [T:0x6c040] [DisplayControl] GetUSBHubCommander
2025/10/28 05:02:32.075 [T:0x6c040] ====== List p_lpo_display_info_video_port, # of devices is ======2
2025/10/28 05:02:32.075 [T:0x6c040] [DisplayControl] index of p_lpo_display_info_video_port0
2025/10/28 05:02:32.075 [T:0x6c040] [DisplayControl] Model name from VideoPort = VG2458
2025/10/28 05:02:32.075 [T:0x6c040] [DisplayControl] SN from VideoPort = YDJ243400006
2025/10/28 05:02:32.075 [T:0x6c040] [DisplayControl] index of p_lpo_display_info_video_port1
2025/10/28 05:02:32.075 [T:0x6c040] [DisplayControl] Model name from VideoPort = VG275
2025/10/28 05:02:32.075 [T:0x6c040] [DisplayControl] SN from VideoPort = XF6232400003
2025/10/28 05:02:32.075 [T:0x6c040] ====== List p_lpo_display_info_rtd_scalar_rts_hub, # of devices is ======0
2025/10/28 05:02:32.075 [T:0x6c040] [DisplayControl] GetVSRtkHubControlClientListener
2025/10/28 05:02:32.075 [T:0x6c040] [DisplayControl] max monitor count = 2
2025/10/28 05:02:32.075 [T:0x6c040] [DisplayControl] index of display_info_vec = 0
2025/10/28 05:02:32.075 [T:0x6c040] [DisplayControl] index of p_lpo_display_info_video_port = 0
2025/10/28 05:02:32.075 [T:0x6c040] [DisplayControl] VideoPortMatchingRule
2025/10/28 05:02:32.075 [T:0x6c040] [DisplayControl] monitor display_info_model_name = VG2458
2025/10/28 05:02:32.075 [T:0x6c040] [DisplayControl] monitor video_port_model_name = VG2458
2025/10/28 05:02:32.075 [T:0x6c040] [DisplayControl] monitor display_info_sn = YDJ243400006
2025/10/28 05:02:32.075 [T:0x6c040] [DisplayControl] monitor video_port_sn = YDJ243400006
2025/10/28 05:02:32.075 [T:0x6c040] [DisplayControl] model_name_match = 1
2025/10/28 05:02:32.076 [T:0x6c040] [DisplayControl] sn_match = 1
2025/10/28 05:02:32.076 [T:0x6c040] [DisplayControl] video_port is_match = 1
2025/10/28 05:02:32.076 [T:0x6c040] [DisplayControl] index of display_info_vec = 1
2025/10/28 05:02:32.076 [T:0x6c040] [DisplayControl] index of p_lpo_display_info_video_port = 0
2025/10/28 05:02:32.076 [T:0x6c040] [DisplayControl] VideoPortMatchingRule
2025/10/28 05:02:32.076 [T:0x6c040] [DisplayControl] monitor display_info_model_name = VG275
2025/10/28 05:02:32.076 [T:0x6c040] [DisplayControl] monitor video_port_model_name = VG2458
2025/10/28 05:02:32.076 [T:0x6c040] [DisplayControl] monitor display_info_sn = XF6232400003
2025/10/28 05:02:32.076 [T:0x6c040] [DisplayControl] monitor video_port_sn = YDJ243400006
2025/10/28 05:02:32.076 [T:0x6c040] [DisplayControl] model_name_match = 0
2025/10/28 05:02:32.076 [T:0x6c040] [DisplayControl] sn_match = 0
2025/10/28 05:02:32.076 [T:0x6c040] [DisplayControl] video_port is_match = 0
2025/10/28 05:02:32.076 [T:0x6c040] [DisplayControl] index of display_info_vec = 1
2025/10/28 05:02:32.076 [T:0x6c040] [DisplayControl] index of p_lpo_display_info_video_port = 1
2025/10/28 05:02:32.076 [T:0x6c040] [DisplayControl] VideoPortMatchingRule
2025/10/28 05:02:32.076 [T:0x6c040] [DisplayControl] monitor display_info_model_name = VG275
2025/10/28 05:02:32.076 [T:0x6c040] [DisplayControl] monitor video_port_model_name = VG275
2025/10/28 05:02:32.076 [T:0x6c040] [DisplayControl] monitor display_info_sn = XF6232400003
2025/10/28 05:02:32.076 [T:0x6c040] [DisplayControl] monitor video_port_sn = XF6232400003
2025/10/28 05:02:32.076 [T:0x6c040] [DisplayControl] model_name_match = 1
2025/10/28 05:02:32.076 [T:0x6c040] [DisplayControl] sn_match = 1
2025/10/28 05:02:32.076 [T:0x6c040] [DisplayControl] video_port is_match = 1
2025/10/28 05:02:32.076 [T:0x6c040] [DisplayControl] i = 0
2025/10/28 05:02:32.076 [T:0x6c040] [DisplayControl] Enter OperationThread::OperationThread()
2025/10/28 05:02:32.076 [T:0x6c040] [DisplayControl] Enter OperationThread::CreateThread
2025/10/28 05:02:32.077 [T:0x6c040] [DisplayControl] new DisplayFunctioner
2025/10/28 05:02:32.077 [T:0x6c040] [DisplayControl] insert displayer_vector
2025/10/28 05:02:32.077 [T:0x6c040] [DisplayControl] insert modelName_SN_to_Display_map
2025/10/28 05:02:32.077 [T:0x6c040] [DisplayControl] insert device_id_to_Displayer_map_
2025/10/28 05:02:32.077 [T:0x6c040] [DisplayControl] i = 1
2025/10/28 05:02:32.077 [T:0x6c040] [DisplayControl] Enter OperationThread::OperationThread()
2025/10/28 05:02:32.077 [T:0x6c040] [DisplayControl] Enter OperationThread::CreateThread
2025/10/28 05:02:32.077 [T:0x6c040] [DisplayControl] new DisplayFunctioner
2025/10/28 05:02:32.077 [T:0x6c040] [DisplayControl] insert displayer_vector
2025/10/28 05:02:32.077 [T:0x6c040] [DisplayControl] insert modelName_SN_to_Display_map
2025/10/28 05:02:32.077 [T:0x6c040] [DisplayControl] insert device_id_to_Displayer_map_
2025/10/28 05:02:32.077 [T:0x6c040] [DisplayControl] monitor size = 2
2025/10/28 05:02:32.077 [T:0x6c040] [DisplayControl] Exit ObtainControlHandler
2025/10/28 05:02:32.077 [T:0x6c040] [DisplayControl] Enter MCCSOtherSet::GetVCP(), vcp code = 16
2025/10/28 05:02:32.155 [T:0x6c040] [DisplayControl] Exit MCCSOtherSet::GetVCP()
2025/10/28 05:02:32.155 [T:0x6c040] [DisplayControl] Enter MCCSOtherSet::GetVCP(), vcp code = 16
2025/10/28 05:02:32.296 [T:0x6c040] [DisplayControl] Exit MCCSOtherSet::GetVCP()
2025/10/28 05:02:32.403 [T:0x6c040] [DisplayControl] Enter MCCSOtherSet::GetVCP(), vcp code = 141
2025/10/28 05:02:32.484 [T:0x6c040] [DisplayControl] Exit MCCSOtherSet::GetVCP()
2025/10/28 05:02:32.591 [T:0x6c040] [DisplayControl] Enter MCCSOtherSet::GetVCP(), vcp code = 20
2025/10/28 05:02:32.673 [T:0x6c040] [DisplayControl] Exit MCCSOtherSet::GetVCP()
2025/10/28 05:02:32.779 [T:0x6c040] [DisplayControl] Enter MCCSOtherSet::GetVCP(), vcp code = 18
2025/10/28 05:02:32.861 [T:0x6c040] [DisplayControl] Exit MCCSOtherSet::GetVCP()
2025/10/28 05:02:32.967 [T:0x6c040] [DisplayControl] Enter MCCSOtherSet::GetVCP(), vcp code = 220
2025/10/28 05:02:33.049 [T:0x6c040] [DisplayControl] Exit MCCSOtherSet::GetVCP()
2025/10/28 05:02:33.156 [T:0x6c040] [DisplayControl] Enter MCCSOtherSet::GetVCP(), vcp code = 43
2025/10/28 05:02:33.237 [T:0x6c040] [DisplayControl] Exit MCCSOtherSet::GetVCP()
2025/10/28 05:02:33.344 [T:0x6c040] [DisplayControl] Enter MCCSOtherSet::GetVCP(), vcp code = 4
2025/10/28 05:02:33.426 [T:0x6c040] [DisplayControl] Exit MCCSOtherSet::GetVCP()
2025/10/28 05:02:33.532 [T:0x6c040] [DisplayControl] Enter MCCSOtherSet::GetVCP(), vcp code = 51
2025/10/28 05:02:33.614 [T:0x6c040] [DisplayControl] Exit MCCSOtherSet::GetVCP()
2025/10/28 05:02:33.720 [T:0x6c040] [DisplayControl] Enter MCCSOtherSet::GetVCP(), vcp code = 135
2025/10/28 05:02:33.803 [T:0x6c040] [DisplayControl] Exit MCCSOtherSet::GetVCP()
2025/10/28 05:02:33.909 [T:0x6c040] [DisplayControl] Enter MCCSOtherSet::GetVCP(), vcp code = 98
2025/10/28 05:02:33.991 [T:0x6c040] [DisplayControl] Exit MCCSOtherSet::GetVCP()
2025/10/28 05:02:34.097 [T:0x6c040] [DisplayControl] Enter MCCSOtherSet::GetVCP(), vcp code = 97
2025/10/28 05:02:34.179 [T:0x6c040] [DisplayControl] Exit MCCSOtherSet::GetVCP()
2025/10/28 05:02:34.285 [T:0x6c040] [DisplayControl] Enter MCCSOtherSet::GetVCP(), vcp code = 245
2025/10/28 05:02:34.367 [T:0x6c040] [DisplayControl] Exit MCCSOtherSet::GetVCP()
2025/10/28 05:02:34.407 [T:0xb2aa4] [DisplayControl] Enter MCCSOtherSet::GetVCP(), vcp code = 96
2025/10/28 05:02:34.474 [T:0x6c040] [DisplayControl] Enter MCCSOtherSet::GetVCP(), vcp code = 96
2025/10/28 05:02:34.517 [T:0xb2aa4] [DisplayControl] Exit MCCSOtherSet::GetVCP()
2025/10/28 05:02:34.706 [T:0x6c040] [DisplayControl] Exit MCCSOtherSet::GetVCP()
2025/10/28 05:02:34.808 [T:0x6c040] [DisplayControl] Enter MCCSOtherSet::GetVCP(), vcp code = 225
2025/10/28 05:02:35.060 [T:0x6c040] [DisplayControl] Exit MCCSOtherSet::GetVCP()
2025/10/28 05:02:35.169 [T:0x6c040] [DisplayControl] Enter MCCSOtherSet::GetVCP(), vcp code = 16
2025/10/28 05:02:35.255 [T:0x6c040] [DisplayControl] Exit MCCSOtherSet::GetVCP()
2025/10/28 05:02:35.357 [T:0x6c040] [DisplayControl] Enter MCCSOtherSet::GetVCP(), vcp code = 141
2025/10/28 05:02:35.443 [T:0x6c040] [DisplayControl] Exit MCCSOtherSet::GetVCP()
2025/10/28 05:02:35.545 [T:0x6c040] [DisplayControl] Enter MCCSOtherSet::GetVCP(), vcp code = 18
2025/10/28 05:02:35.631 [T:0x6c040] [DisplayControl] Exit MCCSOtherSet::GetVCP()
2025/10/28 05:02:35.734 [T:0x6c040] [DisplayControl] Enter MCCSOtherSet::GetVCP(), vcp code = 220
2025/10/28 05:02:35.820 [T:0x6c040] [DisplayControl] Exit MCCSOtherSet::GetVCP()
2025/10/28 05:02:35.922 [T:0x6c040] [DisplayControl] Enter MCCSOtherSet::GetVCP(), vcp code = 43
2025/10/28 05:02:36.009 [T:0x6c040] [DisplayControl] Exit MCCSOtherSet::GetVCP()
2025/10/28 05:02:36.110 [T:0x6c040] [DisplayControl] Enter MCCSOtherSet::GetVCP(), vcp code = 4
2025/10/28 05:02:36.196 [T:0x6c040] [DisplayControl] Exit MCCSOtherSet::GetVCP()
2025/10/28 05:02:36.298 [T:0x6c040] [DisplayControl] Enter MCCSOtherSet::GetVCP(), vcp code = 51
2025/10/28 05:02:36.384 [T:0x6c040] [DisplayControl] Exit MCCSOtherSet::GetVCP()
2025/10/28 05:02:36.486 [T:0x6c040] [DisplayControl] Enter MCCSOtherSet::GetVCP(), vcp code = 135
2025/10/28 05:02:36.572 [T:0x6c040] [DisplayControl] Exit MCCSOtherSet::GetVCP()
2025/10/28 05:02:36.675 [T:0x6c040] [DisplayControl] Enter MCCSOtherSet::GetVCP(), vcp code = 236
2025/10/28 05:02:36.760 [T:0x6c040] [DisplayControl] Exit MCCSOtherSet::GetVCP()
2025/10/28 05:02:36.863 [T:0x6c040] [DisplayControl] Enter MCCSOtherSet::GetVCP(), vcp code = 226
2025/10/28 05:02:36.949 [T:0x6c040] [DisplayControl] Exit MCCSOtherSet::GetVCP()
2025/10/28 05:02:37.051 [T:0x6c040] [DisplayControl] Enter MCCSOtherSet::GetVCP(), vcp code = 98
2025/10/28 05:02:37.137 [T:0x6c040] [DisplayControl] Exit MCCSOtherSet::GetVCP()
2025/10/28 05:02:37.240 [T:0x6c040] [DisplayControl] Enter MCCSOtherSet::GetVCP(), vcp code = 97
2025/10/28 05:02:37.326 [T:0x6c040] [DisplayControl] Exit MCCSOtherSet::GetVCP()
2025/10/28 05:02:37.428 [T:0x6c040] [DisplayControl] Enter MCCSOtherSet::GetVCP(), vcp code = 96
2025/10/28 05:02:37.515 [T:0x6c040] [DisplayControl] Exit MCCSOtherSet::GetVCP()
2025/10/28 05:02:37.617 [T:0x6c040] [DisplayControl] Enter MCCSOtherSet::GetVCP(), vcp code = 225
2025/10/28 05:02:37.703 [T:0x6c040] [DisplayControl] Exit MCCSOtherSet::GetVCP()
2025/10/28 05:03:58.562 [T:0xb2aa4] [DisplayControl] Enter MCCSOtherSet::GetVCP(), vcp code = 96
2025/10/28 05:03:58.666 [T:0xb2aa4] [DisplayControl] Exit MCCSOtherSet::GetVCP()
2025/10/28 05:03:58.878 [T:0x1e4f4] [DisplayControl] Enter MCCSOtherSet::GetVCP(), vcp code = 16
2025/10/28 05:03:59.026 [T:0x1e4f4] [DisplayControl] Exit MCCSOtherSet::GetVCP()
2025/10/28 05:03:59.133 [T:0x1e4f4] [DisplayControl] Enter MCCSOtherSet::GetVCP(), vcp code = 141
2025/10/28 05:03:59.219 [T:0x1e4f4] [DisplayControl] Exit MCCSOtherSet::GetVCP()
2025/10/28 05:03:59.321 [T:0x1e4f4] [DisplayControl] Enter MCCSOtherSet::GetVCP(), vcp code = 18
2025/10/28 05:03:59.407 [T:0x1e4f4] [DisplayControl] Exit MCCSOtherSet::GetVCP()
2025/10/28 05:03:59.510 [T:0x1e4f4] [DisplayControl] Enter MCCSOtherSet::GetVCP(), vcp code = 220
2025/10/28 05:03:59.595 [T:0x1e4f4] [DisplayControl] Exit MCCSOtherSet::GetVCP()
2025/10/28 05:03:59.698 [T:0x1e4f4] [DisplayControl] Enter MCCSOtherSet::GetVCP(), vcp code = 43
2025/10/28 05:03:59.784 [T:0x1e4f4] [DisplayControl] Exit MCCSOtherSet::GetVCP()
2025/10/28 05:03:59.886 [T:0x1e4f4] [DisplayControl] Enter MCCSOtherSet::GetVCP(), vcp code = 4
2025/10/28 05:03:59.972 [T:0x1e4f4] [DisplayControl] Exit MCCSOtherSet::GetVCP()
2025/10/28 05:04:00.075 [T:0x1e4f4] [DisplayControl] Enter MCCSOtherSet::GetVCP(), vcp code = 51
2025/10/28 05:04:00.160 [T:0x1e4f4] [DisplayControl] Exit MCCSOtherSet::GetVCP()
2025/10/28 05:04:00.263 [T:0x1e4f4] [DisplayControl] Enter MCCSOtherSet::GetVCP(), vcp code = 135
2025/10/28 05:04:00.349 [T:0x1e4f4] [DisplayControl] Exit MCCSOtherSet::GetVCP()
2025/10/28 05:04:00.451 [T:0x1e4f4] [DisplayControl] Enter MCCSOtherSet::GetVCP(), vcp code = 236
2025/10/28 05:04:00.538 [T:0x1e4f4] [DisplayControl] Exit MCCSOtherSet::GetVCP()
2025/10/28 05:04:00.640 [T:0x1e4f4] [DisplayControl] Enter MCCSOtherSet::GetVCP(), vcp code = 226
2025/10/28 05:04:00.726 [T:0x1e4f4] [DisplayControl] Exit MCCSOtherSet::GetVCP()
2025/10/28 05:04:00.828 [T:0x1e4f4] [DisplayControl] Enter MCCSOtherSet::GetVCP(), vcp code = 98
2025/10/28 05:04:00.914 [T:0x1e4f4] [DisplayControl] Exit MCCSOtherSet::GetVCP()
2025/10/28 05:04:01.016 [T:0x1e4f4] [DisplayControl] Enter MCCSOtherSet::GetVCP(), vcp code = 97
2025/10/28 05:04:01.102 [T:0x1e4f4] [DisplayControl] Exit MCCSOtherSet::GetVCP()
2025/10/28 05:04:01.205 [T:0x1e4f4] [DisplayControl] Enter MCCSOtherSet::GetVCP(), vcp code = 96
2025/10/28 05:04:01.290 [T:0x1e4f4] [DisplayControl] Exit MCCSOtherSet::GetVCP()
2025/10/28 05:04:01.393 [T:0x1e4f4] [DisplayControl] Enter MCCSOtherSet::GetVCP(), vcp code = 225
2025/10/28 05:04:01.478 [T:0x1e4f4] [DisplayControl] Exit MCCSOtherSet::GetVCP()
2025/10/28 05:04:14.423 [T:0x1e4f4] [DisplayControl] Enter MCCSOtherSet::SetVCP(), vcp code = 4
2025/10/28 05:04:15.365 [T:0x1e4f4] [DisplayControl] Exit MCCSOtherSet::SetVCP()
2025/10/28 05:04:20.489 [T:0x1e4f4] [DisplayControl] Enter OperationThread::ExitThread
2025/10/28 05:04:20.489 [T:0x1e4f4] [DisplayControl] Exit OperationThread::ExitThread
2025/10/28 05:04:20.489 [T:0x1e4f4] [DisplayControl] Enter OperationThread::~OperationThread()
2025/10/28 05:04:20.489 [T:0x1e4f4] [DisplayControl] Enter OperationThread::ExitThread
2025/10/28 05:04:20.489 [T:0x1e4f4] [DisplayControl] Enter OperationThread::ExitThread
2025/10/28 05:04:20.489 [T:0x1e4f4] [DisplayControl] Exit OperationThread::ExitThread
2025/10/28 05:04:20.489 [T:0x1e4f4] [DisplayControl] Enter OperationThread::~OperationThread()
2025/10/28 05:04:20.489 [T:0x1e4f4] [DisplayControl] Enter OperationThread::ExitThread
2025/10/28 05:04:20.514 [T:0x1e4f4] [DbgStr] After calling display_control_client_listener_video_port_.UpdateAllDisplayPath()
2025/10/28 05:04:20.531 [T:0x1e4f4] [DbgStr] After calling display_control_client_listener_.GetAllDisplayEDID()
2025/10/28 05:04:20.532 [T:0x1e4f4] [DisplayControl] Version = 3.0.6.0
2025/10/28 05:04:20.533 [T:0x1e4f4] [DisplayControl] Enter ObtainControlHandler1
2025/10/28 05:04:20.533 [T:0x1e4f4] [DisplayControl] GetVideoPortCommander
2025/10/28 05:04:20.533 [T:0x1e4f4] [DisplayControl] GetUSBHubCommander
2025/10/28 05:04:20.533 [T:0x1e4f4] ====== List p_lpo_display_info_video_port, # of devices is ======2
2025/10/28 05:04:20.533 [T:0x1e4f4] [DisplayControl] index of p_lpo_display_info_video_port0
2025/10/28 05:04:20.533 [T:0x1e4f4] [DisplayControl] Model name from VideoPort = VG2458
2025/10/28 05:04:20.533 [T:0x1e4f4] [DisplayControl] SN from VideoPort = YDJ243400006
2025/10/28 05:04:20.533 [T:0x1e4f4] [DisplayControl] index of p_lpo_display_info_video_port1
2025/10/28 05:04:20.533 [T:0x1e4f4] [DisplayControl] Model name from VideoPort = VG275
2025/10/28 05:04:20.533 [T:0x1e4f4] [DisplayControl] SN from VideoPort = XF6232400003
2025/10/28 05:04:20.533 [T:0x1e4f4] ====== List p_lpo_display_info_rtd_scalar_rts_hub, # of devices is ======0
2025/10/28 05:04:20.533 [T:0x1e4f4] [DisplayControl] GetVSRtkHubControlClientListener
2025/10/28 05:04:20.533 [T:0x1e4f4] [DisplayControl] max monitor count = 2
2025/10/28 05:04:20.533 [T:0x1e4f4] [DisplayControl] index of display_info_vec = 0
2025/10/28 05:04:20.533 [T:0x1e4f4] [DisplayControl] index of p_lpo_display_info_video_port = 0
2025/10/28 05:04:20.533 [T:0x1e4f4] [DisplayControl] VideoPortMatchingRule
2025/10/28 05:04:20.533 [T:0x1e4f4] [DisplayControl] monitor display_info_model_name = VG2458
2025/10/28 05:04:20.533 [T:0x1e4f4] [DisplayControl] monitor video_port_model_name = VG2458
2025/10/28 05:04:20.533 [T:0x1e4f4] [DisplayControl] monitor display_info_sn = YDJ243400006
2025/10/28 05:04:20.533 [T:0x1e4f4] [DisplayControl] monitor video_port_sn = YDJ243400006
2025/10/28 05:04:20.533 [T:0x1e4f4] [DisplayControl] model_name_match = 1
2025/10/28 05:04:20.533 [T:0x1e4f4] [DisplayControl] sn_match = 1
2025/10/28 05:04:20.533 [T:0x1e4f4] [DisplayControl] video_port is_match = 1
2025/10/28 05:04:20.533 [T:0x1e4f4] [DisplayControl] index of display_info_vec = 1
2025/10/28 05:04:20.533 [T:0x1e4f4] [DisplayControl] index of p_lpo_display_info_video_port = 0
2025/10/28 05:04:20.533 [T:0x1e4f4] [DisplayControl] VideoPortMatchingRule
2025/10/28 05:04:20.534 [T:0x1e4f4] [DisplayControl] monitor display_info_model_name = VG275
2025/10/28 05:04:20.534 [T:0x1e4f4] [DisplayControl] monitor video_port_model_name = VG2458
2025/10/28 05:04:20.534 [T:0x1e4f4] [DisplayControl] monitor display_info_sn = XF6232400003
2025/10/28 05:04:20.534 [T:0x1e4f4] [DisplayControl] monitor video_port_sn = YDJ243400006
2025/10/28 05:04:20.534 [T:0x1e4f4] [DisplayControl] model_name_match = 0
2025/10/28 05:04:20.534 [T:0x1e4f4] [DisplayControl] sn_match = 0
2025/10/28 05:04:20.534 [T:0x1e4f4] [DisplayControl] video_port is_match = 0
2025/10/28 05:04:20.534 [T:0x1e4f4] [DisplayControl] index of display_info_vec = 1
2025/10/28 05:04:20.534 [T:0x1e4f4] [DisplayControl] index of p_lpo_display_info_video_port = 1
2025/10/28 05:04:20.534 [T:0x1e4f4] [DisplayControl] VideoPortMatchingRule
2025/10/28 05:04:20.534 [T:0x1e4f4] [DisplayControl] monitor display_info_model_name = VG275
2025/10/28 05:04:20.534 [T:0x1e4f4] [DisplayControl] monitor video_port_model_name = VG275
2025/10/28 05:04:20.534 [T:0x1e4f4] [DisplayControl] monitor display_info_sn = XF6232400003
2025/10/28 05:04:20.534 [T:0x1e4f4] [DisplayControl] monitor video_port_sn = XF6232400003
2025/10/28 05:04:20.534 [T:0x1e4f4] [DisplayControl] model_name_match = 1
2025/10/28 05:04:20.534 [T:0x1e4f4] [DisplayControl] sn_match = 1
2025/10/28 05:04:20.534 [T:0x1e4f4] [DisplayControl] video_port is_match = 1
2025/10/28 05:04:20.534 [T:0x1e4f4] [DisplayControl] i = 0
2025/10/28 05:04:20.534 [T:0x1e4f4] [DisplayControl] Enter OperationThread::OperationThread()
2025/10/28 05:04:20.534 [T:0x1e4f4] [DisplayControl] Enter OperationThread::CreateThread
2025/10/28 05:04:20.534 [T:0x1e4f4] [DisplayControl] new DisplayFunctioner
2025/10/28 05:04:20.534 [T:0x1e4f4] [DisplayControl] insert displayer_vector
2025/10/28 05:04:20.534 [T:0x1e4f4] [DisplayControl] insert modelName_SN_to_Display_map
2025/10/28 05:04:20.534 [T:0x1e4f4] [DisplayControl] insert device_id_to_Displayer_map_
2025/10/28 05:04:20.534 [T:0x1e4f4] [DisplayControl] i = 1
2025/10/28 05:04:20.535 [T:0x1e4f4] [DisplayControl] Enter OperationThread::OperationThread()
2025/10/28 05:04:20.535 [T:0x1e4f4] [DisplayControl] Enter OperationThread::CreateThread
2025/10/28 05:04:20.535 [T:0x1e4f4] [DisplayControl] new DisplayFunctioner
2025/10/28 05:04:20.535 [T:0x1e4f4] [DisplayControl] insert displayer_vector
2025/10/28 05:04:20.535 [T:0x1e4f4] [DisplayControl] insert modelName_SN_to_Display_map
2025/10/28 05:04:20.535 [T:0x1e4f4] [DisplayControl] insert device_id_to_Displayer_map_
2025/10/28 05:04:20.535 [T:0x1e4f4] [DisplayControl] monitor size = 2
2025/10/28 05:04:20.535 [T:0x1e4f4] [DisplayControl] Exit ObtainControlHandler
2025/10/28 05:04:20.535 [T:0x1e4f4] [DisplayControl] Enter MCCSOtherSet::GetVCP(), vcp code = 16
2025/10/28 05:04:20.621 [T:0x1e4f4] [DisplayControl] Exit MCCSOtherSet::GetVCP()
2025/10/28 05:04:20.622 [T:0x1e4f4] [DisplayControl] Enter MCCSOtherSet::GetVCP(), vcp code = 16
2025/10/28 05:04:20.696 [T:0x1e4f4] [DisplayControl] Exit MCCSOtherSet::GetVCP()
2025/10/28 05:04:20.802 [T:0x1e4f4] [DisplayControl] Enter MCCSOtherSet::GetVCP(), vcp code = 141
2025/10/28 05:04:20.884 [T:0x1e4f4] [DisplayControl] Exit MCCSOtherSet::GetVCP()
2025/10/28 05:04:20.991 [T:0x1e4f4] [DisplayControl] Enter MCCSOtherSet::GetVCP(), vcp code = 20
2025/10/28 05:04:21.073 [T:0x1e4f4] [DisplayControl] Exit MCCSOtherSet::GetVCP()
2025/10/28 05:04:21.179 [T:0x1e4f4] [DisplayControl] Enter MCCSOtherSet::GetVCP(), vcp code = 18
2025/10/28 05:04:21.261 [T:0x1e4f4] [DisplayControl] Exit MCCSOtherSet::GetVCP()
2025/10/28 05:04:21.367 [T:0x1e4f4] [DisplayControl] Enter MCCSOtherSet::GetVCP(), vcp code = 220
2025/10/28 05:04:21.449 [T:0x1e4f4] [DisplayControl] Exit MCCSOtherSet::GetVCP()
2025/10/28 05:04:21.556 [T:0x1e4f4] [DisplayControl] Enter MCCSOtherSet::GetVCP(), vcp code = 43
2025/10/28 05:04:21.638 [T:0x1e4f4] [DisplayControl] Exit MCCSOtherSet::GetVCP()
2025/10/28 05:04:21.744 [T:0x1e4f4] [DisplayControl] Enter MCCSOtherSet::GetVCP(), vcp code = 4
2025/10/28 05:04:21.826 [T:0x1e4f4] [DisplayControl] Exit MCCSOtherSet::GetVCP()
2025/10/28 05:04:21.932 [T:0x1e4f4] [DisplayControl] Enter MCCSOtherSet::GetVCP(), vcp code = 51
2025/10/28 05:04:22.014 [T:0x1e4f4] [DisplayControl] Exit MCCSOtherSet::GetVCP()
2025/10/28 05:04:22.120 [T:0x1e4f4] [DisplayControl] Enter MCCSOtherSet::GetVCP(), vcp code = 135
2025/10/28 05:04:22.202 [T:0x1e4f4] [DisplayControl] Exit MCCSOtherSet::GetVCP()
2025/10/28 05:04:22.309 [T:0x1e4f4] [DisplayControl] Enter MCCSOtherSet::GetVCP(), vcp code = 98
2025/10/28 05:04:22.390 [T:0x1e4f4] [DisplayControl] Exit MCCSOtherSet::GetVCP()
2025/10/28 05:04:22.497 [T:0x1e4f4] [DisplayControl] Enter MCCSOtherSet::GetVCP(), vcp code = 97
2025/10/28 05:04:22.579 [T:0x1e4f4] [DisplayControl] Exit MCCSOtherSet::GetVCP()
2025/10/28 05:04:22.685 [T:0x1e4f4] [DisplayControl] Enter MCCSOtherSet::GetVCP(), vcp code = 245
2025/10/28 05:04:22.767 [T:0x1e4f4] [DisplayControl] Exit MCCSOtherSet::GetVCP()
2025/10/28 05:04:22.873 [T:0x1e4f4] [DisplayControl] Enter MCCSOtherSet::GetVCP(), vcp code = 96
2025/10/28 05:04:22.956 [T:0x1e4f4] [DisplayControl] Exit MCCSOtherSet::GetVCP()
2025/10/28 05:04:23.062 [T:0x1e4f4] [DisplayControl] Enter MCCSOtherSet::GetVCP(), vcp code = 225
2025/10/28 05:04:23.144 [T:0x1e4f4] [DisplayControl] Exit MCCSOtherSet::GetVCP()
2025/10/28 05:04:23.251 [T:0x1e4f4] [DisplayControl] Enter MCCSOtherSet::GetVCP(), vcp code = 16
2025/10/28 05:04:23.337 [T:0x1e4f4] [DisplayControl] Exit MCCSOtherSet::GetVCP()
2025/10/28 05:04:23.439 [T:0x1e4f4] [DisplayControl] Enter MCCSOtherSet::GetVCP(), vcp code = 141
2025/10/28 05:04:23.524 [T:0x1e4f4] [DisplayControl] Exit MCCSOtherSet::GetVCP()
2025/10/28 05:04:23.627 [T:0x1e4f4] [DisplayControl] Enter MCCSOtherSet::GetVCP(), vcp code = 18
2025/10/28 05:04:23.713 [T:0x1e4f4] [DisplayControl] Exit MCCSOtherSet::GetVCP()
2025/10/28 05:04:23.815 [T:0x1e4f4] [DisplayControl] Enter MCCSOtherSet::GetVCP(), vcp code = 220
2025/10/28 05:04:23.902 [T:0x1e4f4] [DisplayControl] Exit MCCSOtherSet::GetVCP()
2025/10/28 05:04:24.003 [T:0x1e4f4] [DisplayControl] Enter MCCSOtherSet::GetVCP(), vcp code = 43
2025/10/28 05:04:24.089 [T:0x1e4f4] [DisplayControl] Exit MCCSOtherSet::GetVCP()
2025/10/28 05:04:24.192 [T:0x1e4f4] [DisplayControl] Enter MCCSOtherSet::GetVCP(), vcp code = 4
2025/10/28 05:04:24.278 [T:0x1e4f4] [DisplayControl] Exit MCCSOtherSet::GetVCP()
2025/10/28 05:04:24.380 [T:0x1e4f4] [DisplayControl] Enter MCCSOtherSet::GetVCP(), vcp code = 51
2025/10/28 05:04:24.466 [T:0x1e4f4] [DisplayControl] Exit MCCSOtherSet::GetVCP()
2025/10/28 05:04:24.568 [T:0x1e4f4] [DisplayControl] Enter MCCSOtherSet::GetVCP(), vcp code = 135
2025/10/28 05:04:24.655 [T:0x1e4f4] [DisplayControl] Exit MCCSOtherSet::GetVCP()
2025/10/28 05:04:24.757 [T:0x1e4f4] [DisplayControl] Enter MCCSOtherSet::GetVCP(), vcp code = 236
2025/10/28 05:04:24.844 [T:0x1e4f4] [DisplayControl] Exit MCCSOtherSet::GetVCP()
2025/10/28 05:04:24.945 [T:0x1e4f4] [DisplayControl] Enter MCCSOtherSet::GetVCP(), vcp code = 226
2025/10/28 05:04:25.031 [T:0x1e4f4] [DisplayControl] Exit MCCSOtherSet::GetVCP()
2025/10/28 05:04:25.133 [T:0x1e4f4] [DisplayControl] Enter MCCSOtherSet::GetVCP(), vcp code = 98
2025/10/28 05:04:25.220 [T:0x1e4f4] [DisplayControl] Exit MCCSOtherSet::GetVCP()
2025/10/28 05:04:25.322 [T:0x1e4f4] [DisplayControl] Enter MCCSOtherSet::GetVCP(), vcp code = 97
2025/10/28 05:04:25.408 [T:0x1e4f4] [DisplayControl] Exit MCCSOtherSet::GetVCP()
2025/10/28 05:04:25.510 [T:0x1e4f4] [DisplayControl] Enter MCCSOtherSet::GetVCP(), vcp code = 96
2025/10/28 05:04:25.596 [T:0x1e4f4] [DisplayControl] Exit MCCSOtherSet::GetVCP()
2025/10/28 05:04:25.698 [T:0x1e4f4] [DisplayControl] Enter MCCSOtherSet::GetVCP(), vcp code = 225
2025/10/28 05:04:25.785 [T:0x1e4f4] [DisplayControl] Exit MCCSOtherSet::GetVCP()
2025/10/28 05:05:46.680 [T:0xb2aa4] [DisplayControl] Enter MCCSOtherSet::GetVCP(), vcp code = 96
2025/10/28 05:05:46.771 [T:0xb2aa4] [DisplayControl] Exit MCCSOtherSet::GetVCP()
2025/10/28 05:05:46.967 [T:0xc3f61] [DisplayControl] Enter MCCSOtherSet::GetVCP(), vcp code = 16
2025/10/28 05:05:47.084 [T:0xc3f61] [DisplayControl] Exit MCCSOtherSet::GetVCP()
2025/10/28 05:05:47.200 [T:0xc3f61] [DisplayControl] Enter MCCSOtherSet::GetVCP(), vcp code = 141
2025/10/28 05:05:47.282 [T:0xc3f61] [DisplayControl] Exit MCCSOtherSet::GetVCP()
2025/10/28 05:05:47.388 [T:0xc3f61] [DisplayControl] Enter MCCSOtherSet::GetVCP(), vcp code = 20
2025/10/28 05:05:47.470 [T:0xc3f61] [DisplayControl] Exit MCCSOtherSet::GetVCP()
2025/10/28 05:05:47.576 [T:0xc3f61] [DisplayControl] Enter MCCSOtherSet::GetVCP(), vcp code = 18
2025/10/28 05:05:47.658 [T:0xc3f61] [DisplayControl] Exit MCCSOtherSet::GetVCP()
2025/10/28 05:05:47.765 [T:0xc3f61] [DisplayControl] Enter MCCSOtherSet::GetVCP(), vcp code = 220
2025/10/28 05:05:47.847 [T:0xc3f61] [DisplayControl] Exit MCCSOtherSet::GetVCP()
2025/10/28 05:05:47.953 [T:0xc3f61] [DisplayControl] Enter MCCSOtherSet::GetVCP(), vcp code = 43
2025/10/28 05:05:48.035 [T:0xc3f61] [DisplayControl] Exit MCCSOtherSet::GetVCP()
2025/10/28 05:05:48.142 [T:0xc3f61] [DisplayControl] Enter MCCSOtherSet::GetVCP(), vcp code = 4
2025/10/28 05:05:48.224 [T:0xc3f61] [DisplayControl] Exit MCCSOtherSet::GetVCP()
2025/10/28 05:05:48.330 [T:0xc3f61] [DisplayControl] Enter MCCSOtherSet::GetVCP(), vcp code = 51
2025/10/28 05:05:48.412 [T:0xc3f61] [DisplayControl] Exit MCCSOtherSet::GetVCP()
2025/10/28 05:05:48.518 [T:0xc3f61] [DisplayControl] Enter MCCSOtherSet::GetVCP(), vcp code = 135
2025/10/28 05:05:48.600 [T:0xc3f61] [DisplayControl] Exit MCCSOtherSet::GetVCP()
2025/10/28 05:05:48.706 [T:0xc3f61] [DisplayControl] Enter MCCSOtherSet::GetVCP(), vcp code = 98
2025/10/28 05:05:48.788 [T:0xc3f61] [DisplayControl] Exit MCCSOtherSet::GetVCP()
2025/10/28 05:05:48.894 [T:0xc3f61] [DisplayControl] Enter MCCSOtherSet::GetVCP(), vcp code = 97
2025/10/28 05:05:48.977 [T:0xc3f61] [DisplayControl] Exit MCCSOtherSet::GetVCP()
2025/10/28 05:05:49.083 [T:0xc3f61] [DisplayControl] Enter MCCSOtherSet::GetVCP(), vcp code = 245
2025/10/28 05:05:49.165 [T:0xc3f61] [DisplayControl] Exit MCCSOtherSet::GetVCP()
2025/10/28 05:05:49.271 [T:0xc3f61] [DisplayControl] Enter MCCSOtherSet::GetVCP(), vcp code = 96
2025/10/28 05:05:49.353 [T:0xc3f61] [DisplayControl] Exit MCCSOtherSet::GetVCP()
2025/10/28 05:05:49.459 [T:0xc3f61] [DisplayControl] Enter MCCSOtherSet::GetVCP(), vcp code = 225
2025/10/28 05:05:49.541 [T:0xc3f61] [DisplayControl] Exit MCCSOtherSet::GetVCP()
2025/10/28 05:06:04.096 [T:0xc3f61] [DisplayControl] Enter MCCSOtherSet::SetVCP(), vcp code = 16
2025/10/28 05:06:04.291 [T:0xc3f61] [DisplayControl] Exit MCCSOtherSet::SetVCP()
2025/10/28 05:06:48.021 [T:0x8ef33] [DisplayControl] Enter MCCSOtherSet::SetVCP(), vcp code = 18
2025/10/28 05:06:48.233 [T:0x8ef33] [DisplayControl] Exit MCCSOtherSet::SetVCP()
2025/10/28 05:07:29.347 [T:0xb2aa4] [DisplayControl] Enter MCCSOtherSet::GetVCP(), vcp code = 96
2025/10/28 05:07:29.454 [T:0xb2aa4] [DisplayControl] Exit MCCSOtherSet::GetVCP()
2025/10/28 05:07:29.673 [T:0x08ec6] [DisplayControl] Enter MCCSOtherSet::GetVCP(), vcp code = 16
2025/10/28 05:07:29.786 [T:0x08ec6] [DisplayControl] Exit MCCSOtherSet::GetVCP()
2025/10/28 05:07:29.897 [T:0x08ec6] [DisplayControl] Enter MCCSOtherSet::GetVCP(), vcp code = 141
2025/10/28 05:07:29.983 [T:0x08ec6] [DisplayControl] Exit MCCSOtherSet::GetVCP()
2025/10/28 05:07:30.085 [T:0x08ec6] [DisplayControl] Enter MCCSOtherSet::GetVCP(), vcp code = 18
2025/10/28 05:07:30.171 [T:0x08ec6] [DisplayControl] Exit MCCSOtherSet::GetVCP()
2025/10/28 05:07:30.274 [T:0x08ec6] [DisplayControl] Enter MCCSOtherSet::GetVCP(), vcp code = 220
2025/10/28 05:07:30.359 [T:0x08ec6] [DisplayControl] Exit MCCSOtherSet::GetVCP()
2025/10/28 05:07:30.462 [T:0x08ec6] [DisplayControl] Enter MCCSOtherSet::GetVCP(), vcp code = 43
2025/10/28 05:07:30.547 [T:0x08ec6] [DisplayControl] Exit MCCSOtherSet::GetVCP()
2025/10/28 05:07:30.650 [T:0x08ec6] [DisplayControl] Enter MCCSOtherSet::GetVCP(), vcp code = 4
2025/10/28 05:07:30.736 [T:0x08ec6] [DisplayControl] Exit MCCSOtherSet::GetVCP()
2025/10/28 05:07:30.838 [T:0x08ec6] [DisplayControl] Enter MCCSOtherSet::GetVCP(), vcp code = 51
2025/10/28 05:07:30.924 [T:0x08ec6] [DisplayControl] Exit MCCSOtherSet::GetVCP()
2025/10/28 05:07:31.027 [T:0x08ec6] [DisplayControl] Enter MCCSOtherSet::GetVCP(), vcp code = 135
2025/10/28 05:07:31.113 [T:0x08ec6] [DisplayControl] Exit MCCSOtherSet::GetVCP()
2025/10/28 05:07:31.215 [T:0x08ec6] [DisplayControl] Enter MCCSOtherSet::GetVCP(), vcp code = 236
2025/10/28 05:07:31.301 [T:0x08ec6] [DisplayControl] Exit MCCSOtherSet::GetVCP()
2025/10/28 05:07:31.403 [T:0x08ec6] [DisplayControl] Enter MCCSOtherSet::GetVCP(), vcp code = 226
2025/10/28 05:07:31.489 [T:0x08ec6] [DisplayControl] Exit MCCSOtherSet::GetVCP()
2025/10/28 05:07:31.592 [T:0x08ec6] [DisplayControl] Enter MCCSOtherSet::GetVCP(), vcp code = 98
2025/10/28 05:07:31.678 [T:0x08ec6] [DisplayControl] Exit MCCSOtherSet::GetVCP()
2025/10/28 05:07:31.779 [T:0x08ec6] [DisplayControl] Enter MCCSOtherSet::GetVCP(), vcp code = 97
2025/10/28 05:07:31.865 [T:0x08ec6] [DisplayControl] Exit MCCSOtherSet::GetVCP()
2025/10/28 05:07:31.968 [T:0x08ec6] [DisplayControl] Enter MCCSOtherSet::GetVCP(), vcp code = 96
2025/10/28 05:07:32.054 [T:0x08ec6] [DisplayControl] Exit MCCSOtherSet::GetVCP()
2025/10/28 05:07:32.156 [T:0x08ec6] [DisplayControl] Enter MCCSOtherSet::GetVCP(), vcp code = 225
2025/10/28 05:07:32.242 [T:0x08ec6] [DisplayControl] Exit MCCSOtherSet::GetVCP()
2025/10/28 05:07:46.076 [T:0x08ec6] [DisplayControl] Enter MCCSOtherSet::SetVCP(), vcp code = 16
2025/10/28 05:07:46.291 [T:0x08ec6] [DisplayControl] Exit MCCSOtherSet::SetVCP()
2025/10/28 05:08:29.999 [T:0x86607] [DisplayControl] Enter MCCSOtherSet::SetVCP(), vcp code = 18
2025/10/28 05:08:30.197 [T:0x86607] [DisplayControl] Exit MCCSOtherSet::SetVCP()
2025/10/28 05:13:59.406 [T:0xef112] [DisplayControl] Enter MCCSOtherSet::SetVCP(), vcp code = 4
2025/10/28 05:14:00.362 [T:0xef112] [DisplayControl] Exit MCCSOtherSet::SetVCP()
2025/10/28 05:14:05.486 [T:0xef112] [DisplayControl] Enter OperationThread::ExitThread
2025/10/28 05:14:05.486 [T:0xef112] [DisplayControl] Exit OperationThread::ExitThread
2025/10/28 05:14:05.486 [T:0xef112] [DisplayControl] Enter OperationThread::~OperationThread()
2025/10/28 05:14:05.486 [T:0xef112] [DisplayControl] Enter OperationThread::ExitThread
2025/10/28 05:14:05.486 [T:0xef112] [DisplayControl] Enter OperationThread::ExitThread
2025/10/28 05:14:05.487 [T:0xef112] [DisplayControl] Exit OperationThread::ExitThread
2025/10/28 05:14:05.487 [T:0xef112] [DisplayControl] Enter OperationThread::~OperationThread()
2025/10/28 05:14:05.487 [T:0xef112] [DisplayControl] Enter OperationThread::ExitThread
2025/10/28 05:14:05.513 [T:0xef112] [DbgStr] After calling display_control_client_listener_video_port_.UpdateAllDisplayPath()
2025/10/28 05:14:05.532 [T:0xef112] [DbgStr] After calling display_control_client_listener_.GetAllDisplayEDID()
2025/10/28 05:14:05.533 [T:0xef112] [DisplayControl] Version = 3.0.6.0
2025/10/28 05:14:05.534 [T:0xef112] [DisplayControl] Enter ObtainControlHandler1
2025/10/28 05:14:05.534 [T:0xef112] [DisplayControl] GetVideoPortCommander
2025/10/28 05:14:05.534 [T:0xef112] [DisplayControl] GetUSBHubCommander
2025/10/28 05:14:05.534 [T:0xef112] ====== List p_lpo_display_info_video_port, # of devices is ======2
2025/10/28 05:14:05.534 [T:0xef112] [DisplayControl] index of p_lpo_display_info_video_port0
2025/10/28 05:14:05.534 [T:0xef112] [DisplayControl] Model name from VideoPort = VG2458
2025/10/28 05:14:05.534 [T:0xef112] [DisplayControl] SN from VideoPort = YDJ243400006
2025/10/28 05:14:05.534 [T:0xef112] [DisplayControl] index of p_lpo_display_info_video_port1
2025/10/28 05:14:05.534 [T:0xef112] [DisplayControl] Model name from VideoPort = VG275
2025/10/28 05:14:05.534 [T:0xef112] [DisplayControl] SN from VideoPort = XF6232400003
2025/10/28 05:14:05.534 [T:0xef112] ====== List p_lpo_display_info_rtd_scalar_rts_hub, # of devices is ======0
2025/10/28 05:14:05.534 [T:0xef112] [DisplayControl] GetVSRtkHubControlClientListener
2025/10/28 05:14:05.534 [T:0xef112] [DisplayControl] max monitor count = 2
2025/10/28 05:14:05.534 [T:0xef112] [DisplayControl] index of display_info_vec = 0
2025/10/28 05:14:05.534 [T:0xef112] [DisplayControl] index of p_lpo_display_info_video_port = 0
2025/10/28 05:14:05.534 [T:0xef112] [DisplayControl] VideoPortMatchingRule
2025/10/28 05:14:05.534 [T:0xef112] [DisplayControl] monitor display_info_model_name = VG2458
2025/10/28 05:14:05.534 [T:0xef112] [DisplayControl] monitor video_port_model_name = VG2458
2025/10/28 05:14:05.534 [T:0xef112] [DisplayControl] monitor display_info_sn = YDJ243400006
2025/10/28 05:14:05.534 [T:0xef112] [DisplayControl] monitor video_port_sn = YDJ243400006
2025/10/28 05:14:05.534 [T:0xef112] [DisplayControl] model_name_match = 1
2025/10/28 05:14:05.534 [T:0xef112] [DisplayControl] sn_match = 1
2025/10/28 05:14:05.534 [T:0xef112] [DisplayControl] video_port is_match = 1
2025/10/28 05:14:05.534 [T:0xef112] [DisplayControl] index of display_info_vec = 1
2025/10/28 05:14:05.535 [T:0xef112] [DisplayControl] index of p_lpo_display_info_video_port = 0
2025/10/28 05:14:05.535 [T:0xef112] [DisplayControl] VideoPortMatchingRule
2025/10/28 05:14:05.535 [T:0xef112] [DisplayControl] monitor display_info_model_name = VG275
2025/10/28 05:14:05.535 [T:0xef112] [DisplayControl] monitor video_port_model_name = VG2458
2025/10/28 05:14:05.535 [T:0xef112] [DisplayControl] monitor display_info_sn = XF6232400003
2025/10/28 05:14:05.535 [T:0xef112] [DisplayControl] monitor video_port_sn = YDJ243400006
2025/10/28 05:14:05.535 [T:0xef112] [DisplayControl] model_name_match = 0
2025/10/28 05:14:05.535 [T:0xef112] [DisplayControl] sn_match = 0
2025/10/28 05:14:05.535 [T:0xef112] [DisplayControl] video_port is_match = 0
2025/10/28 05:14:05.535 [T:0xef112] [DisplayControl] index of display_info_vec = 1
2025/10/28 05:14:05.535 [T:0xef112] [DisplayControl] index of p_lpo_display_info_video_port = 1
2025/10/28 05:14:05.535 [T:0xef112] [DisplayControl] VideoPortMatchingRule
2025/10/28 05:14:05.535 [T:0xef112] [DisplayControl] monitor display_info_model_name = VG275
2025/10/28 05:14:05.535 [T:0xef112] [DisplayControl] monitor video_port_model_name = VG275
2025/10/28 05:14:05.535 [T:0xef112] [DisplayControl] monitor display_info_sn = XF6232400003
2025/10/28 05:14:05.535 [T:0xef112] [DisplayControl] monitor video_port_sn = XF6232400003
2025/10/28 05:14:05.535 [T:0xef112] [DisplayControl] model_name_match = 1
2025/10/28 05:14:05.535 [T:0xef112] [DisplayControl] sn_match = 1
2025/10/28 05:14:05.535 [T:0xef112] [DisplayControl] video_port is_match = 1
2025/10/28 05:14:05.535 [T:0xef112] [DisplayControl] i = 0
2025/10/28 05:14:05.535 [T:0xef112] [DisplayControl] Enter OperationThread::OperationThread()
2025/10/28 05:14:05.535 [T:0xef112] [DisplayControl] Enter OperationThread::CreateThread
2025/10/28 05:14:05.535 [T:0xef112] [DisplayControl] new DisplayFunctioner
2025/10/28 05:14:05.535 [T:0xef112] [DisplayControl] insert displayer_vector
2025/10/28 05:14:05.535 [T:0xef112] [DisplayControl] insert modelName_SN_to_Display_map
2025/10/28 05:14:05.536 [T:0xef112] [DisplayControl] insert device_id_to_Displayer_map_
2025/10/28 05:14:05.536 [T:0xef112] [DisplayControl] i = 1
2025/10/28 05:14:05.536 [T:0xef112] [DisplayControl] Enter OperationThread::OperationThread()
2025/10/28 05:14:05.536 [T:0xef112] [DisplayControl] Enter OperationThread::CreateThread
2025/10/28 05:14:05.536 [T:0xef112] [DisplayControl] new DisplayFunctioner
2025/10/28 05:14:05.536 [T:0xef112] [DisplayControl] insert displayer_vector
2025/10/28 05:14:05.536 [T:0xef112] [DisplayControl] insert modelName_SN_to_Display_map
2025/10/28 05:14:05.536 [T:0xef112] [DisplayControl] insert device_id_to_Displayer_map_
2025/10/28 05:14:05.536 [T:0xef112] [DisplayControl] monitor size = 2
2025/10/28 05:14:05.536 [T:0xef112] [DisplayControl] Exit ObtainControlHandler
2025/10/28 05:14:05.536 [T:0xef112] [DisplayControl] Enter MCCSOtherSet::GetVCP(), vcp code = 16
2025/10/28 05:14:05.618 [T:0xef112] [DisplayControl] Exit MCCSOtherSet::GetVCP()
2025/10/28 05:14:05.619 [T:0xef112] [DisplayControl] Enter MCCSOtherSet::GetVCP(), vcp code = 16
2025/10/28 05:14:05.692 [T:0xef112] [DisplayControl] Exit MCCSOtherSet::GetVCP()
2025/10/28 05:14:05.693 [T:0xef112] [DisplayControl] Enter MCCSOtherSet::GetVCP(), vcp code = 16
2025/10/28 05:14:05.834 [T:0xef112] [DisplayControl] Exit MCCSOtherSet::GetVCP()
2025/10/28 05:14:05.834 [T:0xef112] [DisplayControl] Enter MCCSOtherSet::GetVCP(), vcp code = 16
2025/10/28 05:14:05.975 [T:0xef112] [DisplayControl] Exit MCCSOtherSet::GetVCP()
2025/10/28 05:14:05.975 [T:0xef112] [DisplayControl] Enter MCCSOtherSet::GetVCP(), vcp code = 16
2025/10/28 05:14:06.116 [T:0xef112] [DisplayControl] Exit MCCSOtherSet::GetVCP()
2025/10/28 05:14:06.116 [T:0xef112] [DisplayControl] Enter MCCSOtherSet::GetVCP(), vcp code = 16
2025/10/28 05:14:06.257 [T:0xef112] [DisplayControl] Exit MCCSOtherSet::GetVCP()
2025/10/28 05:14:06.258 [T:0xef112] [DisplayControl] Enter MCCSOtherSet::GetVCP(), vcp code = 16
2025/10/28 05:14:06.398 [T:0xef112] [DisplayControl] Exit MCCSOtherSet::GetVCP()
2025/10/28 05:14:06.399 [T:0xef112] [DisplayControl] Enter MCCSOtherSet::GetVCP(), vcp code = 16
2025/10/28 05:14:06.540 [T:0xef112] [DisplayControl] Exit MCCSOtherSet::GetVCP()
2025/10/28 05:14:06.541 [T:0xef112] [DisplayControl] Enter MCCSOtherSet::GetVCP(), vcp code = 16
2025/10/28 05:14:06.681 [T:0xef112] [DisplayControl] Exit MCCSOtherSet::GetVCP()
2025/10/28 05:14:06.682 [T:0xef112] [DisplayControl] Enter MCCSOtherSet::GetVCP(), vcp code = 16
2025/10/28 05:14:06.822 [T:0xef112] [DisplayControl] Exit MCCSOtherSet::GetVCP()
2025/10/28 05:14:06.823 [T:0xef112] [DisplayControl] Enter MCCSOtherSet::GetVCP(), vcp code = 16
2025/10/28 05:14:06.964 [T:0xef112] [DisplayControl] Exit MCCSOtherSet::GetVCP()
2025/10/28 05:14:06.964 [T:0xef112] [DisplayControl] Enter MCCSOtherSet::GetVCP(), vcp code = 16
2025/10/28 05:14:07.105 [T:0xef112] [DisplayControl] Exit MCCSOtherSet::GetVCP()
2025/10/28 05:14:07.105 [T:0xef112] [DisplayControl] Enter MCCSOtherSet::GetVCP(), vcp code = 16
2025/10/28 05:14:07.246 [T:0xef112] [DisplayControl] Exit MCCSOtherSet::GetVCP()
2025/10/28 05:14:07.246 [T:0xef112] [DisplayControl] Enter MCCSOtherSet::GetVCP(), vcp code = 16
2025/10/28 05:14:07.387 [T:0xef112] [DisplayControl] Exit MCCSOtherSet::GetVCP()
2025/10/28 05:14:07.388 [T:0xef112] [DisplayControl] Enter MCCSOtherSet::GetVCP(), vcp code = 16
2025/10/28 05:14:07.527 [T:0xef112] [DisplayControl] Exit MCCSOtherSet::GetVCP()
2025/10/28 05:14:07.528 [T:0xef112] [DisplayControl] Enter MCCSOtherSet::GetVCP(), vcp code = 16
2025/10/28 05:14:07.669 [T:0xef112] [DisplayControl] Exit MCCSOtherSet::GetVCP()
2025/10/28 05:14:07.669 [T:0xef112] [DisplayControl] Enter MCCSOtherSet::GetVCP(), vcp code = 16
2025/10/28 05:14:07.810 [T:0xef112] [DisplayControl] Exit MCCSOtherSet::GetVCP()
2025/10/28 05:14:07.810 [T:0xef112] [DisplayControl] Enter MCCSOtherSet::GetVCP(), vcp code = 16
2025/10/28 05:14:07.951 [T:0xef112] [DisplayControl] Exit MCCSOtherSet::GetVCP()
2025/10/28 05:14:07.952 [T:0xef112] [DisplayControl] Enter MCCSOtherSet::GetVCP(), vcp code = 16
2025/10/28 05:14:08.092 [T:0xef112] [DisplayControl] Exit MCCSOtherSet::GetVCP()
2025/10/28 05:14:08.093 [T:0xef112] [DisplayControl] Enter MCCSOtherSet::GetVCP(), vcp code = 16
2025/10/28 05:14:08.233 [T:0xef112] [DisplayControl] Exit MCCSOtherSet::GetVCP()
2025/10/28 05:14:08.234 [T:0xef112] [DisplayControl] Enter MCCSOtherSet::GetVCP(), vcp code = 16
2025/10/28 05:14:08.375 [T:0xef112] [DisplayControl] Exit MCCSOtherSet::GetVCP()
2025/10/28 05:14:08.375 [T:0xef112] [DisplayControl] Enter MCCSOtherSet::GetVCP(), vcp code = 16
2025/10/28 05:14:08.516 [T:0xef112] [DisplayControl] Exit MCCSOtherSet::GetVCP()
2025/10/28 05:14:08.516 [T:0xef112] [DisplayControl] Enter MCCSOtherSet::GetVCP(), vcp code = 16
2025/10/28 05:14:08.658 [T:0xef112] [DisplayControl] Exit MCCSOtherSet::GetVCP()
2025/10/28 05:14:08.658 [T:0xef112] [DisplayControl] Enter MCCSOtherSet::GetVCP(), vcp code = 16
2025/10/28 05:14:08.799 [T:0xef112] [DisplayControl] Exit MCCSOtherSet::GetVCP()
2025/10/28 05:14:08.799 [T:0xef112] [DisplayControl] Enter MCCSOtherSet::GetVCP(), vcp code = 16
2025/10/28 05:14:08.940 [T:0xef112] [DisplayControl] Exit MCCSOtherSet::GetVCP()
2025/10/28 05:14:08.941 [T:0xef112] [DisplayControl] Enter MCCSOtherSet::GetVCP(), vcp code = 16
2025/10/28 05:14:09.081 [T:0xef112] [DisplayControl] Exit MCCSOtherSet::GetVCP()
2025/10/28 05:14:09.082 [T:0xef112] [DisplayControl] Enter MCCSOtherSet::GetVCP(), vcp code = 16
2025/10/28 05:14:09.222 [T:0xef112] [DisplayControl] Exit MCCSOtherSet::GetVCP()
2025/10/28 05:14:09.223 [T:0xef112] [DisplayControl] Enter MCCSOtherSet::GetVCP(), vcp code = 16
2025/10/28 05:14:09.364 [T:0xef112] [DisplayControl] Exit MCCSOtherSet::GetVCP()
2025/10/28 05:14:09.364 [T:0xef112] [DisplayControl] Enter MCCSOtherSet::GetVCP(), vcp code = 16
2025/10/28 05:14:09.505 [T:0xef112] [DisplayControl] Exit MCCSOtherSet::GetVCP()
2025/10/28 05:14:09.506 [T:0xef112] [DisplayControl] Enter MCCSOtherSet::GetVCP(), vcp code = 16
2025/10/28 05:14:09.646 [T:0xef112] [DisplayControl] Exit MCCSOtherSet::GetVCP()
2025/10/28 05:14:09.646 [T:0xef112] [DisplayControl] Enter MCCSOtherSet::GetVCP(), vcp code = 16
2025/10/28 05:14:09.787 [T:0xef112] [DisplayControl] Exit MCCSOtherSet::GetVCP()
2025/10/28 05:14:09.787 [T:0xef112] [DisplayControl] Enter MCCSOtherSet::GetVCP(), vcp code = 16
2025/10/28 05:14:09.929 [T:0xef112] [DisplayControl] Exit MCCSOtherSet::GetVCP()
2025/10/28 05:14:09.929 [T:0xef112] [DisplayControl] Enter MCCSOtherSet::GetVCP(), vcp code = 16
2025/10/28 05:14:10.070 [T:0xef112] [DisplayControl] Exit MCCSOtherSet::GetVCP()
2025/10/28 05:14:10.070 [T:0xef112] [DisplayControl] Enter MCCSOtherSet::GetVCP(), vcp code = 16
2025/10/28 05:14:10.211 [T:0xef112] [DisplayControl] Exit MCCSOtherSet::GetVCP()
2025/10/28 05:14:10.211 [T:0xef112] [DisplayControl] Enter MCCSOtherSet::GetVCP(), vcp code = 16
2025/10/28 05:14:10.353 [T:0xef112] [DisplayControl] Exit MCCSOtherSet::GetVCP()
2025/10/28 05:14:10.353 [T:0xef112] [DisplayControl] Enter MCCSOtherSet::GetVCP(), vcp code = 16
2025/10/28 05:14:10.494 [T:0xef112] [DisplayControl] Exit MCCSOtherSet::GetVCP()
2025/10/28 05:14:10.494 [T:0xef112] [DisplayControl] Enter MCCSOtherSet::GetVCP(), vcp code = 16
2025/10/28 05:14:10.635 [T:0xef112] [DisplayControl] Exit MCCSOtherSet::GetVCP()
2025/10/28 05:14:10.742 [T:0xef112] [DisplayControl] Enter MCCSOtherSet::GetVCP(), vcp code = 141
2025/10/28 05:14:10.823 [T:0xef112] [DisplayControl] Exit MCCSOtherSet::GetVCP()
2025/10/28 05:14:10.929 [T:0xef112] [DisplayControl] Enter MCCSOtherSet::GetVCP(), vcp code = 20
2025/10/28 05:14:11.011 [T:0xef112] [DisplayControl] Exit MCCSOtherSet::GetVCP()
2025/10/28 05:14:11.118 [T:0xef112] [DisplayControl] Enter MCCSOtherSet::GetVCP(), vcp code = 18
2025/10/28 05:14:11.200 [T:0xef112] [DisplayControl] Exit MCCSOtherSet::GetVCP()
2025/10/28 05:14:11.200 [T:0xef112] [DisplayControl] Enter MCCSOtherSet::GetVCP(), vcp code = 18
2025/10/28 05:14:11.342 [T:0xef112] [DisplayControl] Exit MCCSOtherSet::GetVCP()
2025/10/28 05:14:11.342 [T:0xef112] [DisplayControl] Enter MCCSOtherSet::GetVCP(), vcp code = 18
2025/10/28 05:14:11.482 [T:0xef112] [DisplayControl] Exit MCCSOtherSet::GetVCP()
2025/10/28 05:14:11.483 [T:0xef112] [DisplayControl] Enter MCCSOtherSet::GetVCP(), vcp code = 18
2025/10/28 05:14:11.623 [T:0xef112] [DisplayControl] Exit MCCSOtherSet::GetVCP()
2025/10/28 05:14:11.624 [T:0xef112] [DisplayControl] Enter MCCSOtherSet::GetVCP(), vcp code = 18
2025/10/28 05:14:11.765 [T:0xef112] [DisplayControl] Exit MCCSOtherSet::GetVCP()
2025/10/28 05:14:11.765 [T:0xef112] [DisplayControl] Enter MCCSOtherSet::GetVCP(), vcp code = 18
2025/10/28 05:14:11.906 [T:0xef112] [DisplayControl] Exit MCCSOtherSet::GetVCP()
2025/10/28 05:14:11.906 [T:0xef112] [DisplayControl] Enter MCCSOtherSet::GetVCP(), vcp code = 18
2025/10/28 05:14:12.047 [T:0xef112] [DisplayControl] Exit MCCSOtherSet::GetVCP()
2025/10/28 05:14:12.047 [T:0xef112] [DisplayControl] Enter MCCSOtherSet::GetVCP(), vcp code = 18
2025/10/28 05:14:12.190 [T:0xef112] [DisplayControl] Exit MCCSOtherSet::GetVCP()
2025/10/28 05:14:12.190 [T:0xef112] [DisplayControl] Enter MCCSOtherSet::GetVCP(), vcp code = 18
2025/10/28 05:14:12.329 [T:0xef112] [DisplayControl] Exit MCCSOtherSet::GetVCP()
2025/10/28 05:14:12.330 [T:0xef112] [DisplayControl] Enter MCCSOtherSet::GetVCP(), vcp code = 18
2025/10/28 05:14:12.471 [T:0xef112] [DisplayControl] Exit MCCSOtherSet::GetVCP()
2025/10/28 05:14:12.472 [T:0xef112] [DisplayControl] Enter MCCSOtherSet::GetVCP(), vcp code = 18
2025/10/28 05:14:12.612 [T:0xef112] [DisplayControl] Exit MCCSOtherSet::GetVCP()
2025/10/28 05:14:12.613 [T:0xef112] [DisplayControl] Enter MCCSOtherSet::GetVCP(), vcp code = 18
2025/10/28 05:14:12.754 [T:0xef112] [DisplayControl] Exit MCCSOtherSet::GetVCP()
2025/10/28 05:14:12.754 [T:0xef112] [DisplayControl] Enter MCCSOtherSet::GetVCP(), vcp code = 18
2025/10/28 05:14:12.895 [T:0xef112] [DisplayControl] Exit MCCSOtherSet::GetVCP()
2025/10/28 05:14:12.895 [T:0xef112] [DisplayControl] Enter MCCSOtherSet::GetVCP(), vcp code = 18
2025/10/28 05:14:13.036 [T:0xef112] [DisplayControl] Exit MCCSOtherSet::GetVCP()
2025/10/28 05:14:13.036 [T:0xef112] [DisplayControl] Enter MCCSOtherSet::GetVCP(), vcp code = 18
2025/10/28 05:14:13.177 [T:0xef112] [DisplayControl] Exit MCCSOtherSet::GetVCP()
2025/10/28 05:14:13.177 [T:0xef112] [DisplayControl] Enter MCCSOtherSet::GetVCP(), vcp code = 18
2025/10/28 05:14:13.318 [T:0xef112] [DisplayControl] Exit MCCSOtherSet::GetVCP()
2025/10/28 05:14:13.318 [T:0xef112] [DisplayControl] Enter MCCSOtherSet::GetVCP(), vcp code = 18
2025/10/28 05:14:13.459 [T:0xef112] [DisplayControl] Exit MCCSOtherSet::GetVCP()
2025/10/28 05:14:13.460 [T:0xef112] [DisplayControl] Enter MCCSOtherSet::GetVCP(), vcp code = 18
2025/10/28 05:14:13.600 [T:0xef112] [DisplayControl] Exit MCCSOtherSet::GetVCP()
2025/10/28 05:14:13.601 [T:0xef112] [DisplayControl] Enter MCCSOtherSet::GetVCP(), vcp code = 18
2025/10/28 05:14:13.742 [T:0xef112] [DisplayControl] Exit MCCSOtherSet::GetVCP()
2025/10/28 05:14:13.742 [T:0xef112] [DisplayControl] Enter MCCSOtherSet::GetVCP(), vcp code = 18
2025/10/28 05:14:13.883 [T:0xef112] [DisplayControl] Exit MCCSOtherSet::GetVCP()
2025/10/28 05:14:13.883 [T:0xef112] [DisplayControl] Enter MCCSOtherSet::GetVCP(), vcp code = 18
2025/10/28 05:14:14.024 [T:0xef112] [DisplayControl] Exit MCCSOtherSet::GetVCP()
2025/10/28 05:14:14.024 [T:0xef112] [DisplayControl] Enter MCCSOtherSet::GetVCP(), vcp code = 18
2025/10/28 05:14:14.166 [T:0xef112] [DisplayControl] Exit MCCSOtherSet::GetVCP()
2025/10/28 05:14:14.166 [T:0xef112] [DisplayControl] Enter MCCSOtherSet::GetVCP(), vcp code = 18
2025/10/28 05:14:14.307 [T:0xef112] [DisplayControl] Exit MCCSOtherSet::GetVCP()
2025/10/28 05:14:14.307 [T:0xef112] [DisplayControl] Enter MCCSOtherSet::GetVCP(), vcp code = 18
2025/10/28 05:14:14.448 [T:0xef112] [DisplayControl] Exit MCCSOtherSet::GetVCP()
2025/10/28 05:14:14.449 [T:0xef112] [DisplayControl] Enter MCCSOtherSet::GetVCP(), vcp code = 18
2025/10/28 05:14:14.589 [T:0xef112] [DisplayControl] Exit MCCSOtherSet::GetVCP()
2025/10/28 05:14:14.590 [T:0xef112] [DisplayControl] Enter MCCSOtherSet::GetVCP(), vcp code = 18
2025/10/28 05:14:14.730 [T:0xef112] [DisplayControl] Exit MCCSOtherSet::GetVCP()
2025/10/28 05:14:14.730 [T:0xef112] [DisplayControl] Enter MCCSOtherSet::GetVCP(), vcp code = 18
2025/10/28 05:14:14.872 [T:0xef112] [DisplayControl] Exit MCCSOtherSet::GetVCP()
2025/10/28 05:14:14.872 [T:0xef112] [DisplayControl] Enter MCCSOtherSet::GetVCP(), vcp code = 18
2025/10/28 05:14:15.012 [T:0xef112] [DisplayControl] Exit MCCSOtherSet::GetVCP()
2025/10/28 05:14:15.013 [T:0xef112] [DisplayControl] Enter MCCSOtherSet::GetVCP(), vcp code = 18
2025/10/28 05:14:15.154 [T:0xef112] [DisplayControl] Exit MCCSOtherSet::GetVCP()
2025/10/28 05:14:15.155 [T:0xef112] [DisplayControl] Enter MCCSOtherSet::GetVCP(), vcp code = 18
2025/10/28 05:14:15.295 [T:0xef112] [DisplayControl] Exit MCCSOtherSet::GetVCP()
2025/10/28 05:14:15.300 [T:0xef112] [DisplayControl] Enter MCCSOtherSet::GetVCP(), vcp code = 18
2025/10/28 05:14:15.436 [T:0xef112] [DisplayControl] Exit MCCSOtherSet::GetVCP()
2025/10/28 05:14:15.437 [T:0xef112] [DisplayControl] Enter MCCSOtherSet::GetVCP(), vcp code = 18
2025/10/28 05:14:15.578 [T:0xef112] [DisplayControl] Exit MCCSOtherSet::GetVCP()
2025/10/28 05:14:15.578 [T:0xef112] [DisplayControl] Enter MCCSOtherSet::GetVCP(), vcp code = 18
2025/10/28 05:14:15.719 [T:0xef112] [DisplayControl] Exit MCCSOtherSet::GetVCP()
2025/10/28 05:14:15.719 [T:0xef112] [DisplayControl] Enter MCCSOtherSet::GetVCP(), vcp code = 18
2025/10/28 05:14:15.861 [T:0xef112] [DisplayControl] Exit MCCSOtherSet::GetVCP()
2025/10/28 05:14:15.861 [T:0xef112] [DisplayControl] Enter MCCSOtherSet::GetVCP(), vcp code = 18
2025/10/28 05:14:16.002 [T:0xef112] [DisplayControl] Exit MCCSOtherSet::GetVCP()
2025/10/28 05:14:16.002 [T:0xef112] [DisplayControl] Enter MCCSOtherSet::GetVCP(), vcp code = 18
2025/10/28 05:14:16.143 [T:0xef112] [DisplayControl] Exit MCCSOtherSet::GetVCP()
2025/10/28 05:14:16.250 [T:0xef112] [DisplayControl] Enter MCCSOtherSet::GetVCP(), vcp code = 220
2025/10/28 05:14:16.331 [T:0xef112] [DisplayControl] Exit MCCSOtherSet::GetVCP()
2025/10/28 05:14:16.438 [T:0xef112] [DisplayControl] Enter MCCSOtherSet::GetVCP(), vcp code = 43
2025/10/28 05:14:16.519 [T:0xef112] [DisplayControl] Exit MCCSOtherSet::GetVCP()
2025/10/28 05:14:16.626 [T:0xef112] [DisplayControl] Enter MCCSOtherSet::GetVCP(), vcp code = 4
2025/10/28 05:14:16.708 [T:0xef112] [DisplayControl] Exit MCCSOtherSet::GetVCP()
2025/10/28 05:14:16.815 [T:0xef112] [DisplayControl] Enter MCCSOtherSet::GetVCP(), vcp code = 51
2025/10/28 05:14:16.897 [T:0xef112] [DisplayControl] Exit MCCSOtherSet::GetVCP()
2025/10/28 05:14:17.003 [T:0xef112] [DisplayControl] Enter MCCSOtherSet::GetVCP(), vcp code = 135
2025/10/28 05:14:17.085 [T:0xef112] [DisplayControl] Exit MCCSOtherSet::GetVCP()
2025/10/28 05:14:17.191 [T:0xef112] [DisplayControl] Enter MCCSOtherSet::GetVCP(), vcp code = 98
2025/10/28 05:14:17.273 [T:0xef112] [DisplayControl] Exit MCCSOtherSet::GetVCP()
2025/10/28 05:14:17.380 [T:0xef112] [DisplayControl] Enter MCCSOtherSet::GetVCP(), vcp code = 97
2025/10/28 05:14:17.462 [T:0xef112] [DisplayControl] Exit MCCSOtherSet::GetVCP()
2025/10/28 05:14:17.568 [T:0xef112] [DisplayControl] Enter MCCSOtherSet::GetVCP(), vcp code = 245
2025/10/28 05:14:17.650 [T:0xef112] [DisplayControl] Exit MCCSOtherSet::GetVCP()
2025/10/28 05:14:17.756 [T:0xef112] [DisplayControl] Enter MCCSOtherSet::GetVCP(), vcp code = 96
2025/10/28 05:14:17.838 [T:0xef112] [DisplayControl] Exit MCCSOtherSet::GetVCP()
2025/10/28 05:14:17.944 [T:0xef112] [DisplayControl] Enter MCCSOtherSet::GetVCP(), vcp code = 225
2025/10/28 05:14:18.026 [T:0xef112] [DisplayControl] Exit MCCSOtherSet::GetVCP()
2025/10/28 05:14:18.133 [T:0xef112] [DisplayControl] Enter MCCSOtherSet::GetVCP(), vcp code = 16
2025/10/28 05:14:18.219 [T:0xef112] [DisplayControl] Exit MCCSOtherSet::GetVCP()
2025/10/28 05:14:18.321 [T:0xef112] [DisplayControl] Enter MCCSOtherSet::GetVCP(), vcp code = 141
2025/10/28 05:14:18.408 [T:0xef112] [DisplayControl] Exit MCCSOtherSet::GetVCP()
2025/10/28 05:14:18.510 [T:0xef112] [DisplayControl] Enter MCCSOtherSet::GetVCP(), vcp code = 18
2025/10/28 05:14:18.596 [T:0xef112] [DisplayControl] Exit MCCSOtherSet::GetVCP()
2025/10/28 05:14:18.698 [T:0xef112] [DisplayControl] Enter MCCSOtherSet::GetVCP(), vcp code = 220
2025/10/28 05:14:18.784 [T:0xef112] [DisplayControl] Exit MCCSOtherSet::GetVCP()
2025/10/28 05:14:18.886 [T:0xef112] [DisplayControl] Enter MCCSOtherSet::GetVCP(), vcp code = 43
2025/10/28 05:14:18.972 [T:0xef112] [DisplayControl] Exit MCCSOtherSet::GetVCP()
2025/10/28 05:14:19.075 [T:0xef112] [DisplayControl] Enter MCCSOtherSet::GetVCP(), vcp code = 4
2025/10/28 05:14:19.161 [T:0xef112] [DisplayControl] Exit MCCSOtherSet::GetVCP()
2025/10/28 05:14:19.263 [T:0xef112] [DisplayControl] Enter MCCSOtherSet::GetVCP(), vcp code = 51
2025/10/28 05:14:19.348 [T:0xef112] [DisplayControl] Exit MCCSOtherSet::GetVCP()
2025/10/28 05:14:19.451 [T:0xef112] [DisplayControl] Enter MCCSOtherSet::GetVCP(), vcp code = 135
2025/10/28 05:14:19.538 [T:0xef112] [DisplayControl] Exit MCCSOtherSet::GetVCP()
2025/10/28 05:14:19.640 [T:0xef112] [DisplayControl] Enter MCCSOtherSet::GetVCP(), vcp code = 236
2025/10/28 05:14:19.726 [T:0xef112] [DisplayControl] Exit MCCSOtherSet::GetVCP()
2025/10/28 05:14:19.828 [T:0xef112] [DisplayControl] Enter MCCSOtherSet::GetVCP(), vcp code = 226
2025/10/28 05:14:19.914 [T:0xef112] [DisplayControl] Exit MCCSOtherSet::GetVCP()
2025/10/28 05:14:20.016 [T:0xef112] [DisplayControl] Enter MCCSOtherSet::GetVCP(), vcp code = 98
2025/10/28 05:14:20.103 [T:0xef112] [DisplayControl] Exit MCCSOtherSet::GetVCP()
2025/10/28 05:14:20.204 [T:0xef112] [DisplayControl] Enter MCCSOtherSet::GetVCP(), vcp code = 97
2025/10/28 05:14:20.291 [T:0xef112] [DisplayControl] Exit MCCSOtherSet::GetVCP()
2025/10/28 05:14:20.393 [T:0xef112] [DisplayControl] Enter MCCSOtherSet::GetVCP(), vcp code = 96
2025/10/28 05:14:20.479 [T:0xef112] [DisplayControl] Exit MCCSOtherSet::GetVCP()
2025/10/28 05:14:20.581 [T:0xef112] [DisplayControl] Enter MCCSOtherSet::GetVCP(), vcp code = 225
2025/10/28 05:14:20.667 [T:0xef112] [DisplayControl] Exit MCCSOtherSet::GetVCP()
2025/10/28 05:15:31.545 [T:0xb2aa4] [DisplayControl] Enter MCCSOtherSet::GetVCP(), vcp code = 96
2025/10/28 05:15:31.637 [T:0xb2aa4] [DisplayControl] Exit MCCSOtherSet::GetVCP()
2025/10/28 05:15:31.845 [T:0x57d5d] [DisplayControl] Enter MCCSOtherSet::GetVCP(), vcp code = 16
2025/10/28 05:15:31.957 [T:0x57d5d] [DisplayControl] Exit MCCSOtherSet::GetVCP()
2025/10/28 05:15:31.957 [T:0x57d5d] [DisplayControl] Enter MCCSOtherSet::GetVCP(), vcp code = 16
2025/10/28 05:15:32.120 [T:0x57d5d] [DisplayControl] Exit MCCSOtherSet::GetVCP()
2025/10/28 05:15:32.120 [T:0x57d5d] [DisplayControl] Enter MCCSOtherSet::GetVCP(), vcp code = 16
2025/10/28 05:15:32.262 [T:0x57d5d] [DisplayControl] Exit MCCSOtherSet::GetVCP()
2025/10/28 05:15:32.262 [T:0x57d5d] [DisplayControl] Enter MCCSOtherSet::GetVCP(), vcp code = 16
2025/10/28 05:15:32.403 [T:0x57d5d] [DisplayControl] Exit MCCSOtherSet::GetVCP()
2025/10/28 05:15:32.403 [T:0x57d5d] [DisplayControl] Enter MCCSOtherSet::GetVCP(), vcp code = 16
2025/10/28 05:15:32.544 [T:0x57d5d] [DisplayControl] Exit MCCSOtherSet::GetVCP()
2025/10/28 05:15:32.544 [T:0x57d5d] [DisplayControl] Enter MCCSOtherSet::GetVCP(), vcp code = 16
2025/10/28 05:15:32.685 [T:0x57d5d] [DisplayControl] Exit MCCSOtherSet::GetVCP()
2025/10/28 05:15:32.685 [T:0x57d5d] [DisplayControl] Enter MCCSOtherSet::GetVCP(), vcp code = 16
2025/10/28 05:15:32.826 [T:0x57d5d] [DisplayControl] Exit MCCSOtherSet::GetVCP()
2025/10/28 05:15:32.826 [T:0x57d5d] [DisplayControl] Enter MCCSOtherSet::GetVCP(), vcp code = 16
2025/10/28 05:15:32.967 [T:0x57d5d] [DisplayControl] Exit MCCSOtherSet::GetVCP()
2025/10/28 05:15:32.968 [T:0x57d5d] [DisplayControl] Enter MCCSOtherSet::GetVCP(), vcp code = 16
2025/10/28 05:15:33.108 [T:0x57d5d] [DisplayControl] Exit MCCSOtherSet::GetVCP()
2025/10/28 05:15:33.108 [T:0x57d5d] [DisplayControl] Enter MCCSOtherSet::GetVCP(), vcp code = 16
2025/10/28 05:15:33.250 [T:0x57d5d] [DisplayControl] Exit MCCSOtherSet::GetVCP()
2025/10/28 05:15:33.250 [T:0x57d5d] [DisplayControl] Enter MCCSOtherSet::GetVCP(), vcp code = 16
2025/10/28 05:15:33.391 [T:0x57d5d] [DisplayControl] Exit MCCSOtherSet::GetVCP()
2025/10/28 05:15:33.391 [T:0x57d5d] [DisplayControl] Enter MCCSOtherSet::GetVCP(), vcp code = 16
2025/10/28 05:15:33.532 [T:0x57d5d] [DisplayControl] Exit MCCSOtherSet::GetVCP()
2025/10/28 05:15:33.533 [T:0x57d5d] [DisplayControl] Enter MCCSOtherSet::GetVCP(), vcp code = 16
2025/10/28 05:15:33.673 [T:0x57d5d] [DisplayControl] Exit MCCSOtherSet::GetVCP()
2025/10/28 05:15:33.674 [T:0x57d5d] [DisplayControl] Enter MCCSOtherSet::GetVCP(), vcp code = 16
2025/10/28 05:15:33.814 [T:0x57d5d] [DisplayControl] Exit MCCSOtherSet::GetVCP()
2025/10/28 05:15:33.815 [T:0x57d5d] [DisplayControl] Enter MCCSOtherSet::GetVCP(), vcp code = 16
2025/10/28 05:15:33.955 [T:0x57d5d] [DisplayControl] Exit MCCSOtherSet::GetVCP()
2025/10/28 05:15:33.956 [T:0x57d5d] [DisplayControl] Enter MCCSOtherSet::GetVCP(), vcp code = 16
2025/10/28 05:15:34.096 [T:0x57d5d] [DisplayControl] Exit MCCSOtherSet::GetVCP()
2025/10/28 05:15:34.097 [T:0x57d5d] [DisplayControl] Enter MCCSOtherSet::GetVCP(), vcp code = 16
2025/10/28 05:15:34.238 [T:0x57d5d] [DisplayControl] Exit MCCSOtherSet::GetVCP()
2025/10/28 05:15:34.238 [T:0x57d5d] [DisplayControl] Enter MCCSOtherSet::GetVCP(), vcp code = 16
2025/10/28 05:15:34.380 [T:0x57d5d] [DisplayControl] Exit MCCSOtherSet::GetVCP()
2025/10/28 05:15:34.380 [T:0x57d5d] [DisplayControl] Enter MCCSOtherSet::GetVCP(), vcp code = 16
2025/10/28 05:15:34.521 [T:0x57d5d] [DisplayControl] Exit MCCSOtherSet::GetVCP()
2025/10/28 05:15:34.521 [T:0x57d5d] [DisplayControl] Enter MCCSOtherSet::GetVCP(), vcp code = 16
2025/10/28 05:15:34.661 [T:0x57d5d] [DisplayControl] Exit MCCSOtherSet::GetVCP()
2025/10/28 05:15:34.662 [T:0x57d5d] [DisplayControl] Enter MCCSOtherSet::GetVCP(), vcp code = 16
2025/10/28 05:15:34.803 [T:0x57d5d] [DisplayControl] Exit MCCSOtherSet::GetVCP()
2025/10/28 05:15:34.803 [T:0x57d5d] [DisplayControl] Enter MCCSOtherSet::GetVCP(), vcp code = 16
2025/10/28 05:15:34.944 [T:0x57d5d] [DisplayControl] Exit MCCSOtherSet::GetVCP()
2025/10/28 05:15:34.945 [T:0x57d5d] [DisplayControl] Enter MCCSOtherSet::GetVCP(), vcp code = 16
2025/10/28 05:15:35.085 [T:0x57d5d] [DisplayControl] Exit MCCSOtherSet::GetVCP()
2025/10/28 05:15:35.086 [T:0x57d5d] [DisplayControl] Enter MCCSOtherSet::GetVCP(), vcp code = 16
2025/10/28 05:15:35.226 [T:0x57d5d] [DisplayControl] Exit MCCSOtherSet::GetVCP()
2025/10/28 05:15:35.227 [T:0x57d5d] [DisplayControl] Enter MCCSOtherSet::GetVCP(), vcp code = 16
2025/10/28 05:15:35.368 [T:0x57d5d] [DisplayControl] Exit MCCSOtherSet::GetVCP()
2025/10/28 05:15:35.368 [T:0x57d5d] [DisplayControl] Enter MCCSOtherSet::GetVCP(), vcp code = 16
2025/10/28 05:15:35.509 [T:0x57d5d] [DisplayControl] Exit MCCSOtherSet::GetVCP()
2025/10/28 05:15:35.509 [T:0x57d5d] [DisplayControl] Enter MCCSOtherSet::GetVCP(), vcp code = 16
2025/10/28 05:15:35.650 [T:0x57d5d] [DisplayControl] Exit MCCSOtherSet::GetVCP()
2025/10/28 05:15:35.650 [T:0x57d5d] [DisplayControl] Enter MCCSOtherSet::GetVCP(), vcp code = 16
2025/10/28 05:15:35.791 [T:0x57d5d] [DisplayControl] Exit MCCSOtherSet::GetVCP()
2025/10/28 05:15:35.791 [T:0x57d5d] [DisplayControl] Enter MCCSOtherSet::GetVCP(), vcp code = 16
2025/10/28 05:15:35.932 [T:0x57d5d] [DisplayControl] Exit MCCSOtherSet::GetVCP()
2025/10/28 05:15:35.933 [T:0x57d5d] [DisplayControl] Enter MCCSOtherSet::GetVCP(), vcp code = 16
2025/10/28 05:15:36.073 [T:0x57d5d] [DisplayControl] Exit MCCSOtherSet::GetVCP()
2025/10/28 05:15:36.073 [T:0x57d5d] [DisplayControl] Enter MCCSOtherSet::GetVCP(), vcp code = 16
2025/10/28 05:15:36.215 [T:0x57d5d] [DisplayControl] Exit MCCSOtherSet::GetVCP()
2025/10/28 05:15:36.215 [T:0x57d5d] [DisplayControl] Enter MCCSOtherSet::GetVCP(), vcp code = 16
2025/10/28 05:15:36.356 [T:0x57d5d] [DisplayControl] Exit MCCSOtherSet::GetVCP()
2025/10/28 05:15:36.357 [T:0x57d5d] [DisplayControl] Enter MCCSOtherSet::GetVCP(), vcp code = 16
2025/10/28 05:15:36.497 [T:0x57d5d] [DisplayControl] Exit MCCSOtherSet::GetVCP()
2025/10/28 05:15:36.498 [T:0x57d5d] [DisplayControl] Enter MCCSOtherSet::GetVCP(), vcp code = 16
2025/10/28 05:15:36.639 [T:0x57d5d] [DisplayControl] Exit MCCSOtherSet::GetVCP()
2025/10/28 05:15:36.639 [T:0x57d5d] [DisplayControl] Enter MCCSOtherSet::GetVCP(), vcp code = 16
2025/10/28 05:15:36.780 [T:0x57d5d] [DisplayControl] Exit MCCSOtherSet::GetVCP()
2025/10/28 05:15:36.780 [T:0x57d5d] [DisplayControl] Enter MCCSOtherSet::GetVCP(), vcp code = 16
2025/10/28 05:15:36.921 [T:0x57d5d] [DisplayControl] Exit MCCSOtherSet::GetVCP()
2025/10/28 05:15:37.027 [T:0x57d5d] [DisplayControl] Enter MCCSOtherSet::GetVCP(), vcp code = 141
2025/10/28 05:15:37.109 [T:0x57d5d] [DisplayControl] Exit MCCSOtherSet::GetVCP()
2025/10/28 05:15:37.216 [T:0x57d5d] [DisplayControl] Enter MCCSOtherSet::GetVCP(), vcp code = 20
2025/10/28 05:15:37.298 [T:0x57d5d] [DisplayControl] Exit MCCSOtherSet::GetVCP()
2025/10/28 05:15:37.404 [T:0x57d5d] [DisplayControl] Enter MCCSOtherSet::GetVCP(), vcp code = 18
2025/10/28 05:15:37.487 [T:0x57d5d] [DisplayControl] Exit MCCSOtherSet::GetVCP()
2025/10/28 05:15:37.487 [T:0x57d5d] [DisplayControl] Enter MCCSOtherSet::GetVCP(), vcp code = 18
2025/10/28 05:15:37.627 [T:0x57d5d] [DisplayControl] Exit MCCSOtherSet::GetVCP()
2025/10/28 05:15:37.628 [T:0x57d5d] [DisplayControl] Enter MCCSOtherSet::GetVCP(), vcp code = 18
2025/10/28 05:15:37.769 [T:0x57d5d] [DisplayControl] Exit MCCSOtherSet::GetVCP()
2025/10/28 05:15:37.769 [T:0x57d5d] [DisplayControl] Enter MCCSOtherSet::GetVCP(), vcp code = 18
2025/10/28 05:15:37.910 [T:0x57d5d] [DisplayControl] Exit MCCSOtherSet::GetVCP()
2025/10/28 05:15:37.910 [T:0x57d5d] [DisplayControl] Enter MCCSOtherSet::GetVCP(), vcp code = 18
2025/10/28 05:15:38.051 [T:0x57d5d] [DisplayControl] Exit MCCSOtherSet::GetVCP()
2025/10/28 05:15:38.052 [T:0x57d5d] [DisplayControl] Enter MCCSOtherSet::GetVCP(), vcp code = 18
2025/10/28 05:15:38.192 [T:0x57d5d] [DisplayControl] Exit MCCSOtherSet::GetVCP()
2025/10/28 05:15:38.193 [T:0x57d5d] [DisplayControl] Enter MCCSOtherSet::GetVCP(), vcp code = 18
2025/10/28 05:15:38.333 [T:0x57d5d] [DisplayControl] Exit MCCSOtherSet::GetVCP()
2025/10/28 05:15:38.334 [T:0x57d5d] [DisplayControl] Enter MCCSOtherSet::GetVCP(), vcp code = 18
2025/10/28 05:15:38.474 [T:0x57d5d] [DisplayControl] Exit MCCSOtherSet::GetVCP()
2025/10/28 05:15:38.475 [T:0x57d5d] [DisplayControl] Enter MCCSOtherSet::GetVCP(), vcp code = 18
2025/10/28 05:15:38.616 [T:0x57d5d] [DisplayControl] Exit MCCSOtherSet::GetVCP()
2025/10/28 05:15:38.616 [T:0x57d5d] [DisplayControl] Enter MCCSOtherSet::GetVCP(), vcp code = 18
2025/10/28 05:15:38.757 [T:0x57d5d] [DisplayControl] Exit MCCSOtherSet::GetVCP()
2025/10/28 05:15:38.758 [T:0x57d5d] [DisplayControl] Enter MCCSOtherSet::GetVCP(), vcp code = 18
2025/10/28 05:15:38.898 [T:0x57d5d] [DisplayControl] Exit MCCSOtherSet::GetVCP()
2025/10/28 05:15:38.899 [T:0x57d5d] [DisplayControl] Enter MCCSOtherSet::GetVCP(), vcp code = 18
2025/10/28 05:15:39.039 [T:0x57d5d] [DisplayControl] Exit MCCSOtherSet::GetVCP()
2025/10/28 05:15:39.039 [T:0x57d5d] [DisplayControl] Enter MCCSOtherSet::GetVCP(), vcp code = 18
2025/10/28 05:15:39.181 [T:0x57d5d] [DisplayControl] Exit MCCSOtherSet::GetVCP()
2025/10/28 05:15:39.181 [T:0x57d5d] [DisplayControl] Enter MCCSOtherSet::GetVCP(), vcp code = 18
2025/10/28 05:15:39.321 [T:0x57d5d] [DisplayControl] Exit MCCSOtherSet::GetVCP()
2025/10/28 05:15:39.322 [T:0x57d5d] [DisplayControl] Enter MCCSOtherSet::GetVCP(), vcp code = 18
2025/10/28 05:15:39.463 [T:0x57d5d] [DisplayControl] Exit MCCSOtherSet::GetVCP()
2025/10/28 05:15:39.463 [T:0x57d5d] [DisplayControl] Enter MCCSOtherSet::GetVCP(), vcp code = 18
2025/10/28 05:15:39.604 [T:0x57d5d] [DisplayControl] Exit MCCSOtherSet::GetVCP()
2025/10/28 05:15:39.604 [T:0x57d5d] [DisplayControl] Enter MCCSOtherSet::GetVCP(), vcp code = 18
2025/10/28 05:15:39.745 [T:0x57d5d] [DisplayControl] Exit MCCSOtherSet::GetVCP()
2025/10/28 05:15:39.745 [T:0x57d5d] [DisplayControl] Enter MCCSOtherSet::GetVCP(), vcp code = 18
2025/10/28 05:15:39.887 [T:0x57d5d] [DisplayControl] Exit MCCSOtherSet::GetVCP()
2025/10/28 05:15:39.887 [T:0x57d5d] [DisplayControl] Enter MCCSOtherSet::GetVCP(), vcp code = 18
2025/10/28 05:15:40.027 [T:0x57d5d] [DisplayControl] Exit MCCSOtherSet::GetVCP()
2025/10/28 05:15:40.028 [T:0x57d5d] [DisplayControl] Enter MCCSOtherSet::GetVCP(), vcp code = 18
2025/10/28 05:15:40.169 [T:0x57d5d] [DisplayControl] Exit MCCSOtherSet::GetVCP()
2025/10/28 05:15:40.169 [T:0x57d5d] [DisplayControl] Enter MCCSOtherSet::GetVCP(), vcp code = 18
2025/10/28 05:15:40.310 [T:0x57d5d] [DisplayControl] Exit MCCSOtherSet::GetVCP()
2025/10/28 05:15:40.310 [T:0x57d5d] [DisplayControl] Enter MCCSOtherSet::GetVCP(), vcp code = 18
2025/10/28 05:15:40.451 [T:0x57d5d] [DisplayControl] Exit MCCSOtherSet::GetVCP()
2025/10/28 05:15:40.452 [T:0x57d5d] [DisplayControl] Enter MCCSOtherSet::GetVCP(), vcp code = 18
2025/10/28 05:15:40.592 [T:0x57d5d] [DisplayControl] Exit MCCSOtherSet::GetVCP()
2025/10/28 05:15:40.593 [T:0x57d5d] [DisplayControl] Enter MCCSOtherSet::GetVCP(), vcp code = 18
2025/10/28 05:15:40.734 [T:0x57d5d] [DisplayControl] Exit MCCSOtherSet::GetVCP()
2025/10/28 05:15:40.734 [T:0x57d5d] [DisplayControl] Enter MCCSOtherSet::GetVCP(), vcp code = 18
2025/10/28 05:15:40.875 [T:0x57d5d] [DisplayControl] Exit MCCSOtherSet::GetVCP()
2025/10/28 05:15:40.875 [T:0x57d5d] [DisplayControl] Enter MCCSOtherSet::GetVCP(), vcp code = 18
2025/10/28 05:15:41.016 [T:0x57d5d] [DisplayControl] Exit MCCSOtherSet::GetVCP()
2025/10/28 05:15:41.016 [T:0x57d5d] [DisplayControl] Enter MCCSOtherSet::GetVCP(), vcp code = 18
2025/10/28 05:15:41.157 [T:0x57d5d] [DisplayControl] Exit MCCSOtherSet::GetVCP()
2025/10/28 05:15:41.157 [T:0x57d5d] [DisplayControl] Enter MCCSOtherSet::GetVCP(), vcp code = 18
2025/10/28 05:15:41.298 [T:0x57d5d] [DisplayControl] Exit MCCSOtherSet::GetVCP()
2025/10/28 05:15:41.299 [T:0x57d5d] [DisplayControl] Enter MCCSOtherSet::GetVCP(), vcp code = 18
2025/10/28 05:15:41.439 [T:0x57d5d] [DisplayControl] Exit MCCSOtherSet::GetVCP()
2025/10/28 05:15:41.440 [T:0x57d5d] [DisplayControl] Enter MCCSOtherSet::GetVCP(), vcp code = 18
2025/10/28 05:15:41.581 [T:0x57d5d] [DisplayControl] Exit MCCSOtherSet::GetVCP()
2025/10/28 05:15:41.581 [T:0x57d5d] [DisplayControl] Enter MCCSOtherSet::GetVCP(), vcp code = 18
2025/10/28 05:15:41.722 [T:0x57d5d] [DisplayControl] Exit MCCSOtherSet::GetVCP()
2025/10/28 05:15:41.722 [T:0x57d5d] [DisplayControl] Enter MCCSOtherSet::GetVCP(), vcp code = 18
2025/10/28 05:15:41.864 [T:0x57d5d] [DisplayControl] Exit MCCSOtherSet::GetVCP()
2025/10/28 05:15:41.864 [T:0x57d5d] [DisplayControl] Enter MCCSOtherSet::GetVCP(), vcp code = 18
2025/10/28 05:15:42.005 [T:0x57d5d] [DisplayControl] Exit MCCSOtherSet::GetVCP()
2025/10/28 05:15:42.005 [T:0x57d5d] [DisplayControl] Enter MCCSOtherSet::GetVCP(), vcp code = 18
2025/10/28 05:15:42.146 [T:0x57d5d] [DisplayControl] Exit MCCSOtherSet::GetVCP()
2025/10/28 05:15:42.146 [T:0x57d5d] [DisplayControl] Enter MCCSOtherSet::GetVCP(), vcp code = 18
2025/10/28 05:15:42.288 [T:0x57d5d] [DisplayControl] Exit MCCSOtherSet::GetVCP()
2025/10/28 05:15:42.288 [T:0x57d5d] [DisplayControl] Enter MCCSOtherSet::GetVCP(), vcp code = 18
2025/10/28 05:15:42.428 [T:0x57d5d] [DisplayControl] Exit MCCSOtherSet::GetVCP()
2025/10/28 05:15:42.535 [T:0x57d5d] [DisplayControl] Enter MCCSOtherSet::GetVCP(), vcp code = 220
2025/10/28 05:15:42.616 [T:0x57d5d] [DisplayControl] Exit MCCSOtherSet::GetVCP()
2025/10/28 05:15:42.723 [T:0x57d5d] [DisplayControl] Enter MCCSOtherSet::GetVCP(), vcp code = 43
2025/10/28 05:15:42.805 [T:0x57d5d] [DisplayControl] Exit MCCSOtherSet::GetVCP()
2025/10/28 05:15:42.911 [T:0x57d5d] [DisplayControl] Enter MCCSOtherSet::GetVCP(), vcp code = 4
2025/10/28 05:15:42.993 [T:0x57d5d] [DisplayControl] Exit MCCSOtherSet::GetVCP()
2025/10/28 05:15:43.099 [T:0x57d5d] [DisplayControl] Enter MCCSOtherSet::GetVCP(), vcp code = 51
2025/10/28 05:15:43.182 [T:0x57d5d] [DisplayControl] Exit MCCSOtherSet::GetVCP()
2025/10/28 05:15:43.288 [T:0x57d5d] [DisplayControl] Enter MCCSOtherSet::GetVCP(), vcp code = 135
2025/10/28 05:15:43.370 [T:0x57d5d] [DisplayControl] Exit MCCSOtherSet::GetVCP()
2025/10/28 05:15:43.476 [T:0x57d5d] [DisplayControl] Enter MCCSOtherSet::GetVCP(), vcp code = 98
2025/10/28 05:15:43.558 [T:0x57d5d] [DisplayControl] Exit MCCSOtherSet::GetVCP()
2025/10/28 05:15:43.664 [T:0x57d5d] [DisplayControl] Enter MCCSOtherSet::GetVCP(), vcp code = 97
2025/10/28 05:15:43.746 [T:0x57d5d] [DisplayControl] Exit MCCSOtherSet::GetVCP()
2025/10/28 05:15:43.853 [T:0x57d5d] [DisplayControl] Enter MCCSOtherSet::GetVCP(), vcp code = 245
2025/10/28 05:15:43.935 [T:0x57d5d] [DisplayControl] Exit MCCSOtherSet::GetVCP()
2025/10/28 05:15:44.041 [T:0x57d5d] [DisplayControl] Enter MCCSOtherSet::GetVCP(), vcp code = 96
2025/10/28 05:15:44.123 [T:0x57d5d] [DisplayControl] Exit MCCSOtherSet::GetVCP()
2025/10/28 05:15:44.229 [T:0x57d5d] [DisplayControl] Enter MCCSOtherSet::GetVCP(), vcp code = 225
2025/10/28 05:15:44.311 [T:0x57d5d] [DisplayControl] Exit MCCSOtherSet::GetVCP()
2025/10/28 05:15:48.447 [T:0x57d5d] [DisplayControl] Enter MCCSOtherSet::SetVCP(), vcp code = 4
2025/10/28 05:15:49.383 [T:0x57d5d] [DisplayControl] Exit MCCSOtherSet::SetVCP()
2025/10/28 05:15:54.494 [T:0x57d5d] [DisplayControl] Enter OperationThread::ExitThread
2025/10/28 05:15:54.495 [T:0x57d5d] [DisplayControl] Exit OperationThread::ExitThread
2025/10/28 05:15:54.495 [T:0x57d5d] [DisplayControl] Enter OperationThread::~OperationThread()
2025/10/28 05:15:54.495 [T:0x57d5d] [DisplayControl] Enter OperationThread::ExitThread
2025/10/28 05:15:54.495 [T:0x57d5d] [DisplayControl] Enter OperationThread::ExitThread
2025/10/28 05:15:54.495 [T:0x57d5d] [DisplayControl] Exit OperationThread::ExitThread
2025/10/28 05:15:54.495 [T:0x57d5d] [DisplayControl] Enter OperationThread::~OperationThread()
2025/10/28 05:15:54.495 [T:0x57d5d] [DisplayControl] Enter OperationThread::ExitThread
2025/10/28 05:15:54.520 [T:0x57d5d] [DbgStr] After calling display_control_client_listener_video_port_.UpdateAllDisplayPath()
2025/10/28 05:15:54.536 [T:0x57d5d] [DbgStr] After calling display_control_client_listener_.GetAllDisplayEDID()
2025/10/28 05:15:54.538 [T:0x57d5d] [DisplayControl] Version = 3.0.6.0
2025/10/28 05:15:54.538 [T:0x57d5d] [DisplayControl] Enter ObtainControlHandler1
2025/10/28 05:15:54.538 [T:0x57d5d] [DisplayControl] GetVideoPortCommander
2025/10/28 05:15:54.538 [T:0x57d5d] [DisplayControl] GetUSBHubCommander
2025/10/28 05:15:54.538 [T:0x57d5d] ====== List p_lpo_display_info_video_port, # of devices is ======2
2025/10/28 05:15:54.539 [T:0x57d5d] [DisplayControl] index of p_lpo_display_info_video_port0
2025/10/28 05:15:54.539 [T:0x57d5d] [DisplayControl] Model name from VideoPort = VG2458
2025/10/28 05:15:54.539 [T:0x57d5d] [DisplayControl] SN from VideoPort = YDJ243400006
2025/10/28 05:15:54.539 [T:0x57d5d] [DisplayControl] index of p_lpo_display_info_video_port1
2025/10/28 05:15:54.539 [T:0x57d5d] [DisplayControl] Model name from VideoPort = VG275
2025/10/28 05:15:54.539 [T:0x57d5d] [DisplayControl] SN from VideoPort = XF6232400003
2025/10/28 05:15:54.539 [T:0x57d5d] ====== List p_lpo_display_info_rtd_scalar_rts_hub, # of devices is ======0
2025/10/28 05:15:54.539 [T:0x57d5d] [DisplayControl] GetVSRtkHubControlClientListener
2025/10/28 05:15:54.539 [T:0x57d5d] [DisplayControl] max monitor count = 2
2025/10/28 05:15:54.539 [T:0x57d5d] [DisplayControl] index of display_info_vec = 0
2025/10/28 05:15:54.539 [T:0x57d5d] [DisplayControl] index of p_lpo_display_info_video_port = 0
2025/10/28 05:15:54.539 [T:0x57d5d] [DisplayControl] VideoPortMatchingRule
2025/10/28 05:15:54.539 [T:0x57d5d] [DisplayControl] monitor display_info_model_name = VG2458
2025/10/28 05:15:54.539 [T:0x57d5d] [DisplayControl] monitor video_port_model_name = VG2458
2025/10/28 05:15:54.539 [T:0x57d5d] [DisplayControl] monitor display_info_sn = YDJ243400006
2025/10/28 05:15:54.539 [T:0x57d5d] [DisplayControl] monitor video_port_sn = YDJ243400006
2025/10/28 05:15:54.539 [T:0x57d5d] [DisplayControl] model_name_match = 1
2025/10/28 05:15:54.539 [T:0x57d5d] [DisplayControl] sn_match = 1
2025/10/28 05:15:54.539 [T:0x57d5d] [DisplayControl] video_port is_match = 1
2025/10/28 05:15:54.539 [T:0x57d5d] [DisplayControl] index of display_info_vec = 1
2025/10/28 05:15:54.539 [T:0x57d5d] [DisplayControl] index of p_lpo_display_info_video_port = 0
2025/10/28 05:15:54.539 [T:0x57d5d] [DisplayControl] VideoPortMatchingRule
2025/10/28 05:15:54.539 [T:0x57d5d] [DisplayControl] monitor display_info_model_name = VG275
2025/10/28 05:15:54.539 [T:0x57d5d] [DisplayControl] monitor video_port_model_name = VG2458
2025/10/28 05:15:54.539 [T:0x57d5d] [DisplayControl] monitor display_info_sn = XF6232400003
2025/10/28 05:15:54.539 [T:0x57d5d] [DisplayControl] monitor video_port_sn = YDJ243400006
2025/10/28 05:15:54.539 [T:0x57d5d] [DisplayControl] model_name_match = 0
2025/10/28 05:15:54.540 [T:0x57d5d] [DisplayControl] sn_match = 0
2025/10/28 05:15:54.540 [T:0x57d5d] [DisplayControl] video_port is_match = 0
2025/10/28 05:15:54.540 [T:0x57d5d] [DisplayControl] index of display_info_vec = 1
2025/10/28 05:15:54.540 [T:0x57d5d] [DisplayControl] index of p_lpo_display_info_video_port = 1
2025/10/28 05:15:54.540 [T:0x57d5d] [DisplayControl] VideoPortMatchingRule
2025/10/28 05:15:54.540 [T:0x57d5d] [DisplayControl] monitor display_info_model_name = VG275
2025/10/28 05:15:54.540 [T:0x57d5d] [DisplayControl] monitor video_port_model_name = VG275
2025/10/28 05:15:54.540 [T:0x57d5d] [DisplayControl] monitor display_info_sn = XF6232400003
2025/10/28 05:15:54.540 [T:0x57d5d] [DisplayControl] monitor video_port_sn = XF6232400003
2025/10/28 05:15:54.540 [T:0x57d5d] [DisplayControl] model_name_match = 1
2025/10/28 05:15:54.540 [T:0x57d5d] [DisplayControl] sn_match = 1
2025/10/28 05:15:54.540 [T:0x57d5d] [DisplayControl] video_port is_match = 1
2025/10/28 05:15:54.540 [T:0x57d5d] [DisplayControl] i = 0
2025/10/28 05:15:54.540 [T:0x57d5d] [DisplayControl] Enter OperationThread::OperationThread()
2025/10/28 05:15:54.540 [T:0x57d5d] [DisplayControl] Enter OperationThread::CreateThread
2025/10/28 05:15:54.540 [T:0x57d5d] [DisplayControl] new DisplayFunctioner
2025/10/28 05:15:54.540 [T:0x57d5d] [DisplayControl] insert displayer_vector
2025/10/28 05:15:54.540 [T:0x57d5d] [DisplayControl] insert modelName_SN_to_Display_map
2025/10/28 05:15:54.540 [T:0x57d5d] [DisplayControl] insert device_id_to_Displayer_map_
2025/10/28 05:15:54.540 [T:0x57d5d] [DisplayControl] i = 1
2025/10/28 05:15:54.540 [T:0x57d5d] [DisplayControl] Enter OperationThread::OperationThread()
2025/10/28 05:15:54.540 [T:0x57d5d] [DisplayControl] Enter OperationThread::CreateThread
2025/10/28 05:15:54.540 [T:0x57d5d] [DisplayControl] new DisplayFunctioner
2025/10/28 05:15:54.541 [T:0x57d5d] [DisplayControl] insert displayer_vector
2025/10/28 05:15:54.541 [T:0x57d5d] [DisplayControl] insert modelName_SN_to_Display_map
2025/10/28 05:15:54.541 [T:0x57d5d] [DisplayControl] insert device_id_to_Displayer_map_
2025/10/28 05:15:54.541 [T:0x57d5d] [DisplayControl] monitor size = 2
2025/10/28 05:15:54.541 [T:0x57d5d] [DisplayControl] Exit ObtainControlHandler
2025/10/28 05:15:54.541 [T:0x57d5d] [DisplayControl] Enter MCCSOtherSet::GetVCP(), vcp code = 16
2025/10/28 05:15:54.622 [T:0x57d5d] [DisplayControl] Exit MCCSOtherSet::GetVCP()
2025/10/28 05:15:54.623 [T:0x57d5d] [DisplayControl] Enter MCCSOtherSet::GetVCP(), vcp code = 16
2025/10/28 05:15:54.764 [T:0x57d5d] [DisplayControl] Exit MCCSOtherSet::GetVCP()
2025/10/28 05:15:54.871 [T:0x57d5d] [DisplayControl] Enter MCCSOtherSet::GetVCP(), vcp code = 141
2025/10/28 05:15:54.953 [T:0x57d5d] [DisplayControl] Exit MCCSOtherSet::GetVCP()
2025/10/28 05:15:55.059 [T:0x57d5d] [DisplayControl] Enter MCCSOtherSet::GetVCP(), vcp code = 20
2025/10/28 05:15:55.141 [T:0x57d5d] [DisplayControl] Exit MCCSOtherSet::GetVCP()
2025/10/28 05:15:55.247 [T:0x57d5d] [DisplayControl] Enter MCCSOtherSet::GetVCP(), vcp code = 18
2025/10/28 05:15:55.329 [T:0x57d5d] [DisplayControl] Exit MCCSOtherSet::GetVCP()
2025/10/28 05:15:55.435 [T:0x57d5d] [DisplayControl] Enter MCCSOtherSet::GetVCP(), vcp code = 220
2025/10/28 05:15:55.518 [T:0x57d5d] [DisplayControl] Exit MCCSOtherSet::GetVCP()
2025/10/28 05:15:55.623 [T:0x57d5d] [DisplayControl] Enter MCCSOtherSet::GetVCP(), vcp code = 43
2025/10/28 05:15:55.705 [T:0x57d5d] [DisplayControl] Exit MCCSOtherSet::GetVCP()
2025/10/28 05:15:55.812 [T:0x57d5d] [DisplayControl] Enter MCCSOtherSet::GetVCP(), vcp code = 4
2025/10/28 05:15:55.894 [T:0x57d5d] [DisplayControl] Exit MCCSOtherSet::GetVCP()
2025/10/28 05:15:56.000 [T:0x57d5d] [DisplayControl] Enter MCCSOtherSet::GetVCP(), vcp code = 51
2025/10/28 05:15:56.082 [T:0x57d5d] [DisplayControl] Exit MCCSOtherSet::GetVCP()
2025/10/28 05:15:56.189 [T:0x57d5d] [DisplayControl] Enter MCCSOtherSet::GetVCP(), vcp code = 135
2025/10/28 05:15:56.271 [T:0x57d5d] [DisplayControl] Exit MCCSOtherSet::GetVCP()
2025/10/28 05:15:56.377 [T:0x57d5d] [DisplayControl] Enter MCCSOtherSet::GetVCP(), vcp code = 98
2025/10/28 05:15:56.460 [T:0x57d5d] [DisplayControl] Exit MCCSOtherSet::GetVCP()
2025/10/28 05:15:56.565 [T:0x57d5d] [DisplayControl] Enter MCCSOtherSet::GetVCP(), vcp code = 97
2025/10/28 05:15:56.647 [T:0x57d5d] [DisplayControl] Exit MCCSOtherSet::GetVCP()
2025/10/28 05:15:56.753 [T:0x57d5d] [DisplayControl] Enter MCCSOtherSet::GetVCP(), vcp code = 245
2025/10/28 05:15:56.835 [T:0x57d5d] [DisplayControl] Exit MCCSOtherSet::GetVCP()
2025/10/28 05:15:56.889 [T:0xb2aa4] [DisplayControl] Enter MCCSOtherSet::GetVCP(), vcp code = 96
2025/10/28 05:15:56.941 [T:0x57d5d] [DisplayControl] Enter MCCSOtherSet::GetVCP(), vcp code = 96
2025/10/28 05:15:56.985 [T:0xb2aa4] [DisplayControl] Exit MCCSOtherSet::GetVCP()
2025/10/28 05:15:57.125 [T:0x57d5d] [DisplayControl] Exit MCCSOtherSet::GetVCP()
2025/10/28 05:15:57.227 [T:0x57d5d] [DisplayControl] Enter MCCSOtherSet::GetVCP(), vcp code = 225
2025/10/28 05:15:57.446 [T:0x57d5d] [DisplayControl] Exit MCCSOtherSet::GetVCP()
2025/10/28 05:15:57.554 [T:0x57d5d] [DisplayControl] Enter MCCSOtherSet::GetVCP(), vcp code = 16
2025/10/28 05:15:57.655 [T:0x57d5d] [DisplayControl] Exit MCCSOtherSet::GetVCP()
2025/10/28 05:15:57.757 [T:0x57d5d] [DisplayControl] Enter MCCSOtherSet::GetVCP(), vcp code = 141
2025/10/28 05:15:57.843 [T:0x57d5d] [DisplayControl] Exit MCCSOtherSet::GetVCP()
2025/10/28 05:15:57.945 [T:0x57d5d] [DisplayControl] Enter MCCSOtherSet::GetVCP(), vcp code = 18
2025/10/28 05:15:58.031 [T:0x57d5d] [DisplayControl] Exit MCCSOtherSet::GetVCP()
2025/10/28 05:15:58.133 [T:0x57d5d] [DisplayControl] Enter MCCSOtherSet::GetVCP(), vcp code = 220
2025/10/28 05:15:58.219 [T:0x57d5d] [DisplayControl] Exit MCCSOtherSet::GetVCP()
2025/10/28 05:15:58.321 [T:0x57d5d] [DisplayControl] Enter MCCSOtherSet::GetVCP(), vcp code = 43
2025/10/28 05:15:58.407 [T:0x57d5d] [DisplayControl] Exit MCCSOtherSet::GetVCP()
2025/10/28 05:15:58.509 [T:0x57d5d] [DisplayControl] Enter MCCSOtherSet::GetVCP(), vcp code = 4
2025/10/28 05:15:58.595 [T:0x57d5d] [DisplayControl] Exit MCCSOtherSet::GetVCP()
2025/10/28 05:15:58.698 [T:0x57d5d] [DisplayControl] Enter MCCSOtherSet::GetVCP(), vcp code = 51
2025/10/28 05:15:58.783 [T:0x57d5d] [DisplayControl] Exit MCCSOtherSet::GetVCP()
2025/10/28 05:15:58.886 [T:0x57d5d] [DisplayControl] Enter MCCSOtherSet::GetVCP(), vcp code = 135
2025/10/28 05:15:58.972 [T:0x57d5d] [DisplayControl] Exit MCCSOtherSet::GetVCP()
2025/10/28 05:15:59.074 [T:0x57d5d] [DisplayControl] Enter MCCSOtherSet::GetVCP(), vcp code = 236
2025/10/28 05:15:59.160 [T:0x57d5d] [DisplayControl] Exit MCCSOtherSet::GetVCP()
2025/10/28 05:15:59.263 [T:0x57d5d] [DisplayControl] Enter MCCSOtherSet::GetVCP(), vcp code = 226
2025/10/28 05:15:59.348 [T:0x57d5d] [DisplayControl] Exit MCCSOtherSet::GetVCP()
2025/10/28 05:15:59.451 [T:0x57d5d] [DisplayControl] Enter MCCSOtherSet::GetVCP(), vcp code = 98
2025/10/28 05:15:59.537 [T:0x57d5d] [DisplayControl] Exit MCCSOtherSet::GetVCP()
2025/10/28 05:15:59.639 [T:0x57d5d] [DisplayControl] Enter MCCSOtherSet::GetVCP(), vcp code = 97
2025/10/28 05:15:59.725 [T:0x57d5d] [DisplayControl] Exit MCCSOtherSet::GetVCP()
2025/10/28 05:15:59.827 [T:0x57d5d] [DisplayControl] Enter MCCSOtherSet::GetVCP(), vcp code = 96
2025/10/28 05:15:59.913 [T:0x57d5d] [DisplayControl] Exit MCCSOtherSet::GetVCP()
2025/10/28 05:16:00.015 [T:0x57d5d] [DisplayControl] Enter MCCSOtherSet::GetVCP(), vcp code = 225
2025/10/28 05:16:00.102 [T:0x57d5d] [DisplayControl] Exit MCCSOtherSet::GetVCP()
2025/10/28 05:19:25.322 [T:0x4126f] [DisplayControl] Enter MCCSOtherSet::SetVCP(), vcp code = 51
2025/10/28 05:19:25.704 [T:0x4126f] [DisplayControl] Exit MCCSOtherSet::SetVCP()
2025/10/28 05:21:06.094 [T:0xe7b07] [DisplayControl] Enter MCCSOtherSet::SetVCP(), vcp code = 96
2025/10/28 05:21:06.938 [T:0xe7b07] [DisplayControl] Exit MCCSOtherSet::SetVCP()
2025/10/28 05:21:14.318 [T:0xe7b07] [DisplayControl] Enter OperationThread::ExitThread
2025/10/28 05:21:14.319 [T:0xe7b07] [DisplayControl] Exit OperationThread::ExitThread
2025/10/28 05:21:14.319 [T:0xe7b07] [DisplayControl] Enter OperationThread::~OperationThread()
2025/10/28 05:21:14.319 [T:0xe7b07] [DisplayControl] Enter OperationThread::ExitThread
2025/10/28 05:21:14.320 [T:0xe7b07] [DisplayControl] Enter OperationThread::ExitThread
2025/10/28 05:21:14.320 [T:0xe7b07] [DisplayControl] Exit OperationThread::ExitThread
2025/10/28 05:21:14.321 [T:0xe7b07] [DisplayControl] Enter OperationThread::~OperationThread()
2025/10/28 05:21:14.321 [T:0xe7b07] [DisplayControl] Enter OperationThread::ExitThread
2025/10/28 05:21:14.380 [T:0xe7b07] [DbgStr] After calling display_control_client_listener_video_port_.UpdateAllDisplayPath()
2025/10/28 05:21:14.397 [T:0xe7b07] [DbgStr] After calling display_control_client_listener_.GetAllDisplayEDID()
2025/10/28 05:21:14.399 [T:0xe7b07] [DisplayControl] Version = 3.0.6.0
2025/10/28 05:21:14.399 [T:0xe7b07] [DisplayControl] Enter ObtainControlHandler1
2025/10/28 05:21:14.399 [T:0xe7b07] [DisplayControl] GetVideoPortCommander
2025/10/28 05:21:14.399 [T:0xe7b07] [DisplayControl] GetUSBHubCommander
2025/10/28 05:21:14.399 [T:0xe7b07] ====== List p_lpo_display_info_video_port, # of devices is ======2
2025/10/28 05:21:14.399 [T:0xe7b07] [DisplayControl] index of p_lpo_display_info_video_port0
2025/10/28 05:21:14.399 [T:0xe7b07] [DisplayControl] Model name from VideoPort = VG2458
2025/10/28 05:21:14.399 [T:0xe7b07] [DisplayControl] SN from VideoPort = YDJ243400006
2025/10/28 05:21:14.399 [T:0xe7b07] [DisplayControl] index of p_lpo_display_info_video_port1
2025/10/28 05:21:14.399 [T:0xe7b07] [DisplayControl] Model name from VideoPort = VG275
2025/10/28 05:21:14.399 [T:0xe7b07] [DisplayControl] SN from VideoPort = XF6232400003
2025/10/28 05:21:14.400 [T:0xe7b07] ====== List p_lpo_display_info_rtd_scalar_rts_hub, # of devices is ======0
2025/10/28 05:21:14.400 [T:0xe7b07] [DisplayControl] GetVSRtkHubControlClientListener
2025/10/28 05:21:14.400 [T:0xe7b07] [DisplayControl] max monitor count = 2
2025/10/28 05:21:14.400 [T:0xe7b07] [DisplayControl] index of display_info_vec = 0
2025/10/28 05:21:14.400 [T:0xe7b07] [DisplayControl] index of p_lpo_display_info_video_port = 0
2025/10/28 05:21:14.400 [T:0xe7b07] [DisplayControl] VideoPortMatchingRule
2025/10/28 05:21:14.400 [T:0xe7b07] [DisplayControl] monitor display_info_model_name = VG2458
2025/10/28 05:21:14.400 [T:0xe7b07] [DisplayControl] monitor video_port_model_name = VG2458
2025/10/28 05:21:14.400 [T:0xe7b07] [DisplayControl] monitor display_info_sn = YDJ243400006
2025/10/28 05:21:14.400 [T:0xe7b07] [DisplayControl] monitor video_port_sn = YDJ243400006
2025/10/28 05:21:14.400 [T:0xe7b07] [DisplayControl] model_name_match = 1
2025/10/28 05:21:14.400 [T:0xe7b07] [DisplayControl] sn_match = 1
2025/10/28 05:21:14.400 [T:0xe7b07] [DisplayControl] video_port is_match = 1
2025/10/28 05:21:14.400 [T:0xe7b07] [DisplayControl] index of display_info_vec = 1
2025/10/28 05:21:14.400 [T:0xe7b07] [DisplayControl] index of p_lpo_display_info_video_port = 0
2025/10/28 05:21:14.400 [T:0xe7b07] [DisplayControl] VideoPortMatchingRule
2025/10/28 05:21:14.400 [T:0xe7b07] [DisplayControl] monitor display_info_model_name = VG275
2025/10/28 05:21:14.400 [T:0xe7b07] [DisplayControl] monitor video_port_model_name = VG2458
2025/10/28 05:21:14.400 [T:0xe7b07] [DisplayControl] monitor display_info_sn = XF6232400003
2025/10/28 05:21:14.400 [T:0xe7b07] [DisplayControl] monitor video_port_sn = YDJ243400006
2025/10/28 05:21:14.400 [T:0xe7b07] [DisplayControl] model_name_match = 0
2025/10/28 05:21:14.400 [T:0xe7b07] [DisplayControl] sn_match = 0
2025/10/28 05:21:14.400 [T:0xe7b07] [DisplayControl] video_port is_match = 0
2025/10/28 05:21:14.400 [T:0xe7b07] [DisplayControl] index of display_info_vec = 1
2025/10/28 05:21:14.400 [T:0xe7b07] [DisplayControl] index of p_lpo_display_info_video_port = 1
2025/10/28 05:21:14.400 [T:0xe7b07] [DisplayControl] VideoPortMatchingRule
2025/10/28 05:21:14.400 [T:0xe7b07] [DisplayControl] monitor display_info_model_name = VG275
2025/10/28 05:21:14.401 [T:0xe7b07] [DisplayControl] monitor video_port_model_name = VG275
2025/10/28 05:21:14.401 [T:0xe7b07] [DisplayControl] monitor display_info_sn = XF6232400003
2025/10/28 05:21:14.401 [T:0xe7b07] [DisplayControl] monitor video_port_sn = XF6232400003
2025/10/28 05:21:14.401 [T:0xe7b07] [DisplayControl] model_name_match = 1
2025/10/28 05:21:14.401 [T:0xe7b07] [DisplayControl] sn_match = 1
2025/10/28 05:21:14.401 [T:0xe7b07] [DisplayControl] video_port is_match = 1
2025/10/28 05:21:14.401 [T:0xe7b07] [DisplayControl] i = 0
2025/10/28 05:21:14.401 [T:0xe7b07] [DisplayControl] Enter OperationThread::OperationThread()
2025/10/28 05:21:14.401 [T:0xe7b07] [DisplayControl] Enter OperationThread::CreateThread
2025/10/28 05:21:14.401 [T:0xe7b07] [DisplayControl] new DisplayFunctioner
2025/10/28 05:21:14.401 [T:0xe7b07] [DisplayControl] insert displayer_vector
2025/10/28 05:21:14.401 [T:0xe7b07] [DisplayControl] insert modelName_SN_to_Display_map
2025/10/28 05:21:14.401 [T:0xe7b07] [DisplayControl] insert device_id_to_Displayer_map_
2025/10/28 05:21:14.401 [T:0xe7b07] [DisplayControl] i = 1
2025/10/28 05:21:14.401 [T:0xe7b07] [DisplayControl] Enter OperationThread::OperationThread()
2025/10/28 05:21:14.401 [T:0xe7b07] [DisplayControl] Enter OperationThread::CreateThread
2025/10/28 05:21:14.401 [T:0xe7b07] [DisplayControl] new DisplayFunctioner
2025/10/28 05:21:14.401 [T:0xe7b07] [DisplayControl] insert displayer_vector
2025/10/28 05:21:14.401 [T:0xe7b07] [DisplayControl] insert modelName_SN_to_Display_map
2025/10/28 05:21:14.401 [T:0xe7b07] [DisplayControl] insert device_id_to_Displayer_map_
2025/10/28 05:21:14.401 [T:0xe7b07] [DisplayControl] monitor size = 2
2025/10/28 05:21:14.401 [T:0xe7b07] [DisplayControl] Exit ObtainControlHandler
2025/10/28 05:21:14.402 [T:0xe7b07] [DisplayControl] Enter MCCSOtherSet::GetVCP(), vcp code = 96
2025/10/28 05:21:14.474 [T:0xe7b07] [DisplayControl] Exit MCCSOtherSet::GetVCP()
2025/10/28 05:21:14.757 [T:0xe7b07] [DisplayControl] Enter MCCSOtherSet::GetVCP(), vcp code = 96
2025/10/28 05:21:14.839 [T:0xe7b07] [DisplayControl] Exit MCCSOtherSet::GetVCP()
2025/10/28 05:21:15.122 [T:0xe7b07] [DisplayControl] Enter MCCSOtherSet::SetVCP(), vcp code = 51
2025/10/28 05:21:15.431 [T:0xe7b07] [DisplayControl] Exit MCCSOtherSet::SetVCP()
2025/10/28 05:21:15.431 [T:0xe7b07] [DisplayControl] Enter MCCSOtherSet::SetVCP(), vcp code = 51
2025/10/28 05:21:15.591 [T:0xe7b07] [DisplayControl] Exit MCCSOtherSet::SetVCP()
2025/10/28 05:21:15.592 [T:0xe7b07] [DisplayControl] Enter MCCSOtherSet::GetVCP(), vcp code = 16
2025/10/28 05:21:15.666 [T:0xe7b07] [DisplayControl] Exit MCCSOtherSet::GetVCP()
2025/10/28 05:21:15.772 [T:0xe7b07] [DisplayControl] Enter MCCSOtherSet::GetVCP(), vcp code = 141
2025/10/28 05:21:15.854 [T:0xe7b07] [DisplayControl] Exit MCCSOtherSet::GetVCP()
2025/10/28 05:21:15.960 [T:0xe7b07] [DisplayControl] Enter MCCSOtherSet::GetVCP(), vcp code = 20
2025/10/28 05:21:16.042 [T:0xe7b07] [DisplayControl] Exit MCCSOtherSet::GetVCP()
2025/10/28 05:21:16.149 [T:0xe7b07] [DisplayControl] Enter MCCSOtherSet::GetVCP(), vcp code = 18
2025/10/28 05:21:16.231 [T:0xe7b07] [DisplayControl] Exit MCCSOtherSet::GetVCP()
2025/10/28 05:21:16.337 [T:0xe7b07] [DisplayControl] Enter MCCSOtherSet::GetVCP(), vcp code = 220
2025/10/28 05:21:16.419 [T:0xe7b07] [DisplayControl] Exit MCCSOtherSet::GetVCP()
2025/10/28 05:21:16.525 [T:0xe7b07] [DisplayControl] Enter MCCSOtherSet::GetVCP(), vcp code = 43
2025/10/28 05:21:16.607 [T:0xe7b07] [DisplayControl] Exit MCCSOtherSet::GetVCP()
2025/10/28 05:21:16.713 [T:0xe7b07] [DisplayControl] Enter MCCSOtherSet::GetVCP(), vcp code = 4
2025/10/28 05:21:16.795 [T:0xe7b07] [DisplayControl] Exit MCCSOtherSet::GetVCP()
2025/10/28 05:21:16.901 [T:0xe7b07] [DisplayControl] Enter MCCSOtherSet::GetVCP(), vcp code = 51
2025/10/28 05:21:16.983 [T:0xe7b07] [DisplayControl] Exit MCCSOtherSet::GetVCP()
2025/10/28 05:21:17.089 [T:0xe7b07] [DisplayControl] Enter MCCSOtherSet::GetVCP(), vcp code = 135
2025/10/28 05:21:17.171 [T:0xe7b07] [DisplayControl] Exit MCCSOtherSet::GetVCP()
2025/10/28 05:21:17.278 [T:0xe7b07] [DisplayControl] Enter MCCSOtherSet::GetVCP(), vcp code = 98
2025/10/28 05:21:17.360 [T:0xe7b07] [DisplayControl] Exit MCCSOtherSet::GetVCP()
2025/10/28 05:21:17.466 [T:0xe7b07] [DisplayControl] Enter MCCSOtherSet::GetVCP(), vcp code = 97
2025/10/28 05:21:17.548 [T:0xe7b07] [DisplayControl] Exit MCCSOtherSet::GetVCP()
2025/10/28 05:21:17.654 [T:0xe7b07] [DisplayControl] Enter MCCSOtherSet::GetVCP(), vcp code = 245
2025/10/28 05:21:17.736 [T:0xe7b07] [DisplayControl] Exit MCCSOtherSet::GetVCP()
2025/10/28 05:21:17.842 [T:0xe7b07] [DisplayControl] Enter MCCSOtherSet::GetVCP(), vcp code = 96
2025/10/28 05:21:17.924 [T:0xe7b07] [DisplayControl] Exit MCCSOtherSet::GetVCP()
2025/10/28 05:21:18.031 [T:0xe7b07] [DisplayControl] Enter MCCSOtherSet::GetVCP(), vcp code = 225
2025/10/28 05:21:18.113 [T:0xe7b07] [DisplayControl] Exit MCCSOtherSet::GetVCP()
2025/10/28 05:21:18.219 [T:0xe7b07] [DisplayControl] Enter MCCSOtherSet::GetVCP(), vcp code = 16
2025/10/28 05:21:18.304 [T:0xe7b07] [DisplayControl] Exit MCCSOtherSet::GetVCP()
2025/10/28 05:21:18.407 [T:0xe7b07] [DisplayControl] Enter MCCSOtherSet::GetVCP(), vcp code = 141
2025/10/28 05:21:18.493 [T:0xe7b07] [DisplayControl] Exit MCCSOtherSet::GetVCP()
2025/10/28 05:21:18.594 [T:0xe7b07] [DisplayControl] Enter MCCSOtherSet::GetVCP(), vcp code = 18
2025/10/28 05:21:18.681 [T:0xe7b07] [DisplayControl] Exit MCCSOtherSet::GetVCP()
2025/10/28 05:21:18.783 [T:0xe7b07] [DisplayControl] Enter MCCSOtherSet::GetVCP(), vcp code = 220
2025/10/28 05:21:18.869 [T:0xe7b07] [DisplayControl] Exit MCCSOtherSet::GetVCP()
2025/10/28 05:21:18.971 [T:0xe7b07] [DisplayControl] Enter MCCSOtherSet::GetVCP(), vcp code = 43
2025/10/28 05:21:19.057 [T:0xe7b07] [DisplayControl] Exit MCCSOtherSet::GetVCP()
2025/10/28 05:21:19.159 [T:0xe7b07] [DisplayControl] Enter MCCSOtherSet::GetVCP(), vcp code = 4
2025/10/28 05:21:19.245 [T:0xe7b07] [DisplayControl] Exit MCCSOtherSet::GetVCP()
2025/10/28 05:21:19.348 [T:0xe7b07] [DisplayControl] Enter MCCSOtherSet::GetVCP(), vcp code = 51
2025/10/28 05:21:19.433 [T:0xe7b07] [DisplayControl] Exit MCCSOtherSet::GetVCP()
2025/10/28 05:21:19.536 [T:0xe7b07] [DisplayControl] Enter MCCSOtherSet::GetVCP(), vcp code = 135
2025/10/28 05:21:19.621 [T:0xe7b07] [DisplayControl] Exit MCCSOtherSet::GetVCP()
2025/10/28 05:21:19.724 [T:0xe7b07] [DisplayControl] Enter MCCSOtherSet::GetVCP(), vcp code = 236
2025/10/28 05:21:19.810 [T:0xe7b07] [DisplayControl] Exit MCCSOtherSet::GetVCP()
2025/10/28 05:21:19.912 [T:0xe7b07] [DisplayControl] Enter MCCSOtherSet::GetVCP(), vcp code = 226
2025/10/28 05:21:19.998 [T:0xe7b07] [DisplayControl] Exit MCCSOtherSet::GetVCP()
2025/10/28 05:21:20.100 [T:0xe7b07] [DisplayControl] Enter MCCSOtherSet::GetVCP(), vcp code = 98
2025/10/28 05:21:20.186 [T:0xe7b07] [DisplayControl] Exit MCCSOtherSet::GetVCP()
2025/10/28 05:21:20.289 [T:0xe7b07] [DisplayControl] Enter MCCSOtherSet::GetVCP(), vcp code = 97
2025/10/28 05:21:20.374 [T:0xe7b07] [DisplayControl] Exit MCCSOtherSet::GetVCP()
2025/10/28 05:21:20.476 [T:0xe7b07] [DisplayControl] Enter MCCSOtherSet::GetVCP(), vcp code = 96
2025/10/28 05:21:20.562 [T:0xe7b07] [DisplayControl] Exit MCCSOtherSet::GetVCP()
2025/10/28 05:21:20.664 [T:0xe7b07] [DisplayControl] Enter MCCSOtherSet::GetVCP(), vcp code = 225
2025/10/28 05:21:20.750 [T:0xe7b07] [DisplayControl] Exit MCCSOtherSet::GetVCP()
2025/10/28 05:21:20.863 [T:0xe7b07] [DisplayControl] Enter MCCSOtherSet::SetVCP(), vcp code = 51
2025/10/28 05:21:21.014 [T:0xe7b07] [DisplayControl] Exit MCCSOtherSet::SetVCP()
2025/10/28 05:21:21.031 [T:0xb2aa4] [DisplayControl] Enter MCCSOtherSet::GetVCP(), vcp code = 96
2025/10/28 05:21:21.196 [T:0xb2aa4] [DisplayControl] Exit MCCSOtherSet::GetVCP()
2025/10/28 05:23:06.285 [T:0x4a991] [DisplayControl] Enter MCCSOtherSet::SetVCP(), vcp code = 51
2025/10/28 05:23:06.622 [T:0x4a991] [DisplayControl] Exit MCCSOtherSet::SetVCP()
2025/10/28 05:23:24.803 [T:0x4a991] [DisplayControl] Enter MCCSOtherSet::SetVCP(), vcp code = 96
2025/10/28 05:23:25.451 [T:0x4a991] [DisplayControl] Exit MCCSOtherSet::SetVCP()
2025/10/28 05:23:32.217 [T:0x4a991] [DisplayControl] Enter OperationThread::ExitThread
2025/10/28 05:23:32.218 [T:0x4a991] [DisplayControl] Exit OperationThread::ExitThread
2025/10/28 05:23:32.219 [T:0x4a991] [DisplayControl] Enter OperationThread::~OperationThread()
2025/10/28 05:23:32.219 [T:0x4a991] [DisplayControl] Enter OperationThread::ExitThread
2025/10/28 05:23:32.219 [T:0x4a991] [DisplayControl] Enter OperationThread::ExitThread
2025/10/28 05:23:32.220 [T:0x4a991] [DisplayControl] Exit OperationThread::ExitThread
2025/10/28 05:23:32.220 [T:0x4a991] [DisplayControl] Enter OperationThread::~OperationThread()
2025/10/28 05:23:32.220 [T:0x4a991] [DisplayControl] Enter OperationThread::ExitThread
2025/10/28 05:23:32.297 [T:0x4a991] [DbgStr] After calling display_control_client_listener_video_port_.UpdateAllDisplayPath()
2025/10/28 05:23:32.314 [T:0x4a991] [DbgStr] After calling display_control_client_listener_.GetAllDisplayEDID()
2025/10/28 05:23:32.315 [T:0x4a991] [DisplayControl] Version = 3.0.6.0
2025/10/28 05:23:32.316 [T:0x4a991] [DisplayControl] Enter ObtainControlHandler1
2025/10/28 05:23:32.316 [T:0x4a991] [DisplayControl] GetVideoPortCommander
2025/10/28 05:23:32.316 [T:0x4a991] [DisplayControl] GetUSBHubCommander
2025/10/28 05:23:32.316 [T:0x4a991] ====== List p_lpo_display_info_video_port, # of devices is ======2
2025/10/28 05:23:32.316 [T:0x4a991] [DisplayControl] index of p_lpo_display_info_video_port0
2025/10/28 05:23:32.316 [T:0x4a991] [DisplayControl] Model name from VideoPort = VG2458
2025/10/28 05:23:32.316 [T:0x4a991] [DisplayControl] SN from VideoPort = YDJ243400006
2025/10/28 05:23:32.316 [T:0x4a991] [DisplayControl] index of p_lpo_display_info_video_port1
2025/10/28 05:23:32.316 [T:0x4a991] [DisplayControl] Model name from VideoPort = VG275
2025/10/28 05:23:32.316 [T:0x4a991] [DisplayControl] SN from VideoPort = XF6232400003
2025/10/28 05:23:32.316 [T:0x4a991] ====== List p_lpo_display_info_rtd_scalar_rts_hub, # of devices is ======0
2025/10/28 05:23:32.316 [T:0x4a991] [DisplayControl] GetVSRtkHubControlClientListener
2025/10/28 05:23:32.316 [T:0x4a991] [DisplayControl] max monitor count = 2
2025/10/28 05:23:32.316 [T:0x4a991] [DisplayControl] index of display_info_vec = 0
2025/10/28 05:23:32.316 [T:0x4a991] [DisplayControl] index of p_lpo_display_info_video_port = 0
2025/10/28 05:23:32.316 [T:0x4a991] [DisplayControl] VideoPortMatchingRule
2025/10/28 05:23:32.316 [T:0x4a991] [DisplayControl] monitor display_info_model_name = VG2458
2025/10/28 05:23:32.316 [T:0x4a991] [DisplayControl] monitor video_port_model_name = VG2458
2025/10/28 05:23:32.316 [T:0x4a991] [DisplayControl] monitor display_info_sn = YDJ243400006
2025/10/28 05:23:32.316 [T:0x4a991] [DisplayControl] monitor video_port_sn = YDJ243400006
2025/10/28 05:23:32.316 [T:0x4a991] [DisplayControl] model_name_match = 1
2025/10/28 05:23:32.316 [T:0x4a991] [DisplayControl] sn_match = 1
2025/10/28 05:23:32.316 [T:0x4a991] [DisplayControl] video_port is_match = 1
2025/10/28 05:23:32.316 [T:0x4a991] [DisplayControl] index of display_info_vec = 1
2025/10/28 05:23:32.317 [T:0x4a991] [DisplayControl] index of p_lpo_display_info_video_port = 0
2025/10/28 05:23:32.317 [T:0x4a991] [DisplayControl] VideoPortMatchingRule
2025/10/28 05:23:32.317 [T:0x4a991] [DisplayControl] monitor display_info_model_name = VG275
2025/10/28 05:23:32.317 [T:0x4a991] [DisplayControl] monitor video_port_model_name = VG2458
2025/10/28 05:23:32.317 [T:0x4a991] [DisplayControl] monitor display_info_sn = XF6232400003
2025/10/28 05:23:32.317 [T:0x4a991] [DisplayControl] monitor video_port_sn = YDJ243400006
2025/10/28 05:23:32.317 [T:0x4a991] [DisplayControl] model_name_match = 0
2025/10/28 05:23:32.317 [T:0x4a991] [DisplayControl] sn_match = 0
2025/10/28 05:23:32.317 [T:0x4a991] [DisplayControl] video_port is_match = 0
2025/10/28 05:23:32.317 [T:0x4a991] [DisplayControl] index of display_info_vec = 1
2025/10/28 05:23:32.317 [T:0x4a991] [DisplayControl] index of p_lpo_display_info_video_port = 1
2025/10/28 05:23:32.317 [T:0x4a991] [DisplayControl] VideoPortMatchingRule
2025/10/28 05:23:32.317 [T:0x4a991] [DisplayControl] monitor display_info_model_name = VG275
2025/10/28 05:23:32.317 [T:0x4a991] [DisplayControl] monitor video_port_model_name = VG275
2025/10/28 05:23:32.317 [T:0x4a991] [DisplayControl] monitor display_info_sn = XF6232400003
2025/10/28 05:23:32.317 [T:0x4a991] [DisplayControl] monitor video_port_sn = XF6232400003
2025/10/28 05:23:32.317 [T:0x4a991] [DisplayControl] model_name_match = 1
2025/10/28 05:23:32.317 [T:0x4a991] [DisplayControl] sn_match = 1
2025/10/28 05:23:32.317 [T:0x4a991] [DisplayControl] video_port is_match = 1
2025/10/28 05:23:32.317 [T:0x4a991] [DisplayControl] i = 0
2025/10/28 05:23:32.317 [T:0x4a991] [DisplayControl] Enter OperationThread::OperationThread()
2025/10/28 05:23:32.317 [T:0x4a991] [DisplayControl] Enter OperationThread::CreateThread
2025/10/28 05:23:32.317 [T:0x4a991] [DisplayControl] new DisplayFunctioner
2025/10/28 05:23:32.317 [T:0x4a991] [DisplayControl] insert displayer_vector
2025/10/28 05:23:32.317 [T:0x4a991] [DisplayControl] insert modelName_SN_to_Display_map
2025/10/28 05:23:32.318 [T:0x4a991] [DisplayControl] insert device_id_to_Displayer_map_
2025/10/28 05:23:32.318 [T:0x4a991] [DisplayControl] i = 1
2025/10/28 05:23:32.318 [T:0x4a991] [DisplayControl] Enter OperationThread::OperationThread()
2025/10/28 05:23:32.318 [T:0x4a991] [DisplayControl] Enter OperationThread::CreateThread
2025/10/28 05:23:32.318 [T:0x4a991] [DisplayControl] new DisplayFunctioner
2025/10/28 05:23:32.318 [T:0x4a991] [DisplayControl] insert displayer_vector
2025/10/28 05:23:32.318 [T:0x4a991] [DisplayControl] insert modelName_SN_to_Display_map
2025/10/28 05:23:32.318 [T:0x4a991] [DisplayControl] insert device_id_to_Displayer_map_
2025/10/28 05:23:32.318 [T:0x4a991] [DisplayControl] monitor size = 2
2025/10/28 05:23:32.318 [T:0x4a991] [DisplayControl] Exit ObtainControlHandler
2025/10/28 05:23:32.318 [T:0x4a991] [DisplayControl] Enter MCCSOtherSet::GetVCP(), vcp code = 96
2025/10/28 05:23:32.404 [T:0x4a991] [DisplayControl] Exit MCCSOtherSet::GetVCP()
2025/10/28 05:23:32.687 [T:0x4a991] [DisplayControl] Enter MCCSOtherSet::GetVCP(), vcp code = 96
2025/10/28 05:23:32.768 [T:0x4a991] [DisplayControl] Exit MCCSOtherSet::GetVCP()
2025/10/28 05:23:33.052 [T:0x4a991] [DisplayControl] Enter MCCSOtherSet::SetVCP(), vcp code = 51
2025/10/28 05:23:33.361 [T:0x4a991] [DisplayControl] Exit MCCSOtherSet::SetVCP()
2025/10/28 05:23:33.361 [T:0x4a991] [DisplayControl] Enter MCCSOtherSet::SetVCP(), vcp code = 51
2025/10/28 05:23:33.521 [T:0x4a991] [DisplayControl] Exit MCCSOtherSet::SetVCP()
2025/10/28 05:23:33.522 [T:0x4a991] [DisplayControl] Enter MCCSOtherSet::GetVCP(), vcp code = 16
2025/10/28 05:23:33.596 [T:0x4a991] [DisplayControl] Exit MCCSOtherSet::GetVCP()
2025/10/28 05:23:33.702 [T:0x4a991] [DisplayControl] Enter MCCSOtherSet::GetVCP(), vcp code = 141
2025/10/28 05:23:33.784 [T:0x4a991] [DisplayControl] Exit MCCSOtherSet::GetVCP()
2025/10/28 05:23:33.890 [T:0x4a991] [DisplayControl] Enter MCCSOtherSet::GetVCP(), vcp code = 20
2025/10/28 05:23:33.972 [T:0x4a991] [DisplayControl] Exit MCCSOtherSet::GetVCP()
2025/10/28 05:23:34.079 [T:0x4a991] [DisplayControl] Enter MCCSOtherSet::GetVCP(), vcp code = 18
2025/10/28 05:23:34.161 [T:0x4a991] [DisplayControl] Exit MCCSOtherSet::GetVCP()
2025/10/28 05:23:34.268 [T:0x4a991] [DisplayControl] Enter MCCSOtherSet::GetVCP(), vcp code = 220
2025/10/28 05:23:34.349 [T:0x4a991] [DisplayControl] Exit MCCSOtherSet::GetVCP()
2025/10/28 05:23:34.456 [T:0x4a991] [DisplayControl] Enter MCCSOtherSet::GetVCP(), vcp code = 43
2025/10/28 05:23:34.537 [T:0x4a991] [DisplayControl] Exit MCCSOtherSet::GetVCP()
2025/10/28 05:23:34.644 [T:0x4a991] [DisplayControl] Enter MCCSOtherSet::GetVCP(), vcp code = 4
2025/10/28 05:23:34.726 [T:0x4a991] [DisplayControl] Exit MCCSOtherSet::GetVCP()
2025/10/28 05:23:34.832 [T:0x4a991] [DisplayControl] Enter MCCSOtherSet::GetVCP(), vcp code = 51
2025/10/28 05:23:34.914 [T:0x4a991] [DisplayControl] Exit MCCSOtherSet::GetVCP()
2025/10/28 05:23:35.020 [T:0x4a991] [DisplayControl] Enter MCCSOtherSet::GetVCP(), vcp code = 135
2025/10/28 05:23:35.102 [T:0x4a991] [DisplayControl] Exit MCCSOtherSet::GetVCP()
2025/10/28 05:23:35.208 [T:0x4a991] [DisplayControl] Enter MCCSOtherSet::GetVCP(), vcp code = 98
2025/10/28 05:23:35.290 [T:0x4a991] [DisplayControl] Exit MCCSOtherSet::GetVCP()
2025/10/28 05:23:35.397 [T:0x4a991] [DisplayControl] Enter MCCSOtherSet::GetVCP(), vcp code = 97
2025/10/28 05:23:35.479 [T:0x4a991] [DisplayControl] Exit MCCSOtherSet::GetVCP()
2025/10/28 05:23:35.585 [T:0x4a991] [DisplayControl] Enter MCCSOtherSet::GetVCP(), vcp code = 245
2025/10/28 05:23:35.667 [T:0x4a991] [DisplayControl] Exit MCCSOtherSet::GetVCP()
2025/10/28 05:23:35.774 [T:0x4a991] [DisplayControl] Enter MCCSOtherSet::GetVCP(), vcp code = 96
2025/10/28 05:23:35.855 [T:0x4a991] [DisplayControl] Exit MCCSOtherSet::GetVCP()
2025/10/28 05:23:35.962 [T:0x4a991] [DisplayControl] Enter MCCSOtherSet::GetVCP(), vcp code = 225
2025/10/28 05:23:36.043 [T:0x4a991] [DisplayControl] Exit MCCSOtherSet::GetVCP()
2025/10/28 05:23:36.150 [T:0x4a991] [DisplayControl] Enter MCCSOtherSet::GetVCP(), vcp code = 16
2025/10/28 05:23:36.236 [T:0x4a991] [DisplayControl] Exit MCCSOtherSet::GetVCP()
2025/10/28 05:23:36.338 [T:0x4a991] [DisplayControl] Enter MCCSOtherSet::GetVCP(), vcp code = 141
2025/10/28 05:23:36.423 [T:0x4a991] [DisplayControl] Exit MCCSOtherSet::GetVCP()
2025/10/28 05:23:36.526 [T:0x4a991] [DisplayControl] Enter MCCSOtherSet::GetVCP(), vcp code = 18
2025/10/28 05:23:36.613 [T:0x4a991] [DisplayControl] Exit MCCSOtherSet::GetVCP()
2025/10/28 05:23:36.715 [T:0x4a991] [DisplayControl] Enter MCCSOtherSet::GetVCP(), vcp code = 220
2025/10/28 05:23:36.801 [T:0x4a991] [DisplayControl] Exit MCCSOtherSet::GetVCP()
2025/10/28 05:23:36.903 [T:0x4a991] [DisplayControl] Enter MCCSOtherSet::GetVCP(), vcp code = 43
2025/10/28 05:23:36.990 [T:0x4a991] [DisplayControl] Exit MCCSOtherSet::GetVCP()
2025/10/28 05:23:37.091 [T:0x4a991] [DisplayControl] Enter MCCSOtherSet::GetVCP(), vcp code = 4
2025/10/28 05:23:37.178 [T:0x4a991] [DisplayControl] Exit MCCSOtherSet::GetVCP()
2025/10/28 05:23:37.280 [T:0x4a991] [DisplayControl] Enter MCCSOtherSet::GetVCP(), vcp code = 51
2025/10/28 05:23:37.366 [T:0x4a991] [DisplayControl] Exit MCCSOtherSet::GetVCP()
2025/10/28 05:23:37.468 [T:0x4a991] [DisplayControl] Enter MCCSOtherSet::GetVCP(), vcp code = 135
2025/10/28 05:23:37.553 [T:0x4a991] [DisplayControl] Exit MCCSOtherSet::GetVCP()
2025/10/28 05:23:37.656 [T:0x4a991] [DisplayControl] Enter MCCSOtherSet::GetVCP(), vcp code = 236
2025/10/28 05:23:37.742 [T:0x4a991] [DisplayControl] Exit MCCSOtherSet::GetVCP()
2025/10/28 05:23:37.844 [T:0x4a991] [DisplayControl] Enter MCCSOtherSet::GetVCP(), vcp code = 226
2025/10/28 05:23:37.930 [T:0x4a991] [DisplayControl] Exit MCCSOtherSet::GetVCP()
2025/10/28 05:23:38.032 [T:0x4a991] [DisplayControl] Enter MCCSOtherSet::GetVCP(), vcp code = 98
2025/10/28 05:23:38.118 [T:0x4a991] [DisplayControl] Exit MCCSOtherSet::GetVCP()
2025/10/28 05:23:38.220 [T:0x4a991] [DisplayControl] Enter MCCSOtherSet::GetVCP(), vcp code = 97
2025/10/28 05:23:38.307 [T:0x4a991] [DisplayControl] Exit MCCSOtherSet::GetVCP()
2025/10/28 05:23:38.409 [T:0x4a991] [DisplayControl] Enter MCCSOtherSet::GetVCP(), vcp code = 96
2025/10/28 05:23:38.495 [T:0x4a991] [DisplayControl] Exit MCCSOtherSet::GetVCP()
2025/10/28 05:23:38.597 [T:0x4a991] [DisplayControl] Enter MCCSOtherSet::GetVCP(), vcp code = 225
2025/10/28 05:23:38.683 [T:0x4a991] [DisplayControl] Exit MCCSOtherSet::GetVCP()
2025/10/28 05:23:38.796 [T:0x4a991] [DisplayControl] Enter MCCSOtherSet::SetVCP(), vcp code = 51
2025/10/28 05:23:38.961 [T:0x4a991] [DisplayControl] Exit MCCSOtherSet::SetVCP()
2025/10/28 05:23:38.978 [T:0xb2aa4] [DisplayControl] Enter MCCSOtherSet::GetVCP(), vcp code = 96
2025/10/28 05:23:39.099 [T:0xb2aa4] [DisplayControl] Exit MCCSOtherSet::GetVCP()
2025/10/28 05:25:25.296 [T:0x6cbd4] [DisplayControl] Enter MCCSOtherSet::SetVCP(), vcp code = 51
2025/10/28 05:25:25.486 [T:0x6cbd4] [DisplayControl] Exit MCCSOtherSet::SetVCP()
2025/10/28 05:25:43.783 [T:0x6cbd4] [DisplayControl] Enter MCCSOtherSet::SetVCP(), vcp code = 96
2025/10/28 05:25:44.099 [T:0x6cbd4] [DisplayControl] Exit MCCSOtherSet::SetVCP()
2025/10/28 05:25:50.883 [T:0x6cbd4] [DisplayControl] Enter OperationThread::ExitThread
2025/10/28 05:25:50.884 [T:0x6cbd4] [DisplayControl] Exit OperationThread::ExitThread
2025/10/28 05:25:50.884 [T:0x6cbd4] [DisplayControl] Enter OperationThread::~OperationThread()
2025/10/28 05:25:50.884 [T:0x6cbd4] [DisplayControl] Enter OperationThread::ExitThread
2025/10/28 05:25:50.884 [T:0x6cbd4] [DisplayControl] Enter OperationThread::ExitThread
2025/10/28 05:25:50.885 [T:0x6cbd4] [DisplayControl] Exit OperationThread::ExitThread
2025/10/28 05:25:50.885 [T:0x6cbd4] [DisplayControl] Enter OperationThread::~OperationThread()
2025/10/28 05:25:50.885 [T:0x6cbd4] [DisplayControl] Enter OperationThread::ExitThread
2025/10/28 05:25:50.962 [T:0x6cbd4] [DbgStr] After calling display_control_client_listener_video_port_.UpdateAllDisplayPath()
2025/10/28 05:25:50.979 [T:0x6cbd4] [DbgStr] After calling display_control_client_listener_.GetAllDisplayEDID()
2025/10/28 05:25:50.981 [T:0x6cbd4] [DisplayControl] Version = 3.0.6.0
2025/10/28 05:25:50.981 [T:0x6cbd4] [DisplayControl] Enter ObtainControlHandler1
2025/10/28 05:25:50.981 [T:0x6cbd4] [DisplayControl] GetVideoPortCommander
2025/10/28 05:25:50.981 [T:0x6cbd4] [DisplayControl] GetUSBHubCommander
2025/10/28 05:25:50.981 [T:0x6cbd4] ====== List p_lpo_display_info_video_port, # of devices is ======2
2025/10/28 05:25:50.981 [T:0x6cbd4] [DisplayControl] index of p_lpo_display_info_video_port0
2025/10/28 05:25:50.981 [T:0x6cbd4] [DisplayControl] Model name from VideoPort = VG2458
2025/10/28 05:25:50.981 [T:0x6cbd4] [DisplayControl] SN from VideoPort = YDJ243400006
2025/10/28 05:25:50.981 [T:0x6cbd4] [DisplayControl] index of p_lpo_display_info_video_port1
2025/10/28 05:25:50.981 [T:0x6cbd4] [DisplayControl] Model name from VideoPort = VG275
2025/10/28 05:25:50.981 [T:0x6cbd4] [DisplayControl] SN from VideoPort = XF6232400003
2025/10/28 05:25:50.981 [T:0x6cbd4] ====== List p_lpo_display_info_rtd_scalar_rts_hub, # of devices is ======0
2025/10/28 05:25:50.981 [T:0x6cbd4] [DisplayControl] GetVSRtkHubControlClientListener
2025/10/28 05:25:50.981 [T:0x6cbd4] [DisplayControl] max monitor count = 2
2025/10/28 05:25:50.981 [T:0x6cbd4] [DisplayControl] index of display_info_vec = 0
2025/10/28 05:25:50.981 [T:0x6cbd4] [DisplayControl] index of p_lpo_display_info_video_port = 0
2025/10/28 05:25:50.981 [T:0x6cbd4] [DisplayControl] VideoPortMatchingRule
2025/10/28 05:25:50.982 [T:0x6cbd4] [DisplayControl] monitor display_info_model_name = VG2458
2025/10/28 05:25:50.982 [T:0x6cbd4] [DisplayControl] monitor video_port_model_name = VG2458
2025/10/28 05:25:50.982 [T:0x6cbd4] [DisplayControl] monitor display_info_sn = YDJ243400006
2025/10/28 05:25:50.982 [T:0x6cbd4] [DisplayControl] monitor video_port_sn = YDJ243400006
2025/10/28 05:25:50.982 [T:0x6cbd4] [DisplayControl] model_name_match = 1
2025/10/28 05:25:50.982 [T:0x6cbd4] [DisplayControl] sn_match = 1
2025/10/28 05:25:50.982 [T:0x6cbd4] [DisplayControl] video_port is_match = 1
2025/10/28 05:25:50.982 [T:0x6cbd4] [DisplayControl] index of display_info_vec = 1
2025/10/28 05:25:50.982 [T:0x6cbd4] [DisplayControl] index of p_lpo_display_info_video_port = 0
2025/10/28 05:25:50.982 [T:0x6cbd4] [DisplayControl] VideoPortMatchingRule
2025/10/28 05:25:50.982 [T:0x6cbd4] [DisplayControl] monitor display_info_model_name = VG275
2025/10/28 05:25:50.982 [T:0x6cbd4] [DisplayControl] monitor video_port_model_name = VG2458
2025/10/28 05:25:50.982 [T:0x6cbd4] [DisplayControl] monitor display_info_sn = XF6232400003
2025/10/28 05:25:50.982 [T:0x6cbd4] [DisplayControl] monitor video_port_sn = YDJ243400006
2025/10/28 05:25:50.982 [T:0x6cbd4] [DisplayControl] model_name_match = 0
2025/10/28 05:25:50.982 [T:0x6cbd4] [DisplayControl] sn_match = 0
2025/10/28 05:25:50.982 [T:0x6cbd4] [DisplayControl] video_port is_match = 0
2025/10/28 05:25:50.982 [T:0x6cbd4] [DisplayControl] index of display_info_vec = 1
2025/10/28 05:25:50.982 [T:0x6cbd4] [DisplayControl] index of p_lpo_display_info_video_port = 1
2025/10/28 05:25:50.982 [T:0x6cbd4] [DisplayControl] VideoPortMatchingRule
2025/10/28 05:25:50.982 [T:0x6cbd4] [DisplayControl] monitor display_info_model_name = VG275
2025/10/28 05:25:50.982 [T:0x6cbd4] [DisplayControl] monitor video_port_model_name = VG275
2025/10/28 05:25:50.982 [T:0x6cbd4] [DisplayControl] monitor display_info_sn = XF6232400003
2025/10/28 05:25:50.982 [T:0x6cbd4] [DisplayControl] monitor video_port_sn = XF6232400003
2025/10/28 05:25:50.982 [T:0x6cbd4] [DisplayControl] model_name_match = 1
2025/10/28 05:25:50.982 [T:0x6cbd4] [DisplayControl] sn_match = 1
2025/10/28 05:25:50.982 [T:0x6cbd4] [DisplayControl] video_port is_match = 1
2025/10/28 05:25:50.982 [T:0x6cbd4] [DisplayControl] i = 0
2025/10/28 05:25:50.983 [T:0x6cbd4] [DisplayControl] Enter OperationThread::OperationThread()
2025/10/28 05:25:50.983 [T:0x6cbd4] [DisplayControl] Enter OperationThread::CreateThread
2025/10/28 05:25:50.983 [T:0x6cbd4] [DisplayControl] new DisplayFunctioner
2025/10/28 05:25:50.983 [T:0x6cbd4] [DisplayControl] insert displayer_vector
2025/10/28 05:25:50.983 [T:0x6cbd4] [DisplayControl] insert modelName_SN_to_Display_map
2025/10/28 05:25:50.983 [T:0x6cbd4] [DisplayControl] insert device_id_to_Displayer_map_
2025/10/28 05:25:50.983 [T:0x6cbd4] [DisplayControl] i = 1
2025/10/28 05:25:50.983 [T:0x6cbd4] [DisplayControl] Enter OperationThread::OperationThread()
2025/10/28 05:25:50.983 [T:0x6cbd4] [DisplayControl] Enter OperationThread::CreateThread
2025/10/28 05:25:50.983 [T:0x6cbd4] [DisplayControl] new DisplayFunctioner
2025/10/28 05:25:50.983 [T:0x6cbd4] [DisplayControl] insert displayer_vector
2025/10/28 05:25:50.983 [T:0x6cbd4] [DisplayControl] insert modelName_SN_to_Display_map
2025/10/28 05:25:50.983 [T:0x6cbd4] [DisplayControl] insert device_id_to_Displayer_map_
2025/10/28 05:25:50.983 [T:0x6cbd4] [DisplayControl] monitor size = 2
2025/10/28 05:25:50.983 [T:0x6cbd4] [DisplayControl] Exit ObtainControlHandler
2025/10/28 05:25:50.983 [T:0x6cbd4] [DisplayControl] Enter MCCSOtherSet::GetVCP(), vcp code = 96
2025/10/28 05:25:51.069 [T:0x6cbd4] [DisplayControl] Exit MCCSOtherSet::GetVCP()
2025/10/28 05:25:51.353 [T:0x6cbd4] [DisplayControl] Enter MCCSOtherSet::GetVCP(), vcp code = 96
2025/10/28 05:25:51.434 [T:0x6cbd4] [DisplayControl] Exit MCCSOtherSet::GetVCP()
2025/10/28 05:25:51.718 [T:0x6cbd4] [DisplayControl] Enter MCCSOtherSet::SetVCP(), vcp code = 51
2025/10/28 05:25:52.027 [T:0x6cbd4] [DisplayControl] Exit MCCSOtherSet::SetVCP()
2025/10/28 05:25:52.027 [T:0x6cbd4] [DisplayControl] Enter MCCSOtherSet::SetVCP(), vcp code = 51
2025/10/28 05:25:52.188 [T:0x6cbd4] [DisplayControl] Exit MCCSOtherSet::SetVCP()
2025/10/28 05:25:52.188 [T:0x6cbd4] [DisplayControl] Enter MCCSOtherSet::GetVCP(), vcp code = 16
2025/10/28 05:25:52.262 [T:0x6cbd4] [DisplayControl] Exit MCCSOtherSet::GetVCP()
2025/10/28 05:25:52.369 [T:0x6cbd4] [DisplayControl] Enter MCCSOtherSet::GetVCP(), vcp code = 141
2025/10/28 05:25:52.451 [T:0x6cbd4] [DisplayControl] Exit MCCSOtherSet::GetVCP()
2025/10/28 05:25:52.557 [T:0x6cbd4] [DisplayControl] Enter MCCSOtherSet::GetVCP(), vcp code = 20
2025/10/28 05:25:52.639 [T:0x6cbd4] [DisplayControl] Exit MCCSOtherSet::GetVCP()
2025/10/28 05:25:52.745 [T:0x6cbd4] [DisplayControl] Enter MCCSOtherSet::GetVCP(), vcp code = 18
2025/10/28 05:25:52.827 [T:0x6cbd4] [DisplayControl] Exit MCCSOtherSet::GetVCP()
2025/10/28 05:25:52.934 [T:0x6cbd4] [DisplayControl] Enter MCCSOtherSet::GetVCP(), vcp code = 220
2025/10/28 05:25:53.016 [T:0x6cbd4] [DisplayControl] Exit MCCSOtherSet::GetVCP()
2025/10/28 05:25:53.122 [T:0x6cbd4] [DisplayControl] Enter MCCSOtherSet::GetVCP(), vcp code = 43
2025/10/28 05:25:53.204 [T:0x6cbd4] [DisplayControl] Exit MCCSOtherSet::GetVCP()
2025/10/28 05:25:53.311 [T:0x6cbd4] [DisplayControl] Enter MCCSOtherSet::GetVCP(), vcp code = 4
2025/10/28 05:25:53.392 [T:0x6cbd4] [DisplayControl] Exit MCCSOtherSet::GetVCP()
2025/10/28 05:25:53.499 [T:0x6cbd4] [DisplayControl] Enter MCCSOtherSet::GetVCP(), vcp code = 51
2025/10/28 05:25:53.580 [T:0x6cbd4] [DisplayControl] Exit MCCSOtherSet::GetVCP()
2025/10/28 05:25:53.687 [T:0x6cbd4] [DisplayControl] Enter MCCSOtherSet::GetVCP(), vcp code = 135
2025/10/28 05:25:53.770 [T:0x6cbd4] [DisplayControl] Exit MCCSOtherSet::GetVCP()
2025/10/28 05:25:53.875 [T:0x6cbd4] [DisplayControl] Enter MCCSOtherSet::GetVCP(), vcp code = 98
2025/10/28 05:25:53.957 [T:0x6cbd4] [DisplayControl] Exit MCCSOtherSet::GetVCP()
2025/10/28 05:25:54.064 [T:0x6cbd4] [DisplayControl] Enter MCCSOtherSet::GetVCP(), vcp code = 97
2025/10/28 05:25:54.146 [T:0x6cbd4] [DisplayControl] Exit MCCSOtherSet::GetVCP()
2025/10/28 05:25:54.252 [T:0x6cbd4] [DisplayControl] Enter MCCSOtherSet::GetVCP(), vcp code = 245
2025/10/28 05:25:54.334 [T:0x6cbd4] [DisplayControl] Exit MCCSOtherSet::GetVCP()
2025/10/28 05:25:54.440 [T:0x6cbd4] [DisplayControl] Enter MCCSOtherSet::GetVCP(), vcp code = 96
2025/10/28 05:25:54.523 [T:0x6cbd4] [DisplayControl] Exit MCCSOtherSet::GetVCP()
2025/10/28 05:25:54.629 [T:0x6cbd4] [DisplayControl] Enter MCCSOtherSet::GetVCP(), vcp code = 225
2025/10/28 05:25:54.711 [T:0x6cbd4] [DisplayControl] Exit MCCSOtherSet::GetVCP()
2025/10/28 05:25:54.818 [T:0x6cbd4] [DisplayControl] Enter MCCSOtherSet::GetVCP(), vcp code = 16
2025/10/28 05:25:54.903 [T:0x6cbd4] [DisplayControl] Exit MCCSOtherSet::GetVCP()
2025/10/28 05:25:55.006 [T:0x6cbd4] [DisplayControl] Enter MCCSOtherSet::GetVCP(), vcp code = 141
2025/10/28 05:25:55.091 [T:0x6cbd4] [DisplayControl] Exit MCCSOtherSet::GetVCP()
2025/10/28 05:25:55.193 [T:0x6cbd4] [DisplayControl] Enter MCCSOtherSet::GetVCP(), vcp code = 18
2025/10/28 05:25:55.279 [T:0x6cbd4] [DisplayControl] Exit MCCSOtherSet::GetVCP()
2025/10/28 05:25:55.382 [T:0x6cbd4] [DisplayControl] Enter MCCSOtherSet::GetVCP(), vcp code = 220
2025/10/28 05:25:55.468 [T:0x6cbd4] [DisplayControl] Exit MCCSOtherSet::GetVCP()
2025/10/28 05:25:55.570 [T:0x6cbd4] [DisplayControl] Enter MCCSOtherSet::GetVCP(), vcp code = 43
2025/10/28 05:25:55.656 [T:0x6cbd4] [DisplayControl] Exit MCCSOtherSet::GetVCP()
2025/10/28 05:25:55.758 [T:0x6cbd4] [DisplayControl] Enter MCCSOtherSet::GetVCP(), vcp code = 4
2025/10/28 05:25:55.845 [T:0x6cbd4] [DisplayControl] Exit MCCSOtherSet::GetVCP()
2025/10/28 05:25:55.947 [T:0x6cbd4] [DisplayControl] Enter MCCSOtherSet::GetVCP(), vcp code = 51
2025/10/28 05:25:56.033 [T:0x6cbd4] [DisplayControl] Exit MCCSOtherSet::GetVCP()
2025/10/28 05:25:56.135 [T:0x6cbd4] [DisplayControl] Enter MCCSOtherSet::GetVCP(), vcp code = 135
2025/10/28 05:25:56.221 [T:0x6cbd4] [DisplayControl] Exit MCCSOtherSet::GetVCP()
2025/10/28 05:25:56.324 [T:0x6cbd4] [DisplayControl] Enter MCCSOtherSet::GetVCP(), vcp code = 236
2025/10/28 05:25:56.410 [T:0x6cbd4] [DisplayControl] Exit MCCSOtherSet::GetVCP()
2025/10/28 05:25:56.512 [T:0x6cbd4] [DisplayControl] Enter MCCSOtherSet::GetVCP(), vcp code = 226
2025/10/28 05:25:56.597 [T:0x6cbd4] [DisplayControl] Exit MCCSOtherSet::GetVCP()
2025/10/28 05:25:56.700 [T:0x6cbd4] [DisplayControl] Enter MCCSOtherSet::GetVCP(), vcp code = 98
2025/10/28 05:25:56.786 [T:0x6cbd4] [DisplayControl] Exit MCCSOtherSet::GetVCP()
2025/10/28 05:25:56.888 [T:0x6cbd4] [DisplayControl] Enter MCCSOtherSet::GetVCP(), vcp code = 97
2025/10/28 05:25:56.974 [T:0x6cbd4] [DisplayControl] Exit MCCSOtherSet::GetVCP()
2025/10/28 05:25:57.076 [T:0x6cbd4] [DisplayControl] Enter MCCSOtherSet::GetVCP(), vcp code = 96
2025/10/28 05:25:57.162 [T:0x6cbd4] [DisplayControl] Exit MCCSOtherSet::GetVCP()
2025/10/28 05:25:57.265 [T:0x6cbd4] [DisplayControl] Enter MCCSOtherSet::GetVCP(), vcp code = 225
2025/10/28 05:25:57.351 [T:0x6cbd4] [DisplayControl] Exit MCCSOtherSet::GetVCP()
2025/10/28 05:25:57.463 [T:0x6cbd4] [DisplayControl] Enter MCCSOtherSet::SetVCP(), vcp code = 51
2025/10/28 05:25:57.609 [T:0x6cbd4] [DisplayControl] Exit MCCSOtherSet::SetVCP()
2025/10/28 05:25:57.626 [T:0xb2aa4] [DisplayControl] Enter MCCSOtherSet::GetVCP(), vcp code = 96
2025/10/28 05:25:57.791 [T:0xb2aa4] [DisplayControl] Exit MCCSOtherSet::GetVCP()
2025/10/28 05:27:47.962 [T:0xb2aa4] [DisplayControl] Enter OperationThread::ExitThread
2025/10/28 05:27:47.962 [T:0xb2aa4] [DisplayControl] Exit OperationThread::ExitThread
2025/10/28 05:27:47.962 [T:0xb2aa4] [DisplayControl] Enter OperationThread::~OperationThread()
2025/10/28 05:27:47.962 [T:0xb2aa4] [DisplayControl] Enter OperationThread::ExitThread
2025/10/28 05:27:47.962 [T:0xb2aa4] [DisplayControl] Enter OperationThread::ExitThread
2025/10/28 05:27:47.963 [T:0xb2aa4] [DisplayControl] Exit OperationThread::ExitThread
2025/10/28 05:27:47.963 [T:0xb2aa4] [DisplayControl] Enter OperationThread::~OperationThread()
2025/10/28 05:27:47.963 [T:0xb2aa4] [DisplayControl] Enter OperationThread::ExitThread
2025/10/28 05:27:48.046 [T:0xb2aa4] [DbgStr] After calling display_control_client_listener_video_port_.UpdateAllDisplayPath()
2025/10/28 05:27:48.064 [T:0xb2aa4] [DbgStr] After calling display_control_client_listener_.GetAllDisplayEDID()
2025/10/28 05:27:48.066 [T:0xb2aa4] [DisplayControl] Version = 3.0.6.0
2025/10/28 05:27:48.066 [T:0xb2aa4] [DisplayControl] Enter ObtainControlHandler1
2025/10/28 05:27:48.066 [T:0xb2aa4] [DisplayControl] GetVideoPortCommander
2025/10/28 05:27:48.066 [T:0xb2aa4] [DisplayControl] GetUSBHubCommander
2025/10/28 05:27:48.066 [T:0xb2aa4] ====== List p_lpo_display_info_video_port, # of devices is ======2
2025/10/28 05:27:48.067 [T:0xb2aa4] [DisplayControl] index of p_lpo_display_info_video_port0
2025/10/28 05:27:48.067 [T:0xb2aa4] [DisplayControl] Model name from VideoPort = VG2458
2025/10/28 05:27:48.067 [T:0xb2aa4] [DisplayControl] SN from VideoPort = YDJ243400006
2025/10/28 05:27:48.067 [T:0xb2aa4] [DisplayControl] index of p_lpo_display_info_video_port1
2025/10/28 05:27:48.067 [T:0xb2aa4] [DisplayControl] Model name from VideoPort = VG275
2025/10/28 05:27:48.067 [T:0xb2aa4] [DisplayControl] SN from VideoPort = XF6232400003
2025/10/28 05:27:48.067 [T:0xb2aa4] ====== List p_lpo_display_info_rtd_scalar_rts_hub, # of devices is ======0
2025/10/28 05:27:48.067 [T:0xb2aa4] [DisplayControl] GetVSRtkHubControlClientListener
2025/10/28 05:27:48.067 [T:0xb2aa4] [DisplayControl] max monitor count = 2
2025/10/28 05:27:48.067 [T:0xb2aa4] [DisplayControl] index of display_info_vec = 0
2025/10/28 05:27:48.067 [T:0xb2aa4] [DisplayControl] index of p_lpo_display_info_video_port = 0
2025/10/28 05:27:48.067 [T:0xb2aa4] [DisplayControl] VideoPortMatchingRule
2025/10/28 05:27:48.067 [T:0xb2aa4] [DisplayControl] monitor display_info_model_name = VG2458
2025/10/28 05:27:48.067 [T:0xb2aa4] [DisplayControl] monitor video_port_model_name = VG2458
2025/10/28 05:27:48.067 [T:0xb2aa4] [DisplayControl] monitor display_info_sn = YDJ243400006
2025/10/28 05:27:48.067 [T:0xb2aa4] [DisplayControl] monitor video_port_sn = YDJ243400006
2025/10/28 05:27:48.067 [T:0xb2aa4] [DisplayControl] model_name_match = 1
2025/10/28 05:27:48.067 [T:0xb2aa4] [DisplayControl] sn_match = 1
2025/10/28 05:27:48.067 [T:0xb2aa4] [DisplayControl] video_port is_match = 1
2025/10/28 05:27:48.067 [T:0xb2aa4] [DisplayControl] index of display_info_vec = 1
2025/10/28 05:27:48.067 [T:0xb2aa4] [DisplayControl] index of p_lpo_display_info_video_port = 0
2025/10/28 05:27:48.067 [T:0xb2aa4] [DisplayControl] VideoPortMatchingRule
2025/10/28 05:27:48.067 [T:0xb2aa4] [DisplayControl] monitor display_info_model_name = VG275
2025/10/28 05:27:48.067 [T:0xb2aa4] [DisplayControl] monitor video_port_model_name = VG2458
2025/10/28 05:27:48.067 [T:0xb2aa4] [DisplayControl] monitor display_info_sn = XF6232400003
2025/10/28 05:27:48.067 [T:0xb2aa4] [DisplayControl] monitor video_port_sn = YDJ243400006
2025/10/28 05:27:48.067 [T:0xb2aa4] [DisplayControl] model_name_match = 0
2025/10/28 05:27:48.068 [T:0xb2aa4] [DisplayControl] sn_match = 0
2025/10/28 05:27:48.068 [T:0xb2aa4] [DisplayControl] video_port is_match = 0
2025/10/28 05:27:48.068 [T:0xb2aa4] [DisplayControl] index of display_info_vec = 1
2025/10/28 05:27:48.068 [T:0xb2aa4] [DisplayControl] index of p_lpo_display_info_video_port = 1
2025/10/28 05:27:48.068 [T:0xb2aa4] [DisplayControl] VideoPortMatchingRule
2025/10/28 05:27:48.068 [T:0xb2aa4] [DisplayControl] monitor display_info_model_name = VG275
2025/10/28 05:27:48.068 [T:0xb2aa4] [DisplayControl] monitor video_port_model_name = VG275
2025/10/28 05:27:48.068 [T:0xb2aa4] [DisplayControl] monitor display_info_sn = XF6232400003
2025/10/28 05:27:48.068 [T:0xb2aa4] [DisplayControl] monitor video_port_sn = XF6232400003
2025/10/28 05:27:48.068 [T:0xb2aa4] [DisplayControl] model_name_match = 1
2025/10/28 05:27:48.068 [T:0xb2aa4] [DisplayControl] sn_match = 1
2025/10/28 05:27:48.068 [T:0xb2aa4] [DisplayControl] video_port is_match = 1
2025/10/28 05:27:48.068 [T:0xb2aa4] [DisplayControl] i = 0
2025/10/28 05:27:48.068 [T:0xb2aa4] [DisplayControl] Enter OperationThread::OperationThread()
2025/10/28 05:27:48.068 [T:0xb2aa4] [DisplayControl] Enter OperationThread::CreateThread
2025/10/28 05:27:48.068 [T:0xb2aa4] [DisplayControl] new DisplayFunctioner
2025/10/28 05:27:48.068 [T:0xb2aa4] [DisplayControl] insert displayer_vector
2025/10/28 05:27:48.068 [T:0xb2aa4] [DisplayControl] insert modelName_SN_to_Display_map
2025/10/28 05:27:48.068 [T:0xb2aa4] [DisplayControl] insert device_id_to_Displayer_map_
2025/10/28 05:27:48.068 [T:0xb2aa4] [DisplayControl] i = 1
2025/10/28 05:27:48.068 [T:0xb2aa4] [DisplayControl] Enter OperationThread::OperationThread()
2025/10/28 05:27:48.068 [T:0xb2aa4] [DisplayControl] Enter OperationThread::CreateThread
2025/10/28 05:27:48.068 [T:0xb2aa4] [DisplayControl] new DisplayFunctioner
2025/10/28 05:27:48.068 [T:0xb2aa4] [DisplayControl] insert displayer_vector
2025/10/28 05:27:48.069 [T:0xb2aa4] [DisplayControl] insert modelName_SN_to_Display_map
2025/10/28 05:27:48.069 [T:0xb2aa4] [DisplayControl] insert device_id_to_Displayer_map_
2025/10/28 05:27:48.069 [T:0xb2aa4] [DisplayControl] monitor size = 2
2025/10/28 05:27:48.069 [T:0xb2aa4] [DisplayControl] Exit ObtainControlHandler
2025/10/28 05:30:03.579 [T:0xb2aa4] [DisplayControl] Enter OperationThread::ExitThread
2025/10/28 05:30:03.579 [T:0xb2aa4] [DisplayControl] Exit OperationThread::ExitThread
2025/10/28 05:30:03.579 [T:0xb2aa4] [DisplayControl] Enter OperationThread::~OperationThread()
2025/10/28 05:30:03.579 [T:0xb2aa4] [DisplayControl] Enter OperationThread::ExitThread
2025/10/28 05:30:03.579 [T:0xb2aa4] [DisplayControl] Enter OperationThread::ExitThread
2025/10/28 05:30:03.580 [T:0xb2aa4] [DisplayControl] Exit OperationThread::ExitThread
2025/10/28 05:30:03.580 [T:0xb2aa4] [DisplayControl] Enter OperationThread::~OperationThread()
2025/10/28 05:30:03.580 [T:0xb2aa4] [DisplayControl] Enter OperationThread::ExitThread
2025/10/28 05:30:03.669 [T:0xb2aa4] [DbgStr] After calling display_control_client_listener_video_port_.UpdateAllDisplayPath()
2025/10/28 05:30:03.687 [T:0xb2aa4] [DbgStr] After calling display_control_client_listener_.GetAllDisplayEDID()
2025/10/28 05:30:03.690 [T:0xb2aa4] [DisplayControl] Version = 3.0.6.0
2025/10/28 05:30:03.690 [T:0xb2aa4] [DisplayControl] Enter ObtainControlHandler1
2025/10/28 05:30:03.690 [T:0xb2aa4] [DisplayControl] GetVideoPortCommander
2025/10/28 05:30:03.690 [T:0xb2aa4] [DisplayControl] GetUSBHubCommander
2025/10/28 05:30:03.690 [T:0xb2aa4] ====== List p_lpo_display_info_video_port, # of devices is ======2
2025/10/28 05:30:03.690 [T:0xb2aa4] [DisplayControl] index of p_lpo_display_info_video_port0
2025/10/28 05:30:03.690 [T:0xb2aa4] [DisplayControl] Model name from VideoPort = VG2458
2025/10/28 05:30:03.690 [T:0xb2aa4] [DisplayControl] SN from VideoPort = YDJ243400006
2025/10/28 05:30:03.690 [T:0xb2aa4] [DisplayControl] index of p_lpo_display_info_video_port1
2025/10/28 05:30:03.690 [T:0xb2aa4] [DisplayControl] Model name from VideoPort = VG275
2025/10/28 05:30:03.690 [T:0xb2aa4] [DisplayControl] SN from VideoPort = XF6232400003
2025/10/28 05:30:03.690 [T:0xb2aa4] ====== List p_lpo_display_info_rtd_scalar_rts_hub, # of devices is ======0
2025/10/28 05:30:03.690 [T:0xb2aa4] [DisplayControl] GetVSRtkHubControlClientListener
2025/10/28 05:30:03.690 [T:0xb2aa4] [DisplayControl] max monitor count = 2
2025/10/28 05:30:03.690 [T:0xb2aa4] [DisplayControl] index of display_info_vec = 0
2025/10/28 05:30:03.690 [T:0xb2aa4] [DisplayControl] index of p_lpo_display_info_video_port = 0
2025/10/28 05:30:03.690 [T:0xb2aa4] [DisplayControl] VideoPortMatchingRule
2025/10/28 05:30:03.690 [T:0xb2aa4] [DisplayControl] monitor display_info_model_name = VG2458
2025/10/28 05:30:03.690 [T:0xb2aa4] [DisplayControl] monitor video_port_model_name = VG2458
2025/10/28 05:30:03.690 [T:0xb2aa4] [DisplayControl] monitor display_info_sn = YDJ243400006
2025/10/28 05:30:03.690 [T:0xb2aa4] [DisplayControl] monitor video_port_sn = YDJ243400006
2025/10/28 05:30:03.690 [T:0xb2aa4] [DisplayControl] model_name_match = 1
2025/10/28 05:30:03.690 [T:0xb2aa4] [DisplayControl] sn_match = 1
2025/10/28 05:30:03.690 [T:0xb2aa4] [DisplayControl] video_port is_match = 1
2025/10/28 05:30:03.691 [T:0xb2aa4] [DisplayControl] index of display_info_vec = 1
2025/10/28 05:30:03.691 [T:0xb2aa4] [DisplayControl] index of p_lpo_display_info_video_port = 0
2025/10/28 05:30:03.691 [T:0xb2aa4] [DisplayControl] VideoPortMatchingRule
2025/10/28 05:30:03.691 [T:0xb2aa4] [DisplayControl] monitor display_info_model_name = VG275
2025/10/28 05:30:03.691 [T:0xb2aa4] [DisplayControl] monitor video_port_model_name = VG2458
2025/10/28 05:30:03.691 [T:0xb2aa4] [DisplayControl] monitor display_info_sn = XF6232400003
2025/10/28 05:30:03.691 [T:0xb2aa4] [DisplayControl] monitor video_port_sn = YDJ243400006
2025/10/28 05:30:03.691 [T:0xb2aa4] [DisplayControl] model_name_match = 0
2025/10/28 05:30:03.691 [T:0xb2aa4] [DisplayControl] sn_match = 0
2025/10/28 05:30:03.691 [T:0xb2aa4] [DisplayControl] video_port is_match = 0
2025/10/28 05:30:03.691 [T:0xb2aa4] [DisplayControl] index of display_info_vec = 1
2025/10/28 05:30:03.691 [T:0xb2aa4] [DisplayControl] index of p_lpo_display_info_video_port = 1
2025/10/28 05:30:03.691 [T:0xb2aa4] [DisplayControl] VideoPortMatchingRule
2025/10/28 05:30:03.691 [T:0xb2aa4] [DisplayControl] monitor display_info_model_name = VG275
2025/10/28 05:30:03.691 [T:0xb2aa4] [DisplayControl] monitor video_port_model_name = VG275
2025/10/28 05:30:03.691 [T:0xb2aa4] [DisplayControl] monitor display_info_sn = XF6232400003
2025/10/28 05:30:03.691 [T:0xb2aa4] [DisplayControl] monitor video_port_sn = XF6232400003
2025/10/28 05:30:03.691 [T:0xb2aa4] [DisplayControl] model_name_match = 1
2025/10/28 05:30:03.691 [T:0xb2aa4] [DisplayControl] sn_match = 1
2025/10/28 05:30:03.691 [T:0xb2aa4] [DisplayControl] video_port is_match = 1
2025/10/28 05:30:03.691 [T:0xb2aa4] [DisplayControl] i = 0
2025/10/28 05:30:03.691 [T:0xb2aa4] [DisplayControl] Enter OperationThread::OperationThread()
2025/10/28 05:30:03.691 [T:0xb2aa4] [DisplayControl] Enter OperationThread::CreateThread
2025/10/28 05:30:03.691 [T:0xb2aa4] [DisplayControl] new DisplayFunctioner
2025/10/28 05:30:03.691 [T:0xb2aa4] [DisplayControl] insert displayer_vector
2025/10/28 05:30:03.691 [T:0xb2aa4] [DisplayControl] insert modelName_SN_to_Display_map
2025/10/28 05:30:03.692 [T:0xb2aa4] [DisplayControl] insert device_id_to_Displayer_map_
2025/10/28 05:30:03.692 [T:0xb2aa4] [DisplayControl] i = 1
2025/10/28 05:30:03.692 [T:0xb2aa4] [DisplayControl] Enter OperationThread::OperationThread()
2025/10/28 05:30:03.692 [T:0xb2aa4] [DisplayControl] Enter OperationThread::CreateThread
2025/10/28 05:30:03.692 [T:0xb2aa4] [DisplayControl] new DisplayFunctioner
2025/10/28 05:30:03.692 [T:0xb2aa4] [DisplayControl] insert displayer_vector
2025/10/28 05:30:03.692 [T:0xb2aa4] [DisplayControl] insert modelName_SN_to_Display_map
2025/10/28 05:30:03.692 [T:0xb2aa4] [DisplayControl] insert device_id_to_Displayer_map_
2025/10/28 05:30:03.692 [T:0xb2aa4] [DisplayControl] monitor size = 2
2025/10/28 05:30:03.692 [T:0xb2aa4] [DisplayControl] Exit ObtainControlHandler
2025/10/28 05:32:05.673 [T:0xb2aa4] [DisplayControl] Enter OperationThread::ExitThread
2025/10/28 05:32:05.674 [T:0xb2aa4] [DisplayControl] Exit OperationThread::ExitThread
2025/10/28 05:32:05.674 [T:0xb2aa4] [DisplayControl] Enter OperationThread::~OperationThread()
2025/10/28 05:32:05.674 [T:0xb2aa4] [DisplayControl] Enter OperationThread::ExitThread
2025/10/28 05:32:05.674 [T:0xb2aa4] [DisplayControl] Enter OperationThread::ExitThread
2025/10/28 05:32:05.674 [T:0xb2aa4] [DisplayControl] Exit OperationThread::ExitThread
2025/10/28 05:32:05.674 [T:0xb2aa4] [DisplayControl] Enter OperationThread::~OperationThread()
2025/10/28 05:32:05.674 [T:0xb2aa4] [DisplayControl] Enter OperationThread::ExitThread
2025/10/28 05:32:05.697 [T:0xb2aa4] [DbgStr] After calling display_control_client_listener_video_port_.UpdateAllDisplayPath()
2025/10/28 05:32:05.713 [T:0xb2aa4] [DbgStr] After calling display_control_client_listener_.GetAllDisplayEDID()
2025/10/28 05:32:05.721 [T:0xb2aa4] [DisplayControl] Version = 3.0.6.0
2025/10/28 05:32:05.721 [T:0xb2aa4] [DisplayControl] Enter ObtainControlHandler1
2025/10/28 05:32:05.721 [T:0xb2aa4] [DisplayControl] GetVideoPortCommander
2025/10/28 05:32:05.721 [T:0xb2aa4] [DisplayControl] GetUSBHubCommander
2025/10/28 05:32:05.721 [T:0xb2aa4] ====== List p_lpo_display_info_video_port, # of devices is ======2
2025/10/28 05:32:05.721 [T:0xb2aa4] [DisplayControl] index of p_lpo_display_info_video_port0
2025/10/28 05:32:05.721 [T:0xb2aa4] [DisplayControl] Model name from VideoPort = VG2458
2025/10/28 05:32:05.721 [T:0xb2aa4] [DisplayControl] SN from VideoPort = YDJ243400006
2025/10/28 05:32:05.721 [T:0xb2aa4] [DisplayControl] index of p_lpo_display_info_video_port1
2025/10/28 05:32:05.721 [T:0xb2aa4] [DisplayControl] Model name from VideoPort = VG275
2025/10/28 05:32:05.721 [T:0xb2aa4] [DisplayControl] SN from VideoPort = XF6232400003
2025/10/28 05:32:05.721 [T:0xb2aa4] ====== List p_lpo_display_info_rtd_scalar_rts_hub, # of devices is ======0
2025/10/28 05:32:05.722 [T:0xb2aa4] [DisplayControl] GetVSRtkHubControlClientListener
2025/10/28 05:32:05.722 [T:0xb2aa4] [DisplayControl] max monitor count = 2
2025/10/28 05:32:05.722 [T:0xb2aa4] [DisplayControl] index of display_info_vec = 0
2025/10/28 05:32:05.722 [T:0xb2aa4] [DisplayControl] index of p_lpo_display_info_video_port = 0
2025/10/28 05:32:05.722 [T:0xb2aa4] [DisplayControl] VideoPortMatchingRule
2025/10/28 05:32:05.722 [T:0xb2aa4] [DisplayControl] monitor display_info_model_name = VG2458
2025/10/28 05:32:05.722 [T:0xb2aa4] [DisplayControl] monitor video_port_model_name = VG2458
2025/10/28 05:32:05.722 [T:0xb2aa4] [DisplayControl] monitor display_info_sn = YDJ243400006
2025/10/28 05:32:05.722 [T:0xb2aa4] [DisplayControl] monitor video_port_sn = YDJ243400006
2025/10/28 05:32:05.722 [T:0xb2aa4] [DisplayControl] model_name_match = 1
2025/10/28 05:32:05.722 [T:0xb2aa4] [DisplayControl] sn_match = 1
2025/10/28 05:32:05.722 [T:0xb2aa4] [DisplayControl] video_port is_match = 1
2025/10/28 05:32:05.722 [T:0xb2aa4] [DisplayControl] index of display_info_vec = 1
2025/10/28 05:32:05.722 [T:0xb2aa4] [DisplayControl] index of p_lpo_display_info_video_port = 0
2025/10/28 05:32:05.722 [T:0xb2aa4] [DisplayControl] VideoPortMatchingRule
2025/10/28 05:32:05.722 [T:0xb2aa4] [DisplayControl] monitor display_info_model_name = VG275
2025/10/28 05:32:05.722 [T:0xb2aa4] [DisplayControl] monitor video_port_model_name = VG2458
2025/10/28 05:32:05.722 [T:0xb2aa4] [DisplayControl] monitor display_info_sn = XF6232400003
2025/10/28 05:32:05.722 [T:0xb2aa4] [DisplayControl] monitor video_port_sn = YDJ243400006
2025/10/28 05:32:05.722 [T:0xb2aa4] [DisplayControl] model_name_match = 0
2025/10/28 05:32:05.722 [T:0xb2aa4] [DisplayControl] sn_match = 0
2025/10/28 05:32:05.722 [T:0xb2aa4] [DisplayControl] video_port is_match = 0
2025/10/28 05:32:05.722 [T:0xb2aa4] [DisplayControl] index of display_info_vec = 1
2025/10/28 05:32:05.722 [T:0xb2aa4] [DisplayControl] index of p_lpo_display_info_video_port = 1
2025/10/28 05:32:05.722 [T:0xb2aa4] [DisplayControl] VideoPortMatchingRule
2025/10/28 05:32:05.722 [T:0xb2aa4] [DisplayControl] monitor display_info_model_name = VG275
2025/10/28 05:32:05.722 [T:0xb2aa4] [DisplayControl] monitor video_port_model_name = VG275
2025/10/28 05:32:05.722 [T:0xb2aa4] [DisplayControl] monitor display_info_sn = XF6232400003
2025/10/28 05:32:05.723 [T:0xb2aa4] [DisplayControl] monitor video_port_sn = XF6232400003
2025/10/28 05:32:05.723 [T:0xb2aa4] [DisplayControl] model_name_match = 1
2025/10/28 05:32:05.723 [T:0xb2aa4] [DisplayControl] sn_match = 1
2025/10/28 05:32:05.723 [T:0xb2aa4] [DisplayControl] video_port is_match = 1
2025/10/28 05:32:05.723 [T:0xb2aa4] [DisplayControl] i = 0
2025/10/28 05:32:05.723 [T:0xb2aa4] [DisplayControl] Enter OperationThread::OperationThread()
2025/10/28 05:32:05.723 [T:0xb2aa4] [DisplayControl] Enter OperationThread::CreateThread
2025/10/28 05:32:05.723 [T:0xb2aa4] [DisplayControl] new DisplayFunctioner
2025/10/28 05:32:05.723 [T:0xb2aa4] [DisplayControl] insert displayer_vector
2025/10/28 05:32:05.723 [T:0xb2aa4] [DisplayControl] insert modelName_SN_to_Display_map
2025/10/28 05:32:05.723 [T:0xb2aa4] [DisplayControl] insert device_id_to_Displayer_map_
2025/10/28 05:32:05.723 [T:0xb2aa4] [DisplayControl] i = 1
2025/10/28 05:32:05.723 [T:0xb2aa4] [DisplayControl] Enter OperationThread::OperationThread()
2025/10/28 05:32:05.723 [T:0xb2aa4] [DisplayControl] Enter OperationThread::CreateThread
2025/10/28 05:32:05.723 [T:0xb2aa4] [DisplayControl] new DisplayFunctioner
2025/10/28 05:32:05.723 [T:0xb2aa4] [DisplayControl] insert displayer_vector
2025/10/28 05:32:05.723 [T:0xb2aa4] [DisplayControl] insert modelName_SN_to_Display_map
2025/10/28 05:32:05.723 [T:0xb2aa4] [DisplayControl] insert device_id_to_Displayer_map_
2025/10/28 05:32:05.723 [T:0xb2aa4] [DisplayControl] monitor size = 2
2025/10/28 05:32:05.723 [T:0xb2aa4] [DisplayControl] Exit ObtainControlHandler
2025/10/28 05:34:21.587 [T:0xb2aa4] [DisplayControl] Enter OperationThread::ExitThread
2025/10/28 05:34:21.587 [T:0xb2aa4] [DisplayControl] Exit OperationThread::ExitThread
2025/10/28 05:34:21.587 [T:0xb2aa4] [DisplayControl] Enter OperationThread::~OperationThread()
2025/10/28 05:34:21.587 [T:0xb2aa4] [DisplayControl] Enter OperationThread::ExitThread
2025/10/28 05:34:21.587 [T:0xb2aa4] [DisplayControl] Enter OperationThread::ExitThread
2025/10/28 05:34:21.588 [T:0xb2aa4] [DisplayControl] Exit OperationThread::ExitThread
2025/10/28 05:34:21.588 [T:0xb2aa4] [DisplayControl] Enter OperationThread::~OperationThread()
2025/10/28 05:34:21.588 [T:0xb2aa4] [DisplayControl] Enter OperationThread::ExitThread
2025/10/28 05:34:21.663 [T:0xb2aa4] [DbgStr] After calling display_control_client_listener_video_port_.UpdateAllDisplayPath()
2025/10/28 05:34:21.681 [T:0xb2aa4] [DbgStr] After calling display_control_client_listener_.GetAllDisplayEDID()
2025/10/28 05:34:21.696 [T:0xb2aa4] [DisplayControl] Version = 3.0.6.0
2025/10/28 05:34:21.696 [T:0xb2aa4] [DisplayControl] Enter ObtainControlHandler1
2025/10/28 05:34:21.696 [T:0xb2aa4] [DisplayControl] GetVideoPortCommander
2025/10/28 05:34:21.696 [T:0xb2aa4] [DisplayControl] GetUSBHubCommander
2025/10/28 05:34:21.696 [T:0xb2aa4] ====== List p_lpo_display_info_video_port, # of devices is ======2
2025/10/28 05:34:21.696 [T:0xb2aa4] [DisplayControl] index of p_lpo_display_info_video_port0
2025/10/28 05:34:21.696 [T:0xb2aa4] [DisplayControl] Model name from VideoPort = VG2458
2025/10/28 05:34:21.696 [T:0xb2aa4] [DisplayControl] SN from VideoPort = YDJ243400006
2025/10/28 05:34:21.696 [T:0xb2aa4] [DisplayControl] index of p_lpo_display_info_video_port1
2025/10/28 05:34:21.696 [T:0xb2aa4] [DisplayControl] Model name from VideoPort = VG275
2025/10/28 05:34:21.696 [T:0xb2aa4] [DisplayControl] SN from VideoPort = XF6232400003
2025/10/28 05:34:21.696 [T:0xb2aa4] ====== List p_lpo_display_info_rtd_scalar_rts_hub, # of devices is ======0
2025/10/28 05:34:21.696 [T:0xb2aa4] [DisplayControl] GetVSRtkHubControlClientListener
2025/10/28 05:34:21.696 [T:0xb2aa4] [DisplayControl] max monitor count = 2
2025/10/28 05:34:21.696 [T:0xb2aa4] [DisplayControl] index of display_info_vec = 0
2025/10/28 05:34:21.696 [T:0xb2aa4] [DisplayControl] index of p_lpo_display_info_video_port = 0
2025/10/28 05:34:21.696 [T:0xb2aa4] [DisplayControl] VideoPortMatchingRule
2025/10/28 05:34:21.696 [T:0xb2aa4] [DisplayControl] monitor display_info_model_name = VG2458
2025/10/28 05:34:21.696 [T:0xb2aa4] [DisplayControl] monitor video_port_model_name = VG2458
2025/10/28 05:34:21.696 [T:0xb2aa4] [DisplayControl] monitor display_info_sn = YDJ243400006
2025/10/28 05:34:21.696 [T:0xb2aa4] [DisplayControl] monitor video_port_sn = YDJ243400006
2025/10/28 05:34:21.697 [T:0xb2aa4] [DisplayControl] model_name_match = 1
2025/10/28 05:34:21.697 [T:0xb2aa4] [DisplayControl] sn_match = 1
2025/10/28 05:34:21.697 [T:0xb2aa4] [DisplayControl] video_port is_match = 1
2025/10/28 05:34:21.697 [T:0xb2aa4] [DisplayControl] index of display_info_vec = 1
2025/10/28 05:34:21.697 [T:0xb2aa4] [DisplayControl] index of p_lpo_display_info_video_port = 0
2025/10/28 05:34:21.697 [T:0xb2aa4] [DisplayControl] VideoPortMatchingRule
2025/10/28 05:34:21.697 [T:0xb2aa4] [DisplayControl] monitor display_info_model_name = VG275
2025/10/28 05:34:21.697 [T:0xb2aa4] [DisplayControl] monitor video_port_model_name = VG2458
2025/10/28 05:34:21.697 [T:0xb2aa4] [DisplayControl] monitor display_info_sn = XF6232400003
2025/10/28 05:34:21.697 [T:0xb2aa4] [DisplayControl] monitor video_port_sn = YDJ243400006
2025/10/28 05:34:21.697 [T:0xb2aa4] [DisplayControl] model_name_match = 0
2025/10/28 05:34:21.697 [T:0xb2aa4] [DisplayControl] sn_match = 0
2025/10/28 05:34:21.697 [T:0xb2aa4] [DisplayControl] video_port is_match = 0
2025/10/28 05:34:21.697 [T:0xb2aa4] [DisplayControl] index of display_info_vec = 1
2025/10/28 05:34:21.697 [T:0xb2aa4] [DisplayControl] index of p_lpo_display_info_video_port = 1
2025/10/28 05:34:21.697 [T:0xb2aa4] [DisplayControl] VideoPortMatchingRule
2025/10/28 05:34:21.697 [T:0xb2aa4] [DisplayControl] monitor display_info_model_name = VG275
2025/10/28 05:34:21.697 [T:0xb2aa4] [DisplayControl] monitor video_port_model_name = VG275
2025/10/28 05:34:21.697 [T:0xb2aa4] [DisplayControl] monitor display_info_sn = XF6232400003
2025/10/28 05:34:21.697 [T:0xb2aa4] [DisplayControl] monitor video_port_sn = XF6232400003
2025/10/28 05:34:21.697 [T:0xb2aa4] [DisplayControl] model_name_match = 1
2025/10/28 05:34:21.697 [T:0xb2aa4] [DisplayControl] sn_match = 1
2025/10/28 05:34:21.697 [T:0xb2aa4] [DisplayControl] video_port is_match = 1
2025/10/28 05:34:21.697 [T:0xb2aa4] [DisplayControl] i = 0
2025/10/28 05:34:21.697 [T:0xb2aa4] [DisplayControl] Enter OperationThread::OperationThread()
2025/10/28 05:34:21.697 [T:0xb2aa4] [DisplayControl] Enter OperationThread::CreateThread
2025/10/28 05:34:21.698 [T:0xb2aa4] [DisplayControl] new DisplayFunctioner
2025/10/28 05:34:21.698 [T:0xb2aa4] [DisplayControl] insert displayer_vector
2025/10/28 05:34:21.698 [T:0xb2aa4] [DisplayControl] insert modelName_SN_to_Display_map
2025/10/28 05:34:21.698 [T:0xb2aa4] [DisplayControl] insert device_id_to_Displayer_map_
2025/10/28 05:34:21.698 [T:0xb2aa4] [DisplayControl] i = 1
2025/10/28 05:34:21.698 [T:0xb2aa4] [DisplayControl] Enter OperationThread::OperationThread()
2025/10/28 05:34:21.698 [T:0xb2aa4] [DisplayControl] Enter OperationThread::CreateThread
2025/10/28 05:34:21.698 [T:0xb2aa4] [DisplayControl] new DisplayFunctioner
2025/10/28 05:34:21.698 [T:0xb2aa4] [DisplayControl] insert displayer_vector
2025/10/28 05:34:21.698 [T:0xb2aa4] [DisplayControl] insert modelName_SN_to_Display_map
2025/10/28 05:34:21.698 [T:0xb2aa4] [DisplayControl] insert device_id_to_Displayer_map_
2025/10/28 05:34:21.698 [T:0xb2aa4] [DisplayControl] monitor size = 2
2025/10/28 05:34:21.698 [T:0xb2aa4] [DisplayControl] Exit ObtainControlHandler
2025/10/28 05:36:37.686 [T:0xb2aa4] [DisplayControl] Enter OperationThread::ExitThread
2025/10/28 05:36:37.687 [T:0xb2aa4] [DisplayControl] Exit OperationThread::ExitThread
2025/10/28 05:36:37.687 [T:0xb2aa4] [DisplayControl] Enter OperationThread::~OperationThread()
2025/10/28 05:36:37.687 [T:0xb2aa4] [DisplayControl] Enter OperationThread::ExitThread
2025/10/28 05:36:37.687 [T:0xb2aa4] [DisplayControl] Enter OperationThread::ExitThread
2025/10/28 05:36:37.687 [T:0xb2aa4] [DisplayControl] Exit OperationThread::ExitThread
2025/10/28 05:36:37.687 [T:0xb2aa4] [DisplayControl] Enter OperationThread::~OperationThread()
2025/10/28 05:36:37.687 [T:0xb2aa4] [DisplayControl] Enter OperationThread::ExitThread
2025/10/28 05:36:37.788 [T:0xb2aa4] [DbgStr] After calling display_control_client_listener_video_port_.UpdateAllDisplayPath()
2025/10/28 05:36:37.806 [T:0xb2aa4] [DbgStr] After calling display_control_client_listener_.GetAllDisplayEDID()
2025/10/28 05:36:37.809 [T:0xb2aa4] [DisplayControl] Version = 3.0.6.0
2025/10/28 05:36:37.809 [T:0xb2aa4] [DisplayControl] Enter ObtainControlHandler1
2025/10/28 05:36:37.809 [T:0xb2aa4] [DisplayControl] GetVideoPortCommander
2025/10/28 05:36:37.809 [T:0xb2aa4] [DisplayControl] GetUSBHubCommander
2025/10/28 05:36:37.809 [T:0xb2aa4] ====== List p_lpo_display_info_video_port, # of devices is ======2
2025/10/28 05:36:37.809 [T:0xb2aa4] [DisplayControl] index of p_lpo_display_info_video_port0
2025/10/28 05:36:37.809 [T:0xb2aa4] [DisplayControl] Model name from VideoPort = VG2458
2025/10/28 05:36:37.809 [T:0xb2aa4] [DisplayControl] SN from VideoPort = YDJ243400006
2025/10/28 05:36:37.809 [T:0xb2aa4] [DisplayControl] index of p_lpo_display_info_video_port1
2025/10/28 05:36:37.809 [T:0xb2aa4] [DisplayControl] Model name from VideoPort = VG275
2025/10/28 05:36:37.809 [T:0xb2aa4] [DisplayControl] SN from VideoPort = XF6232400003
2025/10/28 05:36:37.809 [T:0xb2aa4] ====== List p_lpo_display_info_rtd_scalar_rts_hub, # of devices is ======0
2025/10/28 05:36:37.809 [T:0xb2aa4] [DisplayControl] GetVSRtkHubControlClientListener
2025/10/28 05:36:37.809 [T:0xb2aa4] [DisplayControl] max monitor count = 2
2025/10/28 05:36:37.809 [T:0xb2aa4] [DisplayControl] index of display_info_vec = 0
2025/10/28 05:36:37.809 [T:0xb2aa4] [DisplayControl] index of p_lpo_display_info_video_port = 0
2025/10/28 05:36:37.809 [T:0xb2aa4] [DisplayControl] VideoPortMatchingRule
2025/10/28 05:36:37.809 [T:0xb2aa4] [DisplayControl] monitor display_info_model_name = VG2458
2025/10/28 05:36:37.809 [T:0xb2aa4] [DisplayControl] monitor video_port_model_name = VG2458
2025/10/28 05:36:37.809 [T:0xb2aa4] [DisplayControl] monitor display_info_sn = YDJ243400006
2025/10/28 05:36:37.810 [T:0xb2aa4] [DisplayControl] monitor video_port_sn = YDJ243400006
2025/10/28 05:36:37.810 [T:0xb2aa4] [DisplayControl] model_name_match = 1
2025/10/28 05:36:37.810 [T:0xb2aa4] [DisplayControl] sn_match = 1
2025/10/28 05:36:37.810 [T:0xb2aa4] [DisplayControl] video_port is_match = 1
2025/10/28 05:36:37.810 [T:0xb2aa4] [DisplayControl] index of display_info_vec = 1
2025/10/28 05:36:37.810 [T:0xb2aa4] [DisplayControl] index of p_lpo_display_info_video_port = 0
2025/10/28 05:36:37.810 [T:0xb2aa4] [DisplayControl] VideoPortMatchingRule
2025/10/28 05:36:37.810 [T:0xb2aa4] [DisplayControl] monitor display_info_model_name = VG275
2025/10/28 05:36:37.810 [T:0xb2aa4] [DisplayControl] monitor video_port_model_name = VG2458
2025/10/28 05:36:37.810 [T:0xb2aa4] [DisplayControl] monitor display_info_sn = XF6232400003
2025/10/28 05:36:37.810 [T:0xb2aa4] [DisplayControl] monitor video_port_sn = YDJ243400006
2025/10/28 05:36:37.810 [T:0xb2aa4] [DisplayControl] model_name_match = 0
2025/10/28 05:36:37.810 [T:0xb2aa4] [DisplayControl] sn_match = 0
2025/10/28 05:36:37.810 [T:0xb2aa4] [DisplayControl] video_port is_match = 0
2025/10/28 05:36:37.810 [T:0xb2aa4] [DisplayControl] index of display_info_vec = 1
2025/10/28 05:36:37.810 [T:0xb2aa4] [DisplayControl] index of p_lpo_display_info_video_port = 1
2025/10/28 05:36:37.810 [T:0xb2aa4] [DisplayControl] VideoPortMatchingRule
2025/10/28 05:36:37.810 [T:0xb2aa4] [DisplayControl] monitor display_info_model_name = VG275
2025/10/28 05:36:37.810 [T:0xb2aa4] [DisplayControl] monitor video_port_model_name = VG275
2025/10/28 05:36:37.810 [T:0xb2aa4] [DisplayControl] monitor display_info_sn = XF6232400003
2025/10/28 05:36:37.810 [T:0xb2aa4] [DisplayControl] monitor video_port_sn = XF6232400003
2025/10/28 05:36:37.810 [T:0xb2aa4] [DisplayControl] model_name_match = 1
2025/10/28 05:36:37.810 [T:0xb2aa4] [DisplayControl] sn_match = 1
2025/10/28 05:36:37.810 [T:0xb2aa4] [DisplayControl] video_port is_match = 1
2025/10/28 05:36:37.810 [T:0xb2aa4] [DisplayControl] i = 0
2025/10/28 05:36:37.810 [T:0xb2aa4] [DisplayControl] Enter OperationThread::OperationThread()
2025/10/28 05:36:37.810 [T:0xb2aa4] [DisplayControl] Enter OperationThread::CreateThread
2025/10/28 05:36:37.811 [T:0xb2aa4] [DisplayControl] new DisplayFunctioner
2025/10/28 05:36:37.811 [T:0xb2aa4] [DisplayControl] insert displayer_vector
2025/10/28 05:36:37.811 [T:0xb2aa4] [DisplayControl] insert modelName_SN_to_Display_map
2025/10/28 05:36:37.811 [T:0xb2aa4] [DisplayControl] insert device_id_to_Displayer_map_
2025/10/28 05:36:37.811 [T:0xb2aa4] [DisplayControl] i = 1
2025/10/28 05:36:37.811 [T:0xb2aa4] [DisplayControl] Enter OperationThread::OperationThread()
2025/10/28 05:36:37.811 [T:0xb2aa4] [DisplayControl] Enter OperationThread::CreateThread
2025/10/28 05:36:37.811 [T:0xb2aa4] [DisplayControl] new DisplayFunctioner
2025/10/28 05:36:37.811 [T:0xb2aa4] [DisplayControl] insert displayer_vector
2025/10/28 05:36:37.811 [T:0xb2aa4] [DisplayControl] insert modelName_SN_to_Display_map
2025/10/28 05:36:37.811 [T:0xb2aa4] [DisplayControl] insert device_id_to_Displayer_map_
2025/10/28 05:36:37.811 [T:0xb2aa4] [DisplayControl] monitor size = 2
2025/10/28 05:36:37.811 [T:0xb2aa4] [DisplayControl] Exit ObtainControlHandler
2025/10/28 05:38:39.760 [T:0xb2aa4] [DisplayControl] Enter OperationThread::ExitThread
2025/10/28 05:38:39.760 [T:0xb2aa4] [DisplayControl] Exit OperationThread::ExitThread
2025/10/28 05:38:39.760 [T:0xb2aa4] [DisplayControl] Enter OperationThread::~OperationThread()
2025/10/28 05:38:39.760 [T:0xb2aa4] [DisplayControl] Enter OperationThread::ExitThread
2025/10/28 05:38:39.760 [T:0xb2aa4] [DisplayControl] Enter OperationThread::ExitThread
2025/10/28 05:38:39.760 [T:0xb2aa4] [DisplayControl] Exit OperationThread::ExitThread
2025/10/28 05:38:39.760 [T:0xb2aa4] [DisplayControl] Enter OperationThread::~OperationThread()
2025/10/28 05:38:39.761 [T:0xb2aa4] [DisplayControl] Enter OperationThread::ExitThread
2025/10/28 05:38:39.781 [T:0xb2aa4] [DbgStr] After calling display_control_client_listener_video_port_.UpdateAllDisplayPath()
2025/10/28 05:38:39.797 [T:0xb2aa4] [DbgStr] After calling display_control_client_listener_.GetAllDisplayEDID()
2025/10/28 05:38:39.798 [T:0xb2aa4] [DisplayControl] Version = 3.0.6.0
2025/10/28 05:38:39.799 [T:0xb2aa4] [DisplayControl] Enter ObtainControlHandler1
2025/10/28 05:38:39.799 [T:0xb2aa4] [DisplayControl] GetVideoPortCommander
2025/10/28 05:38:39.799 [T:0xb2aa4] [DisplayControl] GetUSBHubCommander
2025/10/28 05:38:39.799 [T:0xb2aa4] ====== List p_lpo_display_info_video_port, # of devices is ======2
2025/10/28 05:38:39.799 [T:0xb2aa4] [DisplayControl] index of p_lpo_display_info_video_port0
2025/10/28 05:38:39.799 [T:0xb2aa4] [DisplayControl] Model name from VideoPort = VG2458
2025/10/28 05:38:39.799 [T:0xb2aa4] [DisplayControl] SN from VideoPort = YDJ243400006
2025/10/28 05:38:39.799 [T:0xb2aa4] [DisplayControl] index of p_lpo_display_info_video_port1
2025/10/28 05:38:39.799 [T:0xb2aa4] [DisplayControl] Model name from VideoPort = VG275
2025/10/28 05:38:39.799 [T:0xb2aa4] [DisplayControl] SN from VideoPort = XF6232400003
2025/10/28 05:38:39.799 [T:0xb2aa4] ====== List p_lpo_display_info_rtd_scalar_rts_hub, # of devices is ======0
2025/10/28 05:38:39.799 [T:0xb2aa4] [DisplayControl] GetVSRtkHubControlClientListener
2025/10/28 05:38:39.799 [T:0xb2aa4] [DisplayControl] max monitor count = 2
2025/10/28 05:38:39.799 [T:0xb2aa4] [DisplayControl] index of display_info_vec = 0
2025/10/28 05:38:39.799 [T:0xb2aa4] [DisplayControl] index of p_lpo_display_info_video_port = 0
2025/10/28 05:38:39.799 [T:0xb2aa4] [DisplayControl] VideoPortMatchingRule
2025/10/28 05:38:39.799 [T:0xb2aa4] [DisplayControl] monitor display_info_model_name = VG2458
2025/10/28 05:38:39.799 [T:0xb2aa4] [DisplayControl] monitor video_port_model_name = VG2458
2025/10/28 05:38:39.799 [T:0xb2aa4] [DisplayControl] monitor display_info_sn = YDJ243400006
2025/10/28 05:38:39.799 [T:0xb2aa4] [DisplayControl] monitor video_port_sn = YDJ243400006
2025/10/28 05:38:39.799 [T:0xb2aa4] [DisplayControl] model_name_match = 1
2025/10/28 05:38:39.799 [T:0xb2aa4] [DisplayControl] sn_match = 1
2025/10/28 05:38:39.799 [T:0xb2aa4] [DisplayControl] video_port is_match = 1
2025/10/28 05:38:39.799 [T:0xb2aa4] [DisplayControl] index of display_info_vec = 1
2025/10/28 05:38:39.800 [T:0xb2aa4] [DisplayControl] index of p_lpo_display_info_video_port = 0
2025/10/28 05:38:39.800 [T:0xb2aa4] [DisplayControl] VideoPortMatchingRule
2025/10/28 05:38:39.800 [T:0xb2aa4] [DisplayControl] monitor display_info_model_name = VG275
2025/10/28 05:38:39.800 [T:0xb2aa4] [DisplayControl] monitor video_port_model_name = VG2458
2025/10/28 05:38:39.800 [T:0xb2aa4] [DisplayControl] monitor display_info_sn = XF6232400003
2025/10/28 05:38:39.800 [T:0xb2aa4] [DisplayControl] monitor video_port_sn = YDJ243400006
2025/10/28 05:38:39.800 [T:0xb2aa4] [DisplayControl] model_name_match = 0
2025/10/28 05:38:39.800 [T:0xb2aa4] [DisplayControl] sn_match = 0
2025/10/28 05:38:39.800 [T:0xb2aa4] [DisplayControl] video_port is_match = 0
2025/10/28 05:38:39.800 [T:0xb2aa4] [DisplayControl] index of display_info_vec = 1
2025/10/28 05:38:39.800 [T:0xb2aa4] [DisplayControl] index of p_lpo_display_info_video_port = 1
2025/10/28 05:38:39.800 [T:0xb2aa4] [DisplayControl] VideoPortMatchingRule
2025/10/28 05:38:39.800 [T:0xb2aa4] [DisplayControl] monitor display_info_model_name = VG275
2025/10/28 05:38:39.800 [T:0xb2aa4] [DisplayControl] monitor video_port_model_name = VG275
2025/10/28 05:38:39.800 [T:0xb2aa4] [DisplayControl] monitor display_info_sn = XF6232400003
2025/10/28 05:38:39.800 [T:0xb2aa4] [DisplayControl] monitor video_port_sn = XF6232400003
2025/10/28 05:38:39.800 [T:0xb2aa4] [DisplayControl] model_name_match = 1
2025/10/28 05:38:39.800 [T:0xb2aa4] [DisplayControl] sn_match = 1
2025/10/28 05:38:39.800 [T:0xb2aa4] [DisplayControl] video_port is_match = 1
2025/10/28 05:38:39.800 [T:0xb2aa4] [DisplayControl] i = 0
2025/10/28 05:38:39.800 [T:0xb2aa4] [DisplayControl] Enter OperationThread::OperationThread()
2025/10/28 05:38:39.800 [T:0xb2aa4] [DisplayControl] Enter OperationThread::CreateThread
2025/10/28 05:38:39.800 [T:0xb2aa4] [DisplayControl] new DisplayFunctioner
2025/10/28 05:38:39.800 [T:0xb2aa4] [DisplayControl] insert displayer_vector
2025/10/28 05:38:39.800 [T:0xb2aa4] [DisplayControl] insert modelName_SN_to_Display_map
2025/10/28 05:38:39.800 [T:0xb2aa4] [DisplayControl] insert device_id_to_Displayer_map_
2025/10/28 05:38:39.801 [T:0xb2aa4] [DisplayControl] i = 1
2025/10/28 05:38:39.801 [T:0xb2aa4] [DisplayControl] Enter OperationThread::OperationThread()
2025/10/28 05:38:39.801 [T:0xb2aa4] [DisplayControl] Enter OperationThread::CreateThread
2025/10/28 05:38:39.801 [T:0xb2aa4] [DisplayControl] new DisplayFunctioner
2025/10/28 05:38:39.801 [T:0xb2aa4] [DisplayControl] insert displayer_vector
2025/10/28 05:38:39.801 [T:0xb2aa4] [DisplayControl] insert modelName_SN_to_Display_map
2025/10/28 05:38:39.801 [T:0xb2aa4] [DisplayControl] insert device_id_to_Displayer_map_
2025/10/28 05:38:39.801 [T:0xb2aa4] [DisplayControl] monitor size = 2
2025/10/28 05:38:39.801 [T:0xb2aa4] [DisplayControl] Exit ObtainControlHandler
2025/10/28 05:40:44.871 [T:0xd5564] [DisplayControl] Enter MCCSOtherSet::SetVCP(), vcp code = 16
2025/10/28 05:40:45.065 [T:0xd5564] [DisplayControl] Exit MCCSOtherSet::SetVCP()
2025/10/28 05:42:18.236 [T:0x1fdc6] [DisplayControl] Enter MCCSOtherSet::SetVCP(), vcp code = 16
2025/10/28 05:42:18.444 [T:0x1fdc6] [DisplayControl] Exit MCCSOtherSet::SetVCP()
2025/10/28 05:43:49.499 [T:0x7ddf7] [DisplayControl] Enter MCCSOtherSet::SetVCP(), vcp code = 18
2025/10/28 05:43:49.708 [T:0x7ddf7] [DisplayControl] Exit MCCSOtherSet::SetVCP()
2025/10/28 05:45:21.763 [T:0x122f5] [DisplayControl] Enter MCCSOtherSet::SetVCP(), vcp code = 18
2025/10/28 05:45:21.972 [T:0x122f5] [DisplayControl] Exit MCCSOtherSet::SetVCP()
2025/10/28 05:46:54.013 [T:0x60d59] [DisplayControl] Enter MCCSOtherSet::SetVCP(), vcp code = 135
2025/10/28 05:46:54.224 [T:0x60d59] [DisplayControl] Exit MCCSOtherSet::SetVCP()
2025/10/28 05:48:26.343 [T:0xc74e5] [DisplayControl] Enter MCCSOtherSet::SetVCP(), vcp code = 135
2025/10/28 05:48:26.568 [T:0xc74e5] [DisplayControl] Exit MCCSOtherSet::SetVCP()
2025/10/28 05:49:58.514 [T:0xb2aa4] [DisplayControl] Enter MCCSOtherSet::SetVCP(), vcp code = 98
2025/10/28 05:49:59.052 [T:0xb2aa4] [DisplayControl] Exit MCCSOtherSet::SetVCP()
2025/10/28 05:49:59.162 [T:0x6362a] [DisplayControl] Enter MCCSOtherSet::SetVCP(), vcp code = 98
2025/10/28 05:49:59.372 [T:0x6362a] [DisplayControl] Exit MCCSOtherSet::SetVCP()
2025/10/28 05:51:30.861 [T:0xb2aa4] [DisplayControl] Enter MCCSOtherSet::SetVCP(), vcp code = 98
2025/10/28 05:51:31.067 [T:0xb2aa4] [DisplayControl] Exit MCCSOtherSet::SetVCP()
2025/10/28 05:51:31.181 [T:0x1fdc6] [DisplayControl] Enter MCCSOtherSet::SetVCP(), vcp code = 98
2025/10/28 05:51:31.391 [T:0x1fdc6] [DisplayControl] Exit MCCSOtherSet::SetVCP()
2025/10/28 05:53:06.887 [T:0x84cd9] [DisplayControl] Enter MCCSOtherSet::SetVCP(), vcp code = 220
2025/10/28 05:53:07.861 [T:0x84cd9] [DisplayControl] Exit MCCSOtherSet::SetVCP()
2025/10/28 05:53:13.489 [T:0x84cd9] [DisplayControl] Enter MCCSOtherSet::GetVCP(), vcp code = 16
2025/10/28 05:53:13.571 [T:0x84cd9] [DisplayControl] Exit MCCSOtherSet::GetVCP()
2025/10/28 05:53:14.289 [T:0x84cd9] [DisplayControl] Enter MCCSOtherSet::GetVCP(), vcp code = 20
2025/10/28 05:53:14.371 [T:0x84cd9] [DisplayControl] Exit MCCSOtherSet::GetVCP()
2025/10/28 05:53:15.090 [T:0x84cd9] [DisplayControl] Enter MCCSOtherSet::GetVCP(), vcp code = 18
2025/10/28 05:53:15.172 [T:0x84cd9] [DisplayControl] Exit MCCSOtherSet::GetVCP()
2025/10/28 05:53:15.890 [T:0x84cd9] [DisplayControl] Enter MCCSOtherSet::GetVCP(), vcp code = 135
2025/10/28 05:53:15.972 [T:0x84cd9] [DisplayControl] Exit MCCSOtherSet::GetVCP()
2025/10/28 05:55:00.408 [T:0xe595f] [DisplayControl] Enter MCCSOtherSet::SetVCP(), vcp code = 220
2025/10/28 05:55:01.384 [T:0xe595f] [DisplayControl] Exit MCCSOtherSet::SetVCP()
2025/10/28 05:55:06.998 [T:0xe595f] [DisplayControl] Enter MCCSOtherSet::GetVCP(), vcp code = 16
2025/10/28 05:55:07.080 [T:0xe595f] [DisplayControl] Exit MCCSOtherSet::GetVCP()
2025/10/28 05:55:07.799 [T:0xe595f] [DisplayControl] Enter MCCSOtherSet::GetVCP(), vcp code = 20
2025/10/28 05:55:07.881 [T:0xe595f] [DisplayControl] Exit MCCSOtherSet::GetVCP()
2025/10/28 05:55:08.599 [T:0xe595f] [DisplayControl] Enter MCCSOtherSet::GetVCP(), vcp code = 18
2025/10/28 05:55:08.681 [T:0xe595f] [DisplayControl] Exit MCCSOtherSet::GetVCP()
2025/10/28 05:55:09.399 [T:0xe595f] [DisplayControl] Enter MCCSOtherSet::GetVCP(), vcp code = 135
2025/10/28 05:55:09.482 [T:0xe595f] [DisplayControl] Exit MCCSOtherSet::GetVCP()
2025/10/28 05:56:54.079 [T:0xccc35] [DisplayControl] Enter MCCSOtherSet::SetVCP(), vcp code = 220
2025/10/28 05:56:55.054 [T:0xccc35] [DisplayControl] Exit MCCSOtherSet::SetVCP()
2025/10/28 05:57:00.669 [T:0xccc35] [DisplayControl] Enter MCCSOtherSet::GetVCP(), vcp code = 16
2025/10/28 05:57:00.751 [T:0xccc35] [DisplayControl] Exit MCCSOtherSet::GetVCP()
2025/10/28 05:57:01.470 [T:0xccc35] [DisplayControl] Enter MCCSOtherSet::GetVCP(), vcp code = 20
2025/10/28 05:57:01.552 [T:0xccc35] [DisplayControl] Exit MCCSOtherSet::GetVCP()
2025/10/28 05:57:02.270 [T:0xccc35] [DisplayControl] Enter MCCSOtherSet::GetVCP(), vcp code = 18
2025/10/28 05:57:02.351 [T:0xccc35] [DisplayControl] Exit MCCSOtherSet::GetVCP()
2025/10/28 05:57:03.070 [T:0xccc35] [DisplayControl] Enter MCCSOtherSet::GetVCP(), vcp code = 135
2025/10/28 05:57:03.151 [T:0xccc35] [DisplayControl] Exit MCCSOtherSet::GetVCP()
2025/10/28 05:58:47.680 [T:0xf0869] [DisplayControl] Enter MCCSOtherSet::SetVCP(), vcp code = 220
2025/10/28 05:58:48.671 [T:0xf0869] [DisplayControl] Exit MCCSOtherSet::SetVCP()
2025/10/28 05:58:54.286 [T:0xf0869] [DisplayControl] Enter MCCSOtherSet::GetVCP(), vcp code = 16
2025/10/28 05:58:54.367 [T:0xf0869] [DisplayControl] Exit MCCSOtherSet::GetVCP()
2025/10/28 05:58:55.086 [T:0xf0869] [DisplayControl] Enter MCCSOtherSet::GetVCP(), vcp code = 20
2025/10/28 05:58:55.168 [T:0xf0869] [DisplayControl] Exit MCCSOtherSet::GetVCP()
2025/10/28 05:58:55.886 [T:0xf0869] [DisplayControl] Enter MCCSOtherSet::GetVCP(), vcp code = 18
2025/10/28 05:58:55.968 [T:0xf0869] [DisplayControl] Exit MCCSOtherSet::GetVCP()
2025/10/28 05:58:56.686 [T:0xf0869] [DisplayControl] Enter MCCSOtherSet::GetVCP(), vcp code = 135
2025/10/28 05:58:56.768 [T:0xf0869] [DisplayControl] Exit MCCSOtherSet::GetVCP()
2025/10/28 06:00:41.272 [T:0xc3f61] [DisplayControl] Enter MCCSOtherSet::SetVCP(), vcp code = 220
2025/10/28 06:00:42.217 [T:0xc3f61] [DisplayControl] Exit MCCSOtherSet::SetVCP()
2025/10/28 06:00:47.831 [T:0xc3f61] [DisplayControl] Enter MCCSOtherSet::GetVCP(), vcp code = 16
2025/10/28 06:00:47.913 [T:0xc3f61] [DisplayControl] Exit MCCSOtherSet::GetVCP()
2025/10/28 06:00:48.632 [T:0xc3f61] [DisplayControl] Enter MCCSOtherSet::GetVCP(), vcp code = 20
2025/10/28 06:00:48.713 [T:0xc3f61] [DisplayControl] Exit MCCSOtherSet::GetVCP()
2025/10/28 06:00:49.432 [T:0xc3f61] [DisplayControl] Enter MCCSOtherSet::GetVCP(), vcp code = 18
2025/10/28 06:00:49.513 [T:0xc3f61] [DisplayControl] Exit MCCSOtherSet::GetVCP()
2025/10/28 06:00:50.232 [T:0xc3f61] [DisplayControl] Enter MCCSOtherSet::GetVCP(), vcp code = 135
2025/10/28 06:00:50.314 [T:0xc3f61] [DisplayControl] Exit MCCSOtherSet::GetVCP()
2025/10/28 06:02:34.925 [T:0x90980] [DisplayControl] Enter MCCSOtherSet::SetVCP(), vcp code = 220
2025/10/28 06:02:35.900 [T:0x90980] [DisplayControl] Exit MCCSOtherSet::SetVCP()
2025/10/28 06:02:41.514 [T:0x90980] [DisplayControl] Enter MCCSOtherSet::GetVCP(), vcp code = 16
2025/10/28 06:02:41.596 [T:0x90980] [DisplayControl] Exit MCCSOtherSet::GetVCP()
2025/10/28 06:02:42.314 [T:0x90980] [DisplayControl] Enter MCCSOtherSet::GetVCP(), vcp code = 20
2025/10/28 06:02:42.396 [T:0x90980] [DisplayControl] Exit MCCSOtherSet::GetVCP()
2025/10/28 06:02:43.114 [T:0x90980] [DisplayControl] Enter MCCSOtherSet::GetVCP(), vcp code = 18
2025/10/28 06:02:43.196 [T:0x90980] [DisplayControl] Exit MCCSOtherSet::GetVCP()
2025/10/28 06:02:43.914 [T:0x90980] [DisplayControl] Enter MCCSOtherSet::GetVCP(), vcp code = 135
2025/10/28 06:02:43.997 [T:0x90980] [DisplayControl] Exit MCCSOtherSet::GetVCP()
2025/10/28 06:04:28.543 [T:0xaee88] [DisplayControl] Enter MCCSOtherSet::SetVCP(), vcp code = 220
2025/10/28 06:04:29.517 [T:0xaee88] [DisplayControl] Exit MCCSOtherSet::SetVCP()
2025/10/28 06:04:35.131 [T:0xaee88] [DisplayControl] Enter MCCSOtherSet::GetVCP(), vcp code = 16
2025/10/28 06:04:35.213 [T:0xaee88] [DisplayControl] Exit MCCSOtherSet::GetVCP()
2025/10/28 06:04:35.931 [T:0xaee88] [DisplayControl] Enter MCCSOtherSet::GetVCP(), vcp code = 20
2025/10/28 06:04:36.013 [T:0xaee88] [DisplayControl] Exit MCCSOtherSet::GetVCP()
2025/10/28 06:04:36.732 [T:0xaee88] [DisplayControl] Enter MCCSOtherSet::GetVCP(), vcp code = 18
2025/10/28 06:04:36.814 [T:0xaee88] [DisplayControl] Exit MCCSOtherSet::GetVCP()
2025/10/28 06:04:37.532 [T:0xaee88] [DisplayControl] Enter MCCSOtherSet::GetVCP(), vcp code = 135
2025/10/28 06:04:37.614 [T:0xaee88] [DisplayControl] Exit MCCSOtherSet::GetVCP()
2025/10/28 06:06:22.192 [T:0xe184a] [DisplayControl] Enter MCCSOtherSet::SetVCP(), vcp code = 220
2025/10/28 06:06:23.182 [T:0xe184a] [DisplayControl] Exit MCCSOtherSet::SetVCP()
2025/10/28 06:06:28.795 [T:0xe184a] [DisplayControl] Enter MCCSOtherSet::GetVCP(), vcp code = 16
2025/10/28 06:06:28.876 [T:0xe184a] [DisplayControl] Exit MCCSOtherSet::GetVCP()
2025/10/28 06:06:29.595 [T:0xe184a] [DisplayControl] Enter MCCSOtherSet::GetVCP(), vcp code = 20
2025/10/28 06:06:29.677 [T:0xe184a] [DisplayControl] Exit MCCSOtherSet::GetVCP()
2025/10/28 06:06:30.395 [T:0xe184a] [DisplayControl] Enter MCCSOtherSet::GetVCP(), vcp code = 18
2025/10/28 06:06:30.477 [T:0xe184a] [DisplayControl] Exit MCCSOtherSet::GetVCP()
2025/10/28 06:06:31.196 [T:0xe184a] [DisplayControl] Enter MCCSOtherSet::GetVCP(), vcp code = 135
2025/10/28 06:06:31.277 [T:0xe184a] [DisplayControl] Exit MCCSOtherSet::GetVCP()
2025/10/28 06:08:15.772 [T:0xa2824] [DisplayControl] Enter MCCSOtherSet::SetVCP(), vcp code = 220
2025/10/28 06:08:16.762 [T:0xa2824] [DisplayControl] Exit MCCSOtherSet::SetVCP()
2025/10/28 06:08:22.374 [T:0xa2824] [DisplayControl] Enter MCCSOtherSet::GetVCP(), vcp code = 16
2025/10/28 06:08:22.456 [T:0xa2824] [DisplayControl] Exit MCCSOtherSet::GetVCP()
2025/10/28 06:08:23.175 [T:0xa2824] [DisplayControl] Enter MCCSOtherSet::GetVCP(), vcp code = 20
2025/10/28 06:08:23.257 [T:0xa2824] [DisplayControl] Exit MCCSOtherSet::GetVCP()
2025/10/28 06:08:23.975 [T:0xa2824] [DisplayControl] Enter MCCSOtherSet::GetVCP(), vcp code = 18
2025/10/28 06:08:24.056 [T:0xa2824] [DisplayControl] Exit MCCSOtherSet::GetVCP()
2025/10/28 06:08:24.775 [T:0xa2824] [DisplayControl] Enter MCCSOtherSet::GetVCP(), vcp code = 135
2025/10/28 06:08:24.857 [T:0xa2824] [DisplayControl] Exit MCCSOtherSet::GetVCP()
2025/10/28 06:10:09.433 [T:0xbcf98] [DisplayControl] Enter MCCSOtherSet::SetVCP(), vcp code = 220
2025/10/28 06:10:10.407 [T:0xbcf98] [DisplayControl] Exit MCCSOtherSet::SetVCP()
2025/10/28 06:10:16.021 [T:0xbcf98] [DisplayControl] Enter MCCSOtherSet::GetVCP(), vcp code = 16
2025/10/28 06:10:16.103 [T:0xbcf98] [DisplayControl] Exit MCCSOtherSet::GetVCP()
2025/10/28 06:10:16.821 [T:0xbcf98] [DisplayControl] Enter MCCSOtherSet::GetVCP(), vcp code = 20
2025/10/28 06:10:16.903 [T:0xbcf98] [DisplayControl] Exit MCCSOtherSet::GetVCP()
2025/10/28 06:10:17.621 [T:0xbcf98] [DisplayControl] Enter MCCSOtherSet::GetVCP(), vcp code = 18
2025/10/28 06:10:17.703 [T:0xbcf98] [DisplayControl] Exit MCCSOtherSet::GetVCP()
2025/10/28 06:10:18.421 [T:0xbcf98] [DisplayControl] Enter MCCSOtherSet::GetVCP(), vcp code = 135
2025/10/28 06:10:18.504 [T:0xbcf98] [DisplayControl] Exit MCCSOtherSet::GetVCP()
2025/10/28 06:12:03.080 [T:0x634b2] [DisplayControl] Enter MCCSOtherSet::SetVCP(), vcp code = 220
2025/10/28 06:12:04.071 [T:0x634b2] [DisplayControl] Exit MCCSOtherSet::SetVCP()
2025/10/28 06:12:09.684 [T:0x634b2] [DisplayControl] Enter MCCSOtherSet::GetVCP(), vcp code = 16
2025/10/28 06:12:09.766 [T:0x634b2] [DisplayControl] Exit MCCSOtherSet::GetVCP()
2025/10/28 06:12:10.484 [T:0x634b2] [DisplayControl] Enter MCCSOtherSet::GetVCP(), vcp code = 20
2025/10/28 06:12:10.566 [T:0x634b2] [DisplayControl] Exit MCCSOtherSet::GetVCP()
2025/10/28 06:12:11.284 [T:0x634b2] [DisplayControl] Enter MCCSOtherSet::GetVCP(), vcp code = 18
2025/10/28 06:12:11.366 [T:0x634b2] [DisplayControl] Exit MCCSOtherSet::GetVCP()
2025/10/28 06:12:12.084 [T:0x634b2] [DisplayControl] Enter MCCSOtherSet::GetVCP(), vcp code = 135
2025/10/28 06:12:12.166 [T:0x634b2] [DisplayControl] Exit MCCSOtherSet::GetVCP()
2025/10/28 06:13:56.708 [T:0x2b281] [DisplayControl] Enter MCCSOtherSet::SetVCP(), vcp code = 220
2025/10/28 06:13:57.699 [T:0x2b281] [DisplayControl] Exit MCCSOtherSet::SetVCP()
2025/10/28 06:14:03.314 [T:0x2b281] [DisplayControl] Enter MCCSOtherSet::GetVCP(), vcp code = 16
2025/10/28 06:14:03.396 [T:0x2b281] [DisplayControl] Exit MCCSOtherSet::GetVCP()
2025/10/28 06:14:04.114 [T:0x2b281] [DisplayControl] Enter MCCSOtherSet::GetVCP(), vcp code = 20
2025/10/28 06:14:04.196 [T:0x2b281] [DisplayControl] Exit MCCSOtherSet::GetVCP()
2025/10/28 06:14:04.915 [T:0x2b281] [DisplayControl] Enter MCCSOtherSet::GetVCP(), vcp code = 18
2025/10/28 06:14:04.996 [T:0x2b281] [DisplayControl] Exit MCCSOtherSet::GetVCP()
2025/10/28 06:14:05.715 [T:0x2b281] [DisplayControl] Enter MCCSOtherSet::GetVCP(), vcp code = 135
2025/10/28 06:14:05.796 [T:0x2b281] [DisplayControl] Exit MCCSOtherSet::GetVCP()
2025/10/28 06:15:50.388 [T:0xc35a1] [DisplayControl] Enter MCCSOtherSet::SetVCP(), vcp code = 220
2025/10/28 06:15:51.378 [T:0xc35a1] [DisplayControl] Exit MCCSOtherSet::SetVCP()
2025/10/28 06:15:56.990 [T:0xc35a1] [DisplayControl] Enter MCCSOtherSet::GetVCP(), vcp code = 16
2025/10/28 06:15:57.073 [T:0xc35a1] [DisplayControl] Exit MCCSOtherSet::GetVCP()
2025/10/28 06:15:57.791 [T:0xc35a1] [DisplayControl] Enter MCCSOtherSet::GetVCP(), vcp code = 20
2025/10/28 06:15:57.873 [T:0xc35a1] [DisplayControl] Exit MCCSOtherSet::GetVCP()
2025/10/28 06:15:58.591 [T:0xc35a1] [DisplayControl] Enter MCCSOtherSet::GetVCP(), vcp code = 18
2025/10/28 06:15:58.673 [T:0xc35a1] [DisplayControl] Exit MCCSOtherSet::GetVCP()
2025/10/28 06:15:59.391 [T:0xc35a1] [DisplayControl] Enter MCCSOtherSet::GetVCP(), vcp code = 135
2025/10/28 06:15:59.473 [T:0xc35a1] [DisplayControl] Exit MCCSOtherSet::GetVCP()
2025/10/28 06:17:58.367 [T:0x5b400] [DisplayControl] Enter MCCSOtherSet::SetVCP(), vcp code = 4
2025/10/28 06:17:59.304 [T:0x5b400] [DisplayControl] Exit MCCSOtherSet::SetVCP()
2025/10/28 06:18:04.418 [T:0x5b400] [DisplayControl] Enter OperationThread::ExitThread
2025/10/28 06:18:04.418 [T:0x5b400] [DisplayControl] Exit OperationThread::ExitThread
2025/10/28 06:18:04.418 [T:0x5b400] [DisplayControl] Enter OperationThread::~OperationThread()
2025/10/28 06:18:04.418 [T:0x5b400] [DisplayControl] Enter OperationThread::ExitThread
2025/10/28 06:18:04.418 [T:0x5b400] [DisplayControl] Enter OperationThread::ExitThread
2025/10/28 06:18:04.418 [T:0x5b400] [DisplayControl] Exit OperationThread::ExitThread
2025/10/28 06:18:04.418 [T:0x5b400] [DisplayControl] Enter OperationThread::~OperationThread()
2025/10/28 06:18:04.418 [T:0x5b400] [DisplayControl] Enter OperationThread::ExitThread
2025/10/28 06:18:04.448 [T:0x5b400] [DbgStr] After calling display_control_client_listener_video_port_.UpdateAllDisplayPath()
2025/10/28 06:18:04.464 [T:0x5b400] [DbgStr] After calling display_control_client_listener_.GetAllDisplayEDID()
2025/10/28 06:18:04.467 [T:0x5b400] [DisplayControl] Version = 3.0.6.0
2025/10/28 06:18:04.467 [T:0x5b400] [DisplayControl] Enter ObtainControlHandler1
2025/10/28 06:18:04.467 [T:0x5b400] [DisplayControl] GetVideoPortCommander
2025/10/28 06:18:04.467 [T:0x5b400] [DisplayControl] GetUSBHubCommander
2025/10/28 06:18:04.467 [T:0x5b400] ====== List p_lpo_display_info_video_port, # of devices is ======2
2025/10/28 06:18:04.467 [T:0x5b400] [DisplayControl] index of p_lpo_display_info_video_port0
2025/10/28 06:18:04.467 [T:0x5b400] [DisplayControl] Model name from VideoPort = VG2458
2025/10/28 06:18:04.467 [T:0x5b400] [DisplayControl] SN from VideoPort = YDJ243400006
2025/10/28 06:18:04.467 [T:0x5b400] [DisplayControl] index of p_lpo_display_info_video_port1
2025/10/28 06:18:04.467 [T:0x5b400] [DisplayControl] Model name from VideoPort = VG275
2025/10/28 06:18:04.467 [T:0x5b400] [DisplayControl] SN from VideoPort = XF6232400003
2025/10/28 06:18:04.467 [T:0x5b400] ====== List p_lpo_display_info_rtd_scalar_rts_hub, # of devices is ======0
2025/10/28 06:18:04.467 [T:0x5b400] [DisplayControl] GetVSRtkHubControlClientListener
2025/10/28 06:18:04.467 [T:0x5b400] [DisplayControl] max monitor count = 2
2025/10/28 06:18:04.468 [T:0x5b400] [DisplayControl] index of display_info_vec = 0
2025/10/28 06:18:04.468 [T:0x5b400] [DisplayControl] index of p_lpo_display_info_video_port = 0
2025/10/28 06:18:04.468 [T:0x5b400] [DisplayControl] VideoPortMatchingRule
2025/10/28 06:18:04.468 [T:0x5b400] [DisplayControl] monitor display_info_model_name = VG2458
2025/10/28 06:18:04.468 [T:0x5b400] [DisplayControl] monitor video_port_model_name = VG2458
2025/10/28 06:18:04.468 [T:0x5b400] [DisplayControl] monitor display_info_sn = YDJ243400006
2025/10/28 06:18:04.468 [T:0x5b400] [DisplayControl] monitor video_port_sn = YDJ243400006
2025/10/28 06:18:04.468 [T:0x5b400] [DisplayControl] model_name_match = 1
2025/10/28 06:18:04.468 [T:0x5b400] [DisplayControl] sn_match = 1
2025/10/28 06:18:04.468 [T:0x5b400] [DisplayControl] video_port is_match = 1
2025/10/28 06:18:04.468 [T:0x5b400] [DisplayControl] index of display_info_vec = 1
2025/10/28 06:18:04.468 [T:0x5b400] [DisplayControl] index of p_lpo_display_info_video_port = 0
2025/10/28 06:18:04.468 [T:0x5b400] [DisplayControl] VideoPortMatchingRule
2025/10/28 06:18:04.468 [T:0x5b400] [DisplayControl] monitor display_info_model_name = VG275
2025/10/28 06:18:04.468 [T:0x5b400] [DisplayControl] monitor video_port_model_name = VG2458
2025/10/28 06:18:04.468 [T:0x5b400] [DisplayControl] monitor display_info_sn = XF6232400003
2025/10/28 06:18:04.468 [T:0x5b400] [DisplayControl] monitor video_port_sn = YDJ243400006
2025/10/28 06:18:04.468 [T:0x5b400] [DisplayControl] model_name_match = 0
2025/10/28 06:18:04.468 [T:0x5b400] [DisplayControl] sn_match = 0
2025/10/28 06:18:04.468 [T:0x5b400] [DisplayControl] video_port is_match = 0
2025/10/28 06:18:04.468 [T:0x5b400] [DisplayControl] index of display_info_vec = 1
2025/10/28 06:18:04.468 [T:0x5b400] [DisplayControl] index of p_lpo_display_info_video_port = 1
2025/10/28 06:18:04.468 [T:0x5b400] [DisplayControl] VideoPortMatchingRule
2025/10/28 06:18:04.468 [T:0x5b400] [DisplayControl] monitor display_info_model_name = VG275
2025/10/28 06:18:04.468 [T:0x5b400] [DisplayControl] monitor video_port_model_name = VG275
2025/10/28 06:18:04.468 [T:0x5b400] [DisplayControl] monitor display_info_sn = XF6232400003
2025/10/28 06:18:04.468 [T:0x5b400] [DisplayControl] monitor video_port_sn = XF6232400003
2025/10/28 06:18:04.468 [T:0x5b400] [DisplayControl] model_name_match = 1
2025/10/28 06:18:04.469 [T:0x5b400] [DisplayControl] sn_match = 1
2025/10/28 06:18:04.469 [T:0x5b400] [DisplayControl] video_port is_match = 1
2025/10/28 06:18:04.469 [T:0x5b400] [DisplayControl] i = 0
2025/10/28 06:18:04.469 [T:0x5b400] [DisplayControl] Enter OperationThread::OperationThread()
2025/10/28 06:18:04.469 [T:0x5b400] [DisplayControl] Enter OperationThread::CreateThread
2025/10/28 06:18:04.469 [T:0x5b400] [DisplayControl] new DisplayFunctioner
2025/10/28 06:18:04.469 [T:0x5b400] [DisplayControl] insert displayer_vector
2025/10/28 06:18:04.469 [T:0x5b400] [DisplayControl] insert modelName_SN_to_Display_map
2025/10/28 06:18:04.469 [T:0x5b400] [DisplayControl] insert device_id_to_Displayer_map_
2025/10/28 06:18:04.469 [T:0x5b400] [DisplayControl] i = 1
2025/10/28 06:18:04.469 [T:0x5b400] [DisplayControl] Enter OperationThread::OperationThread()
2025/10/28 06:18:04.469 [T:0x5b400] [DisplayControl] Enter OperationThread::CreateThread
2025/10/28 06:18:04.469 [T:0x5b400] [DisplayControl] new DisplayFunctioner
2025/10/28 06:18:04.469 [T:0x5b400] [DisplayControl] insert displayer_vector
2025/10/28 06:18:04.469 [T:0x5b400] [DisplayControl] insert modelName_SN_to_Display_map
2025/10/28 06:18:04.469 [T:0x5b400] [DisplayControl] insert device_id_to_Displayer_map_
2025/10/28 06:18:04.469 [T:0x5b400] [DisplayControl] monitor size = 2
2025/10/28 06:18:04.469 [T:0x5b400] [DisplayControl] Exit ObtainControlHandler
2025/10/28 06:18:04.469 [T:0x5b400] [DisplayControl] Enter MCCSOtherSet::GetVCP(), vcp code = 16
2025/10/28 06:18:04.548 [T:0x5b400] [DisplayControl] Exit MCCSOtherSet::GetVCP()
2025/10/28 06:18:04.548 [T:0x5b400] [DisplayControl] Enter MCCSOtherSet::GetVCP(), vcp code = 16
2025/10/28 06:18:04.688 [T:0x5b400] [DisplayControl] Exit MCCSOtherSet::GetVCP()
2025/10/28 06:18:04.794 [T:0x5b400] [DisplayControl] Enter MCCSOtherSet::GetVCP(), vcp code = 141
2025/10/28 06:18:04.875 [T:0x5b400] [DisplayControl] Exit MCCSOtherSet::GetVCP()
2025/10/28 06:18:04.982 [T:0x5b400] [DisplayControl] Enter MCCSOtherSet::GetVCP(), vcp code = 20
2025/10/28 06:18:05.064 [T:0x5b400] [DisplayControl] Exit MCCSOtherSet::GetVCP()
2025/10/28 06:18:05.170 [T:0x5b400] [DisplayControl] Enter MCCSOtherSet::GetVCP(), vcp code = 18
2025/10/28 06:18:05.252 [T:0x5b400] [DisplayControl] Exit MCCSOtherSet::GetVCP()
2025/10/28 06:18:05.359 [T:0x5b400] [DisplayControl] Enter MCCSOtherSet::GetVCP(), vcp code = 220
2025/10/28 06:18:05.441 [T:0x5b400] [DisplayControl] Exit MCCSOtherSet::GetVCP()
2025/10/28 06:18:05.546 [T:0x5b400] [DisplayControl] Enter MCCSOtherSet::GetVCP(), vcp code = 43
2025/10/28 06:18:05.628 [T:0x5b400] [DisplayControl] Exit MCCSOtherSet::GetVCP()
2025/10/28 06:18:05.735 [T:0x5b400] [DisplayControl] Enter MCCSOtherSet::GetVCP(), vcp code = 4
2025/10/28 06:18:05.817 [T:0x5b400] [DisplayControl] Exit MCCSOtherSet::GetVCP()
2025/10/28 06:18:05.923 [T:0x5b400] [DisplayControl] Enter MCCSOtherSet::GetVCP(), vcp code = 51
2025/10/28 06:18:06.005 [T:0x5b400] [DisplayControl] Exit MCCSOtherSet::GetVCP()
2025/10/28 06:18:06.111 [T:0x5b400] [DisplayControl] Enter MCCSOtherSet::GetVCP(), vcp code = 135
2025/10/28 06:18:06.193 [T:0x5b400] [DisplayControl] Exit MCCSOtherSet::GetVCP()
2025/10/28 06:18:06.300 [T:0x5b400] [DisplayControl] Enter MCCSOtherSet::GetVCP(), vcp code = 98
2025/10/28 06:18:06.382 [T:0x5b400] [DisplayControl] Exit MCCSOtherSet::GetVCP()
2025/10/28 06:18:06.488 [T:0x5b400] [DisplayControl] Enter MCCSOtherSet::GetVCP(), vcp code = 97
2025/10/28 06:18:06.570 [T:0x5b400] [DisplayControl] Exit MCCSOtherSet::GetVCP()
2025/10/28 06:18:06.676 [T:0x5b400] [DisplayControl] Enter MCCSOtherSet::GetVCP(), vcp code = 245
2025/10/28 06:18:06.759 [T:0x5b400] [DisplayControl] Exit MCCSOtherSet::GetVCP()
2025/10/28 06:18:06.812 [T:0xb2aa4] [DisplayControl] Enter MCCSOtherSet::GetVCP(), vcp code = 96
2025/10/28 06:18:06.864 [T:0x5b400] [DisplayControl] Enter MCCSOtherSet::GetVCP(), vcp code = 96
2025/10/28 06:18:06.907 [T:0xb2aa4] [DisplayControl] Exit MCCSOtherSet::GetVCP()
2025/10/28 06:18:07.096 [T:0x5b400] [DisplayControl] Exit MCCSOtherSet::GetVCP()
2025/10/28 06:18:07.199 [T:0x5b400] [DisplayControl] Enter MCCSOtherSet::GetVCP(), vcp code = 225
2025/10/28 06:18:07.391 [T:0x5b400] [DisplayControl] Exit MCCSOtherSet::GetVCP()
2025/10/28 06:18:07.493 [T:0x5b400] [DisplayControl] Enter MCCSOtherSet::GetVCP(), vcp code = 16
2025/10/28 06:18:07.579 [T:0x5b400] [DisplayControl] Exit MCCSOtherSet::GetVCP()
2025/10/28 06:18:07.682 [T:0x5b400] [DisplayControl] Enter MCCSOtherSet::GetVCP(), vcp code = 141
2025/10/28 06:18:07.767 [T:0x5b400] [DisplayControl] Exit MCCSOtherSet::GetVCP()
2025/10/28 06:18:07.870 [T:0x5b400] [DisplayControl] Enter MCCSOtherSet::GetVCP(), vcp code = 18
2025/10/28 06:18:07.955 [T:0x5b400] [DisplayControl] Exit MCCSOtherSet::GetVCP()
2025/10/28 06:18:08.058 [T:0x5b400] [DisplayControl] Enter MCCSOtherSet::GetVCP(), vcp code = 220
2025/10/28 06:18:08.144 [T:0x5b400] [DisplayControl] Exit MCCSOtherSet::GetVCP()
2025/10/28 06:18:08.246 [T:0x5b400] [DisplayControl] Enter MCCSOtherSet::GetVCP(), vcp code = 43
2025/10/28 06:18:08.332 [T:0x5b400] [DisplayControl] Exit MCCSOtherSet::GetVCP()
2025/10/28 06:18:08.434 [T:0x5b400] [DisplayControl] Enter MCCSOtherSet::GetVCP(), vcp code = 4
2025/10/28 06:18:08.520 [T:0x5b400] [DisplayControl] Exit MCCSOtherSet::GetVCP()
2025/10/28 06:18:08.622 [T:0x5b400] [DisplayControl] Enter MCCSOtherSet::GetVCP(), vcp code = 51
2025/10/28 06:18:08.708 [T:0x5b400] [DisplayControl] Exit MCCSOtherSet::GetVCP()
2025/10/28 06:18:08.811 [T:0x5b400] [DisplayControl] Enter MCCSOtherSet::GetVCP(), vcp code = 135
2025/10/28 06:18:08.896 [T:0x5b400] [DisplayControl] Exit MCCSOtherSet::GetVCP()
2025/10/28 06:18:08.999 [T:0x5b400] [DisplayControl] Enter MCCSOtherSet::GetVCP(), vcp code = 236
2025/10/28 06:18:09.085 [T:0x5b400] [DisplayControl] Exit MCCSOtherSet::GetVCP()
2025/10/28 06:18:09.187 [T:0x5b400] [DisplayControl] Enter MCCSOtherSet::GetVCP(), vcp code = 226
2025/10/28 06:18:09.273 [T:0x5b400] [DisplayControl] Exit MCCSOtherSet::GetVCP()
2025/10/28 06:18:09.376 [T:0x5b400] [DisplayControl] Enter MCCSOtherSet::GetVCP(), vcp code = 98
2025/10/28 06:18:09.461 [T:0x5b400] [DisplayControl] Exit MCCSOtherSet::GetVCP()
2025/10/28 06:18:09.564 [T:0x5b400] [DisplayControl] Enter MCCSOtherSet::GetVCP(), vcp code = 97
2025/10/28 06:18:09.649 [T:0x5b400] [DisplayControl] Exit MCCSOtherSet::GetVCP()
2025/10/28 06:18:09.752 [T:0x5b400] [DisplayControl] Enter MCCSOtherSet::GetVCP(), vcp code = 96
2025/10/28 06:18:09.838 [T:0x5b400] [DisplayControl] Exit MCCSOtherSet::GetVCP()
2025/10/28 06:18:09.940 [T:0x5b400] [DisplayControl] Enter MCCSOtherSet::GetVCP(), vcp code = 225
2025/10/28 06:18:10.026 [T:0x5b400] [DisplayControl] Exit MCCSOtherSet::GetVCP()
2025/10/28 06:19:16.346 [T:0x6abd9] [DisplayControl] Enter MCCSOtherSet::SetVCP(), vcp code = 20
2025/10/28 06:19:16.551 [T:0x6abd9] [DisplayControl] Exit MCCSOtherSet::SetVCP()
2025/10/28 06:19:17.159 [T:0x6abd9] [DisplayControl] Enter MCCSOtherSet::GetVCP(), vcp code = 16
2025/10/28 06:19:17.241 [T:0x6abd9] [DisplayControl] Exit MCCSOtherSet::GetVCP()
2025/10/28 06:19:17.959 [T:0x6abd9] [DisplayControl] Enter MCCSOtherSet::GetVCP(), vcp code = 20
2025/10/28 06:19:18.041 [T:0x6abd9] [DisplayControl] Exit MCCSOtherSet::GetVCP()
2025/10/28 06:19:18.760 [T:0x6abd9] [DisplayControl] Enter MCCSOtherSet::GetVCP(), vcp code = 18
2025/10/28 06:19:18.841 [T:0x6abd9] [DisplayControl] Exit MCCSOtherSet::GetVCP()
2025/10/28 06:19:19.560 [T:0x6abd9] [DisplayControl] Enter MCCSOtherSet::GetVCP(), vcp code = 135
2025/10/28 06:19:19.642 [T:0x6abd9] [DisplayControl] Exit MCCSOtherSet::GetVCP()
2025/10/28 06:21:03.729 [T:0x395f3] [DisplayControl] Enter MCCSOtherSet::SetVCP(), vcp code = 20
2025/10/28 06:21:03.935 [T:0x395f3] [DisplayControl] Exit MCCSOtherSet::SetVCP()
2025/10/28 06:21:04.543 [T:0x395f3] [DisplayControl] Enter MCCSOtherSet::GetVCP(), vcp code = 16
2025/10/28 06:21:04.625 [T:0x395f3] [DisplayControl] Exit MCCSOtherSet::GetVCP()
2025/10/28 06:21:05.343 [T:0x395f3] [DisplayControl] Enter MCCSOtherSet::GetVCP(), vcp code = 20
2025/10/28 06:21:05.425 [T:0x395f3] [DisplayControl] Exit MCCSOtherSet::GetVCP()
2025/10/28 06:21:06.144 [T:0x395f3] [DisplayControl] Enter MCCSOtherSet::GetVCP(), vcp code = 18
2025/10/28 06:21:06.226 [T:0x395f3] [DisplayControl] Exit MCCSOtherSet::GetVCP()
2025/10/28 06:21:06.944 [T:0x395f3] [DisplayControl] Enter MCCSOtherSet::GetVCP(), vcp code = 135
2025/10/28 06:21:07.026 [T:0x395f3] [DisplayControl] Exit MCCSOtherSet::GetVCP()
2025/10/28 06:22:51.096 [T:0x53cd6] [DisplayControl] Enter MCCSOtherSet::SetVCP(), vcp code = 20
2025/10/28 06:22:51.285 [T:0x53cd6] [DisplayControl] Exit MCCSOtherSet::SetVCP()
2025/10/28 06:22:51.893 [T:0x53cd6] [DisplayControl] Enter MCCSOtherSet::GetVCP(), vcp code = 16
2025/10/28 06:22:51.975 [T:0x53cd6] [DisplayControl] Exit MCCSOtherSet::GetVCP()
2025/10/28 06:22:52.693 [T:0x53cd6] [DisplayControl] Enter MCCSOtherSet::GetVCP(), vcp code = 20
2025/10/28 06:22:52.775 [T:0x53cd6] [DisplayControl] Exit MCCSOtherSet::GetVCP()
2025/10/28 06:22:53.494 [T:0x53cd6] [DisplayControl] Enter MCCSOtherSet::GetVCP(), vcp code = 18
2025/10/28 06:22:53.608 [T:0x53cd6] [DisplayControl] Exit MCCSOtherSet::GetVCP()
2025/10/28 06:22:54.326 [T:0x53cd6] [DisplayControl] Enter MCCSOtherSet::GetVCP(), vcp code = 135
2025/10/28 06:22:54.408 [T:0x53cd6] [DisplayControl] Exit MCCSOtherSet::GetVCP()
2025/10/28 06:24:38.382 [T:0xa9fa4] [DisplayControl] Enter MCCSOtherSet::SetVCP(), vcp code = 20
2025/10/28 06:24:38.588 [T:0xa9fa4] [DisplayControl] Exit MCCSOtherSet::SetVCP()
2025/10/28 06:24:39.196 [T:0xa9fa4] [DisplayControl] Enter MCCSOtherSet::GetVCP(), vcp code = 16
2025/10/28 06:24:39.278 [T:0xa9fa4] [DisplayControl] Exit MCCSOtherSet::GetVCP()
2025/10/28 06:24:39.996 [T:0xa9fa4] [DisplayControl] Enter MCCSOtherSet::GetVCP(), vcp code = 20
2025/10/28 06:24:40.078 [T:0xa9fa4] [DisplayControl] Exit MCCSOtherSet::GetVCP()
2025/10/28 06:24:40.796 [T:0xa9fa4] [DisplayControl] Enter MCCSOtherSet::GetVCP(), vcp code = 18
2025/10/28 06:24:40.878 [T:0xa9fa4] [DisplayControl] Exit MCCSOtherSet::GetVCP()
2025/10/28 06:24:41.596 [T:0xa9fa4] [DisplayControl] Enter MCCSOtherSet::GetVCP(), vcp code = 135
2025/10/28 06:24:41.679 [T:0xa9fa4] [DisplayControl] Exit MCCSOtherSet::GetVCP()
2025/10/28 06:26:25.752 [T:0xe084b] [DisplayControl] Enter MCCSOtherSet::SetVCP(), vcp code = 20
2025/10/28 06:26:25.928 [T:0xe084b] [DisplayControl] Exit MCCSOtherSet::SetVCP()
2025/10/28 06:26:26.535 [T:0xe084b] [DisplayControl] Enter MCCSOtherSet::GetVCP(), vcp code = 16
2025/10/28 06:26:26.618 [T:0xe084b] [DisplayControl] Exit MCCSOtherSet::GetVCP()
2025/10/28 06:26:27.336 [T:0xe084b] [DisplayControl] Enter MCCSOtherSet::GetVCP(), vcp code = 20
2025/10/28 06:26:27.418 [T:0xe084b] [DisplayControl] Exit MCCSOtherSet::GetVCP()
2025/10/28 06:26:28.136 [T:0xe084b] [DisplayControl] Enter MCCSOtherSet::GetVCP(), vcp code = 18
2025/10/28 06:26:28.219 [T:0xe084b] [DisplayControl] Exit MCCSOtherSet::GetVCP()
2025/10/28 06:26:28.937 [T:0xe084b] [DisplayControl] Enter MCCSOtherSet::GetVCP(), vcp code = 135
2025/10/28 06:26:29.019 [T:0xe084b] [DisplayControl] Exit MCCSOtherSet::GetVCP()
2025/10/28 06:28:30.010 [T:0xdf063] [DisplayControl] Enter MCCSOtherSet::SetVCP(), vcp code = 4
2025/10/28 06:28:30.945 [T:0xdf063] [DisplayControl] Exit MCCSOtherSet::SetVCP()
2025/10/28 06:28:36.069 [T:0xdf063] [DisplayControl] Enter OperationThread::ExitThread
2025/10/28 06:28:36.070 [T:0xdf063] [DisplayControl] Exit OperationThread::ExitThread
2025/10/28 06:28:36.070 [T:0xdf063] [DisplayControl] Enter OperationThread::~OperationThread()
2025/10/28 06:28:36.070 [T:0xdf063] [DisplayControl] Enter OperationThread::ExitThread
2025/10/28 06:28:36.070 [T:0xdf063] [DisplayControl] Enter OperationThread::ExitThread
2025/10/28 06:28:36.070 [T:0xdf063] [DisplayControl] Exit OperationThread::ExitThread
2025/10/28 06:28:36.070 [T:0xdf063] [DisplayControl] Enter OperationThread::~OperationThread()
2025/10/28 06:28:36.070 [T:0xdf063] [DisplayControl] Enter OperationThread::ExitThread
2025/10/28 06:28:36.095 [T:0xdf063] [DbgStr] After calling display_control_client_listener_video_port_.UpdateAllDisplayPath()
2025/10/28 06:28:36.111 [T:0xdf063] [DbgStr] After calling display_control_client_listener_.GetAllDisplayEDID()
2025/10/28 06:28:36.113 [T:0xdf063] [DisplayControl] Version = 3.0.6.0
2025/10/28 06:28:36.113 [T:0xdf063] [DisplayControl] Enter ObtainControlHandler1
2025/10/28 06:28:36.113 [T:0xdf063] [DisplayControl] GetVideoPortCommander
2025/10/28 06:28:36.113 [T:0xdf063] [DisplayControl] GetUSBHubCommander
2025/10/28 06:28:36.113 [T:0xdf063] ====== List p_lpo_display_info_video_port, # of devices is ======2
2025/10/28 06:28:36.113 [T:0xdf063] [DisplayControl] index of p_lpo_display_info_video_port0
2025/10/28 06:28:36.113 [T:0xdf063] [DisplayControl] Model name from VideoPort = VG2458
2025/10/28 06:28:36.113 [T:0xdf063] [DisplayControl] SN from VideoPort = YDJ243400006
2025/10/28 06:28:36.113 [T:0xdf063] [DisplayControl] index of p_lpo_display_info_video_port1
2025/10/28 06:28:36.113 [T:0xdf063] [DisplayControl] Model name from VideoPort = VG275
2025/10/28 06:28:36.113 [T:0xdf063] [DisplayControl] SN from VideoPort = XF6232400003
2025/10/28 06:28:36.113 [T:0xdf063] ====== List p_lpo_display_info_rtd_scalar_rts_hub, # of devices is ======0
2025/10/28 06:28:36.113 [T:0xdf063] [DisplayControl] GetVSRtkHubControlClientListener
2025/10/28 06:28:36.114 [T:0xdf063] [DisplayControl] max monitor count = 2
2025/10/28 06:28:36.114 [T:0xdf063] [DisplayControl] index of display_info_vec = 0
2025/10/28 06:28:36.114 [T:0xdf063] [DisplayControl] index of p_lpo_display_info_video_port = 0
2025/10/28 06:28:36.114 [T:0xdf063] [DisplayControl] VideoPortMatchingRule
2025/10/28 06:28:36.114 [T:0xdf063] [DisplayControl] monitor display_info_model_name = VG2458
2025/10/28 06:28:36.114 [T:0xdf063] [DisplayControl] monitor video_port_model_name = VG2458
2025/10/28 06:28:36.114 [T:0xdf063] [DisplayControl] monitor display_info_sn = YDJ243400006
2025/10/28 06:28:36.114 [T:0xdf063] [DisplayControl] monitor video_port_sn = YDJ243400006
2025/10/28 06:28:36.114 [T:0xdf063] [DisplayControl] model_name_match = 1
2025/10/28 06:28:36.114 [T:0xdf063] [DisplayControl] sn_match = 1
2025/10/28 06:28:36.114 [T:0xdf063] [DisplayControl] video_port is_match = 1
2025/10/28 06:28:36.114 [T:0xdf063] [DisplayControl] index of display_info_vec = 1
2025/10/28 06:28:36.114 [T:0xdf063] [DisplayControl] index of p_lpo_display_info_video_port = 0
2025/10/28 06:28:36.114 [T:0xdf063] [DisplayControl] VideoPortMatchingRule
2025/10/28 06:28:36.114 [T:0xdf063] [DisplayControl] monitor display_info_model_name = VG275
2025/10/28 06:28:36.114 [T:0xdf063] [DisplayControl] monitor video_port_model_name = VG2458
2025/10/28 06:28:36.114 [T:0xdf063] [DisplayControl] monitor display_info_sn = XF6232400003
2025/10/28 06:28:36.114 [T:0xdf063] [DisplayControl] monitor video_port_sn = YDJ243400006
2025/10/28 06:28:36.114 [T:0xdf063] [DisplayControl] model_name_match = 0
2025/10/28 06:28:36.114 [T:0xdf063] [DisplayControl] sn_match = 0
2025/10/28 06:28:36.114 [T:0xdf063] [DisplayControl] video_port is_match = 0
2025/10/28 06:28:36.114 [T:0xdf063] [DisplayControl] index of display_info_vec = 1
2025/10/28 06:28:36.114 [T:0xdf063] [DisplayControl] index of p_lpo_display_info_video_port = 1
2025/10/28 06:28:36.114 [T:0xdf063] [DisplayControl] VideoPortMatchingRule
2025/10/28 06:28:36.114 [T:0xdf063] [DisplayControl] monitor display_info_model_name = VG275
2025/10/28 06:28:36.114 [T:0xdf063] [DisplayControl] monitor video_port_model_name = VG275
2025/10/28 06:28:36.115 [T:0xdf063] [DisplayControl] monitor display_info_sn = XF6232400003
2025/10/28 06:28:36.115 [T:0xdf063] [DisplayControl] monitor video_port_sn = XF6232400003
2025/10/28 06:28:36.115 [T:0xdf063] [DisplayControl] model_name_match = 1
2025/10/28 06:28:36.115 [T:0xdf063] [DisplayControl] sn_match = 1
2025/10/28 06:28:36.115 [T:0xdf063] [DisplayControl] video_port is_match = 1
2025/10/28 06:28:36.115 [T:0xdf063] [DisplayControl] i = 0
2025/10/28 06:28:36.115 [T:0xdf063] [DisplayControl] Enter OperationThread::OperationThread()
2025/10/28 06:28:36.115 [T:0xdf063] [DisplayControl] Enter OperationThread::CreateThread
2025/10/28 06:28:36.115 [T:0xdf063] [DisplayControl] new DisplayFunctioner
2025/10/28 06:28:36.115 [T:0xdf063] [DisplayControl] insert displayer_vector
2025/10/28 06:28:36.115 [T:0xdf063] [DisplayControl] insert modelName_SN_to_Display_map
2025/10/28 06:28:36.115 [T:0xdf063] [DisplayControl] insert device_id_to_Displayer_map_
2025/10/28 06:28:36.115 [T:0xdf063] [DisplayControl] i = 1
2025/10/28 06:28:36.115 [T:0xdf063] [DisplayControl] Enter OperationThread::OperationThread()
2025/10/28 06:28:36.115 [T:0xdf063] [DisplayControl] Enter OperationThread::CreateThread
2025/10/28 06:28:36.115 [T:0xdf063] [DisplayControl] new DisplayFunctioner
2025/10/28 06:28:36.115 [T:0xdf063] [DisplayControl] insert displayer_vector
2025/10/28 06:28:36.115 [T:0xdf063] [DisplayControl] insert modelName_SN_to_Display_map
2025/10/28 06:28:36.115 [T:0xdf063] [DisplayControl] insert device_id_to_Displayer_map_
2025/10/28 06:28:36.115 [T:0xdf063] [DisplayControl] monitor size = 2
2025/10/28 06:28:36.115 [T:0xdf063] [DisplayControl] Exit ObtainControlHandler
2025/10/28 06:28:36.115 [T:0xdf063] [DisplayControl] Enter MCCSOtherSet::GetVCP(), vcp code = 16
2025/10/28 06:28:36.198 [T:0xdf063] [DisplayControl] Exit MCCSOtherSet::GetVCP()
2025/10/28 06:28:36.198 [T:0xdf063] [DisplayControl] Enter MCCSOtherSet::GetVCP(), vcp code = 16
2025/10/28 06:28:36.339 [T:0xdf063] [DisplayControl] Exit MCCSOtherSet::GetVCP()
2025/10/28 06:28:36.446 [T:0xdf063] [DisplayControl] Enter MCCSOtherSet::GetVCP(), vcp code = 141
2025/10/28 06:28:36.527 [T:0xdf063] [DisplayControl] Exit MCCSOtherSet::GetVCP()
2025/10/28 06:28:36.634 [T:0xdf063] [DisplayControl] Enter MCCSOtherSet::GetVCP(), vcp code = 20
2025/10/28 06:28:36.716 [T:0xdf063] [DisplayControl] Exit MCCSOtherSet::GetVCP()
2025/10/28 06:28:36.822 [T:0xdf063] [DisplayControl] Enter MCCSOtherSet::GetVCP(), vcp code = 18
2025/10/28 06:28:36.906 [T:0xdf063] [DisplayControl] Exit MCCSOtherSet::GetVCP()
2025/10/28 06:28:37.010 [T:0xdf063] [DisplayControl] Enter MCCSOtherSet::GetVCP(), vcp code = 220
2025/10/28 06:28:37.092 [T:0xdf063] [DisplayControl] Exit MCCSOtherSet::GetVCP()
2025/10/28 06:28:37.198 [T:0xdf063] [DisplayControl] Enter MCCSOtherSet::GetVCP(), vcp code = 43
2025/10/28 06:28:37.280 [T:0xdf063] [DisplayControl] Exit MCCSOtherSet::GetVCP()
2025/10/28 06:28:37.386 [T:0xdf063] [DisplayControl] Enter MCCSOtherSet::GetVCP(), vcp code = 4
2025/10/28 06:28:37.467 [T:0xdf063] [DisplayControl] Exit MCCSOtherSet::GetVCP()
2025/10/28 06:28:37.574 [T:0xdf063] [DisplayControl] Enter MCCSOtherSet::GetVCP(), vcp code = 51
2025/10/28 06:28:37.656 [T:0xdf063] [DisplayControl] Exit MCCSOtherSet::GetVCP()
2025/10/28 06:28:37.762 [T:0xdf063] [DisplayControl] Enter MCCSOtherSet::GetVCP(), vcp code = 135
2025/10/28 06:28:37.844 [T:0xdf063] [DisplayControl] Exit MCCSOtherSet::GetVCP()
2025/10/28 06:28:37.951 [T:0xdf063] [DisplayControl] Enter MCCSOtherSet::GetVCP(), vcp code = 98
2025/10/28 06:28:38.033 [T:0xdf063] [DisplayControl] Exit MCCSOtherSet::GetVCP()
2025/10/28 06:28:38.139 [T:0xdf063] [DisplayControl] Enter MCCSOtherSet::GetVCP(), vcp code = 97
2025/10/28 06:28:38.220 [T:0xdf063] [DisplayControl] Exit MCCSOtherSet::GetVCP()
2025/10/28 06:28:38.327 [T:0xdf063] [DisplayControl] Enter MCCSOtherSet::GetVCP(), vcp code = 245
2025/10/28 06:28:38.409 [T:0xdf063] [DisplayControl] Exit MCCSOtherSet::GetVCP()
2025/10/28 06:28:38.447 [T:0xb2aa4] [DisplayControl] Enter MCCSOtherSet::GetVCP(), vcp code = 96
2025/10/28 06:28:38.516 [T:0xdf063] [DisplayControl] Enter MCCSOtherSet::GetVCP(), vcp code = 96
2025/10/28 06:28:38.560 [T:0xb2aa4] [DisplayControl] Exit MCCSOtherSet::GetVCP()
2025/10/28 06:28:38.716 [T:0xdf063] [DisplayControl] Exit MCCSOtherSet::GetVCP()
2025/10/28 06:28:38.818 [T:0xdf063] [DisplayControl] Enter MCCSOtherSet::GetVCP(), vcp code = 225
2025/10/28 06:28:39.028 [T:0xdf063] [DisplayControl] Exit MCCSOtherSet::GetVCP()
2025/10/28 06:28:39.129 [T:0xdf063] [DisplayControl] Enter MCCSOtherSet::GetVCP(), vcp code = 16
2025/10/28 06:28:39.217 [T:0xdf063] [DisplayControl] Exit MCCSOtherSet::GetVCP()
2025/10/28 06:28:39.319 [T:0xdf063] [DisplayControl] Enter MCCSOtherSet::GetVCP(), vcp code = 141
2025/10/28 06:28:39.405 [T:0xdf063] [DisplayControl] Exit MCCSOtherSet::GetVCP()
2025/10/28 06:28:39.507 [T:0xdf063] [DisplayControl] Enter MCCSOtherSet::GetVCP(), vcp code = 18
2025/10/28 06:28:39.593 [T:0xdf063] [DisplayControl] Exit MCCSOtherSet::GetVCP()
2025/10/28 06:28:39.695 [T:0xdf063] [DisplayControl] Enter MCCSOtherSet::GetVCP(), vcp code = 220
2025/10/28 06:28:39.781 [T:0xdf063] [DisplayControl] Exit MCCSOtherSet::GetVCP()
2025/10/28 06:28:39.883 [T:0xdf063] [DisplayControl] Enter MCCSOtherSet::GetVCP(), vcp code = 43
2025/10/28 06:28:39.969 [T:0xdf063] [DisplayControl] Exit MCCSOtherSet::GetVCP()
2025/10/28 06:28:40.072 [T:0xdf063] [DisplayControl] Enter MCCSOtherSet::GetVCP(), vcp code = 4
2025/10/28 06:28:40.158 [T:0xdf063] [DisplayControl] Exit MCCSOtherSet::GetVCP()
2025/10/28 06:28:40.260 [T:0xdf063] [DisplayControl] Enter MCCSOtherSet::GetVCP(), vcp code = 51
2025/10/28 06:28:40.346 [T:0xdf063] [DisplayControl] Exit MCCSOtherSet::GetVCP()
2025/10/28 06:28:40.449 [T:0xdf063] [DisplayControl] Enter MCCSOtherSet::GetVCP(), vcp code = 135
2025/10/28 06:28:40.535 [T:0xdf063] [DisplayControl] Exit MCCSOtherSet::GetVCP()
2025/10/28 06:28:40.637 [T:0xdf063] [DisplayControl] Enter MCCSOtherSet::GetVCP(), vcp code = 236
2025/10/28 06:28:40.723 [T:0xdf063] [DisplayControl] Exit MCCSOtherSet::GetVCP()
2025/10/28 06:28:40.825 [T:0xdf063] [DisplayControl] Enter MCCSOtherSet::GetVCP(), vcp code = 226
2025/10/28 06:28:40.912 [T:0xdf063] [DisplayControl] Exit MCCSOtherSet::GetVCP()
2025/10/28 06:28:41.014 [T:0xdf063] [DisplayControl] Enter MCCSOtherSet::GetVCP(), vcp code = 98
2025/10/28 06:28:41.100 [T:0xdf063] [DisplayControl] Exit MCCSOtherSet::GetVCP()
2025/10/28 06:28:41.202 [T:0xdf063] [DisplayControl] Enter MCCSOtherSet::GetVCP(), vcp code = 97
2025/10/28 06:28:41.288 [T:0xdf063] [DisplayControl] Exit MCCSOtherSet::GetVCP()
2025/10/28 06:28:41.390 [T:0xdf063] [DisplayControl] Enter MCCSOtherSet::GetVCP(), vcp code = 96
2025/10/28 06:28:41.477 [T:0xdf063] [DisplayControl] Exit MCCSOtherSet::GetVCP()
2025/10/28 06:28:41.579 [T:0xdf063] [DisplayControl] Enter MCCSOtherSet::GetVCP(), vcp code = 225
2025/10/28 06:28:41.665 [T:0xdf063] [DisplayControl] Exit MCCSOtherSet::GetVCP()
2025/10/28 06:29:47.394 [T:0xb2aa4] [DisplayControl] Enter MCCSOtherSet::GetVCP(), vcp code = 96
2025/10/28 06:29:47.488 [T:0xb2aa4] [DisplayControl] Exit MCCSOtherSet::GetVCP()
2025/10/28 06:29:47.727 [T:0xd6b9f] [DisplayControl] Enter MCCSOtherSet::GetVCP(), vcp code = 16
2025/10/28 06:29:47.814 [T:0xd6b9f] [DisplayControl] Exit MCCSOtherSet::GetVCP()
2025/10/28 06:29:47.927 [T:0xd6b9f] [DisplayControl] Enter MCCSOtherSet::GetVCP(), vcp code = 141
2025/10/28 06:29:48.013 [T:0xd6b9f] [DisplayControl] Exit MCCSOtherSet::GetVCP()
2025/10/28 06:29:48.115 [T:0xd6b9f] [DisplayControl] Enter MCCSOtherSet::GetVCP(), vcp code = 18
2025/10/28 06:29:48.201 [T:0xd6b9f] [DisplayControl] Exit MCCSOtherSet::GetVCP()
2025/10/28 06:29:48.304 [T:0xd6b9f] [DisplayControl] Enter MCCSOtherSet::GetVCP(), vcp code = 220
2025/10/28 06:29:48.389 [T:0xd6b9f] [DisplayControl] Exit MCCSOtherSet::GetVCP()
2025/10/28 06:29:48.492 [T:0xd6b9f] [DisplayControl] Enter MCCSOtherSet::GetVCP(), vcp code = 43
2025/10/28 06:29:48.578 [T:0xd6b9f] [DisplayControl] Exit MCCSOtherSet::GetVCP()
2025/10/28 06:29:48.680 [T:0xd6b9f] [DisplayControl] Enter MCCSOtherSet::GetVCP(), vcp code = 4
2025/10/28 06:29:48.766 [T:0xd6b9f] [DisplayControl] Exit MCCSOtherSet::GetVCP()
2025/10/28 06:29:48.869 [T:0xd6b9f] [DisplayControl] Enter MCCSOtherSet::GetVCP(), vcp code = 51
2025/10/28 06:29:48.954 [T:0xd6b9f] [DisplayControl] Exit MCCSOtherSet::GetVCP()
2025/10/28 06:29:49.057 [T:0xd6b9f] [DisplayControl] Enter MCCSOtherSet::GetVCP(), vcp code = 135
2025/10/28 06:29:49.142 [T:0xd6b9f] [DisplayControl] Exit MCCSOtherSet::GetVCP()
2025/10/28 06:29:49.245 [T:0xd6b9f] [DisplayControl] Enter MCCSOtherSet::GetVCP(), vcp code = 236
2025/10/28 06:29:49.331 [T:0xd6b9f] [DisplayControl] Exit MCCSOtherSet::GetVCP()
2025/10/28 06:29:49.433 [T:0xd6b9f] [DisplayControl] Enter MCCSOtherSet::GetVCP(), vcp code = 226
2025/10/28 06:29:49.519 [T:0xd6b9f] [DisplayControl] Exit MCCSOtherSet::GetVCP()
2025/10/28 06:29:49.621 [T:0xd6b9f] [DisplayControl] Enter MCCSOtherSet::GetVCP(), vcp code = 98
2025/10/28 06:29:49.707 [T:0xd6b9f] [DisplayControl] Exit MCCSOtherSet::GetVCP()
2025/10/28 06:29:49.810 [T:0xd6b9f] [DisplayControl] Enter MCCSOtherSet::GetVCP(), vcp code = 97
2025/10/28 06:29:49.896 [T:0xd6b9f] [DisplayControl] Exit MCCSOtherSet::GetVCP()
2025/10/28 06:29:49.997 [T:0xd6b9f] [DisplayControl] Enter MCCSOtherSet::GetVCP(), vcp code = 96
2025/10/28 06:29:50.083 [T:0xd6b9f] [DisplayControl] Exit MCCSOtherSet::GetVCP()
2025/10/28 06:29:50.186 [T:0xd6b9f] [DisplayControl] Enter MCCSOtherSet::GetVCP(), vcp code = 225
2025/10/28 06:29:50.271 [T:0xd6b9f] [DisplayControl] Exit MCCSOtherSet::GetVCP()
2025/10/28 06:30:04.198 [T:0xd6b9f] [DisplayControl] Enter MCCSOtherSet::SetVCP(), vcp code = 4
2025/10/28 06:30:05.139 [T:0xd6b9f] [DisplayControl] Exit MCCSOtherSet::SetVCP()
2025/10/28 06:30:10.262 [T:0xd6b9f] [DisplayControl] Enter OperationThread::ExitThread
2025/10/28 06:30:10.262 [T:0xd6b9f] [DisplayControl] Exit OperationThread::ExitThread
2025/10/28 06:30:10.262 [T:0xd6b9f] [DisplayControl] Enter OperationThread::~OperationThread()
2025/10/28 06:30:10.262 [T:0xd6b9f] [DisplayControl] Enter OperationThread::ExitThread
2025/10/28 06:30:10.262 [T:0xd6b9f] [DisplayControl] Enter OperationThread::ExitThread
2025/10/28 06:30:10.263 [T:0xd6b9f] [DisplayControl] Exit OperationThread::ExitThread
2025/10/28 06:30:10.263 [T:0xd6b9f] [DisplayControl] Enter OperationThread::~OperationThread()
2025/10/28 06:30:10.263 [T:0xd6b9f] [DisplayControl] Enter OperationThread::ExitThread
2025/10/28 06:30:10.287 [T:0xd6b9f] [DbgStr] After calling display_control_client_listener_video_port_.UpdateAllDisplayPath()
2025/10/28 06:30:10.303 [T:0xd6b9f] [DbgStr] After calling display_control_client_listener_.GetAllDisplayEDID()
2025/10/28 06:30:10.305 [T:0xd6b9f] [DisplayControl] Version = 3.0.6.0
2025/10/28 06:30:10.305 [T:0xd6b9f] [DisplayControl] Enter ObtainControlHandler1
2025/10/28 06:30:10.305 [T:0xd6b9f] [DisplayControl] GetVideoPortCommander
2025/10/28 06:30:10.305 [T:0xd6b9f] [DisplayControl] GetUSBHubCommander
2025/10/28 06:30:10.305 [T:0xd6b9f] ====== List p_lpo_display_info_video_port, # of devices is ======2
2025/10/28 06:30:10.305 [T:0xd6b9f] [DisplayControl] index of p_lpo_display_info_video_port0
2025/10/28 06:30:10.305 [T:0xd6b9f] [DisplayControl] Model name from VideoPort = VG2458
2025/10/28 06:30:10.305 [T:0xd6b9f] [DisplayControl] SN from VideoPort = YDJ243400006
2025/10/28 06:30:10.305 [T:0xd6b9f] [DisplayControl] index of p_lpo_display_info_video_port1
2025/10/28 06:30:10.306 [T:0xd6b9f] [DisplayControl] Model name from VideoPort = VG275
2025/10/28 06:30:10.306 [T:0xd6b9f] [DisplayControl] SN from VideoPort = XF6232400003
2025/10/28 06:30:10.306 [T:0xd6b9f] ====== List p_lpo_display_info_rtd_scalar_rts_hub, # of devices is ======0
2025/10/28 06:30:10.306 [T:0xd6b9f] [DisplayControl] GetVSRtkHubControlClientListener
2025/10/28 06:30:10.306 [T:0xd6b9f] [DisplayControl] max monitor count = 2
2025/10/28 06:30:10.306 [T:0xd6b9f] [DisplayControl] index of display_info_vec = 0
2025/10/28 06:30:10.306 [T:0xd6b9f] [DisplayControl] index of p_lpo_display_info_video_port = 0
2025/10/28 06:30:10.306 [T:0xd6b9f] [DisplayControl] VideoPortMatchingRule
2025/10/28 06:30:10.306 [T:0xd6b9f] [DisplayControl] monitor display_info_model_name = VG2458
2025/10/28 06:30:10.306 [T:0xd6b9f] [DisplayControl] monitor video_port_model_name = VG2458
2025/10/28 06:30:10.306 [T:0xd6b9f] [DisplayControl] monitor display_info_sn = YDJ243400006
2025/10/28 06:30:10.306 [T:0xd6b9f] [DisplayControl] monitor video_port_sn = YDJ243400006
2025/10/28 06:30:10.306 [T:0xd6b9f] [DisplayControl] model_name_match = 1
2025/10/28 06:30:10.306 [T:0xd6b9f] [DisplayControl] sn_match = 1
2025/10/28 06:30:10.306 [T:0xd6b9f] [DisplayControl] video_port is_match = 1
2025/10/28 06:30:10.306 [T:0xd6b9f] [DisplayControl] index of display_info_vec = 1
2025/10/28 06:30:10.306 [T:0xd6b9f] [DisplayControl] index of p_lpo_display_info_video_port = 0
2025/10/28 06:30:10.306 [T:0xd6b9f] [DisplayControl] VideoPortMatchingRule
2025/10/28 06:30:10.306 [T:0xd6b9f] [DisplayControl] monitor display_info_model_name = VG275
2025/10/28 06:30:10.306 [T:0xd6b9f] [DisplayControl] monitor video_port_model_name = VG2458
2025/10/28 06:30:10.306 [T:0xd6b9f] [DisplayControl] monitor display_info_sn = XF6232400003
2025/10/28 06:30:10.306 [T:0xd6b9f] [DisplayControl] monitor video_port_sn = YDJ243400006
2025/10/28 06:30:10.306 [T:0xd6b9f] [DisplayControl] model_name_match = 0
2025/10/28 06:30:10.306 [T:0xd6b9f] [DisplayControl] sn_match = 0
2025/10/28 06:30:10.306 [T:0xd6b9f] [DisplayControl] video_port is_match = 0
2025/10/28 06:30:10.306 [T:0xd6b9f] [DisplayControl] index of display_info_vec = 1
2025/10/28 06:30:10.306 [T:0xd6b9f] [DisplayControl] index of p_lpo_display_info_video_port = 1
2025/10/28 06:30:10.307 [T:0xd6b9f] [DisplayControl] VideoPortMatchingRule
2025/10/28 06:30:10.307 [T:0xd6b9f] [DisplayControl] monitor display_info_model_name = VG275
2025/10/28 06:30:10.307 [T:0xd6b9f] [DisplayControl] monitor video_port_model_name = VG275
2025/10/28 06:30:10.307 [T:0xd6b9f] [DisplayControl] monitor display_info_sn = XF6232400003
2025/10/28 06:30:10.307 [T:0xd6b9f] [DisplayControl] monitor video_port_sn = XF6232400003
2025/10/28 06:30:10.307 [T:0xd6b9f] [DisplayControl] model_name_match = 1
2025/10/28 06:30:10.307 [T:0xd6b9f] [DisplayControl] sn_match = 1
2025/10/28 06:30:10.307 [T:0xd6b9f] [DisplayControl] video_port is_match = 1
2025/10/28 06:30:10.307 [T:0xd6b9f] [DisplayControl] i = 0
2025/10/28 06:30:10.307 [T:0xd6b9f] [DisplayControl] Enter OperationThread::OperationThread()
2025/10/28 06:30:10.307 [T:0xd6b9f] [DisplayControl] Enter OperationThread::CreateThread
2025/10/28 06:30:10.307 [T:0xd6b9f] [DisplayControl] new DisplayFunctioner
2025/10/28 06:30:10.307 [T:0xd6b9f] [DisplayControl] insert displayer_vector
2025/10/28 06:30:10.307 [T:0xd6b9f] [DisplayControl] insert modelName_SN_to_Display_map
2025/10/28 06:30:10.307 [T:0xd6b9f] [DisplayControl] insert device_id_to_Displayer_map_
2025/10/28 06:30:10.307 [T:0xd6b9f] [DisplayControl] i = 1
2025/10/28 06:30:10.307 [T:0xd6b9f] [DisplayControl] Enter OperationThread::OperationThread()
2025/10/28 06:30:10.307 [T:0xd6b9f] [DisplayControl] Enter OperationThread::CreateThread
2025/10/28 06:30:10.307 [T:0xd6b9f] [DisplayControl] new DisplayFunctioner
2025/10/28 06:30:10.307 [T:0xd6b9f] [DisplayControl] insert displayer_vector
2025/10/28 06:30:10.307 [T:0xd6b9f] [DisplayControl] insert modelName_SN_to_Display_map
2025/10/28 06:30:10.307 [T:0xd6b9f] [DisplayControl] insert device_id_to_Displayer_map_
2025/10/28 06:30:10.307 [T:0xd6b9f] [DisplayControl] monitor size = 2
2025/10/28 06:30:10.307 [T:0xd6b9f] [DisplayControl] Exit ObtainControlHandler
2025/10/28 06:30:10.308 [T:0xd6b9f] [DisplayControl] Enter MCCSOtherSet::GetVCP(), vcp code = 16
2025/10/28 06:30:10.394 [T:0xd6b9f] [DisplayControl] Exit MCCSOtherSet::GetVCP()
2025/10/28 06:30:10.395 [T:0xd6b9f] [DisplayControl] Enter MCCSOtherSet::GetVCP(), vcp code = 16
2025/10/28 06:30:10.469 [T:0xd6b9f] [DisplayControl] Exit MCCSOtherSet::GetVCP()
2025/10/28 06:30:10.575 [T:0xd6b9f] [DisplayControl] Enter MCCSOtherSet::GetVCP(), vcp code = 141
2025/10/28 06:30:10.657 [T:0xd6b9f] [DisplayControl] Exit MCCSOtherSet::GetVCP()
2025/10/28 06:30:10.764 [T:0xd6b9f] [DisplayControl] Enter MCCSOtherSet::GetVCP(), vcp code = 20
2025/10/28 06:30:10.846 [T:0xd6b9f] [DisplayControl] Exit MCCSOtherSet::GetVCP()
2025/10/28 06:30:10.952 [T:0xd6b9f] [DisplayControl] Enter MCCSOtherSet::GetVCP(), vcp code = 18
2025/10/28 06:30:11.034 [T:0xd6b9f] [DisplayControl] Exit MCCSOtherSet::GetVCP()
2025/10/28 06:30:11.140 [T:0xd6b9f] [DisplayControl] Enter MCCSOtherSet::GetVCP(), vcp code = 220
2025/10/28 06:30:11.223 [T:0xd6b9f] [DisplayControl] Exit MCCSOtherSet::GetVCP()
2025/10/28 06:30:11.329 [T:0xd6b9f] [DisplayControl] Enter MCCSOtherSet::GetVCP(), vcp code = 43
2025/10/28 06:30:11.410 [T:0xd6b9f] [DisplayControl] Exit MCCSOtherSet::GetVCP()
2025/10/28 06:30:11.517 [T:0xd6b9f] [DisplayControl] Enter MCCSOtherSet::GetVCP(), vcp code = 4
2025/10/28 06:30:11.599 [T:0xd6b9f] [DisplayControl] Exit MCCSOtherSet::GetVCP()
2025/10/28 06:30:11.705 [T:0xd6b9f] [DisplayControl] Enter MCCSOtherSet::GetVCP(), vcp code = 51
2025/10/28 06:30:11.787 [T:0xd6b9f] [DisplayControl] Exit MCCSOtherSet::GetVCP()
2025/10/28 06:30:11.893 [T:0xd6b9f] [DisplayControl] Enter MCCSOtherSet::GetVCP(), vcp code = 135
2025/10/28 06:30:11.975 [T:0xd6b9f] [DisplayControl] Exit MCCSOtherSet::GetVCP()
2025/10/28 06:30:12.081 [T:0xd6b9f] [DisplayControl] Enter MCCSOtherSet::GetVCP(), vcp code = 98
2025/10/28 06:30:12.164 [T:0xd6b9f] [DisplayControl] Exit MCCSOtherSet::GetVCP()
2025/10/28 06:30:12.270 [T:0xd6b9f] [DisplayControl] Enter MCCSOtherSet::GetVCP(), vcp code = 97
2025/10/28 06:30:12.352 [T:0xd6b9f] [DisplayControl] Exit MCCSOtherSet::GetVCP()
2025/10/28 06:30:12.458 [T:0xd6b9f] [DisplayControl] Enter MCCSOtherSet::GetVCP(), vcp code = 245
2025/10/28 06:30:12.540 [T:0xd6b9f] [DisplayControl] Exit MCCSOtherSet::GetVCP()
2025/10/28 06:30:12.646 [T:0xd6b9f] [DisplayControl] Enter MCCSOtherSet::GetVCP(), vcp code = 96
2025/10/28 06:30:12.728 [T:0xd6b9f] [DisplayControl] Exit MCCSOtherSet::GetVCP()
2025/10/28 06:30:12.835 [T:0xd6b9f] [DisplayControl] Enter MCCSOtherSet::GetVCP(), vcp code = 225
2025/10/28 06:30:12.917 [T:0xd6b9f] [DisplayControl] Exit MCCSOtherSet::GetVCP()
2025/10/28 06:30:13.024 [T:0xd6b9f] [DisplayControl] Enter MCCSOtherSet::GetVCP(), vcp code = 16
2025/10/28 06:30:13.110 [T:0xd6b9f] [DisplayControl] Exit MCCSOtherSet::GetVCP()
2025/10/28 06:30:13.212 [T:0xd6b9f] [DisplayControl] Enter MCCSOtherSet::GetVCP(), vcp code = 141
2025/10/28 06:30:13.298 [T:0xd6b9f] [DisplayControl] Exit MCCSOtherSet::GetVCP()
2025/10/28 06:30:13.400 [T:0xd6b9f] [DisplayControl] Enter MCCSOtherSet::GetVCP(), vcp code = 18
2025/10/28 06:30:13.486 [T:0xd6b9f] [DisplayControl] Exit MCCSOtherSet::GetVCP()
2025/10/28 06:30:13.588 [T:0xd6b9f] [DisplayControl] Enter MCCSOtherSet::GetVCP(), vcp code = 220
2025/10/28 06:30:13.675 [T:0xd6b9f] [DisplayControl] Exit MCCSOtherSet::GetVCP()
2025/10/28 06:30:13.776 [T:0xd6b9f] [DisplayControl] Enter MCCSOtherSet::GetVCP(), vcp code = 43
2025/10/28 06:30:13.862 [T:0xd6b9f] [DisplayControl] Exit MCCSOtherSet::GetVCP()
2025/10/28 06:30:13.965 [T:0xd6b9f] [DisplayControl] Enter MCCSOtherSet::GetVCP(), vcp code = 4
2025/10/28 06:30:14.051 [T:0xd6b9f] [DisplayControl] Exit MCCSOtherSet::GetVCP()
2025/10/28 06:30:14.153 [T:0xd6b9f] [DisplayControl] Enter MCCSOtherSet::GetVCP(), vcp code = 51
2025/10/28 06:30:14.239 [T:0xd6b9f] [DisplayControl] Exit MCCSOtherSet::GetVCP()
2025/10/28 06:30:14.341 [T:0xd6b9f] [DisplayControl] Enter MCCSOtherSet::GetVCP(), vcp code = 135
2025/10/28 06:30:14.427 [T:0xd6b9f] [DisplayControl] Exit MCCSOtherSet::GetVCP()
2025/10/28 06:30:14.530 [T:0xd6b9f] [DisplayControl] Enter MCCSOtherSet::GetVCP(), vcp code = 236
2025/10/28 06:30:14.616 [T:0xd6b9f] [DisplayControl] Exit MCCSOtherSet::GetVCP()
2025/10/28 06:30:14.718 [T:0xd6b9f] [DisplayControl] Enter MCCSOtherSet::GetVCP(), vcp code = 226
2025/10/28 06:30:14.804 [T:0xd6b9f] [DisplayControl] Exit MCCSOtherSet::GetVCP()
2025/10/28 06:30:14.906 [T:0xd6b9f] [DisplayControl] Enter MCCSOtherSet::GetVCP(), vcp code = 98
2025/10/28 06:30:14.992 [T:0xd6b9f] [DisplayControl] Exit MCCSOtherSet::GetVCP()
2025/10/28 06:30:15.094 [T:0xd6b9f] [DisplayControl] Enter MCCSOtherSet::GetVCP(), vcp code = 97
2025/10/28 06:30:15.180 [T:0xd6b9f] [DisplayControl] Exit MCCSOtherSet::GetVCP()
2025/10/28 06:30:15.282 [T:0xd6b9f] [DisplayControl] Enter MCCSOtherSet::GetVCP(), vcp code = 96
2025/10/28 06:30:15.368 [T:0xd6b9f] [DisplayControl] Exit MCCSOtherSet::GetVCP()
2025/10/28 06:30:15.470 [T:0xd6b9f] [DisplayControl] Enter MCCSOtherSet::GetVCP(), vcp code = 225
2025/10/28 06:30:15.557 [T:0xd6b9f] [DisplayControl] Exit MCCSOtherSet::GetVCP()
