2025/11/04 05:01:38.068 [T:0xfa94e] [DisplayControl] Enter ObtainControlHandler1
2025/11/04 05:01:38.069 [T:0xfa94e] [DisplayControl] GetVideoPortCommander
2025/11/04 05:01:38.069 [T:0xfa94e] [DisplayControl] GetUSBHubCommander
2025/11/04 05:01:38.069 [T:0xfa94e] ====== List p_lpo_display_info_video_port, # of devices is ======2
2025/11/04 05:01:38.069 [T:0xfa94e] [DisplayControl] index of p_lpo_display_info_video_port0
2025/11/04 05:01:38.069 [T:0xfa94e] [DisplayControl] Model name from VideoPort = VG2458
2025/11/04 05:01:38.069 [T:0xfa94e] [DisplayControl] SN from VideoPort = YDJ243400006
2025/11/04 05:01:38.070 [T:0xfa94e] [DisplayControl] index of p_lpo_display_info_video_port1
2025/11/04 05:01:38.070 [T:0xfa94e] [DisplayControl] Model name from VideoPort = VG275
2025/11/04 05:01:38.070 [T:0xfa94e] [DisplayControl] SN from VideoPort = XF6232400003
2025/11/04 05:01:38.070 [T:0xfa94e] ====== List p_lpo_display_info_rtd_scalar_rts_hub, # of devices is ======0
2025/11/04 05:01:38.070 [T:0xfa94e] [DisplayControl] GetVSRtkHubControlClientListener
2025/11/04 05:01:38.070 [T:0xfa94e] [DisplayControl] max monitor count = 2
2025/11/04 05:01:38.070 [T:0xfa94e] [DisplayControl] index of display_info_vec = 0
2025/11/04 05:01:38.071 [T:0xfa94e] [DisplayControl] index of p_lpo_display_info_video_port = 0
2025/11/04 05:01:38.071 [T:0xfa94e] [DisplayControl] VideoPortMatchingRule
2025/11/04 05:01:38.071 [T:0xfa94e] [DisplayControl] monitor display_info_model_name = VG2458
2025/11/04 05:01:38.071 [T:0xfa94e] [DisplayControl] monitor video_port_model_name = VG2458
2025/11/04 05:01:38.071 [T:0xfa94e] [DisplayControl] monitor display_info_sn = YDJ243400006
2025/11/04 05:01:38.071 [T:0xfa94e] [DisplayControl] monitor video_port_sn = YDJ243400006
2025/11/04 05:01:38.071 [T:0xfa94e] [DisplayControl] model_name_match = 1
2025/11/04 05:01:38.071 [T:0xfa94e] [DisplayControl] sn_match = 1
2025/11/04 05:01:38.071 [T:0xfa94e] [DisplayControl] video_port is_match = 1
2025/11/04 05:01:38.071 [T:0xfa94e] [DisplayControl] index of display_info_vec = 1
2025/11/04 05:01:38.071 [T:0xfa94e] [DisplayControl] index of p_lpo_display_info_video_port = 0
2025/11/04 05:01:38.071 [T:0xfa94e] [DisplayControl] VideoPortMatchingRule
2025/11/04 05:01:38.071 [T:0xfa94e] [DisplayControl] monitor display_info_model_name = VG275
2025/11/04 05:01:38.071 [T:0xfa94e] [DisplayControl] monitor video_port_model_name = VG2458
2025/11/04 05:01:38.071 [T:0xfa94e] [DisplayControl] monitor display_info_sn = XF6232400003
2025/11/04 05:01:38.071 [T:0xfa94e] [DisplayControl] monitor video_port_sn = YDJ243400006
2025/11/04 05:01:38.071 [T:0xfa94e] [DisplayControl] model_name_match = 0
2025/11/04 05:01:38.071 [T:0xfa94e] [DisplayControl] sn_match = 0
2025/11/04 05:01:38.071 [T:0xfa94e] [DisplayControl] video_port is_match = 0
2025/11/04 05:01:38.071 [T:0xfa94e] [DisplayControl] index of display_info_vec = 1
2025/11/04 05:01:38.071 [T:0xfa94e] [DisplayControl] index of p_lpo_display_info_video_port = 1
2025/11/04 05:01:38.071 [T:0xfa94e] [DisplayControl] VideoPortMatchingRule
2025/11/04 05:01:38.071 [T:0xfa94e] [DisplayControl] monitor display_info_model_name = VG275
2025/11/04 05:01:38.071 [T:0xfa94e] [DisplayControl] monitor video_port_model_name = VG275
2025/11/04 05:01:38.071 [T:0xfa94e] [DisplayControl] monitor display_info_sn = XF6232400003
2025/11/04 05:01:38.071 [T:0xfa94e] [DisplayControl] monitor video_port_sn = XF6232400003
2025/11/04 05:01:38.071 [T:0xfa94e] [DisplayControl] model_name_match = 1
2025/11/04 05:01:38.071 [T:0xfa94e] [DisplayControl] sn_match = 1
2025/11/04 05:01:38.072 [T:0xfa94e] [DisplayControl] video_port is_match = 1
2025/11/04 05:01:38.072 [T:0xfa94e] [DisplayControl] i = 0
2025/11/04 05:01:38.072 [T:0xfa94e] [DisplayControl] Enter OperationThread::OperationThread()
2025/11/04 05:01:38.072 [T:0xfa94e] [DisplayControl] Enter OperationThread::CreateThread
2025/11/04 05:01:38.072 [T:0xfa94e] [DisplayControl] new DisplayFunctioner
2025/11/04 05:01:38.072 [T:0xfa94e] [DisplayControl] insert displayer_vector
2025/11/04 05:01:38.072 [T:0xfa94e] [DisplayControl] insert modelName_SN_to_Display_map
2025/11/04 05:01:38.072 [T:0xfa94e] [DisplayControl] insert device_id_to_Displayer_map_
2025/11/04 05:01:38.072 [T:0xfa94e] [DisplayControl] i = 1
2025/11/04 05:01:38.072 [T:0xfa94e] [DisplayControl] Enter OperationThread::OperationThread()
2025/11/04 05:01:38.072 [T:0xfa94e] [DisplayControl] Enter OperationThread::CreateThread
2025/11/04 05:01:38.072 [T:0xfa94e] [DisplayControl] new DisplayFunctioner
2025/11/04 05:01:38.072 [T:0xfa94e] [DisplayControl] insert displayer_vector
2025/11/04 05:01:38.072 [T:0xfa94e] [DisplayControl] insert modelName_SN_to_Display_map
2025/11/04 05:01:38.072 [T:0xfa94e] [DisplayControl] insert device_id_to_Displayer_map_
2025/11/04 05:01:38.072 [T:0xfa94e] [DisplayControl] monitor size = 2
2025/11/04 05:01:38.072 [T:0xfa94e] [DisplayControl] Exit ObtainControlHandler
2025/11/04 05:01:38.073 [T:0xfa94e] [DisplayControl] Enter MCCSOtherSet::GetVCP(), vcp code = 96
2025/11/04 05:01:38.158 [T:0xfa94e] [DisplayControl] Exit MCCSOtherSet::GetVCP()
2025/11/04 05:01:38.500 [T:0xfa94e] [DisplayControl] Enter MCCSOtherSet::GetVCP(), vcp code = 96
2025/11/04 05:01:38.610 [T:0xfa94e] [DisplayControl] Exit MCCSOtherSet::GetVCP()
2025/11/04 05:01:39.007 [T:0xfa94e] [DisplayControl] Enter MCCSOtherSet::SetVCP(), vcp code = 51
2025/11/04 05:01:39.180 [T:0xfa94e] [DisplayControl] Exit MCCSOtherSet::SetVCP()
2025/11/04 05:01:39.181 [T:0xfa94e] [DisplayControl] Enter MCCSOtherSet::SetVCP(), vcp code = 51
2025/11/04 05:01:39.364 [T:0xfa94e] [DisplayControl] Exit MCCSOtherSet::SetVCP()
2025/11/04 05:01:39.366 [T:0xfa94e] [DisplayControl] Enter MCCSOtherSet::GetVCP(), vcp code = 18
2025/11/04 05:01:39.499 [T:0xfa94e] [DisplayControl] Exit MCCSOtherSet::GetVCP()
2025/11/04 05:01:39.615 [T:0xfa94e] [DisplayControl] Enter MCCSOtherSet::GetVCP(), vcp code = 51
2025/11/04 05:01:39.750 [T:0xfa94e] [DisplayControl] Exit MCCSOtherSet::GetVCP()
2025/11/04 05:01:39.866 [T:0xfa94e] [DisplayControl] Enter MCCSOtherSet::GetVCP(), vcp code = 225
2025/11/04 05:01:40.001 [T:0xfa94e] [DisplayControl] Exit MCCSOtherSet::GetVCP()
2025/11/04 05:01:40.117 [T:0xfa94e] [DisplayControl] Enter MCCSOtherSet::GetVCP(), vcp code = 16
2025/11/04 05:01:40.230 [T:0xfa94e] [DisplayControl] Exit MCCSOtherSet::GetVCP()
2025/11/04 05:01:40.337 [T:0xfa94e] [DisplayControl] Enter MCCSOtherSet::GetVCP(), vcp code = 141
2025/11/04 05:01:40.418 [T:0xfa94e] [DisplayControl] Exit MCCSOtherSet::GetVCP()
2025/11/04 05:01:40.525 [T:0xfa94e] [DisplayControl] Enter MCCSOtherSet::GetVCP(), vcp code = 20
2025/11/04 05:01:40.607 [T:0xfa94e] [DisplayControl] Exit MCCSOtherSet::GetVCP()
2025/11/04 05:01:40.714 [T:0xfa94e] [DisplayControl] Enter MCCSOtherSet::GetVCP(), vcp code = 98
2025/11/04 05:01:40.802 [T:0xfa94e] [DisplayControl] Exit MCCSOtherSet::GetVCP()
2025/11/04 05:01:40.918 [T:0xfa94e] [DisplayControl] Enter MCCSOtherSet::GetVCP(), vcp code = 4
2025/11/04 05:01:41.052 [T:0xfa94e] [DisplayControl] Exit MCCSOtherSet::GetVCP()
2025/11/04 05:01:41.169 [T:0xfa94e] [DisplayControl] Enter MCCSOtherSet::GetVCP(), vcp code = 43
2025/11/04 05:01:41.266 [T:0xfa94e] [DisplayControl] Exit MCCSOtherSet::GetVCP()
2025/11/04 05:01:41.373 [T:0xfa94e] [DisplayControl] Enter MCCSOtherSet::GetVCP(), vcp code = 245
2025/11/04 05:01:41.509 [T:0xfa94e] [DisplayControl] Exit MCCSOtherSet::GetVCP()
2025/11/04 05:01:41.624 [T:0xfa94e] [DisplayControl] Enter MCCSOtherSet::GetVCP(), vcp code = 135
2025/11/04 05:01:41.776 [T:0xfa94e] [DisplayControl] Exit MCCSOtherSet::GetVCP()
2025/11/04 05:01:41.892 [T:0xfa94e] [DisplayControl] Enter MCCSOtherSet::GetVCP(), vcp code = 96
2025/11/04 05:01:42.012 [T:0xfa94e] [DisplayControl] Exit MCCSOtherSet::GetVCP()
2025/11/04 05:01:42.127 [T:0xfa94e] [DisplayControl] Enter MCCSOtherSet::GetVCP(), vcp code = 220
2025/11/04 05:01:42.259 [T:0xfa94e] [DisplayControl] Exit MCCSOtherSet::GetVCP()
2025/11/04 05:01:42.362 [T:0xfa94e] [DisplayControl] Enter MCCSOtherSet::GetVCP(), vcp code = 97
2025/11/04 05:01:42.498 [T:0xfa94e] [DisplayControl] Exit MCCSOtherSet::GetVCP()
2025/11/04 05:01:42.614 [T:0xfa94e] [DisplayControl] Enter MCCSOtherSet::GetVCP(), vcp code = 18
2025/11/04 05:01:42.739 [T:0xfa94e] [DisplayControl] Exit MCCSOtherSet::GetVCP()
2025/11/04 05:01:42.848 [T:0xfa94e] [DisplayControl] Enter MCCSOtherSet::GetVCP(), vcp code = 51
2025/11/04 05:01:42.986 [T:0xfa94e] [DisplayControl] Exit MCCSOtherSet::GetVCP()
2025/11/04 05:01:43.100 [T:0xfa94e] [DisplayControl] Enter MCCSOtherSet::GetVCP(), vcp code = 225
2025/11/04 05:01:43.241 [T:0xfa94e] [DisplayControl] Exit MCCSOtherSet::GetVCP()
2025/11/04 05:01:43.351 [T:0xfa94e] [DisplayControl] Enter MCCSOtherSet::GetVCP(), vcp code = 16
2025/11/04 05:01:43.468 [T:0xfa94e] [DisplayControl] Exit MCCSOtherSet::GetVCP()
2025/11/04 05:01:43.571 [T:0xfa94e] [DisplayControl] Enter MCCSOtherSet::GetVCP(), vcp code = 141
2025/11/04 05:01:43.692 [T:0xfa94e] [DisplayControl] Exit MCCSOtherSet::GetVCP()
2025/11/04 05:01:43.807 [T:0xfa94e] [DisplayControl] Enter MCCSOtherSet::GetVCP(), vcp code = 98
2025/11/04 05:01:43.931 [T:0xfa94e] [DisplayControl] Exit MCCSOtherSet::GetVCP()
2025/11/04 05:01:44.041 [T:0xfa94e] [DisplayControl] Enter MCCSOtherSet::GetVCP(), vcp code = 4
2025/11/04 05:01:44.189 [T:0xfa94e] [DisplayControl] Exit MCCSOtherSet::GetVCP()
2025/11/04 05:01:44.293 [T:0xfa94e] [DisplayControl] Enter MCCSOtherSet::GetVCP(), vcp code = 43
2025/11/04 05:01:44.418 [T:0xfa94e] [DisplayControl] Exit MCCSOtherSet::GetVCP()
2025/11/04 05:01:44.528 [T:0xfa94e] [DisplayControl] Enter MCCSOtherSet::GetVCP(), vcp code = 236
2025/11/04 05:01:44.671 [T:0xfa94e] [DisplayControl] Exit MCCSOtherSet::GetVCP()
2025/11/04 05:01:44.779 [T:0xfa94e] [DisplayControl] Enter MCCSOtherSet::GetVCP(), vcp code = 135
2025/11/04 05:01:44.921 [T:0xfa94e] [DisplayControl] Exit MCCSOtherSet::GetVCP()
2025/11/04 05:01:45.030 [T:0xfa94e] [DisplayControl] Enter MCCSOtherSet::GetVCP(), vcp code = 96
2025/11/04 05:01:45.171 [T:0xfa94e] [DisplayControl] Exit MCCSOtherSet::GetVCP()
2025/11/04 05:01:45.281 [T:0xfa94e] [DisplayControl] Enter MCCSOtherSet::GetVCP(), vcp code = 226
2025/11/04 05:01:45.376 [T:0xfa94e] [DisplayControl] Exit MCCSOtherSet::GetVCP()
2025/11/04 05:01:45.485 [T:0xfa94e] [DisplayControl] Enter MCCSOtherSet::GetVCP(), vcp code = 220
2025/11/04 05:01:45.627 [T:0xfa94e] [DisplayControl] Exit MCCSOtherSet::GetVCP()
2025/11/04 05:01:45.737 [T:0xfa94e] [DisplayControl] Enter MCCSOtherSet::GetVCP(), vcp code = 97
2025/11/04 05:01:45.878 [T:0xfa94e] [DisplayControl] Exit MCCSOtherSet::GetVCP()
2025/11/04 05:01:46.015 [T:0xfa94e] [DisplayControl] Enter MCCSOtherSet::GetVCP(), vcp code = 96
2025/11/04 05:01:46.123 [T:0xfa94e] [DisplayControl] Exit MCCSOtherSet::GetVCP()
2025/11/04 05:01:46.125 [T:0xfa94e] [DisplayControl] Enter MCCSOtherSet::GetVCP(), vcp code = 96
2025/11/04 05:01:46.264 [T:0xfa94e] [DisplayControl] Exit MCCSOtherSet::GetVCP()
2025/11/04 05:01:46.933 [T:0x4dcb0] [DisplayControl] Enter MCCSOtherSet::SetVCP(), vcp code = 51
2025/11/04 05:01:47.091 [T:0x4dcb0] [DisplayControl] Exit MCCSOtherSet::SetVCP()
2025/11/04 05:02:25.669 [T:0x09a5a] [DisplayControl] Enter MCCSOtherSet::SetVCP(), vcp code = 4
2025/11/04 05:02:26.605 [T:0x09a5a] [DisplayControl] Exit MCCSOtherSet::SetVCP()
2025/11/04 05:02:31.718 [T:0x09a5a] [DisplayControl] Enter OperationThread::ExitThread
2025/11/04 05:02:31.718 [T:0x09a5a] [DisplayControl] Exit OperationThread::ExitThread
2025/11/04 05:02:31.718 [T:0x09a5a] [DisplayControl] Enter OperationThread::~OperationThread()
2025/11/04 05:02:31.718 [T:0x09a5a] [DisplayControl] Enter OperationThread::ExitThread
2025/11/04 05:02:31.718 [T:0x09a5a] [DisplayControl] Enter OperationThread::ExitThread
2025/11/04 05:02:31.718 [T:0x09a5a] [DisplayControl] Exit OperationThread::ExitThread
2025/11/04 05:02:31.718 [T:0x09a5a] [DisplayControl] Enter OperationThread::~OperationThread()
2025/11/04 05:02:31.718 [T:0x09a5a] [DisplayControl] Enter OperationThread::ExitThread
2025/11/04 05:02:31.742 [T:0x09a5a] [DbgStr] After calling display_control_client_listener_video_port_.UpdateAllDisplayPath()
2025/11/04 05:02:31.760 [T:0x09a5a] [DbgStr] After calling display_control_client_listener_.GetAllDisplayEDID()
2025/11/04 05:02:31.762 [T:0x09a5a] [DisplayControl] Version = 3.0.6.0
2025/11/04 05:02:31.762 [T:0x09a5a] [DisplayControl] Enter ObtainControlHandler1
2025/11/04 05:02:31.762 [T:0x09a5a] [DisplayControl] GetVideoPortCommander
2025/11/04 05:02:31.762 [T:0x09a5a] [DisplayControl] GetUSBHubCommander
2025/11/04 05:02:31.762 [T:0x09a5a] ====== List p_lpo_display_info_video_port, # of devices is ======2
2025/11/04 05:02:31.762 [T:0x09a5a] [DisplayControl] index of p_lpo_display_info_video_port0
2025/11/04 05:02:31.762 [T:0x09a5a] [DisplayControl] Model name from VideoPort = VG2458
2025/11/04 05:02:31.762 [T:0x09a5a] [DisplayControl] SN from VideoPort = YDJ243400006
2025/11/04 05:02:31.762 [T:0x09a5a] [DisplayControl] index of p_lpo_display_info_video_port1
2025/11/04 05:02:31.762 [T:0x09a5a] [DisplayControl] Model name from VideoPort = VG275
2025/11/04 05:02:31.763 [T:0x09a5a] [DisplayControl] SN from VideoPort = XF6232400003
2025/11/04 05:02:31.763 [T:0x09a5a] ====== List p_lpo_display_info_rtd_scalar_rts_hub, # of devices is ======0
2025/11/04 05:02:31.763 [T:0x09a5a] [DisplayControl] GetVSRtkHubControlClientListener
2025/11/04 05:02:31.763 [T:0x09a5a] [DisplayControl] max monitor count = 2
2025/11/04 05:02:31.763 [T:0x09a5a] [DisplayControl] index of display_info_vec = 0
2025/11/04 05:02:31.763 [T:0x09a5a] [DisplayControl] index of p_lpo_display_info_video_port = 0
2025/11/04 05:02:31.763 [T:0x09a5a] [DisplayControl] VideoPortMatchingRule
2025/11/04 05:02:31.763 [T:0x09a5a] [DisplayControl] monitor display_info_model_name = VG2458
2025/11/04 05:02:31.763 [T:0x09a5a] [DisplayControl] monitor video_port_model_name = VG2458
2025/11/04 05:02:31.763 [T:0x09a5a] [DisplayControl] monitor display_info_sn = YDJ243400006
2025/11/04 05:02:31.763 [T:0x09a5a] [DisplayControl] monitor video_port_sn = YDJ243400006
2025/11/04 05:02:31.763 [T:0x09a5a] [DisplayControl] model_name_match = 1
2025/11/04 05:02:31.763 [T:0x09a5a] [DisplayControl] sn_match = 1
2025/11/04 05:02:31.763 [T:0x09a5a] [DisplayControl] video_port is_match = 1
2025/11/04 05:02:31.763 [T:0x09a5a] [DisplayControl] index of display_info_vec = 1
2025/11/04 05:02:31.763 [T:0x09a5a] [DisplayControl] index of p_lpo_display_info_video_port = 0
2025/11/04 05:02:31.763 [T:0x09a5a] [DisplayControl] VideoPortMatchingRule
2025/11/04 05:02:31.763 [T:0x09a5a] [DisplayControl] monitor display_info_model_name = VG275
2025/11/04 05:02:31.763 [T:0x09a5a] [DisplayControl] monitor video_port_model_name = VG2458
2025/11/04 05:02:31.763 [T:0x09a5a] [DisplayControl] monitor display_info_sn = XF6232400003
2025/11/04 05:02:31.763 [T:0x09a5a] [DisplayControl] monitor video_port_sn = YDJ243400006
2025/11/04 05:02:31.763 [T:0x09a5a] [DisplayControl] model_name_match = 0
2025/11/04 05:02:31.763 [T:0x09a5a] [DisplayControl] sn_match = 0
2025/11/04 05:02:31.763 [T:0x09a5a] [DisplayControl] video_port is_match = 0
2025/11/04 05:02:31.763 [T:0x09a5a] [DisplayControl] index of display_info_vec = 1
2025/11/04 05:02:31.763 [T:0x09a5a] [DisplayControl] index of p_lpo_display_info_video_port = 1
2025/11/04 05:02:31.763 [T:0x09a5a] [DisplayControl] VideoPortMatchingRule
2025/11/04 05:02:31.764 [T:0x09a5a] [DisplayControl] monitor display_info_model_name = VG275
2025/11/04 05:02:31.764 [T:0x09a5a] [DisplayControl] monitor video_port_model_name = VG275
2025/11/04 05:02:31.764 [T:0x09a5a] [DisplayControl] monitor display_info_sn = XF6232400003
2025/11/04 05:02:31.764 [T:0x09a5a] [DisplayControl] monitor video_port_sn = XF6232400003
2025/11/04 05:02:31.764 [T:0x09a5a] [DisplayControl] model_name_match = 1
2025/11/04 05:02:31.764 [T:0x09a5a] [DisplayControl] sn_match = 1
2025/11/04 05:02:31.764 [T:0x09a5a] [DisplayControl] video_port is_match = 1
2025/11/04 05:02:31.764 [T:0x09a5a] [DisplayControl] i = 0
2025/11/04 05:02:31.764 [T:0x09a5a] [DisplayControl] Enter OperationThread::OperationThread()
2025/11/04 05:02:31.764 [T:0x09a5a] [DisplayControl] Enter OperationThread::CreateThread
2025/11/04 05:02:31.764 [T:0x09a5a] [DisplayControl] new DisplayFunctioner
2025/11/04 05:02:31.764 [T:0x09a5a] [DisplayControl] insert displayer_vector
2025/11/04 05:02:31.764 [T:0x09a5a] [DisplayControl] insert modelName_SN_to_Display_map
2025/11/04 05:02:31.764 [T:0x09a5a] [DisplayControl] insert device_id_to_Displayer_map_
2025/11/04 05:02:31.764 [T:0x09a5a] [DisplayControl] i = 1
2025/11/04 05:02:31.764 [T:0x09a5a] [DisplayControl] Enter OperationThread::OperationThread()
2025/11/04 05:02:31.764 [T:0x09a5a] [DisplayControl] Enter OperationThread::CreateThread
2025/11/04 05:02:31.764 [T:0x09a5a] [DisplayControl] new DisplayFunctioner
2025/11/04 05:02:31.764 [T:0x09a5a] [DisplayControl] insert displayer_vector
2025/11/04 05:02:31.764 [T:0x09a5a] [DisplayControl] insert modelName_SN_to_Display_map
2025/11/04 05:02:31.764 [T:0x09a5a] [DisplayControl] insert device_id_to_Displayer_map_
2025/11/04 05:02:31.764 [T:0x09a5a] [DisplayControl] monitor size = 2
2025/11/04 05:02:31.764 [T:0x09a5a] [DisplayControl] Exit ObtainControlHandler
2025/11/04 05:02:31.765 [T:0x09a5a] [DisplayControl] Enter MCCSOtherSet::GetVCP(), vcp code = 16
2025/11/04 05:02:31.847 [T:0x09a5a] [DisplayControl] Exit MCCSOtherSet::GetVCP()
2025/11/04 05:02:31.847 [T:0x09a5a] [DisplayControl] Enter MCCSOtherSet::GetVCP(), vcp code = 18
2025/11/04 05:02:31.990 [T:0x09a5a] [DisplayControl] Exit MCCSOtherSet::GetVCP()
2025/11/04 05:02:32.097 [T:0x09a5a] [DisplayControl] Enter MCCSOtherSet::GetVCP(), vcp code = 51
2025/11/04 05:02:32.178 [T:0x09a5a] [DisplayControl] Exit MCCSOtherSet::GetVCP()
2025/11/04 05:02:32.286 [T:0x09a5a] [DisplayControl] Enter MCCSOtherSet::GetVCP(), vcp code = 225
2025/11/04 05:02:32.367 [T:0x09a5a] [DisplayControl] Exit MCCSOtherSet::GetVCP()
2025/11/04 05:02:32.474 [T:0x09a5a] [DisplayControl] Enter MCCSOtherSet::GetVCP(), vcp code = 16
2025/11/04 05:02:32.555 [T:0x09a5a] [DisplayControl] Exit MCCSOtherSet::GetVCP()
2025/11/04 05:02:32.661 [T:0x09a5a] [DisplayControl] Enter MCCSOtherSet::GetVCP(), vcp code = 141
2025/11/04 05:02:32.741 [T:0x09a5a] [DisplayControl] Exit MCCSOtherSet::GetVCP()
2025/11/04 05:02:32.849 [T:0x09a5a] [DisplayControl] Enter MCCSOtherSet::GetVCP(), vcp code = 20
2025/11/04 05:02:32.930 [T:0x09a5a] [DisplayControl] Exit MCCSOtherSet::GetVCP()
2025/11/04 05:02:33.037 [T:0x09a5a] [DisplayControl] Enter MCCSOtherSet::GetVCP(), vcp code = 98
2025/11/04 05:02:33.119 [T:0x09a5a] [DisplayControl] Exit MCCSOtherSet::GetVCP()
2025/11/04 05:02:33.225 [T:0x09a5a] [DisplayControl] Enter MCCSOtherSet::GetVCP(), vcp code = 4
2025/11/04 05:02:33.306 [T:0x09a5a] [DisplayControl] Exit MCCSOtherSet::GetVCP()
2025/11/04 05:02:33.414 [T:0x09a5a] [DisplayControl] Enter MCCSOtherSet::GetVCP(), vcp code = 43
2025/11/04 05:02:33.496 [T:0x09a5a] [DisplayControl] Exit MCCSOtherSet::GetVCP()
2025/11/04 05:02:33.601 [T:0x09a5a] [DisplayControl] Enter MCCSOtherSet::GetVCP(), vcp code = 245
2025/11/04 05:02:33.682 [T:0x09a5a] [DisplayControl] Exit MCCSOtherSet::GetVCP()
2025/11/04 05:02:33.790 [T:0x09a5a] [DisplayControl] Enter MCCSOtherSet::GetVCP(), vcp code = 135
2025/11/04 05:02:33.871 [T:0x09a5a] [DisplayControl] Exit MCCSOtherSet::GetVCP()
2025/11/04 05:02:33.978 [T:0x09a5a] [DisplayControl] Enter MCCSOtherSet::GetVCP(), vcp code = 96
2025/11/04 05:02:34.059 [T:0x09a5a] [DisplayControl] Exit MCCSOtherSet::GetVCP()
2025/11/04 05:02:34.090 [T:0xfa94e] [DisplayControl] Enter MCCSOtherSet::GetVCP(), vcp code = 96
2025/11/04 05:02:34.167 [T:0x09a5a] [DisplayControl] Enter MCCSOtherSet::GetVCP(), vcp code = 220
2025/11/04 05:02:34.207 [T:0xfa94e] [DisplayControl] Exit MCCSOtherSet::GetVCP()
2025/11/04 05:02:34.378 [T:0x09a5a] [DisplayControl] Exit MCCSOtherSet::GetVCP()
2025/11/04 05:02:34.479 [T:0x09a5a] [DisplayControl] Enter MCCSOtherSet::GetVCP(), vcp code = 97
2025/11/04 05:02:34.674 [T:0x09a5a] [DisplayControl] Exit MCCSOtherSet::GetVCP()
2025/11/04 05:02:34.776 [T:0x09a5a] [DisplayControl] Enter MCCSOtherSet::GetVCP(), vcp code = 18
2025/11/04 05:02:34.862 [T:0x09a5a] [DisplayControl] Exit MCCSOtherSet::GetVCP()
2025/11/04 05:02:34.963 [T:0x09a5a] [DisplayControl] Enter MCCSOtherSet::GetVCP(), vcp code = 51
2025/11/04 05:02:35.049 [T:0x09a5a] [DisplayControl] Exit MCCSOtherSet::GetVCP()
2025/11/04 05:02:35.152 [T:0x09a5a] [DisplayControl] Enter MCCSOtherSet::GetVCP(), vcp code = 225
2025/11/04 05:02:35.237 [T:0x09a5a] [DisplayControl] Exit MCCSOtherSet::GetVCP()
2025/11/04 05:02:35.340 [T:0x09a5a] [DisplayControl] Enter MCCSOtherSet::GetVCP(), vcp code = 16
2025/11/04 05:02:35.425 [T:0x09a5a] [DisplayControl] Exit MCCSOtherSet::GetVCP()
2025/11/04 05:02:35.526 [T:0x09a5a] [DisplayControl] Enter MCCSOtherSet::GetVCP(), vcp code = 141
2025/11/04 05:02:35.611 [T:0x09a5a] [DisplayControl] Exit MCCSOtherSet::GetVCP()
2025/11/04 05:02:35.713 [T:0x09a5a] [DisplayControl] Enter MCCSOtherSet::GetVCP(), vcp code = 98
2025/11/04 05:02:35.798 [T:0x09a5a] [DisplayControl] Exit MCCSOtherSet::GetVCP()
2025/11/04 05:02:35.900 [T:0x09a5a] [DisplayControl] Enter MCCSOtherSet::GetVCP(), vcp code = 4
2025/11/04 05:02:35.985 [T:0x09a5a] [DisplayControl] Exit MCCSOtherSet::GetVCP()
2025/11/04 05:02:36.088 [T:0x09a5a] [DisplayControl] Enter MCCSOtherSet::GetVCP(), vcp code = 43
2025/11/04 05:02:36.175 [T:0x09a5a] [DisplayControl] Exit MCCSOtherSet::GetVCP()
2025/11/04 05:02:36.291 [T:0x09a5a] [DisplayControl] Enter MCCSOtherSet::GetVCP(), vcp code = 236
2025/11/04 05:02:36.377 [T:0x09a5a] [DisplayControl] Exit MCCSOtherSet::GetVCP()
2025/11/04 05:02:36.480 [T:0x09a5a] [DisplayControl] Enter MCCSOtherSet::GetVCP(), vcp code = 135
2025/11/04 05:02:36.565 [T:0x09a5a] [DisplayControl] Exit MCCSOtherSet::GetVCP()
2025/11/04 05:02:36.668 [T:0x09a5a] [DisplayControl] Enter MCCSOtherSet::GetVCP(), vcp code = 96
2025/11/04 05:02:36.753 [T:0x09a5a] [DisplayControl] Exit MCCSOtherSet::GetVCP()
2025/11/04 05:02:36.855 [T:0x09a5a] [DisplayControl] Enter MCCSOtherSet::GetVCP(), vcp code = 226
2025/11/04 05:02:36.939 [T:0x09a5a] [DisplayControl] Exit MCCSOtherSet::GetVCP()
2025/11/04 05:02:37.043 [T:0x09a5a] [DisplayControl] Enter MCCSOtherSet::GetVCP(), vcp code = 220
2025/11/04 05:02:37.127 [T:0x09a5a] [DisplayControl] Exit MCCSOtherSet::GetVCP()
2025/11/04 05:02:37.230 [T:0x09a5a] [DisplayControl] Enter MCCSOtherSet::GetVCP(), vcp code = 97
2025/11/04 05:02:37.315 [T:0x09a5a] [DisplayControl] Exit MCCSOtherSet::GetVCP()
2025/11/04 05:03:41.372 [T:0xfa94e] [DisplayControl] Enter MCCSOtherSet::GetVCP(), vcp code = 96
2025/11/04 05:03:41.483 [T:0xfa94e] [DisplayControl] Exit MCCSOtherSet::GetVCP()
2025/11/04 05:03:41.638 [T:0x33aea] [DisplayControl] Enter MCCSOtherSet::GetVCP(), vcp code = 18
2025/11/04 05:03:41.771 [T:0x33aea] [DisplayControl] Exit MCCSOtherSet::GetVCP()
2025/11/04 05:03:41.872 [T:0x33aea] [DisplayControl] Enter MCCSOtherSet::GetVCP(), vcp code = 51
2025/11/04 05:03:41.958 [T:0x33aea] [DisplayControl] Exit MCCSOtherSet::GetVCP()
2025/11/04 05:03:42.059 [T:0x33aea] [DisplayControl] Enter MCCSOtherSet::GetVCP(), vcp code = 225
2025/11/04 05:03:42.144 [T:0x33aea] [DisplayControl] Exit MCCSOtherSet::GetVCP()
2025/11/04 05:03:42.247 [T:0x33aea] [DisplayControl] Enter MCCSOtherSet::GetVCP(), vcp code = 16
2025/11/04 05:03:42.331 [T:0x33aea] [DisplayControl] Exit MCCSOtherSet::GetVCP()
2025/11/04 05:03:42.434 [T:0x33aea] [DisplayControl] Enter MCCSOtherSet::GetVCP(), vcp code = 141
2025/11/04 05:03:42.519 [T:0x33aea] [DisplayControl] Exit MCCSOtherSet::GetVCP()
2025/11/04 05:03:42.622 [T:0x33aea] [DisplayControl] Enter MCCSOtherSet::GetVCP(), vcp code = 98
2025/11/04 05:03:42.707 [T:0x33aea] [DisplayControl] Exit MCCSOtherSet::GetVCP()
2025/11/04 05:03:42.809 [T:0x33aea] [DisplayControl] Enter MCCSOtherSet::GetVCP(), vcp code = 4
2025/11/04 05:03:42.895 [T:0x33aea] [DisplayControl] Exit MCCSOtherSet::GetVCP()
2025/11/04 05:03:42.998 [T:0x33aea] [DisplayControl] Enter MCCSOtherSet::GetVCP(), vcp code = 43
2025/11/04 05:03:43.084 [T:0x33aea] [DisplayControl] Exit MCCSOtherSet::GetVCP()
2025/11/04 05:03:43.187 [T:0x33aea] [DisplayControl] Enter MCCSOtherSet::GetVCP(), vcp code = 236
2025/11/04 05:03:43.273 [T:0x33aea] [DisplayControl] Exit MCCSOtherSet::GetVCP()
2025/11/04 05:03:43.375 [T:0x33aea] [DisplayControl] Enter MCCSOtherSet::GetVCP(), vcp code = 135
2025/11/04 05:03:43.460 [T:0x33aea] [DisplayControl] Exit MCCSOtherSet::GetVCP()
2025/11/04 05:03:43.564 [T:0x33aea] [DisplayControl] Enter MCCSOtherSet::GetVCP(), vcp code = 96
2025/11/04 05:03:43.650 [T:0x33aea] [DisplayControl] Exit MCCSOtherSet::GetVCP()
2025/11/04 05:03:43.755 [T:0x33aea] [DisplayControl] Enter MCCSOtherSet::GetVCP(), vcp code = 226
2025/11/04 05:03:43.839 [T:0x33aea] [DisplayControl] Exit MCCSOtherSet::GetVCP()
2025/11/04 05:03:43.943 [T:0x33aea] [DisplayControl] Enter MCCSOtherSet::GetVCP(), vcp code = 220
2025/11/04 05:03:44.028 [T:0x33aea] [DisplayControl] Exit MCCSOtherSet::GetVCP()
2025/11/04 05:03:44.131 [T:0x33aea] [DisplayControl] Enter MCCSOtherSet::GetVCP(), vcp code = 97
2025/11/04 05:03:44.215 [T:0x33aea] [DisplayControl] Exit MCCSOtherSet::GetVCP()
2025/11/04 05:03:58.147 [T:0x33aea] [DisplayControl] Enter MCCSOtherSet::SetVCP(), vcp code = 4
2025/11/04 05:03:59.099 [T:0x33aea] [DisplayControl] Exit MCCSOtherSet::SetVCP()
2025/11/04 05:04:04.211 [T:0x33aea] [DisplayControl] Enter OperationThread::ExitThread
2025/11/04 05:04:04.212 [T:0x33aea] [DisplayControl] Exit OperationThread::ExitThread
2025/11/04 05:04:04.212 [T:0x33aea] [DisplayControl] Enter OperationThread::~OperationThread()
2025/11/04 05:04:04.212 [T:0x33aea] [DisplayControl] Enter OperationThread::ExitThread
2025/11/04 05:04:04.212 [T:0x33aea] [DisplayControl] Enter OperationThread::ExitThread
2025/11/04 05:04:04.212 [T:0x33aea] [DisplayControl] Exit OperationThread::ExitThread
2025/11/04 05:04:04.212 [T:0x33aea] [DisplayControl] Enter OperationThread::~OperationThread()
2025/11/04 05:04:04.212 [T:0x33aea] [DisplayControl] Enter OperationThread::ExitThread
2025/11/04 05:04:04.237 [T:0x33aea] [DbgStr] After calling display_control_client_listener_video_port_.UpdateAllDisplayPath()
2025/11/04 05:04:04.255 [T:0x33aea] [DbgStr] After calling display_control_client_listener_.GetAllDisplayEDID()
2025/11/04 05:04:04.257 [T:0x33aea] [DisplayControl] Version = 3.0.6.0
2025/11/04 05:04:04.257 [T:0x33aea] [DisplayControl] Enter ObtainControlHandler1
2025/11/04 05:04:04.257 [T:0x33aea] [DisplayControl] GetVideoPortCommander
2025/11/04 05:04:04.257 [T:0x33aea] [DisplayControl] GetUSBHubCommander
2025/11/04 05:04:04.257 [T:0x33aea] ====== List p_lpo_display_info_video_port, # of devices is ======2
2025/11/04 05:04:04.257 [T:0x33aea] [DisplayControl] index of p_lpo_display_info_video_port0
2025/11/04 05:04:04.257 [T:0x33aea] [DisplayControl] Model name from VideoPort = VG2458
2025/11/04 05:04:04.257 [T:0x33aea] [DisplayControl] SN from VideoPort = YDJ243400006
2025/11/04 05:04:04.257 [T:0x33aea] [DisplayControl] index of p_lpo_display_info_video_port1
2025/11/04 05:04:04.257 [T:0x33aea] [DisplayControl] Model name from VideoPort = VG275
2025/11/04 05:04:04.257 [T:0x33aea] [DisplayControl] SN from VideoPort = XF6232400003
2025/11/04 05:04:04.258 [T:0x33aea] ====== List p_lpo_display_info_rtd_scalar_rts_hub, # of devices is ======0
2025/11/04 05:04:04.258 [T:0x33aea] [DisplayControl] GetVSRtkHubControlClientListener
2025/11/04 05:04:04.258 [T:0x33aea] [DisplayControl] max monitor count = 2
2025/11/04 05:04:04.258 [T:0x33aea] [DisplayControl] index of display_info_vec = 0
2025/11/04 05:04:04.258 [T:0x33aea] [DisplayControl] index of p_lpo_display_info_video_port = 0
2025/11/04 05:04:04.258 [T:0x33aea] [DisplayControl] VideoPortMatchingRule
2025/11/04 05:04:04.258 [T:0x33aea] [DisplayControl] monitor display_info_model_name = VG2458
2025/11/04 05:04:04.258 [T:0x33aea] [DisplayControl] monitor video_port_model_name = VG2458
2025/11/04 05:04:04.258 [T:0x33aea] [DisplayControl] monitor display_info_sn = YDJ243400006
2025/11/04 05:04:04.258 [T:0x33aea] [DisplayControl] monitor video_port_sn = YDJ243400006
2025/11/04 05:04:04.258 [T:0x33aea] [DisplayControl] model_name_match = 1
2025/11/04 05:04:04.258 [T:0x33aea] [DisplayControl] sn_match = 1
2025/11/04 05:04:04.258 [T:0x33aea] [DisplayControl] video_port is_match = 1
2025/11/04 05:04:04.258 [T:0x33aea] [DisplayControl] index of display_info_vec = 1
2025/11/04 05:04:04.258 [T:0x33aea] [DisplayControl] index of p_lpo_display_info_video_port = 0
2025/11/04 05:04:04.258 [T:0x33aea] [DisplayControl] VideoPortMatchingRule
2025/11/04 05:04:04.258 [T:0x33aea] [DisplayControl] monitor display_info_model_name = VG275
2025/11/04 05:04:04.258 [T:0x33aea] [DisplayControl] monitor video_port_model_name = VG2458
2025/11/04 05:04:04.258 [T:0x33aea] [DisplayControl] monitor display_info_sn = XF6232400003
2025/11/04 05:04:04.258 [T:0x33aea] [DisplayControl] monitor video_port_sn = YDJ243400006
2025/11/04 05:04:04.258 [T:0x33aea] [DisplayControl] model_name_match = 0
2025/11/04 05:04:04.258 [T:0x33aea] [DisplayControl] sn_match = 0
2025/11/04 05:04:04.258 [T:0x33aea] [DisplayControl] video_port is_match = 0
2025/11/04 05:04:04.258 [T:0x33aea] [DisplayControl] index of display_info_vec = 1
2025/11/04 05:04:04.258 [T:0x33aea] [DisplayControl] index of p_lpo_display_info_video_port = 1
2025/11/04 05:04:04.258 [T:0x33aea] [DisplayControl] VideoPortMatchingRule
2025/11/04 05:04:04.258 [T:0x33aea] [DisplayControl] monitor display_info_model_name = VG275
2025/11/04 05:04:04.258 [T:0x33aea] [DisplayControl] monitor video_port_model_name = VG275
2025/11/04 05:04:04.259 [T:0x33aea] [DisplayControl] monitor display_info_sn = XF6232400003
2025/11/04 05:04:04.259 [T:0x33aea] [DisplayControl] monitor video_port_sn = XF6232400003
2025/11/04 05:04:04.259 [T:0x33aea] [DisplayControl] model_name_match = 1
2025/11/04 05:04:04.259 [T:0x33aea] [DisplayControl] sn_match = 1
2025/11/04 05:04:04.259 [T:0x33aea] [DisplayControl] video_port is_match = 1
2025/11/04 05:04:04.259 [T:0x33aea] [DisplayControl] i = 0
2025/11/04 05:04:04.259 [T:0x33aea] [DisplayControl] Enter OperationThread::OperationThread()
2025/11/04 05:04:04.259 [T:0x33aea] [DisplayControl] Enter OperationThread::CreateThread
2025/11/04 05:04:04.259 [T:0x33aea] [DisplayControl] new DisplayFunctioner
2025/11/04 05:04:04.259 [T:0x33aea] [DisplayControl] insert displayer_vector
2025/11/04 05:04:04.259 [T:0x33aea] [DisplayControl] insert modelName_SN_to_Display_map
2025/11/04 05:04:04.259 [T:0x33aea] [DisplayControl] insert device_id_to_Displayer_map_
2025/11/04 05:04:04.259 [T:0x33aea] [DisplayControl] i = 1
2025/11/04 05:04:04.259 [T:0x33aea] [DisplayControl] Enter OperationThread::OperationThread()
2025/11/04 05:04:04.259 [T:0x33aea] [DisplayControl] Enter OperationThread::CreateThread
2025/11/04 05:04:04.259 [T:0x33aea] [DisplayControl] new DisplayFunctioner
2025/11/04 05:04:04.259 [T:0x33aea] [DisplayControl] insert displayer_vector
2025/11/04 05:04:04.259 [T:0x33aea] [DisplayControl] insert modelName_SN_to_Display_map
2025/11/04 05:04:04.259 [T:0x33aea] [DisplayControl] insert device_id_to_Displayer_map_
2025/11/04 05:04:04.259 [T:0x33aea] [DisplayControl] monitor size = 2
2025/11/04 05:04:04.259 [T:0x33aea] [DisplayControl] Exit ObtainControlHandler
2025/11/04 05:04:04.259 [T:0x33aea] [DisplayControl] Enter MCCSOtherSet::GetVCP(), vcp code = 16
2025/11/04 05:04:04.343 [T:0x33aea] [DisplayControl] Exit MCCSOtherSet::GetVCP()
2025/11/04 05:04:04.344 [T:0x33aea] [DisplayControl] Enter MCCSOtherSet::GetVCP(), vcp code = 18
2025/11/04 05:04:04.431 [T:0x33aea] [DisplayControl] Exit MCCSOtherSet::GetVCP()
2025/11/04 05:04:04.538 [T:0x33aea] [DisplayControl] Enter MCCSOtherSet::GetVCP(), vcp code = 51
2025/11/04 05:04:04.620 [T:0x33aea] [DisplayControl] Exit MCCSOtherSet::GetVCP()
2025/11/04 05:04:04.726 [T:0x33aea] [DisplayControl] Enter MCCSOtherSet::GetVCP(), vcp code = 225
2025/11/04 05:04:04.806 [T:0x33aea] [DisplayControl] Exit MCCSOtherSet::GetVCP()
2025/11/04 05:04:04.913 [T:0x33aea] [DisplayControl] Enter MCCSOtherSet::GetVCP(), vcp code = 16
2025/11/04 05:04:04.996 [T:0x33aea] [DisplayControl] Exit MCCSOtherSet::GetVCP()
2025/11/04 05:04:05.103 [T:0x33aea] [DisplayControl] Enter MCCSOtherSet::GetVCP(), vcp code = 141
2025/11/04 05:04:05.184 [T:0x33aea] [DisplayControl] Exit MCCSOtherSet::GetVCP()
2025/11/04 05:04:05.291 [T:0x33aea] [DisplayControl] Enter MCCSOtherSet::GetVCP(), vcp code = 20
2025/11/04 05:04:05.372 [T:0x33aea] [DisplayControl] Exit MCCSOtherSet::GetVCP()
2025/11/04 05:04:05.478 [T:0x33aea] [DisplayControl] Enter MCCSOtherSet::GetVCP(), vcp code = 98
2025/11/04 05:04:05.560 [T:0x33aea] [DisplayControl] Exit MCCSOtherSet::GetVCP()
2025/11/04 05:04:05.667 [T:0x33aea] [DisplayControl] Enter MCCSOtherSet::GetVCP(), vcp code = 4
2025/11/04 05:04:05.748 [T:0x33aea] [DisplayControl] Exit MCCSOtherSet::GetVCP()
2025/11/04 05:04:05.855 [T:0x33aea] [DisplayControl] Enter MCCSOtherSet::GetVCP(), vcp code = 43
2025/11/04 05:04:05.937 [T:0x33aea] [DisplayControl] Exit MCCSOtherSet::GetVCP()
2025/11/04 05:04:06.044 [T:0x33aea] [DisplayControl] Enter MCCSOtherSet::GetVCP(), vcp code = 245
2025/11/04 05:04:06.125 [T:0x33aea] [DisplayControl] Exit MCCSOtherSet::GetVCP()
2025/11/04 05:04:06.231 [T:0x33aea] [DisplayControl] Enter MCCSOtherSet::GetVCP(), vcp code = 135
2025/11/04 05:04:06.313 [T:0x33aea] [DisplayControl] Exit MCCSOtherSet::GetVCP()
2025/11/04 05:04:06.419 [T:0x33aea] [DisplayControl] Enter MCCSOtherSet::GetVCP(), vcp code = 96
2025/11/04 05:04:06.499 [T:0x33aea] [DisplayControl] Exit MCCSOtherSet::GetVCP()
2025/11/04 05:04:06.607 [T:0x33aea] [DisplayControl] Enter MCCSOtherSet::GetVCP(), vcp code = 220
2025/11/04 05:04:06.689 [T:0x33aea] [DisplayControl] Exit MCCSOtherSet::GetVCP()
2025/11/04 05:04:06.795 [T:0x33aea] [DisplayControl] Enter MCCSOtherSet::GetVCP(), vcp code = 97
2025/11/04 05:04:06.876 [T:0x33aea] [DisplayControl] Exit MCCSOtherSet::GetVCP()
2025/11/04 05:04:06.983 [T:0x33aea] [DisplayControl] Enter MCCSOtherSet::GetVCP(), vcp code = 18
2025/11/04 05:04:07.068 [T:0x33aea] [DisplayControl] Exit MCCSOtherSet::GetVCP()
2025/11/04 05:04:07.171 [T:0x33aea] [DisplayControl] Enter MCCSOtherSet::GetVCP(), vcp code = 51
2025/11/04 05:04:07.257 [T:0x33aea] [DisplayControl] Exit MCCSOtherSet::GetVCP()
2025/11/04 05:04:07.360 [T:0x33aea] [DisplayControl] Enter MCCSOtherSet::GetVCP(), vcp code = 225
2025/11/04 05:04:07.446 [T:0x33aea] [DisplayControl] Exit MCCSOtherSet::GetVCP()
2025/11/04 05:04:07.549 [T:0x33aea] [DisplayControl] Enter MCCSOtherSet::GetVCP(), vcp code = 16
2025/11/04 05:04:07.634 [T:0x33aea] [DisplayControl] Exit MCCSOtherSet::GetVCP()
2025/11/04 05:04:07.737 [T:0x33aea] [DisplayControl] Enter MCCSOtherSet::GetVCP(), vcp code = 141
2025/11/04 05:04:07.821 [T:0x33aea] [DisplayControl] Exit MCCSOtherSet::GetVCP()
2025/11/04 05:04:07.924 [T:0x33aea] [DisplayControl] Enter MCCSOtherSet::GetVCP(), vcp code = 98
2025/11/04 05:04:08.009 [T:0x33aea] [DisplayControl] Exit MCCSOtherSet::GetVCP()
2025/11/04 05:04:08.112 [T:0x33aea] [DisplayControl] Enter MCCSOtherSet::GetVCP(), vcp code = 4
2025/11/04 05:04:08.197 [T:0x33aea] [DisplayControl] Exit MCCSOtherSet::GetVCP()
2025/11/04 05:04:08.300 [T:0x33aea] [DisplayControl] Enter MCCSOtherSet::GetVCP(), vcp code = 43
2025/11/04 05:04:08.385 [T:0x33aea] [DisplayControl] Exit MCCSOtherSet::GetVCP()
2025/11/04 05:04:08.487 [T:0x33aea] [DisplayControl] Enter MCCSOtherSet::GetVCP(), vcp code = 236
2025/11/04 05:04:08.574 [T:0x33aea] [DisplayControl] Exit MCCSOtherSet::GetVCP()
2025/11/04 05:04:08.677 [T:0x33aea] [DisplayControl] Enter MCCSOtherSet::GetVCP(), vcp code = 135
2025/11/04 05:04:08.762 [T:0x33aea] [DisplayControl] Exit MCCSOtherSet::GetVCP()
2025/11/04 05:04:08.865 [T:0x33aea] [DisplayControl] Enter MCCSOtherSet::GetVCP(), vcp code = 96
2025/11/04 05:04:08.951 [T:0x33aea] [DisplayControl] Exit MCCSOtherSet::GetVCP()
2025/11/04 05:04:09.052 [T:0x33aea] [DisplayControl] Enter MCCSOtherSet::GetVCP(), vcp code = 226
2025/11/04 05:04:09.138 [T:0x33aea] [DisplayControl] Exit MCCSOtherSet::GetVCP()
2025/11/04 05:04:09.241 [T:0x33aea] [DisplayControl] Enter MCCSOtherSet::GetVCP(), vcp code = 220
2025/11/04 05:04:09.326 [T:0x33aea] [DisplayControl] Exit MCCSOtherSet::GetVCP()
2025/11/04 05:04:09.427 [T:0x33aea] [DisplayControl] Enter MCCSOtherSet::GetVCP(), vcp code = 97
2025/11/04 05:04:09.513 [T:0x33aea] [DisplayControl] Exit MCCSOtherSet::GetVCP()
2025/11/04 05:05:08.456 [T:0xfa94e] [DisplayControl] Enter MCCSOtherSet::GetVCP(), vcp code = 96
2025/11/04 05:05:08.551 [T:0xfa94e] [DisplayControl] Exit MCCSOtherSet::GetVCP()
2025/11/04 05:05:08.761 [T:0x365c4] [DisplayControl] Enter MCCSOtherSet::GetVCP(), vcp code = 18
2025/11/04 05:05:08.871 [T:0x365c4] [DisplayControl] Exit MCCSOtherSet::GetVCP()
2025/11/04 05:05:08.972 [T:0x365c4] [DisplayControl] Enter MCCSOtherSet::GetVCP(), vcp code = 51
2025/11/04 05:05:09.057 [T:0x365c4] [DisplayControl] Exit MCCSOtherSet::GetVCP()
2025/11/04 05:05:09.164 [T:0x365c4] [DisplayControl] Enter MCCSOtherSet::GetVCP(), vcp code = 225
2025/11/04 05:05:09.246 [T:0x365c4] [DisplayControl] Exit MCCSOtherSet::GetVCP()
2025/11/04 05:05:09.352 [T:0x365c4] [DisplayControl] Enter MCCSOtherSet::GetVCP(), vcp code = 16
2025/11/04 05:05:09.432 [T:0x365c4] [DisplayControl] Exit MCCSOtherSet::GetVCP()
2025/11/04 05:05:09.539 [T:0x365c4] [DisplayControl] Enter MCCSOtherSet::GetVCP(), vcp code = 141
2025/11/04 05:05:09.619 [T:0x365c4] [DisplayControl] Exit MCCSOtherSet::GetVCP()
2025/11/04 05:05:09.726 [T:0x365c4] [DisplayControl] Enter MCCSOtherSet::GetVCP(), vcp code = 20
2025/11/04 05:05:09.808 [T:0x365c4] [DisplayControl] Exit MCCSOtherSet::GetVCP()
2025/11/04 05:05:09.915 [T:0x365c4] [DisplayControl] Enter MCCSOtherSet::GetVCP(), vcp code = 98
2025/11/04 05:05:09.996 [T:0x365c4] [DisplayControl] Exit MCCSOtherSet::GetVCP()
2025/11/04 05:05:10.103 [T:0x365c4] [DisplayControl] Enter MCCSOtherSet::GetVCP(), vcp code = 4
2025/11/04 05:05:10.184 [T:0x365c4] [DisplayControl] Exit MCCSOtherSet::GetVCP()
2025/11/04 05:05:10.290 [T:0x365c4] [DisplayControl] Enter MCCSOtherSet::GetVCP(), vcp code = 43
2025/11/04 05:05:10.372 [T:0x365c4] [DisplayControl] Exit MCCSOtherSet::GetVCP()
2025/11/04 05:05:10.478 [T:0x365c4] [DisplayControl] Enter MCCSOtherSet::GetVCP(), vcp code = 245
2025/11/04 05:05:10.559 [T:0x365c4] [DisplayControl] Exit MCCSOtherSet::GetVCP()
2025/11/04 05:05:10.666 [T:0x365c4] [DisplayControl] Enter MCCSOtherSet::GetVCP(), vcp code = 135
2025/11/04 05:05:10.746 [T:0x365c4] [DisplayControl] Exit MCCSOtherSet::GetVCP()
2025/11/04 05:05:10.852 [T:0x365c4] [DisplayControl] Enter MCCSOtherSet::GetVCP(), vcp code = 96
2025/11/04 05:05:10.934 [T:0x365c4] [DisplayControl] Exit MCCSOtherSet::GetVCP()
2025/11/04 05:05:11.039 [T:0x365c4] [DisplayControl] Enter MCCSOtherSet::GetVCP(), vcp code = 220
2025/11/04 05:05:11.121 [T:0x365c4] [DisplayControl] Exit MCCSOtherSet::GetVCP()
2025/11/04 05:05:11.228 [T:0x365c4] [DisplayControl] Enter MCCSOtherSet::GetVCP(), vcp code = 97
2025/11/04 05:05:11.308 [T:0x365c4] [DisplayControl] Exit MCCSOtherSet::GetVCP()
2025/11/04 05:05:25.465 [T:0x365c4] [DisplayControl] Enter MCCSOtherSet::SetVCP(), vcp code = 16
2025/11/04 05:05:25.665 [T:0x365c4] [DisplayControl] Exit MCCSOtherSet::SetVCP()
2025/11/04 05:06:00.713 [T:0xc3c71] [DisplayControl] Enter MCCSOtherSet::SetVCP(), vcp code = 18
2025/11/04 05:06:00.911 [T:0xc3c71] [DisplayControl] Exit MCCSOtherSet::SetVCP()
2025/11/04 05:06:30.346 [T:0xfa94e] [DisplayControl] Enter MCCSOtherSet::GetVCP(), vcp code = 96
2025/11/04 05:06:30.457 [T:0xfa94e] [DisplayControl] Exit MCCSOtherSet::GetVCP()
2025/11/04 05:06:30.675 [T:0xc3c71] [DisplayControl] Enter MCCSOtherSet::GetVCP(), vcp code = 18
2025/11/04 05:06:30.794 [T:0xc3c71] [DisplayControl] Exit MCCSOtherSet::GetVCP()
2025/11/04 05:06:30.896 [T:0xc3c71] [DisplayControl] Enter MCCSOtherSet::GetVCP(), vcp code = 51
2025/11/04 05:06:30.980 [T:0xc3c71] [DisplayControl] Exit MCCSOtherSet::GetVCP()
2025/11/04 05:06:31.083 [T:0xc3c71] [DisplayControl] Enter MCCSOtherSet::GetVCP(), vcp code = 225
2025/11/04 05:06:31.169 [T:0xc3c71] [DisplayControl] Exit MCCSOtherSet::GetVCP()
2025/11/04 05:06:31.273 [T:0xc3c71] [DisplayControl] Enter MCCSOtherSet::GetVCP(), vcp code = 16
2025/11/04 05:06:31.358 [T:0xc3c71] [DisplayControl] Exit MCCSOtherSet::GetVCP()
2025/11/04 05:06:31.461 [T:0xc3c71] [DisplayControl] Enter MCCSOtherSet::GetVCP(), vcp code = 141
2025/11/04 05:06:31.546 [T:0xc3c71] [DisplayControl] Exit MCCSOtherSet::GetVCP()
2025/11/04 05:06:31.649 [T:0xc3c71] [DisplayControl] Enter MCCSOtherSet::GetVCP(), vcp code = 98
2025/11/04 05:06:31.750 [T:0xc3c71] [DisplayControl] Exit MCCSOtherSet::GetVCP()
2025/11/04 05:06:31.854 [T:0xc3c71] [DisplayControl] Enter MCCSOtherSet::GetVCP(), vcp code = 4
2025/11/04 05:06:31.940 [T:0xc3c71] [DisplayControl] Exit MCCSOtherSet::GetVCP()
2025/11/04 05:06:32.042 [T:0xc3c71] [DisplayControl] Enter MCCSOtherSet::GetVCP(), vcp code = 43
2025/11/04 05:06:32.126 [T:0xc3c71] [DisplayControl] Exit MCCSOtherSet::GetVCP()
2025/11/04 05:06:32.228 [T:0xc3c71] [DisplayControl] Enter MCCSOtherSet::GetVCP(), vcp code = 236
2025/11/04 05:06:32.313 [T:0xc3c71] [DisplayControl] Exit MCCSOtherSet::GetVCP()
2025/11/04 05:06:32.416 [T:0xc3c71] [DisplayControl] Enter MCCSOtherSet::GetVCP(), vcp code = 135
2025/11/04 05:06:32.501 [T:0xc3c71] [DisplayControl] Exit MCCSOtherSet::GetVCP()
2025/11/04 05:06:32.604 [T:0xc3c71] [DisplayControl] Enter MCCSOtherSet::GetVCP(), vcp code = 96
2025/11/04 05:06:32.688 [T:0xc3c71] [DisplayControl] Exit MCCSOtherSet::GetVCP()
2025/11/04 05:06:32.793 [T:0xc3c71] [DisplayControl] Enter MCCSOtherSet::GetVCP(), vcp code = 226
2025/11/04 05:06:32.878 [T:0xc3c71] [DisplayControl] Exit MCCSOtherSet::GetVCP()
2025/11/04 05:06:32.980 [T:0xc3c71] [DisplayControl] Enter MCCSOtherSet::GetVCP(), vcp code = 220
2025/11/04 05:06:33.065 [T:0xc3c71] [DisplayControl] Exit MCCSOtherSet::GetVCP()
2025/11/04 05:06:33.167 [T:0xc3c71] [DisplayControl] Enter MCCSOtherSet::GetVCP(), vcp code = 97
2025/11/04 05:06:33.251 [T:0xc3c71] [DisplayControl] Exit MCCSOtherSet::GetVCP()
2025/11/04 05:06:47.255 [T:0xc3c71] [DisplayControl] Enter MCCSOtherSet::SetVCP(), vcp code = 16
2025/11/04 05:06:47.451 [T:0xc3c71] [DisplayControl] Exit MCCSOtherSet::SetVCP()
2025/11/04 05:07:22.543 [T:0xb7b94] [DisplayControl] Enter MCCSOtherSet::SetVCP(), vcp code = 18
2025/11/04 05:07:22.743 [T:0xb7b94] [DisplayControl] Exit MCCSOtherSet::SetVCP()
2025/11/04 05:12:38.312 [T:0xbe1f9] [DisplayControl] Enter MCCSOtherSet::SetVCP(), vcp code = 4
2025/11/04 05:12:39.265 [T:0xbe1f9] [DisplayControl] Exit MCCSOtherSet::SetVCP()
2025/11/04 05:12:44.378 [T:0xbe1f9] [DisplayControl] Enter OperationThread::ExitThread
2025/11/04 05:12:44.378 [T:0xbe1f9] [DisplayControl] Exit OperationThread::ExitThread
2025/11/04 05:12:44.378 [T:0xbe1f9] [DisplayControl] Enter OperationThread::~OperationThread()
2025/11/04 05:12:44.378 [T:0xbe1f9] [DisplayControl] Enter OperationThread::ExitThread
2025/11/04 05:12:44.378 [T:0xbe1f9] [DisplayControl] Enter OperationThread::ExitThread
2025/11/04 05:12:44.379 [T:0xbe1f9] [DisplayControl] Exit OperationThread::ExitThread
2025/11/04 05:12:44.379 [T:0xbe1f9] [DisplayControl] Enter OperationThread::~OperationThread()
2025/11/04 05:12:44.379 [T:0xbe1f9] [DisplayControl] Enter OperationThread::ExitThread
2025/11/04 05:12:44.402 [T:0xbe1f9] [DbgStr] After calling display_control_client_listener_video_port_.UpdateAllDisplayPath()
2025/11/04 05:12:44.422 [T:0xbe1f9] [DbgStr] After calling display_control_client_listener_.GetAllDisplayEDID()
2025/11/04 05:12:44.424 [T:0xbe1f9] [DisplayControl] Version = 3.0.6.0
2025/11/04 05:12:44.424 [T:0xbe1f9] [DisplayControl] Enter ObtainControlHandler1
2025/11/04 05:12:44.424 [T:0xbe1f9] [DisplayControl] GetVideoPortCommander
2025/11/04 05:12:44.424 [T:0xbe1f9] [DisplayControl] GetUSBHubCommander
2025/11/04 05:12:44.424 [T:0xbe1f9] ====== List p_lpo_display_info_video_port, # of devices is ======2
2025/11/04 05:12:44.424 [T:0xbe1f9] [DisplayControl] index of p_lpo_display_info_video_port0
2025/11/04 05:12:44.424 [T:0xbe1f9] [DisplayControl] Model name from VideoPort = VG2458
2025/11/04 05:12:44.424 [T:0xbe1f9] [DisplayControl] SN from VideoPort = YDJ243400006
2025/11/04 05:12:44.424 [T:0xbe1f9] [DisplayControl] index of p_lpo_display_info_video_port1
2025/11/04 05:12:44.424 [T:0xbe1f9] [DisplayControl] Model name from VideoPort = VG275
2025/11/04 05:12:44.424 [T:0xbe1f9] [DisplayControl] SN from VideoPort = XF6232400003
2025/11/04 05:12:44.425 [T:0xbe1f9] ====== List p_lpo_display_info_rtd_scalar_rts_hub, # of devices is ======0
2025/11/04 05:12:44.425 [T:0xbe1f9] [DisplayControl] GetVSRtkHubControlClientListener
2025/11/04 05:12:44.425 [T:0xbe1f9] [DisplayControl] max monitor count = 2
2025/11/04 05:12:44.425 [T:0xbe1f9] [DisplayControl] index of display_info_vec = 0
2025/11/04 05:12:44.425 [T:0xbe1f9] [DisplayControl] index of p_lpo_display_info_video_port = 0
2025/11/04 05:12:44.425 [T:0xbe1f9] [DisplayControl] VideoPortMatchingRule
2025/11/04 05:12:44.425 [T:0xbe1f9] [DisplayControl] monitor display_info_model_name = VG2458
2025/11/04 05:12:44.425 [T:0xbe1f9] [DisplayControl] monitor video_port_model_name = VG2458
2025/11/04 05:12:44.425 [T:0xbe1f9] [DisplayControl] monitor display_info_sn = YDJ243400006
2025/11/04 05:12:44.425 [T:0xbe1f9] [DisplayControl] monitor video_port_sn = YDJ243400006
2025/11/04 05:12:44.425 [T:0xbe1f9] [DisplayControl] model_name_match = 1
2025/11/04 05:12:44.425 [T:0xbe1f9] [DisplayControl] sn_match = 1
2025/11/04 05:12:44.425 [T:0xbe1f9] [DisplayControl] video_port is_match = 1
2025/11/04 05:12:44.425 [T:0xbe1f9] [DisplayControl] index of display_info_vec = 1
2025/11/04 05:12:44.425 [T:0xbe1f9] [DisplayControl] index of p_lpo_display_info_video_port = 0
2025/11/04 05:12:44.425 [T:0xbe1f9] [DisplayControl] VideoPortMatchingRule
2025/11/04 05:12:44.425 [T:0xbe1f9] [DisplayControl] monitor display_info_model_name = VG275
2025/11/04 05:12:44.425 [T:0xbe1f9] [DisplayControl] monitor video_port_model_name = VG2458
2025/11/04 05:12:44.425 [T:0xbe1f9] [DisplayControl] monitor display_info_sn = XF6232400003
2025/11/04 05:12:44.425 [T:0xbe1f9] [DisplayControl] monitor video_port_sn = YDJ243400006
2025/11/04 05:12:44.425 [T:0xbe1f9] [DisplayControl] model_name_match = 0
2025/11/04 05:12:44.425 [T:0xbe1f9] [DisplayControl] sn_match = 0
2025/11/04 05:12:44.425 [T:0xbe1f9] [DisplayControl] video_port is_match = 0
2025/11/04 05:12:44.425 [T:0xbe1f9] [DisplayControl] index of display_info_vec = 1
2025/11/04 05:12:44.425 [T:0xbe1f9] [DisplayControl] index of p_lpo_display_info_video_port = 1
2025/11/04 05:12:44.425 [T:0xbe1f9] [DisplayControl] VideoPortMatchingRule
2025/11/04 05:12:44.426 [T:0xbe1f9] [DisplayControl] monitor display_info_model_name = VG275
2025/11/04 05:12:44.426 [T:0xbe1f9] [DisplayControl] monitor video_port_model_name = VG275
2025/11/04 05:12:44.426 [T:0xbe1f9] [DisplayControl] monitor display_info_sn = XF6232400003
2025/11/04 05:12:44.426 [T:0xbe1f9] [DisplayControl] monitor video_port_sn = XF6232400003
2025/11/04 05:12:44.426 [T:0xbe1f9] [DisplayControl] model_name_match = 1
2025/11/04 05:12:44.426 [T:0xbe1f9] [DisplayControl] sn_match = 1
2025/11/04 05:12:44.426 [T:0xbe1f9] [DisplayControl] video_port is_match = 1
2025/11/04 05:12:44.426 [T:0xbe1f9] [DisplayControl] i = 0
2025/11/04 05:12:44.426 [T:0xbe1f9] [DisplayControl] Enter OperationThread::OperationThread()
2025/11/04 05:12:44.426 [T:0xbe1f9] [DisplayControl] Enter OperationThread::CreateThread
2025/11/04 05:12:44.426 [T:0xbe1f9] [DisplayControl] new DisplayFunctioner
2025/11/04 05:12:44.426 [T:0xbe1f9] [DisplayControl] insert displayer_vector
2025/11/04 05:12:44.426 [T:0xbe1f9] [DisplayControl] insert modelName_SN_to_Display_map
2025/11/04 05:12:44.426 [T:0xbe1f9] [DisplayControl] insert device_id_to_Displayer_map_
2025/11/04 05:12:44.426 [T:0xbe1f9] [DisplayControl] i = 1
2025/11/04 05:12:44.426 [T:0xbe1f9] [DisplayControl] Enter OperationThread::OperationThread()
2025/11/04 05:12:44.426 [T:0xbe1f9] [DisplayControl] Enter OperationThread::CreateThread
2025/11/04 05:12:44.426 [T:0xbe1f9] [DisplayControl] new DisplayFunctioner
2025/11/04 05:12:44.426 [T:0xbe1f9] [DisplayControl] insert displayer_vector
2025/11/04 05:12:44.426 [T:0xbe1f9] [DisplayControl] insert modelName_SN_to_Display_map
2025/11/04 05:12:44.427 [T:0xbe1f9] [DisplayControl] insert device_id_to_Displayer_map_
2025/11/04 05:12:44.427 [T:0xbe1f9] [DisplayControl] monitor size = 2
2025/11/04 05:12:44.427 [T:0xbe1f9] [DisplayControl] Exit ObtainControlHandler
2025/11/04 05:12:44.427 [T:0xbe1f9] [DisplayControl] Enter MCCSOtherSet::GetVCP(), vcp code = 16
2025/11/04 05:12:44.511 [T:0xbe1f9] [DisplayControl] Exit MCCSOtherSet::GetVCP()
2025/11/04 05:12:44.512 [T:0xbe1f9] [DisplayControl] Enter MCCSOtherSet::GetVCP(), vcp code = 18
2025/11/04 05:12:44.585 [T:0xbe1f9] [DisplayControl] Exit MCCSOtherSet::GetVCP()
2025/11/04 05:12:44.585 [T:0xbe1f9] [DisplayControl] Enter MCCSOtherSet::GetVCP(), vcp code = 18
2025/11/04 05:12:44.726 [T:0xbe1f9] [DisplayControl] Exit MCCSOtherSet::GetVCP()
2025/11/04 05:12:44.726 [T:0xbe1f9] [DisplayControl] Enter MCCSOtherSet::GetVCP(), vcp code = 18
2025/11/04 05:12:44.868 [T:0xbe1f9] [DisplayControl] Exit MCCSOtherSet::GetVCP()
2025/11/04 05:12:44.868 [T:0xbe1f9] [DisplayControl] Enter MCCSOtherSet::GetVCP(), vcp code = 18
2025/11/04 05:12:45.009 [T:0xbe1f9] [DisplayControl] Exit MCCSOtherSet::GetVCP()
2025/11/04 05:12:45.009 [T:0xbe1f9] [DisplayControl] Enter MCCSOtherSet::GetVCP(), vcp code = 18
2025/11/04 05:12:45.150 [T:0xbe1f9] [DisplayControl] Exit MCCSOtherSet::GetVCP()
2025/11/04 05:12:45.151 [T:0xbe1f9] [DisplayControl] Enter MCCSOtherSet::GetVCP(), vcp code = 18
2025/11/04 05:12:45.292 [T:0xbe1f9] [DisplayControl] Exit MCCSOtherSet::GetVCP()
2025/11/04 05:12:45.292 [T:0xbe1f9] [DisplayControl] Enter MCCSOtherSet::GetVCP(), vcp code = 18
2025/11/04 05:12:45.433 [T:0xbe1f9] [DisplayControl] Exit MCCSOtherSet::GetVCP()
2025/11/04 05:12:45.433 [T:0xbe1f9] [DisplayControl] Enter MCCSOtherSet::GetVCP(), vcp code = 18
2025/11/04 05:12:45.573 [T:0xbe1f9] [DisplayControl] Exit MCCSOtherSet::GetVCP()
2025/11/04 05:12:45.574 [T:0xbe1f9] [DisplayControl] Enter MCCSOtherSet::GetVCP(), vcp code = 18
2025/11/04 05:12:45.714 [T:0xbe1f9] [DisplayControl] Exit MCCSOtherSet::GetVCP()
2025/11/04 05:12:45.714 [T:0xbe1f9] [DisplayControl] Enter MCCSOtherSet::GetVCP(), vcp code = 18
2025/11/04 05:12:45.855 [T:0xbe1f9] [DisplayControl] Exit MCCSOtherSet::GetVCP()
2025/11/04 05:12:45.855 [T:0xbe1f9] [DisplayControl] Enter MCCSOtherSet::GetVCP(), vcp code = 18
2025/11/04 05:12:45.994 [T:0xbe1f9] [DisplayControl] Exit MCCSOtherSet::GetVCP()
2025/11/04 05:12:45.995 [T:0xbe1f9] [DisplayControl] Enter MCCSOtherSet::GetVCP(), vcp code = 18
2025/11/04 05:12:46.136 [T:0xbe1f9] [DisplayControl] Exit MCCSOtherSet::GetVCP()
2025/11/04 05:12:46.136 [T:0xbe1f9] [DisplayControl] Enter MCCSOtherSet::GetVCP(), vcp code = 18
2025/11/04 05:12:46.277 [T:0xbe1f9] [DisplayControl] Exit MCCSOtherSet::GetVCP()
2025/11/04 05:12:46.278 [T:0xbe1f9] [DisplayControl] Enter MCCSOtherSet::GetVCP(), vcp code = 18
2025/11/04 05:12:46.417 [T:0xbe1f9] [DisplayControl] Exit MCCSOtherSet::GetVCP()
2025/11/04 05:12:46.417 [T:0xbe1f9] [DisplayControl] Enter MCCSOtherSet::GetVCP(), vcp code = 18
2025/11/04 05:12:46.559 [T:0xbe1f9] [DisplayControl] Exit MCCSOtherSet::GetVCP()
2025/11/04 05:12:46.559 [T:0xbe1f9] [DisplayControl] Enter MCCSOtherSet::GetVCP(), vcp code = 18
2025/11/04 05:12:46.701 [T:0xbe1f9] [DisplayControl] Exit MCCSOtherSet::GetVCP()
2025/11/04 05:12:46.701 [T:0xbe1f9] [DisplayControl] Enter MCCSOtherSet::GetVCP(), vcp code = 18
2025/11/04 05:12:46.841 [T:0xbe1f9] [DisplayControl] Exit MCCSOtherSet::GetVCP()
2025/11/04 05:12:46.841 [T:0xbe1f9] [DisplayControl] Enter MCCSOtherSet::GetVCP(), vcp code = 18
2025/11/04 05:12:46.981 [T:0xbe1f9] [DisplayControl] Exit MCCSOtherSet::GetVCP()
2025/11/04 05:12:46.982 [T:0xbe1f9] [DisplayControl] Enter MCCSOtherSet::GetVCP(), vcp code = 18
2025/11/04 05:12:47.122 [T:0xbe1f9] [DisplayControl] Exit MCCSOtherSet::GetVCP()
2025/11/04 05:12:47.122 [T:0xbe1f9] [DisplayControl] Enter MCCSOtherSet::GetVCP(), vcp code = 18
2025/11/04 05:12:47.261 [T:0xbe1f9] [DisplayControl] Exit MCCSOtherSet::GetVCP()
2025/11/04 05:12:47.261 [T:0xbe1f9] [DisplayControl] Enter MCCSOtherSet::GetVCP(), vcp code = 18
2025/11/04 05:12:47.401 [T:0xbe1f9] [DisplayControl] Exit MCCSOtherSet::GetVCP()
2025/11/04 05:12:47.401 [T:0xbe1f9] [DisplayControl] Enter MCCSOtherSet::GetVCP(), vcp code = 18
2025/11/04 05:12:47.542 [T:0xbe1f9] [DisplayControl] Exit MCCSOtherSet::GetVCP()
2025/11/04 05:12:47.542 [T:0xbe1f9] [DisplayControl] Enter MCCSOtherSet::GetVCP(), vcp code = 18
2025/11/04 05:12:47.681 [T:0xbe1f9] [DisplayControl] Exit MCCSOtherSet::GetVCP()
2025/11/04 05:12:47.682 [T:0xbe1f9] [DisplayControl] Enter MCCSOtherSet::GetVCP(), vcp code = 18
2025/11/04 05:12:47.824 [T:0xbe1f9] [DisplayControl] Exit MCCSOtherSet::GetVCP()
2025/11/04 05:12:47.824 [T:0xbe1f9] [DisplayControl] Enter MCCSOtherSet::GetVCP(), vcp code = 18
2025/11/04 05:12:47.965 [T:0xbe1f9] [DisplayControl] Exit MCCSOtherSet::GetVCP()
2025/11/04 05:12:47.965 [T:0xbe1f9] [DisplayControl] Enter MCCSOtherSet::GetVCP(), vcp code = 18
2025/11/04 05:12:48.105 [T:0xbe1f9] [DisplayControl] Exit MCCSOtherSet::GetVCP()
2025/11/04 05:12:48.106 [T:0xbe1f9] [DisplayControl] Enter MCCSOtherSet::GetVCP(), vcp code = 18
2025/11/04 05:12:48.246 [T:0xbe1f9] [DisplayControl] Exit MCCSOtherSet::GetVCP()
2025/11/04 05:12:48.246 [T:0xbe1f9] [DisplayControl] Enter MCCSOtherSet::GetVCP(), vcp code = 18
2025/11/04 05:12:48.386 [T:0xbe1f9] [DisplayControl] Exit MCCSOtherSet::GetVCP()
2025/11/04 05:12:48.387 [T:0xbe1f9] [DisplayControl] Enter MCCSOtherSet::GetVCP(), vcp code = 18
2025/11/04 05:12:48.527 [T:0xbe1f9] [DisplayControl] Exit MCCSOtherSet::GetVCP()
2025/11/04 05:12:48.528 [T:0xbe1f9] [DisplayControl] Enter MCCSOtherSet::GetVCP(), vcp code = 18
2025/11/04 05:12:48.667 [T:0xbe1f9] [DisplayControl] Exit MCCSOtherSet::GetVCP()
2025/11/04 05:12:48.668 [T:0xbe1f9] [DisplayControl] Enter MCCSOtherSet::GetVCP(), vcp code = 18
2025/11/04 05:12:48.808 [T:0xbe1f9] [DisplayControl] Exit MCCSOtherSet::GetVCP()
2025/11/04 05:12:48.808 [T:0xbe1f9] [DisplayControl] Enter MCCSOtherSet::GetVCP(), vcp code = 18
2025/11/04 05:12:48.949 [T:0xbe1f9] [DisplayControl] Exit MCCSOtherSet::GetVCP()
2025/11/04 05:12:48.949 [T:0xbe1f9] [DisplayControl] Enter MCCSOtherSet::GetVCP(), vcp code = 18
2025/11/04 05:12:49.089 [T:0xbe1f9] [DisplayControl] Exit MCCSOtherSet::GetVCP()
2025/11/04 05:12:49.090 [T:0xbe1f9] [DisplayControl] Enter MCCSOtherSet::GetVCP(), vcp code = 18
2025/11/04 05:12:49.231 [T:0xbe1f9] [DisplayControl] Exit MCCSOtherSet::GetVCP()
2025/11/04 05:12:49.232 [T:0xbe1f9] [DisplayControl] Enter MCCSOtherSet::GetVCP(), vcp code = 18
2025/11/04 05:12:49.372 [T:0xbe1f9] [DisplayControl] Exit MCCSOtherSet::GetVCP()
2025/11/04 05:12:49.373 [T:0xbe1f9] [DisplayControl] Enter MCCSOtherSet::GetVCP(), vcp code = 18
2025/11/04 05:12:49.513 [T:0xbe1f9] [DisplayControl] Exit MCCSOtherSet::GetVCP()
2025/11/04 05:12:49.620 [T:0xbe1f9] [DisplayControl] Enter MCCSOtherSet::GetVCP(), vcp code = 51
2025/11/04 05:12:49.702 [T:0xbe1f9] [DisplayControl] Exit MCCSOtherSet::GetVCP()
2025/11/04 05:12:49.808 [T:0xbe1f9] [DisplayControl] Enter MCCSOtherSet::GetVCP(), vcp code = 225
2025/11/04 05:12:49.889 [T:0xbe1f9] [DisplayControl] Exit MCCSOtherSet::GetVCP()
2025/11/04 05:12:49.996 [T:0xbe1f9] [DisplayControl] Enter MCCSOtherSet::GetVCP(), vcp code = 16
2025/11/04 05:12:50.077 [T:0xbe1f9] [DisplayControl] Exit MCCSOtherSet::GetVCP()
2025/11/04 05:12:50.077 [T:0xbe1f9] [DisplayControl] Enter MCCSOtherSet::GetVCP(), vcp code = 16
2025/11/04 05:12:50.217 [T:0xbe1f9] [DisplayControl] Exit MCCSOtherSet::GetVCP()
2025/11/04 05:12:50.217 [T:0xbe1f9] [DisplayControl] Enter MCCSOtherSet::GetVCP(), vcp code = 16
2025/11/04 05:12:50.358 [T:0xbe1f9] [DisplayControl] Exit MCCSOtherSet::GetVCP()
2025/11/04 05:12:50.358 [T:0xbe1f9] [DisplayControl] Enter MCCSOtherSet::GetVCP(), vcp code = 16
2025/11/04 05:12:50.499 [T:0xbe1f9] [DisplayControl] Exit MCCSOtherSet::GetVCP()
2025/11/04 05:12:50.500 [T:0xbe1f9] [DisplayControl] Enter MCCSOtherSet::GetVCP(), vcp code = 16
2025/11/04 05:12:50.641 [T:0xbe1f9] [DisplayControl] Exit MCCSOtherSet::GetVCP()
2025/11/04 05:12:50.642 [T:0xbe1f9] [DisplayControl] Enter MCCSOtherSet::GetVCP(), vcp code = 16
2025/11/04 05:12:50.782 [T:0xbe1f9] [DisplayControl] Exit MCCSOtherSet::GetVCP()
2025/11/04 05:12:50.782 [T:0xbe1f9] [DisplayControl] Enter MCCSOtherSet::GetVCP(), vcp code = 16
2025/11/04 05:12:50.921 [T:0xbe1f9] [DisplayControl] Exit MCCSOtherSet::GetVCP()
2025/11/04 05:12:50.922 [T:0xbe1f9] [DisplayControl] Enter MCCSOtherSet::GetVCP(), vcp code = 16
2025/11/04 05:12:51.062 [T:0xbe1f9] [DisplayControl] Exit MCCSOtherSet::GetVCP()
2025/11/04 05:12:51.063 [T:0xbe1f9] [DisplayControl] Enter MCCSOtherSet::GetVCP(), vcp code = 16
2025/11/04 05:12:51.204 [T:0xbe1f9] [DisplayControl] Exit MCCSOtherSet::GetVCP()
2025/11/04 05:12:51.204 [T:0xbe1f9] [DisplayControl] Enter MCCSOtherSet::GetVCP(), vcp code = 16
2025/11/04 05:12:51.346 [T:0xbe1f9] [DisplayControl] Exit MCCSOtherSet::GetVCP()
2025/11/04 05:12:51.347 [T:0xbe1f9] [DisplayControl] Enter MCCSOtherSet::GetVCP(), vcp code = 16
2025/11/04 05:12:51.488 [T:0xbe1f9] [DisplayControl] Exit MCCSOtherSet::GetVCP()
2025/11/04 05:12:51.489 [T:0xbe1f9] [DisplayControl] Enter MCCSOtherSet::GetVCP(), vcp code = 16
2025/11/04 05:12:51.630 [T:0xbe1f9] [DisplayControl] Exit MCCSOtherSet::GetVCP()
2025/11/04 05:12:51.631 [T:0xbe1f9] [DisplayControl] Enter MCCSOtherSet::GetVCP(), vcp code = 16
2025/11/04 05:12:51.772 [T:0xbe1f9] [DisplayControl] Exit MCCSOtherSet::GetVCP()
2025/11/04 05:12:51.772 [T:0xbe1f9] [DisplayControl] Enter MCCSOtherSet::GetVCP(), vcp code = 16
2025/11/04 05:12:51.914 [T:0xbe1f9] [DisplayControl] Exit MCCSOtherSet::GetVCP()
2025/11/04 05:12:51.914 [T:0xbe1f9] [DisplayControl] Enter MCCSOtherSet::GetVCP(), vcp code = 16
2025/11/04 05:12:52.055 [T:0xbe1f9] [DisplayControl] Exit MCCSOtherSet::GetVCP()
2025/11/04 05:12:52.055 [T:0xbe1f9] [DisplayControl] Enter MCCSOtherSet::GetVCP(), vcp code = 16
2025/11/04 05:12:52.195 [T:0xbe1f9] [DisplayControl] Exit MCCSOtherSet::GetVCP()
2025/11/04 05:12:52.195 [T:0xbe1f9] [DisplayControl] Enter MCCSOtherSet::GetVCP(), vcp code = 16
2025/11/04 05:12:52.335 [T:0xbe1f9] [DisplayControl] Exit MCCSOtherSet::GetVCP()
2025/11/04 05:12:52.336 [T:0xbe1f9] [DisplayControl] Enter MCCSOtherSet::GetVCP(), vcp code = 16
2025/11/04 05:12:52.476 [T:0xbe1f9] [DisplayControl] Exit MCCSOtherSet::GetVCP()
2025/11/04 05:12:52.477 [T:0xbe1f9] [DisplayControl] Enter MCCSOtherSet::GetVCP(), vcp code = 16
2025/11/04 05:12:52.618 [T:0xbe1f9] [DisplayControl] Exit MCCSOtherSet::GetVCP()
2025/11/04 05:12:52.618 [T:0xbe1f9] [DisplayControl] Enter MCCSOtherSet::GetVCP(), vcp code = 16
2025/11/04 05:12:52.759 [T:0xbe1f9] [DisplayControl] Exit MCCSOtherSet::GetVCP()
2025/11/04 05:12:52.760 [T:0xbe1f9] [DisplayControl] Enter MCCSOtherSet::GetVCP(), vcp code = 16
2025/11/04 05:12:52.901 [T:0xbe1f9] [DisplayControl] Exit MCCSOtherSet::GetVCP()
2025/11/04 05:12:52.902 [T:0xbe1f9] [DisplayControl] Enter MCCSOtherSet::GetVCP(), vcp code = 16
2025/11/04 05:12:53.043 [T:0xbe1f9] [DisplayControl] Exit MCCSOtherSet::GetVCP()
2025/11/04 05:12:53.043 [T:0xbe1f9] [DisplayControl] Enter MCCSOtherSet::GetVCP(), vcp code = 16
2025/11/04 05:12:53.184 [T:0xbe1f9] [DisplayControl] Exit MCCSOtherSet::GetVCP()
2025/11/04 05:12:53.185 [T:0xbe1f9] [DisplayControl] Enter MCCSOtherSet::GetVCP(), vcp code = 16
2025/11/04 05:12:53.326 [T:0xbe1f9] [DisplayControl] Exit MCCSOtherSet::GetVCP()
2025/11/04 05:12:53.327 [T:0xbe1f9] [DisplayControl] Enter MCCSOtherSet::GetVCP(), vcp code = 16
2025/11/04 05:12:53.468 [T:0xbe1f9] [DisplayControl] Exit MCCSOtherSet::GetVCP()
2025/11/04 05:12:53.469 [T:0xbe1f9] [DisplayControl] Enter MCCSOtherSet::GetVCP(), vcp code = 16
2025/11/04 05:12:53.609 [T:0xbe1f9] [DisplayControl] Exit MCCSOtherSet::GetVCP()
2025/11/04 05:12:53.610 [T:0xbe1f9] [DisplayControl] Enter MCCSOtherSet::GetVCP(), vcp code = 16
2025/11/04 05:12:53.748 [T:0xbe1f9] [DisplayControl] Exit MCCSOtherSet::GetVCP()
2025/11/04 05:12:53.749 [T:0xbe1f9] [DisplayControl] Enter MCCSOtherSet::GetVCP(), vcp code = 16
2025/11/04 05:12:53.889 [T:0xbe1f9] [DisplayControl] Exit MCCSOtherSet::GetVCP()
2025/11/04 05:12:53.890 [T:0xbe1f9] [DisplayControl] Enter MCCSOtherSet::GetVCP(), vcp code = 16
2025/11/04 05:12:54.031 [T:0xbe1f9] [DisplayControl] Exit MCCSOtherSet::GetVCP()
2025/11/04 05:12:54.031 [T:0xbe1f9] [DisplayControl] Enter MCCSOtherSet::GetVCP(), vcp code = 16
2025/11/04 05:12:54.172 [T:0xbe1f9] [DisplayControl] Exit MCCSOtherSet::GetVCP()
2025/11/04 05:12:54.172 [T:0xbe1f9] [DisplayControl] Enter MCCSOtherSet::GetVCP(), vcp code = 16
2025/11/04 05:12:54.315 [T:0xbe1f9] [DisplayControl] Exit MCCSOtherSet::GetVCP()
2025/11/04 05:12:54.315 [T:0xbe1f9] [DisplayControl] Enter MCCSOtherSet::GetVCP(), vcp code = 16
2025/11/04 05:12:54.455 [T:0xbe1f9] [DisplayControl] Exit MCCSOtherSet::GetVCP()
2025/11/04 05:12:54.455 [T:0xbe1f9] [DisplayControl] Enter MCCSOtherSet::GetVCP(), vcp code = 16
2025/11/04 05:12:54.597 [T:0xbe1f9] [DisplayControl] Exit MCCSOtherSet::GetVCP()
2025/11/04 05:12:54.598 [T:0xbe1f9] [DisplayControl] Enter MCCSOtherSet::GetVCP(), vcp code = 16
2025/11/04 05:12:54.738 [T:0xbe1f9] [DisplayControl] Exit MCCSOtherSet::GetVCP()
2025/11/04 05:12:54.739 [T:0xbe1f9] [DisplayControl] Enter MCCSOtherSet::GetVCP(), vcp code = 16
2025/11/04 05:12:54.879 [T:0xbe1f9] [DisplayControl] Exit MCCSOtherSet::GetVCP()
2025/11/04 05:12:54.880 [T:0xbe1f9] [DisplayControl] Enter MCCSOtherSet::GetVCP(), vcp code = 16
2025/11/04 05:12:55.022 [T:0xbe1f9] [DisplayControl] Exit MCCSOtherSet::GetVCP()
2025/11/04 05:12:55.127 [T:0xbe1f9] [DisplayControl] Enter MCCSOtherSet::GetVCP(), vcp code = 141
2025/11/04 05:12:55.208 [T:0xbe1f9] [DisplayControl] Exit MCCSOtherSet::GetVCP()
2025/11/04 05:12:55.317 [T:0xbe1f9] [DisplayControl] Enter MCCSOtherSet::GetVCP(), vcp code = 20
2025/11/04 05:12:55.397 [T:0xbe1f9] [DisplayControl] Exit MCCSOtherSet::GetVCP()
2025/11/04 05:12:55.503 [T:0xbe1f9] [DisplayControl] Enter MCCSOtherSet::GetVCP(), vcp code = 98
2025/11/04 05:12:55.584 [T:0xbe1f9] [DisplayControl] Exit MCCSOtherSet::GetVCP()
2025/11/04 05:12:55.691 [T:0xbe1f9] [DisplayControl] Enter MCCSOtherSet::GetVCP(), vcp code = 4
2025/11/04 05:12:55.772 [T:0xbe1f9] [DisplayControl] Exit MCCSOtherSet::GetVCP()
2025/11/04 05:12:55.878 [T:0xbe1f9] [DisplayControl] Enter MCCSOtherSet::GetVCP(), vcp code = 43
2025/11/04 05:12:55.960 [T:0xbe1f9] [DisplayControl] Exit MCCSOtherSet::GetVCP()
2025/11/04 05:12:56.067 [T:0xbe1f9] [DisplayControl] Enter MCCSOtherSet::GetVCP(), vcp code = 245
2025/11/04 05:12:56.147 [T:0xbe1f9] [DisplayControl] Exit MCCSOtherSet::GetVCP()
2025/11/04 05:12:56.255 [T:0xbe1f9] [DisplayControl] Enter MCCSOtherSet::GetVCP(), vcp code = 135
2025/11/04 05:12:56.337 [T:0xbe1f9] [DisplayControl] Exit MCCSOtherSet::GetVCP()
2025/11/04 05:12:56.443 [T:0xbe1f9] [DisplayControl] Enter MCCSOtherSet::GetVCP(), vcp code = 96
2025/11/04 05:12:56.525 [T:0xbe1f9] [DisplayControl] Exit MCCSOtherSet::GetVCP()
2025/11/04 05:12:56.631 [T:0xbe1f9] [DisplayControl] Enter MCCSOtherSet::GetVCP(), vcp code = 220
2025/11/04 05:12:56.712 [T:0xbe1f9] [DisplayControl] Exit MCCSOtherSet::GetVCP()
2025/11/04 05:12:56.817 [T:0xbe1f9] [DisplayControl] Enter MCCSOtherSet::GetVCP(), vcp code = 97
2025/11/04 05:12:56.899 [T:0xbe1f9] [DisplayControl] Exit MCCSOtherSet::GetVCP()
2025/11/04 05:12:57.006 [T:0xbe1f9] [DisplayControl] Enter MCCSOtherSet::GetVCP(), vcp code = 18
2025/11/04 05:12:57.091 [T:0xbe1f9] [DisplayControl] Exit MCCSOtherSet::GetVCP()
2025/11/04 05:12:57.195 [T:0xbe1f9] [DisplayControl] Enter MCCSOtherSet::GetVCP(), vcp code = 51
2025/11/04 05:12:57.280 [T:0xbe1f9] [DisplayControl] Exit MCCSOtherSet::GetVCP()
2025/11/04 05:12:57.380 [T:0xbe1f9] [DisplayControl] Enter MCCSOtherSet::GetVCP(), vcp code = 225
2025/11/04 05:12:57.465 [T:0xbe1f9] [DisplayControl] Exit MCCSOtherSet::GetVCP()
2025/11/04 05:12:57.568 [T:0xbe1f9] [DisplayControl] Enter MCCSOtherSet::GetVCP(), vcp code = 16
2025/11/04 05:12:57.654 [T:0xbe1f9] [DisplayControl] Exit MCCSOtherSet::GetVCP()
2025/11/04 05:12:57.757 [T:0xbe1f9] [DisplayControl] Enter MCCSOtherSet::GetVCP(), vcp code = 141
2025/11/04 05:12:57.842 [T:0xbe1f9] [DisplayControl] Exit MCCSOtherSet::GetVCP()
2025/11/04 05:12:57.945 [T:0xbe1f9] [DisplayControl] Enter MCCSOtherSet::GetVCP(), vcp code = 98
2025/11/04 05:12:58.031 [T:0xbe1f9] [DisplayControl] Exit MCCSOtherSet::GetVCP()
2025/11/04 05:12:58.133 [T:0xbe1f9] [DisplayControl] Enter MCCSOtherSet::GetVCP(), vcp code = 4
2025/11/04 05:12:58.217 [T:0xbe1f9] [DisplayControl] Exit MCCSOtherSet::GetVCP()
2025/11/04 05:12:58.320 [T:0xbe1f9] [DisplayControl] Enter MCCSOtherSet::GetVCP(), vcp code = 43
2025/11/04 05:12:58.405 [T:0xbe1f9] [DisplayControl] Exit MCCSOtherSet::GetVCP()
2025/11/04 05:12:58.508 [T:0xbe1f9] [DisplayControl] Enter MCCSOtherSet::GetVCP(), vcp code = 236
2025/11/04 05:12:58.594 [T:0xbe1f9] [DisplayControl] Exit MCCSOtherSet::GetVCP()
2025/11/04 05:12:58.697 [T:0xbe1f9] [DisplayControl] Enter MCCSOtherSet::GetVCP(), vcp code = 135
2025/11/04 05:12:58.782 [T:0xbe1f9] [DisplayControl] Exit MCCSOtherSet::GetVCP()
2025/11/04 05:12:58.884 [T:0xbe1f9] [DisplayControl] Enter MCCSOtherSet::GetVCP(), vcp code = 96
2025/11/04 05:12:58.967 [T:0xbe1f9] [DisplayControl] Exit MCCSOtherSet::GetVCP()
2025/11/04 05:12:59.071 [T:0xbe1f9] [DisplayControl] Enter MCCSOtherSet::GetVCP(), vcp code = 226
2025/11/04 05:12:59.156 [T:0xbe1f9] [DisplayControl] Exit MCCSOtherSet::GetVCP()
2025/11/04 05:12:59.258 [T:0xbe1f9] [DisplayControl] Enter MCCSOtherSet::GetVCP(), vcp code = 220
2025/11/04 05:12:59.343 [T:0xbe1f9] [DisplayControl] Exit MCCSOtherSet::GetVCP()
2025/11/04 05:12:59.446 [T:0xbe1f9] [DisplayControl] Enter MCCSOtherSet::GetVCP(), vcp code = 97
2025/11/04 05:12:59.531 [T:0xbe1f9] [DisplayControl] Exit MCCSOtherSet::GetVCP()
2025/11/04 05:13:48.396 [T:0xfa94e] [DisplayControl] Enter MCCSOtherSet::GetVCP(), vcp code = 96
2025/11/04 05:13:48.495 [T:0xfa94e] [DisplayControl] Exit MCCSOtherSet::GetVCP()
2025/11/04 05:13:48.709 [T:0x0d2cb] [DisplayControl] Enter MCCSOtherSet::GetVCP(), vcp code = 18
2025/11/04 05:13:48.804 [T:0x0d2cb] [DisplayControl] Exit MCCSOtherSet::GetVCP()
2025/11/04 05:13:48.804 [T:0x0d2cb] [DisplayControl] Enter MCCSOtherSet::GetVCP(), vcp code = 18
2025/11/04 05:13:48.945 [T:0x0d2cb] [DisplayControl] Exit MCCSOtherSet::GetVCP()
2025/11/04 05:13:48.946 [T:0x0d2cb] [DisplayControl] Enter MCCSOtherSet::GetVCP(), vcp code = 18
2025/11/04 05:13:49.087 [T:0x0d2cb] [DisplayControl] Exit MCCSOtherSet::GetVCP()
2025/11/04 05:13:49.088 [T:0x0d2cb] [DisplayControl] Enter MCCSOtherSet::GetVCP(), vcp code = 18
2025/11/04 05:13:49.228 [T:0x0d2cb] [DisplayControl] Exit MCCSOtherSet::GetVCP()
2025/11/04 05:13:49.229 [T:0x0d2cb] [DisplayControl] Enter MCCSOtherSet::GetVCP(), vcp code = 18
2025/11/04 05:13:49.369 [T:0x0d2cb] [DisplayControl] Exit MCCSOtherSet::GetVCP()
2025/11/04 05:13:49.369 [T:0x0d2cb] [DisplayControl] Enter MCCSOtherSet::GetVCP(), vcp code = 18
2025/11/04 05:13:49.508 [T:0x0d2cb] [DisplayControl] Exit MCCSOtherSet::GetVCP()
2025/11/04 05:13:49.508 [T:0x0d2cb] [DisplayControl] Enter MCCSOtherSet::GetVCP(), vcp code = 18
2025/11/04 05:13:49.648 [T:0x0d2cb] [DisplayControl] Exit MCCSOtherSet::GetVCP()
2025/11/04 05:13:49.649 [T:0x0d2cb] [DisplayControl] Enter MCCSOtherSet::GetVCP(), vcp code = 18
2025/11/04 05:13:49.790 [T:0x0d2cb] [DisplayControl] Exit MCCSOtherSet::GetVCP()
2025/11/04 05:13:49.791 [T:0x0d2cb] [DisplayControl] Enter MCCSOtherSet::GetVCP(), vcp code = 18
2025/11/04 05:13:49.930 [T:0x0d2cb] [DisplayControl] Exit MCCSOtherSet::GetVCP()
2025/11/04 05:13:49.930 [T:0x0d2cb] [DisplayControl] Enter MCCSOtherSet::GetVCP(), vcp code = 18
2025/11/04 05:13:50.071 [T:0x0d2cb] [DisplayControl] Exit MCCSOtherSet::GetVCP()
2025/11/04 05:13:50.071 [T:0x0d2cb] [DisplayControl] Enter MCCSOtherSet::GetVCP(), vcp code = 18
2025/11/04 05:13:50.212 [T:0x0d2cb] [DisplayControl] Exit MCCSOtherSet::GetVCP()
2025/11/04 05:13:50.213 [T:0x0d2cb] [DisplayControl] Enter MCCSOtherSet::GetVCP(), vcp code = 18
2025/11/04 05:13:50.353 [T:0x0d2cb] [DisplayControl] Exit MCCSOtherSet::GetVCP()
2025/11/04 05:13:50.354 [T:0x0d2cb] [DisplayControl] Enter MCCSOtherSet::GetVCP(), vcp code = 18
2025/11/04 05:13:50.495 [T:0x0d2cb] [DisplayControl] Exit MCCSOtherSet::GetVCP()
2025/11/04 05:13:50.495 [T:0x0d2cb] [DisplayControl] Enter MCCSOtherSet::GetVCP(), vcp code = 18
2025/11/04 05:13:50.635 [T:0x0d2cb] [DisplayControl] Exit MCCSOtherSet::GetVCP()
2025/11/04 05:13:50.635 [T:0x0d2cb] [DisplayControl] Enter MCCSOtherSet::GetVCP(), vcp code = 18
2025/11/04 05:13:50.777 [T:0x0d2cb] [DisplayControl] Exit MCCSOtherSet::GetVCP()
2025/11/04 05:13:50.777 [T:0x0d2cb] [DisplayControl] Enter MCCSOtherSet::GetVCP(), vcp code = 18
2025/11/04 05:13:50.917 [T:0x0d2cb] [DisplayControl] Exit MCCSOtherSet::GetVCP()
2025/11/04 05:13:50.917 [T:0x0d2cb] [DisplayControl] Enter MCCSOtherSet::GetVCP(), vcp code = 18
2025/11/04 05:13:51.058 [T:0x0d2cb] [DisplayControl] Exit MCCSOtherSet::GetVCP()
2025/11/04 05:13:51.059 [T:0x0d2cb] [DisplayControl] Enter MCCSOtherSet::GetVCP(), vcp code = 18
2025/11/04 05:13:51.201 [T:0x0d2cb] [DisplayControl] Exit MCCSOtherSet::GetVCP()
2025/11/04 05:13:51.201 [T:0x0d2cb] [DisplayControl] Enter MCCSOtherSet::GetVCP(), vcp code = 18
2025/11/04 05:13:51.342 [T:0x0d2cb] [DisplayControl] Exit MCCSOtherSet::GetVCP()
2025/11/04 05:13:51.342 [T:0x0d2cb] [DisplayControl] Enter MCCSOtherSet::GetVCP(), vcp code = 18
2025/11/04 05:13:51.482 [T:0x0d2cb] [DisplayControl] Exit MCCSOtherSet::GetVCP()
2025/11/04 05:13:51.483 [T:0x0d2cb] [DisplayControl] Enter MCCSOtherSet::GetVCP(), vcp code = 18
2025/11/04 05:13:51.622 [T:0x0d2cb] [DisplayControl] Exit MCCSOtherSet::GetVCP()
2025/11/04 05:13:51.622 [T:0x0d2cb] [DisplayControl] Enter MCCSOtherSet::GetVCP(), vcp code = 18
2025/11/04 05:13:51.763 [T:0x0d2cb] [DisplayControl] Exit MCCSOtherSet::GetVCP()
2025/11/04 05:13:51.764 [T:0x0d2cb] [DisplayControl] Enter MCCSOtherSet::GetVCP(), vcp code = 18
2025/11/04 05:13:51.904 [T:0x0d2cb] [DisplayControl] Exit MCCSOtherSet::GetVCP()
2025/11/04 05:13:51.905 [T:0x0d2cb] [DisplayControl] Enter MCCSOtherSet::GetVCP(), vcp code = 18
2025/11/04 05:13:52.046 [T:0x0d2cb] [DisplayControl] Exit MCCSOtherSet::GetVCP()
2025/11/04 05:13:52.047 [T:0x0d2cb] [DisplayControl] Enter MCCSOtherSet::GetVCP(), vcp code = 18
2025/11/04 05:13:52.187 [T:0x0d2cb] [DisplayControl] Exit MCCSOtherSet::GetVCP()
2025/11/04 05:13:52.187 [T:0x0d2cb] [DisplayControl] Enter MCCSOtherSet::GetVCP(), vcp code = 18
2025/11/04 05:13:52.329 [T:0x0d2cb] [DisplayControl] Exit MCCSOtherSet::GetVCP()
2025/11/04 05:13:52.329 [T:0x0d2cb] [DisplayControl] Enter MCCSOtherSet::GetVCP(), vcp code = 18
2025/11/04 05:13:52.470 [T:0x0d2cb] [DisplayControl] Exit MCCSOtherSet::GetVCP()
2025/11/04 05:13:52.470 [T:0x0d2cb] [DisplayControl] Enter MCCSOtherSet::GetVCP(), vcp code = 18
2025/11/04 05:13:52.611 [T:0x0d2cb] [DisplayControl] Exit MCCSOtherSet::GetVCP()
2025/11/04 05:13:52.612 [T:0x0d2cb] [DisplayControl] Enter MCCSOtherSet::GetVCP(), vcp code = 18
2025/11/04 05:13:52.752 [T:0x0d2cb] [DisplayControl] Exit MCCSOtherSet::GetVCP()
2025/11/04 05:13:52.752 [T:0x0d2cb] [DisplayControl] Enter MCCSOtherSet::GetVCP(), vcp code = 18
2025/11/04 05:13:52.893 [T:0x0d2cb] [DisplayControl] Exit MCCSOtherSet::GetVCP()
2025/11/04 05:13:52.894 [T:0x0d2cb] [DisplayControl] Enter MCCSOtherSet::GetVCP(), vcp code = 18
2025/11/04 05:13:53.036 [T:0x0d2cb] [DisplayControl] Exit MCCSOtherSet::GetVCP()
2025/11/04 05:13:53.037 [T:0x0d2cb] [DisplayControl] Enter MCCSOtherSet::GetVCP(), vcp code = 18
2025/11/04 05:13:53.178 [T:0x0d2cb] [DisplayControl] Exit MCCSOtherSet::GetVCP()
2025/11/04 05:13:53.178 [T:0x0d2cb] [DisplayControl] Enter MCCSOtherSet::GetVCP(), vcp code = 18
2025/11/04 05:13:53.319 [T:0x0d2cb] [DisplayControl] Exit MCCSOtherSet::GetVCP()
2025/11/04 05:13:53.320 [T:0x0d2cb] [DisplayControl] Enter MCCSOtherSet::GetVCP(), vcp code = 18
2025/11/04 05:13:53.460 [T:0x0d2cb] [DisplayControl] Exit MCCSOtherSet::GetVCP()
2025/11/04 05:13:53.460 [T:0x0d2cb] [DisplayControl] Enter MCCSOtherSet::GetVCP(), vcp code = 18
2025/11/04 05:13:53.600 [T:0x0d2cb] [DisplayControl] Exit MCCSOtherSet::GetVCP()
2025/11/04 05:13:53.601 [T:0x0d2cb] [DisplayControl] Enter MCCSOtherSet::GetVCP(), vcp code = 18
2025/11/04 05:13:53.741 [T:0x0d2cb] [DisplayControl] Exit MCCSOtherSet::GetVCP()
2025/11/04 05:13:53.848 [T:0x0d2cb] [DisplayControl] Enter MCCSOtherSet::GetVCP(), vcp code = 51
2025/11/04 05:13:53.929 [T:0x0d2cb] [DisplayControl] Exit MCCSOtherSet::GetVCP()
2025/11/04 05:13:54.036 [T:0x0d2cb] [DisplayControl] Enter MCCSOtherSet::GetVCP(), vcp code = 225
2025/11/04 05:13:54.118 [T:0x0d2cb] [DisplayControl] Exit MCCSOtherSet::GetVCP()
2025/11/04 05:13:54.224 [T:0x0d2cb] [DisplayControl] Enter MCCSOtherSet::GetVCP(), vcp code = 16
2025/11/04 05:13:54.303 [T:0x0d2cb] [DisplayControl] Exit MCCSOtherSet::GetVCP()
2025/11/04 05:13:54.303 [T:0x0d2cb] [DisplayControl] Enter MCCSOtherSet::GetVCP(), vcp code = 16
2025/11/04 05:13:54.446 [T:0x0d2cb] [DisplayControl] Exit MCCSOtherSet::GetVCP()
2025/11/04 05:13:54.446 [T:0x0d2cb] [DisplayControl] Enter MCCSOtherSet::GetVCP(), vcp code = 16
2025/11/04 05:13:54.587 [T:0x0d2cb] [DisplayControl] Exit MCCSOtherSet::GetVCP()
2025/11/04 05:13:54.587 [T:0x0d2cb] [DisplayControl] Enter MCCSOtherSet::GetVCP(), vcp code = 16
2025/11/04 05:13:54.728 [T:0x0d2cb] [DisplayControl] Exit MCCSOtherSet::GetVCP()
2025/11/04 05:13:54.728 [T:0x0d2cb] [DisplayControl] Enter MCCSOtherSet::GetVCP(), vcp code = 16
2025/11/04 05:13:54.868 [T:0x0d2cb] [DisplayControl] Exit MCCSOtherSet::GetVCP()
2025/11/04 05:13:54.868 [T:0x0d2cb] [DisplayControl] Enter MCCSOtherSet::GetVCP(), vcp code = 16
2025/11/04 05:13:55.008 [T:0x0d2cb] [DisplayControl] Exit MCCSOtherSet::GetVCP()
2025/11/04 05:13:55.014 [T:0x0d2cb] [DisplayControl] Enter MCCSOtherSet::GetVCP(), vcp code = 16
2025/11/04 05:13:55.150 [T:0x0d2cb] [DisplayControl] Exit MCCSOtherSet::GetVCP()
2025/11/04 05:13:55.150 [T:0x0d2cb] [DisplayControl] Enter MCCSOtherSet::GetVCP(), vcp code = 16
2025/11/04 05:13:55.292 [T:0x0d2cb] [DisplayControl] Exit MCCSOtherSet::GetVCP()
2025/11/04 05:13:55.292 [T:0x0d2cb] [DisplayControl] Enter MCCSOtherSet::GetVCP(), vcp code = 16
2025/11/04 05:13:55.431 [T:0x0d2cb] [DisplayControl] Exit MCCSOtherSet::GetVCP()
2025/11/04 05:13:55.432 [T:0x0d2cb] [DisplayControl] Enter MCCSOtherSet::GetVCP(), vcp code = 16
2025/11/04 05:13:55.571 [T:0x0d2cb] [DisplayControl] Exit MCCSOtherSet::GetVCP()
2025/11/04 05:13:55.571 [T:0x0d2cb] [DisplayControl] Enter MCCSOtherSet::GetVCP(), vcp code = 16
2025/11/04 05:13:55.712 [T:0x0d2cb] [DisplayControl] Exit MCCSOtherSet::GetVCP()
2025/11/04 05:13:55.713 [T:0x0d2cb] [DisplayControl] Enter MCCSOtherSet::GetVCP(), vcp code = 16
2025/11/04 05:13:55.854 [T:0x0d2cb] [DisplayControl] Exit MCCSOtherSet::GetVCP()
2025/11/04 05:13:55.854 [T:0x0d2cb] [DisplayControl] Enter MCCSOtherSet::GetVCP(), vcp code = 16
2025/11/04 05:13:55.994 [T:0x0d2cb] [DisplayControl] Exit MCCSOtherSet::GetVCP()
2025/11/04 05:13:55.994 [T:0x0d2cb] [DisplayControl] Enter MCCSOtherSet::GetVCP(), vcp code = 16
2025/11/04 05:13:56.135 [T:0x0d2cb] [DisplayControl] Exit MCCSOtherSet::GetVCP()
2025/11/04 05:13:56.135 [T:0x0d2cb] [DisplayControl] Enter MCCSOtherSet::GetVCP(), vcp code = 16
2025/11/04 05:13:56.274 [T:0x0d2cb] [DisplayControl] Exit MCCSOtherSet::GetVCP()
2025/11/04 05:13:56.274 [T:0x0d2cb] [DisplayControl] Enter MCCSOtherSet::GetVCP(), vcp code = 16
2025/11/04 05:13:56.415 [T:0x0d2cb] [DisplayControl] Exit MCCSOtherSet::GetVCP()
2025/11/04 05:13:56.415 [T:0x0d2cb] [DisplayControl] Enter MCCSOtherSet::GetVCP(), vcp code = 16
2025/11/04 05:13:56.555 [T:0x0d2cb] [DisplayControl] Exit MCCSOtherSet::GetVCP()
2025/11/04 05:13:56.555 [T:0x0d2cb] [DisplayControl] Enter MCCSOtherSet::GetVCP(), vcp code = 16
2025/11/04 05:13:56.696 [T:0x0d2cb] [DisplayControl] Exit MCCSOtherSet::GetVCP()
2025/11/04 05:13:56.696 [T:0x0d2cb] [DisplayControl] Enter MCCSOtherSet::GetVCP(), vcp code = 16
2025/11/04 05:13:56.835 [T:0x0d2cb] [DisplayControl] Exit MCCSOtherSet::GetVCP()
2025/11/04 05:13:56.835 [T:0x0d2cb] [DisplayControl] Enter MCCSOtherSet::GetVCP(), vcp code = 16
2025/11/04 05:13:56.977 [T:0x0d2cb] [DisplayControl] Exit MCCSOtherSet::GetVCP()
2025/11/04 05:13:56.978 [T:0x0d2cb] [DisplayControl] Enter MCCSOtherSet::GetVCP(), vcp code = 16
2025/11/04 05:13:57.120 [T:0x0d2cb] [DisplayControl] Exit MCCSOtherSet::GetVCP()
2025/11/04 05:13:57.120 [T:0x0d2cb] [DisplayControl] Enter MCCSOtherSet::GetVCP(), vcp code = 16
2025/11/04 05:13:57.260 [T:0x0d2cb] [DisplayControl] Exit MCCSOtherSet::GetVCP()
2025/11/04 05:13:57.260 [T:0x0d2cb] [DisplayControl] Enter MCCSOtherSet::GetVCP(), vcp code = 16
2025/11/04 05:13:57.402 [T:0x0d2cb] [DisplayControl] Exit MCCSOtherSet::GetVCP()
2025/11/04 05:13:57.402 [T:0x0d2cb] [DisplayControl] Enter MCCSOtherSet::GetVCP(), vcp code = 16
2025/11/04 05:13:57.541 [T:0x0d2cb] [DisplayControl] Exit MCCSOtherSet::GetVCP()
2025/11/04 05:13:57.542 [T:0x0d2cb] [DisplayControl] Enter MCCSOtherSet::GetVCP(), vcp code = 16
2025/11/04 05:13:57.682 [T:0x0d2cb] [DisplayControl] Exit MCCSOtherSet::GetVCP()
2025/11/04 05:13:57.683 [T:0x0d2cb] [DisplayControl] Enter MCCSOtherSet::GetVCP(), vcp code = 16
2025/11/04 05:13:57.823 [T:0x0d2cb] [DisplayControl] Exit MCCSOtherSet::GetVCP()
2025/11/04 05:13:57.823 [T:0x0d2cb] [DisplayControl] Enter MCCSOtherSet::GetVCP(), vcp code = 16
2025/11/04 05:13:57.964 [T:0x0d2cb] [DisplayControl] Exit MCCSOtherSet::GetVCP()
2025/11/04 05:13:57.965 [T:0x0d2cb] [DisplayControl] Enter MCCSOtherSet::GetVCP(), vcp code = 16
2025/11/04 05:13:58.104 [T:0x0d2cb] [DisplayControl] Exit MCCSOtherSet::GetVCP()
2025/11/04 05:13:58.104 [T:0x0d2cb] [DisplayControl] Enter MCCSOtherSet::GetVCP(), vcp code = 16
2025/11/04 05:13:58.246 [T:0x0d2cb] [DisplayControl] Exit MCCSOtherSet::GetVCP()
2025/11/04 05:13:58.246 [T:0x0d2cb] [DisplayControl] Enter MCCSOtherSet::GetVCP(), vcp code = 16
2025/11/04 05:13:58.386 [T:0x0d2cb] [DisplayControl] Exit MCCSOtherSet::GetVCP()
2025/11/04 05:13:58.387 [T:0x0d2cb] [DisplayControl] Enter MCCSOtherSet::GetVCP(), vcp code = 16
2025/11/04 05:13:58.527 [T:0x0d2cb] [DisplayControl] Exit MCCSOtherSet::GetVCP()
2025/11/04 05:13:58.528 [T:0x0d2cb] [DisplayControl] Enter MCCSOtherSet::GetVCP(), vcp code = 16
2025/11/04 05:13:58.668 [T:0x0d2cb] [DisplayControl] Exit MCCSOtherSet::GetVCP()
2025/11/04 05:13:58.669 [T:0x0d2cb] [DisplayControl] Enter MCCSOtherSet::GetVCP(), vcp code = 16
2025/11/04 05:13:58.808 [T:0x0d2cb] [DisplayControl] Exit MCCSOtherSet::GetVCP()
2025/11/04 05:13:58.808 [T:0x0d2cb] [DisplayControl] Enter MCCSOtherSet::GetVCP(), vcp code = 16
2025/11/04 05:13:58.946 [T:0x0d2cb] [DisplayControl] Exit MCCSOtherSet::GetVCP()
2025/11/04 05:13:58.946 [T:0x0d2cb] [DisplayControl] Enter MCCSOtherSet::GetVCP(), vcp code = 16
2025/11/04 05:13:59.090 [T:0x0d2cb] [DisplayControl] Exit MCCSOtherSet::GetVCP()
2025/11/04 05:13:59.090 [T:0x0d2cb] [DisplayControl] Enter MCCSOtherSet::GetVCP(), vcp code = 16
2025/11/04 05:13:59.230 [T:0x0d2cb] [DisplayControl] Exit MCCSOtherSet::GetVCP()
2025/11/04 05:13:59.336 [T:0x0d2cb] [DisplayControl] Enter MCCSOtherSet::GetVCP(), vcp code = 141
2025/11/04 05:13:59.447 [T:0x0d2cb] [DisplayControl] Exit MCCSOtherSet::GetVCP()
2025/11/04 05:13:59.552 [T:0x0d2cb] [DisplayControl] Enter MCCSOtherSet::GetVCP(), vcp code = 20
2025/11/04 05:13:59.633 [T:0x0d2cb] [DisplayControl] Exit MCCSOtherSet::GetVCP()
2025/11/04 05:13:59.740 [T:0x0d2cb] [DisplayControl] Enter MCCSOtherSet::GetVCP(), vcp code = 98
2025/11/04 05:13:59.822 [T:0x0d2cb] [DisplayControl] Exit MCCSOtherSet::GetVCP()
2025/11/04 05:13:59.929 [T:0x0d2cb] [DisplayControl] Enter MCCSOtherSet::GetVCP(), vcp code = 4
2025/11/04 05:14:00.010 [T:0x0d2cb] [DisplayControl] Exit MCCSOtherSet::GetVCP()
2025/11/04 05:14:00.116 [T:0x0d2cb] [DisplayControl] Enter MCCSOtherSet::GetVCP(), vcp code = 43
2025/11/04 05:14:00.197 [T:0x0d2cb] [DisplayControl] Exit MCCSOtherSet::GetVCP()
2025/11/04 05:14:00.304 [T:0x0d2cb] [DisplayControl] Enter MCCSOtherSet::GetVCP(), vcp code = 245
2025/11/04 05:14:00.386 [T:0x0d2cb] [DisplayControl] Exit MCCSOtherSet::GetVCP()
2025/11/04 05:14:00.492 [T:0x0d2cb] [DisplayControl] Enter MCCSOtherSet::GetVCP(), vcp code = 135
2025/11/04 05:14:00.574 [T:0x0d2cb] [DisplayControl] Exit MCCSOtherSet::GetVCP()
2025/11/04 05:14:00.680 [T:0x0d2cb] [DisplayControl] Enter MCCSOtherSet::GetVCP(), vcp code = 96
2025/11/04 05:14:00.760 [T:0x0d2cb] [DisplayControl] Exit MCCSOtherSet::GetVCP()
2025/11/04 05:14:00.867 [T:0x0d2cb] [DisplayControl] Enter MCCSOtherSet::GetVCP(), vcp code = 220
2025/11/04 05:14:00.947 [T:0x0d2cb] [DisplayControl] Exit MCCSOtherSet::GetVCP()
2025/11/04 05:14:01.055 [T:0x0d2cb] [DisplayControl] Enter MCCSOtherSet::GetVCP(), vcp code = 97
2025/11/04 05:14:01.136 [T:0x0d2cb] [DisplayControl] Exit MCCSOtherSet::GetVCP()
2025/11/04 05:14:05.155 [T:0x0d2cb] [DisplayControl] Enter MCCSOtherSet::SetVCP(), vcp code = 4
2025/11/04 05:14:06.089 [T:0x0d2cb] [DisplayControl] Exit MCCSOtherSet::SetVCP()
2025/11/04 05:14:11.213 [T:0x0d2cb] [DisplayControl] Enter OperationThread::ExitThread
2025/11/04 05:14:11.213 [T:0x0d2cb] [DisplayControl] Exit OperationThread::ExitThread
2025/11/04 05:14:11.214 [T:0x0d2cb] [DisplayControl] Enter OperationThread::~OperationThread()
2025/11/04 05:14:11.214 [T:0x0d2cb] [DisplayControl] Enter OperationThread::ExitThread
2025/11/04 05:14:11.214 [T:0x0d2cb] [DisplayControl] Enter OperationThread::ExitThread
2025/11/04 05:14:11.214 [T:0x0d2cb] [DisplayControl] Exit OperationThread::ExitThread
2025/11/04 05:14:11.214 [T:0x0d2cb] [DisplayControl] Enter OperationThread::~OperationThread()
2025/11/04 05:14:11.214 [T:0x0d2cb] [DisplayControl] Enter OperationThread::ExitThread
2025/11/04 05:14:11.238 [T:0x0d2cb] [DbgStr] After calling display_control_client_listener_video_port_.UpdateAllDisplayPath()
2025/11/04 05:14:11.257 [T:0x0d2cb] [DbgStr] After calling display_control_client_listener_.GetAllDisplayEDID()
2025/11/04 05:14:11.259 [T:0x0d2cb] [DisplayControl] Version = 3.0.6.0
2025/11/04 05:14:11.259 [T:0x0d2cb] [DisplayControl] Enter ObtainControlHandler1
2025/11/04 05:14:11.259 [T:0x0d2cb] [DisplayControl] GetVideoPortCommander
2025/11/04 05:14:11.259 [T:0x0d2cb] [DisplayControl] GetUSBHubCommander
2025/11/04 05:14:11.259 [T:0x0d2cb] ====== List p_lpo_display_info_video_port, # of devices is ======2
2025/11/04 05:14:11.259 [T:0x0d2cb] [DisplayControl] index of p_lpo_display_info_video_port0
2025/11/04 05:14:11.259 [T:0x0d2cb] [DisplayControl] Model name from VideoPort = VG2458
2025/11/04 05:14:11.259 [T:0x0d2cb] [DisplayControl] SN from VideoPort = YDJ243400006
2025/11/04 05:14:11.259 [T:0x0d2cb] [DisplayControl] index of p_lpo_display_info_video_port1
2025/11/04 05:14:11.259 [T:0x0d2cb] [DisplayControl] Model name from VideoPort = VG275
2025/11/04 05:14:11.259 [T:0x0d2cb] [DisplayControl] SN from VideoPort = XF6232400003
2025/11/04 05:14:11.259 [T:0x0d2cb] ====== List p_lpo_display_info_rtd_scalar_rts_hub, # of devices is ======0
2025/11/04 05:14:11.259 [T:0x0d2cb] [DisplayControl] GetVSRtkHubControlClientListener
2025/11/04 05:14:11.259 [T:0x0d2cb] [DisplayControl] max monitor count = 2
2025/11/04 05:14:11.260 [T:0x0d2cb] [DisplayControl] index of display_info_vec = 0
2025/11/04 05:14:11.260 [T:0x0d2cb] [DisplayControl] index of p_lpo_display_info_video_port = 0
2025/11/04 05:14:11.260 [T:0x0d2cb] [DisplayControl] VideoPortMatchingRule
2025/11/04 05:14:11.260 [T:0x0d2cb] [DisplayControl] monitor display_info_model_name = VG2458
2025/11/04 05:14:11.260 [T:0x0d2cb] [DisplayControl] monitor video_port_model_name = VG2458
2025/11/04 05:14:11.260 [T:0x0d2cb] [DisplayControl] monitor display_info_sn = YDJ243400006
2025/11/04 05:14:11.260 [T:0x0d2cb] [DisplayControl] monitor video_port_sn = YDJ243400006
2025/11/04 05:14:11.260 [T:0x0d2cb] [DisplayControl] model_name_match = 1
2025/11/04 05:14:11.260 [T:0x0d2cb] [DisplayControl] sn_match = 1
2025/11/04 05:14:11.260 [T:0x0d2cb] [DisplayControl] video_port is_match = 1
2025/11/04 05:14:11.260 [T:0x0d2cb] [DisplayControl] index of display_info_vec = 1
2025/11/04 05:14:11.260 [T:0x0d2cb] [DisplayControl] index of p_lpo_display_info_video_port = 0
2025/11/04 05:14:11.260 [T:0x0d2cb] [DisplayControl] VideoPortMatchingRule
2025/11/04 05:14:11.260 [T:0x0d2cb] [DisplayControl] monitor display_info_model_name = VG275
2025/11/04 05:14:11.260 [T:0x0d2cb] [DisplayControl] monitor video_port_model_name = VG2458
2025/11/04 05:14:11.260 [T:0x0d2cb] [DisplayControl] monitor display_info_sn = XF6232400003
2025/11/04 05:14:11.260 [T:0x0d2cb] [DisplayControl] monitor video_port_sn = YDJ243400006
2025/11/04 05:14:11.260 [T:0x0d2cb] [DisplayControl] model_name_match = 0
2025/11/04 05:14:11.260 [T:0x0d2cb] [DisplayControl] sn_match = 0
2025/11/04 05:14:11.260 [T:0x0d2cb] [DisplayControl] video_port is_match = 0
2025/11/04 05:14:11.260 [T:0x0d2cb] [DisplayControl] index of display_info_vec = 1
2025/11/04 05:14:11.260 [T:0x0d2cb] [DisplayControl] index of p_lpo_display_info_video_port = 1
2025/11/04 05:14:11.260 [T:0x0d2cb] [DisplayControl] VideoPortMatchingRule
2025/11/04 05:14:11.260 [T:0x0d2cb] [DisplayControl] monitor display_info_model_name = VG275
2025/11/04 05:14:11.260 [T:0x0d2cb] [DisplayControl] monitor video_port_model_name = VG275
2025/11/04 05:14:11.260 [T:0x0d2cb] [DisplayControl] monitor display_info_sn = XF6232400003
2025/11/04 05:14:11.260 [T:0x0d2cb] [DisplayControl] monitor video_port_sn = XF6232400003
2025/11/04 05:14:11.260 [T:0x0d2cb] [DisplayControl] model_name_match = 1
2025/11/04 05:14:11.261 [T:0x0d2cb] [DisplayControl] sn_match = 1
2025/11/04 05:14:11.261 [T:0x0d2cb] [DisplayControl] video_port is_match = 1
2025/11/04 05:14:11.261 [T:0x0d2cb] [DisplayControl] i = 0
2025/11/04 05:14:11.261 [T:0x0d2cb] [DisplayControl] Enter OperationThread::OperationThread()
2025/11/04 05:14:11.261 [T:0x0d2cb] [DisplayControl] Enter OperationThread::CreateThread
2025/11/04 05:14:11.261 [T:0x0d2cb] [DisplayControl] new DisplayFunctioner
2025/11/04 05:14:11.261 [T:0x0d2cb] [DisplayControl] insert displayer_vector
2025/11/04 05:14:11.261 [T:0x0d2cb] [DisplayControl] insert modelName_SN_to_Display_map
2025/11/04 05:14:11.261 [T:0x0d2cb] [DisplayControl] insert device_id_to_Displayer_map_
2025/11/04 05:14:11.261 [T:0x0d2cb] [DisplayControl] i = 1
2025/11/04 05:14:11.261 [T:0x0d2cb] [DisplayControl] Enter OperationThread::OperationThread()
2025/11/04 05:14:11.261 [T:0x0d2cb] [DisplayControl] Enter OperationThread::CreateThread
2025/11/04 05:14:11.261 [T:0x0d2cb] [DisplayControl] new DisplayFunctioner
2025/11/04 05:14:11.261 [T:0x0d2cb] [DisplayControl] insert displayer_vector
2025/11/04 05:14:11.261 [T:0x0d2cb] [DisplayControl] insert modelName_SN_to_Display_map
2025/11/04 05:14:11.261 [T:0x0d2cb] [DisplayControl] insert device_id_to_Displayer_map_
2025/11/04 05:14:11.261 [T:0x0d2cb] [DisplayControl] monitor size = 2
2025/11/04 05:14:11.261 [T:0x0d2cb] [DisplayControl] Exit ObtainControlHandler
2025/11/04 05:14:11.261 [T:0x0d2cb] [DisplayControl] Enter MCCSOtherSet::GetVCP(), vcp code = 16
2025/11/04 05:14:11.343 [T:0x0d2cb] [DisplayControl] Exit MCCSOtherSet::GetVCP()
2025/11/04 05:14:11.343 [T:0x0d2cb] [DisplayControl] Enter MCCSOtherSet::GetVCP(), vcp code = 18
2025/11/04 05:14:11.483 [T:0x0d2cb] [DisplayControl] Exit MCCSOtherSet::GetVCP()
2025/11/04 05:14:11.592 [T:0x0d2cb] [DisplayControl] Enter MCCSOtherSet::GetVCP(), vcp code = 51
2025/11/04 05:14:11.674 [T:0x0d2cb] [DisplayControl] Exit MCCSOtherSet::GetVCP()
2025/11/04 05:14:11.783 [T:0x0d2cb] [DisplayControl] Enter MCCSOtherSet::GetVCP(), vcp code = 225
2025/11/04 05:14:11.864 [T:0x0d2cb] [DisplayControl] Exit MCCSOtherSet::GetVCP()
2025/11/04 05:14:11.973 [T:0x0d2cb] [DisplayControl] Enter MCCSOtherSet::GetVCP(), vcp code = 16
2025/11/04 05:14:12.054 [T:0x0d2cb] [DisplayControl] Exit MCCSOtherSet::GetVCP()
2025/11/04 05:14:12.163 [T:0x0d2cb] [DisplayControl] Enter MCCSOtherSet::GetVCP(), vcp code = 141
2025/11/04 05:14:12.244 [T:0x0d2cb] [DisplayControl] Exit MCCSOtherSet::GetVCP()
2025/11/04 05:14:12.351 [T:0x0d2cb] [DisplayControl] Enter MCCSOtherSet::GetVCP(), vcp code = 20
2025/11/04 05:14:12.432 [T:0x0d2cb] [DisplayControl] Exit MCCSOtherSet::GetVCP()
2025/11/04 05:14:12.541 [T:0x0d2cb] [DisplayControl] Enter MCCSOtherSet::GetVCP(), vcp code = 98
2025/11/04 05:14:12.623 [T:0x0d2cb] [DisplayControl] Exit MCCSOtherSet::GetVCP()
2025/11/04 05:14:12.729 [T:0x0d2cb] [DisplayControl] Enter MCCSOtherSet::GetVCP(), vcp code = 4
2025/11/04 05:14:12.809 [T:0x0d2cb] [DisplayControl] Exit MCCSOtherSet::GetVCP()
2025/11/04 05:14:12.916 [T:0x0d2cb] [DisplayControl] Enter MCCSOtherSet::GetVCP(), vcp code = 43
2025/11/04 05:14:12.997 [T:0x0d2cb] [DisplayControl] Exit MCCSOtherSet::GetVCP()
2025/11/04 05:14:13.105 [T:0x0d2cb] [DisplayControl] Enter MCCSOtherSet::GetVCP(), vcp code = 245
2025/11/04 05:14:13.187 [T:0x0d2cb] [DisplayControl] Exit MCCSOtherSet::GetVCP()
2025/11/04 05:14:13.293 [T:0x0d2cb] [DisplayControl] Enter MCCSOtherSet::GetVCP(), vcp code = 135
2025/11/04 05:14:13.373 [T:0x0d2cb] [DisplayControl] Exit MCCSOtherSet::GetVCP()
2025/11/04 05:14:13.479 [T:0x0d2cb] [DisplayControl] Enter MCCSOtherSet::GetVCP(), vcp code = 96
2025/11/04 05:14:13.560 [T:0x0d2cb] [DisplayControl] Exit MCCSOtherSet::GetVCP()
2025/11/04 05:14:13.591 [T:0xfa94e] [DisplayControl] Enter MCCSOtherSet::GetVCP(), vcp code = 96
2025/11/04 05:14:13.666 [T:0x0d2cb] [DisplayControl] Enter MCCSOtherSet::GetVCP(), vcp code = 220
2025/11/04 05:14:13.704 [T:0xfa94e] [DisplayControl] Exit MCCSOtherSet::GetVCP()
2025/11/04 05:14:13.879 [T:0x0d2cb] [DisplayControl] Exit MCCSOtherSet::GetVCP()
2025/11/04 05:14:13.981 [T:0x0d2cb] [DisplayControl] Enter MCCSOtherSet::GetVCP(), vcp code = 97
2025/11/04 05:14:14.200 [T:0x0d2cb] [DisplayControl] Exit MCCSOtherSet::GetVCP()
2025/11/04 05:14:14.305 [T:0x0d2cb] [DisplayControl] Enter MCCSOtherSet::GetVCP(), vcp code = 18
2025/11/04 05:14:14.391 [T:0x0d2cb] [DisplayControl] Exit MCCSOtherSet::GetVCP()
2025/11/04 05:14:14.494 [T:0x0d2cb] [DisplayControl] Enter MCCSOtherSet::GetVCP(), vcp code = 51
2025/11/04 05:14:14.580 [T:0x0d2cb] [DisplayControl] Exit MCCSOtherSet::GetVCP()
2025/11/04 05:14:14.682 [T:0x0d2cb] [DisplayControl] Enter MCCSOtherSet::GetVCP(), vcp code = 225
2025/11/04 05:14:14.766 [T:0x0d2cb] [DisplayControl] Exit MCCSOtherSet::GetVCP()
2025/11/04 05:14:14.866 [T:0x0d2cb] [DisplayControl] Enter MCCSOtherSet::GetVCP(), vcp code = 16
2025/11/04 05:14:14.951 [T:0x0d2cb] [DisplayControl] Exit MCCSOtherSet::GetVCP()
2025/11/04 05:14:15.054 [T:0x0d2cb] [DisplayControl] Enter MCCSOtherSet::GetVCP(), vcp code = 141
2025/11/04 05:14:15.139 [T:0x0d2cb] [DisplayControl] Exit MCCSOtherSet::GetVCP()
2025/11/04 05:14:15.242 [T:0x0d2cb] [DisplayControl] Enter MCCSOtherSet::GetVCP(), vcp code = 98
2025/11/04 05:14:15.327 [T:0x0d2cb] [DisplayControl] Exit MCCSOtherSet::GetVCP()
2025/11/04 05:14:15.431 [T:0x0d2cb] [DisplayControl] Enter MCCSOtherSet::GetVCP(), vcp code = 4
2025/11/04 05:14:15.516 [T:0x0d2cb] [DisplayControl] Exit MCCSOtherSet::GetVCP()
2025/11/04 05:14:15.619 [T:0x0d2cb] [DisplayControl] Enter MCCSOtherSet::GetVCP(), vcp code = 43
2025/11/04 05:14:15.702 [T:0x0d2cb] [DisplayControl] Exit MCCSOtherSet::GetVCP()
2025/11/04 05:14:15.805 [T:0x0d2cb] [DisplayControl] Enter MCCSOtherSet::GetVCP(), vcp code = 236
2025/11/04 05:14:15.890 [T:0x0d2cb] [DisplayControl] Exit MCCSOtherSet::GetVCP()
2025/11/04 05:14:15.993 [T:0x0d2cb] [DisplayControl] Enter MCCSOtherSet::GetVCP(), vcp code = 135
2025/11/04 05:14:16.079 [T:0x0d2cb] [DisplayControl] Exit MCCSOtherSet::GetVCP()
2025/11/04 05:14:16.180 [T:0x0d2cb] [DisplayControl] Enter MCCSOtherSet::GetVCP(), vcp code = 96
2025/11/04 05:14:16.266 [T:0x0d2cb] [DisplayControl] Exit MCCSOtherSet::GetVCP()
2025/11/04 05:14:16.368 [T:0x0d2cb] [DisplayControl] Enter MCCSOtherSet::GetVCP(), vcp code = 226
2025/11/04 05:14:16.453 [T:0x0d2cb] [DisplayControl] Exit MCCSOtherSet::GetVCP()
2025/11/04 05:14:16.556 [T:0x0d2cb] [DisplayControl] Enter MCCSOtherSet::GetVCP(), vcp code = 220
2025/11/04 05:14:16.641 [T:0x0d2cb] [DisplayControl] Exit MCCSOtherSet::GetVCP()
2025/11/04 05:14:16.744 [T:0x0d2cb] [DisplayControl] Enter MCCSOtherSet::GetVCP(), vcp code = 97
2025/11/04 05:14:16.827 [T:0x0d2cb] [DisplayControl] Exit MCCSOtherSet::GetVCP()
2025/11/04 05:17:08.592 [T:0x15205] [DisplayControl] Enter MCCSOtherSet::SetVCP(), vcp code = 51
2025/11/04 05:17:08.950 [T:0x15205] [DisplayControl] Exit MCCSOtherSet::SetVCP()
2025/11/04 05:18:43.391 [T:0x3d3b9] [DisplayControl] Enter MCCSOtherSet::SetVCP(), vcp code = 96
2025/11/04 05:18:44.186 [T:0x3d3b9] [DisplayControl] Exit MCCSOtherSet::SetVCP()
2025/11/04 05:18:51.551 [T:0x3d3b9] [DisplayControl] Enter OperationThread::ExitThread
2025/11/04 05:18:51.552 [T:0x3d3b9] [DisplayControl] Exit OperationThread::ExitThread
2025/11/04 05:18:51.552 [T:0x3d3b9] [DisplayControl] Enter OperationThread::~OperationThread()
2025/11/04 05:18:51.553 [T:0x3d3b9] [DisplayControl] Enter OperationThread::ExitThread
2025/11/04 05:18:51.553 [T:0x3d3b9] [DisplayControl] Enter OperationThread::ExitThread
2025/11/04 05:18:51.553 [T:0x3d3b9] [DisplayControl] Exit OperationThread::ExitThread
2025/11/04 05:18:51.553 [T:0x3d3b9] [DisplayControl] Enter OperationThread::~OperationThread()
2025/11/04 05:18:51.554 [T:0x3d3b9] [DisplayControl] Enter OperationThread::ExitThread
2025/11/04 05:18:51.620 [T:0x3d3b9] [DbgStr] After calling display_control_client_listener_video_port_.UpdateAllDisplayPath()
2025/11/04 05:18:51.639 [T:0x3d3b9] [DbgStr] After calling display_control_client_listener_.GetAllDisplayEDID()
2025/11/04 05:18:51.641 [T:0x3d3b9] [DisplayControl] Version = 3.0.6.0
2025/11/04 05:18:51.641 [T:0x3d3b9] [DisplayControl] Enter ObtainControlHandler1
2025/11/04 05:18:51.641 [T:0x3d3b9] [DisplayControl] GetVideoPortCommander
2025/11/04 05:18:51.641 [T:0x3d3b9] [DisplayControl] GetUSBHubCommander
2025/11/04 05:18:51.641 [T:0x3d3b9] ====== List p_lpo_display_info_video_port, # of devices is ======2
2025/11/04 05:18:51.641 [T:0x3d3b9] [DisplayControl] index of p_lpo_display_info_video_port0
2025/11/04 05:18:51.641 [T:0x3d3b9] [DisplayControl] Model name from VideoPort = VG2458
2025/11/04 05:18:51.641 [T:0x3d3b9] [DisplayControl] SN from VideoPort = YDJ243400006
2025/11/04 05:18:51.641 [T:0x3d3b9] [DisplayControl] index of p_lpo_display_info_video_port1
2025/11/04 05:18:51.641 [T:0x3d3b9] [DisplayControl] Model name from VideoPort = VG275
2025/11/04 05:18:51.641 [T:0x3d3b9] [DisplayControl] SN from VideoPort = XF6232400003
2025/11/04 05:18:51.641 [T:0x3d3b9] ====== List p_lpo_display_info_rtd_scalar_rts_hub, # of devices is ======0
2025/11/04 05:18:51.642 [T:0x3d3b9] [DisplayControl] GetVSRtkHubControlClientListener
2025/11/04 05:18:51.642 [T:0x3d3b9] [DisplayControl] max monitor count = 2
2025/11/04 05:18:51.642 [T:0x3d3b9] [DisplayControl] index of display_info_vec = 0
2025/11/04 05:18:51.642 [T:0x3d3b9] [DisplayControl] index of p_lpo_display_info_video_port = 0
2025/11/04 05:18:51.642 [T:0x3d3b9] [DisplayControl] VideoPortMatchingRule
2025/11/04 05:18:51.642 [T:0x3d3b9] [DisplayControl] monitor display_info_model_name = VG2458
2025/11/04 05:18:51.642 [T:0x3d3b9] [DisplayControl] monitor video_port_model_name = VG2458
2025/11/04 05:18:51.642 [T:0x3d3b9] [DisplayControl] monitor display_info_sn = YDJ243400006
2025/11/04 05:18:51.642 [T:0x3d3b9] [DisplayControl] monitor video_port_sn = YDJ243400006
2025/11/04 05:18:51.642 [T:0x3d3b9] [DisplayControl] model_name_match = 1
2025/11/04 05:18:51.642 [T:0x3d3b9] [DisplayControl] sn_match = 1
2025/11/04 05:18:51.642 [T:0x3d3b9] [DisplayControl] video_port is_match = 1
2025/11/04 05:18:51.642 [T:0x3d3b9] [DisplayControl] index of display_info_vec = 1
2025/11/04 05:18:51.642 [T:0x3d3b9] [DisplayControl] index of p_lpo_display_info_video_port = 0
2025/11/04 05:18:51.642 [T:0x3d3b9] [DisplayControl] VideoPortMatchingRule
2025/11/04 05:18:51.642 [T:0x3d3b9] [DisplayControl] monitor display_info_model_name = VG275
2025/11/04 05:18:51.642 [T:0x3d3b9] [DisplayControl] monitor video_port_model_name = VG2458
2025/11/04 05:18:51.642 [T:0x3d3b9] [DisplayControl] monitor display_info_sn = XF6232400003
2025/11/04 05:18:51.642 [T:0x3d3b9] [DisplayControl] monitor video_port_sn = YDJ243400006
2025/11/04 05:18:51.642 [T:0x3d3b9] [DisplayControl] model_name_match = 0
2025/11/04 05:18:51.642 [T:0x3d3b9] [DisplayControl] sn_match = 0
2025/11/04 05:18:51.642 [T:0x3d3b9] [DisplayControl] video_port is_match = 0
2025/11/04 05:18:51.642 [T:0x3d3b9] [DisplayControl] index of display_info_vec = 1
2025/11/04 05:18:51.642 [T:0x3d3b9] [DisplayControl] index of p_lpo_display_info_video_port = 1
2025/11/04 05:18:51.642 [T:0x3d3b9] [DisplayControl] VideoPortMatchingRule
2025/11/04 05:18:51.642 [T:0x3d3b9] [DisplayControl] monitor display_info_model_name = VG275
2025/11/04 05:18:51.642 [T:0x3d3b9] [DisplayControl] monitor video_port_model_name = VG275
2025/11/04 05:18:51.643 [T:0x3d3b9] [DisplayControl] monitor display_info_sn = XF6232400003
2025/11/04 05:18:51.643 [T:0x3d3b9] [DisplayControl] monitor video_port_sn = XF6232400003
2025/11/04 05:18:51.643 [T:0x3d3b9] [DisplayControl] model_name_match = 1
2025/11/04 05:18:51.643 [T:0x3d3b9] [DisplayControl] sn_match = 1
2025/11/04 05:18:51.643 [T:0x3d3b9] [DisplayControl] video_port is_match = 1
2025/11/04 05:18:51.643 [T:0x3d3b9] [DisplayControl] i = 0
2025/11/04 05:18:51.643 [T:0x3d3b9] [DisplayControl] Enter OperationThread::OperationThread()
2025/11/04 05:18:51.643 [T:0x3d3b9] [DisplayControl] Enter OperationThread::CreateThread
2025/11/04 05:18:51.643 [T:0x3d3b9] [DisplayControl] new DisplayFunctioner
2025/11/04 05:18:51.643 [T:0x3d3b9] [DisplayControl] insert displayer_vector
2025/11/04 05:18:51.643 [T:0x3d3b9] [DisplayControl] insert modelName_SN_to_Display_map
2025/11/04 05:18:51.643 [T:0x3d3b9] [DisplayControl] insert device_id_to_Displayer_map_
2025/11/04 05:18:51.643 [T:0x3d3b9] [DisplayControl] i = 1
2025/11/04 05:18:51.643 [T:0x3d3b9] [DisplayControl] Enter OperationThread::OperationThread()
2025/11/04 05:18:51.643 [T:0x3d3b9] [DisplayControl] Enter OperationThread::CreateThread
2025/11/04 05:18:51.643 [T:0x3d3b9] [DisplayControl] new DisplayFunctioner
2025/11/04 05:18:51.643 [T:0x3d3b9] [DisplayControl] insert displayer_vector
2025/11/04 05:18:51.643 [T:0x3d3b9] [DisplayControl] insert modelName_SN_to_Display_map
2025/11/04 05:18:51.643 [T:0x3d3b9] [DisplayControl] insert device_id_to_Displayer_map_
2025/11/04 05:18:51.643 [T:0x3d3b9] [DisplayControl] monitor size = 2
2025/11/04 05:18:51.643 [T:0x3d3b9] [DisplayControl] Exit ObtainControlHandler
2025/11/04 05:18:51.644 [T:0x3d3b9] [DisplayControl] Enter MCCSOtherSet::GetVCP(), vcp code = 96
2025/11/04 05:18:51.725 [T:0x3d3b9] [DisplayControl] Exit MCCSOtherSet::GetVCP()
2025/11/04 05:18:52.007 [T:0x3d3b9] [DisplayControl] Enter MCCSOtherSet::GetVCP(), vcp code = 96
2025/11/04 05:18:52.089 [T:0x3d3b9] [DisplayControl] Exit MCCSOtherSet::GetVCP()
2025/11/04 05:18:52.371 [T:0x3d3b9] [DisplayControl] Enter MCCSOtherSet::SetVCP(), vcp code = 51
2025/11/04 05:18:52.678 [T:0x3d3b9] [DisplayControl] Exit MCCSOtherSet::SetVCP()
2025/11/04 05:18:52.679 [T:0x3d3b9] [DisplayControl] Enter MCCSOtherSet::SetVCP(), vcp code = 51
2025/11/04 05:18:52.837 [T:0x3d3b9] [DisplayControl] Exit MCCSOtherSet::SetVCP()
2025/11/04 05:18:52.838 [T:0x3d3b9] [DisplayControl] Enter MCCSOtherSet::GetVCP(), vcp code = 18
2025/11/04 05:18:52.913 [T:0x3d3b9] [DisplayControl] Exit MCCSOtherSet::GetVCP()
2025/11/04 05:18:53.020 [T:0x3d3b9] [DisplayControl] Enter MCCSOtherSet::GetVCP(), vcp code = 51
2025/11/04 05:18:53.101 [T:0x3d3b9] [DisplayControl] Exit MCCSOtherSet::GetVCP()
2025/11/04 05:18:53.207 [T:0x3d3b9] [DisplayControl] Enter MCCSOtherSet::GetVCP(), vcp code = 225
2025/11/04 05:18:53.289 [T:0x3d3b9] [DisplayControl] Exit MCCSOtherSet::GetVCP()
2025/11/04 05:18:53.396 [T:0x3d3b9] [DisplayControl] Enter MCCSOtherSet::GetVCP(), vcp code = 16
2025/11/04 05:18:53.477 [T:0x3d3b9] [DisplayControl] Exit MCCSOtherSet::GetVCP()
2025/11/04 05:18:53.584 [T:0x3d3b9] [DisplayControl] Enter MCCSOtherSet::GetVCP(), vcp code = 141
2025/11/04 05:18:53.665 [T:0x3d3b9] [DisplayControl] Exit MCCSOtherSet::GetVCP()
2025/11/04 05:18:53.772 [T:0x3d3b9] [DisplayControl] Enter MCCSOtherSet::GetVCP(), vcp code = 20
2025/11/04 05:18:53.853 [T:0x3d3b9] [DisplayControl] Exit MCCSOtherSet::GetVCP()
2025/11/04 05:18:53.959 [T:0x3d3b9] [DisplayControl] Enter MCCSOtherSet::GetVCP(), vcp code = 98
2025/11/04 05:18:54.040 [T:0x3d3b9] [DisplayControl] Exit MCCSOtherSet::GetVCP()
2025/11/04 05:18:54.147 [T:0x3d3b9] [DisplayControl] Enter MCCSOtherSet::GetVCP(), vcp code = 4
2025/11/04 05:18:54.228 [T:0x3d3b9] [DisplayControl] Exit MCCSOtherSet::GetVCP()
2025/11/04 05:18:54.334 [T:0x3d3b9] [DisplayControl] Enter MCCSOtherSet::GetVCP(), vcp code = 43
2025/11/04 05:18:54.416 [T:0x3d3b9] [DisplayControl] Exit MCCSOtherSet::GetVCP()
2025/11/04 05:18:54.523 [T:0x3d3b9] [DisplayControl] Enter MCCSOtherSet::GetVCP(), vcp code = 245
2025/11/04 05:18:54.604 [T:0x3d3b9] [DisplayControl] Exit MCCSOtherSet::GetVCP()
2025/11/04 05:18:54.711 [T:0x3d3b9] [DisplayControl] Enter MCCSOtherSet::GetVCP(), vcp code = 135
2025/11/04 05:18:54.792 [T:0x3d3b9] [DisplayControl] Exit MCCSOtherSet::GetVCP()
2025/11/04 05:18:54.899 [T:0x3d3b9] [DisplayControl] Enter MCCSOtherSet::GetVCP(), vcp code = 96
2025/11/04 05:18:54.979 [T:0x3d3b9] [DisplayControl] Exit MCCSOtherSet::GetVCP()
2025/11/04 05:18:55.086 [T:0x3d3b9] [DisplayControl] Enter MCCSOtherSet::GetVCP(), vcp code = 220
2025/11/04 05:18:55.168 [T:0x3d3b9] [DisplayControl] Exit MCCSOtherSet::GetVCP()
2025/11/04 05:18:55.276 [T:0x3d3b9] [DisplayControl] Enter MCCSOtherSet::GetVCP(), vcp code = 97
2025/11/04 05:18:55.358 [T:0x3d3b9] [DisplayControl] Exit MCCSOtherSet::GetVCP()
2025/11/04 05:18:55.465 [T:0x3d3b9] [DisplayControl] Enter MCCSOtherSet::GetVCP(), vcp code = 18
2025/11/04 05:18:55.548 [T:0x3d3b9] [DisplayControl] Exit MCCSOtherSet::GetVCP()
2025/11/04 05:18:55.651 [T:0x3d3b9] [DisplayControl] Enter MCCSOtherSet::GetVCP(), vcp code = 51
2025/11/04 05:18:55.737 [T:0x3d3b9] [DisplayControl] Exit MCCSOtherSet::GetVCP()
2025/11/04 05:18:55.838 [T:0x3d3b9] [DisplayControl] Enter MCCSOtherSet::GetVCP(), vcp code = 225
2025/11/04 05:18:55.923 [T:0x3d3b9] [DisplayControl] Exit MCCSOtherSet::GetVCP()
2025/11/04 05:18:56.027 [T:0x3d3b9] [DisplayControl] Enter MCCSOtherSet::GetVCP(), vcp code = 16
2025/11/04 05:18:56.112 [T:0x3d3b9] [DisplayControl] Exit MCCSOtherSet::GetVCP()
2025/11/04 05:18:56.215 [T:0x3d3b9] [DisplayControl] Enter MCCSOtherSet::GetVCP(), vcp code = 141
2025/11/04 05:18:56.300 [T:0x3d3b9] [DisplayControl] Exit MCCSOtherSet::GetVCP()
2025/11/04 05:18:56.403 [T:0x3d3b9] [DisplayControl] Enter MCCSOtherSet::GetVCP(), vcp code = 98
2025/11/04 05:18:56.488 [T:0x3d3b9] [DisplayControl] Exit MCCSOtherSet::GetVCP()
2025/11/04 05:18:56.589 [T:0x3d3b9] [DisplayControl] Enter MCCSOtherSet::GetVCP(), vcp code = 4
2025/11/04 05:18:56.674 [T:0x3d3b9] [DisplayControl] Exit MCCSOtherSet::GetVCP()
2025/11/04 05:18:56.776 [T:0x3d3b9] [DisplayControl] Enter MCCSOtherSet::GetVCP(), vcp code = 43
2025/11/04 05:18:56.862 [T:0x3d3b9] [DisplayControl] Exit MCCSOtherSet::GetVCP()
2025/11/04 05:18:56.965 [T:0x3d3b9] [DisplayControl] Enter MCCSOtherSet::GetVCP(), vcp code = 236
2025/11/04 05:18:57.050 [T:0x3d3b9] [DisplayControl] Exit MCCSOtherSet::GetVCP()
2025/11/04 05:18:57.152 [T:0x3d3b9] [DisplayControl] Enter MCCSOtherSet::GetVCP(), vcp code = 135
2025/11/04 05:18:57.238 [T:0x3d3b9] [DisplayControl] Exit MCCSOtherSet::GetVCP()
2025/11/04 05:18:57.340 [T:0x3d3b9] [DisplayControl] Enter MCCSOtherSet::GetVCP(), vcp code = 96
2025/11/04 05:18:57.425 [T:0x3d3b9] [DisplayControl] Exit MCCSOtherSet::GetVCP()
2025/11/04 05:18:57.527 [T:0x3d3b9] [DisplayControl] Enter MCCSOtherSet::GetVCP(), vcp code = 226
2025/11/04 05:18:57.610 [T:0x3d3b9] [DisplayControl] Exit MCCSOtherSet::GetVCP()
2025/11/04 05:18:57.712 [T:0x3d3b9] [DisplayControl] Enter MCCSOtherSet::GetVCP(), vcp code = 220
2025/11/04 05:18:57.796 [T:0x3d3b9] [DisplayControl] Exit MCCSOtherSet::GetVCP()
2025/11/04 05:18:57.897 [T:0x3d3b9] [DisplayControl] Enter MCCSOtherSet::GetVCP(), vcp code = 97
2025/11/04 05:18:57.982 [T:0x3d3b9] [DisplayControl] Exit MCCSOtherSet::GetVCP()
2025/11/04 05:18:58.094 [T:0x3d3b9] [DisplayControl] Enter MCCSOtherSet::SetVCP(), vcp code = 51
2025/11/04 05:18:58.257 [T:0x3d3b9] [DisplayControl] Exit MCCSOtherSet::SetVCP()
2025/11/04 05:18:58.269 [T:0xfa94e] [DisplayControl] Enter MCCSOtherSet::GetVCP(), vcp code = 96
2025/11/04 05:18:58.436 [T:0xfa94e] [DisplayControl] Exit MCCSOtherSet::GetVCP()
2025/11/04 05:20:31.605 [T:0x0809b] [DisplayControl] Enter MCCSOtherSet::SetVCP(), vcp code = 51
2025/11/04 05:20:31.818 [T:0x0809b] [DisplayControl] Exit MCCSOtherSet::SetVCP()
2025/11/04 05:20:47.648 [T:0x0809b] [DisplayControl] Enter MCCSOtherSet::SetVCP(), vcp code = 96
2025/11/04 05:20:48.279 [T:0x0809b] [DisplayControl] Exit MCCSOtherSet::SetVCP()
2025/11/04 05:20:55.059 [T:0x0809b] [DisplayControl] Enter OperationThread::ExitThread
2025/11/04 05:20:55.060 [T:0x0809b] [DisplayControl] Exit OperationThread::ExitThread
2025/11/04 05:20:55.060 [T:0x0809b] [DisplayControl] Enter OperationThread::~OperationThread()
2025/11/04 05:20:55.060 [T:0x0809b] [DisplayControl] Enter OperationThread::ExitThread
2025/11/04 05:20:55.060 [T:0x0809b] [DisplayControl] Enter OperationThread::ExitThread
2025/11/04 05:20:55.061 [T:0x0809b] [DisplayControl] Exit OperationThread::ExitThread
2025/11/04 05:20:55.061 [T:0x0809b] [DisplayControl] Enter OperationThread::~OperationThread()
2025/11/04 05:20:55.061 [T:0x0809b] [DisplayControl] Enter OperationThread::ExitThread
2025/11/04 05:20:55.114 [T:0x0809b] [DbgStr] After calling display_control_client_listener_video_port_.UpdateAllDisplayPath()
2025/11/04 05:20:55.134 [T:0x0809b] [DbgStr] After calling display_control_client_listener_.GetAllDisplayEDID()
2025/11/04 05:20:55.135 [T:0x0809b] [DisplayControl] Version = 3.0.6.0
2025/11/04 05:20:55.136 [T:0x0809b] [DisplayControl] Enter ObtainControlHandler1
2025/11/04 05:20:55.136 [T:0x0809b] [DisplayControl] GetVideoPortCommander
2025/11/04 05:20:55.136 [T:0x0809b] [DisplayControl] GetUSBHubCommander
2025/11/04 05:20:55.136 [T:0x0809b] ====== List p_lpo_display_info_video_port, # of devices is ======2
2025/11/04 05:20:55.136 [T:0x0809b] [DisplayControl] index of p_lpo_display_info_video_port0
2025/11/04 05:20:55.136 [T:0x0809b] [DisplayControl] Model name from VideoPort = VG2458
2025/11/04 05:20:55.136 [T:0x0809b] [DisplayControl] SN from VideoPort = YDJ243400006
2025/11/04 05:20:55.136 [T:0x0809b] [DisplayControl] index of p_lpo_display_info_video_port1
2025/11/04 05:20:55.136 [T:0x0809b] [DisplayControl] Model name from VideoPort = VG275
2025/11/04 05:20:55.136 [T:0x0809b] [DisplayControl] SN from VideoPort = XF6232400003
2025/11/04 05:20:55.136 [T:0x0809b] ====== List p_lpo_display_info_rtd_scalar_rts_hub, # of devices is ======0
2025/11/04 05:20:55.136 [T:0x0809b] [DisplayControl] GetVSRtkHubControlClientListener
2025/11/04 05:20:55.136 [T:0x0809b] [DisplayControl] max monitor count = 2
2025/11/04 05:20:55.136 [T:0x0809b] [DisplayControl] index of display_info_vec = 0
2025/11/04 05:20:55.136 [T:0x0809b] [DisplayControl] index of p_lpo_display_info_video_port = 0
2025/11/04 05:20:55.136 [T:0x0809b] [DisplayControl] VideoPortMatchingRule
2025/11/04 05:20:55.136 [T:0x0809b] [DisplayControl] monitor display_info_model_name = VG2458
2025/11/04 05:20:55.136 [T:0x0809b] [DisplayControl] monitor video_port_model_name = VG2458
2025/11/04 05:20:55.136 [T:0x0809b] [DisplayControl] monitor display_info_sn = YDJ243400006
2025/11/04 05:20:55.136 [T:0x0809b] [DisplayControl] monitor video_port_sn = YDJ243400006
2025/11/04 05:20:55.136 [T:0x0809b] [DisplayControl] model_name_match = 1
2025/11/04 05:20:55.136 [T:0x0809b] [DisplayControl] sn_match = 1
2025/11/04 05:20:55.136 [T:0x0809b] [DisplayControl] video_port is_match = 1
2025/11/04 05:20:55.136 [T:0x0809b] [DisplayControl] index of display_info_vec = 1
2025/11/04 05:20:55.136 [T:0x0809b] [DisplayControl] index of p_lpo_display_info_video_port = 0
2025/11/04 05:20:55.137 [T:0x0809b] [DisplayControl] VideoPortMatchingRule
2025/11/04 05:20:55.137 [T:0x0809b] [DisplayControl] monitor display_info_model_name = VG275
2025/11/04 05:20:55.137 [T:0x0809b] [DisplayControl] monitor video_port_model_name = VG2458
2025/11/04 05:20:55.137 [T:0x0809b] [DisplayControl] monitor display_info_sn = XF6232400003
2025/11/04 05:20:55.137 [T:0x0809b] [DisplayControl] monitor video_port_sn = YDJ243400006
2025/11/04 05:20:55.137 [T:0x0809b] [DisplayControl] model_name_match = 0
2025/11/04 05:20:55.137 [T:0x0809b] [DisplayControl] sn_match = 0
2025/11/04 05:20:55.137 [T:0x0809b] [DisplayControl] video_port is_match = 0
2025/11/04 05:20:55.137 [T:0x0809b] [DisplayControl] index of display_info_vec = 1
2025/11/04 05:20:55.137 [T:0x0809b] [DisplayControl] index of p_lpo_display_info_video_port = 1
2025/11/04 05:20:55.137 [T:0x0809b] [DisplayControl] VideoPortMatchingRule
2025/11/04 05:20:55.137 [T:0x0809b] [DisplayControl] monitor display_info_model_name = VG275
2025/11/04 05:20:55.137 [T:0x0809b] [DisplayControl] monitor video_port_model_name = VG275
2025/11/04 05:20:55.137 [T:0x0809b] [DisplayControl] monitor display_info_sn = XF6232400003
2025/11/04 05:20:55.137 [T:0x0809b] [DisplayControl] monitor video_port_sn = XF6232400003
2025/11/04 05:20:55.137 [T:0x0809b] [DisplayControl] model_name_match = 1
2025/11/04 05:20:55.137 [T:0x0809b] [DisplayControl] sn_match = 1
2025/11/04 05:20:55.137 [T:0x0809b] [DisplayControl] video_port is_match = 1
2025/11/04 05:20:55.137 [T:0x0809b] [DisplayControl] i = 0
2025/11/04 05:20:55.137 [T:0x0809b] [DisplayControl] Enter OperationThread::OperationThread()
2025/11/04 05:20:55.137 [T:0x0809b] [DisplayControl] Enter OperationThread::CreateThread
2025/11/04 05:20:55.137 [T:0x0809b] [DisplayControl] new DisplayFunctioner
2025/11/04 05:20:55.137 [T:0x0809b] [DisplayControl] insert displayer_vector
2025/11/04 05:20:55.137 [T:0x0809b] [DisplayControl] insert modelName_SN_to_Display_map
2025/11/04 05:20:55.137 [T:0x0809b] [DisplayControl] insert device_id_to_Displayer_map_
2025/11/04 05:20:55.138 [T:0x0809b] [DisplayControl] i = 1
2025/11/04 05:20:55.138 [T:0x0809b] [DisplayControl] Enter OperationThread::OperationThread()
2025/11/04 05:20:55.138 [T:0x0809b] [DisplayControl] Enter OperationThread::CreateThread
2025/11/04 05:20:55.138 [T:0x0809b] [DisplayControl] new DisplayFunctioner
2025/11/04 05:20:55.138 [T:0x0809b] [DisplayControl] insert displayer_vector
2025/11/04 05:20:55.138 [T:0x0809b] [DisplayControl] insert modelName_SN_to_Display_map
2025/11/04 05:20:55.138 [T:0x0809b] [DisplayControl] insert device_id_to_Displayer_map_
2025/11/04 05:20:55.138 [T:0x0809b] [DisplayControl] monitor size = 2
2025/11/04 05:20:55.138 [T:0x0809b] [DisplayControl] Exit ObtainControlHandler
2025/11/04 05:20:55.138 [T:0x0809b] [DisplayControl] Enter MCCSOtherSet::GetVCP(), vcp code = 96
2025/11/04 05:20:55.216 [T:0x0809b] [DisplayControl] Exit MCCSOtherSet::GetVCP()
2025/11/04 05:20:55.498 [T:0x0809b] [DisplayControl] Enter MCCSOtherSet::GetVCP(), vcp code = 96
2025/11/04 05:20:55.581 [T:0x0809b] [DisplayControl] Exit MCCSOtherSet::GetVCP()
2025/11/04 05:20:55.862 [T:0x0809b] [DisplayControl] Enter MCCSOtherSet::SetVCP(), vcp code = 51
2025/11/04 05:20:56.170 [T:0x0809b] [DisplayControl] Exit MCCSOtherSet::SetVCP()
2025/11/04 05:20:56.170 [T:0x0809b] [DisplayControl] Enter MCCSOtherSet::SetVCP(), vcp code = 51
2025/11/04 05:20:56.329 [T:0x0809b] [DisplayControl] Exit MCCSOtherSet::SetVCP()
2025/11/04 05:20:56.330 [T:0x0809b] [DisplayControl] Enter MCCSOtherSet::GetVCP(), vcp code = 18
2025/11/04 05:20:56.403 [T:0x0809b] [DisplayControl] Exit MCCSOtherSet::GetVCP()
2025/11/04 05:20:56.512 [T:0x0809b] [DisplayControl] Enter MCCSOtherSet::GetVCP(), vcp code = 51
2025/11/04 05:20:56.592 [T:0x0809b] [DisplayControl] Exit MCCSOtherSet::GetVCP()
2025/11/04 05:20:56.700 [T:0x0809b] [DisplayControl] Enter MCCSOtherSet::GetVCP(), vcp code = 225
2025/11/04 05:20:56.781 [T:0x0809b] [DisplayControl] Exit MCCSOtherSet::GetVCP()
2025/11/04 05:20:56.888 [T:0x0809b] [DisplayControl] Enter MCCSOtherSet::GetVCP(), vcp code = 16
2025/11/04 05:20:56.968 [T:0x0809b] [DisplayControl] Exit MCCSOtherSet::GetVCP()
2025/11/04 05:20:57.074 [T:0x0809b] [DisplayControl] Enter MCCSOtherSet::GetVCP(), vcp code = 141
2025/11/04 05:20:57.155 [T:0x0809b] [DisplayControl] Exit MCCSOtherSet::GetVCP()
2025/11/04 05:20:57.263 [T:0x0809b] [DisplayControl] Enter MCCSOtherSet::GetVCP(), vcp code = 20
2025/11/04 05:20:57.344 [T:0x0809b] [DisplayControl] Exit MCCSOtherSet::GetVCP()
2025/11/04 05:20:57.449 [T:0x0809b] [DisplayControl] Enter MCCSOtherSet::GetVCP(), vcp code = 98
2025/11/04 05:20:57.529 [T:0x0809b] [DisplayControl] Exit MCCSOtherSet::GetVCP()
2025/11/04 05:20:57.636 [T:0x0809b] [DisplayControl] Enter MCCSOtherSet::GetVCP(), vcp code = 4
2025/11/04 05:20:57.718 [T:0x0809b] [DisplayControl] Exit MCCSOtherSet::GetVCP()
2025/11/04 05:20:57.824 [T:0x0809b] [DisplayControl] Enter MCCSOtherSet::GetVCP(), vcp code = 43
2025/11/04 05:20:57.904 [T:0x0809b] [DisplayControl] Exit MCCSOtherSet::GetVCP()
2025/11/04 05:20:58.011 [T:0x0809b] [DisplayControl] Enter MCCSOtherSet::GetVCP(), vcp code = 245
2025/11/04 05:20:58.093 [T:0x0809b] [DisplayControl] Exit MCCSOtherSet::GetVCP()
2025/11/04 05:20:58.200 [T:0x0809b] [DisplayControl] Enter MCCSOtherSet::GetVCP(), vcp code = 135
2025/11/04 05:20:58.282 [T:0x0809b] [DisplayControl] Exit MCCSOtherSet::GetVCP()
2025/11/04 05:20:58.388 [T:0x0809b] [DisplayControl] Enter MCCSOtherSet::GetVCP(), vcp code = 96
2025/11/04 05:20:58.470 [T:0x0809b] [DisplayControl] Exit MCCSOtherSet::GetVCP()
2025/11/04 05:20:58.576 [T:0x0809b] [DisplayControl] Enter MCCSOtherSet::GetVCP(), vcp code = 220
2025/11/04 05:20:58.658 [T:0x0809b] [DisplayControl] Exit MCCSOtherSet::GetVCP()
2025/11/04 05:20:58.764 [T:0x0809b] [DisplayControl] Enter MCCSOtherSet::GetVCP(), vcp code = 97
2025/11/04 05:20:58.846 [T:0x0809b] [DisplayControl] Exit MCCSOtherSet::GetVCP()
2025/11/04 05:20:58.953 [T:0x0809b] [DisplayControl] Enter MCCSOtherSet::GetVCP(), vcp code = 18
2025/11/04 05:20:59.052 [T:0x0809b] [DisplayControl] Exit MCCSOtherSet::GetVCP()
2025/11/04 05:20:59.156 [T:0x0809b] [DisplayControl] Enter MCCSOtherSet::GetVCP(), vcp code = 51
2025/11/04 05:20:59.240 [T:0x0809b] [DisplayControl] Exit MCCSOtherSet::GetVCP()
2025/11/04 05:20:59.344 [T:0x0809b] [DisplayControl] Enter MCCSOtherSet::GetVCP(), vcp code = 225
2025/11/04 05:20:59.429 [T:0x0809b] [DisplayControl] Exit MCCSOtherSet::GetVCP()
2025/11/04 05:20:59.532 [T:0x0809b] [DisplayControl] Enter MCCSOtherSet::GetVCP(), vcp code = 16
2025/11/04 05:20:59.617 [T:0x0809b] [DisplayControl] Exit MCCSOtherSet::GetVCP()
2025/11/04 05:20:59.733 [T:0x0809b] [DisplayControl] Enter MCCSOtherSet::GetVCP(), vcp code = 141
2025/11/04 05:20:59.818 [T:0x0809b] [DisplayControl] Exit MCCSOtherSet::GetVCP()
2025/11/04 05:20:59.922 [T:0x0809b] [DisplayControl] Enter MCCSOtherSet::GetVCP(), vcp code = 98
2025/11/04 05:21:00.007 [T:0x0809b] [DisplayControl] Exit MCCSOtherSet::GetVCP()
2025/11/04 05:21:00.112 [T:0x0809b] [DisplayControl] Enter MCCSOtherSet::GetVCP(), vcp code = 4
2025/11/04 05:21:00.196 [T:0x0809b] [DisplayControl] Exit MCCSOtherSet::GetVCP()
2025/11/04 05:21:00.299 [T:0x0809b] [DisplayControl] Enter MCCSOtherSet::GetVCP(), vcp code = 43
2025/11/04 05:21:00.385 [T:0x0809b] [DisplayControl] Exit MCCSOtherSet::GetVCP()
2025/11/04 05:21:00.488 [T:0x0809b] [DisplayControl] Enter MCCSOtherSet::GetVCP(), vcp code = 236
2025/11/04 05:21:00.573 [T:0x0809b] [DisplayControl] Exit MCCSOtherSet::GetVCP()
2025/11/04 05:21:00.677 [T:0x0809b] [DisplayControl] Enter MCCSOtherSet::GetVCP(), vcp code = 135
2025/11/04 05:21:00.761 [T:0x0809b] [DisplayControl] Exit MCCSOtherSet::GetVCP()
2025/11/04 05:21:00.864 [T:0x0809b] [DisplayControl] Enter MCCSOtherSet::GetVCP(), vcp code = 96
2025/11/04 05:21:00.950 [T:0x0809b] [DisplayControl] Exit MCCSOtherSet::GetVCP()
2025/11/04 05:21:01.052 [T:0x0809b] [DisplayControl] Enter MCCSOtherSet::GetVCP(), vcp code = 226
2025/11/04 05:21:01.137 [T:0x0809b] [DisplayControl] Exit MCCSOtherSet::GetVCP()
2025/11/04 05:21:01.240 [T:0x0809b] [DisplayControl] Enter MCCSOtherSet::GetVCP(), vcp code = 220
2025/11/04 05:21:01.325 [T:0x0809b] [DisplayControl] Exit MCCSOtherSet::GetVCP()
2025/11/04 05:21:01.427 [T:0x0809b] [DisplayControl] Enter MCCSOtherSet::GetVCP(), vcp code = 97
2025/11/04 05:21:01.512 [T:0x0809b] [DisplayControl] Exit MCCSOtherSet::GetVCP()
2025/11/04 05:21:01.623 [T:0x0809b] [DisplayControl] Enter MCCSOtherSet::SetVCP(), vcp code = 51
2025/11/04 05:21:01.787 [T:0x0809b] [DisplayControl] Exit MCCSOtherSet::SetVCP()
2025/11/04 05:21:01.800 [T:0xfa94e] [DisplayControl] Enter MCCSOtherSet::GetVCP(), vcp code = 96
2025/11/04 05:21:01.933 [T:0xfa94e] [DisplayControl] Exit MCCSOtherSet::GetVCP()
2025/11/04 05:22:35.835 [T:0xf2867] [DisplayControl] Enter MCCSOtherSet::SetVCP(), vcp code = 51
2025/11/04 05:22:36.191 [T:0xf2867] [DisplayControl] Exit MCCSOtherSet::SetVCP()
2025/11/04 05:22:51.871 [T:0xf2867] [DisplayControl] Enter MCCSOtherSet::SetVCP(), vcp code = 96
2025/11/04 05:22:52.508 [T:0xf2867] [DisplayControl] Exit MCCSOtherSet::SetVCP()
2025/11/04 05:22:59.343 [T:0xf2867] [DisplayControl] Enter OperationThread::ExitThread
2025/11/04 05:22:59.344 [T:0xf2867] [DisplayControl] Exit OperationThread::ExitThread
2025/11/04 05:22:59.345 [T:0xf2867] [DisplayControl] Enter OperationThread::~OperationThread()
2025/11/04 05:22:59.345 [T:0xf2867] [DisplayControl] Enter OperationThread::ExitThread
2025/11/04 05:22:59.345 [T:0xf2867] [DisplayControl] Enter OperationThread::ExitThread
2025/11/04 05:22:59.346 [T:0xf2867] [DisplayControl] Exit OperationThread::ExitThread
2025/11/04 05:22:59.346 [T:0xf2867] [DisplayControl] Enter OperationThread::~OperationThread()
2025/11/04 05:22:59.346 [T:0xf2867] [DisplayControl] Enter OperationThread::ExitThread
2025/11/04 05:22:59.401 [T:0xf2867] [DbgStr] After calling display_control_client_listener_video_port_.UpdateAllDisplayPath()
2025/11/04 05:22:59.420 [T:0xf2867] [DbgStr] After calling display_control_client_listener_.GetAllDisplayEDID()
2025/11/04 05:22:59.421 [T:0xf2867] [DisplayControl] Version = 3.0.6.0
2025/11/04 05:22:59.421 [T:0xf2867] [DisplayControl] Enter ObtainControlHandler1
2025/11/04 05:22:59.421 [T:0xf2867] [DisplayControl] GetVideoPortCommander
2025/11/04 05:22:59.422 [T:0xf2867] [DisplayControl] GetUSBHubCommander
2025/11/04 05:22:59.422 [T:0xf2867] ====== List p_lpo_display_info_video_port, # of devices is ======2
2025/11/04 05:22:59.422 [T:0xf2867] [DisplayControl] index of p_lpo_display_info_video_port0
2025/11/04 05:22:59.422 [T:0xf2867] [DisplayControl] Model name from VideoPort = VG2458
2025/11/04 05:22:59.422 [T:0xf2867] [DisplayControl] SN from VideoPort = YDJ243400006
2025/11/04 05:22:59.422 [T:0xf2867] [DisplayControl] index of p_lpo_display_info_video_port1
2025/11/04 05:22:59.422 [T:0xf2867] [DisplayControl] Model name from VideoPort = VG275
2025/11/04 05:22:59.422 [T:0xf2867] [DisplayControl] SN from VideoPort = XF6232400003
2025/11/04 05:22:59.422 [T:0xf2867] ====== List p_lpo_display_info_rtd_scalar_rts_hub, # of devices is ======0
2025/11/04 05:22:59.422 [T:0xf2867] [DisplayControl] GetVSRtkHubControlClientListener
2025/11/04 05:22:59.422 [T:0xf2867] [DisplayControl] max monitor count = 2
2025/11/04 05:22:59.422 [T:0xf2867] [DisplayControl] index of display_info_vec = 0
2025/11/04 05:22:59.422 [T:0xf2867] [DisplayControl] index of p_lpo_display_info_video_port = 0
2025/11/04 05:22:59.422 [T:0xf2867] [DisplayControl] VideoPortMatchingRule
2025/11/04 05:22:59.422 [T:0xf2867] [DisplayControl] monitor display_info_model_name = VG2458
2025/11/04 05:22:59.422 [T:0xf2867] [DisplayControl] monitor video_port_model_name = VG2458
2025/11/04 05:22:59.422 [T:0xf2867] [DisplayControl] monitor display_info_sn = YDJ243400006
2025/11/04 05:22:59.422 [T:0xf2867] [DisplayControl] monitor video_port_sn = YDJ243400006
2025/11/04 05:22:59.422 [T:0xf2867] [DisplayControl] model_name_match = 1
2025/11/04 05:22:59.422 [T:0xf2867] [DisplayControl] sn_match = 1
2025/11/04 05:22:59.422 [T:0xf2867] [DisplayControl] video_port is_match = 1
2025/11/04 05:22:59.422 [T:0xf2867] [DisplayControl] index of display_info_vec = 1
2025/11/04 05:22:59.422 [T:0xf2867] [DisplayControl] index of p_lpo_display_info_video_port = 0
2025/11/04 05:22:59.422 [T:0xf2867] [DisplayControl] VideoPortMatchingRule
2025/11/04 05:22:59.422 [T:0xf2867] [DisplayControl] monitor display_info_model_name = VG275
2025/11/04 05:22:59.422 [T:0xf2867] [DisplayControl] monitor video_port_model_name = VG2458
2025/11/04 05:22:59.422 [T:0xf2867] [DisplayControl] monitor display_info_sn = XF6232400003
2025/11/04 05:22:59.423 [T:0xf2867] [DisplayControl] monitor video_port_sn = YDJ243400006
2025/11/04 05:22:59.423 [T:0xf2867] [DisplayControl] model_name_match = 0
2025/11/04 05:22:59.423 [T:0xf2867] [DisplayControl] sn_match = 0
2025/11/04 05:22:59.423 [T:0xf2867] [DisplayControl] video_port is_match = 0
2025/11/04 05:22:59.423 [T:0xf2867] [DisplayControl] index of display_info_vec = 1
2025/11/04 05:22:59.423 [T:0xf2867] [DisplayControl] index of p_lpo_display_info_video_port = 1
2025/11/04 05:22:59.423 [T:0xf2867] [DisplayControl] VideoPortMatchingRule
2025/11/04 05:22:59.423 [T:0xf2867] [DisplayControl] monitor display_info_model_name = VG275
2025/11/04 05:22:59.423 [T:0xf2867] [DisplayControl] monitor video_port_model_name = VG275
2025/11/04 05:22:59.423 [T:0xf2867] [DisplayControl] monitor display_info_sn = XF6232400003
2025/11/04 05:22:59.423 [T:0xf2867] [DisplayControl] monitor video_port_sn = XF6232400003
2025/11/04 05:22:59.423 [T:0xf2867] [DisplayControl] model_name_match = 1
2025/11/04 05:22:59.423 [T:0xf2867] [DisplayControl] sn_match = 1
2025/11/04 05:22:59.423 [T:0xf2867] [DisplayControl] video_port is_match = 1
2025/11/04 05:22:59.423 [T:0xf2867] [DisplayControl] i = 0
2025/11/04 05:22:59.423 [T:0xf2867] [DisplayControl] Enter OperationThread::OperationThread()
2025/11/04 05:22:59.423 [T:0xf2867] [DisplayControl] Enter OperationThread::CreateThread
2025/11/04 05:22:59.423 [T:0xf2867] [DisplayControl] new DisplayFunctioner
2025/11/04 05:22:59.423 [T:0xf2867] [DisplayControl] insert displayer_vector
2025/11/04 05:22:59.423 [T:0xf2867] [DisplayControl] insert modelName_SN_to_Display_map
2025/11/04 05:22:59.423 [T:0xf2867] [DisplayControl] insert device_id_to_Displayer_map_
2025/11/04 05:22:59.423 [T:0xf2867] [DisplayControl] i = 1
2025/11/04 05:22:59.423 [T:0xf2867] [DisplayControl] Enter OperationThread::OperationThread()
2025/11/04 05:22:59.423 [T:0xf2867] [DisplayControl] Enter OperationThread::CreateThread
2025/11/04 05:22:59.424 [T:0xf2867] [DisplayControl] new DisplayFunctioner
2025/11/04 05:22:59.424 [T:0xf2867] [DisplayControl] insert displayer_vector
2025/11/04 05:22:59.424 [T:0xf2867] [DisplayControl] insert modelName_SN_to_Display_map
2025/11/04 05:22:59.424 [T:0xf2867] [DisplayControl] insert device_id_to_Displayer_map_
2025/11/04 05:22:59.424 [T:0xf2867] [DisplayControl] monitor size = 2
2025/11/04 05:22:59.424 [T:0xf2867] [DisplayControl] Exit ObtainControlHandler
2025/11/04 05:22:59.424 [T:0xf2867] [DisplayControl] Enter MCCSOtherSet::GetVCP(), vcp code = 96
2025/11/04 05:22:59.499 [T:0xf2867] [DisplayControl] Exit MCCSOtherSet::GetVCP()
2025/11/04 05:22:59.782 [T:0xf2867] [DisplayControl] Enter MCCSOtherSet::GetVCP(), vcp code = 96
2025/11/04 05:22:59.863 [T:0xf2867] [DisplayControl] Exit MCCSOtherSet::GetVCP()
2025/11/04 05:23:00.147 [T:0xf2867] [DisplayControl] Enter MCCSOtherSet::SetVCP(), vcp code = 51
2025/11/04 05:23:00.453 [T:0xf2867] [DisplayControl] Exit MCCSOtherSet::SetVCP()
2025/11/04 05:23:00.454 [T:0xf2867] [DisplayControl] Enter MCCSOtherSet::SetVCP(), vcp code = 51
2025/11/04 05:23:00.613 [T:0xf2867] [DisplayControl] Exit MCCSOtherSet::SetVCP()
2025/11/04 05:23:00.614 [T:0xf2867] [DisplayControl] Enter MCCSOtherSet::GetVCP(), vcp code = 18
2025/11/04 05:23:00.686 [T:0xf2867] [DisplayControl] Exit MCCSOtherSet::GetVCP()
2025/11/04 05:23:00.792 [T:0xf2867] [DisplayControl] Enter MCCSOtherSet::GetVCP(), vcp code = 51
2025/11/04 05:23:00.872 [T:0xf2867] [DisplayControl] Exit MCCSOtherSet::GetVCP()
2025/11/04 05:23:00.978 [T:0xf2867] [DisplayControl] Enter MCCSOtherSet::GetVCP(), vcp code = 225
2025/11/04 05:23:01.059 [T:0xf2867] [DisplayControl] Exit MCCSOtherSet::GetVCP()
2025/11/04 05:23:01.167 [T:0xf2867] [DisplayControl] Enter MCCSOtherSet::GetVCP(), vcp code = 16
2025/11/04 05:23:01.247 [T:0xf2867] [DisplayControl] Exit MCCSOtherSet::GetVCP()
2025/11/04 05:23:01.353 [T:0xf2867] [DisplayControl] Enter MCCSOtherSet::GetVCP(), vcp code = 141
2025/11/04 05:23:01.433 [T:0xf2867] [DisplayControl] Exit MCCSOtherSet::GetVCP()
2025/11/04 05:23:01.539 [T:0xf2867] [DisplayControl] Enter MCCSOtherSet::GetVCP(), vcp code = 20
2025/11/04 05:23:01.621 [T:0xf2867] [DisplayControl] Exit MCCSOtherSet::GetVCP()
2025/11/04 05:23:01.728 [T:0xf2867] [DisplayControl] Enter MCCSOtherSet::GetVCP(), vcp code = 98
2025/11/04 05:23:01.811 [T:0xf2867] [DisplayControl] Exit MCCSOtherSet::GetVCP()
2025/11/04 05:23:01.918 [T:0xf2867] [DisplayControl] Enter MCCSOtherSet::GetVCP(), vcp code = 4
2025/11/04 05:23:01.999 [T:0xf2867] [DisplayControl] Exit MCCSOtherSet::GetVCP()
2025/11/04 05:23:02.106 [T:0xf2867] [DisplayControl] Enter MCCSOtherSet::GetVCP(), vcp code = 43
2025/11/04 05:23:02.187 [T:0xf2867] [DisplayControl] Exit MCCSOtherSet::GetVCP()
2025/11/04 05:23:02.294 [T:0xf2867] [DisplayControl] Enter MCCSOtherSet::GetVCP(), vcp code = 245
2025/11/04 05:23:02.377 [T:0xf2867] [DisplayControl] Exit MCCSOtherSet::GetVCP()
2025/11/04 05:23:02.484 [T:0xf2867] [DisplayControl] Enter MCCSOtherSet::GetVCP(), vcp code = 135
2025/11/04 05:23:02.564 [T:0xf2867] [DisplayControl] Exit MCCSOtherSet::GetVCP()
2025/11/04 05:23:02.670 [T:0xf2867] [DisplayControl] Enter MCCSOtherSet::GetVCP(), vcp code = 96
2025/11/04 05:23:02.751 [T:0xf2867] [DisplayControl] Exit MCCSOtherSet::GetVCP()
2025/11/04 05:23:02.857 [T:0xf2867] [DisplayControl] Enter MCCSOtherSet::GetVCP(), vcp code = 220
2025/11/04 05:23:02.939 [T:0xf2867] [DisplayControl] Exit MCCSOtherSet::GetVCP()
2025/11/04 05:23:03.046 [T:0xf2867] [DisplayControl] Enter MCCSOtherSet::GetVCP(), vcp code = 97
2025/11/04 05:23:03.128 [T:0xf2867] [DisplayControl] Exit MCCSOtherSet::GetVCP()
2025/11/04 05:23:03.234 [T:0xf2867] [DisplayControl] Enter MCCSOtherSet::GetVCP(), vcp code = 18
2025/11/04 05:23:03.319 [T:0xf2867] [DisplayControl] Exit MCCSOtherSet::GetVCP()
2025/11/04 05:23:03.422 [T:0xf2867] [DisplayControl] Enter MCCSOtherSet::GetVCP(), vcp code = 51
2025/11/04 05:23:03.507 [T:0xf2867] [DisplayControl] Exit MCCSOtherSet::GetVCP()
2025/11/04 05:23:03.611 [T:0xf2867] [DisplayControl] Enter MCCSOtherSet::GetVCP(), vcp code = 225
2025/11/04 05:23:03.696 [T:0xf2867] [DisplayControl] Exit MCCSOtherSet::GetVCP()
2025/11/04 05:23:03.797 [T:0xf2867] [DisplayControl] Enter MCCSOtherSet::GetVCP(), vcp code = 16
2025/11/04 05:23:03.883 [T:0xf2867] [DisplayControl] Exit MCCSOtherSet::GetVCP()
2025/11/04 05:23:03.985 [T:0xf2867] [DisplayControl] Enter MCCSOtherSet::GetVCP(), vcp code = 141
2025/11/04 05:23:04.070 [T:0xf2867] [DisplayControl] Exit MCCSOtherSet::GetVCP()
2025/11/04 05:23:04.173 [T:0xf2867] [DisplayControl] Enter MCCSOtherSet::GetVCP(), vcp code = 98
2025/11/04 05:23:04.259 [T:0xf2867] [DisplayControl] Exit MCCSOtherSet::GetVCP()
2025/11/04 05:23:04.362 [T:0xf2867] [DisplayControl] Enter MCCSOtherSet::GetVCP(), vcp code = 4
2025/11/04 05:23:04.448 [T:0xf2867] [DisplayControl] Exit MCCSOtherSet::GetVCP()
2025/11/04 05:23:04.550 [T:0xf2867] [DisplayControl] Enter MCCSOtherSet::GetVCP(), vcp code = 43
2025/11/04 05:23:04.636 [T:0xf2867] [DisplayControl] Exit MCCSOtherSet::GetVCP()
2025/11/04 05:23:04.739 [T:0xf2867] [DisplayControl] Enter MCCSOtherSet::GetVCP(), vcp code = 236
2025/11/04 05:23:04.823 [T:0xf2867] [DisplayControl] Exit MCCSOtherSet::GetVCP()
2025/11/04 05:23:04.926 [T:0xf2867] [DisplayControl] Enter MCCSOtherSet::GetVCP(), vcp code = 135
2025/11/04 05:23:05.011 [T:0xf2867] [DisplayControl] Exit MCCSOtherSet::GetVCP()
2025/11/04 05:23:05.114 [T:0xf2867] [DisplayControl] Enter MCCSOtherSet::GetVCP(), vcp code = 96
2025/11/04 05:23:05.199 [T:0xf2867] [DisplayControl] Exit MCCSOtherSet::GetVCP()
2025/11/04 05:23:05.302 [T:0xf2867] [DisplayControl] Enter MCCSOtherSet::GetVCP(), vcp code = 226
2025/11/04 05:23:05.387 [T:0xf2867] [DisplayControl] Exit MCCSOtherSet::GetVCP()
2025/11/04 05:23:05.489 [T:0xf2867] [DisplayControl] Enter MCCSOtherSet::GetVCP(), vcp code = 220
2025/11/04 05:23:05.574 [T:0xf2867] [DisplayControl] Exit MCCSOtherSet::GetVCP()
2025/11/04 05:23:05.676 [T:0xf2867] [DisplayControl] Enter MCCSOtherSet::GetVCP(), vcp code = 97
2025/11/04 05:23:05.761 [T:0xf2867] [DisplayControl] Exit MCCSOtherSet::GetVCP()
2025/11/04 05:23:05.873 [T:0xf2867] [DisplayControl] Enter MCCSOtherSet::SetVCP(), vcp code = 51
2025/11/04 05:23:06.037 [T:0xf2867] [DisplayControl] Exit MCCSOtherSet::SetVCP()
2025/11/04 05:23:06.046 [T:0xfa94e] [DisplayControl] Enter MCCSOtherSet::GetVCP(), vcp code = 96
2025/11/04 05:23:06.216 [T:0xfa94e] [DisplayControl] Exit MCCSOtherSet::GetVCP()
2025/11/04 05:24:44.056 [T:0xfa94e] [DisplayControl] Enter OperationThread::ExitThread
2025/11/04 05:24:44.056 [T:0xfa94e] [DisplayControl] Exit OperationThread::ExitThread
2025/11/04 05:24:44.056 [T:0xfa94e] [DisplayControl] Enter OperationThread::~OperationThread()
2025/11/04 05:24:44.056 [T:0xfa94e] [DisplayControl] Enter OperationThread::ExitThread
2025/11/04 05:24:44.057 [T:0xfa94e] [DisplayControl] Enter OperationThread::ExitThread
2025/11/04 05:24:44.057 [T:0xfa94e] [DisplayControl] Exit OperationThread::ExitThread
2025/11/04 05:24:44.057 [T:0xfa94e] [DisplayControl] Enter OperationThread::~OperationThread()
2025/11/04 05:24:44.057 [T:0xfa94e] [DisplayControl] Enter OperationThread::ExitThread
2025/11/04 05:24:44.135 [T:0xfa94e] [DbgStr] After calling display_control_client_listener_video_port_.UpdateAllDisplayPath()
2025/11/04 05:24:44.154 [T:0xfa94e] [DbgStr] After calling display_control_client_listener_.GetAllDisplayEDID()
2025/11/04 05:24:44.157 [T:0xfa94e] [DisplayControl] Version = 3.0.6.0
2025/11/04 05:24:44.157 [T:0xfa94e] [DisplayControl] Enter ObtainControlHandler1
2025/11/04 05:24:44.157 [T:0xfa94e] [DisplayControl] GetVideoPortCommander
2025/11/04 05:24:44.157 [T:0xfa94e] [DisplayControl] GetUSBHubCommander
2025/11/04 05:24:44.157 [T:0xfa94e] ====== List p_lpo_display_info_video_port, # of devices is ======2
2025/11/04 05:24:44.157 [T:0xfa94e] [DisplayControl] index of p_lpo_display_info_video_port0
2025/11/04 05:24:44.157 [T:0xfa94e] [DisplayControl] Model name from VideoPort = VG2458
2025/11/04 05:24:44.157 [T:0xfa94e] [DisplayControl] SN from VideoPort = YDJ243400006
2025/11/04 05:24:44.157 [T:0xfa94e] [DisplayControl] index of p_lpo_display_info_video_port1
2025/11/04 05:24:44.157 [T:0xfa94e] [DisplayControl] Model name from VideoPort = VG275
2025/11/04 05:24:44.157 [T:0xfa94e] [DisplayControl] SN from VideoPort = XF6232400003
2025/11/04 05:24:44.157 [T:0xfa94e] ====== List p_lpo_display_info_rtd_scalar_rts_hub, # of devices is ======0
2025/11/04 05:24:44.157 [T:0xfa94e] [DisplayControl] GetVSRtkHubControlClientListener
2025/11/04 05:24:44.157 [T:0xfa94e] [DisplayControl] max monitor count = 2
2025/11/04 05:24:44.157 [T:0xfa94e] [DisplayControl] index of display_info_vec = 0
2025/11/04 05:24:44.157 [T:0xfa94e] [DisplayControl] index of p_lpo_display_info_video_port = 0
2025/11/04 05:24:44.157 [T:0xfa94e] [DisplayControl] VideoPortMatchingRule
2025/11/04 05:24:44.157 [T:0xfa94e] [DisplayControl] monitor display_info_model_name = VG2458
2025/11/04 05:24:44.157 [T:0xfa94e] [DisplayControl] monitor video_port_model_name = VG2458
2025/11/04 05:24:44.157 [T:0xfa94e] [DisplayControl] monitor display_info_sn = YDJ243400006
2025/11/04 05:24:44.157 [T:0xfa94e] [DisplayControl] monitor video_port_sn = YDJ243400006
2025/11/04 05:24:44.158 [T:0xfa94e] [DisplayControl] model_name_match = 1
2025/11/04 05:24:44.158 [T:0xfa94e] [DisplayControl] sn_match = 1
2025/11/04 05:24:44.158 [T:0xfa94e] [DisplayControl] video_port is_match = 1
2025/11/04 05:24:44.158 [T:0xfa94e] [DisplayControl] index of display_info_vec = 1
2025/11/04 05:24:44.158 [T:0xfa94e] [DisplayControl] index of p_lpo_display_info_video_port = 0
2025/11/04 05:24:44.158 [T:0xfa94e] [DisplayControl] VideoPortMatchingRule
2025/11/04 05:24:44.158 [T:0xfa94e] [DisplayControl] monitor display_info_model_name = VG275
2025/11/04 05:24:44.158 [T:0xfa94e] [DisplayControl] monitor video_port_model_name = VG2458
2025/11/04 05:24:44.158 [T:0xfa94e] [DisplayControl] monitor display_info_sn = XF6232400003
2025/11/04 05:24:44.158 [T:0xfa94e] [DisplayControl] monitor video_port_sn = YDJ243400006
2025/11/04 05:24:44.158 [T:0xfa94e] [DisplayControl] model_name_match = 0
2025/11/04 05:24:44.158 [T:0xfa94e] [DisplayControl] sn_match = 0
2025/11/04 05:24:44.158 [T:0xfa94e] [DisplayControl] video_port is_match = 0
2025/11/04 05:24:44.158 [T:0xfa94e] [DisplayControl] index of display_info_vec = 1
2025/11/04 05:24:44.158 [T:0xfa94e] [DisplayControl] index of p_lpo_display_info_video_port = 1
2025/11/04 05:24:44.158 [T:0xfa94e] [DisplayControl] VideoPortMatchingRule
2025/11/04 05:24:44.158 [T:0xfa94e] [DisplayControl] monitor display_info_model_name = VG275
2025/11/04 05:24:44.158 [T:0xfa94e] [DisplayControl] monitor video_port_model_name = VG275
2025/11/04 05:24:44.158 [T:0xfa94e] [DisplayControl] monitor display_info_sn = XF6232400003
2025/11/04 05:24:44.158 [T:0xfa94e] [DisplayControl] monitor video_port_sn = XF6232400003
2025/11/04 05:24:44.158 [T:0xfa94e] [DisplayControl] model_name_match = 1
2025/11/04 05:24:44.158 [T:0xfa94e] [DisplayControl] sn_match = 1
2025/11/04 05:24:44.158 [T:0xfa94e] [DisplayControl] video_port is_match = 1
2025/11/04 05:24:44.158 [T:0xfa94e] [DisplayControl] i = 0
2025/11/04 05:24:44.158 [T:0xfa94e] [DisplayControl] Enter OperationThread::OperationThread()
2025/11/04 05:24:44.158 [T:0xfa94e] [DisplayControl] Enter OperationThread::CreateThread
2025/11/04 05:24:44.159 [T:0xfa94e] [DisplayControl] new DisplayFunctioner
2025/11/04 05:24:44.159 [T:0xfa94e] [DisplayControl] insert displayer_vector
2025/11/04 05:24:44.159 [T:0xfa94e] [DisplayControl] insert modelName_SN_to_Display_map
2025/11/04 05:24:44.159 [T:0xfa94e] [DisplayControl] insert device_id_to_Displayer_map_
2025/11/04 05:24:44.159 [T:0xfa94e] [DisplayControl] i = 1
2025/11/04 05:24:44.159 [T:0xfa94e] [DisplayControl] Enter OperationThread::OperationThread()
2025/11/04 05:24:44.159 [T:0xfa94e] [DisplayControl] Enter OperationThread::CreateThread
2025/11/04 05:24:44.159 [T:0xfa94e] [DisplayControl] new DisplayFunctioner
2025/11/04 05:24:44.159 [T:0xfa94e] [DisplayControl] insert displayer_vector
2025/11/04 05:24:44.159 [T:0xfa94e] [DisplayControl] insert modelName_SN_to_Display_map
2025/11/04 05:24:44.159 [T:0xfa94e] [DisplayControl] insert device_id_to_Displayer_map_
2025/11/04 05:24:44.159 [T:0xfa94e] [DisplayControl] monitor size = 2
2025/11/04 05:24:44.159 [T:0xfa94e] [DisplayControl] Exit ObtainControlHandler
2025/11/04 05:26:40.748 [T:0xfa94e] [DisplayControl] Enter OperationThread::ExitThread
2025/11/04 05:26:40.748 [T:0xfa94e] [DisplayControl] Exit OperationThread::ExitThread
2025/11/04 05:26:40.748 [T:0xfa94e] [DisplayControl] Enter OperationThread::~OperationThread()
2025/11/04 05:26:40.748 [T:0xfa94e] [DisplayControl] Enter OperationThread::ExitThread
2025/11/04 05:26:40.748 [T:0xfa94e] [DisplayControl] Enter OperationThread::ExitThread
2025/11/04 05:26:40.748 [T:0xfa94e] [DisplayControl] Exit OperationThread::ExitThread
2025/11/04 05:26:40.748 [T:0xfa94e] [DisplayControl] Enter OperationThread::~OperationThread()
2025/11/04 05:26:40.748 [T:0xfa94e] [DisplayControl] Enter OperationThread::ExitThread
2025/11/04 05:26:40.819 [T:0xfa94e] [DbgStr] After calling display_control_client_listener_video_port_.UpdateAllDisplayPath()
2025/11/04 05:26:40.842 [T:0xfa94e] [DbgStr] After calling display_control_client_listener_.GetAllDisplayEDID()
2025/11/04 05:26:40.855 [T:0xfa94e] [DisplayControl] Version = 3.0.6.0
2025/11/04 05:26:40.855 [T:0xfa94e] [DisplayControl] Enter ObtainControlHandler1
2025/11/04 05:26:40.855 [T:0xfa94e] [DisplayControl] GetVideoPortCommander
2025/11/04 05:26:40.855 [T:0xfa94e] [DisplayControl] GetUSBHubCommander
2025/11/04 05:26:40.855 [T:0xfa94e] ====== List p_lpo_display_info_video_port, # of devices is ======2
2025/11/04 05:26:40.855 [T:0xfa94e] [DisplayControl] index of p_lpo_display_info_video_port0
2025/11/04 05:26:40.855 [T:0xfa94e] [DisplayControl] Model name from VideoPort = VG2458
2025/11/04 05:26:40.855 [T:0xfa94e] [DisplayControl] SN from VideoPort = YDJ243400006
2025/11/04 05:26:40.855 [T:0xfa94e] [DisplayControl] index of p_lpo_display_info_video_port1
2025/11/04 05:26:40.855 [T:0xfa94e] [DisplayControl] Model name from VideoPort = VG275
2025/11/04 05:26:40.855 [T:0xfa94e] [DisplayControl] SN from VideoPort = XF6232400003
2025/11/04 05:26:40.855 [T:0xfa94e] ====== List p_lpo_display_info_rtd_scalar_rts_hub, # of devices is ======0
2025/11/04 05:26:40.855 [T:0xfa94e] [DisplayControl] GetVSRtkHubControlClientListener
2025/11/04 05:26:40.855 [T:0xfa94e] [DisplayControl] max monitor count = 2
2025/11/04 05:26:40.855 [T:0xfa94e] [DisplayControl] index of display_info_vec = 0
2025/11/04 05:26:40.855 [T:0xfa94e] [DisplayControl] index of p_lpo_display_info_video_port = 0
2025/11/04 05:26:40.855 [T:0xfa94e] [DisplayControl] VideoPortMatchingRule
2025/11/04 05:26:40.855 [T:0xfa94e] [DisplayControl] monitor display_info_model_name = VG2458
2025/11/04 05:26:40.856 [T:0xfa94e] [DisplayControl] monitor video_port_model_name = VG2458
2025/11/04 05:26:40.856 [T:0xfa94e] [DisplayControl] monitor display_info_sn = YDJ243400006
2025/11/04 05:26:40.856 [T:0xfa94e] [DisplayControl] monitor video_port_sn = YDJ243400006
2025/11/04 05:26:40.856 [T:0xfa94e] [DisplayControl] model_name_match = 1
2025/11/04 05:26:40.856 [T:0xfa94e] [DisplayControl] sn_match = 1
2025/11/04 05:26:40.856 [T:0xfa94e] [DisplayControl] video_port is_match = 1
2025/11/04 05:26:40.856 [T:0xfa94e] [DisplayControl] index of display_info_vec = 1
2025/11/04 05:26:40.856 [T:0xfa94e] [DisplayControl] index of p_lpo_display_info_video_port = 0
2025/11/04 05:26:40.856 [T:0xfa94e] [DisplayControl] VideoPortMatchingRule
2025/11/04 05:26:40.856 [T:0xfa94e] [DisplayControl] monitor display_info_model_name = VG275
2025/11/04 05:26:40.856 [T:0xfa94e] [DisplayControl] monitor video_port_model_name = VG2458
2025/11/04 05:26:40.856 [T:0xfa94e] [DisplayControl] monitor display_info_sn = XF6232400003
2025/11/04 05:26:40.856 [T:0xfa94e] [DisplayControl] monitor video_port_sn = YDJ243400006
2025/11/04 05:26:40.856 [T:0xfa94e] [DisplayControl] model_name_match = 0
2025/11/04 05:26:40.856 [T:0xfa94e] [DisplayControl] sn_match = 0
2025/11/04 05:26:40.856 [T:0xfa94e] [DisplayControl] video_port is_match = 0
2025/11/04 05:26:40.856 [T:0xfa94e] [DisplayControl] index of display_info_vec = 1
2025/11/04 05:26:40.856 [T:0xfa94e] [DisplayControl] index of p_lpo_display_info_video_port = 1
2025/11/04 05:26:40.856 [T:0xfa94e] [DisplayControl] VideoPortMatchingRule
2025/11/04 05:26:40.856 [T:0xfa94e] [DisplayControl] monitor display_info_model_name = VG275
2025/11/04 05:26:40.856 [T:0xfa94e] [DisplayControl] monitor video_port_model_name = VG275
2025/11/04 05:26:40.856 [T:0xfa94e] [DisplayControl] monitor display_info_sn = XF6232400003
2025/11/04 05:26:40.856 [T:0xfa94e] [DisplayControl] monitor video_port_sn = XF6232400003
2025/11/04 05:26:40.856 [T:0xfa94e] [DisplayControl] model_name_match = 1
2025/11/04 05:26:40.856 [T:0xfa94e] [DisplayControl] sn_match = 1
2025/11/04 05:26:40.856 [T:0xfa94e] [DisplayControl] video_port is_match = 1
2025/11/04 05:26:40.856 [T:0xfa94e] [DisplayControl] i = 0
2025/11/04 05:26:40.856 [T:0xfa94e] [DisplayControl] Enter OperationThread::OperationThread()
2025/11/04 05:26:40.857 [T:0xfa94e] [DisplayControl] Enter OperationThread::CreateThread
2025/11/04 05:26:40.857 [T:0xfa94e] [DisplayControl] new DisplayFunctioner
2025/11/04 05:26:40.857 [T:0xfa94e] [DisplayControl] insert displayer_vector
2025/11/04 05:26:40.857 [T:0xfa94e] [DisplayControl] insert modelName_SN_to_Display_map
2025/11/04 05:26:40.857 [T:0xfa94e] [DisplayControl] insert device_id_to_Displayer_map_
2025/11/04 05:26:40.857 [T:0xfa94e] [DisplayControl] i = 1
2025/11/04 05:26:40.857 [T:0xfa94e] [DisplayControl] Enter OperationThread::OperationThread()
2025/11/04 05:26:40.857 [T:0xfa94e] [DisplayControl] Enter OperationThread::CreateThread
2025/11/04 05:26:40.857 [T:0xfa94e] [DisplayControl] new DisplayFunctioner
2025/11/04 05:26:40.857 [T:0xfa94e] [DisplayControl] insert displayer_vector
2025/11/04 05:26:40.857 [T:0xfa94e] [DisplayControl] insert modelName_SN_to_Display_map
2025/11/04 05:26:40.857 [T:0xfa94e] [DisplayControl] insert device_id_to_Displayer_map_
2025/11/04 05:26:40.857 [T:0xfa94e] [DisplayControl] monitor size = 2
2025/11/04 05:26:40.857 [T:0xfa94e] [DisplayControl] Exit ObtainControlHandler
2025/11/04 05:28:26.607 [T:0xfa94e] [DisplayControl] Enter OperationThread::ExitThread
2025/11/04 05:28:26.608 [T:0xfa94e] [DisplayControl] Exit OperationThread::ExitThread
2025/11/04 05:28:26.608 [T:0xfa94e] [DisplayControl] Enter OperationThread::~OperationThread()
2025/11/04 05:28:26.608 [T:0xfa94e] [DisplayControl] Enter OperationThread::ExitThread
2025/11/04 05:28:26.608 [T:0xfa94e] [DisplayControl] Enter OperationThread::ExitThread
2025/11/04 05:28:26.608 [T:0xfa94e] [DisplayControl] Exit OperationThread::ExitThread
2025/11/04 05:28:26.608 [T:0xfa94e] [DisplayControl] Enter OperationThread::~OperationThread()
2025/11/04 05:28:26.608 [T:0xfa94e] [DisplayControl] Enter OperationThread::ExitThread
2025/11/04 05:28:26.630 [T:0xfa94e] [DbgStr] After calling display_control_client_listener_video_port_.UpdateAllDisplayPath()
2025/11/04 05:28:26.647 [T:0xfa94e] [DbgStr] After calling display_control_client_listener_.GetAllDisplayEDID()
2025/11/04 05:28:26.649 [T:0xfa94e] [DisplayControl] Version = 3.0.6.0
2025/11/04 05:28:26.649 [T:0xfa94e] [DisplayControl] Enter ObtainControlHandler1
2025/11/04 05:28:26.649 [T:0xfa94e] [DisplayControl] GetVideoPortCommander
2025/11/04 05:28:26.649 [T:0xfa94e] [DisplayControl] GetUSBHubCommander
2025/11/04 05:28:26.649 [T:0xfa94e] ====== List p_lpo_display_info_video_port, # of devices is ======2
2025/11/04 05:28:26.649 [T:0xfa94e] [DisplayControl] index of p_lpo_display_info_video_port0
2025/11/04 05:28:26.649 [T:0xfa94e] [DisplayControl] Model name from VideoPort = VG2458
2025/11/04 05:28:26.649 [T:0xfa94e] [DisplayControl] SN from VideoPort = YDJ243400006
2025/11/04 05:28:26.649 [T:0xfa94e] [DisplayControl] index of p_lpo_display_info_video_port1
2025/11/04 05:28:26.649 [T:0xfa94e] [DisplayControl] Model name from VideoPort = VG275
2025/11/04 05:28:26.649 [T:0xfa94e] [DisplayControl] SN from VideoPort = XF6232400003
2025/11/04 05:28:26.649 [T:0xfa94e] ====== List p_lpo_display_info_rtd_scalar_rts_hub, # of devices is ======0
2025/11/04 05:28:26.649 [T:0xfa94e] [DisplayControl] GetVSRtkHubControlClientListener
2025/11/04 05:28:26.649 [T:0xfa94e] [DisplayControl] max monitor count = 2
2025/11/04 05:28:26.649 [T:0xfa94e] [DisplayControl] index of display_info_vec = 0
2025/11/04 05:28:26.649 [T:0xfa94e] [DisplayControl] index of p_lpo_display_info_video_port = 0
2025/11/04 05:28:26.649 [T:0xfa94e] [DisplayControl] VideoPortMatchingRule
2025/11/04 05:28:26.650 [T:0xfa94e] [DisplayControl] monitor display_info_model_name = VG2458
2025/11/04 05:28:26.650 [T:0xfa94e] [DisplayControl] monitor video_port_model_name = VG2458
2025/11/04 05:28:26.650 [T:0xfa94e] [DisplayControl] monitor display_info_sn = YDJ243400006
2025/11/04 05:28:26.650 [T:0xfa94e] [DisplayControl] monitor video_port_sn = YDJ243400006
2025/11/04 05:28:26.650 [T:0xfa94e] [DisplayControl] model_name_match = 1
2025/11/04 05:28:26.650 [T:0xfa94e] [DisplayControl] sn_match = 1
2025/11/04 05:28:26.650 [T:0xfa94e] [DisplayControl] video_port is_match = 1
2025/11/04 05:28:26.650 [T:0xfa94e] [DisplayControl] index of display_info_vec = 1
2025/11/04 05:28:26.650 [T:0xfa94e] [DisplayControl] index of p_lpo_display_info_video_port = 0
2025/11/04 05:28:26.650 [T:0xfa94e] [DisplayControl] VideoPortMatchingRule
2025/11/04 05:28:26.650 [T:0xfa94e] [DisplayControl] monitor display_info_model_name = VG275
2025/11/04 05:28:26.650 [T:0xfa94e] [DisplayControl] monitor video_port_model_name = VG2458
2025/11/04 05:28:26.650 [T:0xfa94e] [DisplayControl] monitor display_info_sn = XF6232400003
2025/11/04 05:28:26.650 [T:0xfa94e] [DisplayControl] monitor video_port_sn = YDJ243400006
2025/11/04 05:28:26.650 [T:0xfa94e] [DisplayControl] model_name_match = 0
2025/11/04 05:28:26.650 [T:0xfa94e] [DisplayControl] sn_match = 0
2025/11/04 05:28:26.650 [T:0xfa94e] [DisplayControl] video_port is_match = 0
2025/11/04 05:28:26.650 [T:0xfa94e] [DisplayControl] index of display_info_vec = 1
2025/11/04 05:28:26.650 [T:0xfa94e] [DisplayControl] index of p_lpo_display_info_video_port = 1
2025/11/04 05:28:26.650 [T:0xfa94e] [DisplayControl] VideoPortMatchingRule
2025/11/04 05:28:26.650 [T:0xfa94e] [DisplayControl] monitor display_info_model_name = VG275
2025/11/04 05:28:26.650 [T:0xfa94e] [DisplayControl] monitor video_port_model_name = VG275
2025/11/04 05:28:26.650 [T:0xfa94e] [DisplayControl] monitor display_info_sn = XF6232400003
2025/11/04 05:28:26.650 [T:0xfa94e] [DisplayControl] monitor video_port_sn = XF6232400003
2025/11/04 05:28:26.650 [T:0xfa94e] [DisplayControl] model_name_match = 1
2025/11/04 05:28:26.650 [T:0xfa94e] [DisplayControl] sn_match = 1
2025/11/04 05:28:26.650 [T:0xfa94e] [DisplayControl] video_port is_match = 1
2025/11/04 05:28:26.650 [T:0xfa94e] [DisplayControl] i = 0
2025/11/04 05:28:26.651 [T:0xfa94e] [DisplayControl] Enter OperationThread::OperationThread()
2025/11/04 05:28:26.651 [T:0xfa94e] [DisplayControl] Enter OperationThread::CreateThread
2025/11/04 05:28:26.651 [T:0xfa94e] [DisplayControl] new DisplayFunctioner
2025/11/04 05:28:26.651 [T:0xfa94e] [DisplayControl] insert displayer_vector
2025/11/04 05:28:26.651 [T:0xfa94e] [DisplayControl] insert modelName_SN_to_Display_map
2025/11/04 05:28:26.651 [T:0xfa94e] [DisplayControl] insert device_id_to_Displayer_map_
2025/11/04 05:28:26.651 [T:0xfa94e] [DisplayControl] i = 1
2025/11/04 05:28:26.651 [T:0xfa94e] [DisplayControl] Enter OperationThread::OperationThread()
2025/11/04 05:28:26.651 [T:0xfa94e] [DisplayControl] Enter OperationThread::CreateThread
2025/11/04 05:28:26.651 [T:0xfa94e] [DisplayControl] new DisplayFunctioner
2025/11/04 05:28:26.651 [T:0xfa94e] [DisplayControl] insert displayer_vector
2025/11/04 05:28:26.651 [T:0xfa94e] [DisplayControl] insert modelName_SN_to_Display_map
2025/11/04 05:28:26.651 [T:0xfa94e] [DisplayControl] insert device_id_to_Displayer_map_
2025/11/04 05:28:26.651 [T:0xfa94e] [DisplayControl] monitor size = 2
2025/11/04 05:28:26.651 [T:0xfa94e] [DisplayControl] Exit ObtainControlHandler
2025/11/04 05:30:23.741 [T:0xfa94e] [DisplayControl] Enter OperationThread::ExitThread
2025/11/04 05:30:23.741 [T:0xfa94e] [DisplayControl] Exit OperationThread::ExitThread
2025/11/04 05:30:23.741 [T:0xfa94e] [DisplayControl] Enter OperationThread::~OperationThread()
2025/11/04 05:30:23.741 [T:0xfa94e] [DisplayControl] Enter OperationThread::ExitThread
2025/11/04 05:30:23.741 [T:0xfa94e] [DisplayControl] Enter OperationThread::ExitThread
2025/11/04 05:30:23.742 [T:0xfa94e] [DisplayControl] Exit OperationThread::ExitThread
2025/11/04 05:30:23.742 [T:0xfa94e] [DisplayControl] Enter OperationThread::~OperationThread()
2025/11/04 05:30:23.742 [T:0xfa94e] [DisplayControl] Enter OperationThread::ExitThread
2025/11/04 05:30:23.806 [T:0xfa94e] [DbgStr] After calling display_control_client_listener_video_port_.UpdateAllDisplayPath()
2025/11/04 05:30:23.827 [T:0xfa94e] [DbgStr] After calling display_control_client_listener_.GetAllDisplayEDID()
2025/11/04 05:30:23.837 [T:0xfa94e] [DisplayControl] Version = 3.0.6.0
2025/11/04 05:30:23.837 [T:0xfa94e] [DisplayControl] Enter ObtainControlHandler1
2025/11/04 05:30:23.837 [T:0xfa94e] [DisplayControl] GetVideoPortCommander
2025/11/04 05:30:23.837 [T:0xfa94e] [DisplayControl] GetUSBHubCommander
2025/11/04 05:30:23.837 [T:0xfa94e] ====== List p_lpo_display_info_video_port, # of devices is ======2
2025/11/04 05:30:23.837 [T:0xfa94e] [DisplayControl] index of p_lpo_display_info_video_port0
2025/11/04 05:30:23.837 [T:0xfa94e] [DisplayControl] Model name from VideoPort = VG2458
2025/11/04 05:30:23.837 [T:0xfa94e] [DisplayControl] SN from VideoPort = YDJ243400006
2025/11/04 05:30:23.837 [T:0xfa94e] [DisplayControl] index of p_lpo_display_info_video_port1
2025/11/04 05:30:23.837 [T:0xfa94e] [DisplayControl] Model name from VideoPort = VG275
2025/11/04 05:30:23.837 [T:0xfa94e] [DisplayControl] SN from VideoPort = XF6232400003
2025/11/04 05:30:23.837 [T:0xfa94e] ====== List p_lpo_display_info_rtd_scalar_rts_hub, # of devices is ======0
2025/11/04 05:30:23.837 [T:0xfa94e] [DisplayControl] GetVSRtkHubControlClientListener
2025/11/04 05:30:23.837 [T:0xfa94e] [DisplayControl] max monitor count = 2
2025/11/04 05:30:23.837 [T:0xfa94e] [DisplayControl] index of display_info_vec = 0
2025/11/04 05:30:23.838 [T:0xfa94e] [DisplayControl] index of p_lpo_display_info_video_port = 0
2025/11/04 05:30:23.838 [T:0xfa94e] [DisplayControl] VideoPortMatchingRule
2025/11/04 05:30:23.838 [T:0xfa94e] [DisplayControl] monitor display_info_model_name = VG2458
2025/11/04 05:30:23.838 [T:0xfa94e] [DisplayControl] monitor video_port_model_name = VG2458
2025/11/04 05:30:23.838 [T:0xfa94e] [DisplayControl] monitor display_info_sn = YDJ243400006
2025/11/04 05:30:23.838 [T:0xfa94e] [DisplayControl] monitor video_port_sn = YDJ243400006
2025/11/04 05:30:23.838 [T:0xfa94e] [DisplayControl] model_name_match = 1
2025/11/04 05:30:23.838 [T:0xfa94e] [DisplayControl] sn_match = 1
2025/11/04 05:30:23.838 [T:0xfa94e] [DisplayControl] video_port is_match = 1
2025/11/04 05:30:23.838 [T:0xfa94e] [DisplayControl] index of display_info_vec = 1
2025/11/04 05:30:23.838 [T:0xfa94e] [DisplayControl] index of p_lpo_display_info_video_port = 0
2025/11/04 05:30:23.838 [T:0xfa94e] [DisplayControl] VideoPortMatchingRule
2025/11/04 05:30:23.838 [T:0xfa94e] [DisplayControl] monitor display_info_model_name = VG275
2025/11/04 05:30:23.838 [T:0xfa94e] [DisplayControl] monitor video_port_model_name = VG2458
2025/11/04 05:30:23.838 [T:0xfa94e] [DisplayControl] monitor display_info_sn = XF6232400003
2025/11/04 05:30:23.838 [T:0xfa94e] [DisplayControl] monitor video_port_sn = YDJ243400006
2025/11/04 05:30:23.838 [T:0xfa94e] [DisplayControl] model_name_match = 0
2025/11/04 05:30:23.838 [T:0xfa94e] [DisplayControl] sn_match = 0
2025/11/04 05:30:23.838 [T:0xfa94e] [DisplayControl] video_port is_match = 0
2025/11/04 05:30:23.838 [T:0xfa94e] [DisplayControl] index of display_info_vec = 1
2025/11/04 05:30:23.838 [T:0xfa94e] [DisplayControl] index of p_lpo_display_info_video_port = 1
2025/11/04 05:30:23.838 [T:0xfa94e] [DisplayControl] VideoPortMatchingRule
2025/11/04 05:30:23.838 [T:0xfa94e] [DisplayControl] monitor display_info_model_name = VG275
2025/11/04 05:30:23.838 [T:0xfa94e] [DisplayControl] monitor video_port_model_name = VG275
2025/11/04 05:30:23.838 [T:0xfa94e] [DisplayControl] monitor display_info_sn = XF6232400003
2025/11/04 05:30:23.838 [T:0xfa94e] [DisplayControl] monitor video_port_sn = XF6232400003
2025/11/04 05:30:23.838 [T:0xfa94e] [DisplayControl] model_name_match = 1
2025/11/04 05:30:23.838 [T:0xfa94e] [DisplayControl] sn_match = 1
2025/11/04 05:30:23.839 [T:0xfa94e] [DisplayControl] video_port is_match = 1
2025/11/04 05:30:23.839 [T:0xfa94e] [DisplayControl] i = 0
2025/11/04 05:30:23.839 [T:0xfa94e] [DisplayControl] Enter OperationThread::OperationThread()
2025/11/04 05:30:23.839 [T:0xfa94e] [DisplayControl] Enter OperationThread::CreateThread
2025/11/04 05:30:23.839 [T:0xfa94e] [DisplayControl] new DisplayFunctioner
2025/11/04 05:30:23.839 [T:0xfa94e] [DisplayControl] insert displayer_vector
2025/11/04 05:30:23.839 [T:0xfa94e] [DisplayControl] insert modelName_SN_to_Display_map
2025/11/04 05:30:23.839 [T:0xfa94e] [DisplayControl] insert device_id_to_Displayer_map_
2025/11/04 05:30:23.839 [T:0xfa94e] [DisplayControl] i = 1
2025/11/04 05:30:23.839 [T:0xfa94e] [DisplayControl] Enter OperationThread::OperationThread()
2025/11/04 05:30:23.839 [T:0xfa94e] [DisplayControl] Enter OperationThread::CreateThread
2025/11/04 05:30:23.839 [T:0xfa94e] [DisplayControl] new DisplayFunctioner
2025/11/04 05:30:23.839 [T:0xfa94e] [DisplayControl] insert displayer_vector
2025/11/04 05:30:23.839 [T:0xfa94e] [DisplayControl] insert modelName_SN_to_Display_map
2025/11/04 05:30:23.839 [T:0xfa94e] [DisplayControl] insert device_id_to_Displayer_map_
2025/11/04 05:30:23.839 [T:0xfa94e] [DisplayControl] monitor size = 2
2025/11/04 05:30:23.839 [T:0xfa94e] [DisplayControl] Exit ObtainControlHandler
2025/11/04 05:32:20.764 [T:0xfa94e] [DisplayControl] Enter OperationThread::ExitThread
2025/11/04 05:32:20.764 [T:0xfa94e] [DisplayControl] Exit OperationThread::ExitThread
2025/11/04 05:32:20.764 [T:0xfa94e] [DisplayControl] Enter OperationThread::~OperationThread()
2025/11/04 05:32:20.764 [T:0xfa94e] [DisplayControl] Enter OperationThread::ExitThread
2025/11/04 05:32:20.764 [T:0xfa94e] [DisplayControl] Enter OperationThread::ExitThread
2025/11/04 05:32:20.764 [T:0xfa94e] [DisplayControl] Exit OperationThread::ExitThread
2025/11/04 05:32:20.764 [T:0xfa94e] [DisplayControl] Enter OperationThread::~OperationThread()
2025/11/04 05:32:20.764 [T:0xfa94e] [DisplayControl] Enter OperationThread::ExitThread
2025/11/04 05:32:20.789 [T:0xfa94e] [DbgStr] After calling display_control_client_listener_video_port_.UpdateAllDisplayPath()
2025/11/04 05:32:20.809 [T:0xfa94e] [DbgStr] After calling display_control_client_listener_.GetAllDisplayEDID()
2025/11/04 05:32:20.816 [T:0xfa94e] [DisplayControl] Version = 3.0.6.0
2025/11/04 05:32:20.816 [T:0xfa94e] [DisplayControl] Enter ObtainControlHandler1
2025/11/04 05:32:20.816 [T:0xfa94e] [DisplayControl] GetVideoPortCommander
2025/11/04 05:32:20.816 [T:0xfa94e] [DisplayControl] GetUSBHubCommander
2025/11/04 05:32:20.816 [T:0xfa94e] ====== List p_lpo_display_info_video_port, # of devices is ======2
2025/11/04 05:32:20.816 [T:0xfa94e] [DisplayControl] index of p_lpo_display_info_video_port0
2025/11/04 05:32:20.816 [T:0xfa94e] [DisplayControl] Model name from VideoPort = VG2458
2025/11/04 05:32:20.816 [T:0xfa94e] [DisplayControl] SN from VideoPort = YDJ243400006
2025/11/04 05:32:20.816 [T:0xfa94e] [DisplayControl] index of p_lpo_display_info_video_port1
2025/11/04 05:32:20.816 [T:0xfa94e] [DisplayControl] Model name from VideoPort = VG275
2025/11/04 05:32:20.816 [T:0xfa94e] [DisplayControl] SN from VideoPort = XF6232400003
2025/11/04 05:32:20.816 [T:0xfa94e] ====== List p_lpo_display_info_rtd_scalar_rts_hub, # of devices is ======0
2025/11/04 05:32:20.816 [T:0xfa94e] [DisplayControl] GetVSRtkHubControlClientListener
2025/11/04 05:32:20.816 [T:0xfa94e] [DisplayControl] max monitor count = 2
2025/11/04 05:32:20.816 [T:0xfa94e] [DisplayControl] index of display_info_vec = 0
2025/11/04 05:32:20.816 [T:0xfa94e] [DisplayControl] index of p_lpo_display_info_video_port = 0
2025/11/04 05:32:20.816 [T:0xfa94e] [DisplayControl] VideoPortMatchingRule
2025/11/04 05:32:20.816 [T:0xfa94e] [DisplayControl] monitor display_info_model_name = VG2458
2025/11/04 05:32:20.816 [T:0xfa94e] [DisplayControl] monitor video_port_model_name = VG2458
2025/11/04 05:32:20.816 [T:0xfa94e] [DisplayControl] monitor display_info_sn = YDJ243400006
2025/11/04 05:32:20.817 [T:0xfa94e] [DisplayControl] monitor video_port_sn = YDJ243400006
2025/11/04 05:32:20.817 [T:0xfa94e] [DisplayControl] model_name_match = 1
2025/11/04 05:32:20.817 [T:0xfa94e] [DisplayControl] sn_match = 1
2025/11/04 05:32:20.817 [T:0xfa94e] [DisplayControl] video_port is_match = 1
2025/11/04 05:32:20.817 [T:0xfa94e] [DisplayControl] index of display_info_vec = 1
2025/11/04 05:32:20.817 [T:0xfa94e] [DisplayControl] index of p_lpo_display_info_video_port = 0
2025/11/04 05:32:20.817 [T:0xfa94e] [DisplayControl] VideoPortMatchingRule
2025/11/04 05:32:20.817 [T:0xfa94e] [DisplayControl] monitor display_info_model_name = VG275
2025/11/04 05:32:20.817 [T:0xfa94e] [DisplayControl] monitor video_port_model_name = VG2458
2025/11/04 05:32:20.817 [T:0xfa94e] [DisplayControl] monitor display_info_sn = XF6232400003
2025/11/04 05:32:20.817 [T:0xfa94e] [DisplayControl] monitor video_port_sn = YDJ243400006
2025/11/04 05:32:20.817 [T:0xfa94e] [DisplayControl] model_name_match = 0
2025/11/04 05:32:20.817 [T:0xfa94e] [DisplayControl] sn_match = 0
2025/11/04 05:32:20.817 [T:0xfa94e] [DisplayControl] video_port is_match = 0
2025/11/04 05:32:20.817 [T:0xfa94e] [DisplayControl] index of display_info_vec = 1
2025/11/04 05:32:20.817 [T:0xfa94e] [DisplayControl] index of p_lpo_display_info_video_port = 1
2025/11/04 05:32:20.817 [T:0xfa94e] [DisplayControl] VideoPortMatchingRule
2025/11/04 05:32:20.817 [T:0xfa94e] [DisplayControl] monitor display_info_model_name = VG275
2025/11/04 05:32:20.817 [T:0xfa94e] [DisplayControl] monitor video_port_model_name = VG275
2025/11/04 05:32:20.817 [T:0xfa94e] [DisplayControl] monitor display_info_sn = XF6232400003
2025/11/04 05:32:20.817 [T:0xfa94e] [DisplayControl] monitor video_port_sn = XF6232400003
2025/11/04 05:32:20.817 [T:0xfa94e] [DisplayControl] model_name_match = 1
2025/11/04 05:32:20.817 [T:0xfa94e] [DisplayControl] sn_match = 1
2025/11/04 05:32:20.817 [T:0xfa94e] [DisplayControl] video_port is_match = 1
2025/11/04 05:32:20.817 [T:0xfa94e] [DisplayControl] i = 0
2025/11/04 05:32:20.817 [T:0xfa94e] [DisplayControl] Enter OperationThread::OperationThread()
2025/11/04 05:32:20.817 [T:0xfa94e] [DisplayControl] Enter OperationThread::CreateThread
2025/11/04 05:32:20.818 [T:0xfa94e] [DisplayControl] new DisplayFunctioner
2025/11/04 05:32:20.818 [T:0xfa94e] [DisplayControl] insert displayer_vector
2025/11/04 05:32:20.818 [T:0xfa94e] [DisplayControl] insert modelName_SN_to_Display_map
2025/11/04 05:32:20.818 [T:0xfa94e] [DisplayControl] insert device_id_to_Displayer_map_
2025/11/04 05:32:20.818 [T:0xfa94e] [DisplayControl] i = 1
2025/11/04 05:32:20.818 [T:0xfa94e] [DisplayControl] Enter OperationThread::OperationThread()
2025/11/04 05:32:20.818 [T:0xfa94e] [DisplayControl] Enter OperationThread::CreateThread
2025/11/04 05:32:20.818 [T:0xfa94e] [DisplayControl] new DisplayFunctioner
2025/11/04 05:32:20.818 [T:0xfa94e] [DisplayControl] insert displayer_vector
2025/11/04 05:32:20.818 [T:0xfa94e] [DisplayControl] insert modelName_SN_to_Display_map
2025/11/04 05:32:20.818 [T:0xfa94e] [DisplayControl] insert device_id_to_Displayer_map_
2025/11/04 05:32:20.818 [T:0xfa94e] [DisplayControl] monitor size = 2
2025/11/04 05:32:20.818 [T:0xfa94e] [DisplayControl] Exit ObtainControlHandler
2025/11/04 05:34:06.623 [T:0xfa94e] [DisplayControl] Enter OperationThread::ExitThread
2025/11/04 05:34:06.623 [T:0xfa94e] [DisplayControl] Exit OperationThread::ExitThread
2025/11/04 05:34:06.623 [T:0xfa94e] [DisplayControl] Enter OperationThread::~OperationThread()
2025/11/04 05:34:06.623 [T:0xfa94e] [DisplayControl] Enter OperationThread::ExitThread
2025/11/04 05:34:06.623 [T:0xfa94e] [DisplayControl] Enter OperationThread::ExitThread
2025/11/04 05:34:06.623 [T:0xfa94e] [DisplayControl] Exit OperationThread::ExitThread
2025/11/04 05:34:06.623 [T:0xfa94e] [DisplayControl] Enter OperationThread::~OperationThread()
2025/11/04 05:34:06.623 [T:0xfa94e] [DisplayControl] Enter OperationThread::ExitThread
2025/11/04 05:34:06.647 [T:0xfa94e] [DbgStr] After calling display_control_client_listener_video_port_.UpdateAllDisplayPath()
2025/11/04 05:34:06.665 [T:0xfa94e] [DbgStr] After calling display_control_client_listener_.GetAllDisplayEDID()
2025/11/04 05:34:06.670 [T:0xfa94e] [DisplayControl] Version = 3.0.6.0
2025/11/04 05:34:06.670 [T:0xfa94e] [DisplayControl] Enter ObtainControlHandler1
2025/11/04 05:34:06.670 [T:0xfa94e] [DisplayControl] GetVideoPortCommander
2025/11/04 05:34:06.670 [T:0xfa94e] [DisplayControl] GetUSBHubCommander
2025/11/04 05:34:06.670 [T:0xfa94e] ====== List p_lpo_display_info_video_port, # of devices is ======2
2025/11/04 05:34:06.670 [T:0xfa94e] [DisplayControl] index of p_lpo_display_info_video_port0
2025/11/04 05:34:06.670 [T:0xfa94e] [DisplayControl] Model name from VideoPort = VG2458
2025/11/04 05:34:06.670 [T:0xfa94e] [DisplayControl] SN from VideoPort = YDJ243400006
2025/11/04 05:34:06.671 [T:0xfa94e] [DisplayControl] index of p_lpo_display_info_video_port1
2025/11/04 05:34:06.671 [T:0xfa94e] [DisplayControl] Model name from VideoPort = VG275
2025/11/04 05:34:06.671 [T:0xfa94e] [DisplayControl] SN from VideoPort = XF6232400003
2025/11/04 05:34:06.671 [T:0xfa94e] ====== List p_lpo_display_info_rtd_scalar_rts_hub, # of devices is ======0
2025/11/04 05:34:06.671 [T:0xfa94e] [DisplayControl] GetVSRtkHubControlClientListener
2025/11/04 05:34:06.671 [T:0xfa94e] [DisplayControl] max monitor count = 2
2025/11/04 05:34:06.671 [T:0xfa94e] [DisplayControl] index of display_info_vec = 0
2025/11/04 05:34:06.671 [T:0xfa94e] [DisplayControl] index of p_lpo_display_info_video_port = 0
2025/11/04 05:34:06.671 [T:0xfa94e] [DisplayControl] VideoPortMatchingRule
2025/11/04 05:34:06.671 [T:0xfa94e] [DisplayControl] monitor display_info_model_name = VG2458
2025/11/04 05:34:06.671 [T:0xfa94e] [DisplayControl] monitor video_port_model_name = VG2458
2025/11/04 05:34:06.671 [T:0xfa94e] [DisplayControl] monitor display_info_sn = YDJ243400006
2025/11/04 05:34:06.671 [T:0xfa94e] [DisplayControl] monitor video_port_sn = YDJ243400006
2025/11/04 05:34:06.671 [T:0xfa94e] [DisplayControl] model_name_match = 1
2025/11/04 05:34:06.671 [T:0xfa94e] [DisplayControl] sn_match = 1
2025/11/04 05:34:06.671 [T:0xfa94e] [DisplayControl] video_port is_match = 1
2025/11/04 05:34:06.671 [T:0xfa94e] [DisplayControl] index of display_info_vec = 1
2025/11/04 05:34:06.671 [T:0xfa94e] [DisplayControl] index of p_lpo_display_info_video_port = 0
2025/11/04 05:34:06.671 [T:0xfa94e] [DisplayControl] VideoPortMatchingRule
2025/11/04 05:34:06.671 [T:0xfa94e] [DisplayControl] monitor display_info_model_name = VG275
2025/11/04 05:34:06.671 [T:0xfa94e] [DisplayControl] monitor video_port_model_name = VG2458
2025/11/04 05:34:06.671 [T:0xfa94e] [DisplayControl] monitor display_info_sn = XF6232400003
2025/11/04 05:34:06.671 [T:0xfa94e] [DisplayControl] monitor video_port_sn = YDJ243400006
2025/11/04 05:34:06.671 [T:0xfa94e] [DisplayControl] model_name_match = 0
2025/11/04 05:34:06.671 [T:0xfa94e] [DisplayControl] sn_match = 0
2025/11/04 05:34:06.671 [T:0xfa94e] [DisplayControl] video_port is_match = 0
2025/11/04 05:34:06.671 [T:0xfa94e] [DisplayControl] index of display_info_vec = 1
2025/11/04 05:34:06.672 [T:0xfa94e] [DisplayControl] index of p_lpo_display_info_video_port = 1
2025/11/04 05:34:06.672 [T:0xfa94e] [DisplayControl] VideoPortMatchingRule
2025/11/04 05:34:06.672 [T:0xfa94e] [DisplayControl] monitor display_info_model_name = VG275
2025/11/04 05:34:06.672 [T:0xfa94e] [DisplayControl] monitor video_port_model_name = VG275
2025/11/04 05:34:06.672 [T:0xfa94e] [DisplayControl] monitor display_info_sn = XF6232400003
2025/11/04 05:34:06.672 [T:0xfa94e] [DisplayControl] monitor video_port_sn = XF6232400003
2025/11/04 05:34:06.672 [T:0xfa94e] [DisplayControl] model_name_match = 1
2025/11/04 05:34:06.672 [T:0xfa94e] [DisplayControl] sn_match = 1
2025/11/04 05:34:06.672 [T:0xfa94e] [DisplayControl] video_port is_match = 1
2025/11/04 05:34:06.672 [T:0xfa94e] [DisplayControl] i = 0
2025/11/04 05:34:06.672 [T:0xfa94e] [DisplayControl] Enter OperationThread::OperationThread()
2025/11/04 05:34:06.672 [T:0xfa94e] [DisplayControl] Enter OperationThread::CreateThread
2025/11/04 05:34:06.672 [T:0xfa94e] [DisplayControl] new DisplayFunctioner
2025/11/04 05:34:06.672 [T:0xfa94e] [DisplayControl] insert displayer_vector
2025/11/04 05:34:06.672 [T:0xfa94e] [DisplayControl] insert modelName_SN_to_Display_map
2025/11/04 05:34:06.672 [T:0xfa94e] [DisplayControl] insert device_id_to_Displayer_map_
2025/11/04 05:34:06.672 [T:0xfa94e] [DisplayControl] i = 1
2025/11/04 05:34:06.672 [T:0xfa94e] [DisplayControl] Enter OperationThread::OperationThread()
2025/11/04 05:34:06.672 [T:0xfa94e] [DisplayControl] Enter OperationThread::CreateThread
2025/11/04 05:34:06.672 [T:0xfa94e] [DisplayControl] new DisplayFunctioner
2025/11/04 05:34:06.672 [T:0xfa94e] [DisplayControl] insert displayer_vector
2025/11/04 05:34:06.672 [T:0xfa94e] [DisplayControl] insert modelName_SN_to_Display_map
2025/11/04 05:34:06.672 [T:0xfa94e] [DisplayControl] insert device_id_to_Displayer_map_
2025/11/04 05:34:06.672 [T:0xfa94e] [DisplayControl] monitor size = 2
2025/11/04 05:34:06.672 [T:0xfa94e] [DisplayControl] Exit ObtainControlHandler
2025/11/04 05:35:54.261 [T:0x3d32b] [DisplayControl] Enter MCCSOtherSet::SetVCP(), vcp code = 16
2025/11/04 05:35:54.458 [T:0x3d32b] [DisplayControl] Exit MCCSOtherSet::SetVCP()
2025/11/04 05:37:22.056 [T:0x18060] [DisplayControl] Enter MCCSOtherSet::SetVCP(), vcp code = 16
2025/11/04 05:37:22.241 [T:0x18060] [DisplayControl] Exit MCCSOtherSet::SetVCP()
2025/11/04 05:38:47.965 [T:0x014ac] [DisplayControl] Enter MCCSOtherSet::SetVCP(), vcp code = 18
2025/11/04 05:38:48.164 [T:0x014ac] [DisplayControl] Exit MCCSOtherSet::SetVCP()
2025/11/04 05:40:14.803 [T:0x587ae] [DisplayControl] Enter MCCSOtherSet::SetVCP(), vcp code = 18
2025/11/04 05:40:15.012 [T:0x587ae] [DisplayControl] Exit MCCSOtherSet::SetVCP()
2025/11/04 05:41:41.668 [T:0x6a59a] [DisplayControl] Enter MCCSOtherSet::SetVCP(), vcp code = 135
2025/11/04 05:41:41.864 [T:0x6a59a] [DisplayControl] Exit MCCSOtherSet::SetVCP()
2025/11/04 05:43:08.542 [T:0x04653] [DisplayControl] Enter MCCSOtherSet::SetVCP(), vcp code = 135
2025/11/04 05:43:08.743 [T:0x04653] [DisplayControl] Exit MCCSOtherSet::SetVCP()
2025/11/04 05:44:35.417 [T:0x32830] [DisplayControl] Enter MCCSOtherSet::SetVCP(), vcp code = 98
2025/11/04 05:44:35.930 [T:0x32830] [DisplayControl] Exit MCCSOtherSet::SetVCP()
2025/11/04 05:46:02.273 [T:0xd2b18] [DisplayControl] Enter MCCSOtherSet::SetVCP(), vcp code = 98
2025/11/04 05:46:02.473 [T:0xd2b18] [DisplayControl] Exit MCCSOtherSet::SetVCP()
2025/11/04 05:47:32.735 [T:0xa0b19] [DisplayControl] Enter MCCSOtherSet::SetVCP(), vcp code = 220
2025/11/04 05:47:33.719 [T:0xa0b19] [DisplayControl] Exit MCCSOtherSet::SetVCP()
2025/11/04 05:47:39.336 [T:0xa0b19] [DisplayControl] Enter MCCSOtherSet::GetVCP(), vcp code = 18
2025/11/04 05:47:39.417 [T:0xa0b19] [DisplayControl] Exit MCCSOtherSet::GetVCP()
2025/11/04 05:47:40.133 [T:0xa0b19] [DisplayControl] Enter MCCSOtherSet::GetVCP(), vcp code = 16
2025/11/04 05:47:40.213 [T:0xa0b19] [DisplayControl] Exit MCCSOtherSet::GetVCP()
2025/11/04 05:47:40.929 [T:0xa0b19] [DisplayControl] Enter MCCSOtherSet::GetVCP(), vcp code = 20
2025/11/04 05:47:41.010 [T:0xa0b19] [DisplayControl] Exit MCCSOtherSet::GetVCP()
2025/11/04 05:47:41.726 [T:0xa0b19] [DisplayControl] Enter MCCSOtherSet::GetVCP(), vcp code = 135
2025/11/04 05:47:41.808 [T:0xa0b19] [DisplayControl] Exit MCCSOtherSet::GetVCP()
2025/11/04 05:49:16.751 [T:0x986b1] [DisplayControl] Enter MCCSOtherSet::SetVCP(), vcp code = 220
2025/11/04 05:49:17.732 [T:0x986b1] [DisplayControl] Exit MCCSOtherSet::SetVCP()
2025/11/04 05:49:23.346 [T:0x986b1] [DisplayControl] Enter MCCSOtherSet::GetVCP(), vcp code = 18
2025/11/04 05:49:23.427 [T:0x986b1] [DisplayControl] Exit MCCSOtherSet::GetVCP()
2025/11/04 05:49:24.145 [T:0x986b1] [DisplayControl] Enter MCCSOtherSet::GetVCP(), vcp code = 16
2025/11/04 05:49:24.226 [T:0x986b1] [DisplayControl] Exit MCCSOtherSet::GetVCP()
2025/11/04 05:49:24.942 [T:0x986b1] [DisplayControl] Enter MCCSOtherSet::GetVCP(), vcp code = 20
2025/11/04 05:49:25.023 [T:0x986b1] [DisplayControl] Exit MCCSOtherSet::GetVCP()
2025/11/04 05:49:25.736 [T:0x986b1] [DisplayControl] Enter MCCSOtherSet::GetVCP(), vcp code = 135
2025/11/04 05:49:25.816 [T:0x986b1] [DisplayControl] Exit MCCSOtherSet::GetVCP()
2025/11/04 05:51:00.767 [T:0xc7f8c] [DisplayControl] Enter MCCSOtherSet::SetVCP(), vcp code = 220
2025/11/04 05:51:01.751 [T:0xc7f8c] [DisplayControl] Exit MCCSOtherSet::SetVCP()
2025/11/04 05:51:07.371 [T:0xc7f8c] [DisplayControl] Enter MCCSOtherSet::GetVCP(), vcp code = 18
2025/11/04 05:51:07.452 [T:0xc7f8c] [DisplayControl] Exit MCCSOtherSet::GetVCP()
2025/11/04 05:51:08.169 [T:0xc7f8c] [DisplayControl] Enter MCCSOtherSet::GetVCP(), vcp code = 16
2025/11/04 05:51:08.249 [T:0xc7f8c] [DisplayControl] Exit MCCSOtherSet::GetVCP()
2025/11/04 05:51:08.968 [T:0xc7f8c] [DisplayControl] Enter MCCSOtherSet::GetVCP(), vcp code = 20
2025/11/04 05:51:09.048 [T:0xc7f8c] [DisplayControl] Exit MCCSOtherSet::GetVCP()
2025/11/04 05:51:09.765 [T:0xc7f8c] [DisplayControl] Enter MCCSOtherSet::GetVCP(), vcp code = 135
2025/11/04 05:51:09.845 [T:0xc7f8c] [DisplayControl] Exit MCCSOtherSet::GetVCP()
2025/11/04 05:52:44.758 [T:0x08971] [DisplayControl] Enter MCCSOtherSet::SetVCP(), vcp code = 220
2025/11/04 05:52:45.730 [T:0x08971] [DisplayControl] Exit MCCSOtherSet::SetVCP()
2025/11/04 05:52:51.354 [T:0x08971] [DisplayControl] Enter MCCSOtherSet::GetVCP(), vcp code = 18
2025/11/04 05:52:51.436 [T:0x08971] [DisplayControl] Exit MCCSOtherSet::GetVCP()
2025/11/04 05:52:52.149 [T:0x08971] [DisplayControl] Enter MCCSOtherSet::GetVCP(), vcp code = 16
2025/11/04 05:52:52.230 [T:0x08971] [DisplayControl] Exit MCCSOtherSet::GetVCP()
2025/11/04 05:52:52.943 [T:0x08971] [DisplayControl] Enter MCCSOtherSet::GetVCP(), vcp code = 20
2025/11/04 05:52:53.024 [T:0x08971] [DisplayControl] Exit MCCSOtherSet::GetVCP()
2025/11/04 05:52:53.740 [T:0x08971] [DisplayControl] Enter MCCSOtherSet::GetVCP(), vcp code = 135
2025/11/04 05:52:53.819 [T:0x08971] [DisplayControl] Exit MCCSOtherSet::GetVCP()
2025/11/04 05:54:28.751 [T:0xe14fe] [DisplayControl] Enter MCCSOtherSet::SetVCP(), vcp code = 220
2025/11/04 05:54:29.739 [T:0xe14fe] [DisplayControl] Exit MCCSOtherSet::SetVCP()
2025/11/04 05:54:35.354 [T:0xe14fe] [DisplayControl] Enter MCCSOtherSet::GetVCP(), vcp code = 18
2025/11/04 05:54:35.434 [T:0xe14fe] [DisplayControl] Exit MCCSOtherSet::GetVCP()
2025/11/04 05:54:36.151 [T:0xe14fe] [DisplayControl] Enter MCCSOtherSet::GetVCP(), vcp code = 16
2025/11/04 05:54:36.232 [T:0xe14fe] [DisplayControl] Exit MCCSOtherSet::GetVCP()
2025/11/04 05:54:36.948 [T:0xe14fe] [DisplayControl] Enter MCCSOtherSet::GetVCP(), vcp code = 20
2025/11/04 05:54:37.029 [T:0xe14fe] [DisplayControl] Exit MCCSOtherSet::GetVCP()
2025/11/04 05:54:37.743 [T:0xe14fe] [DisplayControl] Enter MCCSOtherSet::GetVCP(), vcp code = 135
2025/11/04 05:54:37.824 [T:0xe14fe] [DisplayControl] Exit MCCSOtherSet::GetVCP()
2025/11/04 05:56:12.800 [T:0xa11b1] [DisplayControl] Enter MCCSOtherSet::SetVCP(), vcp code = 220
2025/11/04 05:56:13.757 [T:0xa11b1] [DisplayControl] Exit MCCSOtherSet::SetVCP()
2025/11/04 05:56:19.381 [T:0xa11b1] [DisplayControl] Enter MCCSOtherSet::GetVCP(), vcp code = 18
2025/11/04 05:56:19.462 [T:0xa11b1] [DisplayControl] Exit MCCSOtherSet::GetVCP()
2025/11/04 05:56:20.181 [T:0xa11b1] [DisplayControl] Enter MCCSOtherSet::GetVCP(), vcp code = 16
2025/11/04 05:56:20.263 [T:0xa11b1] [DisplayControl] Exit MCCSOtherSet::GetVCP()
2025/11/04 05:56:20.977 [T:0xa11b1] [DisplayControl] Enter MCCSOtherSet::GetVCP(), vcp code = 20
2025/11/04 05:56:21.058 [T:0xa11b1] [DisplayControl] Exit MCCSOtherSet::GetVCP()
2025/11/04 05:56:21.774 [T:0xa11b1] [DisplayControl] Enter MCCSOtherSet::GetVCP(), vcp code = 135
2025/11/04 05:56:21.855 [T:0xa11b1] [DisplayControl] Exit MCCSOtherSet::GetVCP()
2025/11/04 05:57:56.832 [T:0xd2797] [DisplayControl] Enter MCCSOtherSet::SetVCP(), vcp code = 220
2025/11/04 05:57:57.819 [T:0xd2797] [DisplayControl] Exit MCCSOtherSet::SetVCP()
2025/11/04 05:58:03.432 [T:0xd2797] [DisplayControl] Enter MCCSOtherSet::GetVCP(), vcp code = 18
2025/11/04 05:58:03.512 [T:0xd2797] [DisplayControl] Exit MCCSOtherSet::GetVCP()
2025/11/04 05:58:04.228 [T:0xd2797] [DisplayControl] Enter MCCSOtherSet::GetVCP(), vcp code = 16
2025/11/04 05:58:04.308 [T:0xd2797] [DisplayControl] Exit MCCSOtherSet::GetVCP()
2025/11/04 05:58:05.027 [T:0xd2797] [DisplayControl] Enter MCCSOtherSet::GetVCP(), vcp code = 20
2025/11/04 05:58:05.110 [T:0xd2797] [DisplayControl] Exit MCCSOtherSet::GetVCP()
2025/11/04 05:58:05.829 [T:0xd2797] [DisplayControl] Enter MCCSOtherSet::GetVCP(), vcp code = 135
2025/11/04 05:58:05.911 [T:0xd2797] [DisplayControl] Exit MCCSOtherSet::GetVCP()
2025/11/04 05:59:40.831 [T:0xa11b1] [DisplayControl] Enter MCCSOtherSet::SetVCP(), vcp code = 220
2025/11/04 05:59:41.807 [T:0xa11b1] [DisplayControl] Exit MCCSOtherSet::SetVCP()
2025/11/04 05:59:47.430 [T:0xa11b1] [DisplayControl] Enter MCCSOtherSet::GetVCP(), vcp code = 18
2025/11/04 05:59:47.511 [T:0xa11b1] [DisplayControl] Exit MCCSOtherSet::GetVCP()
2025/11/04 05:59:48.230 [T:0xa11b1] [DisplayControl] Enter MCCSOtherSet::GetVCP(), vcp code = 16
2025/11/04 05:59:48.311 [T:0xa11b1] [DisplayControl] Exit MCCSOtherSet::GetVCP()
2025/11/04 05:59:49.024 [T:0xa11b1] [DisplayControl] Enter MCCSOtherSet::GetVCP(), vcp code = 20
2025/11/04 05:59:49.104 [T:0xa11b1] [DisplayControl] Exit MCCSOtherSet::GetVCP()
2025/11/04 05:59:49.822 [T:0xa11b1] [DisplayControl] Enter MCCSOtherSet::GetVCP(), vcp code = 135
2025/11/04 05:59:49.902 [T:0xa11b1] [DisplayControl] Exit MCCSOtherSet::GetVCP()
2025/11/04 06:01:24.814 [T:0xa7cb6] [DisplayControl] Enter MCCSOtherSet::SetVCP(), vcp code = 220
2025/11/04 06:01:25.811 [T:0xa7cb6] [DisplayControl] Exit MCCSOtherSet::SetVCP()
2025/11/04 06:01:31.430 [T:0xa7cb6] [DisplayControl] Enter MCCSOtherSet::GetVCP(), vcp code = 18
2025/11/04 06:01:31.510 [T:0xa7cb6] [DisplayControl] Exit MCCSOtherSet::GetVCP()
2025/11/04 06:01:32.225 [T:0xa7cb6] [DisplayControl] Enter MCCSOtherSet::GetVCP(), vcp code = 16
2025/11/04 06:01:32.305 [T:0xa7cb6] [DisplayControl] Exit MCCSOtherSet::GetVCP()
2025/11/04 06:01:33.020 [T:0xa7cb6] [DisplayControl] Enter MCCSOtherSet::GetVCP(), vcp code = 20
2025/11/04 06:01:33.101 [T:0xa7cb6] [DisplayControl] Exit MCCSOtherSet::GetVCP()
2025/11/04 06:01:33.818 [T:0xa7cb6] [DisplayControl] Enter MCCSOtherSet::GetVCP(), vcp code = 135
2025/11/04 06:01:33.898 [T:0xa7cb6] [DisplayControl] Exit MCCSOtherSet::GetVCP()
2025/11/04 06:03:08.858 [T:0xf9efd] [DisplayControl] Enter MCCSOtherSet::SetVCP(), vcp code = 220
2025/11/04 06:03:09.856 [T:0xf9efd] [DisplayControl] Exit MCCSOtherSet::SetVCP()
2025/11/04 06:03:15.471 [T:0xf9efd] [DisplayControl] Enter MCCSOtherSet::GetVCP(), vcp code = 18
2025/11/04 06:03:15.553 [T:0xf9efd] [DisplayControl] Exit MCCSOtherSet::GetVCP()
2025/11/04 06:03:16.269 [T:0xf9efd] [DisplayControl] Enter MCCSOtherSet::GetVCP(), vcp code = 16
2025/11/04 06:03:16.350 [T:0xf9efd] [DisplayControl] Exit MCCSOtherSet::GetVCP()
2025/11/04 06:03:17.065 [T:0xf9efd] [DisplayControl] Enter MCCSOtherSet::GetVCP(), vcp code = 20
2025/11/04 06:03:17.145 [T:0xf9efd] [DisplayControl] Exit MCCSOtherSet::GetVCP()
2025/11/04 06:03:17.859 [T:0xf9efd] [DisplayControl] Enter MCCSOtherSet::GetVCP(), vcp code = 135
2025/11/04 06:03:17.940 [T:0xf9efd] [DisplayControl] Exit MCCSOtherSet::GetVCP()
2025/11/04 06:04:52.888 [T:0xb889d] [DisplayControl] Enter MCCSOtherSet::SetVCP(), vcp code = 220
2025/11/04 06:04:53.868 [T:0xb889d] [DisplayControl] Exit MCCSOtherSet::SetVCP()
2025/11/04 06:04:59.479 [T:0xb889d] [DisplayControl] Enter MCCSOtherSet::GetVCP(), vcp code = 18
2025/11/04 06:04:59.559 [T:0xb889d] [DisplayControl] Exit MCCSOtherSet::GetVCP()
2025/11/04 06:05:00.274 [T:0xb889d] [DisplayControl] Enter MCCSOtherSet::GetVCP(), vcp code = 16
2025/11/04 06:05:00.355 [T:0xb889d] [DisplayControl] Exit MCCSOtherSet::GetVCP()
2025/11/04 06:05:01.074 [T:0xb889d] [DisplayControl] Enter MCCSOtherSet::GetVCP(), vcp code = 20
2025/11/04 06:05:01.155 [T:0xb889d] [DisplayControl] Exit MCCSOtherSet::GetVCP()
2025/11/04 06:05:01.869 [T:0xb889d] [DisplayControl] Enter MCCSOtherSet::GetVCP(), vcp code = 135
2025/11/04 06:05:01.950 [T:0xb889d] [DisplayControl] Exit MCCSOtherSet::GetVCP()
2025/11/04 06:06:36.886 [T:0x1205e] [DisplayControl] Enter MCCSOtherSet::SetVCP(), vcp code = 220
2025/11/04 06:06:37.872 [T:0x1205e] [DisplayControl] Exit MCCSOtherSet::SetVCP()
2025/11/04 06:06:43.492 [T:0x1205e] [DisplayControl] Enter MCCSOtherSet::GetVCP(), vcp code = 18
2025/11/04 06:06:43.573 [T:0x1205e] [DisplayControl] Exit MCCSOtherSet::GetVCP()
2025/11/04 06:06:44.289 [T:0x1205e] [DisplayControl] Enter MCCSOtherSet::GetVCP(), vcp code = 16
2025/11/04 06:06:44.370 [T:0x1205e] [DisplayControl] Exit MCCSOtherSet::GetVCP()
2025/11/04 06:06:45.086 [T:0x1205e] [DisplayControl] Enter MCCSOtherSet::GetVCP(), vcp code = 20
2025/11/04 06:06:45.167 [T:0x1205e] [DisplayControl] Exit MCCSOtherSet::GetVCP()
2025/11/04 06:06:45.883 [T:0x1205e] [DisplayControl] Enter MCCSOtherSet::GetVCP(), vcp code = 135
2025/11/04 06:06:45.963 [T:0x1205e] [DisplayControl] Exit MCCSOtherSet::GetVCP()
2025/11/04 06:08:20.833 [T:0xd870b] [DisplayControl] Enter MCCSOtherSet::SetVCP(), vcp code = 220
2025/11/04 06:08:21.823 [T:0xd870b] [DisplayControl] Exit MCCSOtherSet::SetVCP()
2025/11/04 06:08:27.442 [T:0xd870b] [DisplayControl] Enter MCCSOtherSet::GetVCP(), vcp code = 18
2025/11/04 06:08:27.523 [T:0xd870b] [DisplayControl] Exit MCCSOtherSet::GetVCP()
2025/11/04 06:08:28.240 [T:0xd870b] [DisplayControl] Enter MCCSOtherSet::GetVCP(), vcp code = 16
2025/11/04 06:08:28.323 [T:0xd870b] [DisplayControl] Exit MCCSOtherSet::GetVCP()
2025/11/04 06:08:29.035 [T:0xd870b] [DisplayControl] Enter MCCSOtherSet::GetVCP(), vcp code = 20
2025/11/04 06:08:29.117 [T:0xd870b] [DisplayControl] Exit MCCSOtherSet::GetVCP()
2025/11/04 06:08:29.832 [T:0xd870b] [DisplayControl] Enter MCCSOtherSet::GetVCP(), vcp code = 135
2025/11/04 06:08:29.912 [T:0xd870b] [DisplayControl] Exit MCCSOtherSet::GetVCP()
2025/11/04 06:10:19.149 [T:0xe2b92] [DisplayControl] Enter MCCSOtherSet::SetVCP(), vcp code = 4
2025/11/04 06:10:20.102 [T:0xe2b92] [DisplayControl] Exit MCCSOtherSet::SetVCP()
2025/11/04 06:10:25.216 [T:0xe2b92] [DisplayControl] Enter OperationThread::ExitThread
2025/11/04 06:10:25.217 [T:0xe2b92] [DisplayControl] Exit OperationThread::ExitThread
2025/11/04 06:10:25.217 [T:0xe2b92] [DisplayControl] Enter OperationThread::~OperationThread()
2025/11/04 06:10:25.217 [T:0xe2b92] [DisplayControl] Enter OperationThread::ExitThread
2025/11/04 06:10:25.217 [T:0xe2b92] [DisplayControl] Enter OperationThread::ExitThread
2025/11/04 06:10:25.217 [T:0xe2b92] [DisplayControl] Exit OperationThread::ExitThread
2025/11/04 06:10:25.217 [T:0xe2b92] [DisplayControl] Enter OperationThread::~OperationThread()
2025/11/04 06:10:25.217 [T:0xe2b92] [DisplayControl] Enter OperationThread::ExitThread
2025/11/04 06:10:25.240 [T:0xe2b92] [DbgStr] After calling display_control_client_listener_video_port_.UpdateAllDisplayPath()
2025/11/04 06:10:25.259 [T:0xe2b92] [DbgStr] After calling display_control_client_listener_.GetAllDisplayEDID()
2025/11/04 06:10:25.261 [T:0xe2b92] [DisplayControl] Version = 3.0.6.0
2025/11/04 06:10:25.262 [T:0xe2b92] [DisplayControl] Enter ObtainControlHandler1
2025/11/04 06:10:25.262 [T:0xe2b92] [DisplayControl] GetVideoPortCommander
2025/11/04 06:10:25.262 [T:0xe2b92] [DisplayControl] GetUSBHubCommander
2025/11/04 06:10:25.262 [T:0xe2b92] ====== List p_lpo_display_info_video_port, # of devices is ======2
2025/11/04 06:10:25.262 [T:0xe2b92] [DisplayControl] index of p_lpo_display_info_video_port0
2025/11/04 06:10:25.262 [T:0xe2b92] [DisplayControl] Model name from VideoPort = VG2458
2025/11/04 06:10:25.262 [T:0xe2b92] [DisplayControl] SN from VideoPort = YDJ243400006
2025/11/04 06:10:25.262 [T:0xe2b92] [DisplayControl] index of p_lpo_display_info_video_port1
2025/11/04 06:10:25.262 [T:0xe2b92] [DisplayControl] Model name from VideoPort = VG275
2025/11/04 06:10:25.262 [T:0xe2b92] [DisplayControl] SN from VideoPort = XF6232400003
2025/11/04 06:10:25.262 [T:0xe2b92] ====== List p_lpo_display_info_rtd_scalar_rts_hub, # of devices is ======0
2025/11/04 06:10:25.262 [T:0xe2b92] [DisplayControl] GetVSRtkHubControlClientListener
2025/11/04 06:10:25.262 [T:0xe2b92] [DisplayControl] max monitor count = 2
2025/11/04 06:10:25.262 [T:0xe2b92] [DisplayControl] index of display_info_vec = 0
2025/11/04 06:10:25.262 [T:0xe2b92] [DisplayControl] index of p_lpo_display_info_video_port = 0
2025/11/04 06:10:25.262 [T:0xe2b92] [DisplayControl] VideoPortMatchingRule
2025/11/04 06:10:25.262 [T:0xe2b92] [DisplayControl] monitor display_info_model_name = VG2458
2025/11/04 06:10:25.262 [T:0xe2b92] [DisplayControl] monitor video_port_model_name = VG2458
2025/11/04 06:10:25.262 [T:0xe2b92] [DisplayControl] monitor display_info_sn = YDJ243400006
2025/11/04 06:10:25.262 [T:0xe2b92] [DisplayControl] monitor video_port_sn = YDJ243400006
2025/11/04 06:10:25.262 [T:0xe2b92] [DisplayControl] model_name_match = 1
2025/11/04 06:10:25.262 [T:0xe2b92] [DisplayControl] sn_match = 1
2025/11/04 06:10:25.262 [T:0xe2b92] [DisplayControl] video_port is_match = 1
2025/11/04 06:10:25.262 [T:0xe2b92] [DisplayControl] index of display_info_vec = 1
2025/11/04 06:10:25.263 [T:0xe2b92] [DisplayControl] index of p_lpo_display_info_video_port = 0
2025/11/04 06:10:25.263 [T:0xe2b92] [DisplayControl] VideoPortMatchingRule
2025/11/04 06:10:25.263 [T:0xe2b92] [DisplayControl] monitor display_info_model_name = VG275
2025/11/04 06:10:25.263 [T:0xe2b92] [DisplayControl] monitor video_port_model_name = VG2458
2025/11/04 06:10:25.263 [T:0xe2b92] [DisplayControl] monitor display_info_sn = XF6232400003
2025/11/04 06:10:25.263 [T:0xe2b92] [DisplayControl] monitor video_port_sn = YDJ243400006
2025/11/04 06:10:25.263 [T:0xe2b92] [DisplayControl] model_name_match = 0
2025/11/04 06:10:25.263 [T:0xe2b92] [DisplayControl] sn_match = 0
2025/11/04 06:10:25.263 [T:0xe2b92] [DisplayControl] video_port is_match = 0
2025/11/04 06:10:25.263 [T:0xe2b92] [DisplayControl] index of display_info_vec = 1
2025/11/04 06:10:25.263 [T:0xe2b92] [DisplayControl] index of p_lpo_display_info_video_port = 1
2025/11/04 06:10:25.263 [T:0xe2b92] [DisplayControl] VideoPortMatchingRule
2025/11/04 06:10:25.263 [T:0xe2b92] [DisplayControl] monitor display_info_model_name = VG275
2025/11/04 06:10:25.263 [T:0xe2b92] [DisplayControl] monitor video_port_model_name = VG275
2025/11/04 06:10:25.263 [T:0xe2b92] [DisplayControl] monitor display_info_sn = XF6232400003
2025/11/04 06:10:25.263 [T:0xe2b92] [DisplayControl] monitor video_port_sn = XF6232400003
2025/11/04 06:10:25.263 [T:0xe2b92] [DisplayControl] model_name_match = 1
2025/11/04 06:10:25.263 [T:0xe2b92] [DisplayControl] sn_match = 1
2025/11/04 06:10:25.263 [T:0xe2b92] [DisplayControl] video_port is_match = 1
2025/11/04 06:10:25.263 [T:0xe2b92] [DisplayControl] i = 0
2025/11/04 06:10:25.263 [T:0xe2b92] [DisplayControl] Enter OperationThread::OperationThread()
2025/11/04 06:10:25.263 [T:0xe2b92] [DisplayControl] Enter OperationThread::CreateThread
2025/11/04 06:10:25.263 [T:0xe2b92] [DisplayControl] new DisplayFunctioner
2025/11/04 06:10:25.263 [T:0xe2b92] [DisplayControl] insert displayer_vector
2025/11/04 06:10:25.263 [T:0xe2b92] [DisplayControl] insert modelName_SN_to_Display_map
2025/11/04 06:10:25.264 [T:0xe2b92] [DisplayControl] insert device_id_to_Displayer_map_
2025/11/04 06:10:25.264 [T:0xe2b92] [DisplayControl] i = 1
2025/11/04 06:10:25.264 [T:0xe2b92] [DisplayControl] Enter OperationThread::OperationThread()
2025/11/04 06:10:25.264 [T:0xe2b92] [DisplayControl] Enter OperationThread::CreateThread
2025/11/04 06:10:25.264 [T:0xe2b92] [DisplayControl] new DisplayFunctioner
2025/11/04 06:10:25.264 [T:0xe2b92] [DisplayControl] insert displayer_vector
2025/11/04 06:10:25.264 [T:0xe2b92] [DisplayControl] insert modelName_SN_to_Display_map
2025/11/04 06:10:25.264 [T:0xe2b92] [DisplayControl] insert device_id_to_Displayer_map_
2025/11/04 06:10:25.264 [T:0xe2b92] [DisplayControl] monitor size = 2
2025/11/04 06:10:25.264 [T:0xe2b92] [DisplayControl] Exit ObtainControlHandler
2025/11/04 06:10:25.264 [T:0xe2b92] [DisplayControl] Enter MCCSOtherSet::GetVCP(), vcp code = 16
2025/11/04 06:10:25.346 [T:0xe2b92] [DisplayControl] Exit MCCSOtherSet::GetVCP()
2025/11/04 06:10:25.346 [T:0xe2b92] [DisplayControl] Enter MCCSOtherSet::GetVCP(), vcp code = 18
2025/11/04 06:10:25.489 [T:0xe2b92] [DisplayControl] Exit MCCSOtherSet::GetVCP()
2025/11/04 06:10:25.596 [T:0xe2b92] [DisplayControl] Enter MCCSOtherSet::GetVCP(), vcp code = 51
2025/11/04 06:10:25.678 [T:0xe2b92] [DisplayControl] Exit MCCSOtherSet::GetVCP()
2025/11/04 06:10:25.787 [T:0xe2b92] [DisplayControl] Enter MCCSOtherSet::GetVCP(), vcp code = 225
2025/11/04 06:10:25.869 [T:0xe2b92] [DisplayControl] Exit MCCSOtherSet::GetVCP()
2025/11/04 06:10:25.979 [T:0xe2b92] [DisplayControl] Enter MCCSOtherSet::GetVCP(), vcp code = 16
2025/11/04 06:10:26.061 [T:0xe2b92] [DisplayControl] Exit MCCSOtherSet::GetVCP()
2025/11/04 06:10:26.168 [T:0xe2b92] [DisplayControl] Enter MCCSOtherSet::GetVCP(), vcp code = 141
2025/11/04 06:10:26.248 [T:0xe2b92] [DisplayControl] Exit MCCSOtherSet::GetVCP()
2025/11/04 06:10:26.354 [T:0xe2b92] [DisplayControl] Enter MCCSOtherSet::GetVCP(), vcp code = 20
2025/11/04 06:10:26.435 [T:0xe2b92] [DisplayControl] Exit MCCSOtherSet::GetVCP()
2025/11/04 06:10:26.542 [T:0xe2b92] [DisplayControl] Enter MCCSOtherSet::GetVCP(), vcp code = 98
2025/11/04 06:10:26.623 [T:0xe2b92] [DisplayControl] Exit MCCSOtherSet::GetVCP()
2025/11/04 06:10:26.730 [T:0xe2b92] [DisplayControl] Enter MCCSOtherSet::GetVCP(), vcp code = 4
2025/11/04 06:10:26.810 [T:0xe2b92] [DisplayControl] Exit MCCSOtherSet::GetVCP()
2025/11/04 06:10:26.916 [T:0xe2b92] [DisplayControl] Enter MCCSOtherSet::GetVCP(), vcp code = 43
2025/11/04 06:10:26.997 [T:0xe2b92] [DisplayControl] Exit MCCSOtherSet::GetVCP()
2025/11/04 06:10:27.104 [T:0xe2b92] [DisplayControl] Enter MCCSOtherSet::GetVCP(), vcp code = 245
2025/11/04 06:10:27.185 [T:0xe2b92] [DisplayControl] Exit MCCSOtherSet::GetVCP()
2025/11/04 06:10:27.291 [T:0xe2b92] [DisplayControl] Enter MCCSOtherSet::GetVCP(), vcp code = 135
2025/11/04 06:10:27.372 [T:0xe2b92] [DisplayControl] Exit MCCSOtherSet::GetVCP()
2025/11/04 06:10:27.479 [T:0xe2b92] [DisplayControl] Enter MCCSOtherSet::GetVCP(), vcp code = 96
2025/11/04 06:10:27.560 [T:0xe2b92] [DisplayControl] Exit MCCSOtherSet::GetVCP()
2025/11/04 06:10:27.576 [T:0xfa94e] [DisplayControl] Enter MCCSOtherSet::GetVCP(), vcp code = 96
2025/11/04 06:10:27.666 [T:0xe2b92] [DisplayControl] Enter MCCSOtherSet::GetVCP(), vcp code = 220
2025/11/04 06:10:27.705 [T:0xfa94e] [DisplayControl] Exit MCCSOtherSet::GetVCP()
2025/11/04 06:10:27.878 [T:0xe2b92] [DisplayControl] Exit MCCSOtherSet::GetVCP()
2025/11/04 06:10:27.980 [T:0xe2b92] [DisplayControl] Enter MCCSOtherSet::GetVCP(), vcp code = 97
2025/11/04 06:10:28.200 [T:0xe2b92] [DisplayControl] Exit MCCSOtherSet::GetVCP()
2025/11/04 06:10:28.302 [T:0xe2b92] [DisplayControl] Enter MCCSOtherSet::GetVCP(), vcp code = 18
2025/11/04 06:10:28.391 [T:0xe2b92] [DisplayControl] Exit MCCSOtherSet::GetVCP()
2025/11/04 06:10:28.494 [T:0xe2b92] [DisplayControl] Enter MCCSOtherSet::GetVCP(), vcp code = 51
2025/11/04 06:10:28.578 [T:0xe2b92] [DisplayControl] Exit MCCSOtherSet::GetVCP()
2025/11/04 06:10:28.683 [T:0xe2b92] [DisplayControl] Enter MCCSOtherSet::GetVCP(), vcp code = 225
2025/11/04 06:10:28.768 [T:0xe2b92] [DisplayControl] Exit MCCSOtherSet::GetVCP()
2025/11/04 06:10:28.869 [T:0xe2b92] [DisplayControl] Enter MCCSOtherSet::GetVCP(), vcp code = 16
2025/11/04 06:10:28.955 [T:0xe2b92] [DisplayControl] Exit MCCSOtherSet::GetVCP()
2025/11/04 06:10:29.057 [T:0xe2b92] [DisplayControl] Enter MCCSOtherSet::GetVCP(), vcp code = 141
2025/11/04 06:10:29.142 [T:0xe2b92] [DisplayControl] Exit MCCSOtherSet::GetVCP()
2025/11/04 06:10:29.247 [T:0xe2b92] [DisplayControl] Enter MCCSOtherSet::GetVCP(), vcp code = 98
2025/11/04 06:10:29.333 [T:0xe2b92] [DisplayControl] Exit MCCSOtherSet::GetVCP()
2025/11/04 06:10:29.437 [T:0xe2b92] [DisplayControl] Enter MCCSOtherSet::GetVCP(), vcp code = 4
2025/11/04 06:10:29.522 [T:0xe2b92] [DisplayControl] Exit MCCSOtherSet::GetVCP()
2025/11/04 06:10:29.625 [T:0xe2b92] [DisplayControl] Enter MCCSOtherSet::GetVCP(), vcp code = 43
2025/11/04 06:10:29.710 [T:0xe2b92] [DisplayControl] Exit MCCSOtherSet::GetVCP()
2025/11/04 06:10:29.812 [T:0xe2b92] [DisplayControl] Enter MCCSOtherSet::GetVCP(), vcp code = 236
2025/11/04 06:10:29.899 [T:0xe2b92] [DisplayControl] Exit MCCSOtherSet::GetVCP()
2025/11/04 06:10:30.003 [T:0xe2b92] [DisplayControl] Enter MCCSOtherSet::GetVCP(), vcp code = 135
2025/11/04 06:10:30.086 [T:0xe2b92] [DisplayControl] Exit MCCSOtherSet::GetVCP()
2025/11/04 06:10:30.189 [T:0xe2b92] [DisplayControl] Enter MCCSOtherSet::GetVCP(), vcp code = 96
2025/11/04 06:10:30.274 [T:0xe2b92] [DisplayControl] Exit MCCSOtherSet::GetVCP()
2025/11/04 06:10:30.379 [T:0xe2b92] [DisplayControl] Enter MCCSOtherSet::GetVCP(), vcp code = 226
2025/11/04 06:10:30.464 [T:0xe2b92] [DisplayControl] Exit MCCSOtherSet::GetVCP()
2025/11/04 06:10:30.567 [T:0xe2b92] [DisplayControl] Enter MCCSOtherSet::GetVCP(), vcp code = 220
2025/11/04 06:10:30.653 [T:0xe2b92] [DisplayControl] Exit MCCSOtherSet::GetVCP()
2025/11/04 06:10:30.757 [T:0xe2b92] [DisplayControl] Enter MCCSOtherSet::GetVCP(), vcp code = 97
2025/11/04 06:10:30.841 [T:0xe2b92] [DisplayControl] Exit MCCSOtherSet::GetVCP()
2025/11/04 06:11:18.548 [T:0x9dcbe] [DisplayControl] Enter MCCSOtherSet::SetVCP(), vcp code = 20
2025/11/04 06:11:18.757 [T:0x9dcbe] [DisplayControl] Exit MCCSOtherSet::SetVCP()
2025/11/04 06:11:19.362 [T:0x9dcbe] [DisplayControl] Enter MCCSOtherSet::GetVCP(), vcp code = 18
2025/11/04 06:11:19.442 [T:0x9dcbe] [DisplayControl] Exit MCCSOtherSet::GetVCP()
2025/11/04 06:11:20.156 [T:0x9dcbe] [DisplayControl] Enter MCCSOtherSet::GetVCP(), vcp code = 16
2025/11/04 06:11:20.238 [T:0x9dcbe] [DisplayControl] Exit MCCSOtherSet::GetVCP()
2025/11/04 06:11:20.956 [T:0x9dcbe] [DisplayControl] Enter MCCSOtherSet::GetVCP(), vcp code = 20
2025/11/04 06:11:21.038 [T:0x9dcbe] [DisplayControl] Exit MCCSOtherSet::GetVCP()
2025/11/04 06:11:21.754 [T:0x9dcbe] [DisplayControl] Enter MCCSOtherSet::GetVCP(), vcp code = 135
2025/11/04 06:11:21.834 [T:0x9dcbe] [DisplayControl] Exit MCCSOtherSet::GetVCP()
2025/11/04 06:12:57.453 [T:0x7ecb3] [DisplayControl] Enter MCCSOtherSet::SetVCP(), vcp code = 20
2025/11/04 06:12:57.644 [T:0x7ecb3] [DisplayControl] Exit MCCSOtherSet::SetVCP()
2025/11/04 06:12:58.249 [T:0x7ecb3] [DisplayControl] Enter MCCSOtherSet::GetVCP(), vcp code = 18
2025/11/04 06:12:58.330 [T:0x7ecb3] [DisplayControl] Exit MCCSOtherSet::GetVCP()
2025/11/04 06:12:59.045 [T:0x7ecb3] [DisplayControl] Enter MCCSOtherSet::GetVCP(), vcp code = 16
2025/11/04 06:12:59.127 [T:0x7ecb3] [DisplayControl] Exit MCCSOtherSet::GetVCP()
2025/11/04 06:12:59.844 [T:0x7ecb3] [DisplayControl] Enter MCCSOtherSet::GetVCP(), vcp code = 20
2025/11/04 06:12:59.924 [T:0x7ecb3] [DisplayControl] Exit MCCSOtherSet::GetVCP()
2025/11/04 06:13:00.644 [T:0x7ecb3] [DisplayControl] Enter MCCSOtherSet::GetVCP(), vcp code = 135
2025/11/04 06:13:00.724 [T:0x7ecb3] [DisplayControl] Exit MCCSOtherSet::GetVCP()
2025/11/04 06:14:36.410 [T:0xb9ff7] [DisplayControl] Enter MCCSOtherSet::SetVCP(), vcp code = 20
2025/11/04 06:14:36.608 [T:0xb9ff7] [DisplayControl] Exit MCCSOtherSet::SetVCP()
2025/11/04 06:14:37.213 [T:0xb9ff7] [DisplayControl] Enter MCCSOtherSet::GetVCP(), vcp code = 18
2025/11/04 06:14:37.295 [T:0xb9ff7] [DisplayControl] Exit MCCSOtherSet::GetVCP()
2025/11/04 06:14:38.009 [T:0xb9ff7] [DisplayControl] Enter MCCSOtherSet::GetVCP(), vcp code = 16
2025/11/04 06:14:38.090 [T:0xb9ff7] [DisplayControl] Exit MCCSOtherSet::GetVCP()
2025/11/04 06:14:38.805 [T:0xb9ff7] [DisplayControl] Enter MCCSOtherSet::GetVCP(), vcp code = 20
2025/11/04 06:14:38.886 [T:0xb9ff7] [DisplayControl] Exit MCCSOtherSet::GetVCP()
2025/11/04 06:14:39.600 [T:0xb9ff7] [DisplayControl] Enter MCCSOtherSet::GetVCP(), vcp code = 135
2025/11/04 06:14:39.681 [T:0xb9ff7] [DisplayControl] Exit MCCSOtherSet::GetVCP()
2025/11/04 06:16:15.307 [T:0xe055b] [DisplayControl] Enter MCCSOtherSet::SetVCP(), vcp code = 20
2025/11/04 06:16:15.511 [T:0xe055b] [DisplayControl] Exit MCCSOtherSet::SetVCP()
2025/11/04 06:16:16.116 [T:0xe055b] [DisplayControl] Enter MCCSOtherSet::GetVCP(), vcp code = 18
2025/11/04 06:16:16.197 [T:0xe055b] [DisplayControl] Exit MCCSOtherSet::GetVCP()
2025/11/04 06:16:16.909 [T:0xe055b] [DisplayControl] Enter MCCSOtherSet::GetVCP(), vcp code = 16
2025/11/04 06:16:16.991 [T:0xe055b] [DisplayControl] Exit MCCSOtherSet::GetVCP()
2025/11/04 06:16:17.709 [T:0xe055b] [DisplayControl] Enter MCCSOtherSet::GetVCP(), vcp code = 20
2025/11/04 06:16:17.790 [T:0xe055b] [DisplayControl] Exit MCCSOtherSet::GetVCP()
2025/11/04 06:16:18.508 [T:0xe055b] [DisplayControl] Enter MCCSOtherSet::GetVCP(), vcp code = 135
2025/11/04 06:16:18.590 [T:0xe055b] [DisplayControl] Exit MCCSOtherSet::GetVCP()
2025/11/04 06:17:54.213 [T:0x0bef5] [DisplayControl] Enter MCCSOtherSet::SetVCP(), vcp code = 20
2025/11/04 06:17:54.383 [T:0x0bef5] [DisplayControl] Exit MCCSOtherSet::SetVCP()
2025/11/04 06:17:54.988 [T:0x0bef5] [DisplayControl] Enter MCCSOtherSet::GetVCP(), vcp code = 18
2025/11/04 06:17:55.069 [T:0x0bef5] [DisplayControl] Exit MCCSOtherSet::GetVCP()
2025/11/04 06:17:55.787 [T:0x0bef5] [DisplayControl] Enter MCCSOtherSet::GetVCP(), vcp code = 16
2025/11/04 06:17:55.868 [T:0x0bef5] [DisplayControl] Exit MCCSOtherSet::GetVCP()
2025/11/04 06:17:56.581 [T:0x0bef5] [DisplayControl] Enter MCCSOtherSet::GetVCP(), vcp code = 20
2025/11/04 06:17:56.661 [T:0x0bef5] [DisplayControl] Exit MCCSOtherSet::GetVCP()
2025/11/04 06:17:57.379 [T:0x0bef5] [DisplayControl] Enter MCCSOtherSet::GetVCP(), vcp code = 135
2025/11/04 06:17:57.459 [T:0x0bef5] [DisplayControl] Exit MCCSOtherSet::GetVCP()
2025/11/04 06:19:50.078 [T:0x3f6a7] [DisplayControl] Enter MCCSOtherSet::SetVCP(), vcp code = 4
2025/11/04 06:19:51.014 [T:0x3f6a7] [DisplayControl] Exit MCCSOtherSet::SetVCP()
2025/11/04 06:19:56.132 [T:0x3f6a7] [DisplayControl] Enter OperationThread::ExitThread
2025/11/04 06:19:56.133 [T:0x3f6a7] [DisplayControl] Exit OperationThread::ExitThread
2025/11/04 06:19:56.133 [T:0x3f6a7] [DisplayControl] Enter OperationThread::~OperationThread()
2025/11/04 06:19:56.133 [T:0x3f6a7] [DisplayControl] Enter OperationThread::ExitThread
2025/11/04 06:19:56.133 [T:0x3f6a7] [DisplayControl] Enter OperationThread::ExitThread
2025/11/04 06:19:56.133 [T:0x3f6a7] [DisplayControl] Exit OperationThread::ExitThread
2025/11/04 06:19:56.133 [T:0x3f6a7] [DisplayControl] Enter OperationThread::~OperationThread()
2025/11/04 06:19:56.133 [T:0x3f6a7] [DisplayControl] Enter OperationThread::ExitThread
2025/11/04 06:19:56.159 [T:0x3f6a7] [DbgStr] After calling display_control_client_listener_video_port_.UpdateAllDisplayPath()
2025/11/04 06:19:56.177 [T:0x3f6a7] [DbgStr] After calling display_control_client_listener_.GetAllDisplayEDID()
2025/11/04 06:19:56.179 [T:0x3f6a7] [DisplayControl] Version = 3.0.6.0
2025/11/04 06:19:56.179 [T:0x3f6a7] [DisplayControl] Enter ObtainControlHandler1
2025/11/04 06:19:56.179 [T:0x3f6a7] [DisplayControl] GetVideoPortCommander
2025/11/04 06:19:56.179 [T:0x3f6a7] [DisplayControl] GetUSBHubCommander
2025/11/04 06:19:56.179 [T:0x3f6a7] ====== List p_lpo_display_info_video_port, # of devices is ======2
2025/11/04 06:19:56.179 [T:0x3f6a7] [DisplayControl] index of p_lpo_display_info_video_port0
2025/11/04 06:19:56.179 [T:0x3f6a7] [DisplayControl] Model name from VideoPort = VG2458
2025/11/04 06:19:56.179 [T:0x3f6a7] [DisplayControl] SN from VideoPort = YDJ243400006
2025/11/04 06:19:56.179 [T:0x3f6a7] [DisplayControl] index of p_lpo_display_info_video_port1
2025/11/04 06:19:56.179 [T:0x3f6a7] [DisplayControl] Model name from VideoPort = VG275
2025/11/04 06:19:56.179 [T:0x3f6a7] [DisplayControl] SN from VideoPort = XF6232400003
2025/11/04 06:19:56.179 [T:0x3f6a7] ====== List p_lpo_display_info_rtd_scalar_rts_hub, # of devices is ======0
2025/11/04 06:19:56.179 [T:0x3f6a7] [DisplayControl] GetVSRtkHubControlClientListener
2025/11/04 06:19:56.179 [T:0x3f6a7] [DisplayControl] max monitor count = 2
2025/11/04 06:19:56.179 [T:0x3f6a7] [DisplayControl] index of display_info_vec = 0
2025/11/04 06:19:56.180 [T:0x3f6a7] [DisplayControl] index of p_lpo_display_info_video_port = 0
2025/11/04 06:19:56.180 [T:0x3f6a7] [DisplayControl] VideoPortMatchingRule
2025/11/04 06:19:56.180 [T:0x3f6a7] [DisplayControl] monitor display_info_model_name = VG2458
2025/11/04 06:19:56.180 [T:0x3f6a7] [DisplayControl] monitor video_port_model_name = VG2458
2025/11/04 06:19:56.180 [T:0x3f6a7] [DisplayControl] monitor display_info_sn = YDJ243400006
2025/11/04 06:19:56.180 [T:0x3f6a7] [DisplayControl] monitor video_port_sn = YDJ243400006
2025/11/04 06:19:56.180 [T:0x3f6a7] [DisplayControl] model_name_match = 1
2025/11/04 06:19:56.180 [T:0x3f6a7] [DisplayControl] sn_match = 1
2025/11/04 06:19:56.180 [T:0x3f6a7] [DisplayControl] video_port is_match = 1
2025/11/04 06:19:56.180 [T:0x3f6a7] [DisplayControl] index of display_info_vec = 1
2025/11/04 06:19:56.180 [T:0x3f6a7] [DisplayControl] index of p_lpo_display_info_video_port = 0
2025/11/04 06:19:56.180 [T:0x3f6a7] [DisplayControl] VideoPortMatchingRule
2025/11/04 06:19:56.180 [T:0x3f6a7] [DisplayControl] monitor display_info_model_name = VG275
2025/11/04 06:19:56.180 [T:0x3f6a7] [DisplayControl] monitor video_port_model_name = VG2458
2025/11/04 06:19:56.180 [T:0x3f6a7] [DisplayControl] monitor display_info_sn = XF6232400003
2025/11/04 06:19:56.180 [T:0x3f6a7] [DisplayControl] monitor video_port_sn = YDJ243400006
2025/11/04 06:19:56.180 [T:0x3f6a7] [DisplayControl] model_name_match = 0
2025/11/04 06:19:56.180 [T:0x3f6a7] [DisplayControl] sn_match = 0
2025/11/04 06:19:56.180 [T:0x3f6a7] [DisplayControl] video_port is_match = 0
2025/11/04 06:19:56.180 [T:0x3f6a7] [DisplayControl] index of display_info_vec = 1
2025/11/04 06:19:56.180 [T:0x3f6a7] [DisplayControl] index of p_lpo_display_info_video_port = 1
2025/11/04 06:19:56.180 [T:0x3f6a7] [DisplayControl] VideoPortMatchingRule
2025/11/04 06:19:56.180 [T:0x3f6a7] [DisplayControl] monitor display_info_model_name = VG275
2025/11/04 06:19:56.180 [T:0x3f6a7] [DisplayControl] monitor video_port_model_name = VG275
2025/11/04 06:19:56.180 [T:0x3f6a7] [DisplayControl] monitor display_info_sn = XF6232400003
2025/11/04 06:19:56.180 [T:0x3f6a7] [DisplayControl] monitor video_port_sn = XF6232400003
2025/11/04 06:19:56.180 [T:0x3f6a7] [DisplayControl] model_name_match = 1
2025/11/04 06:19:56.181 [T:0x3f6a7] [DisplayControl] sn_match = 1
2025/11/04 06:19:56.181 [T:0x3f6a7] [DisplayControl] video_port is_match = 1
2025/11/04 06:19:56.181 [T:0x3f6a7] [DisplayControl] i = 0
2025/11/04 06:19:56.181 [T:0x3f6a7] [DisplayControl] Enter OperationThread::OperationThread()
2025/11/04 06:19:56.181 [T:0x3f6a7] [DisplayControl] Enter OperationThread::CreateThread
2025/11/04 06:19:56.181 [T:0x3f6a7] [DisplayControl] new DisplayFunctioner
2025/11/04 06:19:56.181 [T:0x3f6a7] [DisplayControl] insert displayer_vector
2025/11/04 06:19:56.181 [T:0x3f6a7] [DisplayControl] insert modelName_SN_to_Display_map
2025/11/04 06:19:56.181 [T:0x3f6a7] [DisplayControl] insert device_id_to_Displayer_map_
2025/11/04 06:19:56.181 [T:0x3f6a7] [DisplayControl] i = 1
2025/11/04 06:19:56.181 [T:0x3f6a7] [DisplayControl] Enter OperationThread::OperationThread()
2025/11/04 06:19:56.181 [T:0x3f6a7] [DisplayControl] Enter OperationThread::CreateThread
2025/11/04 06:19:56.181 [T:0x3f6a7] [DisplayControl] new DisplayFunctioner
2025/11/04 06:19:56.181 [T:0x3f6a7] [DisplayControl] insert displayer_vector
2025/11/04 06:19:56.181 [T:0x3f6a7] [DisplayControl] insert modelName_SN_to_Display_map
2025/11/04 06:19:56.181 [T:0x3f6a7] [DisplayControl] insert device_id_to_Displayer_map_
2025/11/04 06:19:56.181 [T:0x3f6a7] [DisplayControl] monitor size = 2
2025/11/04 06:19:56.181 [T:0x3f6a7] [DisplayControl] Exit ObtainControlHandler
2025/11/04 06:19:56.181 [T:0x3f6a7] [DisplayControl] Enter MCCSOtherSet::GetVCP(), vcp code = 16
2025/11/04 06:19:56.261 [T:0x3f6a7] [DisplayControl] Exit MCCSOtherSet::GetVCP()
2025/11/04 06:19:56.262 [T:0x3f6a7] [DisplayControl] Enter MCCSOtherSet::GetVCP(), vcp code = 18
2025/11/04 06:19:56.404 [T:0x3f6a7] [DisplayControl] Exit MCCSOtherSet::GetVCP()
2025/11/04 06:19:56.513 [T:0x3f6a7] [DisplayControl] Enter MCCSOtherSet::GetVCP(), vcp code = 51
2025/11/04 06:19:56.594 [T:0x3f6a7] [DisplayControl] Exit MCCSOtherSet::GetVCP()
2025/11/04 06:19:56.702 [T:0x3f6a7] [DisplayControl] Enter MCCSOtherSet::GetVCP(), vcp code = 225
2025/11/04 06:19:56.784 [T:0x3f6a7] [DisplayControl] Exit MCCSOtherSet::GetVCP()
2025/11/04 06:19:56.893 [T:0x3f6a7] [DisplayControl] Enter MCCSOtherSet::GetVCP(), vcp code = 16
2025/11/04 06:19:56.975 [T:0x3f6a7] [DisplayControl] Exit MCCSOtherSet::GetVCP()
2025/11/04 06:19:57.083 [T:0x3f6a7] [DisplayControl] Enter MCCSOtherSet::GetVCP(), vcp code = 141
2025/11/04 06:19:57.165 [T:0x3f6a7] [DisplayControl] Exit MCCSOtherSet::GetVCP()
2025/11/04 06:19:57.273 [T:0x3f6a7] [DisplayControl] Enter MCCSOtherSet::GetVCP(), vcp code = 20
2025/11/04 06:19:57.355 [T:0x3f6a7] [DisplayControl] Exit MCCSOtherSet::GetVCP()
2025/11/04 06:19:57.461 [T:0x3f6a7] [DisplayControl] Enter MCCSOtherSet::GetVCP(), vcp code = 98
2025/11/04 06:19:57.543 [T:0x3f6a7] [DisplayControl] Exit MCCSOtherSet::GetVCP()
2025/11/04 06:19:57.648 [T:0x3f6a7] [DisplayControl] Enter MCCSOtherSet::GetVCP(), vcp code = 4
2025/11/04 06:19:57.728 [T:0x3f6a7] [DisplayControl] Exit MCCSOtherSet::GetVCP()
2025/11/04 06:19:57.836 [T:0x3f6a7] [DisplayControl] Enter MCCSOtherSet::GetVCP(), vcp code = 43
2025/11/04 06:19:57.919 [T:0x3f6a7] [DisplayControl] Exit MCCSOtherSet::GetVCP()
2025/11/04 06:19:58.026 [T:0x3f6a7] [DisplayControl] Enter MCCSOtherSet::GetVCP(), vcp code = 245
2025/11/04 06:19:58.106 [T:0x3f6a7] [DisplayControl] Exit MCCSOtherSet::GetVCP()
2025/11/04 06:19:58.211 [T:0x3f6a7] [DisplayControl] Enter MCCSOtherSet::GetVCP(), vcp code = 135
2025/11/04 06:19:58.292 [T:0x3f6a7] [DisplayControl] Exit MCCSOtherSet::GetVCP()
2025/11/04 06:19:58.398 [T:0x3f6a7] [DisplayControl] Enter MCCSOtherSet::GetVCP(), vcp code = 96
2025/11/04 06:19:58.479 [T:0x3f6a7] [DisplayControl] Exit MCCSOtherSet::GetVCP()
2025/11/04 06:19:58.481 [T:0xfa94e] [DisplayControl] Enter MCCSOtherSet::GetVCP(), vcp code = 96
2025/11/04 06:19:58.580 [T:0x3f6a7] [DisplayControl] Enter MCCSOtherSet::GetVCP(), vcp code = 220
2025/11/04 06:19:58.608 [T:0xfa94e] [DisplayControl] Exit MCCSOtherSet::GetVCP()
2025/11/04 06:19:58.782 [T:0x3f6a7] [DisplayControl] Exit MCCSOtherSet::GetVCP()
2025/11/04 06:19:58.884 [T:0x3f6a7] [DisplayControl] Enter MCCSOtherSet::GetVCP(), vcp code = 97
2025/11/04 06:19:59.102 [T:0x3f6a7] [DisplayControl] Exit MCCSOtherSet::GetVCP()
2025/11/04 06:19:59.209 [T:0x3f6a7] [DisplayControl] Enter MCCSOtherSet::GetVCP(), vcp code = 18
2025/11/04 06:19:59.295 [T:0x3f6a7] [DisplayControl] Exit MCCSOtherSet::GetVCP()
2025/11/04 06:19:59.396 [T:0x3f6a7] [DisplayControl] Enter MCCSOtherSet::GetVCP(), vcp code = 51
2025/11/04 06:19:59.481 [T:0x3f6a7] [DisplayControl] Exit MCCSOtherSet::GetVCP()
2025/11/04 06:19:59.584 [T:0x3f6a7] [DisplayControl] Enter MCCSOtherSet::GetVCP(), vcp code = 225
2025/11/04 06:19:59.669 [T:0x3f6a7] [DisplayControl] Exit MCCSOtherSet::GetVCP()
2025/11/04 06:19:59.773 [T:0x3f6a7] [DisplayControl] Enter MCCSOtherSet::GetVCP(), vcp code = 16
2025/11/04 06:19:59.858 [T:0x3f6a7] [DisplayControl] Exit MCCSOtherSet::GetVCP()
2025/11/04 06:19:59.962 [T:0x3f6a7] [DisplayControl] Enter MCCSOtherSet::GetVCP(), vcp code = 141
2025/11/04 06:20:00.048 [T:0x3f6a7] [DisplayControl] Exit MCCSOtherSet::GetVCP()
2025/11/04 06:20:00.149 [T:0x3f6a7] [DisplayControl] Enter MCCSOtherSet::GetVCP(), vcp code = 98
2025/11/04 06:20:00.234 [T:0x3f6a7] [DisplayControl] Exit MCCSOtherSet::GetVCP()
2025/11/04 06:20:00.337 [T:0x3f6a7] [DisplayControl] Enter MCCSOtherSet::GetVCP(), vcp code = 4
2025/11/04 06:20:00.421 [T:0x3f6a7] [DisplayControl] Exit MCCSOtherSet::GetVCP()
2025/11/04 06:20:00.524 [T:0x3f6a7] [DisplayControl] Enter MCCSOtherSet::GetVCP(), vcp code = 43
2025/11/04 06:20:00.609 [T:0x3f6a7] [DisplayControl] Exit MCCSOtherSet::GetVCP()
2025/11/04 06:20:00.712 [T:0x3f6a7] [DisplayControl] Enter MCCSOtherSet::GetVCP(), vcp code = 236
2025/11/04 06:20:00.796 [T:0x3f6a7] [DisplayControl] Exit MCCSOtherSet::GetVCP()
2025/11/04 06:20:00.899 [T:0x3f6a7] [DisplayControl] Enter MCCSOtherSet::GetVCP(), vcp code = 135
2025/11/04 06:20:00.983 [T:0x3f6a7] [DisplayControl] Exit MCCSOtherSet::GetVCP()
2025/11/04 06:20:01.086 [T:0x3f6a7] [DisplayControl] Enter MCCSOtherSet::GetVCP(), vcp code = 96
2025/11/04 06:20:01.171 [T:0x3f6a7] [DisplayControl] Exit MCCSOtherSet::GetVCP()
2025/11/04 06:20:01.274 [T:0x3f6a7] [DisplayControl] Enter MCCSOtherSet::GetVCP(), vcp code = 226
2025/11/04 06:20:01.360 [T:0x3f6a7] [DisplayControl] Exit MCCSOtherSet::GetVCP()
2025/11/04 06:20:01.462 [T:0x3f6a7] [DisplayControl] Enter MCCSOtherSet::GetVCP(), vcp code = 220
2025/11/04 06:20:01.548 [T:0x3f6a7] [DisplayControl] Exit MCCSOtherSet::GetVCP()
2025/11/04 06:20:01.650 [T:0x3f6a7] [DisplayControl] Enter MCCSOtherSet::GetVCP(), vcp code = 97
2025/11/04 06:20:01.735 [T:0x3f6a7] [DisplayControl] Exit MCCSOtherSet::GetVCP()
2025/11/04 06:20:49.638 [T:0xfa94e] [DisplayControl] Enter MCCSOtherSet::GetVCP(), vcp code = 96
2025/11/04 06:20:49.740 [T:0xfa94e] [DisplayControl] Exit MCCSOtherSet::GetVCP()
2025/11/04 06:20:49.997 [T:0x170bd] [DisplayControl] Enter MCCSOtherSet::GetVCP(), vcp code = 18
2025/11/04 06:20:50.080 [T:0x170bd] [DisplayControl] Exit MCCSOtherSet::GetVCP()
2025/11/04 06:20:50.194 [T:0x170bd] [DisplayControl] Enter MCCSOtherSet::GetVCP(), vcp code = 51
2025/11/04 06:20:50.279 [T:0x170bd] [DisplayControl] Exit MCCSOtherSet::GetVCP()
2025/11/04 06:20:50.382 [T:0x170bd] [DisplayControl] Enter MCCSOtherSet::GetVCP(), vcp code = 225
2025/11/04 06:20:50.468 [T:0x170bd] [DisplayControl] Exit MCCSOtherSet::GetVCP()
2025/11/04 06:20:50.572 [T:0x170bd] [DisplayControl] Enter MCCSOtherSet::GetVCP(), vcp code = 16
2025/11/04 06:20:50.658 [T:0x170bd] [DisplayControl] Exit MCCSOtherSet::GetVCP()
2025/11/04 06:20:50.761 [T:0x170bd] [DisplayControl] Enter MCCSOtherSet::GetVCP(), vcp code = 141
2025/11/04 06:20:50.845 [T:0x170bd] [DisplayControl] Exit MCCSOtherSet::GetVCP()
2025/11/04 06:20:50.946 [T:0x170bd] [DisplayControl] Enter MCCSOtherSet::GetVCP(), vcp code = 98
2025/11/04 06:20:51.030 [T:0x170bd] [DisplayControl] Exit MCCSOtherSet::GetVCP()
2025/11/04 06:20:51.135 [T:0x170bd] [DisplayControl] Enter MCCSOtherSet::GetVCP(), vcp code = 4
2025/11/04 06:20:51.218 [T:0x170bd] [DisplayControl] Exit MCCSOtherSet::GetVCP()
2025/11/04 06:20:51.321 [T:0x170bd] [DisplayControl] Enter MCCSOtherSet::GetVCP(), vcp code = 43
2025/11/04 06:20:51.407 [T:0x170bd] [DisplayControl] Exit MCCSOtherSet::GetVCP()
2025/11/04 06:20:51.510 [T:0x170bd] [DisplayControl] Enter MCCSOtherSet::GetVCP(), vcp code = 236
2025/11/04 06:20:51.595 [T:0x170bd] [DisplayControl] Exit MCCSOtherSet::GetVCP()
2025/11/04 06:20:51.710 [T:0x170bd] [DisplayControl] Enter MCCSOtherSet::GetVCP(), vcp code = 135
2025/11/04 06:20:51.795 [T:0x170bd] [DisplayControl] Exit MCCSOtherSet::GetVCP()
2025/11/04 06:20:51.899 [T:0x170bd] [DisplayControl] Enter MCCSOtherSet::GetVCP(), vcp code = 96
2025/11/04 06:20:51.985 [T:0x170bd] [DisplayControl] Exit MCCSOtherSet::GetVCP()
2025/11/04 06:20:52.090 [T:0x170bd] [DisplayControl] Enter MCCSOtherSet::GetVCP(), vcp code = 226
2025/11/04 06:20:52.174 [T:0x170bd] [DisplayControl] Exit MCCSOtherSet::GetVCP()
2025/11/04 06:20:52.277 [T:0x170bd] [DisplayControl] Enter MCCSOtherSet::GetVCP(), vcp code = 220
2025/11/04 06:20:52.361 [T:0x170bd] [DisplayControl] Exit MCCSOtherSet::GetVCP()
2025/11/04 06:20:52.463 [T:0x170bd] [DisplayControl] Enter MCCSOtherSet::GetVCP(), vcp code = 97
2025/11/04 06:20:52.548 [T:0x170bd] [DisplayControl] Exit MCCSOtherSet::GetVCP()
2025/11/04 06:21:05.473 [T:0x170bd] [DisplayControl] Enter MCCSOtherSet::SetVCP(), vcp code = 4
2025/11/04 06:21:06.425 [T:0x170bd] [DisplayControl] Exit MCCSOtherSet::SetVCP()
2025/11/04 06:21:11.542 [T:0x170bd] [DisplayControl] Enter OperationThread::ExitThread
2025/11/04 06:21:11.542 [T:0x170bd] [DisplayControl] Exit OperationThread::ExitThread
2025/11/04 06:21:11.542 [T:0x170bd] [DisplayControl] Enter OperationThread::~OperationThread()
2025/11/04 06:21:11.542 [T:0x170bd] [DisplayControl] Enter OperationThread::ExitThread
2025/11/04 06:21:11.542 [T:0x170bd] [DisplayControl] Enter OperationThread::ExitThread
2025/11/04 06:21:11.543 [T:0x170bd] [DisplayControl] Exit OperationThread::ExitThread
2025/11/04 06:21:11.543 [T:0x170bd] [DisplayControl] Enter OperationThread::~OperationThread()
2025/11/04 06:21:11.543 [T:0x170bd] [DisplayControl] Enter OperationThread::ExitThread
2025/11/04 06:21:11.567 [T:0x170bd] [DbgStr] After calling display_control_client_listener_video_port_.UpdateAllDisplayPath()
2025/11/04 06:21:11.585 [T:0x170bd] [DbgStr] After calling display_control_client_listener_.GetAllDisplayEDID()
2025/11/04 06:21:11.587 [T:0x170bd] [DisplayControl] Version = 3.0.6.0
2025/11/04 06:21:11.587 [T:0x170bd] [DisplayControl] Enter ObtainControlHandler1
2025/11/04 06:21:11.587 [T:0x170bd] [DisplayControl] GetVideoPortCommander
2025/11/04 06:21:11.587 [T:0x170bd] [DisplayControl] GetUSBHubCommander
2025/11/04 06:21:11.587 [T:0x170bd] ====== List p_lpo_display_info_video_port, # of devices is ======2
2025/11/04 06:21:11.587 [T:0x170bd] [DisplayControl] index of p_lpo_display_info_video_port0
2025/11/04 06:21:11.588 [T:0x170bd] [DisplayControl] Model name from VideoPort = VG2458
2025/11/04 06:21:11.588 [T:0x170bd] [DisplayControl] SN from VideoPort = YDJ243400006
2025/11/04 06:21:11.588 [T:0x170bd] [DisplayControl] index of p_lpo_display_info_video_port1
2025/11/04 06:21:11.588 [T:0x170bd] [DisplayControl] Model name from VideoPort = VG275
2025/11/04 06:21:11.588 [T:0x170bd] [DisplayControl] SN from VideoPort = XF6232400003
2025/11/04 06:21:11.588 [T:0x170bd] ====== List p_lpo_display_info_rtd_scalar_rts_hub, # of devices is ======0
2025/11/04 06:21:11.588 [T:0x170bd] [DisplayControl] GetVSRtkHubControlClientListener
2025/11/04 06:21:11.588 [T:0x170bd] [DisplayControl] max monitor count = 2
2025/11/04 06:21:11.588 [T:0x170bd] [DisplayControl] index of display_info_vec = 0
2025/11/04 06:21:11.588 [T:0x170bd] [DisplayControl] index of p_lpo_display_info_video_port = 0
2025/11/04 06:21:11.588 [T:0x170bd] [DisplayControl] VideoPortMatchingRule
2025/11/04 06:21:11.588 [T:0x170bd] [DisplayControl] monitor display_info_model_name = VG2458
2025/11/04 06:21:11.588 [T:0x170bd] [DisplayControl] monitor video_port_model_name = VG2458
2025/11/04 06:21:11.588 [T:0x170bd] [DisplayControl] monitor display_info_sn = YDJ243400006
2025/11/04 06:21:11.588 [T:0x170bd] [DisplayControl] monitor video_port_sn = YDJ243400006
2025/11/04 06:21:11.588 [T:0x170bd] [DisplayControl] model_name_match = 1
2025/11/04 06:21:11.588 [T:0x170bd] [DisplayControl] sn_match = 1
2025/11/04 06:21:11.588 [T:0x170bd] [DisplayControl] video_port is_match = 1
2025/11/04 06:21:11.588 [T:0x170bd] [DisplayControl] index of display_info_vec = 1
2025/11/04 06:21:11.588 [T:0x170bd] [DisplayControl] index of p_lpo_display_info_video_port = 0
2025/11/04 06:21:11.588 [T:0x170bd] [DisplayControl] VideoPortMatchingRule
2025/11/04 06:21:11.588 [T:0x170bd] [DisplayControl] monitor display_info_model_name = VG275
2025/11/04 06:21:11.588 [T:0x170bd] [DisplayControl] monitor video_port_model_name = VG2458
2025/11/04 06:21:11.588 [T:0x170bd] [DisplayControl] monitor display_info_sn = XF6232400003
2025/11/04 06:21:11.588 [T:0x170bd] [DisplayControl] monitor video_port_sn = YDJ243400006
2025/11/04 06:21:11.588 [T:0x170bd] [DisplayControl] model_name_match = 0
2025/11/04 06:21:11.588 [T:0x170bd] [DisplayControl] sn_match = 0
2025/11/04 06:21:11.589 [T:0x170bd] [DisplayControl] video_port is_match = 0
2025/11/04 06:21:11.589 [T:0x170bd] [DisplayControl] index of display_info_vec = 1
2025/11/04 06:21:11.589 [T:0x170bd] [DisplayControl] index of p_lpo_display_info_video_port = 1
2025/11/04 06:21:11.589 [T:0x170bd] [DisplayControl] VideoPortMatchingRule
2025/11/04 06:21:11.589 [T:0x170bd] [DisplayControl] monitor display_info_model_name = VG275
2025/11/04 06:21:11.589 [T:0x170bd] [DisplayControl] monitor video_port_model_name = VG275
2025/11/04 06:21:11.589 [T:0x170bd] [DisplayControl] monitor display_info_sn = XF6232400003
2025/11/04 06:21:11.589 [T:0x170bd] [DisplayControl] monitor video_port_sn = XF6232400003
2025/11/04 06:21:11.589 [T:0x170bd] [DisplayControl] model_name_match = 1
2025/11/04 06:21:11.589 [T:0x170bd] [DisplayControl] sn_match = 1
2025/11/04 06:21:11.589 [T:0x170bd] [DisplayControl] video_port is_match = 1
2025/11/04 06:21:11.589 [T:0x170bd] [DisplayControl] i = 0
2025/11/04 06:21:11.589 [T:0x170bd] [DisplayControl] Enter OperationThread::OperationThread()
2025/11/04 06:21:11.589 [T:0x170bd] [DisplayControl] Enter OperationThread::CreateThread
2025/11/04 06:21:11.589 [T:0x170bd] [DisplayControl] new DisplayFunctioner
2025/11/04 06:21:11.589 [T:0x170bd] [DisplayControl] insert displayer_vector
2025/11/04 06:21:11.589 [T:0x170bd] [DisplayControl] insert modelName_SN_to_Display_map
2025/11/04 06:21:11.589 [T:0x170bd] [DisplayControl] insert device_id_to_Displayer_map_
2025/11/04 06:21:11.589 [T:0x170bd] [DisplayControl] i = 1
2025/11/04 06:21:11.589 [T:0x170bd] [DisplayControl] Enter OperationThread::OperationThread()
2025/11/04 06:21:11.589 [T:0x170bd] [DisplayControl] Enter OperationThread::CreateThread
2025/11/04 06:21:11.589 [T:0x170bd] [DisplayControl] new DisplayFunctioner
2025/11/04 06:21:11.589 [T:0x170bd] [DisplayControl] insert displayer_vector
2025/11/04 06:21:11.590 [T:0x170bd] [DisplayControl] insert modelName_SN_to_Display_map
2025/11/04 06:21:11.590 [T:0x170bd] [DisplayControl] insert device_id_to_Displayer_map_
2025/11/04 06:21:11.590 [T:0x170bd] [DisplayControl] monitor size = 2
2025/11/04 06:21:11.590 [T:0x170bd] [DisplayControl] Exit ObtainControlHandler
2025/11/04 06:21:11.590 [T:0x170bd] [DisplayControl] Enter MCCSOtherSet::GetVCP(), vcp code = 16
2025/11/04 06:21:11.674 [T:0x170bd] [DisplayControl] Exit MCCSOtherSet::GetVCP()
2025/11/04 06:21:11.674 [T:0x170bd] [DisplayControl] Enter MCCSOtherSet::GetVCP(), vcp code = 18
2025/11/04 06:21:11.747 [T:0x170bd] [DisplayControl] Exit MCCSOtherSet::GetVCP()
2025/11/04 06:21:11.855 [T:0x170bd] [DisplayControl] Enter MCCSOtherSet::GetVCP(), vcp code = 51
2025/11/04 06:21:11.935 [T:0x170bd] [DisplayControl] Exit MCCSOtherSet::GetVCP()
2025/11/04 06:21:12.042 [T:0x170bd] [DisplayControl] Enter MCCSOtherSet::GetVCP(), vcp code = 225
2025/11/04 06:21:12.124 [T:0x170bd] [DisplayControl] Exit MCCSOtherSet::GetVCP()
2025/11/04 06:21:12.230 [T:0x170bd] [DisplayControl] Enter MCCSOtherSet::GetVCP(), vcp code = 16
2025/11/04 06:21:12.313 [T:0x170bd] [DisplayControl] Exit MCCSOtherSet::GetVCP()
2025/11/04 06:21:12.419 [T:0x170bd] [DisplayControl] Enter MCCSOtherSet::GetVCP(), vcp code = 141
2025/11/04 06:21:12.500 [T:0x170bd] [DisplayControl] Exit MCCSOtherSet::GetVCP()
2025/11/04 06:21:12.605 [T:0x170bd] [DisplayControl] Enter MCCSOtherSet::GetVCP(), vcp code = 20
2025/11/04 06:21:12.687 [T:0x170bd] [DisplayControl] Exit MCCSOtherSet::GetVCP()
2025/11/04 06:21:12.791 [T:0x170bd] [DisplayControl] Enter MCCSOtherSet::GetVCP(), vcp code = 98
2025/11/04 06:21:12.872 [T:0x170bd] [DisplayControl] Exit MCCSOtherSet::GetVCP()
2025/11/04 06:21:12.979 [T:0x170bd] [DisplayControl] Enter MCCSOtherSet::GetVCP(), vcp code = 4
2025/11/04 06:21:13.060 [T:0x170bd] [DisplayControl] Exit MCCSOtherSet::GetVCP()
2025/11/04 06:21:13.166 [T:0x170bd] [DisplayControl] Enter MCCSOtherSet::GetVCP(), vcp code = 43
2025/11/04 06:21:13.247 [T:0x170bd] [DisplayControl] Exit MCCSOtherSet::GetVCP()
2025/11/04 06:21:13.353 [T:0x170bd] [DisplayControl] Enter MCCSOtherSet::GetVCP(), vcp code = 245
2025/11/04 06:21:13.432 [T:0x170bd] [DisplayControl] Exit MCCSOtherSet::GetVCP()
2025/11/04 06:21:13.539 [T:0x170bd] [DisplayControl] Enter MCCSOtherSet::GetVCP(), vcp code = 135
2025/11/04 06:21:13.621 [T:0x170bd] [DisplayControl] Exit MCCSOtherSet::GetVCP()
2025/11/04 06:21:13.727 [T:0x170bd] [DisplayControl] Enter MCCSOtherSet::GetVCP(), vcp code = 96
2025/11/04 06:21:13.808 [T:0x170bd] [DisplayControl] Exit MCCSOtherSet::GetVCP()
2025/11/04 06:21:13.916 [T:0x170bd] [DisplayControl] Enter MCCSOtherSet::GetVCP(), vcp code = 220
2025/11/04 06:21:13.997 [T:0x170bd] [DisplayControl] Exit MCCSOtherSet::GetVCP()
2025/11/04 06:21:14.103 [T:0x170bd] [DisplayControl] Enter MCCSOtherSet::GetVCP(), vcp code = 97
2025/11/04 06:21:14.183 [T:0x170bd] [DisplayControl] Exit MCCSOtherSet::GetVCP()
2025/11/04 06:21:14.290 [T:0x170bd] [DisplayControl] Enter MCCSOtherSet::GetVCP(), vcp code = 18
2025/11/04 06:21:14.375 [T:0x170bd] [DisplayControl] Exit MCCSOtherSet::GetVCP()
2025/11/04 06:21:14.478 [T:0x170bd] [DisplayControl] Enter MCCSOtherSet::GetVCP(), vcp code = 51
2025/11/04 06:21:14.563 [T:0x170bd] [DisplayControl] Exit MCCSOtherSet::GetVCP()
2025/11/04 06:21:14.667 [T:0x170bd] [DisplayControl] Enter MCCSOtherSet::GetVCP(), vcp code = 225
2025/11/04 06:21:14.751 [T:0x170bd] [DisplayControl] Exit MCCSOtherSet::GetVCP()
2025/11/04 06:21:14.853 [T:0x170bd] [DisplayControl] Enter MCCSOtherSet::GetVCP(), vcp code = 16
2025/11/04 06:21:14.938 [T:0x170bd] [DisplayControl] Exit MCCSOtherSet::GetVCP()
2025/11/04 06:21:15.041 [T:0x170bd] [DisplayControl] Enter MCCSOtherSet::GetVCP(), vcp code = 141
2025/11/04 06:21:15.127 [T:0x170bd] [DisplayControl] Exit MCCSOtherSet::GetVCP()
2025/11/04 06:21:15.229 [T:0x170bd] [DisplayControl] Enter MCCSOtherSet::GetVCP(), vcp code = 98
2025/11/04 06:21:15.314 [T:0x170bd] [DisplayControl] Exit MCCSOtherSet::GetVCP()
2025/11/04 06:21:15.417 [T:0x170bd] [DisplayControl] Enter MCCSOtherSet::GetVCP(), vcp code = 4
2025/11/04 06:21:15.502 [T:0x170bd] [DisplayControl] Exit MCCSOtherSet::GetVCP()
2025/11/04 06:21:15.604 [T:0x170bd] [DisplayControl] Enter MCCSOtherSet::GetVCP(), vcp code = 43
2025/11/04 06:21:15.689 [T:0x170bd] [DisplayControl] Exit MCCSOtherSet::GetVCP()
2025/11/04 06:21:15.790 [T:0x170bd] [DisplayControl] Enter MCCSOtherSet::GetVCP(), vcp code = 236
2025/11/04 06:21:15.876 [T:0x170bd] [DisplayControl] Exit MCCSOtherSet::GetVCP()
2025/11/04 06:21:15.977 [T:0x170bd] [DisplayControl] Enter MCCSOtherSet::GetVCP(), vcp code = 135
2025/11/04 06:21:16.063 [T:0x170bd] [DisplayControl] Exit MCCSOtherSet::GetVCP()
2025/11/04 06:21:16.166 [T:0x170bd] [DisplayControl] Enter MCCSOtherSet::GetVCP(), vcp code = 96
2025/11/04 06:21:16.250 [T:0x170bd] [DisplayControl] Exit MCCSOtherSet::GetVCP()
2025/11/04 06:21:16.353 [T:0x170bd] [DisplayControl] Enter MCCSOtherSet::GetVCP(), vcp code = 226
2025/11/04 06:21:16.440 [T:0x170bd] [DisplayControl] Exit MCCSOtherSet::GetVCP()
2025/11/04 06:21:16.541 [T:0x170bd] [DisplayControl] Enter MCCSOtherSet::GetVCP(), vcp code = 220
2025/11/04 06:21:16.625 [T:0x170bd] [DisplayControl] Exit MCCSOtherSet::GetVCP()
2025/11/04 06:21:16.727 [T:0x170bd] [DisplayControl] Enter MCCSOtherSet::GetVCP(), vcp code = 97
2025/11/04 06:21:16.811 [T:0x170bd] [DisplayControl] Exit MCCSOtherSet::GetVCP()
