2025/10/21 05:01:38.131 [T:0x59a9d] [DisplayControl] Enter ObtainControlHandler1
2025/10/21 05:01:38.132 [T:0x59a9d] [DisplayControl] GetVideoPortCommander
2025/10/21 05:01:38.132 [T:0x59a9d] [DisplayControl] GetUSBHubCommander
2025/10/21 05:01:38.132 [T:0x59a9d] ====== List p_lpo_display_info_video_port, # of devices is ======2
2025/10/21 05:01:38.132 [T:0x59a9d] [DisplayControl] index of p_lpo_display_info_video_port0
2025/10/21 05:01:38.132 [T:0x59a9d] [DisplayControl] Model name from VideoPort = VG2458
2025/10/21 05:01:38.132 [T:0x59a9d] [DisplayControl] SN from VideoPort = YDJ243400006
2025/10/21 05:01:38.133 [T:0x59a9d] [DisplayControl] index of p_lpo_display_info_video_port1
2025/10/21 05:01:38.133 [T:0x59a9d] [DisplayControl] Model name from VideoPort = VG275
2025/10/21 05:01:38.133 [T:0x59a9d] [DisplayControl] SN from VideoPort = XF6232400003
2025/10/21 05:01:38.133 [T:0x59a9d] ====== List p_lpo_display_info_rtd_scalar_rts_hub, # of devices is ======0
2025/10/21 05:01:38.133 [T:0x59a9d] [DisplayControl] GetVSRtkHubControlClientListener
2025/10/21 05:01:38.133 [T:0x59a9d] [DisplayControl] max monitor count = 2
2025/10/21 05:01:38.133 [T:0x59a9d] [DisplayControl] index of display_info_vec = 0
2025/10/21 05:01:38.133 [T:0x59a9d] [DisplayControl] index of p_lpo_display_info_video_port = 0
2025/10/21 05:01:38.133 [T:0x59a9d] [DisplayControl] VideoPortMatchingRule
2025/10/21 05:01:38.133 [T:0x59a9d] [DisplayControl] monitor display_info_model_name = VG2458
2025/10/21 05:01:38.134 [T:0x59a9d] [DisplayControl] monitor video_port_model_name = VG2458
2025/10/21 05:01:38.134 [T:0x59a9d] [DisplayControl] monitor display_info_sn = YDJ243400006
2025/10/21 05:01:38.134 [T:0x59a9d] [DisplayControl] monitor video_port_sn = YDJ243400006
2025/10/21 05:01:38.134 [T:0x59a9d] [DisplayControl] model_name_match = 1
2025/10/21 05:01:38.134 [T:0x59a9d] [DisplayControl] sn_match = 1
2025/10/21 05:01:38.134 [T:0x59a9d] [DisplayControl] video_port is_match = 1
2025/10/21 05:01:38.134 [T:0x59a9d] [DisplayControl] index of display_info_vec = 1
2025/10/21 05:01:38.134 [T:0x59a9d] [DisplayControl] index of p_lpo_display_info_video_port = 0
2025/10/21 05:01:38.134 [T:0x59a9d] [DisplayControl] VideoPortMatchingRule
2025/10/21 05:01:38.134 [T:0x59a9d] [DisplayControl] monitor display_info_model_name = VG275
2025/10/21 05:01:38.135 [T:0x59a9d] [DisplayControl] monitor video_port_model_name = VG2458
2025/10/21 05:01:38.135 [T:0x59a9d] [DisplayControl] monitor display_info_sn = XF6232400003
2025/10/21 05:01:38.135 [T:0x59a9d] [DisplayControl] monitor video_port_sn = YDJ243400006
2025/10/21 05:01:38.135 [T:0x59a9d] [DisplayControl] model_name_match = 0
2025/10/21 05:01:38.135 [T:0x59a9d] [DisplayControl] sn_match = 0
2025/10/21 05:01:38.135 [T:0x59a9d] [DisplayControl] video_port is_match = 0
2025/10/21 05:01:38.135 [T:0x59a9d] [DisplayControl] index of display_info_vec = 1
2025/10/21 05:01:38.135 [T:0x59a9d] [DisplayControl] index of p_lpo_display_info_video_port = 1
2025/10/21 05:01:38.135 [T:0x59a9d] [DisplayControl] VideoPortMatchingRule
2025/10/21 05:01:38.135 [T:0x59a9d] [DisplayControl] monitor display_info_model_name = VG275
2025/10/21 05:01:38.136 [T:0x59a9d] [DisplayControl] monitor video_port_model_name = VG275
2025/10/21 05:01:38.136 [T:0x59a9d] [DisplayControl] monitor display_info_sn = XF6232400003
2025/10/21 05:01:38.136 [T:0x59a9d] [DisplayControl] monitor video_port_sn = XF6232400003
2025/10/21 05:01:38.136 [T:0x59a9d] [DisplayControl] model_name_match = 1
2025/10/21 05:01:38.136 [T:0x59a9d] [DisplayControl] sn_match = 1
2025/10/21 05:01:38.136 [T:0x59a9d] [DisplayControl] video_port is_match = 1
2025/10/21 05:01:38.136 [T:0x59a9d] [DisplayControl] i = 0
2025/10/21 05:01:38.136 [T:0x59a9d] [DisplayControl] Enter OperationThread::OperationThread()
2025/10/21 05:01:38.136 [T:0x59a9d] [DisplayControl] Enter OperationThread::CreateThread
2025/10/21 05:01:38.136 [T:0x59a9d] [DisplayControl] new DisplayFunctioner
2025/10/21 05:01:38.136 [T:0x59a9d] [DisplayControl] insert displayer_vector
2025/10/21 05:01:38.136 [T:0x59a9d] [DisplayControl] insert modelName_SN_to_Display_map
2025/10/21 05:01:38.136 [T:0x59a9d] [DisplayControl] insert device_id_to_Displayer_map_
2025/10/21 05:01:38.136 [T:0x59a9d] [DisplayControl] i = 1
2025/10/21 05:01:38.137 [T:0x59a9d] [DisplayControl] Enter OperationThread::OperationThread()
2025/10/21 05:01:38.137 [T:0x59a9d] [DisplayControl] Enter OperationThread::CreateThread
2025/10/21 05:01:38.137 [T:0x59a9d] [DisplayControl] new DisplayFunctioner
2025/10/21 05:01:38.137 [T:0x59a9d] [DisplayControl] insert displayer_vector
2025/10/21 05:01:38.137 [T:0x59a9d] [DisplayControl] insert modelName_SN_to_Display_map
2025/10/21 05:01:38.137 [T:0x59a9d] [DisplayControl] insert device_id_to_Displayer_map_
2025/10/21 05:01:38.137 [T:0x59a9d] [DisplayControl] monitor size = 2
2025/10/21 05:01:38.137 [T:0x59a9d] [DisplayControl] Exit ObtainControlHandler
2025/10/21 05:01:38.137 [T:0x59a9d] [DisplayControl] Enter MCCSOtherSet::GetVCP(), vcp code = 96
2025/10/21 05:01:38.226 [T:0x59a9d] [DisplayControl] Exit MCCSOtherSet::GetVCP()
2025/10/21 05:01:38.607 [T:0x59a9d] [DisplayControl] Enter MCCSOtherSet::GetVCP(), vcp code = 96
2025/10/21 05:01:38.763 [T:0x59a9d] [DisplayControl] Exit MCCSOtherSet::GetVCP()
2025/10/21 05:01:39.065 [T:0x59a9d] [DisplayControl] Enter MCCSOtherSet::SetVCP(), vcp code = 51
2025/10/21 05:01:39.257 [T:0x59a9d] [DisplayControl] Exit MCCSOtherSet::SetVCP()
2025/10/21 05:01:39.259 [T:0x59a9d] [DisplayControl] Enter MCCSOtherSet::SetVCP(), vcp code = 51
2025/10/21 05:01:39.482 [T:0x59a9d] [DisplayControl] Exit MCCSOtherSet::SetVCP()
2025/10/21 05:01:39.484 [T:0x59a9d] [DisplayControl] Enter MCCSOtherSet::GetVCP(), vcp code = 135
2025/10/21 05:01:39.617 [T:0x59a9d] [DisplayControl] Exit MCCSOtherSet::GetVCP()
2025/10/21 05:01:39.730 [T:0x59a9d] [DisplayControl] Enter MCCSOtherSet::GetVCP(), vcp code = 16
2025/10/21 05:01:39.827 [T:0x59a9d] [DisplayControl] Exit MCCSOtherSet::GetVCP()
2025/10/21 05:01:39.933 [T:0x59a9d] [DisplayControl] Enter MCCSOtherSet::GetVCP(), vcp code = 51
2025/10/21 05:01:40.070 [T:0x59a9d] [DisplayControl] Exit MCCSOtherSet::GetVCP()
2025/10/21 05:01:40.183 [T:0x59a9d] [DisplayControl] Enter MCCSOtherSet::GetVCP(), vcp code = 4
2025/10/21 05:01:40.264 [T:0x59a9d] [DisplayControl] Exit MCCSOtherSet::GetVCP()
2025/10/21 05:01:40.370 [T:0x59a9d] [DisplayControl] Enter MCCSOtherSet::GetVCP(), vcp code = 245
2025/10/21 05:01:40.451 [T:0x59a9d] [DisplayControl] Exit MCCSOtherSet::GetVCP()
2025/10/21 05:01:40.558 [T:0x59a9d] [DisplayControl] Enter MCCSOtherSet::GetVCP(), vcp code = 96
2025/10/21 05:01:40.640 [T:0x59a9d] [DisplayControl] Exit MCCSOtherSet::GetVCP()
2025/10/21 05:01:40.746 [T:0x59a9d] [DisplayControl] Enter MCCSOtherSet::GetVCP(), vcp code = 98
2025/10/21 05:01:40.873 [T:0x59a9d] [DisplayControl] Exit MCCSOtherSet::GetVCP()
2025/10/21 05:01:40.980 [T:0x59a9d] [DisplayControl] Enter MCCSOtherSet::GetVCP(), vcp code = 18
2025/10/21 05:01:41.101 [T:0x59a9d] [DisplayControl] Exit MCCSOtherSet::GetVCP()
2025/10/21 05:01:41.214 [T:0x59a9d] [DisplayControl] Enter MCCSOtherSet::GetVCP(), vcp code = 225
2025/10/21 05:01:41.336 [T:0x59a9d] [DisplayControl] Exit MCCSOtherSet::GetVCP()
2025/10/21 05:01:41.448 [T:0x59a9d] [DisplayControl] Enter MCCSOtherSet::GetVCP(), vcp code = 43
2025/10/21 05:01:41.570 [T:0x59a9d] [DisplayControl] Exit MCCSOtherSet::GetVCP()
2025/10/21 05:01:41.683 [T:0x59a9d] [DisplayControl] Enter MCCSOtherSet::GetVCP(), vcp code = 97
2025/10/21 05:01:41.820 [T:0x59a9d] [DisplayControl] Exit MCCSOtherSet::GetVCP()
2025/10/21 05:01:41.933 [T:0x59a9d] [DisplayControl] Enter MCCSOtherSet::GetVCP(), vcp code = 141
2025/10/21 05:01:42.054 [T:0x59a9d] [DisplayControl] Exit MCCSOtherSet::GetVCP()
2025/10/21 05:01:42.167 [T:0x59a9d] [DisplayControl] Enter MCCSOtherSet::GetVCP(), vcp code = 20
2025/10/21 05:01:42.304 [T:0x59a9d] [DisplayControl] Exit MCCSOtherSet::GetVCP()
2025/10/21 05:01:42.417 [T:0x59a9d] [DisplayControl] Enter MCCSOtherSet::GetVCP(), vcp code = 220
2025/10/21 05:01:42.539 [T:0x59a9d] [DisplayControl] Exit MCCSOtherSet::GetVCP()
2025/10/21 05:01:42.653 [T:0x59a9d] [DisplayControl] Enter MCCSOtherSet::GetVCP(), vcp code = 135
2025/10/21 05:01:42.795 [T:0x59a9d] [DisplayControl] Exit MCCSOtherSet::GetVCP()
2025/10/21 05:01:42.901 [T:0x59a9d] [DisplayControl] Enter MCCSOtherSet::GetVCP(), vcp code = 16
2025/10/21 05:01:43.029 [T:0x59a9d] [DisplayControl] Exit MCCSOtherSet::GetVCP()
2025/10/21 05:01:43.136 [T:0x59a9d] [DisplayControl] Enter MCCSOtherSet::GetVCP(), vcp code = 51
2025/10/21 05:01:43.279 [T:0x59a9d] [DisplayControl] Exit MCCSOtherSet::GetVCP()
2025/10/21 05:01:43.386 [T:0x59a9d] [DisplayControl] Enter MCCSOtherSet::GetVCP(), vcp code = 4
2025/10/21 05:01:43.528 [T:0x59a9d] [DisplayControl] Exit MCCSOtherSet::GetVCP()
2025/10/21 05:01:43.636 [T:0x59a9d] [DisplayControl] Enter MCCSOtherSet::GetVCP(), vcp code = 226
2025/10/21 05:01:43.778 [T:0x59a9d] [DisplayControl] Exit MCCSOtherSet::GetVCP()
2025/10/21 05:01:43.886 [T:0x59a9d] [DisplayControl] Enter MCCSOtherSet::GetVCP(), vcp code = 236
2025/10/21 05:01:44.015 [T:0x59a9d] [DisplayControl] Exit MCCSOtherSet::GetVCP()
2025/10/21 05:01:44.120 [T:0x59a9d] [DisplayControl] Enter MCCSOtherSet::GetVCP(), vcp code = 96
2025/10/21 05:01:44.247 [T:0x59a9d] [DisplayControl] Exit MCCSOtherSet::GetVCP()
2025/10/21 05:01:44.355 [T:0x59a9d] [DisplayControl] Enter MCCSOtherSet::GetVCP(), vcp code = 98
2025/10/21 05:01:44.482 [T:0x59a9d] [DisplayControl] Exit MCCSOtherSet::GetVCP()
2025/10/21 05:01:44.589 [T:0x59a9d] [DisplayControl] Enter MCCSOtherSet::GetVCP(), vcp code = 18
2025/10/21 05:01:44.685 [T:0x59a9d] [DisplayControl] Exit MCCSOtherSet::GetVCP()
2025/10/21 05:01:44.792 [T:0x59a9d] [DisplayControl] Enter MCCSOtherSet::GetVCP(), vcp code = 225
2025/10/21 05:01:44.913 [T:0x59a9d] [DisplayControl] Exit MCCSOtherSet::GetVCP()
2025/10/21 05:01:45.027 [T:0x59a9d] [DisplayControl] Enter MCCSOtherSet::GetVCP(), vcp code = 43
2025/10/21 05:01:45.154 [T:0x59a9d] [DisplayControl] Exit MCCSOtherSet::GetVCP()
2025/10/21 05:01:45.261 [T:0x59a9d] [DisplayControl] Enter MCCSOtherSet::GetVCP(), vcp code = 97
2025/10/21 05:01:45.404 [T:0x59a9d] [DisplayControl] Exit MCCSOtherSet::GetVCP()
2025/10/21 05:01:45.511 [T:0x59a9d] [DisplayControl] Enter MCCSOtherSet::GetVCP(), vcp code = 141
2025/10/21 05:01:45.638 [T:0x59a9d] [DisplayControl] Exit MCCSOtherSet::GetVCP()
2025/10/21 05:01:45.745 [T:0x59a9d] [DisplayControl] Enter MCCSOtherSet::GetVCP(), vcp code = 220
2025/10/21 05:01:45.842 [T:0x59a9d] [DisplayControl] Exit MCCSOtherSet::GetVCP()
2025/10/21 05:01:45.975 [T:0x59a9d] [DisplayControl] Enter MCCSOtherSet::GetVCP(), vcp code = 96
2025/10/21 05:01:46.102 [T:0x59a9d] [DisplayControl] Exit MCCSOtherSet::GetVCP()
2025/10/21 05:01:46.103 [T:0x59a9d] [DisplayControl] Enter MCCSOtherSet::GetVCP(), vcp code = 96
2025/10/21 05:01:46.224 [T:0x59a9d] [DisplayControl] Exit MCCSOtherSet::GetVCP()
2025/10/21 05:01:46.902 [T:0x89ff6] [DisplayControl] Enter MCCSOtherSet::SetVCP(), vcp code = 51
2025/10/21 05:01:47.057 [T:0x89ff6] [DisplayControl] Exit MCCSOtherSet::SetVCP()
2025/10/21 05:02:25.443 [T:0x5f019] [DisplayControl] Enter MCCSOtherSet::SetVCP(), vcp code = 4
2025/10/21 05:02:26.378 [T:0x5f019] [DisplayControl] Exit MCCSOtherSet::SetVCP()
2025/10/21 05:02:31.496 [T:0x5f019] [DisplayControl] Enter OperationThread::ExitThread
2025/10/21 05:02:31.497 [T:0x5f019] [DisplayControl] Exit OperationThread::ExitThread
2025/10/21 05:02:31.497 [T:0x5f019] [DisplayControl] Enter OperationThread::~OperationThread()
2025/10/21 05:02:31.497 [T:0x5f019] [DisplayControl] Enter OperationThread::ExitThread
2025/10/21 05:02:31.497 [T:0x5f019] [DisplayControl] Enter OperationThread::ExitThread
2025/10/21 05:02:31.497 [T:0x5f019] [DisplayControl] Exit OperationThread::ExitThread
2025/10/21 05:02:31.497 [T:0x5f019] [DisplayControl] Enter OperationThread::~OperationThread()
2025/10/21 05:02:31.497 [T:0x5f019] [DisplayControl] Enter OperationThread::ExitThread
2025/10/21 05:02:31.518 [T:0x5f019] [DbgStr] After calling display_control_client_listener_video_port_.UpdateAllDisplayPath()
2025/10/21 05:02:31.532 [T:0x5f019] [DbgStr] After calling display_control_client_listener_.GetAllDisplayEDID()
2025/10/21 05:02:31.534 [T:0x5f019] [DisplayControl] Version = 3.0.6.0
2025/10/21 05:02:31.534 [T:0x5f019] [DisplayControl] Enter ObtainControlHandler1
2025/10/21 05:02:31.534 [T:0x5f019] [DisplayControl] GetVideoPortCommander
2025/10/21 05:02:31.534 [T:0x5f019] [DisplayControl] GetUSBHubCommander
2025/10/21 05:02:31.534 [T:0x5f019] ====== List p_lpo_display_info_video_port, # of devices is ======2
2025/10/21 05:02:31.534 [T:0x5f019] [DisplayControl] index of p_lpo_display_info_video_port0
2025/10/21 05:02:31.534 [T:0x5f019] [DisplayControl] Model name from VideoPort = VG2458
2025/10/21 05:02:31.534 [T:0x5f019] [DisplayControl] SN from VideoPort = YDJ243400006
2025/10/21 05:02:31.534 [T:0x5f019] [DisplayControl] index of p_lpo_display_info_video_port1
2025/10/21 05:02:31.534 [T:0x5f019] [DisplayControl] Model name from VideoPort = VG275
2025/10/21 05:02:31.535 [T:0x5f019] [DisplayControl] SN from VideoPort = XF6232400003
2025/10/21 05:02:31.535 [T:0x5f019] ====== List p_lpo_display_info_rtd_scalar_rts_hub, # of devices is ======0
2025/10/21 05:02:31.535 [T:0x5f019] [DisplayControl] GetVSRtkHubControlClientListener
2025/10/21 05:02:31.535 [T:0x5f019] [DisplayControl] max monitor count = 2
2025/10/21 05:02:31.535 [T:0x5f019] [DisplayControl] index of display_info_vec = 0
2025/10/21 05:02:31.535 [T:0x5f019] [DisplayControl] index of p_lpo_display_info_video_port = 0
2025/10/21 05:02:31.535 [T:0x5f019] [DisplayControl] VideoPortMatchingRule
2025/10/21 05:02:31.535 [T:0x5f019] [DisplayControl] monitor display_info_model_name = VG2458
2025/10/21 05:02:31.535 [T:0x5f019] [DisplayControl] monitor video_port_model_name = VG2458
2025/10/21 05:02:31.535 [T:0x5f019] [DisplayControl] monitor display_info_sn = YDJ243400006
2025/10/21 05:02:31.535 [T:0x5f019] [DisplayControl] monitor video_port_sn = YDJ243400006
2025/10/21 05:02:31.535 [T:0x5f019] [DisplayControl] model_name_match = 1
2025/10/21 05:02:31.535 [T:0x5f019] [DisplayControl] sn_match = 1
2025/10/21 05:02:31.535 [T:0x5f019] [DisplayControl] video_port is_match = 1
2025/10/21 05:02:31.535 [T:0x5f019] [DisplayControl] index of display_info_vec = 1
2025/10/21 05:02:31.535 [T:0x5f019] [DisplayControl] index of p_lpo_display_info_video_port = 0
2025/10/21 05:02:31.535 [T:0x5f019] [DisplayControl] VideoPortMatchingRule
2025/10/21 05:02:31.535 [T:0x5f019] [DisplayControl] monitor display_info_model_name = VG275
2025/10/21 05:02:31.535 [T:0x5f019] [DisplayControl] monitor video_port_model_name = VG2458
2025/10/21 05:02:31.535 [T:0x5f019] [DisplayControl] monitor display_info_sn = XF6232400003
2025/10/21 05:02:31.535 [T:0x5f019] [DisplayControl] monitor video_port_sn = YDJ243400006
2025/10/21 05:02:31.535 [T:0x5f019] [DisplayControl] model_name_match = 0
2025/10/21 05:02:31.535 [T:0x5f019] [DisplayControl] sn_match = 0
2025/10/21 05:02:31.535 [T:0x5f019] [DisplayControl] video_port is_match = 0
2025/10/21 05:02:31.535 [T:0x5f019] [DisplayControl] index of display_info_vec = 1
2025/10/21 05:02:31.535 [T:0x5f019] [DisplayControl] index of p_lpo_display_info_video_port = 1
2025/10/21 05:02:31.535 [T:0x5f019] [DisplayControl] VideoPortMatchingRule
2025/10/21 05:02:31.536 [T:0x5f019] [DisplayControl] monitor display_info_model_name = VG275
2025/10/21 05:02:31.536 [T:0x5f019] [DisplayControl] monitor video_port_model_name = VG275
2025/10/21 05:02:31.536 [T:0x5f019] [DisplayControl] monitor display_info_sn = XF6232400003
2025/10/21 05:02:31.536 [T:0x5f019] [DisplayControl] monitor video_port_sn = XF6232400003
2025/10/21 05:02:31.536 [T:0x5f019] [DisplayControl] model_name_match = 1
2025/10/21 05:02:31.536 [T:0x5f019] [DisplayControl] sn_match = 1
2025/10/21 05:02:31.536 [T:0x5f019] [DisplayControl] video_port is_match = 1
2025/10/21 05:02:31.536 [T:0x5f019] [DisplayControl] i = 0
2025/10/21 05:02:31.536 [T:0x5f019] [DisplayControl] Enter OperationThread::OperationThread()
2025/10/21 05:02:31.536 [T:0x5f019] [DisplayControl] Enter OperationThread::CreateThread
2025/10/21 05:02:31.536 [T:0x5f019] [DisplayControl] new DisplayFunctioner
2025/10/21 05:02:31.536 [T:0x5f019] [DisplayControl] insert displayer_vector
2025/10/21 05:02:31.536 [T:0x5f019] [DisplayControl] insert modelName_SN_to_Display_map
2025/10/21 05:02:31.536 [T:0x5f019] [DisplayControl] insert device_id_to_Displayer_map_
2025/10/21 05:02:31.536 [T:0x5f019] [DisplayControl] i = 1
2025/10/21 05:02:31.536 [T:0x5f019] [DisplayControl] Enter OperationThread::OperationThread()
2025/10/21 05:02:31.536 [T:0x5f019] [DisplayControl] Enter OperationThread::CreateThread
2025/10/21 05:02:31.536 [T:0x5f019] [DisplayControl] new DisplayFunctioner
2025/10/21 05:02:31.536 [T:0x5f019] [DisplayControl] insert displayer_vector
2025/10/21 05:02:31.536 [T:0x5f019] [DisplayControl] insert modelName_SN_to_Display_map
2025/10/21 05:02:31.536 [T:0x5f019] [DisplayControl] insert device_id_to_Displayer_map_
2025/10/21 05:02:31.536 [T:0x5f019] [DisplayControl] monitor size = 2
2025/10/21 05:02:31.536 [T:0x5f019] [DisplayControl] Exit ObtainControlHandler
2025/10/21 05:02:31.537 [T:0x5f019] [DisplayControl] Enter MCCSOtherSet::GetVCP(), vcp code = 16
2025/10/21 05:02:31.609 [T:0x5f019] [DisplayControl] Exit MCCSOtherSet::GetVCP()
2025/10/21 05:02:31.609 [T:0x5f019] [DisplayControl] Enter MCCSOtherSet::GetVCP(), vcp code = 135
2025/10/21 05:02:31.749 [T:0x5f019] [DisplayControl] Exit MCCSOtherSet::GetVCP()
2025/10/21 05:02:31.855 [T:0x5f019] [DisplayControl] Enter MCCSOtherSet::GetVCP(), vcp code = 16
2025/10/21 05:02:31.937 [T:0x5f019] [DisplayControl] Exit MCCSOtherSet::GetVCP()
2025/10/21 05:02:32.043 [T:0x5f019] [DisplayControl] Enter MCCSOtherSet::GetVCP(), vcp code = 51
2025/10/21 05:02:32.124 [T:0x5f019] [DisplayControl] Exit MCCSOtherSet::GetVCP()
2025/10/21 05:02:32.230 [T:0x5f019] [DisplayControl] Enter MCCSOtherSet::GetVCP(), vcp code = 4
2025/10/21 05:02:32.312 [T:0x5f019] [DisplayControl] Exit MCCSOtherSet::GetVCP()
2025/10/21 05:02:32.418 [T:0x5f019] [DisplayControl] Enter MCCSOtherSet::GetVCP(), vcp code = 245
2025/10/21 05:02:32.499 [T:0x5f019] [DisplayControl] Exit MCCSOtherSet::GetVCP()
2025/10/21 05:02:32.605 [T:0x5f019] [DisplayControl] Enter MCCSOtherSet::GetVCP(), vcp code = 96
2025/10/21 05:02:32.687 [T:0x5f019] [DisplayControl] Exit MCCSOtherSet::GetVCP()
2025/10/21 05:02:32.793 [T:0x5f019] [DisplayControl] Enter MCCSOtherSet::GetVCP(), vcp code = 98
2025/10/21 05:02:32.875 [T:0x5f019] [DisplayControl] Exit MCCSOtherSet::GetVCP()
2025/10/21 05:02:32.980 [T:0x5f019] [DisplayControl] Enter MCCSOtherSet::GetVCP(), vcp code = 18
2025/10/21 05:02:33.063 [T:0x5f019] [DisplayControl] Exit MCCSOtherSet::GetVCP()
2025/10/21 05:02:33.168 [T:0x5f019] [DisplayControl] Enter MCCSOtherSet::GetVCP(), vcp code = 225
2025/10/21 05:02:33.249 [T:0x5f019] [DisplayControl] Exit MCCSOtherSet::GetVCP()
2025/10/21 05:02:33.355 [T:0x5f019] [DisplayControl] Enter MCCSOtherSet::GetVCP(), vcp code = 43
2025/10/21 05:02:33.437 [T:0x5f019] [DisplayControl] Exit MCCSOtherSet::GetVCP()
2025/10/21 05:02:33.543 [T:0x5f019] [DisplayControl] Enter MCCSOtherSet::GetVCP(), vcp code = 97
2025/10/21 05:02:33.624 [T:0x5f019] [DisplayControl] Exit MCCSOtherSet::GetVCP()
2025/10/21 05:02:33.730 [T:0x5f019] [DisplayControl] Enter MCCSOtherSet::GetVCP(), vcp code = 141
2025/10/21 05:02:33.812 [T:0x5f019] [DisplayControl] Exit MCCSOtherSet::GetVCP()
2025/10/21 05:02:33.882 [T:0x59a9d] [DisplayControl] Enter MCCSOtherSet::GetVCP(), vcp code = 96
2025/10/21 05:02:33.917 [T:0x5f019] [DisplayControl] Enter MCCSOtherSet::GetVCP(), vcp code = 20
2025/10/21 05:02:33.960 [T:0x59a9d] [DisplayControl] Exit MCCSOtherSet::GetVCP()
2025/10/21 05:02:34.134 [T:0x5f019] [DisplayControl] Exit MCCSOtherSet::GetVCP()
2025/10/21 05:02:34.235 [T:0x5f019] [DisplayControl] Enter MCCSOtherSet::GetVCP(), vcp code = 220
2025/10/21 05:02:34.455 [T:0x5f019] [DisplayControl] Exit MCCSOtherSet::GetVCP()
2025/10/21 05:02:34.571 [T:0x5f019] [DisplayControl] Enter MCCSOtherSet::GetVCP(), vcp code = 135
2025/10/21 05:02:34.656 [T:0x5f019] [DisplayControl] Exit MCCSOtherSet::GetVCP()
2025/10/21 05:02:34.758 [T:0x5f019] [DisplayControl] Enter MCCSOtherSet::GetVCP(), vcp code = 16
2025/10/21 05:02:34.843 [T:0x5f019] [DisplayControl] Exit MCCSOtherSet::GetVCP()
2025/10/21 05:02:34.945 [T:0x5f019] [DisplayControl] Enter MCCSOtherSet::GetVCP(), vcp code = 51
2025/10/21 05:02:35.030 [T:0x5f019] [DisplayControl] Exit MCCSOtherSet::GetVCP()
2025/10/21 05:02:35.133 [T:0x5f019] [DisplayControl] Enter MCCSOtherSet::GetVCP(), vcp code = 4
2025/10/21 05:02:35.218 [T:0x5f019] [DisplayControl] Exit MCCSOtherSet::GetVCP()
2025/10/21 05:02:35.320 [T:0x5f019] [DisplayControl] Enter MCCSOtherSet::GetVCP(), vcp code = 226
2025/10/21 05:02:35.406 [T:0x5f019] [DisplayControl] Exit MCCSOtherSet::GetVCP()
2025/10/21 05:02:35.508 [T:0x5f019] [DisplayControl] Enter MCCSOtherSet::GetVCP(), vcp code = 236
2025/10/21 05:02:35.593 [T:0x5f019] [DisplayControl] Exit MCCSOtherSet::GetVCP()
2025/10/21 05:02:35.695 [T:0x5f019] [DisplayControl] Enter MCCSOtherSet::GetVCP(), vcp code = 96
2025/10/21 05:02:35.780 [T:0x5f019] [DisplayControl] Exit MCCSOtherSet::GetVCP()
2025/10/21 05:02:35.883 [T:0x5f019] [DisplayControl] Enter MCCSOtherSet::GetVCP(), vcp code = 98
2025/10/21 05:02:35.968 [T:0x5f019] [DisplayControl] Exit MCCSOtherSet::GetVCP()
2025/10/21 05:02:36.070 [T:0x5f019] [DisplayControl] Enter MCCSOtherSet::GetVCP(), vcp code = 18
2025/10/21 05:02:36.155 [T:0x5f019] [DisplayControl] Exit MCCSOtherSet::GetVCP()
2025/10/21 05:02:36.257 [T:0x5f019] [DisplayControl] Enter MCCSOtherSet::GetVCP(), vcp code = 225
2025/10/21 05:02:36.343 [T:0x5f019] [DisplayControl] Exit MCCSOtherSet::GetVCP()
2025/10/21 05:02:36.445 [T:0x5f019] [DisplayControl] Enter MCCSOtherSet::GetVCP(), vcp code = 43
2025/10/21 05:02:36.530 [T:0x5f019] [DisplayControl] Exit MCCSOtherSet::GetVCP()
2025/10/21 05:02:36.632 [T:0x5f019] [DisplayControl] Enter MCCSOtherSet::GetVCP(), vcp code = 97
2025/10/21 05:02:36.718 [T:0x5f019] [DisplayControl] Exit MCCSOtherSet::GetVCP()
2025/10/21 05:02:36.820 [T:0x5f019] [DisplayControl] Enter MCCSOtherSet::GetVCP(), vcp code = 141
2025/10/21 05:02:36.905 [T:0x5f019] [DisplayControl] Exit MCCSOtherSet::GetVCP()
2025/10/21 05:02:37.007 [T:0x5f019] [DisplayControl] Enter MCCSOtherSet::GetVCP(), vcp code = 220
2025/10/21 05:02:37.093 [T:0x5f019] [DisplayControl] Exit MCCSOtherSet::GetVCP()
2025/10/21 05:03:57.974 [T:0x59a9d] [DisplayControl] Enter MCCSOtherSet::GetVCP(), vcp code = 96
2025/10/21 05:03:58.070 [T:0x59a9d] [DisplayControl] Exit MCCSOtherSet::GetVCP()
2025/10/21 05:03:58.270 [T:0x4b1d6] [DisplayControl] Enter MCCSOtherSet::GetVCP(), vcp code = 135
2025/10/21 05:03:58.413 [T:0x4b1d6] [DisplayControl] Exit MCCSOtherSet::GetVCP()
2025/10/21 05:03:58.522 [T:0x4b1d6] [DisplayControl] Enter MCCSOtherSet::GetVCP(), vcp code = 16
2025/10/21 05:03:58.607 [T:0x4b1d6] [DisplayControl] Exit MCCSOtherSet::GetVCP()
2025/10/21 05:03:58.709 [T:0x4b1d6] [DisplayControl] Enter MCCSOtherSet::GetVCP(), vcp code = 51
2025/10/21 05:03:58.795 [T:0x4b1d6] [DisplayControl] Exit MCCSOtherSet::GetVCP()
2025/10/21 05:03:58.897 [T:0x4b1d6] [DisplayControl] Enter MCCSOtherSet::GetVCP(), vcp code = 4
2025/10/21 05:03:58.982 [T:0x4b1d6] [DisplayControl] Exit MCCSOtherSet::GetVCP()
2025/10/21 05:03:59.084 [T:0x4b1d6] [DisplayControl] Enter MCCSOtherSet::GetVCP(), vcp code = 226
2025/10/21 05:03:59.170 [T:0x4b1d6] [DisplayControl] Exit MCCSOtherSet::GetVCP()
2025/10/21 05:03:59.272 [T:0x4b1d6] [DisplayControl] Enter MCCSOtherSet::GetVCP(), vcp code = 236
2025/10/21 05:03:59.357 [T:0x4b1d6] [DisplayControl] Exit MCCSOtherSet::GetVCP()
2025/10/21 05:03:59.459 [T:0x4b1d6] [DisplayControl] Enter MCCSOtherSet::GetVCP(), vcp code = 96
2025/10/21 05:03:59.544 [T:0x4b1d6] [DisplayControl] Exit MCCSOtherSet::GetVCP()
2025/10/21 05:03:59.646 [T:0x4b1d6] [DisplayControl] Enter MCCSOtherSet::GetVCP(), vcp code = 98
2025/10/21 05:03:59.732 [T:0x4b1d6] [DisplayControl] Exit MCCSOtherSet::GetVCP()
2025/10/21 05:03:59.834 [T:0x4b1d6] [DisplayControl] Enter MCCSOtherSet::GetVCP(), vcp code = 18
2025/10/21 05:03:59.920 [T:0x4b1d6] [DisplayControl] Exit MCCSOtherSet::GetVCP()
2025/10/21 05:04:00.022 [T:0x4b1d6] [DisplayControl] Enter MCCSOtherSet::GetVCP(), vcp code = 225
2025/10/21 05:04:00.107 [T:0x4b1d6] [DisplayControl] Exit MCCSOtherSet::GetVCP()
2025/10/21 05:04:00.209 [T:0x4b1d6] [DisplayControl] Enter MCCSOtherSet::GetVCP(), vcp code = 43
2025/10/21 05:04:00.295 [T:0x4b1d6] [DisplayControl] Exit MCCSOtherSet::GetVCP()
2025/10/21 05:04:00.397 [T:0x4b1d6] [DisplayControl] Enter MCCSOtherSet::GetVCP(), vcp code = 97
2025/10/21 05:04:00.482 [T:0x4b1d6] [DisplayControl] Exit MCCSOtherSet::GetVCP()
2025/10/21 05:04:00.584 [T:0x4b1d6] [DisplayControl] Enter MCCSOtherSet::GetVCP(), vcp code = 141
2025/10/21 05:04:00.669 [T:0x4b1d6] [DisplayControl] Exit MCCSOtherSet::GetVCP()
2025/10/21 05:04:00.771 [T:0x4b1d6] [DisplayControl] Enter MCCSOtherSet::GetVCP(), vcp code = 220
2025/10/21 05:04:00.857 [T:0x4b1d6] [DisplayControl] Exit MCCSOtherSet::GetVCP()
2025/10/21 05:04:13.700 [T:0x4b1d6] [DisplayControl] Enter MCCSOtherSet::SetVCP(), vcp code = 4
2025/10/21 05:04:14.640 [T:0x4b1d6] [DisplayControl] Exit MCCSOtherSet::SetVCP()
2025/10/21 05:04:19.758 [T:0x4b1d6] [DisplayControl] Enter OperationThread::ExitThread
2025/10/21 05:04:19.758 [T:0x4b1d6] [DisplayControl] Exit OperationThread::ExitThread
2025/10/21 05:04:19.758 [T:0x4b1d6] [DisplayControl] Enter OperationThread::~OperationThread()
2025/10/21 05:04:19.758 [T:0x4b1d6] [DisplayControl] Enter OperationThread::ExitThread
2025/10/21 05:04:19.758 [T:0x4b1d6] [DisplayControl] Enter OperationThread::ExitThread
2025/10/21 05:04:19.759 [T:0x4b1d6] [DisplayControl] Exit OperationThread::ExitThread
2025/10/21 05:04:19.759 [T:0x4b1d6] [DisplayControl] Enter OperationThread::~OperationThread()
2025/10/21 05:04:19.759 [T:0x4b1d6] [DisplayControl] Enter OperationThread::ExitThread
2025/10/21 05:04:19.780 [T:0x4b1d6] [DbgStr] After calling display_control_client_listener_video_port_.UpdateAllDisplayPath()
2025/10/21 05:04:19.794 [T:0x4b1d6] [DbgStr] After calling display_control_client_listener_.GetAllDisplayEDID()
2025/10/21 05:04:19.796 [T:0x4b1d6] [DisplayControl] Version = 3.0.6.0
2025/10/21 05:04:19.796 [T:0x4b1d6] [DisplayControl] Enter ObtainControlHandler1
2025/10/21 05:04:19.796 [T:0x4b1d6] [DisplayControl] GetVideoPortCommander
2025/10/21 05:04:19.796 [T:0x4b1d6] [DisplayControl] GetUSBHubCommander
2025/10/21 05:04:19.796 [T:0x4b1d6] ====== List p_lpo_display_info_video_port, # of devices is ======2
2025/10/21 05:04:19.796 [T:0x4b1d6] [DisplayControl] index of p_lpo_display_info_video_port0
2025/10/21 05:04:19.796 [T:0x4b1d6] [DisplayControl] Model name from VideoPort = VG2458
2025/10/21 05:04:19.796 [T:0x4b1d6] [DisplayControl] SN from VideoPort = YDJ243400006
2025/10/21 05:04:19.796 [T:0x4b1d6] [DisplayControl] index of p_lpo_display_info_video_port1
2025/10/21 05:04:19.796 [T:0x4b1d6] [DisplayControl] Model name from VideoPort = VG275
2025/10/21 05:04:19.796 [T:0x4b1d6] [DisplayControl] SN from VideoPort = XF6232400003
2025/10/21 05:04:19.796 [T:0x4b1d6] ====== List p_lpo_display_info_rtd_scalar_rts_hub, # of devices is ======0
2025/10/21 05:04:19.796 [T:0x4b1d6] [DisplayControl] GetVSRtkHubControlClientListener
2025/10/21 05:04:19.796 [T:0x4b1d6] [DisplayControl] max monitor count = 2
2025/10/21 05:04:19.796 [T:0x4b1d6] [DisplayControl] index of display_info_vec = 0
2025/10/21 05:04:19.796 [T:0x4b1d6] [DisplayControl] index of p_lpo_display_info_video_port = 0
2025/10/21 05:04:19.796 [T:0x4b1d6] [DisplayControl] VideoPortMatchingRule
2025/10/21 05:04:19.796 [T:0x4b1d6] [DisplayControl] monitor display_info_model_name = VG2458
2025/10/21 05:04:19.797 [T:0x4b1d6] [DisplayControl] monitor video_port_model_name = VG2458
2025/10/21 05:04:19.797 [T:0x4b1d6] [DisplayControl] monitor display_info_sn = YDJ243400006
2025/10/21 05:04:19.797 [T:0x4b1d6] [DisplayControl] monitor video_port_sn = YDJ243400006
2025/10/21 05:04:19.797 [T:0x4b1d6] [DisplayControl] model_name_match = 1
2025/10/21 05:04:19.797 [T:0x4b1d6] [DisplayControl] sn_match = 1
2025/10/21 05:04:19.797 [T:0x4b1d6] [DisplayControl] video_port is_match = 1
2025/10/21 05:04:19.797 [T:0x4b1d6] [DisplayControl] index of display_info_vec = 1
2025/10/21 05:04:19.797 [T:0x4b1d6] [DisplayControl] index of p_lpo_display_info_video_port = 0
2025/10/21 05:04:19.797 [T:0x4b1d6] [DisplayControl] VideoPortMatchingRule
2025/10/21 05:04:19.797 [T:0x4b1d6] [DisplayControl] monitor display_info_model_name = VG275
2025/10/21 05:04:19.797 [T:0x4b1d6] [DisplayControl] monitor video_port_model_name = VG2458
2025/10/21 05:04:19.797 [T:0x4b1d6] [DisplayControl] monitor display_info_sn = XF6232400003
2025/10/21 05:04:19.797 [T:0x4b1d6] [DisplayControl] monitor video_port_sn = YDJ243400006
2025/10/21 05:04:19.797 [T:0x4b1d6] [DisplayControl] model_name_match = 0
2025/10/21 05:04:19.797 [T:0x4b1d6] [DisplayControl] sn_match = 0
2025/10/21 05:04:19.797 [T:0x4b1d6] [DisplayControl] video_port is_match = 0
2025/10/21 05:04:19.797 [T:0x4b1d6] [DisplayControl] index of display_info_vec = 1
2025/10/21 05:04:19.797 [T:0x4b1d6] [DisplayControl] index of p_lpo_display_info_video_port = 1
2025/10/21 05:04:19.797 [T:0x4b1d6] [DisplayControl] VideoPortMatchingRule
2025/10/21 05:04:19.797 [T:0x4b1d6] [DisplayControl] monitor display_info_model_name = VG275
2025/10/21 05:04:19.797 [T:0x4b1d6] [DisplayControl] monitor video_port_model_name = VG275
2025/10/21 05:04:19.797 [T:0x4b1d6] [DisplayControl] monitor display_info_sn = XF6232400003
2025/10/21 05:04:19.797 [T:0x4b1d6] [DisplayControl] monitor video_port_sn = XF6232400003
2025/10/21 05:04:19.797 [T:0x4b1d6] [DisplayControl] model_name_match = 1
2025/10/21 05:04:19.797 [T:0x4b1d6] [DisplayControl] sn_match = 1
2025/10/21 05:04:19.797 [T:0x4b1d6] [DisplayControl] video_port is_match = 1
2025/10/21 05:04:19.797 [T:0x4b1d6] [DisplayControl] i = 0
2025/10/21 05:04:19.798 [T:0x4b1d6] [DisplayControl] Enter OperationThread::OperationThread()
2025/10/21 05:04:19.798 [T:0x4b1d6] [DisplayControl] Enter OperationThread::CreateThread
2025/10/21 05:04:19.798 [T:0x4b1d6] [DisplayControl] new DisplayFunctioner
2025/10/21 05:04:19.798 [T:0x4b1d6] [DisplayControl] insert displayer_vector
2025/10/21 05:04:19.798 [T:0x4b1d6] [DisplayControl] insert modelName_SN_to_Display_map
2025/10/21 05:04:19.798 [T:0x4b1d6] [DisplayControl] insert device_id_to_Displayer_map_
2025/10/21 05:04:19.798 [T:0x4b1d6] [DisplayControl] i = 1
2025/10/21 05:04:19.798 [T:0x4b1d6] [DisplayControl] Enter OperationThread::OperationThread()
2025/10/21 05:04:19.798 [T:0x4b1d6] [DisplayControl] Enter OperationThread::CreateThread
2025/10/21 05:04:19.798 [T:0x4b1d6] [DisplayControl] new DisplayFunctioner
2025/10/21 05:04:19.798 [T:0x4b1d6] [DisplayControl] insert displayer_vector
2025/10/21 05:04:19.798 [T:0x4b1d6] [DisplayControl] insert modelName_SN_to_Display_map
2025/10/21 05:04:19.798 [T:0x4b1d6] [DisplayControl] insert device_id_to_Displayer_map_
2025/10/21 05:04:19.798 [T:0x4b1d6] [DisplayControl] monitor size = 2
2025/10/21 05:04:19.798 [T:0x4b1d6] [DisplayControl] Exit ObtainControlHandler
2025/10/21 05:04:19.798 [T:0x4b1d6] [DisplayControl] Enter MCCSOtherSet::GetVCP(), vcp code = 16
2025/10/21 05:04:19.874 [T:0x4b1d6] [DisplayControl] Exit MCCSOtherSet::GetVCP()
2025/10/21 05:04:19.874 [T:0x4b1d6] [DisplayControl] Enter MCCSOtherSet::GetVCP(), vcp code = 135
2025/10/21 05:04:19.948 [T:0x4b1d6] [DisplayControl] Exit MCCSOtherSet::GetVCP()
2025/10/21 05:04:20.054 [T:0x4b1d6] [DisplayControl] Enter MCCSOtherSet::GetVCP(), vcp code = 16
2025/10/21 05:04:20.136 [T:0x4b1d6] [DisplayControl] Exit MCCSOtherSet::GetVCP()
2025/10/21 05:04:20.241 [T:0x4b1d6] [DisplayControl] Enter MCCSOtherSet::GetVCP(), vcp code = 51
2025/10/21 05:04:20.323 [T:0x4b1d6] [DisplayControl] Exit MCCSOtherSet::GetVCP()
2025/10/21 05:04:20.429 [T:0x4b1d6] [DisplayControl] Enter MCCSOtherSet::GetVCP(), vcp code = 4
2025/10/21 05:04:20.511 [T:0x4b1d6] [DisplayControl] Exit MCCSOtherSet::GetVCP()
2025/10/21 05:04:20.616 [T:0x4b1d6] [DisplayControl] Enter MCCSOtherSet::GetVCP(), vcp code = 245
2025/10/21 05:04:20.698 [T:0x4b1d6] [DisplayControl] Exit MCCSOtherSet::GetVCP()
2025/10/21 05:04:20.804 [T:0x4b1d6] [DisplayControl] Enter MCCSOtherSet::GetVCP(), vcp code = 96
2025/10/21 05:04:20.886 [T:0x4b1d6] [DisplayControl] Exit MCCSOtherSet::GetVCP()
2025/10/21 05:04:20.992 [T:0x4b1d6] [DisplayControl] Enter MCCSOtherSet::GetVCP(), vcp code = 98
2025/10/21 05:04:21.074 [T:0x4b1d6] [DisplayControl] Exit MCCSOtherSet::GetVCP()
2025/10/21 05:04:21.179 [T:0x4b1d6] [DisplayControl] Enter MCCSOtherSet::GetVCP(), vcp code = 18
2025/10/21 05:04:21.261 [T:0x4b1d6] [DisplayControl] Exit MCCSOtherSet::GetVCP()
2025/10/21 05:04:21.367 [T:0x4b1d6] [DisplayControl] Enter MCCSOtherSet::GetVCP(), vcp code = 225
2025/10/21 05:04:21.449 [T:0x4b1d6] [DisplayControl] Exit MCCSOtherSet::GetVCP()
2025/10/21 05:04:21.554 [T:0x4b1d6] [DisplayControl] Enter MCCSOtherSet::GetVCP(), vcp code = 43
2025/10/21 05:04:21.636 [T:0x4b1d6] [DisplayControl] Exit MCCSOtherSet::GetVCP()
2025/10/21 05:04:21.742 [T:0x4b1d6] [DisplayControl] Enter MCCSOtherSet::GetVCP(), vcp code = 97
2025/10/21 05:04:21.824 [T:0x4b1d6] [DisplayControl] Exit MCCSOtherSet::GetVCP()
2025/10/21 05:04:21.929 [T:0x4b1d6] [DisplayControl] Enter MCCSOtherSet::GetVCP(), vcp code = 141
2025/10/21 05:04:22.011 [T:0x4b1d6] [DisplayControl] Exit MCCSOtherSet::GetVCP()
2025/10/21 05:04:22.117 [T:0x4b1d6] [DisplayControl] Enter MCCSOtherSet::GetVCP(), vcp code = 20
2025/10/21 05:04:22.199 [T:0x4b1d6] [DisplayControl] Exit MCCSOtherSet::GetVCP()
2025/10/21 05:04:22.304 [T:0x4b1d6] [DisplayControl] Enter MCCSOtherSet::GetVCP(), vcp code = 220
2025/10/21 05:04:22.386 [T:0x4b1d6] [DisplayControl] Exit MCCSOtherSet::GetVCP()
2025/10/21 05:04:22.492 [T:0x4b1d6] [DisplayControl] Enter MCCSOtherSet::GetVCP(), vcp code = 135
2025/10/21 05:04:22.578 [T:0x4b1d6] [DisplayControl] Exit MCCSOtherSet::GetVCP()
2025/10/21 05:04:22.679 [T:0x4b1d6] [DisplayControl] Enter MCCSOtherSet::GetVCP(), vcp code = 16
2025/10/21 05:04:22.765 [T:0x4b1d6] [DisplayControl] Exit MCCSOtherSet::GetVCP()
2025/10/21 05:04:22.867 [T:0x4b1d6] [DisplayControl] Enter MCCSOtherSet::GetVCP(), vcp code = 51
2025/10/21 05:04:22.952 [T:0x4b1d6] [DisplayControl] Exit MCCSOtherSet::GetVCP()
2025/10/21 05:04:23.054 [T:0x4b1d6] [DisplayControl] Enter MCCSOtherSet::GetVCP(), vcp code = 4
2025/10/21 05:04:23.140 [T:0x4b1d6] [DisplayControl] Exit MCCSOtherSet::GetVCP()
2025/10/21 05:04:23.242 [T:0x4b1d6] [DisplayControl] Enter MCCSOtherSet::GetVCP(), vcp code = 226
2025/10/21 05:04:23.328 [T:0x4b1d6] [DisplayControl] Exit MCCSOtherSet::GetVCP()
2025/10/21 05:04:23.429 [T:0x4b1d6] [DisplayControl] Enter MCCSOtherSet::GetVCP(), vcp code = 236
2025/10/21 05:04:23.516 [T:0x4b1d6] [DisplayControl] Exit MCCSOtherSet::GetVCP()
2025/10/21 05:04:23.617 [T:0x4b1d6] [DisplayControl] Enter MCCSOtherSet::GetVCP(), vcp code = 96
2025/10/21 05:04:23.703 [T:0x4b1d6] [DisplayControl] Exit MCCSOtherSet::GetVCP()
2025/10/21 05:04:23.804 [T:0x4b1d6] [DisplayControl] Enter MCCSOtherSet::GetVCP(), vcp code = 98
2025/10/21 05:04:23.890 [T:0x4b1d6] [DisplayControl] Exit MCCSOtherSet::GetVCP()
2025/10/21 05:04:23.992 [T:0x4b1d6] [DisplayControl] Enter MCCSOtherSet::GetVCP(), vcp code = 18
2025/10/21 05:04:24.077 [T:0x4b1d6] [DisplayControl] Exit MCCSOtherSet::GetVCP()
2025/10/21 05:04:24.179 [T:0x4b1d6] [DisplayControl] Enter MCCSOtherSet::GetVCP(), vcp code = 225
2025/10/21 05:04:24.265 [T:0x4b1d6] [DisplayControl] Exit MCCSOtherSet::GetVCP()
2025/10/21 05:04:24.366 [T:0x4b1d6] [DisplayControl] Enter MCCSOtherSet::GetVCP(), vcp code = 43
2025/10/21 05:04:24.452 [T:0x4b1d6] [DisplayControl] Exit MCCSOtherSet::GetVCP()
2025/10/21 05:04:24.554 [T:0x4b1d6] [DisplayControl] Enter MCCSOtherSet::GetVCP(), vcp code = 97
2025/10/21 05:04:24.640 [T:0x4b1d6] [DisplayControl] Exit MCCSOtherSet::GetVCP()
2025/10/21 05:04:24.742 [T:0x4b1d6] [DisplayControl] Enter MCCSOtherSet::GetVCP(), vcp code = 141
2025/10/21 05:04:24.828 [T:0x4b1d6] [DisplayControl] Exit MCCSOtherSet::GetVCP()
2025/10/21 05:04:24.929 [T:0x4b1d6] [DisplayControl] Enter MCCSOtherSet::GetVCP(), vcp code = 220
2025/10/21 05:04:25.015 [T:0x4b1d6] [DisplayControl] Exit MCCSOtherSet::GetVCP()
2025/10/21 05:05:45.945 [T:0x59a9d] [DisplayControl] Enter MCCSOtherSet::GetVCP(), vcp code = 96
2025/10/21 05:05:46.042 [T:0x59a9d] [DisplayControl] Exit MCCSOtherSet::GetVCP()
2025/10/21 05:05:46.257 [T:0x15bc5] [DisplayControl] Enter MCCSOtherSet::GetVCP(), vcp code = 135
2025/10/21 05:05:46.417 [T:0x15bc5] [DisplayControl] Exit MCCSOtherSet::GetVCP()
2025/10/21 05:05:46.530 [T:0x15bc5] [DisplayControl] Enter MCCSOtherSet::GetVCP(), vcp code = 16
2025/10/21 05:05:46.612 [T:0x15bc5] [DisplayControl] Exit MCCSOtherSet::GetVCP()
2025/10/21 05:05:46.718 [T:0x15bc5] [DisplayControl] Enter MCCSOtherSet::GetVCP(), vcp code = 51
2025/10/21 05:05:46.799 [T:0x15bc5] [DisplayControl] Exit MCCSOtherSet::GetVCP()
2025/10/21 05:05:46.905 [T:0x15bc5] [DisplayControl] Enter MCCSOtherSet::GetVCP(), vcp code = 4
2025/10/21 05:05:46.987 [T:0x15bc5] [DisplayControl] Exit MCCSOtherSet::GetVCP()
2025/10/21 05:05:47.093 [T:0x15bc5] [DisplayControl] Enter MCCSOtherSet::GetVCP(), vcp code = 245
2025/10/21 05:05:47.174 [T:0x15bc5] [DisplayControl] Exit MCCSOtherSet::GetVCP()
2025/10/21 05:05:47.280 [T:0x15bc5] [DisplayControl] Enter MCCSOtherSet::GetVCP(), vcp code = 96
2025/10/21 05:05:47.362 [T:0x15bc5] [DisplayControl] Exit MCCSOtherSet::GetVCP()
2025/10/21 05:05:47.468 [T:0x15bc5] [DisplayControl] Enter MCCSOtherSet::GetVCP(), vcp code = 98
2025/10/21 05:05:47.550 [T:0x15bc5] [DisplayControl] Exit MCCSOtherSet::GetVCP()
2025/10/21 05:05:47.656 [T:0x15bc5] [DisplayControl] Enter MCCSOtherSet::GetVCP(), vcp code = 18
2025/10/21 05:05:47.737 [T:0x15bc5] [DisplayControl] Exit MCCSOtherSet::GetVCP()
2025/10/21 05:05:47.843 [T:0x15bc5] [DisplayControl] Enter MCCSOtherSet::GetVCP(), vcp code = 225
2025/10/21 05:05:47.925 [T:0x15bc5] [DisplayControl] Exit MCCSOtherSet::GetVCP()
2025/10/21 05:05:48.030 [T:0x15bc5] [DisplayControl] Enter MCCSOtherSet::GetVCP(), vcp code = 43
2025/10/21 05:05:48.112 [T:0x15bc5] [DisplayControl] Exit MCCSOtherSet::GetVCP()
2025/10/21 05:05:48.218 [T:0x15bc5] [DisplayControl] Enter MCCSOtherSet::GetVCP(), vcp code = 97
2025/10/21 05:05:48.300 [T:0x15bc5] [DisplayControl] Exit MCCSOtherSet::GetVCP()
2025/10/21 05:05:48.405 [T:0x15bc5] [DisplayControl] Enter MCCSOtherSet::GetVCP(), vcp code = 141
2025/10/21 05:05:48.487 [T:0x15bc5] [DisplayControl] Exit MCCSOtherSet::GetVCP()
2025/10/21 05:05:48.593 [T:0x15bc5] [DisplayControl] Enter MCCSOtherSet::GetVCP(), vcp code = 20
2025/10/21 05:05:48.674 [T:0x15bc5] [DisplayControl] Exit MCCSOtherSet::GetVCP()
2025/10/21 05:05:48.780 [T:0x15bc5] [DisplayControl] Enter MCCSOtherSet::GetVCP(), vcp code = 220
2025/10/21 05:05:48.862 [T:0x15bc5] [DisplayControl] Exit MCCSOtherSet::GetVCP()
2025/10/21 05:06:02.666 [T:0x15bc5] [DisplayControl] Enter MCCSOtherSet::SetVCP(), vcp code = 16
2025/10/21 05:06:02.862 [T:0x15bc5] [DisplayControl] Exit MCCSOtherSet::SetVCP()
2025/10/21 05:06:46.408 [T:0x4f759] [DisplayControl] Enter MCCSOtherSet::SetVCP(), vcp code = 18
2025/10/21 05:06:46.602 [T:0x4f759] [DisplayControl] Exit MCCSOtherSet::SetVCP()
2025/10/21 05:07:27.590 [T:0x59a9d] [DisplayControl] Enter MCCSOtherSet::GetVCP(), vcp code = 96
2025/10/21 05:07:27.695 [T:0x59a9d] [DisplayControl] Exit MCCSOtherSet::GetVCP()
2025/10/21 05:07:27.891 [T:0xc10ad] [DisplayControl] Enter MCCSOtherSet::GetVCP(), vcp code = 135
2025/10/21 05:07:28.020 [T:0xc10ad] [DisplayControl] Exit MCCSOtherSet::GetVCP()
2025/10/21 05:07:28.133 [T:0xc10ad] [DisplayControl] Enter MCCSOtherSet::GetVCP(), vcp code = 16
2025/10/21 05:07:28.234 [T:0xc10ad] [DisplayControl] Exit MCCSOtherSet::GetVCP()
2025/10/21 05:07:28.336 [T:0xc10ad] [DisplayControl] Enter MCCSOtherSet::GetVCP(), vcp code = 51
2025/10/21 05:07:28.421 [T:0xc10ad] [DisplayControl] Exit MCCSOtherSet::GetVCP()
2025/10/21 05:07:28.523 [T:0xc10ad] [DisplayControl] Enter MCCSOtherSet::GetVCP(), vcp code = 4
2025/10/21 05:07:28.609 [T:0xc10ad] [DisplayControl] Exit MCCSOtherSet::GetVCP()
2025/10/21 05:07:28.711 [T:0xc10ad] [DisplayControl] Enter MCCSOtherSet::GetVCP(), vcp code = 226
2025/10/21 05:07:28.796 [T:0xc10ad] [DisplayControl] Exit MCCSOtherSet::GetVCP()
2025/10/21 05:07:28.898 [T:0xc10ad] [DisplayControl] Enter MCCSOtherSet::GetVCP(), vcp code = 236
2025/10/21 05:07:28.984 [T:0xc10ad] [DisplayControl] Exit MCCSOtherSet::GetVCP()
2025/10/21 05:07:29.086 [T:0xc10ad] [DisplayControl] Enter MCCSOtherSet::GetVCP(), vcp code = 96
2025/10/21 05:07:29.171 [T:0xc10ad] [DisplayControl] Exit MCCSOtherSet::GetVCP()
2025/10/21 05:07:29.273 [T:0xc10ad] [DisplayControl] Enter MCCSOtherSet::GetVCP(), vcp code = 98
2025/10/21 05:07:29.359 [T:0xc10ad] [DisplayControl] Exit MCCSOtherSet::GetVCP()
2025/10/21 05:07:29.461 [T:0xc10ad] [DisplayControl] Enter MCCSOtherSet::GetVCP(), vcp code = 18
2025/10/21 05:07:29.546 [T:0xc10ad] [DisplayControl] Exit MCCSOtherSet::GetVCP()
2025/10/21 05:07:29.648 [T:0xc10ad] [DisplayControl] Enter MCCSOtherSet::GetVCP(), vcp code = 225
2025/10/21 05:07:29.734 [T:0xc10ad] [DisplayControl] Exit MCCSOtherSet::GetVCP()
2025/10/21 05:07:29.836 [T:0xc10ad] [DisplayControl] Enter MCCSOtherSet::GetVCP(), vcp code = 43
2025/10/21 05:07:29.921 [T:0xc10ad] [DisplayControl] Exit MCCSOtherSet::GetVCP()
2025/10/21 05:07:30.023 [T:0xc10ad] [DisplayControl] Enter MCCSOtherSet::GetVCP(), vcp code = 97
2025/10/21 05:07:30.109 [T:0xc10ad] [DisplayControl] Exit MCCSOtherSet::GetVCP()
2025/10/21 05:07:30.211 [T:0xc10ad] [DisplayControl] Enter MCCSOtherSet::GetVCP(), vcp code = 141
2025/10/21 05:07:30.296 [T:0xc10ad] [DisplayControl] Exit MCCSOtherSet::GetVCP()
2025/10/21 05:07:30.398 [T:0xc10ad] [DisplayControl] Enter MCCSOtherSet::GetVCP(), vcp code = 220
2025/10/21 05:07:30.484 [T:0xc10ad] [DisplayControl] Exit MCCSOtherSet::GetVCP()
2025/10/21 05:07:44.298 [T:0xc10ad] [DisplayControl] Enter MCCSOtherSet::SetVCP(), vcp code = 16
2025/10/21 05:07:44.499 [T:0xc10ad] [DisplayControl] Exit MCCSOtherSet::SetVCP()
2025/10/21 05:08:28.072 [T:0xbaaa4] [DisplayControl] Enter MCCSOtherSet::SetVCP(), vcp code = 18
2025/10/21 05:08:28.269 [T:0xbaaa4] [DisplayControl] Exit MCCSOtherSet::SetVCP()
2025/10/21 05:13:57.897 [T:0x80550] [DisplayControl] Enter MCCSOtherSet::SetVCP(), vcp code = 4
2025/10/21 05:13:58.836 [T:0x80550] [DisplayControl] Exit MCCSOtherSet::SetVCP()
2025/10/21 05:14:03.954 [T:0x80550] [DisplayControl] Enter OperationThread::ExitThread
2025/10/21 05:14:03.954 [T:0x80550] [DisplayControl] Exit OperationThread::ExitThread
2025/10/21 05:14:03.954 [T:0x80550] [DisplayControl] Enter OperationThread::~OperationThread()
2025/10/21 05:14:03.954 [T:0x80550] [DisplayControl] Enter OperationThread::ExitThread
2025/10/21 05:14:03.954 [T:0x80550] [DisplayControl] Enter OperationThread::ExitThread
2025/10/21 05:14:03.954 [T:0x80550] [DisplayControl] Exit OperationThread::ExitThread
2025/10/21 05:14:03.954 [T:0x80550] [DisplayControl] Enter OperationThread::~OperationThread()
2025/10/21 05:14:03.954 [T:0x80550] [DisplayControl] Enter OperationThread::ExitThread
2025/10/21 05:14:03.977 [T:0x80550] [DbgStr] After calling display_control_client_listener_video_port_.UpdateAllDisplayPath()
2025/10/21 05:14:03.991 [T:0x80550] [DbgStr] After calling display_control_client_listener_.GetAllDisplayEDID()
2025/10/21 05:14:03.993 [T:0x80550] [DisplayControl] Version = 3.0.6.0
2025/10/21 05:14:03.993 [T:0x80550] [DisplayControl] Enter ObtainControlHandler1
2025/10/21 05:14:03.993 [T:0x80550] [DisplayControl] GetVideoPortCommander
2025/10/21 05:14:03.993 [T:0x80550] [DisplayControl] GetUSBHubCommander
2025/10/21 05:14:03.993 [T:0x80550] ====== List p_lpo_display_info_video_port, # of devices is ======2
2025/10/21 05:14:03.993 [T:0x80550] [DisplayControl] index of p_lpo_display_info_video_port0
2025/10/21 05:14:03.993 [T:0x80550] [DisplayControl] Model name from VideoPort = VG2458
2025/10/21 05:14:03.993 [T:0x80550] [DisplayControl] SN from VideoPort = YDJ243400006
2025/10/21 05:14:03.993 [T:0x80550] [DisplayControl] index of p_lpo_display_info_video_port1
2025/10/21 05:14:03.994 [T:0x80550] [DisplayControl] Model name from VideoPort = VG275
2025/10/21 05:14:03.994 [T:0x80550] [DisplayControl] SN from VideoPort = XF6232400003
2025/10/21 05:14:03.994 [T:0x80550] ====== List p_lpo_display_info_rtd_scalar_rts_hub, # of devices is ======0
2025/10/21 05:14:03.994 [T:0x80550] [DisplayControl] GetVSRtkHubControlClientListener
2025/10/21 05:14:03.994 [T:0x80550] [DisplayControl] max monitor count = 2
2025/10/21 05:14:03.994 [T:0x80550] [DisplayControl] index of display_info_vec = 0
2025/10/21 05:14:03.994 [T:0x80550] [DisplayControl] index of p_lpo_display_info_video_port = 0
2025/10/21 05:14:03.994 [T:0x80550] [DisplayControl] VideoPortMatchingRule
2025/10/21 05:14:03.994 [T:0x80550] [DisplayControl] monitor display_info_model_name = VG2458
2025/10/21 05:14:03.994 [T:0x80550] [DisplayControl] monitor video_port_model_name = VG2458
2025/10/21 05:14:03.994 [T:0x80550] [DisplayControl] monitor display_info_sn = YDJ243400006
2025/10/21 05:14:03.994 [T:0x80550] [DisplayControl] monitor video_port_sn = YDJ243400006
2025/10/21 05:14:03.994 [T:0x80550] [DisplayControl] model_name_match = 1
2025/10/21 05:14:03.994 [T:0x80550] [DisplayControl] sn_match = 1
2025/10/21 05:14:03.994 [T:0x80550] [DisplayControl] video_port is_match = 1
2025/10/21 05:14:03.994 [T:0x80550] [DisplayControl] index of display_info_vec = 1
2025/10/21 05:14:03.994 [T:0x80550] [DisplayControl] index of p_lpo_display_info_video_port = 0
2025/10/21 05:14:03.994 [T:0x80550] [DisplayControl] VideoPortMatchingRule
2025/10/21 05:14:03.994 [T:0x80550] [DisplayControl] monitor display_info_model_name = VG275
2025/10/21 05:14:03.994 [T:0x80550] [DisplayControl] monitor video_port_model_name = VG2458
2025/10/21 05:14:03.994 [T:0x80550] [DisplayControl] monitor display_info_sn = XF6232400003
2025/10/21 05:14:03.994 [T:0x80550] [DisplayControl] monitor video_port_sn = YDJ243400006
2025/10/21 05:14:03.994 [T:0x80550] [DisplayControl] model_name_match = 0
2025/10/21 05:14:03.994 [T:0x80550] [DisplayControl] sn_match = 0
2025/10/21 05:14:03.994 [T:0x80550] [DisplayControl] video_port is_match = 0
2025/10/21 05:14:03.994 [T:0x80550] [DisplayControl] index of display_info_vec = 1
2025/10/21 05:14:03.994 [T:0x80550] [DisplayControl] index of p_lpo_display_info_video_port = 1
2025/10/21 05:14:03.995 [T:0x80550] [DisplayControl] VideoPortMatchingRule
2025/10/21 05:14:03.995 [T:0x80550] [DisplayControl] monitor display_info_model_name = VG275
2025/10/21 05:14:03.995 [T:0x80550] [DisplayControl] monitor video_port_model_name = VG275
2025/10/21 05:14:03.995 [T:0x80550] [DisplayControl] monitor display_info_sn = XF6232400003
2025/10/21 05:14:03.995 [T:0x80550] [DisplayControl] monitor video_port_sn = XF6232400003
2025/10/21 05:14:03.995 [T:0x80550] [DisplayControl] model_name_match = 1
2025/10/21 05:14:03.995 [T:0x80550] [DisplayControl] sn_match = 1
2025/10/21 05:14:03.995 [T:0x80550] [DisplayControl] video_port is_match = 1
2025/10/21 05:14:03.995 [T:0x80550] [DisplayControl] i = 0
2025/10/21 05:14:03.995 [T:0x80550] [DisplayControl] Enter OperationThread::OperationThread()
2025/10/21 05:14:03.995 [T:0x80550] [DisplayControl] Enter OperationThread::CreateThread
2025/10/21 05:14:03.995 [T:0x80550] [DisplayControl] new DisplayFunctioner
2025/10/21 05:14:03.995 [T:0x80550] [DisplayControl] insert displayer_vector
2025/10/21 05:14:03.995 [T:0x80550] [DisplayControl] insert modelName_SN_to_Display_map
2025/10/21 05:14:03.995 [T:0x80550] [DisplayControl] insert device_id_to_Displayer_map_
2025/10/21 05:14:03.995 [T:0x80550] [DisplayControl] i = 1
2025/10/21 05:14:03.995 [T:0x80550] [DisplayControl] Enter OperationThread::OperationThread()
2025/10/21 05:14:03.995 [T:0x80550] [DisplayControl] Enter OperationThread::CreateThread
2025/10/21 05:14:03.995 [T:0x80550] [DisplayControl] new DisplayFunctioner
2025/10/21 05:14:03.995 [T:0x80550] [DisplayControl] insert displayer_vector
2025/10/21 05:14:03.995 [T:0x80550] [DisplayControl] insert modelName_SN_to_Display_map
2025/10/21 05:14:03.995 [T:0x80550] [DisplayControl] insert device_id_to_Displayer_map_
2025/10/21 05:14:03.995 [T:0x80550] [DisplayControl] monitor size = 2
2025/10/21 05:14:03.996 [T:0x80550] [DisplayControl] Exit ObtainControlHandler
2025/10/21 05:14:03.996 [T:0x80550] [DisplayControl] Enter MCCSOtherSet::GetVCP(), vcp code = 16
2025/10/21 05:14:04.086 [T:0x80550] [DisplayControl] Exit MCCSOtherSet::GetVCP()
2025/10/21 05:14:04.086 [T:0x80550] [DisplayControl] Enter MCCSOtherSet::GetVCP(), vcp code = 135
2025/10/21 05:14:04.160 [T:0x80550] [DisplayControl] Exit MCCSOtherSet::GetVCP()
2025/10/21 05:14:04.266 [T:0x80550] [DisplayControl] Enter MCCSOtherSet::GetVCP(), vcp code = 16
2025/10/21 05:14:04.347 [T:0x80550] [DisplayControl] Exit MCCSOtherSet::GetVCP()
2025/10/21 05:14:04.348 [T:0x80550] [DisplayControl] Enter MCCSOtherSet::GetVCP(), vcp code = 16
2025/10/21 05:14:04.488 [T:0x80550] [DisplayControl] Exit MCCSOtherSet::GetVCP()
2025/10/21 05:14:04.488 [T:0x80550] [DisplayControl] Enter MCCSOtherSet::GetVCP(), vcp code = 16
2025/10/21 05:14:04.629 [T:0x80550] [DisplayControl] Exit MCCSOtherSet::GetVCP()
2025/10/21 05:14:04.629 [T:0x80550] [DisplayControl] Enter MCCSOtherSet::GetVCP(), vcp code = 16
2025/10/21 05:14:04.769 [T:0x80550] [DisplayControl] Exit MCCSOtherSet::GetVCP()
2025/10/21 05:14:04.769 [T:0x80550] [DisplayControl] Enter MCCSOtherSet::GetVCP(), vcp code = 16
2025/10/21 05:14:04.910 [T:0x80550] [DisplayControl] Exit MCCSOtherSet::GetVCP()
2025/10/21 05:14:04.910 [T:0x80550] [DisplayControl] Enter MCCSOtherSet::GetVCP(), vcp code = 16
2025/10/21 05:14:05.050 [T:0x80550] [DisplayControl] Exit MCCSOtherSet::GetVCP()
2025/10/21 05:14:05.050 [T:0x80550] [DisplayControl] Enter MCCSOtherSet::GetVCP(), vcp code = 16
2025/10/21 05:14:05.191 [T:0x80550] [DisplayControl] Exit MCCSOtherSet::GetVCP()
2025/10/21 05:14:05.191 [T:0x80550] [DisplayControl] Enter MCCSOtherSet::GetVCP(), vcp code = 16
2025/10/21 05:14:05.331 [T:0x80550] [DisplayControl] Exit MCCSOtherSet::GetVCP()
2025/10/21 05:14:05.332 [T:0x80550] [DisplayControl] Enter MCCSOtherSet::GetVCP(), vcp code = 16
2025/10/21 05:14:05.472 [T:0x80550] [DisplayControl] Exit MCCSOtherSet::GetVCP()
2025/10/21 05:14:05.472 [T:0x80550] [DisplayControl] Enter MCCSOtherSet::GetVCP(), vcp code = 16
2025/10/21 05:14:05.613 [T:0x80550] [DisplayControl] Exit MCCSOtherSet::GetVCP()
2025/10/21 05:14:05.613 [T:0x80550] [DisplayControl] Enter MCCSOtherSet::GetVCP(), vcp code = 16
2025/10/21 05:14:05.753 [T:0x80550] [DisplayControl] Exit MCCSOtherSet::GetVCP()
2025/10/21 05:14:05.754 [T:0x80550] [DisplayControl] Enter MCCSOtherSet::GetVCP(), vcp code = 16
2025/10/21 05:14:05.894 [T:0x80550] [DisplayControl] Exit MCCSOtherSet::GetVCP()
2025/10/21 05:14:05.894 [T:0x80550] [DisplayControl] Enter MCCSOtherSet::GetVCP(), vcp code = 16
2025/10/21 05:14:06.035 [T:0x80550] [DisplayControl] Exit MCCSOtherSet::GetVCP()
2025/10/21 05:14:06.035 [T:0x80550] [DisplayControl] Enter MCCSOtherSet::GetVCP(), vcp code = 16
2025/10/21 05:14:06.175 [T:0x80550] [DisplayControl] Exit MCCSOtherSet::GetVCP()
2025/10/21 05:14:06.175 [T:0x80550] [DisplayControl] Enter MCCSOtherSet::GetVCP(), vcp code = 16
2025/10/21 05:14:06.316 [T:0x80550] [DisplayControl] Exit MCCSOtherSet::GetVCP()
2025/10/21 05:14:06.316 [T:0x80550] [DisplayControl] Enter MCCSOtherSet::GetVCP(), vcp code = 16
2025/10/21 05:14:06.457 [T:0x80550] [DisplayControl] Exit MCCSOtherSet::GetVCP()
2025/10/21 05:14:06.457 [T:0x80550] [DisplayControl] Enter MCCSOtherSet::GetVCP(), vcp code = 16
2025/10/21 05:14:06.597 [T:0x80550] [DisplayControl] Exit MCCSOtherSet::GetVCP()
2025/10/21 05:14:06.598 [T:0x80550] [DisplayControl] Enter MCCSOtherSet::GetVCP(), vcp code = 16
2025/10/21 05:14:06.738 [T:0x80550] [DisplayControl] Exit MCCSOtherSet::GetVCP()
2025/10/21 05:14:06.738 [T:0x80550] [DisplayControl] Enter MCCSOtherSet::GetVCP(), vcp code = 16
2025/10/21 05:14:06.879 [T:0x80550] [DisplayControl] Exit MCCSOtherSet::GetVCP()
2025/10/21 05:14:06.879 [T:0x80550] [DisplayControl] Enter MCCSOtherSet::GetVCP(), vcp code = 16
2025/10/21 05:14:07.019 [T:0x80550] [DisplayControl] Exit MCCSOtherSet::GetVCP()
2025/10/21 05:14:07.019 [T:0x80550] [DisplayControl] Enter MCCSOtherSet::GetVCP(), vcp code = 16
2025/10/21 05:14:07.160 [T:0x80550] [DisplayControl] Exit MCCSOtherSet::GetVCP()
2025/10/21 05:14:07.160 [T:0x80550] [DisplayControl] Enter MCCSOtherSet::GetVCP(), vcp code = 16
2025/10/21 05:14:07.300 [T:0x80550] [DisplayControl] Exit MCCSOtherSet::GetVCP()
2025/10/21 05:14:07.300 [T:0x80550] [DisplayControl] Enter MCCSOtherSet::GetVCP(), vcp code = 16
2025/10/21 05:14:07.441 [T:0x80550] [DisplayControl] Exit MCCSOtherSet::GetVCP()
2025/10/21 05:14:07.441 [T:0x80550] [DisplayControl] Enter MCCSOtherSet::GetVCP(), vcp code = 16
2025/10/21 05:14:07.581 [T:0x80550] [DisplayControl] Exit MCCSOtherSet::GetVCP()
2025/10/21 05:14:07.582 [T:0x80550] [DisplayControl] Enter MCCSOtherSet::GetVCP(), vcp code = 16
2025/10/21 05:14:07.722 [T:0x80550] [DisplayControl] Exit MCCSOtherSet::GetVCP()
2025/10/21 05:14:07.722 [T:0x80550] [DisplayControl] Enter MCCSOtherSet::GetVCP(), vcp code = 16
2025/10/21 05:14:07.863 [T:0x80550] [DisplayControl] Exit MCCSOtherSet::GetVCP()
2025/10/21 05:14:07.863 [T:0x80550] [DisplayControl] Enter MCCSOtherSet::GetVCP(), vcp code = 16
2025/10/21 05:14:08.004 [T:0x80550] [DisplayControl] Exit MCCSOtherSet::GetVCP()
2025/10/21 05:14:08.004 [T:0x80550] [DisplayControl] Enter MCCSOtherSet::GetVCP(), vcp code = 16
2025/10/21 05:14:08.144 [T:0x80550] [DisplayControl] Exit MCCSOtherSet::GetVCP()
2025/10/21 05:14:08.144 [T:0x80550] [DisplayControl] Enter MCCSOtherSet::GetVCP(), vcp code = 16
2025/10/21 05:14:08.285 [T:0x80550] [DisplayControl] Exit MCCSOtherSet::GetVCP()
2025/10/21 05:14:08.285 [T:0x80550] [DisplayControl] Enter MCCSOtherSet::GetVCP(), vcp code = 16
2025/10/21 05:14:08.425 [T:0x80550] [DisplayControl] Exit MCCSOtherSet::GetVCP()
2025/10/21 05:14:08.425 [T:0x80550] [DisplayControl] Enter MCCSOtherSet::GetVCP(), vcp code = 16
2025/10/21 05:14:08.566 [T:0x80550] [DisplayControl] Exit MCCSOtherSet::GetVCP()
2025/10/21 05:14:08.566 [T:0x80550] [DisplayControl] Enter MCCSOtherSet::GetVCP(), vcp code = 16
2025/10/21 05:14:08.706 [T:0x80550] [DisplayControl] Exit MCCSOtherSet::GetVCP()
2025/10/21 05:14:08.707 [T:0x80550] [DisplayControl] Enter MCCSOtherSet::GetVCP(), vcp code = 16
2025/10/21 05:14:08.847 [T:0x80550] [DisplayControl] Exit MCCSOtherSet::GetVCP()
2025/10/21 05:14:08.847 [T:0x80550] [DisplayControl] Enter MCCSOtherSet::GetVCP(), vcp code = 16
2025/10/21 05:14:08.987 [T:0x80550] [DisplayControl] Exit MCCSOtherSet::GetVCP()
2025/10/21 05:14:08.988 [T:0x80550] [DisplayControl] Enter MCCSOtherSet::GetVCP(), vcp code = 16
2025/10/21 05:14:09.128 [T:0x80550] [DisplayControl] Exit MCCSOtherSet::GetVCP()
2025/10/21 05:14:09.129 [T:0x80550] [DisplayControl] Enter MCCSOtherSet::GetVCP(), vcp code = 16
2025/10/21 05:14:09.269 [T:0x80550] [DisplayControl] Exit MCCSOtherSet::GetVCP()
2025/10/21 05:14:09.375 [T:0x80550] [DisplayControl] Enter MCCSOtherSet::GetVCP(), vcp code = 51
2025/10/21 05:14:09.456 [T:0x80550] [DisplayControl] Exit MCCSOtherSet::GetVCP()
2025/10/21 05:14:09.562 [T:0x80550] [DisplayControl] Enter MCCSOtherSet::GetVCP(), vcp code = 4
2025/10/21 05:14:09.644 [T:0x80550] [DisplayControl] Exit MCCSOtherSet::GetVCP()
2025/10/21 05:14:09.750 [T:0x80550] [DisplayControl] Enter MCCSOtherSet::GetVCP(), vcp code = 245
2025/10/21 05:14:09.831 [T:0x80550] [DisplayControl] Exit MCCSOtherSet::GetVCP()
2025/10/21 05:14:09.937 [T:0x80550] [DisplayControl] Enter MCCSOtherSet::GetVCP(), vcp code = 96
2025/10/21 05:14:10.019 [T:0x80550] [DisplayControl] Exit MCCSOtherSet::GetVCP()
2025/10/21 05:14:10.125 [T:0x80550] [DisplayControl] Enter MCCSOtherSet::GetVCP(), vcp code = 98
2025/10/21 05:14:10.207 [T:0x80550] [DisplayControl] Exit MCCSOtherSet::GetVCP()
2025/10/21 05:14:10.312 [T:0x80550] [DisplayControl] Enter MCCSOtherSet::GetVCP(), vcp code = 18
2025/10/21 05:14:10.394 [T:0x80550] [DisplayControl] Exit MCCSOtherSet::GetVCP()
2025/10/21 05:14:10.394 [T:0x80550] [DisplayControl] Enter MCCSOtherSet::GetVCP(), vcp code = 18
2025/10/21 05:14:10.535 [T:0x80550] [DisplayControl] Exit MCCSOtherSet::GetVCP()
2025/10/21 05:14:10.539 [T:0x80550] [DisplayControl] Enter MCCSOtherSet::GetVCP(), vcp code = 18
2025/10/21 05:14:10.675 [T:0x80550] [DisplayControl] Exit MCCSOtherSet::GetVCP()
2025/10/21 05:14:10.676 [T:0x80550] [DisplayControl] Enter MCCSOtherSet::GetVCP(), vcp code = 18
2025/10/21 05:14:10.816 [T:0x80550] [DisplayControl] Exit MCCSOtherSet::GetVCP()
2025/10/21 05:14:10.816 [T:0x80550] [DisplayControl] Enter MCCSOtherSet::GetVCP(), vcp code = 18
2025/10/21 05:14:10.956 [T:0x80550] [DisplayControl] Exit MCCSOtherSet::GetVCP()
2025/10/21 05:14:10.957 [T:0x80550] [DisplayControl] Enter MCCSOtherSet::GetVCP(), vcp code = 18
2025/10/21 05:14:11.097 [T:0x80550] [DisplayControl] Exit MCCSOtherSet::GetVCP()
2025/10/21 05:14:11.097 [T:0x80550] [DisplayControl] Enter MCCSOtherSet::GetVCP(), vcp code = 18
2025/10/21 05:14:11.238 [T:0x80550] [DisplayControl] Exit MCCSOtherSet::GetVCP()
2025/10/21 05:14:11.238 [T:0x80550] [DisplayControl] Enter MCCSOtherSet::GetVCP(), vcp code = 18
2025/10/21 05:14:11.378 [T:0x80550] [DisplayControl] Exit MCCSOtherSet::GetVCP()
2025/10/21 05:14:11.378 [T:0x80550] [DisplayControl] Enter MCCSOtherSet::GetVCP(), vcp code = 18
2025/10/21 05:14:11.519 [T:0x80550] [DisplayControl] Exit MCCSOtherSet::GetVCP()
2025/10/21 05:14:11.519 [T:0x80550] [DisplayControl] Enter MCCSOtherSet::GetVCP(), vcp code = 18
2025/10/21 05:14:11.660 [T:0x80550] [DisplayControl] Exit MCCSOtherSet::GetVCP()
2025/10/21 05:14:11.660 [T:0x80550] [DisplayControl] Enter MCCSOtherSet::GetVCP(), vcp code = 18
2025/10/21 05:14:11.800 [T:0x80550] [DisplayControl] Exit MCCSOtherSet::GetVCP()
2025/10/21 05:14:11.800 [T:0x80550] [DisplayControl] Enter MCCSOtherSet::GetVCP(), vcp code = 18
2025/10/21 05:14:11.941 [T:0x80550] [DisplayControl] Exit MCCSOtherSet::GetVCP()
2025/10/21 05:14:11.941 [T:0x80550] [DisplayControl] Enter MCCSOtherSet::GetVCP(), vcp code = 18
2025/10/21 05:14:12.081 [T:0x80550] [DisplayControl] Exit MCCSOtherSet::GetVCP()
2025/10/21 05:14:12.082 [T:0x80550] [DisplayControl] Enter MCCSOtherSet::GetVCP(), vcp code = 18
2025/10/21 05:14:12.222 [T:0x80550] [DisplayControl] Exit MCCSOtherSet::GetVCP()
2025/10/21 05:14:12.222 [T:0x80550] [DisplayControl] Enter MCCSOtherSet::GetVCP(), vcp code = 18
2025/10/21 05:14:12.363 [T:0x80550] [DisplayControl] Exit MCCSOtherSet::GetVCP()
2025/10/21 05:14:12.363 [T:0x80550] [DisplayControl] Enter MCCSOtherSet::GetVCP(), vcp code = 18
2025/10/21 05:14:12.503 [T:0x80550] [DisplayControl] Exit MCCSOtherSet::GetVCP()
2025/10/21 05:14:12.504 [T:0x80550] [DisplayControl] Enter MCCSOtherSet::GetVCP(), vcp code = 18
2025/10/21 05:14:12.644 [T:0x80550] [DisplayControl] Exit MCCSOtherSet::GetVCP()
2025/10/21 05:14:12.645 [T:0x80550] [DisplayControl] Enter MCCSOtherSet::GetVCP(), vcp code = 18
2025/10/21 05:14:12.784 [T:0x80550] [DisplayControl] Exit MCCSOtherSet::GetVCP()
2025/10/21 05:14:12.785 [T:0x80550] [DisplayControl] Enter MCCSOtherSet::GetVCP(), vcp code = 18
2025/10/21 05:14:12.925 [T:0x80550] [DisplayControl] Exit MCCSOtherSet::GetVCP()
2025/10/21 05:14:12.925 [T:0x80550] [DisplayControl] Enter MCCSOtherSet::GetVCP(), vcp code = 18
2025/10/21 05:14:13.066 [T:0x80550] [DisplayControl] Exit MCCSOtherSet::GetVCP()
2025/10/21 05:14:13.066 [T:0x80550] [DisplayControl] Enter MCCSOtherSet::GetVCP(), vcp code = 18
2025/10/21 05:14:13.206 [T:0x80550] [DisplayControl] Exit MCCSOtherSet::GetVCP()
2025/10/21 05:14:13.206 [T:0x80550] [DisplayControl] Enter MCCSOtherSet::GetVCP(), vcp code = 18
2025/10/21 05:14:13.347 [T:0x80550] [DisplayControl] Exit MCCSOtherSet::GetVCP()
2025/10/21 05:14:13.347 [T:0x80550] [DisplayControl] Enter MCCSOtherSet::GetVCP(), vcp code = 18
2025/10/21 05:14:13.488 [T:0x80550] [DisplayControl] Exit MCCSOtherSet::GetVCP()
2025/10/21 05:14:13.488 [T:0x80550] [DisplayControl] Enter MCCSOtherSet::GetVCP(), vcp code = 18
2025/10/21 05:14:13.628 [T:0x80550] [DisplayControl] Exit MCCSOtherSet::GetVCP()
2025/10/21 05:14:13.628 [T:0x80550] [DisplayControl] Enter MCCSOtherSet::GetVCP(), vcp code = 18
2025/10/21 05:14:13.769 [T:0x80550] [DisplayControl] Exit MCCSOtherSet::GetVCP()
2025/10/21 05:14:13.769 [T:0x80550] [DisplayControl] Enter MCCSOtherSet::GetVCP(), vcp code = 18
2025/10/21 05:14:13.909 [T:0x80550] [DisplayControl] Exit MCCSOtherSet::GetVCP()
2025/10/21 05:14:13.910 [T:0x80550] [DisplayControl] Enter MCCSOtherSet::GetVCP(), vcp code = 18
2025/10/21 05:14:14.050 [T:0x80550] [DisplayControl] Exit MCCSOtherSet::GetVCP()
2025/10/21 05:14:14.050 [T:0x80550] [DisplayControl] Enter MCCSOtherSet::GetVCP(), vcp code = 18
2025/10/21 05:14:14.191 [T:0x80550] [DisplayControl] Exit MCCSOtherSet::GetVCP()
2025/10/21 05:14:14.191 [T:0x80550] [DisplayControl] Enter MCCSOtherSet::GetVCP(), vcp code = 18
2025/10/21 05:14:14.331 [T:0x80550] [DisplayControl] Exit MCCSOtherSet::GetVCP()
2025/10/21 05:14:14.331 [T:0x80550] [DisplayControl] Enter MCCSOtherSet::GetVCP(), vcp code = 18
2025/10/21 05:14:14.472 [T:0x80550] [DisplayControl] Exit MCCSOtherSet::GetVCP()
2025/10/21 05:14:14.472 [T:0x80550] [DisplayControl] Enter MCCSOtherSet::GetVCP(), vcp code = 18
2025/10/21 05:14:14.613 [T:0x80550] [DisplayControl] Exit MCCSOtherSet::GetVCP()
2025/10/21 05:14:14.613 [T:0x80550] [DisplayControl] Enter MCCSOtherSet::GetVCP(), vcp code = 18
2025/10/21 05:14:14.754 [T:0x80550] [DisplayControl] Exit MCCSOtherSet::GetVCP()
2025/10/21 05:14:14.754 [T:0x80550] [DisplayControl] Enter MCCSOtherSet::GetVCP(), vcp code = 18
2025/10/21 05:14:14.894 [T:0x80550] [DisplayControl] Exit MCCSOtherSet::GetVCP()
2025/10/21 05:14:14.894 [T:0x80550] [DisplayControl] Enter MCCSOtherSet::GetVCP(), vcp code = 18
2025/10/21 05:14:15.035 [T:0x80550] [DisplayControl] Exit MCCSOtherSet::GetVCP()
2025/10/21 05:14:15.035 [T:0x80550] [DisplayControl] Enter MCCSOtherSet::GetVCP(), vcp code = 18
2025/10/21 05:14:15.175 [T:0x80550] [DisplayControl] Exit MCCSOtherSet::GetVCP()
2025/10/21 05:14:15.176 [T:0x80550] [DisplayControl] Enter MCCSOtherSet::GetVCP(), vcp code = 18
2025/10/21 05:14:15.316 [T:0x80550] [DisplayControl] Exit MCCSOtherSet::GetVCP()
2025/10/21 05:14:15.422 [T:0x80550] [DisplayControl] Enter MCCSOtherSet::GetVCP(), vcp code = 225
2025/10/21 05:14:15.503 [T:0x80550] [DisplayControl] Exit MCCSOtherSet::GetVCP()
2025/10/21 05:14:15.609 [T:0x80550] [DisplayControl] Enter MCCSOtherSet::GetVCP(), vcp code = 43
2025/10/21 05:14:15.691 [T:0x80550] [DisplayControl] Exit MCCSOtherSet::GetVCP()
2025/10/21 05:14:15.797 [T:0x80550] [DisplayControl] Enter MCCSOtherSet::GetVCP(), vcp code = 97
2025/10/21 05:14:15.879 [T:0x80550] [DisplayControl] Exit MCCSOtherSet::GetVCP()
2025/10/21 05:14:15.984 [T:0x80550] [DisplayControl] Enter MCCSOtherSet::GetVCP(), vcp code = 141
2025/10/21 05:14:16.066 [T:0x80550] [DisplayControl] Exit MCCSOtherSet::GetVCP()
2025/10/21 05:14:16.172 [T:0x80550] [DisplayControl] Enter MCCSOtherSet::GetVCP(), vcp code = 20
2025/10/21 05:14:16.254 [T:0x80550] [DisplayControl] Exit MCCSOtherSet::GetVCP()
2025/10/21 05:14:16.360 [T:0x80550] [DisplayControl] Enter MCCSOtherSet::GetVCP(), vcp code = 220
2025/10/21 05:14:16.441 [T:0x80550] [DisplayControl] Exit MCCSOtherSet::GetVCP()
2025/10/21 05:14:16.554 [T:0x80550] [DisplayControl] Enter MCCSOtherSet::GetVCP(), vcp code = 135
2025/10/21 05:14:16.633 [T:0x80550] [DisplayControl] Exit MCCSOtherSet::GetVCP()
2025/10/21 05:14:16.735 [T:0x80550] [DisplayControl] Enter MCCSOtherSet::GetVCP(), vcp code = 16
2025/10/21 05:14:16.820 [T:0x80550] [DisplayControl] Exit MCCSOtherSet::GetVCP()
2025/10/21 05:14:16.922 [T:0x80550] [DisplayControl] Enter MCCSOtherSet::GetVCP(), vcp code = 51
2025/10/21 05:14:17.008 [T:0x80550] [DisplayControl] Exit MCCSOtherSet::GetVCP()
2025/10/21 05:14:17.110 [T:0x80550] [DisplayControl] Enter MCCSOtherSet::GetVCP(), vcp code = 4
2025/10/21 05:14:17.195 [T:0x80550] [DisplayControl] Exit MCCSOtherSet::GetVCP()
2025/10/21 05:14:17.297 [T:0x80550] [DisplayControl] Enter MCCSOtherSet::GetVCP(), vcp code = 226
2025/10/21 05:14:17.383 [T:0x80550] [DisplayControl] Exit MCCSOtherSet::GetVCP()
2025/10/21 05:14:17.485 [T:0x80550] [DisplayControl] Enter MCCSOtherSet::GetVCP(), vcp code = 236
2025/10/21 05:14:17.571 [T:0x80550] [DisplayControl] Exit MCCSOtherSet::GetVCP()
2025/10/21 05:14:17.672 [T:0x80550] [DisplayControl] Enter MCCSOtherSet::GetVCP(), vcp code = 96
2025/10/21 05:14:17.758 [T:0x80550] [DisplayControl] Exit MCCSOtherSet::GetVCP()
2025/10/21 05:14:17.860 [T:0x80550] [DisplayControl] Enter MCCSOtherSet::GetVCP(), vcp code = 98
2025/10/21 05:14:17.945 [T:0x80550] [DisplayControl] Exit MCCSOtherSet::GetVCP()
2025/10/21 05:14:18.047 [T:0x80550] [DisplayControl] Enter MCCSOtherSet::GetVCP(), vcp code = 18
2025/10/21 05:14:18.133 [T:0x80550] [DisplayControl] Exit MCCSOtherSet::GetVCP()
2025/10/21 05:14:18.235 [T:0x80550] [DisplayControl] Enter MCCSOtherSet::GetVCP(), vcp code = 225
2025/10/21 05:14:18.320 [T:0x80550] [DisplayControl] Exit MCCSOtherSet::GetVCP()
2025/10/21 05:14:18.422 [T:0x80550] [DisplayControl] Enter MCCSOtherSet::GetVCP(), vcp code = 43
2025/10/21 05:14:18.508 [T:0x80550] [DisplayControl] Exit MCCSOtherSet::GetVCP()
2025/10/21 05:14:18.609 [T:0x80550] [DisplayControl] Enter MCCSOtherSet::GetVCP(), vcp code = 97
2025/10/21 05:14:18.695 [T:0x80550] [DisplayControl] Exit MCCSOtherSet::GetVCP()
2025/10/21 05:14:18.797 [T:0x80550] [DisplayControl] Enter MCCSOtherSet::GetVCP(), vcp code = 141
2025/10/21 05:14:18.883 [T:0x80550] [DisplayControl] Exit MCCSOtherSet::GetVCP()
2025/10/21 05:14:18.985 [T:0x80550] [DisplayControl] Enter MCCSOtherSet::GetVCP(), vcp code = 220
2025/10/21 05:14:19.070 [T:0x80550] [DisplayControl] Exit MCCSOtherSet::GetVCP()
2025/10/21 05:15:28.893 [T:0x59a9d] [DisplayControl] Enter MCCSOtherSet::GetVCP(), vcp code = 96
2025/10/21 05:15:28.987 [T:0x59a9d] [DisplayControl] Exit MCCSOtherSet::GetVCP()
2025/10/21 05:15:29.200 [T:0x7090c] [DisplayControl] Enter MCCSOtherSet::GetVCP(), vcp code = 135
2025/10/21 05:15:29.338 [T:0x7090c] [DisplayControl] Exit MCCSOtherSet::GetVCP()
2025/10/21 05:15:29.455 [T:0x7090c] [DisplayControl] Enter MCCSOtherSet::GetVCP(), vcp code = 16
2025/10/21 05:15:29.536 [T:0x7090c] [DisplayControl] Exit MCCSOtherSet::GetVCP()
2025/10/21 05:15:29.536 [T:0x7090c] [DisplayControl] Enter MCCSOtherSet::GetVCP(), vcp code = 16
2025/10/21 05:15:29.677 [T:0x7090c] [DisplayControl] Exit MCCSOtherSet::GetVCP()
2025/10/21 05:15:29.677 [T:0x7090c] [DisplayControl] Enter MCCSOtherSet::GetVCP(), vcp code = 16
2025/10/21 05:15:29.817 [T:0x7090c] [DisplayControl] Exit MCCSOtherSet::GetVCP()
2025/10/21 05:15:29.818 [T:0x7090c] [DisplayControl] Enter MCCSOtherSet::GetVCP(), vcp code = 16
2025/10/21 05:15:29.958 [T:0x7090c] [DisplayControl] Exit MCCSOtherSet::GetVCP()
2025/10/21 05:15:29.958 [T:0x7090c] [DisplayControl] Enter MCCSOtherSet::GetVCP(), vcp code = 16
2025/10/21 05:15:30.099 [T:0x7090c] [DisplayControl] Exit MCCSOtherSet::GetVCP()
2025/10/21 05:15:30.099 [T:0x7090c] [DisplayControl] Enter MCCSOtherSet::GetVCP(), vcp code = 16
2025/10/21 05:15:30.239 [T:0x7090c] [DisplayControl] Exit MCCSOtherSet::GetVCP()
2025/10/21 05:15:30.240 [T:0x7090c] [DisplayControl] Enter MCCSOtherSet::GetVCP(), vcp code = 16
2025/10/21 05:15:30.380 [T:0x7090c] [DisplayControl] Exit MCCSOtherSet::GetVCP()
2025/10/21 05:15:30.380 [T:0x7090c] [DisplayControl] Enter MCCSOtherSet::GetVCP(), vcp code = 16
2025/10/21 05:15:30.521 [T:0x7090c] [DisplayControl] Exit MCCSOtherSet::GetVCP()
2025/10/21 05:15:30.521 [T:0x7090c] [DisplayControl] Enter MCCSOtherSet::GetVCP(), vcp code = 16
2025/10/21 05:15:30.661 [T:0x7090c] [DisplayControl] Exit MCCSOtherSet::GetVCP()
2025/10/21 05:15:30.662 [T:0x7090c] [DisplayControl] Enter MCCSOtherSet::GetVCP(), vcp code = 16
2025/10/21 05:15:30.802 [T:0x7090c] [DisplayControl] Exit MCCSOtherSet::GetVCP()
2025/10/21 05:15:30.802 [T:0x7090c] [DisplayControl] Enter MCCSOtherSet::GetVCP(), vcp code = 16
2025/10/21 05:15:30.942 [T:0x7090c] [DisplayControl] Exit MCCSOtherSet::GetVCP()
2025/10/21 05:15:30.942 [T:0x7090c] [DisplayControl] Enter MCCSOtherSet::GetVCP(), vcp code = 16
2025/10/21 05:15:31.083 [T:0x7090c] [DisplayControl] Exit MCCSOtherSet::GetVCP()
2025/10/21 05:15:31.084 [T:0x7090c] [DisplayControl] Enter MCCSOtherSet::GetVCP(), vcp code = 16
2025/10/21 05:15:31.224 [T:0x7090c] [DisplayControl] Exit MCCSOtherSet::GetVCP()
2025/10/21 05:15:31.224 [T:0x7090c] [DisplayControl] Enter MCCSOtherSet::GetVCP(), vcp code = 16
2025/10/21 05:15:31.364 [T:0x7090c] [DisplayControl] Exit MCCSOtherSet::GetVCP()
2025/10/21 05:15:31.364 [T:0x7090c] [DisplayControl] Enter MCCSOtherSet::GetVCP(), vcp code = 16
2025/10/21 05:15:31.505 [T:0x7090c] [DisplayControl] Exit MCCSOtherSet::GetVCP()
2025/10/21 05:15:31.505 [T:0x7090c] [DisplayControl] Enter MCCSOtherSet::GetVCP(), vcp code = 16
2025/10/21 05:15:31.646 [T:0x7090c] [DisplayControl] Exit MCCSOtherSet::GetVCP()
2025/10/21 05:15:31.646 [T:0x7090c] [DisplayControl] Enter MCCSOtherSet::GetVCP(), vcp code = 16
2025/10/21 05:15:31.786 [T:0x7090c] [DisplayControl] Exit MCCSOtherSet::GetVCP()
2025/10/21 05:15:31.786 [T:0x7090c] [DisplayControl] Enter MCCSOtherSet::GetVCP(), vcp code = 16
2025/10/21 05:15:31.927 [T:0x7090c] [DisplayControl] Exit MCCSOtherSet::GetVCP()
2025/10/21 05:15:31.927 [T:0x7090c] [DisplayControl] Enter MCCSOtherSet::GetVCP(), vcp code = 16
2025/10/21 05:15:32.067 [T:0x7090c] [DisplayControl] Exit MCCSOtherSet::GetVCP()
2025/10/21 05:15:32.068 [T:0x7090c] [DisplayControl] Enter MCCSOtherSet::GetVCP(), vcp code = 16
2025/10/21 05:15:32.208 [T:0x7090c] [DisplayControl] Exit MCCSOtherSet::GetVCP()
2025/10/21 05:15:32.208 [T:0x7090c] [DisplayControl] Enter MCCSOtherSet::GetVCP(), vcp code = 16
2025/10/21 05:15:32.349 [T:0x7090c] [DisplayControl] Exit MCCSOtherSet::GetVCP()
2025/10/21 05:15:32.349 [T:0x7090c] [DisplayControl] Enter MCCSOtherSet::GetVCP(), vcp code = 16
2025/10/21 05:15:32.489 [T:0x7090c] [DisplayControl] Exit MCCSOtherSet::GetVCP()
2025/10/21 05:15:32.490 [T:0x7090c] [DisplayControl] Enter MCCSOtherSet::GetVCP(), vcp code = 16
2025/10/21 05:15:32.630 [T:0x7090c] [DisplayControl] Exit MCCSOtherSet::GetVCP()
2025/10/21 05:15:32.630 [T:0x7090c] [DisplayControl] Enter MCCSOtherSet::GetVCP(), vcp code = 16
2025/10/21 05:15:32.771 [T:0x7090c] [DisplayControl] Exit MCCSOtherSet::GetVCP()
2025/10/21 05:15:32.771 [T:0x7090c] [DisplayControl] Enter MCCSOtherSet::GetVCP(), vcp code = 16
2025/10/21 05:15:32.911 [T:0x7090c] [DisplayControl] Exit MCCSOtherSet::GetVCP()
2025/10/21 05:15:32.911 [T:0x7090c] [DisplayControl] Enter MCCSOtherSet::GetVCP(), vcp code = 16
2025/10/21 05:15:33.052 [T:0x7090c] [DisplayControl] Exit MCCSOtherSet::GetVCP()
2025/10/21 05:15:33.053 [T:0x7090c] [DisplayControl] Enter MCCSOtherSet::GetVCP(), vcp code = 16
2025/10/21 05:15:33.193 [T:0x7090c] [DisplayControl] Exit MCCSOtherSet::GetVCP()
2025/10/21 05:15:33.193 [T:0x7090c] [DisplayControl] Enter MCCSOtherSet::GetVCP(), vcp code = 16
2025/10/21 05:15:33.334 [T:0x7090c] [DisplayControl] Exit MCCSOtherSet::GetVCP()
2025/10/21 05:15:33.334 [T:0x7090c] [DisplayControl] Enter MCCSOtherSet::GetVCP(), vcp code = 16
2025/10/21 05:15:33.474 [T:0x7090c] [DisplayControl] Exit MCCSOtherSet::GetVCP()
2025/10/21 05:15:33.474 [T:0x7090c] [DisplayControl] Enter MCCSOtherSet::GetVCP(), vcp code = 16
2025/10/21 05:15:33.615 [T:0x7090c] [DisplayControl] Exit MCCSOtherSet::GetVCP()
2025/10/21 05:15:33.615 [T:0x7090c] [DisplayControl] Enter MCCSOtherSet::GetVCP(), vcp code = 16
2025/10/21 05:15:33.756 [T:0x7090c] [DisplayControl] Exit MCCSOtherSet::GetVCP()
2025/10/21 05:15:33.757 [T:0x7090c] [DisplayControl] Enter MCCSOtherSet::GetVCP(), vcp code = 16
2025/10/21 05:15:33.897 [T:0x7090c] [DisplayControl] Exit MCCSOtherSet::GetVCP()
2025/10/21 05:15:33.897 [T:0x7090c] [DisplayControl] Enter MCCSOtherSet::GetVCP(), vcp code = 16
2025/10/21 05:15:34.037 [T:0x7090c] [DisplayControl] Exit MCCSOtherSet::GetVCP()
2025/10/21 05:15:34.037 [T:0x7090c] [DisplayControl] Enter MCCSOtherSet::GetVCP(), vcp code = 16
2025/10/21 05:15:34.178 [T:0x7090c] [DisplayControl] Exit MCCSOtherSet::GetVCP()
2025/10/21 05:15:34.178 [T:0x7090c] [DisplayControl] Enter MCCSOtherSet::GetVCP(), vcp code = 16
2025/10/21 05:15:34.318 [T:0x7090c] [DisplayControl] Exit MCCSOtherSet::GetVCP()
2025/10/21 05:15:34.318 [T:0x7090c] [DisplayControl] Enter MCCSOtherSet::GetVCP(), vcp code = 16
2025/10/21 05:15:34.459 [T:0x7090c] [DisplayControl] Exit MCCSOtherSet::GetVCP()
2025/10/21 05:15:34.565 [T:0x7090c] [DisplayControl] Enter MCCSOtherSet::GetVCP(), vcp code = 51
2025/10/21 05:15:34.646 [T:0x7090c] [DisplayControl] Exit MCCSOtherSet::GetVCP()
2025/10/21 05:15:34.752 [T:0x7090c] [DisplayControl] Enter MCCSOtherSet::GetVCP(), vcp code = 4
2025/10/21 05:15:34.834 [T:0x7090c] [DisplayControl] Exit MCCSOtherSet::GetVCP()
2025/10/21 05:15:34.940 [T:0x7090c] [DisplayControl] Enter MCCSOtherSet::GetVCP(), vcp code = 245
2025/10/21 05:15:35.021 [T:0x7090c] [DisplayControl] Exit MCCSOtherSet::GetVCP()
2025/10/21 05:15:35.127 [T:0x7090c] [DisplayControl] Enter MCCSOtherSet::GetVCP(), vcp code = 96
2025/10/21 05:15:35.209 [T:0x7090c] [DisplayControl] Exit MCCSOtherSet::GetVCP()
2025/10/21 05:15:35.315 [T:0x7090c] [DisplayControl] Enter MCCSOtherSet::GetVCP(), vcp code = 98
2025/10/21 05:15:35.396 [T:0x7090c] [DisplayControl] Exit MCCSOtherSet::GetVCP()
2025/10/21 05:15:35.502 [T:0x7090c] [DisplayControl] Enter MCCSOtherSet::GetVCP(), vcp code = 18
2025/10/21 05:15:35.584 [T:0x7090c] [DisplayControl] Exit MCCSOtherSet::GetVCP()
2025/10/21 05:15:35.584 [T:0x7090c] [DisplayControl] Enter MCCSOtherSet::GetVCP(), vcp code = 18
2025/10/21 05:15:35.724 [T:0x7090c] [DisplayControl] Exit MCCSOtherSet::GetVCP()
2025/10/21 05:15:35.725 [T:0x7090c] [DisplayControl] Enter MCCSOtherSet::GetVCP(), vcp code = 18
2025/10/21 05:15:35.865 [T:0x7090c] [DisplayControl] Exit MCCSOtherSet::GetVCP()
2025/10/21 05:15:35.865 [T:0x7090c] [DisplayControl] Enter MCCSOtherSet::GetVCP(), vcp code = 18
2025/10/21 05:15:36.006 [T:0x7090c] [DisplayControl] Exit MCCSOtherSet::GetVCP()
2025/10/21 05:15:36.006 [T:0x7090c] [DisplayControl] Enter MCCSOtherSet::GetVCP(), vcp code = 18
2025/10/21 05:15:36.146 [T:0x7090c] [DisplayControl] Exit MCCSOtherSet::GetVCP()
2025/10/21 05:15:36.147 [T:0x7090c] [DisplayControl] Enter MCCSOtherSet::GetVCP(), vcp code = 18
2025/10/21 05:15:36.287 [T:0x7090c] [DisplayControl] Exit MCCSOtherSet::GetVCP()
2025/10/21 05:15:36.287 [T:0x7090c] [DisplayControl] Enter MCCSOtherSet::GetVCP(), vcp code = 18
2025/10/21 05:15:36.428 [T:0x7090c] [DisplayControl] Exit MCCSOtherSet::GetVCP()
2025/10/21 05:15:36.428 [T:0x7090c] [DisplayControl] Enter MCCSOtherSet::GetVCP(), vcp code = 18
2025/10/21 05:15:36.568 [T:0x7090c] [DisplayControl] Exit MCCSOtherSet::GetVCP()
2025/10/21 05:15:36.569 [T:0x7090c] [DisplayControl] Enter MCCSOtherSet::GetVCP(), vcp code = 18
2025/10/21 05:15:36.709 [T:0x7090c] [DisplayControl] Exit MCCSOtherSet::GetVCP()
2025/10/21 05:15:36.709 [T:0x7090c] [DisplayControl] Enter MCCSOtherSet::GetVCP(), vcp code = 18
2025/10/21 05:15:36.849 [T:0x7090c] [DisplayControl] Exit MCCSOtherSet::GetVCP()
2025/10/21 05:15:36.850 [T:0x7090c] [DisplayControl] Enter MCCSOtherSet::GetVCP(), vcp code = 18
2025/10/21 05:15:36.990 [T:0x7090c] [DisplayControl] Exit MCCSOtherSet::GetVCP()
2025/10/21 05:15:36.990 [T:0x7090c] [DisplayControl] Enter MCCSOtherSet::GetVCP(), vcp code = 18
2025/10/21 05:15:37.131 [T:0x7090c] [DisplayControl] Exit MCCSOtherSet::GetVCP()
2025/10/21 05:15:37.131 [T:0x7090c] [DisplayControl] Enter MCCSOtherSet::GetVCP(), vcp code = 18
2025/10/21 05:15:37.271 [T:0x7090c] [DisplayControl] Exit MCCSOtherSet::GetVCP()
2025/10/21 05:15:37.272 [T:0x7090c] [DisplayControl] Enter MCCSOtherSet::GetVCP(), vcp code = 18
2025/10/21 05:15:37.412 [T:0x7090c] [DisplayControl] Exit MCCSOtherSet::GetVCP()
2025/10/21 05:15:37.412 [T:0x7090c] [DisplayControl] Enter MCCSOtherSet::GetVCP(), vcp code = 18
2025/10/21 05:15:37.553 [T:0x7090c] [DisplayControl] Exit MCCSOtherSet::GetVCP()
2025/10/21 05:15:37.553 [T:0x7090c] [DisplayControl] Enter MCCSOtherSet::GetVCP(), vcp code = 18
2025/10/21 05:15:37.693 [T:0x7090c] [DisplayControl] Exit MCCSOtherSet::GetVCP()
2025/10/21 05:15:37.693 [T:0x7090c] [DisplayControl] Enter MCCSOtherSet::GetVCP(), vcp code = 18
2025/10/21 05:15:37.834 [T:0x7090c] [DisplayControl] Exit MCCSOtherSet::GetVCP()
2025/10/21 05:15:37.834 [T:0x7090c] [DisplayControl] Enter MCCSOtherSet::GetVCP(), vcp code = 18
2025/10/21 05:15:37.974 [T:0x7090c] [DisplayControl] Exit MCCSOtherSet::GetVCP()
2025/10/21 05:15:37.975 [T:0x7090c] [DisplayControl] Enter MCCSOtherSet::GetVCP(), vcp code = 18
2025/10/21 05:15:38.116 [T:0x7090c] [DisplayControl] Exit MCCSOtherSet::GetVCP()
2025/10/21 05:15:38.116 [T:0x7090c] [DisplayControl] Enter MCCSOtherSet::GetVCP(), vcp code = 18
2025/10/21 05:15:38.256 [T:0x7090c] [DisplayControl] Exit MCCSOtherSet::GetVCP()
2025/10/21 05:15:38.256 [T:0x7090c] [DisplayControl] Enter MCCSOtherSet::GetVCP(), vcp code = 18
2025/10/21 05:15:38.397 [T:0x7090c] [DisplayControl] Exit MCCSOtherSet::GetVCP()
2025/10/21 05:15:38.397 [T:0x7090c] [DisplayControl] Enter MCCSOtherSet::GetVCP(), vcp code = 18
2025/10/21 05:15:38.537 [T:0x7090c] [DisplayControl] Exit MCCSOtherSet::GetVCP()
2025/10/21 05:15:38.537 [T:0x7090c] [DisplayControl] Enter MCCSOtherSet::GetVCP(), vcp code = 18
2025/10/21 05:15:38.678 [T:0x7090c] [DisplayControl] Exit MCCSOtherSet::GetVCP()
2025/10/21 05:15:38.678 [T:0x7090c] [DisplayControl] Enter MCCSOtherSet::GetVCP(), vcp code = 18
2025/10/21 05:15:38.819 [T:0x7090c] [DisplayControl] Exit MCCSOtherSet::GetVCP()
2025/10/21 05:15:38.819 [T:0x7090c] [DisplayControl] Enter MCCSOtherSet::GetVCP(), vcp code = 18
2025/10/21 05:15:38.959 [T:0x7090c] [DisplayControl] Exit MCCSOtherSet::GetVCP()
2025/10/21 05:15:38.959 [T:0x7090c] [DisplayControl] Enter MCCSOtherSet::GetVCP(), vcp code = 18
2025/10/21 05:15:39.099 [T:0x7090c] [DisplayControl] Exit MCCSOtherSet::GetVCP()
2025/10/21 05:15:39.100 [T:0x7090c] [DisplayControl] Enter MCCSOtherSet::GetVCP(), vcp code = 18
2025/10/21 05:15:39.240 [T:0x7090c] [DisplayControl] Exit MCCSOtherSet::GetVCP()
2025/10/21 05:15:39.241 [T:0x7090c] [DisplayControl] Enter MCCSOtherSet::GetVCP(), vcp code = 18
2025/10/21 05:15:39.381 [T:0x7090c] [DisplayControl] Exit MCCSOtherSet::GetVCP()
2025/10/21 05:15:39.381 [T:0x7090c] [DisplayControl] Enter MCCSOtherSet::GetVCP(), vcp code = 18
2025/10/21 05:15:39.521 [T:0x7090c] [DisplayControl] Exit MCCSOtherSet::GetVCP()
2025/10/21 05:15:39.522 [T:0x7090c] [DisplayControl] Enter MCCSOtherSet::GetVCP(), vcp code = 18
2025/10/21 05:15:39.662 [T:0x7090c] [DisplayControl] Exit MCCSOtherSet::GetVCP()
2025/10/21 05:15:39.662 [T:0x7090c] [DisplayControl] Enter MCCSOtherSet::GetVCP(), vcp code = 18
2025/10/21 05:15:39.802 [T:0x7090c] [DisplayControl] Exit MCCSOtherSet::GetVCP()
2025/10/21 05:15:39.803 [T:0x7090c] [DisplayControl] Enter MCCSOtherSet::GetVCP(), vcp code = 18
2025/10/21 05:15:39.943 [T:0x7090c] [DisplayControl] Exit MCCSOtherSet::GetVCP()
2025/10/21 05:15:39.943 [T:0x7090c] [DisplayControl] Enter MCCSOtherSet::GetVCP(), vcp code = 18
2025/10/21 05:15:40.084 [T:0x7090c] [DisplayControl] Exit MCCSOtherSet::GetVCP()
2025/10/21 05:15:40.084 [T:0x7090c] [DisplayControl] Enter MCCSOtherSet::GetVCP(), vcp code = 18
2025/10/21 05:15:40.224 [T:0x7090c] [DisplayControl] Exit MCCSOtherSet::GetVCP()
2025/10/21 05:15:40.225 [T:0x7090c] [DisplayControl] Enter MCCSOtherSet::GetVCP(), vcp code = 18
2025/10/21 05:15:40.365 [T:0x7090c] [DisplayControl] Exit MCCSOtherSet::GetVCP()
2025/10/21 05:15:40.365 [T:0x7090c] [DisplayControl] Enter MCCSOtherSet::GetVCP(), vcp code = 18
2025/10/21 05:15:40.506 [T:0x7090c] [DisplayControl] Exit MCCSOtherSet::GetVCP()
2025/10/21 05:15:40.612 [T:0x7090c] [DisplayControl] Enter MCCSOtherSet::GetVCP(), vcp code = 225
2025/10/21 05:15:40.693 [T:0x7090c] [DisplayControl] Exit MCCSOtherSet::GetVCP()
2025/10/21 05:15:40.799 [T:0x7090c] [DisplayControl] Enter MCCSOtherSet::GetVCP(), vcp code = 43
2025/10/21 05:15:40.881 [T:0x7090c] [DisplayControl] Exit MCCSOtherSet::GetVCP()
2025/10/21 05:15:40.987 [T:0x7090c] [DisplayControl] Enter MCCSOtherSet::GetVCP(), vcp code = 97
2025/10/21 05:15:41.068 [T:0x7090c] [DisplayControl] Exit MCCSOtherSet::GetVCP()
2025/10/21 05:15:41.174 [T:0x7090c] [DisplayControl] Enter MCCSOtherSet::GetVCP(), vcp code = 141
2025/10/21 05:15:41.256 [T:0x7090c] [DisplayControl] Exit MCCSOtherSet::GetVCP()
2025/10/21 05:15:41.362 [T:0x7090c] [DisplayControl] Enter MCCSOtherSet::GetVCP(), vcp code = 20
2025/10/21 05:15:41.443 [T:0x7090c] [DisplayControl] Exit MCCSOtherSet::GetVCP()
2025/10/21 05:15:41.549 [T:0x7090c] [DisplayControl] Enter MCCSOtherSet::GetVCP(), vcp code = 220
2025/10/21 05:15:41.630 [T:0x7090c] [DisplayControl] Exit MCCSOtherSet::GetVCP()
2025/10/21 05:15:45.748 [T:0x7090c] [DisplayControl] Enter MCCSOtherSet::SetVCP(), vcp code = 4
2025/10/21 05:15:46.684 [T:0x7090c] [DisplayControl] Exit MCCSOtherSet::SetVCP()
2025/10/21 05:15:51.810 [T:0x7090c] [DisplayControl] Enter OperationThread::ExitThread
2025/10/21 05:15:51.810 [T:0x7090c] [DisplayControl] Exit OperationThread::ExitThread
2025/10/21 05:15:51.810 [T:0x7090c] [DisplayControl] Enter OperationThread::~OperationThread()
2025/10/21 05:15:51.810 [T:0x7090c] [DisplayControl] Enter OperationThread::ExitThread
2025/10/21 05:15:51.810 [T:0x7090c] [DisplayControl] Enter OperationThread::ExitThread
2025/10/21 05:15:51.810 [T:0x7090c] [DisplayControl] Exit OperationThread::ExitThread
2025/10/21 05:15:51.810 [T:0x7090c] [DisplayControl] Enter OperationThread::~OperationThread()
2025/10/21 05:15:51.810 [T:0x7090c] [DisplayControl] Enter OperationThread::ExitThread
2025/10/21 05:15:51.831 [T:0x7090c] [DbgStr] After calling display_control_client_listener_video_port_.UpdateAllDisplayPath()
2025/10/21 05:15:51.845 [T:0x7090c] [DbgStr] After calling display_control_client_listener_.GetAllDisplayEDID()
2025/10/21 05:15:51.847 [T:0x7090c] [DisplayControl] Version = 3.0.6.0
2025/10/21 05:15:51.847 [T:0x7090c] [DisplayControl] Enter ObtainControlHandler1
2025/10/21 05:15:51.847 [T:0x7090c] [DisplayControl] GetVideoPortCommander
2025/10/21 05:15:51.847 [T:0x7090c] [DisplayControl] GetUSBHubCommander
2025/10/21 05:15:51.847 [T:0x7090c] ====== List p_lpo_display_info_video_port, # of devices is ======2
2025/10/21 05:15:51.847 [T:0x7090c] [DisplayControl] index of p_lpo_display_info_video_port0
2025/10/21 05:15:51.847 [T:0x7090c] [DisplayControl] Model name from VideoPort = VG2458
2025/10/21 05:15:51.847 [T:0x7090c] [DisplayControl] SN from VideoPort = YDJ243400006
2025/10/21 05:15:51.847 [T:0x7090c] [DisplayControl] index of p_lpo_display_info_video_port1
2025/10/21 05:15:51.847 [T:0x7090c] [DisplayControl] Model name from VideoPort = VG275
2025/10/21 05:15:51.847 [T:0x7090c] [DisplayControl] SN from VideoPort = XF6232400003
2025/10/21 05:15:51.847 [T:0x7090c] ====== List p_lpo_display_info_rtd_scalar_rts_hub, # of devices is ======0
2025/10/21 05:15:51.847 [T:0x7090c] [DisplayControl] GetVSRtkHubControlClientListener
2025/10/21 05:15:51.847 [T:0x7090c] [DisplayControl] max monitor count = 2
2025/10/21 05:15:51.847 [T:0x7090c] [DisplayControl] index of display_info_vec = 0
2025/10/21 05:15:51.847 [T:0x7090c] [DisplayControl] index of p_lpo_display_info_video_port = 0
2025/10/21 05:15:51.847 [T:0x7090c] [DisplayControl] VideoPortMatchingRule
2025/10/21 05:15:51.847 [T:0x7090c] [DisplayControl] monitor display_info_model_name = VG2458
2025/10/21 05:15:51.847 [T:0x7090c] [DisplayControl] monitor video_port_model_name = VG2458
2025/10/21 05:15:51.847 [T:0x7090c] [DisplayControl] monitor display_info_sn = YDJ243400006
2025/10/21 05:15:51.847 [T:0x7090c] [DisplayControl] monitor video_port_sn = YDJ243400006
2025/10/21 05:15:51.847 [T:0x7090c] [DisplayControl] model_name_match = 1
2025/10/21 05:15:51.848 [T:0x7090c] [DisplayControl] sn_match = 1
2025/10/21 05:15:51.848 [T:0x7090c] [DisplayControl] video_port is_match = 1
2025/10/21 05:15:51.848 [T:0x7090c] [DisplayControl] index of display_info_vec = 1
2025/10/21 05:15:51.848 [T:0x7090c] [DisplayControl] index of p_lpo_display_info_video_port = 0
2025/10/21 05:15:51.848 [T:0x7090c] [DisplayControl] VideoPortMatchingRule
2025/10/21 05:15:51.848 [T:0x7090c] [DisplayControl] monitor display_info_model_name = VG275
2025/10/21 05:15:51.848 [T:0x7090c] [DisplayControl] monitor video_port_model_name = VG2458
2025/10/21 05:15:51.848 [T:0x7090c] [DisplayControl] monitor display_info_sn = XF6232400003
2025/10/21 05:15:51.848 [T:0x7090c] [DisplayControl] monitor video_port_sn = YDJ243400006
2025/10/21 05:15:51.848 [T:0x7090c] [DisplayControl] model_name_match = 0
2025/10/21 05:15:51.848 [T:0x7090c] [DisplayControl] sn_match = 0
2025/10/21 05:15:51.848 [T:0x7090c] [DisplayControl] video_port is_match = 0
2025/10/21 05:15:51.848 [T:0x7090c] [DisplayControl] index of display_info_vec = 1
2025/10/21 05:15:51.848 [T:0x7090c] [DisplayControl] index of p_lpo_display_info_video_port = 1
2025/10/21 05:15:51.848 [T:0x7090c] [DisplayControl] VideoPortMatchingRule
2025/10/21 05:15:51.848 [T:0x7090c] [DisplayControl] monitor display_info_model_name = VG275
2025/10/21 05:15:51.848 [T:0x7090c] [DisplayControl] monitor video_port_model_name = VG275
2025/10/21 05:15:51.848 [T:0x7090c] [DisplayControl] monitor display_info_sn = XF6232400003
2025/10/21 05:15:51.848 [T:0x7090c] [DisplayControl] monitor video_port_sn = XF6232400003
2025/10/21 05:15:51.848 [T:0x7090c] [DisplayControl] model_name_match = 1
2025/10/21 05:15:51.848 [T:0x7090c] [DisplayControl] sn_match = 1
2025/10/21 05:15:51.848 [T:0x7090c] [DisplayControl] video_port is_match = 1
2025/10/21 05:15:51.848 [T:0x7090c] [DisplayControl] i = 0
2025/10/21 05:15:51.848 [T:0x7090c] [DisplayControl] Enter OperationThread::OperationThread()
2025/10/21 05:15:51.848 [T:0x7090c] [DisplayControl] Enter OperationThread::CreateThread
2025/10/21 05:15:51.848 [T:0x7090c] [DisplayControl] new DisplayFunctioner
2025/10/21 05:15:51.849 [T:0x7090c] [DisplayControl] insert displayer_vector
2025/10/21 05:15:51.849 [T:0x7090c] [DisplayControl] insert modelName_SN_to_Display_map
2025/10/21 05:15:51.849 [T:0x7090c] [DisplayControl] insert device_id_to_Displayer_map_
2025/10/21 05:15:51.849 [T:0x7090c] [DisplayControl] i = 1
2025/10/21 05:15:51.849 [T:0x7090c] [DisplayControl] Enter OperationThread::OperationThread()
2025/10/21 05:15:51.849 [T:0x7090c] [DisplayControl] Enter OperationThread::CreateThread
2025/10/21 05:15:51.849 [T:0x7090c] [DisplayControl] new DisplayFunctioner
2025/10/21 05:15:51.849 [T:0x7090c] [DisplayControl] insert displayer_vector
2025/10/21 05:15:51.849 [T:0x7090c] [DisplayControl] insert modelName_SN_to_Display_map
2025/10/21 05:15:51.849 [T:0x7090c] [DisplayControl] insert device_id_to_Displayer_map_
2025/10/21 05:15:51.849 [T:0x7090c] [DisplayControl] monitor size = 2
2025/10/21 05:15:51.849 [T:0x7090c] [DisplayControl] Exit ObtainControlHandler
2025/10/21 05:15:51.849 [T:0x7090c] [DisplayControl] Enter MCCSOtherSet::GetVCP(), vcp code = 16
2025/10/21 05:15:51.922 [T:0x7090c] [DisplayControl] Exit MCCSOtherSet::GetVCP()
2025/10/21 05:15:51.922 [T:0x7090c] [DisplayControl] Enter MCCSOtherSet::GetVCP(), vcp code = 135
2025/10/21 05:15:52.062 [T:0x7090c] [DisplayControl] Exit MCCSOtherSet::GetVCP()
2025/10/21 05:15:52.168 [T:0x7090c] [DisplayControl] Enter MCCSOtherSet::GetVCP(), vcp code = 16
2025/10/21 05:15:52.250 [T:0x7090c] [DisplayControl] Exit MCCSOtherSet::GetVCP()
2025/10/21 05:15:52.356 [T:0x7090c] [DisplayControl] Enter MCCSOtherSet::GetVCP(), vcp code = 51
2025/10/21 05:15:52.437 [T:0x7090c] [DisplayControl] Exit MCCSOtherSet::GetVCP()
2025/10/21 05:15:52.543 [T:0x7090c] [DisplayControl] Enter MCCSOtherSet::GetVCP(), vcp code = 4
2025/10/21 05:15:52.625 [T:0x7090c] [DisplayControl] Exit MCCSOtherSet::GetVCP()
2025/10/21 05:15:52.731 [T:0x7090c] [DisplayControl] Enter MCCSOtherSet::GetVCP(), vcp code = 245
2025/10/21 05:15:52.813 [T:0x7090c] [DisplayControl] Exit MCCSOtherSet::GetVCP()
2025/10/21 05:15:52.918 [T:0x7090c] [DisplayControl] Enter MCCSOtherSet::GetVCP(), vcp code = 96
2025/10/21 05:15:53.000 [T:0x7090c] [DisplayControl] Exit MCCSOtherSet::GetVCP()
2025/10/21 05:15:53.106 [T:0x7090c] [DisplayControl] Enter MCCSOtherSet::GetVCP(), vcp code = 98
2025/10/21 05:15:53.187 [T:0x7090c] [DisplayControl] Exit MCCSOtherSet::GetVCP()
2025/10/21 05:15:53.293 [T:0x7090c] [DisplayControl] Enter MCCSOtherSet::GetVCP(), vcp code = 18
2025/10/21 05:15:53.375 [T:0x7090c] [DisplayControl] Exit MCCSOtherSet::GetVCP()
2025/10/21 05:15:53.481 [T:0x7090c] [DisplayControl] Enter MCCSOtherSet::GetVCP(), vcp code = 225
2025/10/21 05:15:53.562 [T:0x7090c] [DisplayControl] Exit MCCSOtherSet::GetVCP()
2025/10/21 05:15:53.668 [T:0x7090c] [DisplayControl] Enter MCCSOtherSet::GetVCP(), vcp code = 43
2025/10/21 05:15:53.750 [T:0x7090c] [DisplayControl] Exit MCCSOtherSet::GetVCP()
2025/10/21 05:15:53.856 [T:0x7090c] [DisplayControl] Enter MCCSOtherSet::GetVCP(), vcp code = 97
2025/10/21 05:15:53.937 [T:0x7090c] [DisplayControl] Exit MCCSOtherSet::GetVCP()
2025/10/21 05:15:54.043 [T:0x7090c] [DisplayControl] Enter MCCSOtherSet::GetVCP(), vcp code = 141
2025/10/21 05:15:54.125 [T:0x7090c] [DisplayControl] Exit MCCSOtherSet::GetVCP()
2025/10/21 05:15:54.162 [T:0x59a9d] [DisplayControl] Enter MCCSOtherSet::GetVCP(), vcp code = 96
2025/10/21 05:15:54.233 [T:0x7090c] [DisplayControl] Enter MCCSOtherSet::GetVCP(), vcp code = 20
2025/10/21 05:15:54.299 [T:0x59a9d] [DisplayControl] Exit MCCSOtherSet::GetVCP()
2025/10/21 05:15:54.464 [T:0x7090c] [DisplayControl] Exit MCCSOtherSet::GetVCP()
2025/10/21 05:15:54.565 [T:0x7090c] [DisplayControl] Enter MCCSOtherSet::GetVCP(), vcp code = 220
2025/10/21 05:15:54.760 [T:0x7090c] [DisplayControl] Exit MCCSOtherSet::GetVCP()
2025/10/21 05:15:54.877 [T:0x7090c] [DisplayControl] Enter MCCSOtherSet::GetVCP(), vcp code = 135
2025/10/21 05:15:55.007 [T:0x7090c] [DisplayControl] Exit MCCSOtherSet::GetVCP()
2025/10/21 05:15:55.109 [T:0x7090c] [DisplayControl] Enter MCCSOtherSet::GetVCP(), vcp code = 16
2025/10/21 05:15:55.195 [T:0x7090c] [DisplayControl] Exit MCCSOtherSet::GetVCP()
2025/10/21 05:15:55.297 [T:0x7090c] [DisplayControl] Enter MCCSOtherSet::GetVCP(), vcp code = 51
2025/10/21 05:15:55.382 [T:0x7090c] [DisplayControl] Exit MCCSOtherSet::GetVCP()
2025/10/21 05:15:55.484 [T:0x7090c] [DisplayControl] Enter MCCSOtherSet::GetVCP(), vcp code = 4
2025/10/21 05:15:55.570 [T:0x7090c] [DisplayControl] Exit MCCSOtherSet::GetVCP()
2025/10/21 05:15:55.672 [T:0x7090c] [DisplayControl] Enter MCCSOtherSet::GetVCP(), vcp code = 226
2025/10/21 05:15:55.757 [T:0x7090c] [DisplayControl] Exit MCCSOtherSet::GetVCP()
2025/10/21 05:15:55.860 [T:0x7090c] [DisplayControl] Enter MCCSOtherSet::GetVCP(), vcp code = 236
2025/10/21 05:15:55.945 [T:0x7090c] [DisplayControl] Exit MCCSOtherSet::GetVCP()
2025/10/21 05:15:56.047 [T:0x7090c] [DisplayControl] Enter MCCSOtherSet::GetVCP(), vcp code = 96
2025/10/21 05:15:56.132 [T:0x7090c] [DisplayControl] Exit MCCSOtherSet::GetVCP()
2025/10/21 05:15:56.234 [T:0x7090c] [DisplayControl] Enter MCCSOtherSet::GetVCP(), vcp code = 98
2025/10/21 05:15:56.320 [T:0x7090c] [DisplayControl] Exit MCCSOtherSet::GetVCP()
2025/10/21 05:15:56.422 [T:0x7090c] [DisplayControl] Enter MCCSOtherSet::GetVCP(), vcp code = 18
2025/10/21 05:15:56.507 [T:0x7090c] [DisplayControl] Exit MCCSOtherSet::GetVCP()
2025/10/21 05:15:56.609 [T:0x7090c] [DisplayControl] Enter MCCSOtherSet::GetVCP(), vcp code = 225
2025/10/21 05:15:56.695 [T:0x7090c] [DisplayControl] Exit MCCSOtherSet::GetVCP()
2025/10/21 05:15:56.797 [T:0x7090c] [DisplayControl] Enter MCCSOtherSet::GetVCP(), vcp code = 43
2025/10/21 05:15:56.882 [T:0x7090c] [DisplayControl] Exit MCCSOtherSet::GetVCP()
2025/10/21 05:15:56.985 [T:0x7090c] [DisplayControl] Enter MCCSOtherSet::GetVCP(), vcp code = 97
2025/10/21 05:15:57.070 [T:0x7090c] [DisplayControl] Exit MCCSOtherSet::GetVCP()
2025/10/21 05:15:57.172 [T:0x7090c] [DisplayControl] Enter MCCSOtherSet::GetVCP(), vcp code = 141
2025/10/21 05:15:57.257 [T:0x7090c] [DisplayControl] Exit MCCSOtherSet::GetVCP()
2025/10/21 05:15:57.359 [T:0x7090c] [DisplayControl] Enter MCCSOtherSet::GetVCP(), vcp code = 220
2025/10/21 05:15:57.445 [T:0x7090c] [DisplayControl] Exit MCCSOtherSet::GetVCP()
2025/10/21 05:19:22.444 [T:0xee8ca] [DisplayControl] Enter MCCSOtherSet::SetVCP(), vcp code = 51
2025/10/21 05:19:22.827 [T:0xee8ca] [DisplayControl] Exit MCCSOtherSet::SetVCP()
2025/10/21 05:21:03.203 [T:0x7d814] [DisplayControl] Enter MCCSOtherSet::SetVCP(), vcp code = 96
2025/10/21 05:21:04.029 [T:0x7d814] [DisplayControl] Exit MCCSOtherSet::SetVCP()
2025/10/21 05:21:11.337 [T:0x7d814] [DisplayControl] Enter OperationThread::ExitThread
2025/10/21 05:21:11.338 [T:0x7d814] [DisplayControl] Exit OperationThread::ExitThread
2025/10/21 05:21:11.338 [T:0x7d814] [DisplayControl] Enter OperationThread::~OperationThread()
2025/10/21 05:21:11.338 [T:0x7d814] [DisplayControl] Enter OperationThread::ExitThread
2025/10/21 05:21:11.339 [T:0x7d814] [DisplayControl] Enter OperationThread::ExitThread
2025/10/21 05:21:11.339 [T:0x7d814] [DisplayControl] Exit OperationThread::ExitThread
2025/10/21 05:21:11.340 [T:0x7d814] [DisplayControl] Enter OperationThread::~OperationThread()
2025/10/21 05:21:11.340 [T:0x7d814] [DisplayControl] Enter OperationThread::ExitThread
2025/10/21 05:21:11.411 [T:0x7d814] [DbgStr] After calling display_control_client_listener_video_port_.UpdateAllDisplayPath()
2025/10/21 05:21:11.426 [T:0x7d814] [DbgStr] After calling display_control_client_listener_.GetAllDisplayEDID()
2025/10/21 05:21:11.428 [T:0x7d814] [DisplayControl] Version = 3.0.6.0
2025/10/21 05:21:11.428 [T:0x7d814] [DisplayControl] Enter ObtainControlHandler1
2025/10/21 05:21:11.428 [T:0x7d814] [DisplayControl] GetVideoPortCommander
2025/10/21 05:21:11.428 [T:0x7d814] [DisplayControl] GetUSBHubCommander
2025/10/21 05:21:11.428 [T:0x7d814] ====== List p_lpo_display_info_video_port, # of devices is ======2
2025/10/21 05:21:11.428 [T:0x7d814] [DisplayControl] index of p_lpo_display_info_video_port0
2025/10/21 05:21:11.428 [T:0x7d814] [DisplayControl] Model name from VideoPort = VG2458
2025/10/21 05:21:11.428 [T:0x7d814] [DisplayControl] SN from VideoPort = YDJ243400006
2025/10/21 05:21:11.428 [T:0x7d814] [DisplayControl] index of p_lpo_display_info_video_port1
2025/10/21 05:21:11.428 [T:0x7d814] [DisplayControl] Model name from VideoPort = VG275
2025/10/21 05:21:11.428 [T:0x7d814] [DisplayControl] SN from VideoPort = XF6232400003
2025/10/21 05:21:11.428 [T:0x7d814] ====== List p_lpo_display_info_rtd_scalar_rts_hub, # of devices is ======0
2025/10/21 05:21:11.428 [T:0x7d814] [DisplayControl] GetVSRtkHubControlClientListener
2025/10/21 05:21:11.428 [T:0x7d814] [DisplayControl] max monitor count = 2
2025/10/21 05:21:11.428 [T:0x7d814] [DisplayControl] index of display_info_vec = 0
2025/10/21 05:21:11.428 [T:0x7d814] [DisplayControl] index of p_lpo_display_info_video_port = 0
2025/10/21 05:21:11.429 [T:0x7d814] [DisplayControl] VideoPortMatchingRule
2025/10/21 05:21:11.429 [T:0x7d814] [DisplayControl] monitor display_info_model_name = VG2458
2025/10/21 05:21:11.429 [T:0x7d814] [DisplayControl] monitor video_port_model_name = VG2458
2025/10/21 05:21:11.429 [T:0x7d814] [DisplayControl] monitor display_info_sn = YDJ243400006
2025/10/21 05:21:11.429 [T:0x7d814] [DisplayControl] monitor video_port_sn = YDJ243400006
2025/10/21 05:21:11.429 [T:0x7d814] [DisplayControl] model_name_match = 1
2025/10/21 05:21:11.429 [T:0x7d814] [DisplayControl] sn_match = 1
2025/10/21 05:21:11.429 [T:0x7d814] [DisplayControl] video_port is_match = 1
2025/10/21 05:21:11.429 [T:0x7d814] [DisplayControl] index of display_info_vec = 1
2025/10/21 05:21:11.429 [T:0x7d814] [DisplayControl] index of p_lpo_display_info_video_port = 0
2025/10/21 05:21:11.429 [T:0x7d814] [DisplayControl] VideoPortMatchingRule
2025/10/21 05:21:11.429 [T:0x7d814] [DisplayControl] monitor display_info_model_name = VG275
2025/10/21 05:21:11.429 [T:0x7d814] [DisplayControl] monitor video_port_model_name = VG2458
2025/10/21 05:21:11.429 [T:0x7d814] [DisplayControl] monitor display_info_sn = XF6232400003
2025/10/21 05:21:11.429 [T:0x7d814] [DisplayControl] monitor video_port_sn = YDJ243400006
2025/10/21 05:21:11.429 [T:0x7d814] [DisplayControl] model_name_match = 0
2025/10/21 05:21:11.429 [T:0x7d814] [DisplayControl] sn_match = 0
2025/10/21 05:21:11.429 [T:0x7d814] [DisplayControl] video_port is_match = 0
2025/10/21 05:21:11.429 [T:0x7d814] [DisplayControl] index of display_info_vec = 1
2025/10/21 05:21:11.429 [T:0x7d814] [DisplayControl] index of p_lpo_display_info_video_port = 1
2025/10/21 05:21:11.429 [T:0x7d814] [DisplayControl] VideoPortMatchingRule
2025/10/21 05:21:11.429 [T:0x7d814] [DisplayControl] monitor display_info_model_name = VG275
2025/10/21 05:21:11.429 [T:0x7d814] [DisplayControl] monitor video_port_model_name = VG275
2025/10/21 05:21:11.429 [T:0x7d814] [DisplayControl] monitor display_info_sn = XF6232400003
2025/10/21 05:21:11.429 [T:0x7d814] [DisplayControl] monitor video_port_sn = XF6232400003
2025/10/21 05:21:11.429 [T:0x7d814] [DisplayControl] model_name_match = 1
2025/10/21 05:21:11.429 [T:0x7d814] [DisplayControl] sn_match = 1
2025/10/21 05:21:11.430 [T:0x7d814] [DisplayControl] video_port is_match = 1
2025/10/21 05:21:11.430 [T:0x7d814] [DisplayControl] i = 0
2025/10/21 05:21:11.430 [T:0x7d814] [DisplayControl] Enter OperationThread::OperationThread()
2025/10/21 05:21:11.430 [T:0x7d814] [DisplayControl] Enter OperationThread::CreateThread
2025/10/21 05:21:11.430 [T:0x7d814] [DisplayControl] new DisplayFunctioner
2025/10/21 05:21:11.430 [T:0x7d814] [DisplayControl] insert displayer_vector
2025/10/21 05:21:11.430 [T:0x7d814] [DisplayControl] insert modelName_SN_to_Display_map
2025/10/21 05:21:11.430 [T:0x7d814] [DisplayControl] insert device_id_to_Displayer_map_
2025/10/21 05:21:11.430 [T:0x7d814] [DisplayControl] i = 1
2025/10/21 05:21:11.430 [T:0x7d814] [DisplayControl] Enter OperationThread::OperationThread()
2025/10/21 05:21:11.430 [T:0x7d814] [DisplayControl] Enter OperationThread::CreateThread
2025/10/21 05:21:11.430 [T:0x7d814] [DisplayControl] new DisplayFunctioner
2025/10/21 05:21:11.430 [T:0x7d814] [DisplayControl] insert displayer_vector
2025/10/21 05:21:11.430 [T:0x7d814] [DisplayControl] insert modelName_SN_to_Display_map
2025/10/21 05:21:11.430 [T:0x7d814] [DisplayControl] insert device_id_to_Displayer_map_
2025/10/21 05:21:11.430 [T:0x7d814] [DisplayControl] monitor size = 2
2025/10/21 05:21:11.430 [T:0x7d814] [DisplayControl] Exit ObtainControlHandler
2025/10/21 05:21:11.430 [T:0x7d814] [DisplayControl] Enter MCCSOtherSet::GetVCP(), vcp code = 96
2025/10/21 05:21:11.509 [T:0x7d814] [DisplayControl] Exit MCCSOtherSet::GetVCP()
2025/10/21 05:21:11.792 [T:0x7d814] [DisplayControl] Enter MCCSOtherSet::GetVCP(), vcp code = 96
2025/10/21 05:21:11.872 [T:0x7d814] [DisplayControl] Exit MCCSOtherSet::GetVCP()
2025/10/21 05:21:12.155 [T:0x7d814] [DisplayControl] Enter MCCSOtherSet::SetVCP(), vcp code = 51
2025/10/21 05:21:12.462 [T:0x7d814] [DisplayControl] Exit MCCSOtherSet::SetVCP()
2025/10/21 05:21:12.462 [T:0x7d814] [DisplayControl] Enter MCCSOtherSet::SetVCP(), vcp code = 51
2025/10/21 05:21:12.622 [T:0x7d814] [DisplayControl] Exit MCCSOtherSet::SetVCP()
2025/10/21 05:21:12.623 [T:0x7d814] [DisplayControl] Enter MCCSOtherSet::GetVCP(), vcp code = 135
2025/10/21 05:21:12.696 [T:0x7d814] [DisplayControl] Exit MCCSOtherSet::GetVCP()
2025/10/21 05:21:12.802 [T:0x7d814] [DisplayControl] Enter MCCSOtherSet::GetVCP(), vcp code = 16
2025/10/21 05:21:12.884 [T:0x7d814] [DisplayControl] Exit MCCSOtherSet::GetVCP()
2025/10/21 05:21:12.990 [T:0x7d814] [DisplayControl] Enter MCCSOtherSet::GetVCP(), vcp code = 51
2025/10/21 05:21:13.071 [T:0x7d814] [DisplayControl] Exit MCCSOtherSet::GetVCP()
2025/10/21 05:21:13.177 [T:0x7d814] [DisplayControl] Enter MCCSOtherSet::GetVCP(), vcp code = 4
2025/10/21 05:21:13.259 [T:0x7d814] [DisplayControl] Exit MCCSOtherSet::GetVCP()
2025/10/21 05:21:13.365 [T:0x7d814] [DisplayControl] Enter MCCSOtherSet::GetVCP(), vcp code = 245
2025/10/21 05:21:13.446 [T:0x7d814] [DisplayControl] Exit MCCSOtherSet::GetVCP()
2025/10/21 05:21:13.552 [T:0x7d814] [DisplayControl] Enter MCCSOtherSet::GetVCP(), vcp code = 96
2025/10/21 05:21:13.634 [T:0x7d814] [DisplayControl] Exit MCCSOtherSet::GetVCP()
2025/10/21 05:21:13.740 [T:0x7d814] [DisplayControl] Enter MCCSOtherSet::GetVCP(), vcp code = 98
2025/10/21 05:21:13.822 [T:0x7d814] [DisplayControl] Exit MCCSOtherSet::GetVCP()
2025/10/21 05:21:13.927 [T:0x7d814] [DisplayControl] Enter MCCSOtherSet::GetVCP(), vcp code = 18
2025/10/21 05:21:14.009 [T:0x7d814] [DisplayControl] Exit MCCSOtherSet::GetVCP()
2025/10/21 05:21:14.115 [T:0x7d814] [DisplayControl] Enter MCCSOtherSet::GetVCP(), vcp code = 225
2025/10/21 05:21:14.196 [T:0x7d814] [DisplayControl] Exit MCCSOtherSet::GetVCP()
2025/10/21 05:21:14.302 [T:0x7d814] [DisplayControl] Enter MCCSOtherSet::GetVCP(), vcp code = 43
2025/10/21 05:21:14.384 [T:0x7d814] [DisplayControl] Exit MCCSOtherSet::GetVCP()
2025/10/21 05:21:14.490 [T:0x7d814] [DisplayControl] Enter MCCSOtherSet::GetVCP(), vcp code = 97
2025/10/21 05:21:14.571 [T:0x7d814] [DisplayControl] Exit MCCSOtherSet::GetVCP()
2025/10/21 05:21:14.677 [T:0x7d814] [DisplayControl] Enter MCCSOtherSet::GetVCP(), vcp code = 141
2025/10/21 05:21:14.759 [T:0x7d814] [DisplayControl] Exit MCCSOtherSet::GetVCP()
2025/10/21 05:21:14.865 [T:0x7d814] [DisplayControl] Enter MCCSOtherSet::GetVCP(), vcp code = 20
2025/10/21 05:21:14.946 [T:0x7d814] [DisplayControl] Exit MCCSOtherSet::GetVCP()
2025/10/21 05:21:15.052 [T:0x7d814] [DisplayControl] Enter MCCSOtherSet::GetVCP(), vcp code = 220
2025/10/21 05:21:15.134 [T:0x7d814] [DisplayControl] Exit MCCSOtherSet::GetVCP()
2025/10/21 05:21:15.240 [T:0x7d814] [DisplayControl] Enter MCCSOtherSet::GetVCP(), vcp code = 135
2025/10/21 05:21:15.325 [T:0x7d814] [DisplayControl] Exit MCCSOtherSet::GetVCP()
2025/10/21 05:21:15.427 [T:0x7d814] [DisplayControl] Enter MCCSOtherSet::GetVCP(), vcp code = 16
2025/10/21 05:21:15.513 [T:0x7d814] [DisplayControl] Exit MCCSOtherSet::GetVCP()
2025/10/21 05:21:15.615 [T:0x7d814] [DisplayControl] Enter MCCSOtherSet::GetVCP(), vcp code = 51
2025/10/21 05:21:15.700 [T:0x7d814] [DisplayControl] Exit MCCSOtherSet::GetVCP()
2025/10/21 05:21:15.802 [T:0x7d814] [DisplayControl] Enter MCCSOtherSet::GetVCP(), vcp code = 4
2025/10/21 05:21:15.888 [T:0x7d814] [DisplayControl] Exit MCCSOtherSet::GetVCP()
2025/10/21 05:21:15.990 [T:0x7d814] [DisplayControl] Enter MCCSOtherSet::GetVCP(), vcp code = 226
2025/10/21 05:21:16.075 [T:0x7d814] [DisplayControl] Exit MCCSOtherSet::GetVCP()
2025/10/21 05:21:16.177 [T:0x7d814] [DisplayControl] Enter MCCSOtherSet::GetVCP(), vcp code = 236
2025/10/21 05:21:16.263 [T:0x7d814] [DisplayControl] Exit MCCSOtherSet::GetVCP()
2025/10/21 05:21:16.365 [T:0x7d814] [DisplayControl] Enter MCCSOtherSet::GetVCP(), vcp code = 96
2025/10/21 05:21:16.450 [T:0x7d814] [DisplayControl] Exit MCCSOtherSet::GetVCP()
2025/10/21 05:21:16.552 [T:0x7d814] [DisplayControl] Enter MCCSOtherSet::GetVCP(), vcp code = 98
2025/10/21 05:21:16.638 [T:0x7d814] [DisplayControl] Exit MCCSOtherSet::GetVCP()
2025/10/21 05:21:16.739 [T:0x7d814] [DisplayControl] Enter MCCSOtherSet::GetVCP(), vcp code = 18
2025/10/21 05:21:16.825 [T:0x7d814] [DisplayControl] Exit MCCSOtherSet::GetVCP()
2025/10/21 05:21:16.927 [T:0x7d814] [DisplayControl] Enter MCCSOtherSet::GetVCP(), vcp code = 225
2025/10/21 05:21:17.012 [T:0x7d814] [DisplayControl] Exit MCCSOtherSet::GetVCP()
2025/10/21 05:21:17.114 [T:0x7d814] [DisplayControl] Enter MCCSOtherSet::GetVCP(), vcp code = 43
2025/10/21 05:21:17.201 [T:0x7d814] [DisplayControl] Exit MCCSOtherSet::GetVCP()
2025/10/21 05:21:17.302 [T:0x7d814] [DisplayControl] Enter MCCSOtherSet::GetVCP(), vcp code = 97
2025/10/21 05:21:17.388 [T:0x7d814] [DisplayControl] Exit MCCSOtherSet::GetVCP()
2025/10/21 05:21:17.489 [T:0x7d814] [DisplayControl] Enter MCCSOtherSet::GetVCP(), vcp code = 141
2025/10/21 05:21:17.575 [T:0x7d814] [DisplayControl] Exit MCCSOtherSet::GetVCP()
2025/10/21 05:21:17.677 [T:0x7d814] [DisplayControl] Enter MCCSOtherSet::GetVCP(), vcp code = 220
2025/10/21 05:21:17.763 [T:0x7d814] [DisplayControl] Exit MCCSOtherSet::GetVCP()
2025/10/21 05:21:17.874 [T:0x7d814] [DisplayControl] Enter MCCSOtherSet::SetVCP(), vcp code = 51
2025/10/21 05:21:18.061 [T:0x7d814] [DisplayControl] Exit MCCSOtherSet::SetVCP()
2025/10/21 05:21:18.073 [T:0x59a9d] [DisplayControl] Enter MCCSOtherSet::GetVCP(), vcp code = 96
2025/10/21 05:21:18.239 [T:0x59a9d] [DisplayControl] Exit MCCSOtherSet::GetVCP()
2025/10/21 05:23:03.190 [T:0xc79a9] [DisplayControl] Enter MCCSOtherSet::SetVCP(), vcp code = 51
2025/10/21 05:23:03.528 [T:0xc79a9] [DisplayControl] Exit MCCSOtherSet::SetVCP()
2025/10/21 05:23:21.652 [T:0xc79a9] [DisplayControl] Enter MCCSOtherSet::SetVCP(), vcp code = 96
2025/10/21 05:23:22.283 [T:0xc79a9] [DisplayControl] Exit MCCSOtherSet::SetVCP()
2025/10/21 05:23:29.087 [T:0xc79a9] [DisplayControl] Enter OperationThread::ExitThread
2025/10/21 05:23:29.088 [T:0xc79a9] [DisplayControl] Exit OperationThread::ExitThread
2025/10/21 05:23:29.088 [T:0xc79a9] [DisplayControl] Enter OperationThread::~OperationThread()
2025/10/21 05:23:29.089 [T:0xc79a9] [DisplayControl] Enter OperationThread::ExitThread
2025/10/21 05:23:29.089 [T:0xc79a9] [DisplayControl] Enter OperationThread::ExitThread
2025/10/21 05:23:29.089 [T:0xc79a9] [DisplayControl] Exit OperationThread::ExitThread
2025/10/21 05:23:29.090 [T:0xc79a9] [DisplayControl] Enter OperationThread::~OperationThread()
2025/10/21 05:23:29.090 [T:0xc79a9] [DisplayControl] Enter OperationThread::ExitThread
2025/10/21 05:23:29.137 [T:0xc79a9] [DbgStr] After calling display_control_client_listener_video_port_.UpdateAllDisplayPath()
2025/10/21 05:23:29.151 [T:0xc79a9] [DbgStr] After calling display_control_client_listener_.GetAllDisplayEDID()
2025/10/21 05:23:29.153 [T:0xc79a9] [DisplayControl] Version = 3.0.6.0
2025/10/21 05:23:29.153 [T:0xc79a9] [DisplayControl] Enter ObtainControlHandler1
2025/10/21 05:23:29.153 [T:0xc79a9] [DisplayControl] GetVideoPortCommander
2025/10/21 05:23:29.153 [T:0xc79a9] [DisplayControl] GetUSBHubCommander
2025/10/21 05:23:29.153 [T:0xc79a9] ====== List p_lpo_display_info_video_port, # of devices is ======2
2025/10/21 05:23:29.153 [T:0xc79a9] [DisplayControl] index of p_lpo_display_info_video_port0
2025/10/21 05:23:29.153 [T:0xc79a9] [DisplayControl] Model name from VideoPort = VG2458
2025/10/21 05:23:29.153 [T:0xc79a9] [DisplayControl] SN from VideoPort = YDJ243400006
2025/10/21 05:23:29.153 [T:0xc79a9] [DisplayControl] index of p_lpo_display_info_video_port1
2025/10/21 05:23:29.153 [T:0xc79a9] [DisplayControl] Model name from VideoPort = VG275
2025/10/21 05:23:29.153 [T:0xc79a9] [DisplayControl] SN from VideoPort = XF6232400003
2025/10/21 05:23:29.153 [T:0xc79a9] ====== List p_lpo_display_info_rtd_scalar_rts_hub, # of devices is ======0
2025/10/21 05:23:29.153 [T:0xc79a9] [DisplayControl] GetVSRtkHubControlClientListener
2025/10/21 05:23:29.153 [T:0xc79a9] [DisplayControl] max monitor count = 2
2025/10/21 05:23:29.153 [T:0xc79a9] [DisplayControl] index of display_info_vec = 0
2025/10/21 05:23:29.153 [T:0xc79a9] [DisplayControl] index of p_lpo_display_info_video_port = 0
2025/10/21 05:23:29.153 [T:0xc79a9] [DisplayControl] VideoPortMatchingRule
2025/10/21 05:23:29.153 [T:0xc79a9] [DisplayControl] monitor display_info_model_name = VG2458
2025/10/21 05:23:29.153 [T:0xc79a9] [DisplayControl] monitor video_port_model_name = VG2458
2025/10/21 05:23:29.153 [T:0xc79a9] [DisplayControl] monitor display_info_sn = YDJ243400006
2025/10/21 05:23:29.153 [T:0xc79a9] [DisplayControl] monitor video_port_sn = YDJ243400006
2025/10/21 05:23:29.153 [T:0xc79a9] [DisplayControl] model_name_match = 1
2025/10/21 05:23:29.154 [T:0xc79a9] [DisplayControl] sn_match = 1
2025/10/21 05:23:29.154 [T:0xc79a9] [DisplayControl] video_port is_match = 1
2025/10/21 05:23:29.154 [T:0xc79a9] [DisplayControl] index of display_info_vec = 1
2025/10/21 05:23:29.154 [T:0xc79a9] [DisplayControl] index of p_lpo_display_info_video_port = 0
2025/10/21 05:23:29.154 [T:0xc79a9] [DisplayControl] VideoPortMatchingRule
2025/10/21 05:23:29.154 [T:0xc79a9] [DisplayControl] monitor display_info_model_name = VG275
2025/10/21 05:23:29.154 [T:0xc79a9] [DisplayControl] monitor video_port_model_name = VG2458
2025/10/21 05:23:29.154 [T:0xc79a9] [DisplayControl] monitor display_info_sn = XF6232400003
2025/10/21 05:23:29.154 [T:0xc79a9] [DisplayControl] monitor video_port_sn = YDJ243400006
2025/10/21 05:23:29.154 [T:0xc79a9] [DisplayControl] model_name_match = 0
2025/10/21 05:23:29.154 [T:0xc79a9] [DisplayControl] sn_match = 0
2025/10/21 05:23:29.154 [T:0xc79a9] [DisplayControl] video_port is_match = 0
2025/10/21 05:23:29.154 [T:0xc79a9] [DisplayControl] index of display_info_vec = 1
2025/10/21 05:23:29.154 [T:0xc79a9] [DisplayControl] index of p_lpo_display_info_video_port = 1
2025/10/21 05:23:29.154 [T:0xc79a9] [DisplayControl] VideoPortMatchingRule
2025/10/21 05:23:29.154 [T:0xc79a9] [DisplayControl] monitor display_info_model_name = VG275
2025/10/21 05:23:29.154 [T:0xc79a9] [DisplayControl] monitor video_port_model_name = VG275
2025/10/21 05:23:29.154 [T:0xc79a9] [DisplayControl] monitor display_info_sn = XF6232400003
2025/10/21 05:23:29.154 [T:0xc79a9] [DisplayControl] monitor video_port_sn = XF6232400003
2025/10/21 05:23:29.154 [T:0xc79a9] [DisplayControl] model_name_match = 1
2025/10/21 05:23:29.154 [T:0xc79a9] [DisplayControl] sn_match = 1
2025/10/21 05:23:29.154 [T:0xc79a9] [DisplayControl] video_port is_match = 1
2025/10/21 05:23:29.154 [T:0xc79a9] [DisplayControl] i = 0
2025/10/21 05:23:29.154 [T:0xc79a9] [DisplayControl] Enter OperationThread::OperationThread()
2025/10/21 05:23:29.154 [T:0xc79a9] [DisplayControl] Enter OperationThread::CreateThread
2025/10/21 05:23:29.154 [T:0xc79a9] [DisplayControl] new DisplayFunctioner
2025/10/21 05:23:29.155 [T:0xc79a9] [DisplayControl] insert displayer_vector
2025/10/21 05:23:29.155 [T:0xc79a9] [DisplayControl] insert modelName_SN_to_Display_map
2025/10/21 05:23:29.155 [T:0xc79a9] [DisplayControl] insert device_id_to_Displayer_map_
2025/10/21 05:23:29.155 [T:0xc79a9] [DisplayControl] i = 1
2025/10/21 05:23:29.155 [T:0xc79a9] [DisplayControl] Enter OperationThread::OperationThread()
2025/10/21 05:23:29.155 [T:0xc79a9] [DisplayControl] Enter OperationThread::CreateThread
2025/10/21 05:23:29.155 [T:0xc79a9] [DisplayControl] new DisplayFunctioner
2025/10/21 05:23:29.155 [T:0xc79a9] [DisplayControl] insert displayer_vector
2025/10/21 05:23:29.155 [T:0xc79a9] [DisplayControl] insert modelName_SN_to_Display_map
2025/10/21 05:23:29.155 [T:0xc79a9] [DisplayControl] insert device_id_to_Displayer_map_
2025/10/21 05:23:29.155 [T:0xc79a9] [DisplayControl] monitor size = 2
2025/10/21 05:23:29.155 [T:0xc79a9] [DisplayControl] Exit ObtainControlHandler
2025/10/21 05:23:29.155 [T:0xc79a9] [DisplayControl] Enter MCCSOtherSet::GetVCP(), vcp code = 96
2025/10/21 05:23:29.226 [T:0xc79a9] [DisplayControl] Exit MCCSOtherSet::GetVCP()
2025/10/21 05:23:29.508 [T:0xc79a9] [DisplayControl] Enter MCCSOtherSet::GetVCP(), vcp code = 96
2025/10/21 05:23:29.589 [T:0xc79a9] [DisplayControl] Exit MCCSOtherSet::GetVCP()
2025/10/21 05:23:29.872 [T:0xc79a9] [DisplayControl] Enter MCCSOtherSet::SetVCP(), vcp code = 51
2025/10/21 05:23:30.179 [T:0xc79a9] [DisplayControl] Exit MCCSOtherSet::SetVCP()
2025/10/21 05:23:30.179 [T:0xc79a9] [DisplayControl] Enter MCCSOtherSet::SetVCP(), vcp code = 51
2025/10/21 05:23:30.339 [T:0xc79a9] [DisplayControl] Exit MCCSOtherSet::SetVCP()
2025/10/21 05:23:30.340 [T:0xc79a9] [DisplayControl] Enter MCCSOtherSet::GetVCP(), vcp code = 135
2025/10/21 05:23:30.413 [T:0xc79a9] [DisplayControl] Exit MCCSOtherSet::GetVCP()
2025/10/21 05:23:30.520 [T:0xc79a9] [DisplayControl] Enter MCCSOtherSet::GetVCP(), vcp code = 16
2025/10/21 05:23:30.601 [T:0xc79a9] [DisplayControl] Exit MCCSOtherSet::GetVCP()
2025/10/21 05:23:30.707 [T:0xc79a9] [DisplayControl] Enter MCCSOtherSet::GetVCP(), vcp code = 51
2025/10/21 05:23:30.789 [T:0xc79a9] [DisplayControl] Exit MCCSOtherSet::GetVCP()
2025/10/21 05:23:30.895 [T:0xc79a9] [DisplayControl] Enter MCCSOtherSet::GetVCP(), vcp code = 4
2025/10/21 05:23:30.976 [T:0xc79a9] [DisplayControl] Exit MCCSOtherSet::GetVCP()
2025/10/21 05:23:31.082 [T:0xc79a9] [DisplayControl] Enter MCCSOtherSet::GetVCP(), vcp code = 245
2025/10/21 05:23:31.164 [T:0xc79a9] [DisplayControl] Exit MCCSOtherSet::GetVCP()
2025/10/21 05:23:31.270 [T:0xc79a9] [DisplayControl] Enter MCCSOtherSet::GetVCP(), vcp code = 96
2025/10/21 05:23:31.351 [T:0xc79a9] [DisplayControl] Exit MCCSOtherSet::GetVCP()
2025/10/21 05:23:31.457 [T:0xc79a9] [DisplayControl] Enter MCCSOtherSet::GetVCP(), vcp code = 98
2025/10/21 05:23:31.539 [T:0xc79a9] [DisplayControl] Exit MCCSOtherSet::GetVCP()
2025/10/21 05:23:31.645 [T:0xc79a9] [DisplayControl] Enter MCCSOtherSet::GetVCP(), vcp code = 18
2025/10/21 05:23:31.726 [T:0xc79a9] [DisplayControl] Exit MCCSOtherSet::GetVCP()
2025/10/21 05:23:31.832 [T:0xc79a9] [DisplayControl] Enter MCCSOtherSet::GetVCP(), vcp code = 225
2025/10/21 05:23:31.913 [T:0xc79a9] [DisplayControl] Exit MCCSOtherSet::GetVCP()
2025/10/21 05:23:32.019 [T:0xc79a9] [DisplayControl] Enter MCCSOtherSet::GetVCP(), vcp code = 43
2025/10/21 05:23:32.101 [T:0xc79a9] [DisplayControl] Exit MCCSOtherSet::GetVCP()
2025/10/21 05:23:32.207 [T:0xc79a9] [DisplayControl] Enter MCCSOtherSet::GetVCP(), vcp code = 97
2025/10/21 05:23:32.288 [T:0xc79a9] [DisplayControl] Exit MCCSOtherSet::GetVCP()
2025/10/21 05:23:32.395 [T:0xc79a9] [DisplayControl] Enter MCCSOtherSet::GetVCP(), vcp code = 141
2025/10/21 05:23:32.476 [T:0xc79a9] [DisplayControl] Exit MCCSOtherSet::GetVCP()
2025/10/21 05:23:32.582 [T:0xc79a9] [DisplayControl] Enter MCCSOtherSet::GetVCP(), vcp code = 20
2025/10/21 05:23:32.663 [T:0xc79a9] [DisplayControl] Exit MCCSOtherSet::GetVCP()
2025/10/21 05:23:32.770 [T:0xc79a9] [DisplayControl] Enter MCCSOtherSet::GetVCP(), vcp code = 220
2025/10/21 05:23:32.851 [T:0xc79a9] [DisplayControl] Exit MCCSOtherSet::GetVCP()
2025/10/21 05:23:32.957 [T:0xc79a9] [DisplayControl] Enter MCCSOtherSet::GetVCP(), vcp code = 135
2025/10/21 05:23:33.042 [T:0xc79a9] [DisplayControl] Exit MCCSOtherSet::GetVCP()
2025/10/21 05:23:33.144 [T:0xc79a9] [DisplayControl] Enter MCCSOtherSet::GetVCP(), vcp code = 16
2025/10/21 05:23:33.230 [T:0xc79a9] [DisplayControl] Exit MCCSOtherSet::GetVCP()
2025/10/21 05:23:33.332 [T:0xc79a9] [DisplayControl] Enter MCCSOtherSet::GetVCP(), vcp code = 51
2025/10/21 05:23:33.417 [T:0xc79a9] [DisplayControl] Exit MCCSOtherSet::GetVCP()
2025/10/21 05:23:33.520 [T:0xc79a9] [DisplayControl] Enter MCCSOtherSet::GetVCP(), vcp code = 4
2025/10/21 05:23:33.605 [T:0xc79a9] [DisplayControl] Exit MCCSOtherSet::GetVCP()
2025/10/21 05:23:33.707 [T:0xc79a9] [DisplayControl] Enter MCCSOtherSet::GetVCP(), vcp code = 226
2025/10/21 05:23:33.792 [T:0xc79a9] [DisplayControl] Exit MCCSOtherSet::GetVCP()
2025/10/21 05:23:33.894 [T:0xc79a9] [DisplayControl] Enter MCCSOtherSet::GetVCP(), vcp code = 236
2025/10/21 05:23:33.981 [T:0xc79a9] [DisplayControl] Exit MCCSOtherSet::GetVCP()
2025/10/21 05:23:34.082 [T:0xc79a9] [DisplayControl] Enter MCCSOtherSet::GetVCP(), vcp code = 96
2025/10/21 05:23:34.167 [T:0xc79a9] [DisplayControl] Exit MCCSOtherSet::GetVCP()
2025/10/21 05:23:34.269 [T:0xc79a9] [DisplayControl] Enter MCCSOtherSet::GetVCP(), vcp code = 98
2025/10/21 05:23:34.355 [T:0xc79a9] [DisplayControl] Exit MCCSOtherSet::GetVCP()
2025/10/21 05:23:34.457 [T:0xc79a9] [DisplayControl] Enter MCCSOtherSet::GetVCP(), vcp code = 18
2025/10/21 05:23:34.542 [T:0xc79a9] [DisplayControl] Exit MCCSOtherSet::GetVCP()
2025/10/21 05:23:34.644 [T:0xc79a9] [DisplayControl] Enter MCCSOtherSet::GetVCP(), vcp code = 225
2025/10/21 05:23:34.730 [T:0xc79a9] [DisplayControl] Exit MCCSOtherSet::GetVCP()
2025/10/21 05:23:34.832 [T:0xc79a9] [DisplayControl] Enter MCCSOtherSet::GetVCP(), vcp code = 43
2025/10/21 05:23:34.918 [T:0xc79a9] [DisplayControl] Exit MCCSOtherSet::GetVCP()
2025/10/21 05:23:35.020 [T:0xc79a9] [DisplayControl] Enter MCCSOtherSet::GetVCP(), vcp code = 97
2025/10/21 05:23:35.105 [T:0xc79a9] [DisplayControl] Exit MCCSOtherSet::GetVCP()
2025/10/21 05:23:35.207 [T:0xc79a9] [DisplayControl] Enter MCCSOtherSet::GetVCP(), vcp code = 141
2025/10/21 05:23:35.292 [T:0xc79a9] [DisplayControl] Exit MCCSOtherSet::GetVCP()
2025/10/21 05:23:35.394 [T:0xc79a9] [DisplayControl] Enter MCCSOtherSet::GetVCP(), vcp code = 220
2025/10/21 05:23:35.480 [T:0xc79a9] [DisplayControl] Exit MCCSOtherSet::GetVCP()
2025/10/21 05:23:35.591 [T:0xc79a9] [DisplayControl] Enter MCCSOtherSet::SetVCP(), vcp code = 51
2025/10/21 05:23:35.734 [T:0xc79a9] [DisplayControl] Exit MCCSOtherSet::SetVCP()
2025/10/21 05:23:35.770 [T:0x59a9d] [DisplayControl] Enter MCCSOtherSet::GetVCP(), vcp code = 96
2025/10/21 05:23:35.902 [T:0x59a9d] [DisplayControl] Exit MCCSOtherSet::GetVCP()
2025/10/21 05:25:22.050 [T:0x0a7f4] [DisplayControl] Enter MCCSOtherSet::SetVCP(), vcp code = 51
2025/10/21 05:25:22.231 [T:0x0a7f4] [DisplayControl] Exit MCCSOtherSet::SetVCP()
2025/10/21 05:25:40.512 [T:0x0a7f4] [DisplayControl] Enter MCCSOtherSet::SetVCP(), vcp code = 96
2025/10/21 05:25:41.154 [T:0x0a7f4] [DisplayControl] Exit MCCSOtherSet::SetVCP()
2025/10/21 05:25:47.965 [T:0x0a7f4] [DisplayControl] Enter OperationThread::ExitThread
2025/10/21 05:25:47.966 [T:0x0a7f4] [DisplayControl] Exit OperationThread::ExitThread
2025/10/21 05:25:47.966 [T:0x0a7f4] [DisplayControl] Enter OperationThread::~OperationThread()
2025/10/21 05:25:47.967 [T:0x0a7f4] [DisplayControl] Enter OperationThread::ExitThread
2025/10/21 05:25:47.967 [T:0x0a7f4] [DisplayControl] Enter OperationThread::ExitThread
2025/10/21 05:25:47.968 [T:0x0a7f4] [DisplayControl] Exit OperationThread::ExitThread
2025/10/21 05:25:47.968 [T:0x0a7f4] [DisplayControl] Enter OperationThread::~OperationThread()
2025/10/21 05:25:47.968 [T:0x0a7f4] [DisplayControl] Enter OperationThread::ExitThread
2025/10/21 05:25:48.025 [T:0x0a7f4] [DbgStr] After calling display_control_client_listener_video_port_.UpdateAllDisplayPath()
2025/10/21 05:25:48.039 [T:0x0a7f4] [DbgStr] After calling display_control_client_listener_.GetAllDisplayEDID()
2025/10/21 05:25:48.040 [T:0x0a7f4] [DisplayControl] Version = 3.0.6.0
2025/10/21 05:25:48.040 [T:0x0a7f4] [DisplayControl] Enter ObtainControlHandler1
2025/10/21 05:25:48.040 [T:0x0a7f4] [DisplayControl] GetVideoPortCommander
2025/10/21 05:25:48.040 [T:0x0a7f4] [DisplayControl] GetUSBHubCommander
2025/10/21 05:25:48.041 [T:0x0a7f4] ====== List p_lpo_display_info_video_port, # of devices is ======2
2025/10/21 05:25:48.041 [T:0x0a7f4] [DisplayControl] index of p_lpo_display_info_video_port0
2025/10/21 05:25:48.041 [T:0x0a7f4] [DisplayControl] Model name from VideoPort = VG2458
2025/10/21 05:25:48.041 [T:0x0a7f4] [DisplayControl] SN from VideoPort = YDJ243400006
2025/10/21 05:25:48.041 [T:0x0a7f4] [DisplayControl] index of p_lpo_display_info_video_port1
2025/10/21 05:25:48.041 [T:0x0a7f4] [DisplayControl] Model name from VideoPort = VG275
2025/10/21 05:25:48.041 [T:0x0a7f4] [DisplayControl] SN from VideoPort = XF6232400003
2025/10/21 05:25:48.041 [T:0x0a7f4] ====== List p_lpo_display_info_rtd_scalar_rts_hub, # of devices is ======0
2025/10/21 05:25:48.041 [T:0x0a7f4] [DisplayControl] GetVSRtkHubControlClientListener
2025/10/21 05:25:48.041 [T:0x0a7f4] [DisplayControl] max monitor count = 2
2025/10/21 05:25:48.041 [T:0x0a7f4] [DisplayControl] index of display_info_vec = 0
2025/10/21 05:25:48.041 [T:0x0a7f4] [DisplayControl] index of p_lpo_display_info_video_port = 0
2025/10/21 05:25:48.041 [T:0x0a7f4] [DisplayControl] VideoPortMatchingRule
2025/10/21 05:25:48.041 [T:0x0a7f4] [DisplayControl] monitor display_info_model_name = VG2458
2025/10/21 05:25:48.041 [T:0x0a7f4] [DisplayControl] monitor video_port_model_name = VG2458
2025/10/21 05:25:48.041 [T:0x0a7f4] [DisplayControl] monitor display_info_sn = YDJ243400006
2025/10/21 05:25:48.041 [T:0x0a7f4] [DisplayControl] monitor video_port_sn = YDJ243400006
2025/10/21 05:25:48.041 [T:0x0a7f4] [DisplayControl] model_name_match = 1
2025/10/21 05:25:48.041 [T:0x0a7f4] [DisplayControl] sn_match = 1
2025/10/21 05:25:48.041 [T:0x0a7f4] [DisplayControl] video_port is_match = 1
2025/10/21 05:25:48.041 [T:0x0a7f4] [DisplayControl] index of display_info_vec = 1
2025/10/21 05:25:48.041 [T:0x0a7f4] [DisplayControl] index of p_lpo_display_info_video_port = 0
2025/10/21 05:25:48.041 [T:0x0a7f4] [DisplayControl] VideoPortMatchingRule
2025/10/21 05:25:48.041 [T:0x0a7f4] [DisplayControl] monitor display_info_model_name = VG275
2025/10/21 05:25:48.041 [T:0x0a7f4] [DisplayControl] monitor video_port_model_name = VG2458
2025/10/21 05:25:48.041 [T:0x0a7f4] [DisplayControl] monitor display_info_sn = XF6232400003
2025/10/21 05:25:48.041 [T:0x0a7f4] [DisplayControl] monitor video_port_sn = YDJ243400006
2025/10/21 05:25:48.041 [T:0x0a7f4] [DisplayControl] model_name_match = 0
2025/10/21 05:25:48.042 [T:0x0a7f4] [DisplayControl] sn_match = 0
2025/10/21 05:25:48.042 [T:0x0a7f4] [DisplayControl] video_port is_match = 0
2025/10/21 05:25:48.042 [T:0x0a7f4] [DisplayControl] index of display_info_vec = 1
2025/10/21 05:25:48.042 [T:0x0a7f4] [DisplayControl] index of p_lpo_display_info_video_port = 1
2025/10/21 05:25:48.042 [T:0x0a7f4] [DisplayControl] VideoPortMatchingRule
2025/10/21 05:25:48.042 [T:0x0a7f4] [DisplayControl] monitor display_info_model_name = VG275
2025/10/21 05:25:48.042 [T:0x0a7f4] [DisplayControl] monitor video_port_model_name = VG275
2025/10/21 05:25:48.042 [T:0x0a7f4] [DisplayControl] monitor display_info_sn = XF6232400003
2025/10/21 05:25:48.042 [T:0x0a7f4] [DisplayControl] monitor video_port_sn = XF6232400003
2025/10/21 05:25:48.042 [T:0x0a7f4] [DisplayControl] model_name_match = 1
2025/10/21 05:25:48.042 [T:0x0a7f4] [DisplayControl] sn_match = 1
2025/10/21 05:25:48.042 [T:0x0a7f4] [DisplayControl] video_port is_match = 1
2025/10/21 05:25:48.042 [T:0x0a7f4] [DisplayControl] i = 0
2025/10/21 05:25:48.042 [T:0x0a7f4] [DisplayControl] Enter OperationThread::OperationThread()
2025/10/21 05:25:48.042 [T:0x0a7f4] [DisplayControl] Enter OperationThread::CreateThread
2025/10/21 05:25:48.042 [T:0x0a7f4] [DisplayControl] new DisplayFunctioner
2025/10/21 05:25:48.042 [T:0x0a7f4] [DisplayControl] insert displayer_vector
2025/10/21 05:25:48.042 [T:0x0a7f4] [DisplayControl] insert modelName_SN_to_Display_map
2025/10/21 05:25:48.042 [T:0x0a7f4] [DisplayControl] insert device_id_to_Displayer_map_
2025/10/21 05:25:48.042 [T:0x0a7f4] [DisplayControl] i = 1
2025/10/21 05:25:48.042 [T:0x0a7f4] [DisplayControl] Enter OperationThread::OperationThread()
2025/10/21 05:25:48.042 [T:0x0a7f4] [DisplayControl] Enter OperationThread::CreateThread
2025/10/21 05:25:48.043 [T:0x0a7f4] [DisplayControl] new DisplayFunctioner
2025/10/21 05:25:48.043 [T:0x0a7f4] [DisplayControl] insert displayer_vector
2025/10/21 05:25:48.043 [T:0x0a7f4] [DisplayControl] insert modelName_SN_to_Display_map
2025/10/21 05:25:48.043 [T:0x0a7f4] [DisplayControl] insert device_id_to_Displayer_map_
2025/10/21 05:25:48.043 [T:0x0a7f4] [DisplayControl] monitor size = 2
2025/10/21 05:25:48.043 [T:0x0a7f4] [DisplayControl] Exit ObtainControlHandler
2025/10/21 05:25:48.043 [T:0x0a7f4] [DisplayControl] Enter MCCSOtherSet::GetVCP(), vcp code = 96
2025/10/21 05:25:48.120 [T:0x0a7f4] [DisplayControl] Exit MCCSOtherSet::GetVCP()
2025/10/21 05:25:48.402 [T:0x0a7f4] [DisplayControl] Enter MCCSOtherSet::GetVCP(), vcp code = 96
2025/10/21 05:25:48.483 [T:0x0a7f4] [DisplayControl] Exit MCCSOtherSet::GetVCP()
2025/10/21 05:25:48.766 [T:0x0a7f4] [DisplayControl] Enter MCCSOtherSet::SetVCP(), vcp code = 51
2025/10/21 05:25:49.073 [T:0x0a7f4] [DisplayControl] Exit MCCSOtherSet::SetVCP()
2025/10/21 05:25:49.073 [T:0x0a7f4] [DisplayControl] Enter MCCSOtherSet::SetVCP(), vcp code = 51
2025/10/21 05:25:49.233 [T:0x0a7f4] [DisplayControl] Exit MCCSOtherSet::SetVCP()
2025/10/21 05:25:49.234 [T:0x0a7f4] [DisplayControl] Enter MCCSOtherSet::GetVCP(), vcp code = 135
2025/10/21 05:25:49.307 [T:0x0a7f4] [DisplayControl] Exit MCCSOtherSet::GetVCP()
2025/10/21 05:25:49.413 [T:0x0a7f4] [DisplayControl] Enter MCCSOtherSet::GetVCP(), vcp code = 16
2025/10/21 05:25:49.495 [T:0x0a7f4] [DisplayControl] Exit MCCSOtherSet::GetVCP()
2025/10/21 05:25:49.601 [T:0x0a7f4] [DisplayControl] Enter MCCSOtherSet::GetVCP(), vcp code = 51
2025/10/21 05:25:49.683 [T:0x0a7f4] [DisplayControl] Exit MCCSOtherSet::GetVCP()
2025/10/21 05:25:49.788 [T:0x0a7f4] [DisplayControl] Enter MCCSOtherSet::GetVCP(), vcp code = 4
2025/10/21 05:25:49.870 [T:0x0a7f4] [DisplayControl] Exit MCCSOtherSet::GetVCP()
2025/10/21 05:25:49.976 [T:0x0a7f4] [DisplayControl] Enter MCCSOtherSet::GetVCP(), vcp code = 245
2025/10/21 05:25:50.058 [T:0x0a7f4] [DisplayControl] Exit MCCSOtherSet::GetVCP()
2025/10/21 05:25:50.164 [T:0x0a7f4] [DisplayControl] Enter MCCSOtherSet::GetVCP(), vcp code = 96
2025/10/21 05:25:50.245 [T:0x0a7f4] [DisplayControl] Exit MCCSOtherSet::GetVCP()
2025/10/21 05:25:50.351 [T:0x0a7f4] [DisplayControl] Enter MCCSOtherSet::GetVCP(), vcp code = 98
2025/10/21 05:25:50.433 [T:0x0a7f4] [DisplayControl] Exit MCCSOtherSet::GetVCP()
2025/10/21 05:25:50.538 [T:0x0a7f4] [DisplayControl] Enter MCCSOtherSet::GetVCP(), vcp code = 18
2025/10/21 05:25:50.620 [T:0x0a7f4] [DisplayControl] Exit MCCSOtherSet::GetVCP()
2025/10/21 05:25:50.726 [T:0x0a7f4] [DisplayControl] Enter MCCSOtherSet::GetVCP(), vcp code = 225
2025/10/21 05:25:50.808 [T:0x0a7f4] [DisplayControl] Exit MCCSOtherSet::GetVCP()
2025/10/21 05:25:50.913 [T:0x0a7f4] [DisplayControl] Enter MCCSOtherSet::GetVCP(), vcp code = 43
2025/10/21 05:25:50.995 [T:0x0a7f4] [DisplayControl] Exit MCCSOtherSet::GetVCP()
2025/10/21 05:25:51.101 [T:0x0a7f4] [DisplayControl] Enter MCCSOtherSet::GetVCP(), vcp code = 97
2025/10/21 05:25:51.183 [T:0x0a7f4] [DisplayControl] Exit MCCSOtherSet::GetVCP()
2025/10/21 05:25:51.288 [T:0x0a7f4] [DisplayControl] Enter MCCSOtherSet::GetVCP(), vcp code = 141
2025/10/21 05:25:51.370 [T:0x0a7f4] [DisplayControl] Exit MCCSOtherSet::GetVCP()
2025/10/21 05:25:51.476 [T:0x0a7f4] [DisplayControl] Enter MCCSOtherSet::GetVCP(), vcp code = 20
2025/10/21 05:25:51.558 [T:0x0a7f4] [DisplayControl] Exit MCCSOtherSet::GetVCP()
2025/10/21 05:25:51.663 [T:0x0a7f4] [DisplayControl] Enter MCCSOtherSet::GetVCP(), vcp code = 220
2025/10/21 05:25:51.745 [T:0x0a7f4] [DisplayControl] Exit MCCSOtherSet::GetVCP()
2025/10/21 05:25:51.851 [T:0x0a7f4] [DisplayControl] Enter MCCSOtherSet::GetVCP(), vcp code = 135
2025/10/21 05:25:51.936 [T:0x0a7f4] [DisplayControl] Exit MCCSOtherSet::GetVCP()
2025/10/21 05:25:52.038 [T:0x0a7f4] [DisplayControl] Enter MCCSOtherSet::GetVCP(), vcp code = 16
2025/10/21 05:25:52.124 [T:0x0a7f4] [DisplayControl] Exit MCCSOtherSet::GetVCP()
2025/10/21 05:25:52.226 [T:0x0a7f4] [DisplayControl] Enter MCCSOtherSet::GetVCP(), vcp code = 51
2025/10/21 05:25:52.311 [T:0x0a7f4] [DisplayControl] Exit MCCSOtherSet::GetVCP()
2025/10/21 05:25:52.413 [T:0x0a7f4] [DisplayControl] Enter MCCSOtherSet::GetVCP(), vcp code = 4
2025/10/21 05:25:52.499 [T:0x0a7f4] [DisplayControl] Exit MCCSOtherSet::GetVCP()
2025/10/21 05:25:52.601 [T:0x0a7f4] [DisplayControl] Enter MCCSOtherSet::GetVCP(), vcp code = 226
2025/10/21 05:25:52.686 [T:0x0a7f4] [DisplayControl] Exit MCCSOtherSet::GetVCP()
2025/10/21 05:25:52.788 [T:0x0a7f4] [DisplayControl] Enter MCCSOtherSet::GetVCP(), vcp code = 236
2025/10/21 05:25:52.875 [T:0x0a7f4] [DisplayControl] Exit MCCSOtherSet::GetVCP()
2025/10/21 05:25:52.976 [T:0x0a7f4] [DisplayControl] Enter MCCSOtherSet::GetVCP(), vcp code = 96
2025/10/21 05:25:53.061 [T:0x0a7f4] [DisplayControl] Exit MCCSOtherSet::GetVCP()
2025/10/21 05:25:53.163 [T:0x0a7f4] [DisplayControl] Enter MCCSOtherSet::GetVCP(), vcp code = 98
2025/10/21 05:25:53.249 [T:0x0a7f4] [DisplayControl] Exit MCCSOtherSet::GetVCP()
2025/10/21 05:25:53.351 [T:0x0a7f4] [DisplayControl] Enter MCCSOtherSet::GetVCP(), vcp code = 18
2025/10/21 05:25:53.436 [T:0x0a7f4] [DisplayControl] Exit MCCSOtherSet::GetVCP()
2025/10/21 05:25:53.538 [T:0x0a7f4] [DisplayControl] Enter MCCSOtherSet::GetVCP(), vcp code = 225
2025/10/21 05:25:53.624 [T:0x0a7f4] [DisplayControl] Exit MCCSOtherSet::GetVCP()
2025/10/21 05:25:53.726 [T:0x0a7f4] [DisplayControl] Enter MCCSOtherSet::GetVCP(), vcp code = 43
2025/10/21 05:25:53.811 [T:0x0a7f4] [DisplayControl] Exit MCCSOtherSet::GetVCP()
2025/10/21 05:25:53.913 [T:0x0a7f4] [DisplayControl] Enter MCCSOtherSet::GetVCP(), vcp code = 97
2025/10/21 05:25:53.999 [T:0x0a7f4] [DisplayControl] Exit MCCSOtherSet::GetVCP()
2025/10/21 05:25:54.100 [T:0x0a7f4] [DisplayControl] Enter MCCSOtherSet::GetVCP(), vcp code = 141
2025/10/21 05:25:54.186 [T:0x0a7f4] [DisplayControl] Exit MCCSOtherSet::GetVCP()
2025/10/21 05:25:54.288 [T:0x0a7f4] [DisplayControl] Enter MCCSOtherSet::GetVCP(), vcp code = 220
2025/10/21 05:25:54.374 [T:0x0a7f4] [DisplayControl] Exit MCCSOtherSet::GetVCP()
2025/10/21 05:25:54.485 [T:0x0a7f4] [DisplayControl] Enter MCCSOtherSet::SetVCP(), vcp code = 51
2025/10/21 05:25:54.637 [T:0x0a7f4] [DisplayControl] Exit MCCSOtherSet::SetVCP()
2025/10/21 05:25:54.675 [T:0x59a9d] [DisplayControl] Enter MCCSOtherSet::GetVCP(), vcp code = 96
2025/10/21 05:25:54.813 [T:0x59a9d] [DisplayControl] Exit MCCSOtherSet::GetVCP()
2025/10/21 05:27:44.249 [T:0x59a9d] [DisplayControl] Enter OperationThread::ExitThread
2025/10/21 05:27:44.249 [T:0x59a9d] [DisplayControl] Exit OperationThread::ExitThread
2025/10/21 05:27:44.249 [T:0x59a9d] [DisplayControl] Enter OperationThread::~OperationThread()
2025/10/21 05:27:44.249 [T:0x59a9d] [DisplayControl] Enter OperationThread::ExitThread
2025/10/21 05:27:44.249 [T:0x59a9d] [DisplayControl] Enter OperationThread::ExitThread
2025/10/21 05:27:44.249 [T:0x59a9d] [DisplayControl] Exit OperationThread::ExitThread
2025/10/21 05:27:44.249 [T:0x59a9d] [DisplayControl] Enter OperationThread::~OperationThread()
2025/10/21 05:27:44.249 [T:0x59a9d] [DisplayControl] Enter OperationThread::ExitThread
2025/10/21 05:27:44.325 [T:0x59a9d] [DbgStr] After calling display_control_client_listener_video_port_.UpdateAllDisplayPath()
2025/10/21 05:27:44.340 [T:0x59a9d] [DbgStr] After calling display_control_client_listener_.GetAllDisplayEDID()
2025/10/21 05:27:44.343 [T:0x59a9d] [DisplayControl] Version = 3.0.6.0
2025/10/21 05:27:44.343 [T:0x59a9d] [DisplayControl] Enter ObtainControlHandler1
2025/10/21 05:27:44.343 [T:0x59a9d] [DisplayControl] GetVideoPortCommander
2025/10/21 05:27:44.343 [T:0x59a9d] [DisplayControl] GetUSBHubCommander
2025/10/21 05:27:44.343 [T:0x59a9d] ====== List p_lpo_display_info_video_port, # of devices is ======2
2025/10/21 05:27:44.343 [T:0x59a9d] [DisplayControl] index of p_lpo_display_info_video_port0
2025/10/21 05:27:44.343 [T:0x59a9d] [DisplayControl] Model name from VideoPort = VG2458
2025/10/21 05:27:44.343 [T:0x59a9d] [DisplayControl] SN from VideoPort = YDJ243400006
2025/10/21 05:27:44.343 [T:0x59a9d] [DisplayControl] index of p_lpo_display_info_video_port1
2025/10/21 05:27:44.343 [T:0x59a9d] [DisplayControl] Model name from VideoPort = VG275
2025/10/21 05:27:44.343 [T:0x59a9d] [DisplayControl] SN from VideoPort = XF6232400003
2025/10/21 05:27:44.343 [T:0x59a9d] ====== List p_lpo_display_info_rtd_scalar_rts_hub, # of devices is ======0
2025/10/21 05:27:44.343 [T:0x59a9d] [DisplayControl] GetVSRtkHubControlClientListener
2025/10/21 05:27:44.343 [T:0x59a9d] [DisplayControl] max monitor count = 2
2025/10/21 05:27:44.343 [T:0x59a9d] [DisplayControl] index of display_info_vec = 0
2025/10/21 05:27:44.344 [T:0x59a9d] [DisplayControl] index of p_lpo_display_info_video_port = 0
2025/10/21 05:27:44.344 [T:0x59a9d] [DisplayControl] VideoPortMatchingRule
2025/10/21 05:27:44.344 [T:0x59a9d] [DisplayControl] monitor display_info_model_name = VG2458
2025/10/21 05:27:44.344 [T:0x59a9d] [DisplayControl] monitor video_port_model_name = VG2458
2025/10/21 05:27:44.344 [T:0x59a9d] [DisplayControl] monitor display_info_sn = YDJ243400006
2025/10/21 05:27:44.344 [T:0x59a9d] [DisplayControl] monitor video_port_sn = YDJ243400006
2025/10/21 05:27:44.344 [T:0x59a9d] [DisplayControl] model_name_match = 1
2025/10/21 05:27:44.344 [T:0x59a9d] [DisplayControl] sn_match = 1
2025/10/21 05:27:44.344 [T:0x59a9d] [DisplayControl] video_port is_match = 1
2025/10/21 05:27:44.344 [T:0x59a9d] [DisplayControl] index of display_info_vec = 1
2025/10/21 05:27:44.344 [T:0x59a9d] [DisplayControl] index of p_lpo_display_info_video_port = 0
2025/10/21 05:27:44.344 [T:0x59a9d] [DisplayControl] VideoPortMatchingRule
2025/10/21 05:27:44.344 [T:0x59a9d] [DisplayControl] monitor display_info_model_name = VG275
2025/10/21 05:27:44.344 [T:0x59a9d] [DisplayControl] monitor video_port_model_name = VG2458
2025/10/21 05:27:44.344 [T:0x59a9d] [DisplayControl] monitor display_info_sn = XF6232400003
2025/10/21 05:27:44.344 [T:0x59a9d] [DisplayControl] monitor video_port_sn = YDJ243400006
2025/10/21 05:27:44.344 [T:0x59a9d] [DisplayControl] model_name_match = 0
2025/10/21 05:27:44.344 [T:0x59a9d] [DisplayControl] sn_match = 0
2025/10/21 05:27:44.344 [T:0x59a9d] [DisplayControl] video_port is_match = 0
2025/10/21 05:27:44.344 [T:0x59a9d] [DisplayControl] index of display_info_vec = 1
2025/10/21 05:27:44.344 [T:0x59a9d] [DisplayControl] index of p_lpo_display_info_video_port = 1
2025/10/21 05:27:44.344 [T:0x59a9d] [DisplayControl] VideoPortMatchingRule
2025/10/21 05:27:44.344 [T:0x59a9d] [DisplayControl] monitor display_info_model_name = VG275
2025/10/21 05:27:44.344 [T:0x59a9d] [DisplayControl] monitor video_port_model_name = VG275
2025/10/21 05:27:44.344 [T:0x59a9d] [DisplayControl] monitor display_info_sn = XF6232400003
2025/10/21 05:27:44.344 [T:0x59a9d] [DisplayControl] monitor video_port_sn = XF6232400003
2025/10/21 05:27:44.344 [T:0x59a9d] [DisplayControl] model_name_match = 1
2025/10/21 05:27:44.344 [T:0x59a9d] [DisplayControl] sn_match = 1
2025/10/21 05:27:44.345 [T:0x59a9d] [DisplayControl] video_port is_match = 1
2025/10/21 05:27:44.345 [T:0x59a9d] [DisplayControl] i = 0
2025/10/21 05:27:44.345 [T:0x59a9d] [DisplayControl] Enter OperationThread::OperationThread()
2025/10/21 05:27:44.345 [T:0x59a9d] [DisplayControl] Enter OperationThread::CreateThread
2025/10/21 05:27:44.345 [T:0x59a9d] [DisplayControl] new DisplayFunctioner
2025/10/21 05:27:44.345 [T:0x59a9d] [DisplayControl] insert displayer_vector
2025/10/21 05:27:44.345 [T:0x59a9d] [DisplayControl] insert modelName_SN_to_Display_map
2025/10/21 05:27:44.345 [T:0x59a9d] [DisplayControl] insert device_id_to_Displayer_map_
2025/10/21 05:27:44.345 [T:0x59a9d] [DisplayControl] i = 1
2025/10/21 05:27:44.345 [T:0x59a9d] [DisplayControl] Enter OperationThread::OperationThread()
2025/10/21 05:27:44.345 [T:0x59a9d] [DisplayControl] Enter OperationThread::CreateThread
2025/10/21 05:27:44.345 [T:0x59a9d] [DisplayControl] new DisplayFunctioner
2025/10/21 05:27:44.345 [T:0x59a9d] [DisplayControl] insert displayer_vector
2025/10/21 05:27:44.345 [T:0x59a9d] [DisplayControl] insert modelName_SN_to_Display_map
2025/10/21 05:27:44.345 [T:0x59a9d] [DisplayControl] insert device_id_to_Displayer_map_
2025/10/21 05:27:44.345 [T:0x59a9d] [DisplayControl] monitor size = 2
2025/10/21 05:27:44.345 [T:0x59a9d] [DisplayControl] Exit ObtainControlHandler
2025/10/21 05:29:59.563 [T:0x59a9d] [DisplayControl] Enter OperationThread::ExitThread
2025/10/21 05:29:59.564 [T:0x59a9d] [DisplayControl] Exit OperationThread::ExitThread
2025/10/21 05:29:59.564 [T:0x59a9d] [DisplayControl] Enter OperationThread::~OperationThread()
2025/10/21 05:29:59.564 [T:0x59a9d] [DisplayControl] Enter OperationThread::ExitThread
2025/10/21 05:29:59.564 [T:0x59a9d] [DisplayControl] Enter OperationThread::ExitThread
2025/10/21 05:29:59.564 [T:0x59a9d] [DisplayControl] Exit OperationThread::ExitThread
2025/10/21 05:29:59.564 [T:0x59a9d] [DisplayControl] Enter OperationThread::~OperationThread()
2025/10/21 05:29:59.564 [T:0x59a9d] [DisplayControl] Enter OperationThread::ExitThread
2025/10/21 05:29:59.649 [T:0x59a9d] [DbgStr] After calling display_control_client_listener_video_port_.UpdateAllDisplayPath()
2025/10/21 05:29:59.664 [T:0x59a9d] [DbgStr] After calling display_control_client_listener_.GetAllDisplayEDID()
2025/10/21 05:29:59.667 [T:0x59a9d] [DisplayControl] Version = 3.0.6.0
2025/10/21 05:29:59.667 [T:0x59a9d] [DisplayControl] Enter ObtainControlHandler1
2025/10/21 05:29:59.667 [T:0x59a9d] [DisplayControl] GetVideoPortCommander
2025/10/21 05:29:59.667 [T:0x59a9d] [DisplayControl] GetUSBHubCommander
2025/10/21 05:29:59.667 [T:0x59a9d] ====== List p_lpo_display_info_video_port, # of devices is ======2
2025/10/21 05:29:59.667 [T:0x59a9d] [DisplayControl] index of p_lpo_display_info_video_port0
2025/10/21 05:29:59.667 [T:0x59a9d] [DisplayControl] Model name from VideoPort = VG2458
2025/10/21 05:29:59.667 [T:0x59a9d] [DisplayControl] SN from VideoPort = YDJ243400006
2025/10/21 05:29:59.667 [T:0x59a9d] [DisplayControl] index of p_lpo_display_info_video_port1
2025/10/21 05:29:59.667 [T:0x59a9d] [DisplayControl] Model name from VideoPort = VG275
2025/10/21 05:29:59.667 [T:0x59a9d] [DisplayControl] SN from VideoPort = XF6232400003
2025/10/21 05:29:59.667 [T:0x59a9d] ====== List p_lpo_display_info_rtd_scalar_rts_hub, # of devices is ======0
2025/10/21 05:29:59.667 [T:0x59a9d] [DisplayControl] GetVSRtkHubControlClientListener
2025/10/21 05:29:59.667 [T:0x59a9d] [DisplayControl] max monitor count = 2
2025/10/21 05:29:59.667 [T:0x59a9d] [DisplayControl] index of display_info_vec = 0
2025/10/21 05:29:59.667 [T:0x59a9d] [DisplayControl] index of p_lpo_display_info_video_port = 0
2025/10/21 05:29:59.667 [T:0x59a9d] [DisplayControl] VideoPortMatchingRule
2025/10/21 05:29:59.667 [T:0x59a9d] [DisplayControl] monitor display_info_model_name = VG2458
2025/10/21 05:29:59.668 [T:0x59a9d] [DisplayControl] monitor video_port_model_name = VG2458
2025/10/21 05:29:59.668 [T:0x59a9d] [DisplayControl] monitor display_info_sn = YDJ243400006
2025/10/21 05:29:59.668 [T:0x59a9d] [DisplayControl] monitor video_port_sn = YDJ243400006
2025/10/21 05:29:59.668 [T:0x59a9d] [DisplayControl] model_name_match = 1
2025/10/21 05:29:59.668 [T:0x59a9d] [DisplayControl] sn_match = 1
2025/10/21 05:29:59.668 [T:0x59a9d] [DisplayControl] video_port is_match = 1
2025/10/21 05:29:59.668 [T:0x59a9d] [DisplayControl] index of display_info_vec = 1
2025/10/21 05:29:59.668 [T:0x59a9d] [DisplayControl] index of p_lpo_display_info_video_port = 0
2025/10/21 05:29:59.668 [T:0x59a9d] [DisplayControl] VideoPortMatchingRule
2025/10/21 05:29:59.668 [T:0x59a9d] [DisplayControl] monitor display_info_model_name = VG275
2025/10/21 05:29:59.668 [T:0x59a9d] [DisplayControl] monitor video_port_model_name = VG2458
2025/10/21 05:29:59.668 [T:0x59a9d] [DisplayControl] monitor display_info_sn = XF6232400003
2025/10/21 05:29:59.668 [T:0x59a9d] [DisplayControl] monitor video_port_sn = YDJ243400006
2025/10/21 05:29:59.668 [T:0x59a9d] [DisplayControl] model_name_match = 0
2025/10/21 05:29:59.668 [T:0x59a9d] [DisplayControl] sn_match = 0
2025/10/21 05:29:59.668 [T:0x59a9d] [DisplayControl] video_port is_match = 0
2025/10/21 05:29:59.668 [T:0x59a9d] [DisplayControl] index of display_info_vec = 1
2025/10/21 05:29:59.668 [T:0x59a9d] [DisplayControl] index of p_lpo_display_info_video_port = 1
2025/10/21 05:29:59.668 [T:0x59a9d] [DisplayControl] VideoPortMatchingRule
2025/10/21 05:29:59.668 [T:0x59a9d] [DisplayControl] monitor display_info_model_name = VG275
2025/10/21 05:29:59.668 [T:0x59a9d] [DisplayControl] monitor video_port_model_name = VG275
2025/10/21 05:29:59.668 [T:0x59a9d] [DisplayControl] monitor display_info_sn = XF6232400003
2025/10/21 05:29:59.668 [T:0x59a9d] [DisplayControl] monitor video_port_sn = XF6232400003
2025/10/21 05:29:59.668 [T:0x59a9d] [DisplayControl] model_name_match = 1
2025/10/21 05:29:59.668 [T:0x59a9d] [DisplayControl] sn_match = 1
2025/10/21 05:29:59.668 [T:0x59a9d] [DisplayControl] video_port is_match = 1
2025/10/21 05:29:59.668 [T:0x59a9d] [DisplayControl] i = 0
2025/10/21 05:29:59.668 [T:0x59a9d] [DisplayControl] Enter OperationThread::OperationThread()
2025/10/21 05:29:59.669 [T:0x59a9d] [DisplayControl] Enter OperationThread::CreateThread
2025/10/21 05:29:59.669 [T:0x59a9d] [DisplayControl] new DisplayFunctioner
2025/10/21 05:29:59.669 [T:0x59a9d] [DisplayControl] insert displayer_vector
2025/10/21 05:29:59.669 [T:0x59a9d] [DisplayControl] insert modelName_SN_to_Display_map
2025/10/21 05:29:59.669 [T:0x59a9d] [DisplayControl] insert device_id_to_Displayer_map_
2025/10/21 05:29:59.669 [T:0x59a9d] [DisplayControl] i = 1
2025/10/21 05:29:59.669 [T:0x59a9d] [DisplayControl] Enter OperationThread::OperationThread()
2025/10/21 05:29:59.669 [T:0x59a9d] [DisplayControl] Enter OperationThread::CreateThread
2025/10/21 05:29:59.669 [T:0x59a9d] [DisplayControl] new DisplayFunctioner
2025/10/21 05:29:59.669 [T:0x59a9d] [DisplayControl] insert displayer_vector
2025/10/21 05:29:59.669 [T:0x59a9d] [DisplayControl] insert modelName_SN_to_Display_map
2025/10/21 05:29:59.669 [T:0x59a9d] [DisplayControl] insert device_id_to_Displayer_map_
2025/10/21 05:29:59.669 [T:0x59a9d] [DisplayControl] monitor size = 2
2025/10/21 05:29:59.669 [T:0x59a9d] [DisplayControl] Exit ObtainControlHandler
2025/10/21 05:32:01.242 [T:0x59a9d] [DisplayControl] Enter OperationThread::ExitThread
2025/10/21 05:32:01.242 [T:0x59a9d] [DisplayControl] Exit OperationThread::ExitThread
2025/10/21 05:32:01.242 [T:0x59a9d] [DisplayControl] Enter OperationThread::~OperationThread()
2025/10/21 05:32:01.242 [T:0x59a9d] [DisplayControl] Enter OperationThread::ExitThread
2025/10/21 05:32:01.242 [T:0x59a9d] [DisplayControl] Enter OperationThread::ExitThread
2025/10/21 05:32:01.242 [T:0x59a9d] [DisplayControl] Exit OperationThread::ExitThread
2025/10/21 05:32:01.242 [T:0x59a9d] [DisplayControl] Enter OperationThread::~OperationThread()
2025/10/21 05:32:01.243 [T:0x59a9d] [DisplayControl] Enter OperationThread::ExitThread
2025/10/21 05:32:01.262 [T:0x59a9d] [DbgStr] After calling display_control_client_listener_video_port_.UpdateAllDisplayPath()
2025/10/21 05:32:01.276 [T:0x59a9d] [DbgStr] After calling display_control_client_listener_.GetAllDisplayEDID()
2025/10/21 05:32:01.278 [T:0x59a9d] [DisplayControl] Version = 3.0.6.0
2025/10/21 05:32:01.278 [T:0x59a9d] [DisplayControl] Enter ObtainControlHandler1
2025/10/21 05:32:01.278 [T:0x59a9d] [DisplayControl] GetVideoPortCommander
2025/10/21 05:32:01.278 [T:0x59a9d] [DisplayControl] GetUSBHubCommander
2025/10/21 05:32:01.278 [T:0x59a9d] ====== List p_lpo_display_info_video_port, # of devices is ======2
2025/10/21 05:32:01.278 [T:0x59a9d] [DisplayControl] index of p_lpo_display_info_video_port0
2025/10/21 05:32:01.278 [T:0x59a9d] [DisplayControl] Model name from VideoPort = VG2458
2025/10/21 05:32:01.278 [T:0x59a9d] [DisplayControl] SN from VideoPort = YDJ243400006
2025/10/21 05:32:01.278 [T:0x59a9d] [DisplayControl] index of p_lpo_display_info_video_port1
2025/10/21 05:32:01.278 [T:0x59a9d] [DisplayControl] Model name from VideoPort = VG275
2025/10/21 05:32:01.278 [T:0x59a9d] [DisplayControl] SN from VideoPort = XF6232400003
2025/10/21 05:32:01.278 [T:0x59a9d] ====== List p_lpo_display_info_rtd_scalar_rts_hub, # of devices is ======0
2025/10/21 05:32:01.278 [T:0x59a9d] [DisplayControl] GetVSRtkHubControlClientListener
2025/10/21 05:32:01.278 [T:0x59a9d] [DisplayControl] max monitor count = 2
2025/10/21 05:32:01.278 [T:0x59a9d] [DisplayControl] index of display_info_vec = 0
2025/10/21 05:32:01.278 [T:0x59a9d] [DisplayControl] index of p_lpo_display_info_video_port = 0
2025/10/21 05:32:01.278 [T:0x59a9d] [DisplayControl] VideoPortMatchingRule
2025/10/21 05:32:01.278 [T:0x59a9d] [DisplayControl] monitor display_info_model_name = VG2458
2025/10/21 05:32:01.278 [T:0x59a9d] [DisplayControl] monitor video_port_model_name = VG2458
2025/10/21 05:32:01.278 [T:0x59a9d] [DisplayControl] monitor display_info_sn = YDJ243400006
2025/10/21 05:32:01.278 [T:0x59a9d] [DisplayControl] monitor video_port_sn = YDJ243400006
2025/10/21 05:32:01.279 [T:0x59a9d] [DisplayControl] model_name_match = 1
2025/10/21 05:32:01.279 [T:0x59a9d] [DisplayControl] sn_match = 1
2025/10/21 05:32:01.279 [T:0x59a9d] [DisplayControl] video_port is_match = 1
2025/10/21 05:32:01.279 [T:0x59a9d] [DisplayControl] index of display_info_vec = 1
2025/10/21 05:32:01.279 [T:0x59a9d] [DisplayControl] index of p_lpo_display_info_video_port = 0
2025/10/21 05:32:01.279 [T:0x59a9d] [DisplayControl] VideoPortMatchingRule
2025/10/21 05:32:01.279 [T:0x59a9d] [DisplayControl] monitor display_info_model_name = VG275
2025/10/21 05:32:01.279 [T:0x59a9d] [DisplayControl] monitor video_port_model_name = VG2458
2025/10/21 05:32:01.279 [T:0x59a9d] [DisplayControl] monitor display_info_sn = XF6232400003
2025/10/21 05:32:01.279 [T:0x59a9d] [DisplayControl] monitor video_port_sn = YDJ243400006
2025/10/21 05:32:01.279 [T:0x59a9d] [DisplayControl] model_name_match = 0
2025/10/21 05:32:01.279 [T:0x59a9d] [DisplayControl] sn_match = 0
2025/10/21 05:32:01.279 [T:0x59a9d] [DisplayControl] video_port is_match = 0
2025/10/21 05:32:01.279 [T:0x59a9d] [DisplayControl] index of display_info_vec = 1
2025/10/21 05:32:01.279 [T:0x59a9d] [DisplayControl] index of p_lpo_display_info_video_port = 1
2025/10/21 05:32:01.279 [T:0x59a9d] [DisplayControl] VideoPortMatchingRule
2025/10/21 05:32:01.279 [T:0x59a9d] [DisplayControl] monitor display_info_model_name = VG275
2025/10/21 05:32:01.279 [T:0x59a9d] [DisplayControl] monitor video_port_model_name = VG275
2025/10/21 05:32:01.279 [T:0x59a9d] [DisplayControl] monitor display_info_sn = XF6232400003
2025/10/21 05:32:01.279 [T:0x59a9d] [DisplayControl] monitor video_port_sn = XF6232400003
2025/10/21 05:32:01.279 [T:0x59a9d] [DisplayControl] model_name_match = 1
2025/10/21 05:32:01.279 [T:0x59a9d] [DisplayControl] sn_match = 1
2025/10/21 05:32:01.279 [T:0x59a9d] [DisplayControl] video_port is_match = 1
2025/10/21 05:32:01.279 [T:0x59a9d] [DisplayControl] i = 0
2025/10/21 05:32:01.279 [T:0x59a9d] [DisplayControl] Enter OperationThread::OperationThread()
2025/10/21 05:32:01.279 [T:0x59a9d] [DisplayControl] Enter OperationThread::CreateThread
2025/10/21 05:32:01.280 [T:0x59a9d] [DisplayControl] new DisplayFunctioner
2025/10/21 05:32:01.280 [T:0x59a9d] [DisplayControl] insert displayer_vector
2025/10/21 05:32:01.280 [T:0x59a9d] [DisplayControl] insert modelName_SN_to_Display_map
2025/10/21 05:32:01.280 [T:0x59a9d] [DisplayControl] insert device_id_to_Displayer_map_
2025/10/21 05:32:01.280 [T:0x59a9d] [DisplayControl] i = 1
2025/10/21 05:32:01.280 [T:0x59a9d] [DisplayControl] Enter OperationThread::OperationThread()
2025/10/21 05:32:01.280 [T:0x59a9d] [DisplayControl] Enter OperationThread::CreateThread
2025/10/21 05:32:01.280 [T:0x59a9d] [DisplayControl] new DisplayFunctioner
2025/10/21 05:32:01.280 [T:0x59a9d] [DisplayControl] insert displayer_vector
2025/10/21 05:32:01.280 [T:0x59a9d] [DisplayControl] insert modelName_SN_to_Display_map
2025/10/21 05:32:01.280 [T:0x59a9d] [DisplayControl] insert device_id_to_Displayer_map_
2025/10/21 05:32:01.280 [T:0x59a9d] [DisplayControl] monitor size = 2
2025/10/21 05:32:01.280 [T:0x59a9d] [DisplayControl] Exit ObtainControlHandler
2025/10/21 05:34:16.823 [T:0x59a9d] [DisplayControl] Enter OperationThread::ExitThread
2025/10/21 05:34:16.824 [T:0x59a9d] [DisplayControl] Exit OperationThread::ExitThread
2025/10/21 05:34:16.824 [T:0x59a9d] [DisplayControl] Enter OperationThread::~OperationThread()
2025/10/21 05:34:16.824 [T:0x59a9d] [DisplayControl] Enter OperationThread::ExitThread
2025/10/21 05:34:16.824 [T:0x59a9d] [DisplayControl] Enter OperationThread::ExitThread
2025/10/21 05:34:16.824 [T:0x59a9d] [DisplayControl] Exit OperationThread::ExitThread
2025/10/21 05:34:16.824 [T:0x59a9d] [DisplayControl] Enter OperationThread::~OperationThread()
2025/10/21 05:34:16.824 [T:0x59a9d] [DisplayControl] Enter OperationThread::ExitThread
2025/10/21 05:34:16.905 [T:0x59a9d] [DbgStr] After calling display_control_client_listener_video_port_.UpdateAllDisplayPath()
2025/10/21 05:34:16.921 [T:0x59a9d] [DbgStr] After calling display_control_client_listener_.GetAllDisplayEDID()
2025/10/21 05:34:16.923 [T:0x59a9d] [DisplayControl] Version = 3.0.6.0
2025/10/21 05:34:16.923 [T:0x59a9d] [DisplayControl] Enter ObtainControlHandler1
2025/10/21 05:34:16.923 [T:0x59a9d] [DisplayControl] GetVideoPortCommander
2025/10/21 05:34:16.923 [T:0x59a9d] [DisplayControl] GetUSBHubCommander
2025/10/21 05:34:16.923 [T:0x59a9d] ====== List p_lpo_display_info_video_port, # of devices is ======2
2025/10/21 05:34:16.923 [T:0x59a9d] [DisplayControl] index of p_lpo_display_info_video_port0
2025/10/21 05:34:16.923 [T:0x59a9d] [DisplayControl] Model name from VideoPort = VG2458
2025/10/21 05:34:16.923 [T:0x59a9d] [DisplayControl] SN from VideoPort = YDJ243400006
2025/10/21 05:34:16.923 [T:0x59a9d] [DisplayControl] index of p_lpo_display_info_video_port1
2025/10/21 05:34:16.923 [T:0x59a9d] [DisplayControl] Model name from VideoPort = VG275
2025/10/21 05:34:16.923 [T:0x59a9d] [DisplayControl] SN from VideoPort = XF6232400003
2025/10/21 05:34:16.923 [T:0x59a9d] ====== List p_lpo_display_info_rtd_scalar_rts_hub, # of devices is ======0
2025/10/21 05:34:16.923 [T:0x59a9d] [DisplayControl] GetVSRtkHubControlClientListener
2025/10/21 05:34:16.923 [T:0x59a9d] [DisplayControl] max monitor count = 2
2025/10/21 05:34:16.923 [T:0x59a9d] [DisplayControl] index of display_info_vec = 0
2025/10/21 05:34:16.924 [T:0x59a9d] [DisplayControl] index of p_lpo_display_info_video_port = 0
2025/10/21 05:34:16.924 [T:0x59a9d] [DisplayControl] VideoPortMatchingRule
2025/10/21 05:34:16.924 [T:0x59a9d] [DisplayControl] monitor display_info_model_name = VG2458
2025/10/21 05:34:16.924 [T:0x59a9d] [DisplayControl] monitor video_port_model_name = VG2458
2025/10/21 05:34:16.924 [T:0x59a9d] [DisplayControl] monitor display_info_sn = YDJ243400006
2025/10/21 05:34:16.924 [T:0x59a9d] [DisplayControl] monitor video_port_sn = YDJ243400006
2025/10/21 05:34:16.924 [T:0x59a9d] [DisplayControl] model_name_match = 1
2025/10/21 05:34:16.924 [T:0x59a9d] [DisplayControl] sn_match = 1
2025/10/21 05:34:16.924 [T:0x59a9d] [DisplayControl] video_port is_match = 1
2025/10/21 05:34:16.924 [T:0x59a9d] [DisplayControl] index of display_info_vec = 1
2025/10/21 05:34:16.924 [T:0x59a9d] [DisplayControl] index of p_lpo_display_info_video_port = 0
2025/10/21 05:34:16.924 [T:0x59a9d] [DisplayControl] VideoPortMatchingRule
2025/10/21 05:34:16.924 [T:0x59a9d] [DisplayControl] monitor display_info_model_name = VG275
2025/10/21 05:34:16.924 [T:0x59a9d] [DisplayControl] monitor video_port_model_name = VG2458
2025/10/21 05:34:16.924 [T:0x59a9d] [DisplayControl] monitor display_info_sn = XF6232400003
2025/10/21 05:34:16.924 [T:0x59a9d] [DisplayControl] monitor video_port_sn = YDJ243400006
2025/10/21 05:34:16.924 [T:0x59a9d] [DisplayControl] model_name_match = 0
2025/10/21 05:34:16.924 [T:0x59a9d] [DisplayControl] sn_match = 0
2025/10/21 05:34:16.924 [T:0x59a9d] [DisplayControl] video_port is_match = 0
2025/10/21 05:34:16.924 [T:0x59a9d] [DisplayControl] index of display_info_vec = 1
2025/10/21 05:34:16.924 [T:0x59a9d] [DisplayControl] index of p_lpo_display_info_video_port = 1
2025/10/21 05:34:16.924 [T:0x59a9d] [DisplayControl] VideoPortMatchingRule
2025/10/21 05:34:16.924 [T:0x59a9d] [DisplayControl] monitor display_info_model_name = VG275
2025/10/21 05:34:16.924 [T:0x59a9d] [DisplayControl] monitor video_port_model_name = VG275
2025/10/21 05:34:16.924 [T:0x59a9d] [DisplayControl] monitor display_info_sn = XF6232400003
2025/10/21 05:34:16.924 [T:0x59a9d] [DisplayControl] monitor video_port_sn = XF6232400003
2025/10/21 05:34:16.924 [T:0x59a9d] [DisplayControl] model_name_match = 1
2025/10/21 05:34:16.924 [T:0x59a9d] [DisplayControl] sn_match = 1
2025/10/21 05:34:16.925 [T:0x59a9d] [DisplayControl] video_port is_match = 1
2025/10/21 05:34:16.925 [T:0x59a9d] [DisplayControl] i = 0
2025/10/21 05:34:16.925 [T:0x59a9d] [DisplayControl] Enter OperationThread::OperationThread()
2025/10/21 05:34:16.925 [T:0x59a9d] [DisplayControl] Enter OperationThread::CreateThread
2025/10/21 05:34:16.925 [T:0x59a9d] [DisplayControl] new DisplayFunctioner
2025/10/21 05:34:16.925 [T:0x59a9d] [DisplayControl] insert displayer_vector
2025/10/21 05:34:16.925 [T:0x59a9d] [DisplayControl] insert modelName_SN_to_Display_map
2025/10/21 05:34:16.925 [T:0x59a9d] [DisplayControl] insert device_id_to_Displayer_map_
2025/10/21 05:34:16.925 [T:0x59a9d] [DisplayControl] i = 1
2025/10/21 05:34:16.925 [T:0x59a9d] [DisplayControl] Enter OperationThread::OperationThread()
2025/10/21 05:34:16.925 [T:0x59a9d] [DisplayControl] Enter OperationThread::CreateThread
2025/10/21 05:34:16.925 [T:0x59a9d] [DisplayControl] new DisplayFunctioner
2025/10/21 05:34:16.925 [T:0x59a9d] [DisplayControl] insert displayer_vector
2025/10/21 05:34:16.925 [T:0x59a9d] [DisplayControl] insert modelName_SN_to_Display_map
2025/10/21 05:34:16.925 [T:0x59a9d] [DisplayControl] insert device_id_to_Displayer_map_
2025/10/21 05:34:16.925 [T:0x59a9d] [DisplayControl] monitor size = 2
2025/10/21 05:34:16.925 [T:0x59a9d] [DisplayControl] Exit ObtainControlHandler
2025/10/21 05:36:32.526 [T:0x59a9d] [DisplayControl] Enter OperationThread::ExitThread
2025/10/21 05:36:32.527 [T:0x59a9d] [DisplayControl] Exit OperationThread::ExitThread
2025/10/21 05:36:32.527 [T:0x59a9d] [DisplayControl] Enter OperationThread::~OperationThread()
2025/10/21 05:36:32.527 [T:0x59a9d] [DisplayControl] Enter OperationThread::ExitThread
2025/10/21 05:36:32.527 [T:0x59a9d] [DisplayControl] Enter OperationThread::ExitThread
2025/10/21 05:36:32.527 [T:0x59a9d] [DisplayControl] Exit OperationThread::ExitThread
2025/10/21 05:36:32.527 [T:0x59a9d] [DisplayControl] Enter OperationThread::~OperationThread()
2025/10/21 05:36:32.527 [T:0x59a9d] [DisplayControl] Enter OperationThread::ExitThread
2025/10/21 05:36:32.547 [T:0x59a9d] [DbgStr] After calling display_control_client_listener_video_port_.UpdateAllDisplayPath()
2025/10/21 05:36:32.562 [T:0x59a9d] [DbgStr] After calling display_control_client_listener_.GetAllDisplayEDID()
2025/10/21 05:36:32.571 [T:0x59a9d] [DisplayControl] Version = 3.0.6.0
2025/10/21 05:36:32.571 [T:0x59a9d] [DisplayControl] Enter ObtainControlHandler1
2025/10/21 05:36:32.571 [T:0x59a9d] [DisplayControl] GetVideoPortCommander
2025/10/21 05:36:32.571 [T:0x59a9d] [DisplayControl] GetUSBHubCommander
2025/10/21 05:36:32.571 [T:0x59a9d] ====== List p_lpo_display_info_video_port, # of devices is ======2
2025/10/21 05:36:32.571 [T:0x59a9d] [DisplayControl] index of p_lpo_display_info_video_port0
2025/10/21 05:36:32.571 [T:0x59a9d] [DisplayControl] Model name from VideoPort = VG2458
2025/10/21 05:36:32.571 [T:0x59a9d] [DisplayControl] SN from VideoPort = YDJ243400006
2025/10/21 05:36:32.571 [T:0x59a9d] [DisplayControl] index of p_lpo_display_info_video_port1
2025/10/21 05:36:32.571 [T:0x59a9d] [DisplayControl] Model name from VideoPort = VG275
2025/10/21 05:36:32.571 [T:0x59a9d] [DisplayControl] SN from VideoPort = XF6232400003
2025/10/21 05:36:32.572 [T:0x59a9d] ====== List p_lpo_display_info_rtd_scalar_rts_hub, # of devices is ======0
2025/10/21 05:36:32.572 [T:0x59a9d] [DisplayControl] GetVSRtkHubControlClientListener
2025/10/21 05:36:32.572 [T:0x59a9d] [DisplayControl] max monitor count = 2
2025/10/21 05:36:32.572 [T:0x59a9d] [DisplayControl] index of display_info_vec = 0
2025/10/21 05:36:32.572 [T:0x59a9d] [DisplayControl] index of p_lpo_display_info_video_port = 0
2025/10/21 05:36:32.572 [T:0x59a9d] [DisplayControl] VideoPortMatchingRule
2025/10/21 05:36:32.572 [T:0x59a9d] [DisplayControl] monitor display_info_model_name = VG2458
2025/10/21 05:36:32.572 [T:0x59a9d] [DisplayControl] monitor video_port_model_name = VG2458
2025/10/21 05:36:32.572 [T:0x59a9d] [DisplayControl] monitor display_info_sn = YDJ243400006
2025/10/21 05:36:32.572 [T:0x59a9d] [DisplayControl] monitor video_port_sn = YDJ243400006
2025/10/21 05:36:32.572 [T:0x59a9d] [DisplayControl] model_name_match = 1
2025/10/21 05:36:32.572 [T:0x59a9d] [DisplayControl] sn_match = 1
2025/10/21 05:36:32.572 [T:0x59a9d] [DisplayControl] video_port is_match = 1
2025/10/21 05:36:32.572 [T:0x59a9d] [DisplayControl] index of display_info_vec = 1
2025/10/21 05:36:32.572 [T:0x59a9d] [DisplayControl] index of p_lpo_display_info_video_port = 0
2025/10/21 05:36:32.572 [T:0x59a9d] [DisplayControl] VideoPortMatchingRule
2025/10/21 05:36:32.572 [T:0x59a9d] [DisplayControl] monitor display_info_model_name = VG275
2025/10/21 05:36:32.572 [T:0x59a9d] [DisplayControl] monitor video_port_model_name = VG2458
2025/10/21 05:36:32.572 [T:0x59a9d] [DisplayControl] monitor display_info_sn = XF6232400003
2025/10/21 05:36:32.572 [T:0x59a9d] [DisplayControl] monitor video_port_sn = YDJ243400006
2025/10/21 05:36:32.572 [T:0x59a9d] [DisplayControl] model_name_match = 0
2025/10/21 05:36:32.572 [T:0x59a9d] [DisplayControl] sn_match = 0
2025/10/21 05:36:32.572 [T:0x59a9d] [DisplayControl] video_port is_match = 0
2025/10/21 05:36:32.572 [T:0x59a9d] [DisplayControl] index of display_info_vec = 1
2025/10/21 05:36:32.572 [T:0x59a9d] [DisplayControl] index of p_lpo_display_info_video_port = 1
2025/10/21 05:36:32.572 [T:0x59a9d] [DisplayControl] VideoPortMatchingRule
2025/10/21 05:36:32.572 [T:0x59a9d] [DisplayControl] monitor display_info_model_name = VG275
2025/10/21 05:36:32.573 [T:0x59a9d] [DisplayControl] monitor video_port_model_name = VG275
2025/10/21 05:36:32.573 [T:0x59a9d] [DisplayControl] monitor display_info_sn = XF6232400003
2025/10/21 05:36:32.573 [T:0x59a9d] [DisplayControl] monitor video_port_sn = XF6232400003
2025/10/21 05:36:32.573 [T:0x59a9d] [DisplayControl] model_name_match = 1
2025/10/21 05:36:32.573 [T:0x59a9d] [DisplayControl] sn_match = 1
2025/10/21 05:36:32.573 [T:0x59a9d] [DisplayControl] video_port is_match = 1
2025/10/21 05:36:32.573 [T:0x59a9d] [DisplayControl] i = 0
2025/10/21 05:36:32.573 [T:0x59a9d] [DisplayControl] Enter OperationThread::OperationThread()
2025/10/21 05:36:32.573 [T:0x59a9d] [DisplayControl] Enter OperationThread::CreateThread
2025/10/21 05:36:32.573 [T:0x59a9d] [DisplayControl] new DisplayFunctioner
2025/10/21 05:36:32.573 [T:0x59a9d] [DisplayControl] insert displayer_vector
2025/10/21 05:36:32.573 [T:0x59a9d] [DisplayControl] insert modelName_SN_to_Display_map
2025/10/21 05:36:32.573 [T:0x59a9d] [DisplayControl] insert device_id_to_Displayer_map_
2025/10/21 05:36:32.573 [T:0x59a9d] [DisplayControl] i = 1
2025/10/21 05:36:32.573 [T:0x59a9d] [DisplayControl] Enter OperationThread::OperationThread()
2025/10/21 05:36:32.573 [T:0x59a9d] [DisplayControl] Enter OperationThread::CreateThread
2025/10/21 05:36:32.573 [T:0x59a9d] [DisplayControl] new DisplayFunctioner
2025/10/21 05:36:32.573 [T:0x59a9d] [DisplayControl] insert displayer_vector
2025/10/21 05:36:32.573 [T:0x59a9d] [DisplayControl] insert modelName_SN_to_Display_map
2025/10/21 05:36:32.573 [T:0x59a9d] [DisplayControl] insert device_id_to_Displayer_map_
2025/10/21 05:36:32.573 [T:0x59a9d] [DisplayControl] monitor size = 2
2025/10/21 05:36:32.573 [T:0x59a9d] [DisplayControl] Exit ObtainControlHandler
2025/10/21 05:38:34.215 [T:0x59a9d] [DisplayControl] Enter OperationThread::ExitThread
2025/10/21 05:38:34.216 [T:0x59a9d] [DisplayControl] Exit OperationThread::ExitThread
2025/10/21 05:38:34.216 [T:0x59a9d] [DisplayControl] Enter OperationThread::~OperationThread()
2025/10/21 05:38:34.216 [T:0x59a9d] [DisplayControl] Enter OperationThread::ExitThread
2025/10/21 05:38:34.216 [T:0x59a9d] [DisplayControl] Enter OperationThread::ExitThread
2025/10/21 05:38:34.216 [T:0x59a9d] [DisplayControl] Exit OperationThread::ExitThread
2025/10/21 05:38:34.216 [T:0x59a9d] [DisplayControl] Enter OperationThread::~OperationThread()
2025/10/21 05:38:34.216 [T:0x59a9d] [DisplayControl] Enter OperationThread::ExitThread
2025/10/21 05:38:34.234 [T:0x59a9d] [DbgStr] After calling display_control_client_listener_video_port_.UpdateAllDisplayPath()
2025/10/21 05:38:34.247 [T:0x59a9d] [DbgStr] After calling display_control_client_listener_.GetAllDisplayEDID()
2025/10/21 05:38:34.259 [T:0x59a9d] [DisplayControl] Version = 3.0.6.0
2025/10/21 05:38:34.260 [T:0x59a9d] [DisplayControl] Enter ObtainControlHandler1
2025/10/21 05:38:34.260 [T:0x59a9d] [DisplayControl] GetVideoPortCommander
2025/10/21 05:38:34.260 [T:0x59a9d] [DisplayControl] GetUSBHubCommander
2025/10/21 05:38:34.260 [T:0x59a9d] ====== List p_lpo_display_info_video_port, # of devices is ======2
2025/10/21 05:38:34.260 [T:0x59a9d] [DisplayControl] index of p_lpo_display_info_video_port0
2025/10/21 05:38:34.260 [T:0x59a9d] [DisplayControl] Model name from VideoPort = VG2458
2025/10/21 05:38:34.260 [T:0x59a9d] [DisplayControl] SN from VideoPort = YDJ243400006
2025/10/21 05:38:34.260 [T:0x59a9d] [DisplayControl] index of p_lpo_display_info_video_port1
2025/10/21 05:38:34.260 [T:0x59a9d] [DisplayControl] Model name from VideoPort = VG275
2025/10/21 05:38:34.260 [T:0x59a9d] [DisplayControl] SN from VideoPort = XF6232400003
2025/10/21 05:38:34.260 [T:0x59a9d] ====== List p_lpo_display_info_rtd_scalar_rts_hub, # of devices is ======0
2025/10/21 05:38:34.260 [T:0x59a9d] [DisplayControl] GetVSRtkHubControlClientListener
2025/10/21 05:38:34.260 [T:0x59a9d] [DisplayControl] max monitor count = 2
2025/10/21 05:38:34.260 [T:0x59a9d] [DisplayControl] index of display_info_vec = 0
2025/10/21 05:38:34.260 [T:0x59a9d] [DisplayControl] index of p_lpo_display_info_video_port = 0
2025/10/21 05:38:34.260 [T:0x59a9d] [DisplayControl] VideoPortMatchingRule
2025/10/21 05:38:34.260 [T:0x59a9d] [DisplayControl] monitor display_info_model_name = VG2458
2025/10/21 05:38:34.260 [T:0x59a9d] [DisplayControl] monitor video_port_model_name = VG2458
2025/10/21 05:38:34.260 [T:0x59a9d] [DisplayControl] monitor display_info_sn = YDJ243400006
2025/10/21 05:38:34.260 [T:0x59a9d] [DisplayControl] monitor video_port_sn = YDJ243400006
2025/10/21 05:38:34.260 [T:0x59a9d] [DisplayControl] model_name_match = 1
2025/10/21 05:38:34.260 [T:0x59a9d] [DisplayControl] sn_match = 1
2025/10/21 05:38:34.260 [T:0x59a9d] [DisplayControl] video_port is_match = 1
2025/10/21 05:38:34.260 [T:0x59a9d] [DisplayControl] index of display_info_vec = 1
2025/10/21 05:38:34.260 [T:0x59a9d] [DisplayControl] index of p_lpo_display_info_video_port = 0
2025/10/21 05:38:34.261 [T:0x59a9d] [DisplayControl] VideoPortMatchingRule
2025/10/21 05:38:34.261 [T:0x59a9d] [DisplayControl] monitor display_info_model_name = VG275
2025/10/21 05:38:34.261 [T:0x59a9d] [DisplayControl] monitor video_port_model_name = VG2458
2025/10/21 05:38:34.261 [T:0x59a9d] [DisplayControl] monitor display_info_sn = XF6232400003
2025/10/21 05:38:34.261 [T:0x59a9d] [DisplayControl] monitor video_port_sn = YDJ243400006
2025/10/21 05:38:34.261 [T:0x59a9d] [DisplayControl] model_name_match = 0
2025/10/21 05:38:34.261 [T:0x59a9d] [DisplayControl] sn_match = 0
2025/10/21 05:38:34.261 [T:0x59a9d] [DisplayControl] video_port is_match = 0
2025/10/21 05:38:34.261 [T:0x59a9d] [DisplayControl] index of display_info_vec = 1
2025/10/21 05:38:34.261 [T:0x59a9d] [DisplayControl] index of p_lpo_display_info_video_port = 1
2025/10/21 05:38:34.261 [T:0x59a9d] [DisplayControl] VideoPortMatchingRule
2025/10/21 05:38:34.261 [T:0x59a9d] [DisplayControl] monitor display_info_model_name = VG275
2025/10/21 05:38:34.261 [T:0x59a9d] [DisplayControl] monitor video_port_model_name = VG275
2025/10/21 05:38:34.261 [T:0x59a9d] [DisplayControl] monitor display_info_sn = XF6232400003
2025/10/21 05:38:34.261 [T:0x59a9d] [DisplayControl] monitor video_port_sn = XF6232400003
2025/10/21 05:38:34.261 [T:0x59a9d] [DisplayControl] model_name_match = 1
2025/10/21 05:38:34.261 [T:0x59a9d] [DisplayControl] sn_match = 1
2025/10/21 05:38:34.261 [T:0x59a9d] [DisplayControl] video_port is_match = 1
2025/10/21 05:38:34.261 [T:0x59a9d] [DisplayControl] i = 0
2025/10/21 05:38:34.261 [T:0x59a9d] [DisplayControl] Enter OperationThread::OperationThread()
2025/10/21 05:38:34.261 [T:0x59a9d] [DisplayControl] Enter OperationThread::CreateThread
2025/10/21 05:38:34.261 [T:0x59a9d] [DisplayControl] new DisplayFunctioner
2025/10/21 05:38:34.261 [T:0x59a9d] [DisplayControl] insert displayer_vector
2025/10/21 05:38:34.261 [T:0x59a9d] [DisplayControl] insert modelName_SN_to_Display_map
2025/10/21 05:38:34.261 [T:0x59a9d] [DisplayControl] insert device_id_to_Displayer_map_
2025/10/21 05:38:34.261 [T:0x59a9d] [DisplayControl] i = 1
2025/10/21 05:38:34.262 [T:0x59a9d] [DisplayControl] Enter OperationThread::OperationThread()
2025/10/21 05:38:34.262 [T:0x59a9d] [DisplayControl] Enter OperationThread::CreateThread
2025/10/21 05:38:34.262 [T:0x59a9d] [DisplayControl] new DisplayFunctioner
2025/10/21 05:38:34.262 [T:0x59a9d] [DisplayControl] insert displayer_vector
2025/10/21 05:38:34.262 [T:0x59a9d] [DisplayControl] insert modelName_SN_to_Display_map
2025/10/21 05:38:34.262 [T:0x59a9d] [DisplayControl] insert device_id_to_Displayer_map_
2025/10/21 05:38:34.262 [T:0x59a9d] [DisplayControl] monitor size = 2
2025/10/21 05:38:34.262 [T:0x59a9d] [DisplayControl] Exit ObtainControlHandler
2025/10/21 05:40:38.858 [T:0x3d4a6] [DisplayControl] Enter MCCSOtherSet::SetVCP(), vcp code = 16
2025/10/21 05:40:39.068 [T:0x3d4a6] [DisplayControl] Exit MCCSOtherSet::SetVCP()
2025/10/21 05:42:12.139 [T:0x6cc62] [DisplayControl] Enter MCCSOtherSet::SetVCP(), vcp code = 16
2025/10/21 05:42:12.333 [T:0x6cc62] [DisplayControl] Exit MCCSOtherSet::SetVCP()
2025/10/21 05:43:43.421 [T:0x3c416] [DisplayControl] Enter MCCSOtherSet::SetVCP(), vcp code = 18
2025/10/21 05:43:43.615 [T:0x3c416] [DisplayControl] Exit MCCSOtherSet::SetVCP()
2025/10/21 05:45:15.735 [T:0xa7fa9] [DisplayControl] Enter MCCSOtherSet::SetVCP(), vcp code = 18
2025/10/21 05:45:15.929 [T:0xa7fa9] [DisplayControl] Exit MCCSOtherSet::SetVCP()
2025/10/21 05:46:48.000 [T:0x29167] [DisplayControl] Enter MCCSOtherSet::SetVCP(), vcp code = 135
2025/10/21 05:46:48.209 [T:0x29167] [DisplayControl] Exit MCCSOtherSet::SetVCP()
2025/10/21 05:48:20.265 [T:0x6b8e2] [DisplayControl] Enter MCCSOtherSet::SetVCP(), vcp code = 135
2025/10/21 05:48:20.474 [T:0x6b8e2] [DisplayControl] Exit MCCSOtherSet::SetVCP()
2025/10/21 05:49:52.450 [T:0x59a9d] [DisplayControl] Enter MCCSOtherSet::SetVCP(), vcp code = 98
2025/10/21 05:49:52.942 [T:0x59a9d] [DisplayControl] Exit MCCSOtherSet::SetVCP()
2025/10/21 05:49:53.051 [T:0x170bd] [DisplayControl] Enter MCCSOtherSet::SetVCP(), vcp code = 98
2025/10/21 05:49:53.260 [T:0x170bd] [DisplayControl] Exit MCCSOtherSet::SetVCP()
2025/10/21 05:51:24.734 [T:0x59a9d] [DisplayControl] Enter MCCSOtherSet::SetVCP(), vcp code = 98
2025/10/21 05:51:24.935 [T:0x59a9d] [DisplayControl] Exit MCCSOtherSet::SetVCP()
2025/10/21 05:51:25.048 [T:0x18789] [DisplayControl] Enter MCCSOtherSet::SetVCP(), vcp code = 98
2025/10/21 05:51:25.242 [T:0x18789] [DisplayControl] Exit MCCSOtherSet::SetVCP()
2025/10/21 05:53:00.670 [T:0x4255e] [DisplayControl] Enter MCCSOtherSet::SetVCP(), vcp code = 220
2025/10/21 05:53:01.655 [T:0x4255e] [DisplayControl] Exit MCCSOtherSet::SetVCP()
2025/10/21 05:53:07.277 [T:0x4255e] [DisplayControl] Enter MCCSOtherSet::GetVCP(), vcp code = 135
2025/10/21 05:53:07.358 [T:0x4255e] [DisplayControl] Exit MCCSOtherSet::GetVCP()
2025/10/21 05:53:08.073 [T:0x4255e] [DisplayControl] Enter MCCSOtherSet::GetVCP(), vcp code = 16
2025/10/21 05:53:08.155 [T:0x4255e] [DisplayControl] Exit MCCSOtherSet::GetVCP()
2025/10/21 05:53:08.870 [T:0x4255e] [DisplayControl] Enter MCCSOtherSet::GetVCP(), vcp code = 18
2025/10/21 05:53:08.952 [T:0x4255e] [DisplayControl] Exit MCCSOtherSet::GetVCP()
2025/10/21 05:53:09.667 [T:0x4255e] [DisplayControl] Enter MCCSOtherSet::GetVCP(), vcp code = 20
2025/10/21 05:53:09.749 [T:0x4255e] [DisplayControl] Exit MCCSOtherSet::GetVCP()
2025/10/21 05:54:54.223 [T:0xf5d01] [DisplayControl] Enter MCCSOtherSet::SetVCP(), vcp code = 220
2025/10/21 05:54:55.210 [T:0xf5d01] [DisplayControl] Exit MCCSOtherSet::SetVCP()
2025/10/21 05:55:00.832 [T:0xf5d01] [DisplayControl] Enter MCCSOtherSet::GetVCP(), vcp code = 135
2025/10/21 05:55:00.913 [T:0xf5d01] [DisplayControl] Exit MCCSOtherSet::GetVCP()
2025/10/21 05:55:01.629 [T:0xf5d01] [DisplayControl] Enter MCCSOtherSet::GetVCP(), vcp code = 16
2025/10/21 05:55:01.710 [T:0xf5d01] [DisplayControl] Exit MCCSOtherSet::GetVCP()
2025/10/21 05:55:02.426 [T:0xf5d01] [DisplayControl] Enter MCCSOtherSet::GetVCP(), vcp code = 18
2025/10/21 05:55:02.507 [T:0xf5d01] [DisplayControl] Exit MCCSOtherSet::GetVCP()
2025/10/21 05:55:03.223 [T:0xf5d01] [DisplayControl] Enter MCCSOtherSet::GetVCP(), vcp code = 20
2025/10/21 05:55:03.304 [T:0xf5d01] [DisplayControl] Exit MCCSOtherSet::GetVCP()
2025/10/21 05:56:47.774 [T:0x6b8e2] [DisplayControl] Enter MCCSOtherSet::SetVCP(), vcp code = 220
2025/10/21 05:56:48.762 [T:0x6b8e2] [DisplayControl] Exit MCCSOtherSet::SetVCP()
2025/10/21 05:56:54.383 [T:0x6b8e2] [DisplayControl] Enter MCCSOtherSet::GetVCP(), vcp code = 135
2025/10/21 05:56:54.465 [T:0x6b8e2] [DisplayControl] Exit MCCSOtherSet::GetVCP()
2025/10/21 05:56:55.180 [T:0x6b8e2] [DisplayControl] Enter MCCSOtherSet::GetVCP(), vcp code = 16
2025/10/21 05:56:55.262 [T:0x6b8e2] [DisplayControl] Exit MCCSOtherSet::GetVCP()
2025/10/21 05:56:55.977 [T:0x6b8e2] [DisplayControl] Enter MCCSOtherSet::GetVCP(), vcp code = 18
2025/10/21 05:56:56.059 [T:0x6b8e2] [DisplayControl] Exit MCCSOtherSet::GetVCP()
2025/10/21 05:56:56.774 [T:0x6b8e2] [DisplayControl] Enter MCCSOtherSet::GetVCP(), vcp code = 20
2025/10/21 05:56:56.855 [T:0x6b8e2] [DisplayControl] Exit MCCSOtherSet::GetVCP()
2025/10/21 05:58:41.325 [T:0xfce42] [DisplayControl] Enter MCCSOtherSet::SetVCP(), vcp code = 220
2025/10/21 05:58:42.313 [T:0xfce42] [DisplayControl] Exit MCCSOtherSet::SetVCP()
2025/10/21 05:58:47.934 [T:0xfce42] [DisplayControl] Enter MCCSOtherSet::GetVCP(), vcp code = 135
2025/10/21 05:58:48.015 [T:0xfce42] [DisplayControl] Exit MCCSOtherSet::GetVCP()
2025/10/21 05:58:48.731 [T:0xfce42] [DisplayControl] Enter MCCSOtherSet::GetVCP(), vcp code = 16
2025/10/21 05:58:48.813 [T:0xfce42] [DisplayControl] Exit MCCSOtherSet::GetVCP()
2025/10/21 05:58:49.528 [T:0xfce42] [DisplayControl] Enter MCCSOtherSet::GetVCP(), vcp code = 18
2025/10/21 05:58:49.609 [T:0xfce42] [DisplayControl] Exit MCCSOtherSet::GetVCP()
2025/10/21 05:58:50.324 [T:0xfce42] [DisplayControl] Enter MCCSOtherSet::GetVCP(), vcp code = 20
2025/10/21 05:58:50.406 [T:0xfce42] [DisplayControl] Exit MCCSOtherSet::GetVCP()
2025/10/21 06:00:34.847 [T:0x279b4] [DisplayControl] Enter MCCSOtherSet::SetVCP(), vcp code = 220
2025/10/21 06:00:35.838 [T:0x279b4] [DisplayControl] Exit MCCSOtherSet::SetVCP()
2025/10/21 06:00:41.449 [T:0x279b4] [DisplayControl] Enter MCCSOtherSet::GetVCP(), vcp code = 135
2025/10/21 06:00:41.531 [T:0x279b4] [DisplayControl] Exit MCCSOtherSet::GetVCP()
2025/10/21 06:00:42.245 [T:0x279b4] [DisplayControl] Enter MCCSOtherSet::GetVCP(), vcp code = 16
2025/10/21 06:00:42.327 [T:0x279b4] [DisplayControl] Exit MCCSOtherSet::GetVCP()
2025/10/21 06:00:43.042 [T:0x279b4] [DisplayControl] Enter MCCSOtherSet::GetVCP(), vcp code = 18
2025/10/21 06:00:43.124 [T:0x279b4] [DisplayControl] Exit MCCSOtherSet::GetVCP()
2025/10/21 06:00:43.839 [T:0x279b4] [DisplayControl] Enter MCCSOtherSet::GetVCP(), vcp code = 20
2025/10/21 06:00:43.921 [T:0x279b4] [DisplayControl] Exit MCCSOtherSet::GetVCP()
2025/10/21 06:02:28.410 [T:0x5aca2] [DisplayControl] Enter MCCSOtherSet::SetVCP(), vcp code = 220
2025/10/21 06:02:29.397 [T:0x5aca2] [DisplayControl] Exit MCCSOtherSet::SetVCP()
2025/10/21 06:02:35.019 [T:0x5aca2] [DisplayControl] Enter MCCSOtherSet::GetVCP(), vcp code = 135
2025/10/21 06:02:35.100 [T:0x5aca2] [DisplayControl] Exit MCCSOtherSet::GetVCP()
2025/10/21 06:02:35.815 [T:0x5aca2] [DisplayControl] Enter MCCSOtherSet::GetVCP(), vcp code = 16
2025/10/21 06:02:35.897 [T:0x5aca2] [DisplayControl] Exit MCCSOtherSet::GetVCP()
2025/10/21 06:02:36.612 [T:0x5aca2] [DisplayControl] Enter MCCSOtherSet::GetVCP(), vcp code = 18
2025/10/21 06:02:36.694 [T:0x5aca2] [DisplayControl] Exit MCCSOtherSet::GetVCP()
2025/10/21 06:02:37.409 [T:0x5aca2] [DisplayControl] Enter MCCSOtherSet::GetVCP(), vcp code = 20
2025/10/21 06:02:37.491 [T:0x5aca2] [DisplayControl] Exit MCCSOtherSet::GetVCP()
2025/10/21 06:04:21.874 [T:0xe4960] [DisplayControl] Enter MCCSOtherSet::SetVCP(), vcp code = 220
2025/10/21 06:04:22.862 [T:0xe4960] [DisplayControl] Exit MCCSOtherSet::SetVCP()
2025/10/21 06:04:28.483 [T:0xe4960] [DisplayControl] Enter MCCSOtherSet::GetVCP(), vcp code = 135
2025/10/21 06:04:28.565 [T:0xe4960] [DisplayControl] Exit MCCSOtherSet::GetVCP()
2025/10/21 06:04:29.280 [T:0xe4960] [DisplayControl] Enter MCCSOtherSet::GetVCP(), vcp code = 16
2025/10/21 06:04:29.362 [T:0xe4960] [DisplayControl] Exit MCCSOtherSet::GetVCP()
2025/10/21 06:04:30.077 [T:0xe4960] [DisplayControl] Enter MCCSOtherSet::GetVCP(), vcp code = 18
2025/10/21 06:04:30.159 [T:0xe4960] [DisplayControl] Exit MCCSOtherSet::GetVCP()
2025/10/21 06:04:30.874 [T:0xe4960] [DisplayControl] Enter MCCSOtherSet::GetVCP(), vcp code = 20
2025/10/21 06:04:30.956 [T:0xe4960] [DisplayControl] Exit MCCSOtherSet::GetVCP()
2025/10/21 06:06:15.440 [T:0xe51a8] [DisplayControl] Enter MCCSOtherSet::SetVCP(), vcp code = 220
2025/10/21 06:06:16.426 [T:0xe51a8] [DisplayControl] Exit MCCSOtherSet::SetVCP()
2025/10/21 06:06:22.048 [T:0xe51a8] [DisplayControl] Enter MCCSOtherSet::GetVCP(), vcp code = 135
2025/10/21 06:06:22.130 [T:0xe51a8] [DisplayControl] Exit MCCSOtherSet::GetVCP()
2025/10/21 06:06:22.844 [T:0xe51a8] [DisplayControl] Enter MCCSOtherSet::GetVCP(), vcp code = 16
2025/10/21 06:06:22.926 [T:0xe51a8] [DisplayControl] Exit MCCSOtherSet::GetVCP()
2025/10/21 06:06:23.641 [T:0xe51a8] [DisplayControl] Enter MCCSOtherSet::GetVCP(), vcp code = 18
2025/10/21 06:06:23.723 [T:0xe51a8] [DisplayControl] Exit MCCSOtherSet::GetVCP()
2025/10/21 06:06:24.438 [T:0xe51a8] [DisplayControl] Enter MCCSOtherSet::GetVCP(), vcp code = 20
2025/10/21 06:06:24.520 [T:0xe51a8] [DisplayControl] Exit MCCSOtherSet::GetVCP()
2025/10/21 06:08:08.991 [T:0x0b9f9] [DisplayControl] Enter MCCSOtherSet::SetVCP(), vcp code = 220
2025/10/21 06:08:09.977 [T:0x0b9f9] [DisplayControl] Exit MCCSOtherSet::SetVCP()
2025/10/21 06:08:15.599 [T:0x0b9f9] [DisplayControl] Enter MCCSOtherSet::GetVCP(), vcp code = 135
2025/10/21 06:08:15.681 [T:0x0b9f9] [DisplayControl] Exit MCCSOtherSet::GetVCP()
2025/10/21 06:08:16.396 [T:0x0b9f9] [DisplayControl] Enter MCCSOtherSet::GetVCP(), vcp code = 16
2025/10/21 06:08:16.477 [T:0x0b9f9] [DisplayControl] Exit MCCSOtherSet::GetVCP()
2025/10/21 06:08:17.193 [T:0x0b9f9] [DisplayControl] Enter MCCSOtherSet::GetVCP(), vcp code = 18
2025/10/21 06:08:17.274 [T:0x0b9f9] [DisplayControl] Exit MCCSOtherSet::GetVCP()
2025/10/21 06:08:17.990 [T:0x0b9f9] [DisplayControl] Enter MCCSOtherSet::GetVCP(), vcp code = 20
2025/10/21 06:08:18.071 [T:0x0b9f9] [DisplayControl] Exit MCCSOtherSet::GetVCP()
2025/10/21 06:10:02.490 [T:0x1f02c] [DisplayControl] Enter MCCSOtherSet::SetVCP(), vcp code = 220
2025/10/21 06:10:03.461 [T:0x1f02c] [DisplayControl] Exit MCCSOtherSet::SetVCP()
2025/10/21 06:10:09.082 [T:0x1f02c] [DisplayControl] Enter MCCSOtherSet::GetVCP(), vcp code = 135
2025/10/21 06:10:09.164 [T:0x1f02c] [DisplayControl] Exit MCCSOtherSet::GetVCP()
2025/10/21 06:10:09.879 [T:0x1f02c] [DisplayControl] Enter MCCSOtherSet::GetVCP(), vcp code = 16
2025/10/21 06:10:09.961 [T:0x1f02c] [DisplayControl] Exit MCCSOtherSet::GetVCP()
2025/10/21 06:10:10.676 [T:0x1f02c] [DisplayControl] Enter MCCSOtherSet::GetVCP(), vcp code = 18
2025/10/21 06:10:10.758 [T:0x1f02c] [DisplayControl] Exit MCCSOtherSet::GetVCP()
2025/10/21 06:10:11.473 [T:0x1f02c] [DisplayControl] Enter MCCSOtherSet::GetVCP(), vcp code = 20
2025/10/21 06:10:11.555 [T:0x1f02c] [DisplayControl] Exit MCCSOtherSet::GetVCP()
2025/10/21 06:11:56.028 [T:0x2fde7] [DisplayControl] Enter MCCSOtherSet::SetVCP(), vcp code = 220
2025/10/21 06:11:57.013 [T:0x2fde7] [DisplayControl] Exit MCCSOtherSet::SetVCP()
2025/10/21 06:12:02.634 [T:0x2fde7] [DisplayControl] Enter MCCSOtherSet::GetVCP(), vcp code = 135
2025/10/21 06:12:02.716 [T:0x2fde7] [DisplayControl] Exit MCCSOtherSet::GetVCP()
2025/10/21 06:12:03.431 [T:0x2fde7] [DisplayControl] Enter MCCSOtherSet::GetVCP(), vcp code = 16
2025/10/21 06:12:03.513 [T:0x2fde7] [DisplayControl] Exit MCCSOtherSet::GetVCP()
2025/10/21 06:12:04.228 [T:0x2fde7] [DisplayControl] Enter MCCSOtherSet::GetVCP(), vcp code = 18
2025/10/21 06:12:04.310 [T:0x2fde7] [DisplayControl] Exit MCCSOtherSet::GetVCP()
2025/10/21 06:12:05.025 [T:0x2fde7] [DisplayControl] Enter MCCSOtherSet::GetVCP(), vcp code = 20
2025/10/21 06:12:05.106 [T:0x2fde7] [DisplayControl] Exit MCCSOtherSet::GetVCP()
2025/10/21 06:13:49.625 [T:0x5551d] [DisplayControl] Enter MCCSOtherSet::SetVCP(), vcp code = 220
2025/10/21 06:13:50.612 [T:0x5551d] [DisplayControl] Exit MCCSOtherSet::SetVCP()
2025/10/21 06:13:56.232 [T:0x5551d] [DisplayControl] Enter MCCSOtherSet::GetVCP(), vcp code = 135
2025/10/21 06:13:56.314 [T:0x5551d] [DisplayControl] Exit MCCSOtherSet::GetVCP()
2025/10/21 06:13:57.029 [T:0x5551d] [DisplayControl] Enter MCCSOtherSet::GetVCP(), vcp code = 16
2025/10/21 06:13:57.111 [T:0x5551d] [DisplayControl] Exit MCCSOtherSet::GetVCP()
2025/10/21 06:13:57.826 [T:0x5551d] [DisplayControl] Enter MCCSOtherSet::GetVCP(), vcp code = 18
2025/10/21 06:13:57.908 [T:0x5551d] [DisplayControl] Exit MCCSOtherSet::GetVCP()
2025/10/21 06:13:58.623 [T:0x5551d] [DisplayControl] Enter MCCSOtherSet::GetVCP(), vcp code = 20
2025/10/21 06:13:58.704 [T:0x5551d] [DisplayControl] Exit MCCSOtherSet::GetVCP()
2025/10/21 06:15:43.198 [T:0xff685] [DisplayControl] Enter MCCSOtherSet::SetVCP(), vcp code = 220
2025/10/21 06:15:44.154 [T:0xff685] [DisplayControl] Exit MCCSOtherSet::SetVCP()
2025/10/21 06:15:49.776 [T:0xff685] [DisplayControl] Enter MCCSOtherSet::GetVCP(), vcp code = 135
2025/10/21 06:15:49.858 [T:0xff685] [DisplayControl] Exit MCCSOtherSet::GetVCP()
2025/10/21 06:15:50.573 [T:0xff685] [DisplayControl] Enter MCCSOtherSet::GetVCP(), vcp code = 16
2025/10/21 06:15:50.655 [T:0xff685] [DisplayControl] Exit MCCSOtherSet::GetVCP()
2025/10/21 06:15:51.370 [T:0xff685] [DisplayControl] Enter MCCSOtherSet::GetVCP(), vcp code = 18
2025/10/21 06:15:51.452 [T:0xff685] [DisplayControl] Exit MCCSOtherSet::GetVCP()
2025/10/21 06:15:52.167 [T:0xff685] [DisplayControl] Enter MCCSOtherSet::GetVCP(), vcp code = 20
2025/10/21 06:15:52.249 [T:0xff685] [DisplayControl] Exit MCCSOtherSet::GetVCP()
2025/10/21 06:17:50.938 [T:0xfa281] [DisplayControl] Enter MCCSOtherSet::SetVCP(), vcp code = 4
2025/10/21 06:17:51.874 [T:0xfa281] [DisplayControl] Exit MCCSOtherSet::SetVCP()
2025/10/21 06:17:56.996 [T:0xfa281] [DisplayControl] Enter OperationThread::ExitThread
2025/10/21 06:17:56.996 [T:0xfa281] [DisplayControl] Exit OperationThread::ExitThread
2025/10/21 06:17:56.996 [T:0xfa281] [DisplayControl] Enter OperationThread::~OperationThread()
2025/10/21 06:17:56.996 [T:0xfa281] [DisplayControl] Enter OperationThread::ExitThread
2025/10/21 06:17:56.996 [T:0xfa281] [DisplayControl] Enter OperationThread::ExitThread
2025/10/21 06:17:56.996 [T:0xfa281] [DisplayControl] Exit OperationThread::ExitThread
2025/10/21 06:17:56.996 [T:0xfa281] [DisplayControl] Enter OperationThread::~OperationThread()
2025/10/21 06:17:56.996 [T:0xfa281] [DisplayControl] Enter OperationThread::ExitThread
2025/10/21 06:17:57.017 [T:0xfa281] [DbgStr] After calling display_control_client_listener_video_port_.UpdateAllDisplayPath()
2025/10/21 06:17:57.030 [T:0xfa281] [DbgStr] After calling display_control_client_listener_.GetAllDisplayEDID()
2025/10/21 06:17:57.032 [T:0xfa281] [DisplayControl] Version = 3.0.6.0
2025/10/21 06:17:57.032 [T:0xfa281] [DisplayControl] Enter ObtainControlHandler1
2025/10/21 06:17:57.032 [T:0xfa281] [DisplayControl] GetVideoPortCommander
2025/10/21 06:17:57.032 [T:0xfa281] [DisplayControl] GetUSBHubCommander
2025/10/21 06:17:57.032 [T:0xfa281] ====== List p_lpo_display_info_video_port, # of devices is ======2
2025/10/21 06:17:57.032 [T:0xfa281] [DisplayControl] index of p_lpo_display_info_video_port0
2025/10/21 06:17:57.032 [T:0xfa281] [DisplayControl] Model name from VideoPort = VG2458
2025/10/21 06:17:57.033 [T:0xfa281] [DisplayControl] SN from VideoPort = YDJ243400006
2025/10/21 06:17:57.033 [T:0xfa281] [DisplayControl] index of p_lpo_display_info_video_port1
2025/10/21 06:17:57.033 [T:0xfa281] [DisplayControl] Model name from VideoPort = VG275
2025/10/21 06:17:57.033 [T:0xfa281] [DisplayControl] SN from VideoPort = XF6232400003
2025/10/21 06:17:57.033 [T:0xfa281] ====== List p_lpo_display_info_rtd_scalar_rts_hub, # of devices is ======0
2025/10/21 06:17:57.033 [T:0xfa281] [DisplayControl] GetVSRtkHubControlClientListener
2025/10/21 06:17:57.033 [T:0xfa281] [DisplayControl] max monitor count = 2
2025/10/21 06:17:57.033 [T:0xfa281] [DisplayControl] index of display_info_vec = 0
2025/10/21 06:17:57.033 [T:0xfa281] [DisplayControl] index of p_lpo_display_info_video_port = 0
2025/10/21 06:17:57.033 [T:0xfa281] [DisplayControl] VideoPortMatchingRule
2025/10/21 06:17:57.033 [T:0xfa281] [DisplayControl] monitor display_info_model_name = VG2458
2025/10/21 06:17:57.033 [T:0xfa281] [DisplayControl] monitor video_port_model_name = VG2458
2025/10/21 06:17:57.033 [T:0xfa281] [DisplayControl] monitor display_info_sn = YDJ243400006
2025/10/21 06:17:57.033 [T:0xfa281] [DisplayControl] monitor video_port_sn = YDJ243400006
2025/10/21 06:17:57.033 [T:0xfa281] [DisplayControl] model_name_match = 1
2025/10/21 06:17:57.033 [T:0xfa281] [DisplayControl] sn_match = 1
2025/10/21 06:17:57.033 [T:0xfa281] [DisplayControl] video_port is_match = 1
2025/10/21 06:17:57.033 [T:0xfa281] [DisplayControl] index of display_info_vec = 1
2025/10/21 06:17:57.033 [T:0xfa281] [DisplayControl] index of p_lpo_display_info_video_port = 0
2025/10/21 06:17:57.033 [T:0xfa281] [DisplayControl] VideoPortMatchingRule
2025/10/21 06:17:57.033 [T:0xfa281] [DisplayControl] monitor display_info_model_name = VG275
2025/10/21 06:17:57.033 [T:0xfa281] [DisplayControl] monitor video_port_model_name = VG2458
2025/10/21 06:17:57.033 [T:0xfa281] [DisplayControl] monitor display_info_sn = XF6232400003
2025/10/21 06:17:57.033 [T:0xfa281] [DisplayControl] monitor video_port_sn = YDJ243400006
2025/10/21 06:17:57.033 [T:0xfa281] [DisplayControl] model_name_match = 0
2025/10/21 06:17:57.033 [T:0xfa281] [DisplayControl] sn_match = 0
2025/10/21 06:17:57.033 [T:0xfa281] [DisplayControl] video_port is_match = 0
2025/10/21 06:17:57.033 [T:0xfa281] [DisplayControl] index of display_info_vec = 1
2025/10/21 06:17:57.034 [T:0xfa281] [DisplayControl] index of p_lpo_display_info_video_port = 1
2025/10/21 06:17:57.034 [T:0xfa281] [DisplayControl] VideoPortMatchingRule
2025/10/21 06:17:57.034 [T:0xfa281] [DisplayControl] monitor display_info_model_name = VG275
2025/10/21 06:17:57.034 [T:0xfa281] [DisplayControl] monitor video_port_model_name = VG275
2025/10/21 06:17:57.034 [T:0xfa281] [DisplayControl] monitor display_info_sn = XF6232400003
2025/10/21 06:17:57.034 [T:0xfa281] [DisplayControl] monitor video_port_sn = XF6232400003
2025/10/21 06:17:57.034 [T:0xfa281] [DisplayControl] model_name_match = 1
2025/10/21 06:17:57.034 [T:0xfa281] [DisplayControl] sn_match = 1
2025/10/21 06:17:57.034 [T:0xfa281] [DisplayControl] video_port is_match = 1
2025/10/21 06:17:57.034 [T:0xfa281] [DisplayControl] i = 0
2025/10/21 06:17:57.034 [T:0xfa281] [DisplayControl] Enter OperationThread::OperationThread()
2025/10/21 06:17:57.034 [T:0xfa281] [DisplayControl] Enter OperationThread::CreateThread
2025/10/21 06:17:57.034 [T:0xfa281] [DisplayControl] new DisplayFunctioner
2025/10/21 06:17:57.034 [T:0xfa281] [DisplayControl] insert displayer_vector
2025/10/21 06:17:57.034 [T:0xfa281] [DisplayControl] insert modelName_SN_to_Display_map
2025/10/21 06:17:57.034 [T:0xfa281] [DisplayControl] insert device_id_to_Displayer_map_
2025/10/21 06:17:57.034 [T:0xfa281] [DisplayControl] i = 1
2025/10/21 06:17:57.034 [T:0xfa281] [DisplayControl] Enter OperationThread::OperationThread()
2025/10/21 06:17:57.034 [T:0xfa281] [DisplayControl] Enter OperationThread::CreateThread
2025/10/21 06:17:57.034 [T:0xfa281] [DisplayControl] new DisplayFunctioner
2025/10/21 06:17:57.034 [T:0xfa281] [DisplayControl] insert displayer_vector
2025/10/21 06:17:57.034 [T:0xfa281] [DisplayControl] insert modelName_SN_to_Display_map
2025/10/21 06:17:57.034 [T:0xfa281] [DisplayControl] insert device_id_to_Displayer_map_
2025/10/21 06:17:57.034 [T:0xfa281] [DisplayControl] monitor size = 2
2025/10/21 06:17:57.035 [T:0xfa281] [DisplayControl] Exit ObtainControlHandler
2025/10/21 06:17:57.035 [T:0xfa281] [DisplayControl] Enter MCCSOtherSet::GetVCP(), vcp code = 16
2025/10/21 06:17:57.108 [T:0xfa281] [DisplayControl] Exit MCCSOtherSet::GetVCP()
2025/10/21 06:17:57.108 [T:0xfa281] [DisplayControl] Enter MCCSOtherSet::GetVCP(), vcp code = 135
2025/10/21 06:17:57.248 [T:0xfa281] [DisplayControl] Exit MCCSOtherSet::GetVCP()
2025/10/21 06:17:57.249 [T:0xfa281] [DisplayControl] Enter MCCSOtherSet::GetVCP(), vcp code = 135
2025/10/21 06:17:57.389 [T:0xfa281] [DisplayControl] Exit MCCSOtherSet::GetVCP()
2025/10/21 06:17:57.389 [T:0xfa281] [DisplayControl] Enter MCCSOtherSet::GetVCP(), vcp code = 135
2025/10/21 06:17:57.530 [T:0xfa281] [DisplayControl] Exit MCCSOtherSet::GetVCP()
2025/10/21 06:17:57.636 [T:0xfa281] [DisplayControl] Enter MCCSOtherSet::GetVCP(), vcp code = 16
2025/10/21 06:17:57.717 [T:0xfa281] [DisplayControl] Exit MCCSOtherSet::GetVCP()
2025/10/21 06:17:57.823 [T:0xfa281] [DisplayControl] Enter MCCSOtherSet::GetVCP(), vcp code = 51
2025/10/21 06:17:57.905 [T:0xfa281] [DisplayControl] Exit MCCSOtherSet::GetVCP()
2025/10/21 06:17:58.010 [T:0xfa281] [DisplayControl] Enter MCCSOtherSet::GetVCP(), vcp code = 4
2025/10/21 06:17:58.092 [T:0xfa281] [DisplayControl] Exit MCCSOtherSet::GetVCP()
2025/10/21 06:17:58.198 [T:0xfa281] [DisplayControl] Enter MCCSOtherSet::GetVCP(), vcp code = 245
2025/10/21 06:17:58.280 [T:0xfa281] [DisplayControl] Exit MCCSOtherSet::GetVCP()
2025/10/21 06:17:58.386 [T:0xfa281] [DisplayControl] Enter MCCSOtherSet::GetVCP(), vcp code = 96
2025/10/21 06:17:58.467 [T:0xfa281] [DisplayControl] Exit MCCSOtherSet::GetVCP()
2025/10/21 06:17:58.573 [T:0xfa281] [DisplayControl] Enter MCCSOtherSet::GetVCP(), vcp code = 98
2025/10/21 06:17:58.655 [T:0xfa281] [DisplayControl] Exit MCCSOtherSet::GetVCP()
2025/10/21 06:17:58.761 [T:0xfa281] [DisplayControl] Enter MCCSOtherSet::GetVCP(), vcp code = 18
2025/10/21 06:17:58.842 [T:0xfa281] [DisplayControl] Exit MCCSOtherSet::GetVCP()
2025/10/21 06:17:58.948 [T:0xfa281] [DisplayControl] Enter MCCSOtherSet::GetVCP(), vcp code = 225
2025/10/21 06:17:59.030 [T:0xfa281] [DisplayControl] Exit MCCSOtherSet::GetVCP()
2025/10/21 06:17:59.135 [T:0xfa281] [DisplayControl] Enter MCCSOtherSet::GetVCP(), vcp code = 43
2025/10/21 06:17:59.216 [T:0xfa281] [DisplayControl] Exit MCCSOtherSet::GetVCP()
2025/10/21 06:17:59.323 [T:0xfa281] [DisplayControl] Enter MCCSOtherSet::GetVCP(), vcp code = 97
2025/10/21 06:17:59.350 [T:0x59a9d] [DisplayControl] Enter MCCSOtherSet::GetVCP(), vcp code = 96
2025/10/21 06:17:59.415 [T:0xfa281] [DisplayControl] Exit MCCSOtherSet::GetVCP()
2025/10/21 06:17:59.517 [T:0xfa281] [DisplayControl] Enter MCCSOtherSet::GetVCP(), vcp code = 141
2025/10/21 06:17:59.587 [T:0x59a9d] [DisplayControl] Exit MCCSOtherSet::GetVCP()
2025/10/21 06:17:59.758 [T:0xfa281] [DisplayControl] Exit MCCSOtherSet::GetVCP()
2025/10/21 06:17:59.860 [T:0xfa281] [DisplayControl] Enter MCCSOtherSet::GetVCP(), vcp code = 20
2025/10/21 06:18:00.064 [T:0xfa281] [DisplayControl] Exit MCCSOtherSet::GetVCP()
2025/10/21 06:18:00.165 [T:0xfa281] [DisplayControl] Enter MCCSOtherSet::GetVCP(), vcp code = 220
2025/10/21 06:18:00.248 [T:0xfa281] [DisplayControl] Exit MCCSOtherSet::GetVCP()
2025/10/21 06:18:00.354 [T:0xfa281] [DisplayControl] Enter MCCSOtherSet::GetVCP(), vcp code = 135
2025/10/21 06:18:00.439 [T:0xfa281] [DisplayControl] Exit MCCSOtherSet::GetVCP()
2025/10/21 06:18:00.541 [T:0xfa281] [DisplayControl] Enter MCCSOtherSet::GetVCP(), vcp code = 16
2025/10/21 06:18:00.627 [T:0xfa281] [DisplayControl] Exit MCCSOtherSet::GetVCP()
2025/10/21 06:18:00.729 [T:0xfa281] [DisplayControl] Enter MCCSOtherSet::GetVCP(), vcp code = 51
2025/10/21 06:18:00.814 [T:0xfa281] [DisplayControl] Exit MCCSOtherSet::GetVCP()
2025/10/21 06:18:00.916 [T:0xfa281] [DisplayControl] Enter MCCSOtherSet::GetVCP(), vcp code = 4
2025/10/21 06:18:01.002 [T:0xfa281] [DisplayControl] Exit MCCSOtherSet::GetVCP()
2025/10/21 06:18:01.104 [T:0xfa281] [DisplayControl] Enter MCCSOtherSet::GetVCP(), vcp code = 226
2025/10/21 06:18:01.190 [T:0xfa281] [DisplayControl] Exit MCCSOtherSet::GetVCP()
2025/10/21 06:18:01.292 [T:0xfa281] [DisplayControl] Enter MCCSOtherSet::GetVCP(), vcp code = 236
2025/10/21 06:18:01.378 [T:0xfa281] [DisplayControl] Exit MCCSOtherSet::GetVCP()
2025/10/21 06:18:01.479 [T:0xfa281] [DisplayControl] Enter MCCSOtherSet::GetVCP(), vcp code = 96
2025/10/21 06:18:01.565 [T:0xfa281] [DisplayControl] Exit MCCSOtherSet::GetVCP()
2025/10/21 06:18:01.666 [T:0xfa281] [DisplayControl] Enter MCCSOtherSet::GetVCP(), vcp code = 98
2025/10/21 06:18:01.752 [T:0xfa281] [DisplayControl] Exit MCCSOtherSet::GetVCP()
2025/10/21 06:18:01.854 [T:0xfa281] [DisplayControl] Enter MCCSOtherSet::GetVCP(), vcp code = 18
2025/10/21 06:18:01.940 [T:0xfa281] [DisplayControl] Exit MCCSOtherSet::GetVCP()
2025/10/21 06:18:02.041 [T:0xfa281] [DisplayControl] Enter MCCSOtherSet::GetVCP(), vcp code = 225
2025/10/21 06:18:02.127 [T:0xfa281] [DisplayControl] Exit MCCSOtherSet::GetVCP()
2025/10/21 06:18:02.229 [T:0xfa281] [DisplayControl] Enter MCCSOtherSet::GetVCP(), vcp code = 43
2025/10/21 06:18:02.315 [T:0xfa281] [DisplayControl] Exit MCCSOtherSet::GetVCP()
2025/10/21 06:18:02.417 [T:0xfa281] [DisplayControl] Enter MCCSOtherSet::GetVCP(), vcp code = 97
2025/10/21 06:18:02.502 [T:0xfa281] [DisplayControl] Exit MCCSOtherSet::GetVCP()
2025/10/21 06:18:02.604 [T:0xfa281] [DisplayControl] Enter MCCSOtherSet::GetVCP(), vcp code = 141
2025/10/21 06:18:02.690 [T:0xfa281] [DisplayControl] Exit MCCSOtherSet::GetVCP()
2025/10/21 06:18:02.792 [T:0xfa281] [DisplayControl] Enter MCCSOtherSet::GetVCP(), vcp code = 220
2025/10/21 06:18:02.877 [T:0xfa281] [DisplayControl] Exit MCCSOtherSet::GetVCP()
2025/10/21 06:19:08.587 [T:0xfa6ec] [DisplayControl] Enter MCCSOtherSet::SetVCP(), vcp code = 20
2025/10/21 06:19:08.776 [T:0xfa6ec] [DisplayControl] Exit MCCSOtherSet::SetVCP()
2025/10/21 06:19:09.383 [T:0xfa6ec] [DisplayControl] Enter MCCSOtherSet::GetVCP(), vcp code = 135
2025/10/21 06:19:09.464 [T:0xfa6ec] [DisplayControl] Exit MCCSOtherSet::GetVCP()
2025/10/21 06:19:10.180 [T:0xfa6ec] [DisplayControl] Enter MCCSOtherSet::GetVCP(), vcp code = 16
2025/10/21 06:19:10.261 [T:0xfa6ec] [DisplayControl] Exit MCCSOtherSet::GetVCP()
2025/10/21 06:19:10.977 [T:0xfa6ec] [DisplayControl] Enter MCCSOtherSet::GetVCP(), vcp code = 18
2025/10/21 06:19:11.058 [T:0xfa6ec] [DisplayControl] Exit MCCSOtherSet::GetVCP()
2025/10/21 06:19:11.773 [T:0xfa6ec] [DisplayControl] Enter MCCSOtherSet::GetVCP(), vcp code = 20
2025/10/21 06:19:11.855 [T:0xfa6ec] [DisplayControl] Exit MCCSOtherSet::GetVCP()
2025/10/21 06:20:55.812 [T:0x79b6a] [DisplayControl] Enter MCCSOtherSet::SetVCP(), vcp code = 20
2025/10/21 06:20:56.001 [T:0x79b6a] [DisplayControl] Exit MCCSOtherSet::SetVCP()
2025/10/21 06:20:56.606 [T:0x79b6a] [DisplayControl] Enter MCCSOtherSet::GetVCP(), vcp code = 135
2025/10/21 06:20:56.688 [T:0x79b6a] [DisplayControl] Exit MCCSOtherSet::GetVCP()
2025/10/21 06:20:57.403 [T:0x79b6a] [DisplayControl] Enter MCCSOtherSet::GetVCP(), vcp code = 16
2025/10/21 06:20:57.485 [T:0x79b6a] [DisplayControl] Exit MCCSOtherSet::GetVCP()
2025/10/21 06:20:58.200 [T:0x79b6a] [DisplayControl] Enter MCCSOtherSet::GetVCP(), vcp code = 18
2025/10/21 06:20:58.282 [T:0x79b6a] [DisplayControl] Exit MCCSOtherSet::GetVCP()
2025/10/21 06:20:58.997 [T:0x79b6a] [DisplayControl] Enter MCCSOtherSet::GetVCP(), vcp code = 20
2025/10/21 06:20:59.079 [T:0x79b6a] [DisplayControl] Exit MCCSOtherSet::GetVCP()
2025/10/21 06:22:43.076 [T:0x33efc] [DisplayControl] Enter MCCSOtherSet::SetVCP(), vcp code = 20
2025/10/21 06:22:43.265 [T:0x33efc] [DisplayControl] Exit MCCSOtherSet::SetVCP()
2025/10/21 06:22:43.871 [T:0x33efc] [DisplayControl] Enter MCCSOtherSet::GetVCP(), vcp code = 135
2025/10/21 06:22:43.952 [T:0x33efc] [DisplayControl] Exit MCCSOtherSet::GetVCP()
2025/10/21 06:22:44.668 [T:0x33efc] [DisplayControl] Enter MCCSOtherSet::GetVCP(), vcp code = 16
2025/10/21 06:22:44.750 [T:0x33efc] [DisplayControl] Exit MCCSOtherSet::GetVCP()
2025/10/21 06:22:45.465 [T:0x33efc] [DisplayControl] Enter MCCSOtherSet::GetVCP(), vcp code = 18
2025/10/21 06:22:45.546 [T:0x33efc] [DisplayControl] Exit MCCSOtherSet::GetVCP()
2025/10/21 06:22:46.262 [T:0x33efc] [DisplayControl] Enter MCCSOtherSet::GetVCP(), vcp code = 20
2025/10/21 06:22:46.343 [T:0x33efc] [DisplayControl] Exit MCCSOtherSet::GetVCP()
2025/10/21 06:24:30.312 [T:0x517e2] [DisplayControl] Enter MCCSOtherSet::SetVCP(), vcp code = 20
2025/10/21 06:24:30.517 [T:0x517e2] [DisplayControl] Exit MCCSOtherSet::SetVCP()
2025/10/21 06:24:31.123 [T:0x517e2] [DisplayControl] Enter MCCSOtherSet::GetVCP(), vcp code = 135
2025/10/21 06:24:31.205 [T:0x517e2] [DisplayControl] Exit MCCSOtherSet::GetVCP()
2025/10/21 06:24:31.920 [T:0x517e2] [DisplayControl] Enter MCCSOtherSet::GetVCP(), vcp code = 16
2025/10/21 06:24:32.001 [T:0x517e2] [DisplayControl] Exit MCCSOtherSet::GetVCP()
2025/10/21 06:24:32.717 [T:0x517e2] [DisplayControl] Enter MCCSOtherSet::GetVCP(), vcp code = 18
2025/10/21 06:24:32.798 [T:0x517e2] [DisplayControl] Exit MCCSOtherSet::GetVCP()
2025/10/21 06:24:33.514 [T:0x517e2] [DisplayControl] Enter MCCSOtherSet::GetVCP(), vcp code = 20
2025/10/21 06:24:33.595 [T:0x517e2] [DisplayControl] Exit MCCSOtherSet::GetVCP()
2025/10/21 06:26:17.513 [T:0x53cd9] [DisplayControl] Enter MCCSOtherSet::SetVCP(), vcp code = 20
2025/10/21 06:26:17.702 [T:0x53cd9] [DisplayControl] Exit MCCSOtherSet::SetVCP()
2025/10/21 06:26:18.308 [T:0x53cd9] [DisplayControl] Enter MCCSOtherSet::GetVCP(), vcp code = 135
2025/10/21 06:26:18.389 [T:0x53cd9] [DisplayControl] Exit MCCSOtherSet::GetVCP()
2025/10/21 06:26:19.105 [T:0x53cd9] [DisplayControl] Enter MCCSOtherSet::GetVCP(), vcp code = 16
2025/10/21 06:26:19.186 [T:0x53cd9] [DisplayControl] Exit MCCSOtherSet::GetVCP()
2025/10/21 06:26:19.902 [T:0x53cd9] [DisplayControl] Enter MCCSOtherSet::GetVCP(), vcp code = 18
2025/10/21 06:26:19.983 [T:0x53cd9] [DisplayControl] Exit MCCSOtherSet::GetVCP()
2025/10/21 06:26:20.698 [T:0x53cd9] [DisplayControl] Enter MCCSOtherSet::GetVCP(), vcp code = 20
2025/10/21 06:26:20.780 [T:0x53cd9] [DisplayControl] Exit MCCSOtherSet::GetVCP()
2025/10/21 06:28:21.904 [T:0x31aef] [DisplayControl] Enter MCCSOtherSet::SetVCP(), vcp code = 4
2025/10/21 06:28:22.839 [T:0x31aef] [DisplayControl] Exit MCCSOtherSet::SetVCP()
2025/10/21 06:28:27.962 [T:0x31aef] [DisplayControl] Enter OperationThread::ExitThread
2025/10/21 06:28:27.962 [T:0x31aef] [DisplayControl] Exit OperationThread::ExitThread
2025/10/21 06:28:27.962 [T:0x31aef] [DisplayControl] Enter OperationThread::~OperationThread()
2025/10/21 06:28:27.962 [T:0x31aef] [DisplayControl] Enter OperationThread::ExitThread
2025/10/21 06:28:27.962 [T:0x31aef] [DisplayControl] Enter OperationThread::ExitThread
2025/10/21 06:28:27.962 [T:0x31aef] [DisplayControl] Exit OperationThread::ExitThread
2025/10/21 06:28:27.962 [T:0x31aef] [DisplayControl] Enter OperationThread::~OperationThread()
2025/10/21 06:28:27.962 [T:0x31aef] [DisplayControl] Enter OperationThread::ExitThread
2025/10/21 06:28:27.984 [T:0x31aef] [DbgStr] After calling display_control_client_listener_video_port_.UpdateAllDisplayPath()
2025/10/21 06:28:27.997 [T:0x31aef] [DbgStr] After calling display_control_client_listener_.GetAllDisplayEDID()
2025/10/21 06:28:27.999 [T:0x31aef] [DisplayControl] Version = 3.0.6.0
2025/10/21 06:28:27.999 [T:0x31aef] [DisplayControl] Enter ObtainControlHandler1
2025/10/21 06:28:27.999 [T:0x31aef] [DisplayControl] GetVideoPortCommander
2025/10/21 06:28:27.999 [T:0x31aef] [DisplayControl] GetUSBHubCommander
2025/10/21 06:28:27.999 [T:0x31aef] ====== List p_lpo_display_info_video_port, # of devices is ======2
2025/10/21 06:28:28.000 [T:0x31aef] [DisplayControl] index of p_lpo_display_info_video_port0
2025/10/21 06:28:28.000 [T:0x31aef] [DisplayControl] Model name from VideoPort = VG2458
2025/10/21 06:28:28.000 [T:0x31aef] [DisplayControl] SN from VideoPort = YDJ243400006
2025/10/21 06:28:28.000 [T:0x31aef] [DisplayControl] index of p_lpo_display_info_video_port1
2025/10/21 06:28:28.000 [T:0x31aef] [DisplayControl] Model name from VideoPort = VG275
2025/10/21 06:28:28.000 [T:0x31aef] [DisplayControl] SN from VideoPort = XF6232400003
2025/10/21 06:28:28.000 [T:0x31aef] ====== List p_lpo_display_info_rtd_scalar_rts_hub, # of devices is ======0
2025/10/21 06:28:28.000 [T:0x31aef] [DisplayControl] GetVSRtkHubControlClientListener
2025/10/21 06:28:28.000 [T:0x31aef] [DisplayControl] max monitor count = 2
2025/10/21 06:28:28.000 [T:0x31aef] [DisplayControl] index of display_info_vec = 0
2025/10/21 06:28:28.000 [T:0x31aef] [DisplayControl] index of p_lpo_display_info_video_port = 0
2025/10/21 06:28:28.000 [T:0x31aef] [DisplayControl] VideoPortMatchingRule
2025/10/21 06:28:28.000 [T:0x31aef] [DisplayControl] monitor display_info_model_name = VG2458
2025/10/21 06:28:28.000 [T:0x31aef] [DisplayControl] monitor video_port_model_name = VG2458
2025/10/21 06:28:28.000 [T:0x31aef] [DisplayControl] monitor display_info_sn = YDJ243400006
2025/10/21 06:28:28.000 [T:0x31aef] [DisplayControl] monitor video_port_sn = YDJ243400006
2025/10/21 06:28:28.000 [T:0x31aef] [DisplayControl] model_name_match = 1
2025/10/21 06:28:28.000 [T:0x31aef] [DisplayControl] sn_match = 1
2025/10/21 06:28:28.000 [T:0x31aef] [DisplayControl] video_port is_match = 1
2025/10/21 06:28:28.000 [T:0x31aef] [DisplayControl] index of display_info_vec = 1
2025/10/21 06:28:28.000 [T:0x31aef] [DisplayControl] index of p_lpo_display_info_video_port = 0
2025/10/21 06:28:28.000 [T:0x31aef] [DisplayControl] VideoPortMatchingRule
2025/10/21 06:28:28.000 [T:0x31aef] [DisplayControl] monitor display_info_model_name = VG275
2025/10/21 06:28:28.000 [T:0x31aef] [DisplayControl] monitor video_port_model_name = VG2458
2025/10/21 06:28:28.000 [T:0x31aef] [DisplayControl] monitor display_info_sn = XF6232400003
2025/10/21 06:28:28.000 [T:0x31aef] [DisplayControl] monitor video_port_sn = YDJ243400006
2025/10/21 06:28:28.000 [T:0x31aef] [DisplayControl] model_name_match = 0
2025/10/21 06:28:28.001 [T:0x31aef] [DisplayControl] sn_match = 0
2025/10/21 06:28:28.001 [T:0x31aef] [DisplayControl] video_port is_match = 0
2025/10/21 06:28:28.001 [T:0x31aef] [DisplayControl] index of display_info_vec = 1
2025/10/21 06:28:28.001 [T:0x31aef] [DisplayControl] index of p_lpo_display_info_video_port = 1
2025/10/21 06:28:28.001 [T:0x31aef] [DisplayControl] VideoPortMatchingRule
2025/10/21 06:28:28.001 [T:0x31aef] [DisplayControl] monitor display_info_model_name = VG275
2025/10/21 06:28:28.001 [T:0x31aef] [DisplayControl] monitor video_port_model_name = VG275
2025/10/21 06:28:28.001 [T:0x31aef] [DisplayControl] monitor display_info_sn = XF6232400003
2025/10/21 06:28:28.001 [T:0x31aef] [DisplayControl] monitor video_port_sn = XF6232400003
2025/10/21 06:28:28.001 [T:0x31aef] [DisplayControl] model_name_match = 1
2025/10/21 06:28:28.001 [T:0x31aef] [DisplayControl] sn_match = 1
2025/10/21 06:28:28.001 [T:0x31aef] [DisplayControl] video_port is_match = 1
2025/10/21 06:28:28.001 [T:0x31aef] [DisplayControl] i = 0
2025/10/21 06:28:28.001 [T:0x31aef] [DisplayControl] Enter OperationThread::OperationThread()
2025/10/21 06:28:28.001 [T:0x31aef] [DisplayControl] Enter OperationThread::CreateThread
2025/10/21 06:28:28.001 [T:0x31aef] [DisplayControl] new DisplayFunctioner
2025/10/21 06:28:28.001 [T:0x31aef] [DisplayControl] insert displayer_vector
2025/10/21 06:28:28.001 [T:0x31aef] [DisplayControl] insert modelName_SN_to_Display_map
2025/10/21 06:28:28.001 [T:0x31aef] [DisplayControl] insert device_id_to_Displayer_map_
2025/10/21 06:28:28.001 [T:0x31aef] [DisplayControl] i = 1
2025/10/21 06:28:28.001 [T:0x31aef] [DisplayControl] Enter OperationThread::OperationThread()
2025/10/21 06:28:28.001 [T:0x31aef] [DisplayControl] Enter OperationThread::CreateThread
2025/10/21 06:28:28.001 [T:0x31aef] [DisplayControl] new DisplayFunctioner
2025/10/21 06:28:28.002 [T:0x31aef] [DisplayControl] insert displayer_vector
2025/10/21 06:28:28.002 [T:0x31aef] [DisplayControl] insert modelName_SN_to_Display_map
2025/10/21 06:28:28.002 [T:0x31aef] [DisplayControl] insert device_id_to_Displayer_map_
2025/10/21 06:28:28.002 [T:0x31aef] [DisplayControl] monitor size = 2
2025/10/21 06:28:28.002 [T:0x31aef] [DisplayControl] Exit ObtainControlHandler
2025/10/21 06:28:28.002 [T:0x31aef] [DisplayControl] Enter MCCSOtherSet::GetVCP(), vcp code = 16
2025/10/21 06:28:28.074 [T:0x31aef] [DisplayControl] Exit MCCSOtherSet::GetVCP()
2025/10/21 06:28:28.074 [T:0x31aef] [DisplayControl] Enter MCCSOtherSet::GetVCP(), vcp code = 135
2025/10/21 06:28:28.215 [T:0x31aef] [DisplayControl] Exit MCCSOtherSet::GetVCP()
2025/10/21 06:28:28.320 [T:0x31aef] [DisplayControl] Enter MCCSOtherSet::GetVCP(), vcp code = 16
2025/10/21 06:28:28.402 [T:0x31aef] [DisplayControl] Exit MCCSOtherSet::GetVCP()
2025/10/21 06:28:28.508 [T:0x31aef] [DisplayControl] Enter MCCSOtherSet::GetVCP(), vcp code = 51
2025/10/21 06:28:28.589 [T:0x31aef] [DisplayControl] Exit MCCSOtherSet::GetVCP()
2025/10/21 06:28:28.695 [T:0x31aef] [DisplayControl] Enter MCCSOtherSet::GetVCP(), vcp code = 4
2025/10/21 06:28:28.777 [T:0x31aef] [DisplayControl] Exit MCCSOtherSet::GetVCP()
2025/10/21 06:28:28.883 [T:0x31aef] [DisplayControl] Enter MCCSOtherSet::GetVCP(), vcp code = 245
2025/10/21 06:28:28.964 [T:0x31aef] [DisplayControl] Exit MCCSOtherSet::GetVCP()
2025/10/21 06:28:29.070 [T:0x31aef] [DisplayControl] Enter MCCSOtherSet::GetVCP(), vcp code = 96
2025/10/21 06:28:29.152 [T:0x31aef] [DisplayControl] Exit MCCSOtherSet::GetVCP()
2025/10/21 06:28:29.258 [T:0x31aef] [DisplayControl] Enter MCCSOtherSet::GetVCP(), vcp code = 98
2025/10/21 06:28:29.340 [T:0x31aef] [DisplayControl] Exit MCCSOtherSet::GetVCP()
2025/10/21 06:28:29.446 [T:0x31aef] [DisplayControl] Enter MCCSOtherSet::GetVCP(), vcp code = 18
2025/10/21 06:28:29.527 [T:0x31aef] [DisplayControl] Exit MCCSOtherSet::GetVCP()
2025/10/21 06:28:29.633 [T:0x31aef] [DisplayControl] Enter MCCSOtherSet::GetVCP(), vcp code = 225
2025/10/21 06:28:29.715 [T:0x31aef] [DisplayControl] Exit MCCSOtherSet::GetVCP()
2025/10/21 06:28:29.821 [T:0x31aef] [DisplayControl] Enter MCCSOtherSet::GetVCP(), vcp code = 43
2025/10/21 06:28:29.902 [T:0x31aef] [DisplayControl] Exit MCCSOtherSet::GetVCP()
2025/10/21 06:28:30.008 [T:0x31aef] [DisplayControl] Enter MCCSOtherSet::GetVCP(), vcp code = 97
2025/10/21 06:28:30.090 [T:0x31aef] [DisplayControl] Exit MCCSOtherSet::GetVCP()
2025/10/21 06:28:30.196 [T:0x31aef] [DisplayControl] Enter MCCSOtherSet::GetVCP(), vcp code = 141
2025/10/21 06:28:30.277 [T:0x31aef] [DisplayControl] Exit MCCSOtherSet::GetVCP()
2025/10/21 06:28:30.331 [T:0x59a9d] [DisplayControl] Enter MCCSOtherSet::GetVCP(), vcp code = 96
2025/10/21 06:28:30.383 [T:0x31aef] [DisplayControl] Enter MCCSOtherSet::GetVCP(), vcp code = 20
2025/10/21 06:28:30.426 [T:0x59a9d] [DisplayControl] Exit MCCSOtherSet::GetVCP()
2025/10/21 06:28:30.599 [T:0x31aef] [DisplayControl] Exit MCCSOtherSet::GetVCP()
2025/10/21 06:28:30.701 [T:0x31aef] [DisplayControl] Enter MCCSOtherSet::GetVCP(), vcp code = 220
2025/10/21 06:28:30.901 [T:0x31aef] [DisplayControl] Exit MCCSOtherSet::GetVCP()
2025/10/21 06:28:31.015 [T:0x31aef] [DisplayControl] Enter MCCSOtherSet::GetVCP(), vcp code = 135
2025/10/21 06:28:31.091 [T:0x31aef] [DisplayControl] Exit MCCSOtherSet::GetVCP()
2025/10/21 06:28:31.192 [T:0x31aef] [DisplayControl] Enter MCCSOtherSet::GetVCP(), vcp code = 16
2025/10/21 06:28:31.278 [T:0x31aef] [DisplayControl] Exit MCCSOtherSet::GetVCP()
2025/10/21 06:28:31.380 [T:0x31aef] [DisplayControl] Enter MCCSOtherSet::GetVCP(), vcp code = 51
2025/10/21 06:28:31.465 [T:0x31aef] [DisplayControl] Exit MCCSOtherSet::GetVCP()
2025/10/21 06:28:31.567 [T:0x31aef] [DisplayControl] Enter MCCSOtherSet::GetVCP(), vcp code = 4
2025/10/21 06:28:31.653 [T:0x31aef] [DisplayControl] Exit MCCSOtherSet::GetVCP()
2025/10/21 06:28:31.754 [T:0x31aef] [DisplayControl] Enter MCCSOtherSet::GetVCP(), vcp code = 226
2025/10/21 06:28:31.841 [T:0x31aef] [DisplayControl] Exit MCCSOtherSet::GetVCP()
2025/10/21 06:28:31.942 [T:0x31aef] [DisplayControl] Enter MCCSOtherSet::GetVCP(), vcp code = 236
2025/10/21 06:28:32.028 [T:0x31aef] [DisplayControl] Exit MCCSOtherSet::GetVCP()
2025/10/21 06:28:32.130 [T:0x31aef] [DisplayControl] Enter MCCSOtherSet::GetVCP(), vcp code = 96
2025/10/21 06:28:32.216 [T:0x31aef] [DisplayControl] Exit MCCSOtherSet::GetVCP()
2025/10/21 06:28:32.317 [T:0x31aef] [DisplayControl] Enter MCCSOtherSet::GetVCP(), vcp code = 98
2025/10/21 06:28:32.403 [T:0x31aef] [DisplayControl] Exit MCCSOtherSet::GetVCP()
2025/10/21 06:28:32.505 [T:0x31aef] [DisplayControl] Enter MCCSOtherSet::GetVCP(), vcp code = 18
2025/10/21 06:28:32.590 [T:0x31aef] [DisplayControl] Exit MCCSOtherSet::GetVCP()
2025/10/21 06:28:32.692 [T:0x31aef] [DisplayControl] Enter MCCSOtherSet::GetVCP(), vcp code = 225
2025/10/21 06:28:32.778 [T:0x31aef] [DisplayControl] Exit MCCSOtherSet::GetVCP()
2025/10/21 06:28:32.880 [T:0x31aef] [DisplayControl] Enter MCCSOtherSet::GetVCP(), vcp code = 43
2025/10/21 06:28:32.966 [T:0x31aef] [DisplayControl] Exit MCCSOtherSet::GetVCP()
2025/10/21 06:28:33.067 [T:0x31aef] [DisplayControl] Enter MCCSOtherSet::GetVCP(), vcp code = 97
2025/10/21 06:28:33.153 [T:0x31aef] [DisplayControl] Exit MCCSOtherSet::GetVCP()
2025/10/21 06:28:33.255 [T:0x31aef] [DisplayControl] Enter MCCSOtherSet::GetVCP(), vcp code = 141
2025/10/21 06:28:33.340 [T:0x31aef] [DisplayControl] Exit MCCSOtherSet::GetVCP()
2025/10/21 06:28:33.442 [T:0x31aef] [DisplayControl] Enter MCCSOtherSet::GetVCP(), vcp code = 220
2025/10/21 06:28:33.528 [T:0x31aef] [DisplayControl] Exit MCCSOtherSet::GetVCP()
2025/10/21 06:29:39.454 [T:0x59a9d] [DisplayControl] Enter MCCSOtherSet::GetVCP(), vcp code = 96
2025/10/21 06:29:39.558 [T:0x59a9d] [DisplayControl] Exit MCCSOtherSet::GetVCP()
2025/10/21 06:29:39.820 [T:0xba636] [DisplayControl] Enter MCCSOtherSet::GetVCP(), vcp code = 135
2025/10/21 06:29:39.904 [T:0xba636] [DisplayControl] Exit MCCSOtherSet::GetVCP()
2025/10/21 06:29:40.017 [T:0xba636] [DisplayControl] Enter MCCSOtherSet::GetVCP(), vcp code = 16
2025/10/21 06:29:40.102 [T:0xba636] [DisplayControl] Exit MCCSOtherSet::GetVCP()
2025/10/21 06:29:40.204 [T:0xba636] [DisplayControl] Enter MCCSOtherSet::GetVCP(), vcp code = 51
2025/10/21 06:29:40.289 [T:0xba636] [DisplayControl] Exit MCCSOtherSet::GetVCP()
2025/10/21 06:29:40.392 [T:0xba636] [DisplayControl] Enter MCCSOtherSet::GetVCP(), vcp code = 4
2025/10/21 06:29:40.477 [T:0xba636] [DisplayControl] Exit MCCSOtherSet::GetVCP()
2025/10/21 06:29:40.579 [T:0xba636] [DisplayControl] Enter MCCSOtherSet::GetVCP(), vcp code = 226
2025/10/21 06:29:40.664 [T:0xba636] [DisplayControl] Exit MCCSOtherSet::GetVCP()
2025/10/21 06:29:40.767 [T:0xba636] [DisplayControl] Enter MCCSOtherSet::GetVCP(), vcp code = 236
2025/10/21 06:29:40.852 [T:0xba636] [DisplayControl] Exit MCCSOtherSet::GetVCP()
2025/10/21 06:29:40.954 [T:0xba636] [DisplayControl] Enter MCCSOtherSet::GetVCP(), vcp code = 96
2025/10/21 06:29:41.039 [T:0xba636] [DisplayControl] Exit MCCSOtherSet::GetVCP()
2025/10/21 06:29:41.142 [T:0xba636] [DisplayControl] Enter MCCSOtherSet::GetVCP(), vcp code = 98
2025/10/21 06:29:41.227 [T:0xba636] [DisplayControl] Exit MCCSOtherSet::GetVCP()
2025/10/21 06:29:41.329 [T:0xba636] [DisplayControl] Enter MCCSOtherSet::GetVCP(), vcp code = 18
2025/10/21 06:29:41.414 [T:0xba636] [DisplayControl] Exit MCCSOtherSet::GetVCP()
2025/10/21 06:29:41.516 [T:0xba636] [DisplayControl] Enter MCCSOtherSet::GetVCP(), vcp code = 225
2025/10/21 06:29:41.602 [T:0xba636] [DisplayControl] Exit MCCSOtherSet::GetVCP()
2025/10/21 06:29:41.704 [T:0xba636] [DisplayControl] Enter MCCSOtherSet::GetVCP(), vcp code = 43
2025/10/21 06:29:41.789 [T:0xba636] [DisplayControl] Exit MCCSOtherSet::GetVCP()
2025/10/21 06:29:41.891 [T:0xba636] [DisplayControl] Enter MCCSOtherSet::GetVCP(), vcp code = 97
2025/10/21 06:29:41.976 [T:0xba636] [DisplayControl] Exit MCCSOtherSet::GetVCP()
2025/10/21 06:29:42.079 [T:0xba636] [DisplayControl] Enter MCCSOtherSet::GetVCP(), vcp code = 141
2025/10/21 06:29:42.164 [T:0xba636] [DisplayControl] Exit MCCSOtherSet::GetVCP()
2025/10/21 06:29:42.267 [T:0xba636] [DisplayControl] Enter MCCSOtherSet::GetVCP(), vcp code = 220
2025/10/21 06:29:42.352 [T:0xba636] [DisplayControl] Exit MCCSOtherSet::GetVCP()
2025/10/21 06:29:55.254 [T:0xba636] [DisplayControl] Enter MCCSOtherSet::SetVCP(), vcp code = 4
2025/10/21 06:29:56.195 [T:0xba636] [DisplayControl] Exit MCCSOtherSet::SetVCP()
2025/10/21 06:30:01.314 [T:0xba636] [DisplayControl] Enter OperationThread::ExitThread
2025/10/21 06:30:01.314 [T:0xba636] [DisplayControl] Exit OperationThread::ExitThread
2025/10/21 06:30:01.314 [T:0xba636] [DisplayControl] Enter OperationThread::~OperationThread()
2025/10/21 06:30:01.314 [T:0xba636] [DisplayControl] Enter OperationThread::ExitThread
2025/10/21 06:30:01.314 [T:0xba636] [DisplayControl] Enter OperationThread::ExitThread
2025/10/21 06:30:01.314 [T:0xba636] [DisplayControl] Exit OperationThread::ExitThread
2025/10/21 06:30:01.314 [T:0xba636] [DisplayControl] Enter OperationThread::~OperationThread()
2025/10/21 06:30:01.314 [T:0xba636] [DisplayControl] Enter OperationThread::ExitThread
2025/10/21 06:30:01.335 [T:0xba636] [DbgStr] After calling display_control_client_listener_video_port_.UpdateAllDisplayPath()
2025/10/21 06:30:01.349 [T:0xba636] [DbgStr] After calling display_control_client_listener_.GetAllDisplayEDID()
2025/10/21 06:30:01.351 [T:0xba636] [DisplayControl] Version = 3.0.6.0
2025/10/21 06:30:01.351 [T:0xba636] [DisplayControl] Enter ObtainControlHandler1
2025/10/21 06:30:01.351 [T:0xba636] [DisplayControl] GetVideoPortCommander
2025/10/21 06:30:01.351 [T:0xba636] [DisplayControl] GetUSBHubCommander
2025/10/21 06:30:01.351 [T:0xba636] ====== List p_lpo_display_info_video_port, # of devices is ======2
2025/10/21 06:30:01.351 [T:0xba636] [DisplayControl] index of p_lpo_display_info_video_port0
2025/10/21 06:30:01.351 [T:0xba636] [DisplayControl] Model name from VideoPort = VG2458
2025/10/21 06:30:01.351 [T:0xba636] [DisplayControl] SN from VideoPort = YDJ243400006
2025/10/21 06:30:01.351 [T:0xba636] [DisplayControl] index of p_lpo_display_info_video_port1
2025/10/21 06:30:01.351 [T:0xba636] [DisplayControl] Model name from VideoPort = VG275
2025/10/21 06:30:01.351 [T:0xba636] [DisplayControl] SN from VideoPort = XF6232400003
2025/10/21 06:30:01.351 [T:0xba636] ====== List p_lpo_display_info_rtd_scalar_rts_hub, # of devices is ======0
2025/10/21 06:30:01.351 [T:0xba636] [DisplayControl] GetVSRtkHubControlClientListener
2025/10/21 06:30:01.351 [T:0xba636] [DisplayControl] max monitor count = 2
2025/10/21 06:30:01.351 [T:0xba636] [DisplayControl] index of display_info_vec = 0
2025/10/21 06:30:01.351 [T:0xba636] [DisplayControl] index of p_lpo_display_info_video_port = 0
2025/10/21 06:30:01.351 [T:0xba636] [DisplayControl] VideoPortMatchingRule
2025/10/21 06:30:01.351 [T:0xba636] [DisplayControl] monitor display_info_model_name = VG2458
2025/10/21 06:30:01.351 [T:0xba636] [DisplayControl] monitor video_port_model_name = VG2458
2025/10/21 06:30:01.351 [T:0xba636] [DisplayControl] monitor display_info_sn = YDJ243400006
2025/10/21 06:30:01.351 [T:0xba636] [DisplayControl] monitor video_port_sn = YDJ243400006
2025/10/21 06:30:01.351 [T:0xba636] [DisplayControl] model_name_match = 1
2025/10/21 06:30:01.352 [T:0xba636] [DisplayControl] sn_match = 1
2025/10/21 06:30:01.352 [T:0xba636] [DisplayControl] video_port is_match = 1
2025/10/21 06:30:01.352 [T:0xba636] [DisplayControl] index of display_info_vec = 1
2025/10/21 06:30:01.352 [T:0xba636] [DisplayControl] index of p_lpo_display_info_video_port = 0
2025/10/21 06:30:01.352 [T:0xba636] [DisplayControl] VideoPortMatchingRule
2025/10/21 06:30:01.352 [T:0xba636] [DisplayControl] monitor display_info_model_name = VG275
2025/10/21 06:30:01.352 [T:0xba636] [DisplayControl] monitor video_port_model_name = VG2458
2025/10/21 06:30:01.352 [T:0xba636] [DisplayControl] monitor display_info_sn = XF6232400003
2025/10/21 06:30:01.352 [T:0xba636] [DisplayControl] monitor video_port_sn = YDJ243400006
2025/10/21 06:30:01.352 [T:0xba636] [DisplayControl] model_name_match = 0
2025/10/21 06:30:01.352 [T:0xba636] [DisplayControl] sn_match = 0
2025/10/21 06:30:01.352 [T:0xba636] [DisplayControl] video_port is_match = 0
2025/10/21 06:30:01.352 [T:0xba636] [DisplayControl] index of display_info_vec = 1
2025/10/21 06:30:01.352 [T:0xba636] [DisplayControl] index of p_lpo_display_info_video_port = 1
2025/10/21 06:30:01.352 [T:0xba636] [DisplayControl] VideoPortMatchingRule
2025/10/21 06:30:01.352 [T:0xba636] [DisplayControl] monitor display_info_model_name = VG275
2025/10/21 06:30:01.352 [T:0xba636] [DisplayControl] monitor video_port_model_name = VG275
2025/10/21 06:30:01.352 [T:0xba636] [DisplayControl] monitor display_info_sn = XF6232400003
2025/10/21 06:30:01.352 [T:0xba636] [DisplayControl] monitor video_port_sn = XF6232400003
2025/10/21 06:30:01.352 [T:0xba636] [DisplayControl] model_name_match = 1
2025/10/21 06:30:01.352 [T:0xba636] [DisplayControl] sn_match = 1
2025/10/21 06:30:01.352 [T:0xba636] [DisplayControl] video_port is_match = 1
2025/10/21 06:30:01.352 [T:0xba636] [DisplayControl] i = 0
2025/10/21 06:30:01.352 [T:0xba636] [DisplayControl] Enter OperationThread::OperationThread()
2025/10/21 06:30:01.352 [T:0xba636] [DisplayControl] Enter OperationThread::CreateThread
2025/10/21 06:30:01.353 [T:0xba636] [DisplayControl] new DisplayFunctioner
2025/10/21 06:30:01.353 [T:0xba636] [DisplayControl] insert displayer_vector
2025/10/21 06:30:01.353 [T:0xba636] [DisplayControl] insert modelName_SN_to_Display_map
2025/10/21 06:30:01.353 [T:0xba636] [DisplayControl] insert device_id_to_Displayer_map_
2025/10/21 06:30:01.353 [T:0xba636] [DisplayControl] i = 1
2025/10/21 06:30:01.353 [T:0xba636] [DisplayControl] Enter OperationThread::OperationThread()
2025/10/21 06:30:01.353 [T:0xba636] [DisplayControl] Enter OperationThread::CreateThread
2025/10/21 06:30:01.353 [T:0xba636] [DisplayControl] new DisplayFunctioner
2025/10/21 06:30:01.353 [T:0xba636] [DisplayControl] insert displayer_vector
2025/10/21 06:30:01.353 [T:0xba636] [DisplayControl] insert modelName_SN_to_Display_map
2025/10/21 06:30:01.353 [T:0xba636] [DisplayControl] insert device_id_to_Displayer_map_
2025/10/21 06:30:01.353 [T:0xba636] [DisplayControl] monitor size = 2
2025/10/21 06:30:01.353 [T:0xba636] [DisplayControl] Exit ObtainControlHandler
2025/10/21 06:30:01.353 [T:0xba636] [DisplayControl] Enter MCCSOtherSet::GetVCP(), vcp code = 16
2025/10/21 06:30:01.430 [T:0xba636] [DisplayControl] Exit MCCSOtherSet::GetVCP()
2025/10/21 06:30:01.430 [T:0xba636] [DisplayControl] Enter MCCSOtherSet::GetVCP(), vcp code = 135
2025/10/21 06:30:01.504 [T:0xba636] [DisplayControl] Exit MCCSOtherSet::GetVCP()
2025/10/21 06:30:01.610 [T:0xba636] [DisplayControl] Enter MCCSOtherSet::GetVCP(), vcp code = 16
2025/10/21 06:30:01.691 [T:0xba636] [DisplayControl] Exit MCCSOtherSet::GetVCP()
2025/10/21 06:30:01.797 [T:0xba636] [DisplayControl] Enter MCCSOtherSet::GetVCP(), vcp code = 51
2025/10/21 06:30:01.879 [T:0xba636] [DisplayControl] Exit MCCSOtherSet::GetVCP()
2025/10/21 06:30:01.985 [T:0xba636] [DisplayControl] Enter MCCSOtherSet::GetVCP(), vcp code = 4
2025/10/21 06:30:02.066 [T:0xba636] [DisplayControl] Exit MCCSOtherSet::GetVCP()
2025/10/21 06:30:02.172 [T:0xba636] [DisplayControl] Enter MCCSOtherSet::GetVCP(), vcp code = 245
2025/10/21 06:30:02.254 [T:0xba636] [DisplayControl] Exit MCCSOtherSet::GetVCP()
2025/10/21 06:30:02.360 [T:0xba636] [DisplayControl] Enter MCCSOtherSet::GetVCP(), vcp code = 96
2025/10/21 06:30:02.441 [T:0xba636] [DisplayControl] Exit MCCSOtherSet::GetVCP()
2025/10/21 06:30:02.547 [T:0xba636] [DisplayControl] Enter MCCSOtherSet::GetVCP(), vcp code = 98
2025/10/21 06:30:02.629 [T:0xba636] [DisplayControl] Exit MCCSOtherSet::GetVCP()
2025/10/21 06:30:02.735 [T:0xba636] [DisplayControl] Enter MCCSOtherSet::GetVCP(), vcp code = 18
2025/10/21 06:30:02.817 [T:0xba636] [DisplayControl] Exit MCCSOtherSet::GetVCP()
2025/10/21 06:30:02.922 [T:0xba636] [DisplayControl] Enter MCCSOtherSet::GetVCP(), vcp code = 225
2025/10/21 06:30:03.004 [T:0xba636] [DisplayControl] Exit MCCSOtherSet::GetVCP()
2025/10/21 06:30:03.110 [T:0xba636] [DisplayControl] Enter MCCSOtherSet::GetVCP(), vcp code = 43
2025/10/21 06:30:03.191 [T:0xba636] [DisplayControl] Exit MCCSOtherSet::GetVCP()
2025/10/21 06:30:03.297 [T:0xba636] [DisplayControl] Enter MCCSOtherSet::GetVCP(), vcp code = 97
2025/10/21 06:30:03.380 [T:0xba636] [DisplayControl] Exit MCCSOtherSet::GetVCP()
2025/10/21 06:30:03.485 [T:0xba636] [DisplayControl] Enter MCCSOtherSet::GetVCP(), vcp code = 141
2025/10/21 06:30:03.566 [T:0xba636] [DisplayControl] Exit MCCSOtherSet::GetVCP()
2025/10/21 06:30:03.672 [T:0xba636] [DisplayControl] Enter MCCSOtherSet::GetVCP(), vcp code = 20
2025/10/21 06:30:03.754 [T:0xba636] [DisplayControl] Exit MCCSOtherSet::GetVCP()
2025/10/21 06:30:03.860 [T:0xba636] [DisplayControl] Enter MCCSOtherSet::GetVCP(), vcp code = 220
2025/10/21 06:30:03.942 [T:0xba636] [DisplayControl] Exit MCCSOtherSet::GetVCP()
2025/10/21 06:30:04.048 [T:0xba636] [DisplayControl] Enter MCCSOtherSet::GetVCP(), vcp code = 135
2025/10/21 06:30:04.133 [T:0xba636] [DisplayControl] Exit MCCSOtherSet::GetVCP()
2025/10/21 06:30:04.235 [T:0xba636] [DisplayControl] Enter MCCSOtherSet::GetVCP(), vcp code = 16
2025/10/21 06:30:04.321 [T:0xba636] [DisplayControl] Exit MCCSOtherSet::GetVCP()
2025/10/21 06:30:04.423 [T:0xba636] [DisplayControl] Enter MCCSOtherSet::GetVCP(), vcp code = 51
2025/10/21 06:30:04.508 [T:0xba636] [DisplayControl] Exit MCCSOtherSet::GetVCP()
2025/10/21 06:30:04.610 [T:0xba636] [DisplayControl] Enter MCCSOtherSet::GetVCP(), vcp code = 4
2025/10/21 06:30:04.696 [T:0xba636] [DisplayControl] Exit MCCSOtherSet::GetVCP()
2025/10/21 06:30:04.797 [T:0xba636] [DisplayControl] Enter MCCSOtherSet::GetVCP(), vcp code = 226
2025/10/21 06:30:04.883 [T:0xba636] [DisplayControl] Exit MCCSOtherSet::GetVCP()
2025/10/21 06:30:04.985 [T:0xba636] [DisplayControl] Enter MCCSOtherSet::GetVCP(), vcp code = 236
2025/10/21 06:30:05.071 [T:0xba636] [DisplayControl] Exit MCCSOtherSet::GetVCP()
2025/10/21 06:30:05.172 [T:0xba636] [DisplayControl] Enter MCCSOtherSet::GetVCP(), vcp code = 96
2025/10/21 06:30:05.258 [T:0xba636] [DisplayControl] Exit MCCSOtherSet::GetVCP()
2025/10/21 06:30:05.360 [T:0xba636] [DisplayControl] Enter MCCSOtherSet::GetVCP(), vcp code = 98
2025/10/21 06:30:05.446 [T:0xba636] [DisplayControl] Exit MCCSOtherSet::GetVCP()
2025/10/21 06:30:05.548 [T:0xba636] [DisplayControl] Enter MCCSOtherSet::GetVCP(), vcp code = 18
2025/10/21 06:30:05.633 [T:0xba636] [DisplayControl] Exit MCCSOtherSet::GetVCP()
2025/10/21 06:30:05.735 [T:0xba636] [DisplayControl] Enter MCCSOtherSet::GetVCP(), vcp code = 225
2025/10/21 06:30:05.820 [T:0xba636] [DisplayControl] Exit MCCSOtherSet::GetVCP()
2025/10/21 06:30:05.922 [T:0xba636] [DisplayControl] Enter MCCSOtherSet::GetVCP(), vcp code = 43
2025/10/21 06:30:06.008 [T:0xba636] [DisplayControl] Exit MCCSOtherSet::GetVCP()
2025/10/21 06:30:06.110 [T:0xba636] [DisplayControl] Enter MCCSOtherSet::GetVCP(), vcp code = 97
2025/10/21 06:30:06.196 [T:0xba636] [DisplayControl] Exit MCCSOtherSet::GetVCP()
2025/10/21 06:30:06.297 [T:0xba636] [DisplayControl] Enter MCCSOtherSet::GetVCP(), vcp code = 141
2025/10/21 06:30:06.384 [T:0xba636] [DisplayControl] Exit MCCSOtherSet::GetVCP()
2025/10/21 06:30:06.485 [T:0xba636] [DisplayControl] Enter MCCSOtherSet::GetVCP(), vcp code = 220
2025/10/21 06:30:06.571 [T:0xba636] [DisplayControl] Exit MCCSOtherSet::GetVCP()
