2025/10/22 05:01:37.980 [T:0x104ce] [DisplayControl] Enter ObtainControlHandler1
2025/10/22 05:01:37.980 [T:0x104ce] [DisplayControl] GetVideoPortCommander
2025/10/22 05:01:37.980 [T:0x104ce] [DisplayControl] GetUSBHubCommander
2025/10/22 05:01:37.980 [T:0x104ce] ====== List p_lpo_display_info_video_port, # of devices is ======2
2025/10/22 05:01:37.980 [T:0x104ce] [DisplayControl] index of p_lpo_display_info_video_port0
2025/10/22 05:01:37.980 [T:0x104ce] [DisplayControl] Model name from VideoPort = VG2458
2025/10/22 05:01:37.980 [T:0x104ce] [DisplayControl] SN from VideoPort = YDJ243400006
2025/10/22 05:01:37.980 [T:0x104ce] [DisplayControl] index of p_lpo_display_info_video_port1
2025/10/22 05:01:37.980 [T:0x104ce] [DisplayControl] Model name from VideoPort = VG275
2025/10/22 05:01:37.980 [T:0x104ce] [DisplayControl] SN from VideoPort = XF6232400003
2025/10/22 05:01:37.980 [T:0x104ce] ====== List p_lpo_display_info_rtd_scalar_rts_hub, # of devices is ======0
2025/10/22 05:01:37.980 [T:0x104ce] [DisplayControl] GetVSRtkHubControlClientListener
2025/10/22 05:01:37.981 [T:0x104ce] [DisplayControl] max monitor count = 2
2025/10/22 05:01:37.981 [T:0x104ce] [DisplayControl] index of display_info_vec = 0
2025/10/22 05:01:37.981 [T:0x104ce] [DisplayControl] index of p_lpo_display_info_video_port = 0
2025/10/22 05:01:37.981 [T:0x104ce] [DisplayControl] VideoPortMatchingRule
2025/10/22 05:01:37.981 [T:0x104ce] [DisplayControl] monitor display_info_model_name = VG2458
2025/10/22 05:01:37.981 [T:0x104ce] [DisplayControl] monitor video_port_model_name = VG2458
2025/10/22 05:01:37.981 [T:0x104ce] [DisplayControl] monitor display_info_sn = YDJ243400006
2025/10/22 05:01:37.981 [T:0x104ce] [DisplayControl] monitor video_port_sn = YDJ243400006
2025/10/22 05:01:37.981 [T:0x104ce] [DisplayControl] model_name_match = 1
2025/10/22 05:01:37.981 [T:0x104ce] [DisplayControl] sn_match = 1
2025/10/22 05:01:37.981 [T:0x104ce] [DisplayControl] video_port is_match = 1
2025/10/22 05:01:37.981 [T:0x104ce] [DisplayControl] index of display_info_vec = 1
2025/10/22 05:01:37.981 [T:0x104ce] [DisplayControl] index of p_lpo_display_info_video_port = 0
2025/10/22 05:01:37.981 [T:0x104ce] [DisplayControl] VideoPortMatchingRule
2025/10/22 05:01:37.981 [T:0x104ce] [DisplayControl] monitor display_info_model_name = VG275
2025/10/22 05:01:37.981 [T:0x104ce] [DisplayControl] monitor video_port_model_name = VG2458
2025/10/22 05:01:37.981 [T:0x104ce] [DisplayControl] monitor display_info_sn = XF6232400003
2025/10/22 05:01:37.981 [T:0x104ce] [DisplayControl] monitor video_port_sn = YDJ243400006
2025/10/22 05:01:37.981 [T:0x104ce] [DisplayControl] model_name_match = 0
2025/10/22 05:01:37.981 [T:0x104ce] [DisplayControl] sn_match = 0
2025/10/22 05:01:37.981 [T:0x104ce] [DisplayControl] video_port is_match = 0
2025/10/22 05:01:37.981 [T:0x104ce] [DisplayControl] index of display_info_vec = 1
2025/10/22 05:01:37.981 [T:0x104ce] [DisplayControl] index of p_lpo_display_info_video_port = 1
2025/10/22 05:01:37.981 [T:0x104ce] [DisplayControl] VideoPortMatchingRule
2025/10/22 05:01:37.981 [T:0x104ce] [DisplayControl] monitor display_info_model_name = VG275
2025/10/22 05:01:37.981 [T:0x104ce] [DisplayControl] monitor video_port_model_name = VG275
2025/10/22 05:01:37.981 [T:0x104ce] [DisplayControl] monitor display_info_sn = XF6232400003
2025/10/22 05:01:37.981 [T:0x104ce] [DisplayControl] monitor video_port_sn = XF6232400003
2025/10/22 05:01:37.982 [T:0x104ce] [DisplayControl] model_name_match = 1
2025/10/22 05:01:37.982 [T:0x104ce] [DisplayControl] sn_match = 1
2025/10/22 05:01:37.982 [T:0x104ce] [DisplayControl] video_port is_match = 1
2025/10/22 05:01:37.982 [T:0x104ce] [DisplayControl] i = 0
2025/10/22 05:01:37.982 [T:0x104ce] [DisplayControl] Enter OperationThread::OperationThread()
2025/10/22 05:01:37.982 [T:0x104ce] [DisplayControl] Enter OperationThread::CreateThread
2025/10/22 05:01:37.982 [T:0x104ce] [DisplayControl] new DisplayFunctioner
2025/10/22 05:01:37.982 [T:0x104ce] [DisplayControl] insert displayer_vector
2025/10/22 05:01:37.982 [T:0x104ce] [DisplayControl] insert modelName_SN_to_Display_map
2025/10/22 05:01:37.982 [T:0x104ce] [DisplayControl] insert device_id_to_Displayer_map_
2025/10/22 05:01:37.982 [T:0x104ce] [DisplayControl] i = 1
2025/10/22 05:01:37.982 [T:0x104ce] [DisplayControl] Enter OperationThread::OperationThread()
2025/10/22 05:01:37.982 [T:0x104ce] [DisplayControl] Enter OperationThread::CreateThread
2025/10/22 05:01:37.982 [T:0x104ce] [DisplayControl] new DisplayFunctioner
2025/10/22 05:01:37.982 [T:0x104ce] [DisplayControl] insert displayer_vector
2025/10/22 05:01:37.982 [T:0x104ce] [DisplayControl] insert modelName_SN_to_Display_map
2025/10/22 05:01:37.982 [T:0x104ce] [DisplayControl] insert device_id_to_Displayer_map_
2025/10/22 05:01:37.982 [T:0x104ce] [DisplayControl] monitor size = 2
2025/10/22 05:01:37.982 [T:0x104ce] [DisplayControl] Exit ObtainControlHandler
2025/10/22 05:01:37.983 [T:0x104ce] [DisplayControl] Enter MCCSOtherSet::GetVCP(), vcp code = 96
2025/10/22 05:01:38.070 [T:0x104ce] [DisplayControl] Exit MCCSOtherSet::GetVCP()
2025/10/22 05:01:38.435 [T:0x104ce] [DisplayControl] Enter MCCSOtherSet::GetVCP(), vcp code = 96
2025/10/22 05:01:38.592 [T:0x104ce] [DisplayControl] Exit MCCSOtherSet::GetVCP()
2025/10/22 05:01:39.003 [T:0x104ce] [DisplayControl] Enter MCCSOtherSet::SetVCP(), vcp code = 51
2025/10/22 05:01:39.211 [T:0x104ce] [DisplayControl] Exit MCCSOtherSet::SetVCP()
2025/10/22 05:01:39.212 [T:0x104ce] [DisplayControl] Enter MCCSOtherSet::SetVCP(), vcp code = 51
2025/10/22 05:01:39.396 [T:0x104ce] [DisplayControl] Exit MCCSOtherSet::SetVCP()
2025/10/22 05:01:39.398 [T:0x104ce] [DisplayControl] Enter MCCSOtherSet::GetVCP(), vcp code = 51
2025/10/22 05:01:39.483 [T:0x104ce] [DisplayControl] Exit MCCSOtherSet::GetVCP()
2025/10/22 05:01:39.589 [T:0x104ce] [DisplayControl] Enter MCCSOtherSet::GetVCP(), vcp code = 18
2025/10/22 05:01:39.711 [T:0x104ce] [DisplayControl] Exit MCCSOtherSet::GetVCP()
2025/10/22 05:01:39.824 [T:0x104ce] [DisplayControl] Enter MCCSOtherSet::GetVCP(), vcp code = 245
2025/10/22 05:01:39.945 [T:0x104ce] [DisplayControl] Exit MCCSOtherSet::GetVCP()
2025/10/22 05:01:40.059 [T:0x104ce] [DisplayControl] Enter MCCSOtherSet::GetVCP(), vcp code = 97
2025/10/22 05:01:40.182 [T:0x104ce] [DisplayControl] Exit MCCSOtherSet::GetVCP()
2025/10/22 05:01:40.293 [T:0x104ce] [DisplayControl] Enter MCCSOtherSet::GetVCP(), vcp code = 220
2025/10/22 05:01:40.375 [T:0x104ce] [DisplayControl] Exit MCCSOtherSet::GetVCP()
2025/10/22 05:01:40.481 [T:0x104ce] [DisplayControl] Enter MCCSOtherSet::GetVCP(), vcp code = 20
2025/10/22 05:01:40.562 [T:0x104ce] [DisplayControl] Exit MCCSOtherSet::GetVCP()
2025/10/22 05:01:40.669 [T:0x104ce] [DisplayControl] Enter MCCSOtherSet::GetVCP(), vcp code = 225
2025/10/22 05:01:40.750 [T:0x104ce] [DisplayControl] Exit MCCSOtherSet::GetVCP()
2025/10/22 05:01:40.856 [T:0x104ce] [DisplayControl] Enter MCCSOtherSet::GetVCP(), vcp code = 43
2025/10/22 05:01:40.978 [T:0x104ce] [DisplayControl] Exit MCCSOtherSet::GetVCP()
2025/10/22 05:01:41.091 [T:0x104ce] [DisplayControl] Enter MCCSOtherSet::GetVCP(), vcp code = 16
2025/10/22 05:01:41.213 [T:0x104ce] [DisplayControl] Exit MCCSOtherSet::GetVCP()
2025/10/22 05:01:41.325 [T:0x104ce] [DisplayControl] Enter MCCSOtherSet::GetVCP(), vcp code = 4
2025/10/22 05:01:41.453 [T:0x104ce] [DisplayControl] Exit MCCSOtherSet::GetVCP()
2025/10/22 05:01:41.559 [T:0x104ce] [DisplayControl] Enter MCCSOtherSet::GetVCP(), vcp code = 98
2025/10/22 05:01:41.696 [T:0x104ce] [DisplayControl] Exit MCCSOtherSet::GetVCP()
2025/10/22 05:01:41.809 [T:0x104ce] [DisplayControl] Enter MCCSOtherSet::GetVCP(), vcp code = 141
2025/10/22 05:01:41.931 [T:0x104ce] [DisplayControl] Exit MCCSOtherSet::GetVCP()
2025/10/22 05:01:42.044 [T:0x104ce] [DisplayControl] Enter MCCSOtherSet::GetVCP(), vcp code = 135
2025/10/22 05:01:42.165 [T:0x104ce] [DisplayControl] Exit MCCSOtherSet::GetVCP()
2025/10/22 05:01:42.279 [T:0x104ce] [DisplayControl] Enter MCCSOtherSet::GetVCP(), vcp code = 96
2025/10/22 05:01:42.422 [T:0x104ce] [DisplayControl] Exit MCCSOtherSet::GetVCP()
2025/10/22 05:01:42.530 [T:0x104ce] [DisplayControl] Enter MCCSOtherSet::GetVCP(), vcp code = 51
2025/10/22 05:01:42.672 [T:0x104ce] [DisplayControl] Exit MCCSOtherSet::GetVCP()
2025/10/22 05:01:42.778 [T:0x104ce] [DisplayControl] Enter MCCSOtherSet::GetVCP(), vcp code = 236
2025/10/22 05:01:42.890 [T:0x104ce] [DisplayControl] Exit MCCSOtherSet::GetVCP()
2025/10/22 05:01:42.997 [T:0x104ce] [DisplayControl] Enter MCCSOtherSet::GetVCP(), vcp code = 18
2025/10/22 05:01:43.141 [T:0x104ce] [DisplayControl] Exit MCCSOtherSet::GetVCP()
2025/10/22 05:01:43.247 [T:0x104ce] [DisplayControl] Enter MCCSOtherSet::GetVCP(), vcp code = 97
2025/10/22 05:01:43.374 [T:0x104ce] [DisplayControl] Exit MCCSOtherSet::GetVCP()
2025/10/22 05:01:43.482 [T:0x104ce] [DisplayControl] Enter MCCSOtherSet::GetVCP(), vcp code = 220
2025/10/22 05:01:43.604 [T:0x104ce] [DisplayControl] Exit MCCSOtherSet::GetVCP()
2025/10/22 05:01:43.716 [T:0x104ce] [DisplayControl] Enter MCCSOtherSet::GetVCP(), vcp code = 225
2025/10/22 05:01:43.843 [T:0x104ce] [DisplayControl] Exit MCCSOtherSet::GetVCP()
2025/10/22 05:01:43.951 [T:0x104ce] [DisplayControl] Enter MCCSOtherSet::GetVCP(), vcp code = 43
2025/10/22 05:01:44.078 [T:0x104ce] [DisplayControl] Exit MCCSOtherSet::GetVCP()
2025/10/22 05:01:44.185 [T:0x104ce] [DisplayControl] Enter MCCSOtherSet::GetVCP(), vcp code = 226
2025/10/22 05:01:44.313 [T:0x104ce] [DisplayControl] Exit MCCSOtherSet::GetVCP()
2025/10/22 05:01:44.419 [T:0x104ce] [DisplayControl] Enter MCCSOtherSet::GetVCP(), vcp code = 16
2025/10/22 05:01:44.532 [T:0x104ce] [DisplayControl] Exit MCCSOtherSet::GetVCP()
2025/10/22 05:01:44.638 [T:0x104ce] [DisplayControl] Enter MCCSOtherSet::GetVCP(), vcp code = 4
2025/10/22 05:01:44.765 [T:0x104ce] [DisplayControl] Exit MCCSOtherSet::GetVCP()
2025/10/22 05:01:44.872 [T:0x104ce] [DisplayControl] Enter MCCSOtherSet::GetVCP(), vcp code = 98
2025/10/22 05:01:45.000 [T:0x104ce] [DisplayControl] Exit MCCSOtherSet::GetVCP()
2025/10/22 05:01:45.107 [T:0x104ce] [DisplayControl] Enter MCCSOtherSet::GetVCP(), vcp code = 141
2025/10/22 05:01:45.234 [T:0x104ce] [DisplayControl] Exit MCCSOtherSet::GetVCP()
2025/10/22 05:01:45.341 [T:0x104ce] [DisplayControl] Enter MCCSOtherSet::GetVCP(), vcp code = 135
2025/10/22 05:01:45.485 [T:0x104ce] [DisplayControl] Exit MCCSOtherSet::GetVCP()
2025/10/22 05:01:45.591 [T:0x104ce] [DisplayControl] Enter MCCSOtherSet::GetVCP(), vcp code = 96
2025/10/22 05:01:45.727 [T:0x104ce] [DisplayControl] Exit MCCSOtherSet::GetVCP()
2025/10/22 05:01:45.869 [T:0x104ce] [DisplayControl] Enter MCCSOtherSet::GetVCP(), vcp code = 96
2025/10/22 05:01:45.980 [T:0x104ce] [DisplayControl] Exit MCCSOtherSet::GetVCP()
2025/10/22 05:01:45.981 [T:0x104ce] [DisplayControl] Enter MCCSOtherSet::GetVCP(), vcp code = 96
2025/10/22 05:01:46.126 [T:0x104ce] [DisplayControl] Exit MCCSOtherSet::GetVCP()
2025/10/22 05:01:46.808 [T:0xadb9c] [DisplayControl] Enter MCCSOtherSet::SetVCP(), vcp code = 51
2025/10/22 05:01:46.975 [T:0xadb9c] [DisplayControl] Exit MCCSOtherSet::SetVCP()
2025/10/22 05:02:25.442 [T:0x5f0aa] [DisplayControl] Enter MCCSOtherSet::SetVCP(), vcp code = 4
2025/10/22 05:02:26.377 [T:0x5f0aa] [DisplayControl] Exit MCCSOtherSet::SetVCP()
2025/10/22 05:02:31.489 [T:0x5f0aa] [DisplayControl] Enter OperationThread::ExitThread
2025/10/22 05:02:31.490 [T:0x5f0aa] [DisplayControl] Exit OperationThread::ExitThread
2025/10/22 05:02:31.490 [T:0x5f0aa] [DisplayControl] Enter OperationThread::~OperationThread()
2025/10/22 05:02:31.490 [T:0x5f0aa] [DisplayControl] Enter OperationThread::ExitThread
2025/10/22 05:02:31.490 [T:0x5f0aa] [DisplayControl] Enter OperationThread::ExitThread
2025/10/22 05:02:31.490 [T:0x5f0aa] [DisplayControl] Exit OperationThread::ExitThread
2025/10/22 05:02:31.490 [T:0x5f0aa] [DisplayControl] Enter OperationThread::~OperationThread()
2025/10/22 05:02:31.490 [T:0x5f0aa] [DisplayControl] Enter OperationThread::ExitThread
2025/10/22 05:02:31.512 [T:0x5f0aa] [DbgStr] After calling display_control_client_listener_video_port_.UpdateAllDisplayPath()
2025/10/22 05:02:31.526 [T:0x5f0aa] [DbgStr] After calling display_control_client_listener_.GetAllDisplayEDID()
2025/10/22 05:02:31.528 [T:0x5f0aa] [DisplayControl] Version = 3.0.6.0
2025/10/22 05:02:31.528 [T:0x5f0aa] [DisplayControl] Enter ObtainControlHandler1
2025/10/22 05:02:31.528 [T:0x5f0aa] [DisplayControl] GetVideoPortCommander
2025/10/22 05:02:31.528 [T:0x5f0aa] [DisplayControl] GetUSBHubCommander
2025/10/22 05:02:31.528 [T:0x5f0aa] ====== List p_lpo_display_info_video_port, # of devices is ======2
2025/10/22 05:02:31.528 [T:0x5f0aa] [DisplayControl] index of p_lpo_display_info_video_port0
2025/10/22 05:02:31.528 [T:0x5f0aa] [DisplayControl] Model name from VideoPort = VG2458
2025/10/22 05:02:31.528 [T:0x5f0aa] [DisplayControl] SN from VideoPort = YDJ243400006
2025/10/22 05:02:31.528 [T:0x5f0aa] [DisplayControl] index of p_lpo_display_info_video_port1
2025/10/22 05:02:31.528 [T:0x5f0aa] [DisplayControl] Model name from VideoPort = VG275
2025/10/22 05:02:31.529 [T:0x5f0aa] [DisplayControl] SN from VideoPort = XF6232400003
2025/10/22 05:02:31.529 [T:0x5f0aa] ====== List p_lpo_display_info_rtd_scalar_rts_hub, # of devices is ======0
2025/10/22 05:02:31.529 [T:0x5f0aa] [DisplayControl] GetVSRtkHubControlClientListener
2025/10/22 05:02:31.529 [T:0x5f0aa] [DisplayControl] max monitor count = 2
2025/10/22 05:02:31.529 [T:0x5f0aa] [DisplayControl] index of display_info_vec = 0
2025/10/22 05:02:31.529 [T:0x5f0aa] [DisplayControl] index of p_lpo_display_info_video_port = 0
2025/10/22 05:02:31.529 [T:0x5f0aa] [DisplayControl] VideoPortMatchingRule
2025/10/22 05:02:31.529 [T:0x5f0aa] [DisplayControl] monitor display_info_model_name = VG2458
2025/10/22 05:02:31.529 [T:0x5f0aa] [DisplayControl] monitor video_port_model_name = VG2458
2025/10/22 05:02:31.529 [T:0x5f0aa] [DisplayControl] monitor display_info_sn = YDJ243400006
2025/10/22 05:02:31.529 [T:0x5f0aa] [DisplayControl] monitor video_port_sn = YDJ243400006
2025/10/22 05:02:31.529 [T:0x5f0aa] [DisplayControl] model_name_match = 1
2025/10/22 05:02:31.529 [T:0x5f0aa] [DisplayControl] sn_match = 1
2025/10/22 05:02:31.529 [T:0x5f0aa] [DisplayControl] video_port is_match = 1
2025/10/22 05:02:31.529 [T:0x5f0aa] [DisplayControl] index of display_info_vec = 1
2025/10/22 05:02:31.529 [T:0x5f0aa] [DisplayControl] index of p_lpo_display_info_video_port = 0
2025/10/22 05:02:31.529 [T:0x5f0aa] [DisplayControl] VideoPortMatchingRule
2025/10/22 05:02:31.529 [T:0x5f0aa] [DisplayControl] monitor display_info_model_name = VG275
2025/10/22 05:02:31.529 [T:0x5f0aa] [DisplayControl] monitor video_port_model_name = VG2458
2025/10/22 05:02:31.529 [T:0x5f0aa] [DisplayControl] monitor display_info_sn = XF6232400003
2025/10/22 05:02:31.529 [T:0x5f0aa] [DisplayControl] monitor video_port_sn = YDJ243400006
2025/10/22 05:02:31.529 [T:0x5f0aa] [DisplayControl] model_name_match = 0
2025/10/22 05:02:31.529 [T:0x5f0aa] [DisplayControl] sn_match = 0
2025/10/22 05:02:31.529 [T:0x5f0aa] [DisplayControl] video_port is_match = 0
2025/10/22 05:02:31.529 [T:0x5f0aa] [DisplayControl] index of display_info_vec = 1
2025/10/22 05:02:31.529 [T:0x5f0aa] [DisplayControl] index of p_lpo_display_info_video_port = 1
2025/10/22 05:02:31.529 [T:0x5f0aa] [DisplayControl] VideoPortMatchingRule
2025/10/22 05:02:31.529 [T:0x5f0aa] [DisplayControl] monitor display_info_model_name = VG275
2025/10/22 05:02:31.530 [T:0x5f0aa] [DisplayControl] monitor video_port_model_name = VG275
2025/10/22 05:02:31.530 [T:0x5f0aa] [DisplayControl] monitor display_info_sn = XF6232400003
2025/10/22 05:02:31.530 [T:0x5f0aa] [DisplayControl] monitor video_port_sn = XF6232400003
2025/10/22 05:02:31.530 [T:0x5f0aa] [DisplayControl] model_name_match = 1
2025/10/22 05:02:31.530 [T:0x5f0aa] [DisplayControl] sn_match = 1
2025/10/22 05:02:31.530 [T:0x5f0aa] [DisplayControl] video_port is_match = 1
2025/10/22 05:02:31.530 [T:0x5f0aa] [DisplayControl] i = 0
2025/10/22 05:02:31.530 [T:0x5f0aa] [DisplayControl] Enter OperationThread::OperationThread()
2025/10/22 05:02:31.530 [T:0x5f0aa] [DisplayControl] Enter OperationThread::CreateThread
2025/10/22 05:02:31.530 [T:0x5f0aa] [DisplayControl] new DisplayFunctioner
2025/10/22 05:02:31.530 [T:0x5f0aa] [DisplayControl] insert displayer_vector
2025/10/22 05:02:31.530 [T:0x5f0aa] [DisplayControl] insert modelName_SN_to_Display_map
2025/10/22 05:02:31.530 [T:0x5f0aa] [DisplayControl] insert device_id_to_Displayer_map_
2025/10/22 05:02:31.530 [T:0x5f0aa] [DisplayControl] i = 1
2025/10/22 05:02:31.530 [T:0x5f0aa] [DisplayControl] Enter OperationThread::OperationThread()
2025/10/22 05:02:31.530 [T:0x5f0aa] [DisplayControl] Enter OperationThread::CreateThread
2025/10/22 05:02:31.530 [T:0x5f0aa] [DisplayControl] new DisplayFunctioner
2025/10/22 05:02:31.530 [T:0x5f0aa] [DisplayControl] insert displayer_vector
2025/10/22 05:02:31.530 [T:0x5f0aa] [DisplayControl] insert modelName_SN_to_Display_map
2025/10/22 05:02:31.530 [T:0x5f0aa] [DisplayControl] insert device_id_to_Displayer_map_
2025/10/22 05:02:31.530 [T:0x5f0aa] [DisplayControl] monitor size = 2
2025/10/22 05:02:31.530 [T:0x5f0aa] [DisplayControl] Exit ObtainControlHandler
2025/10/22 05:02:31.531 [T:0x5f0aa] [DisplayControl] Enter MCCSOtherSet::GetVCP(), vcp code = 16
2025/10/22 05:02:31.602 [T:0x5f0aa] [DisplayControl] Exit MCCSOtherSet::GetVCP()
2025/10/22 05:02:31.602 [T:0x5f0aa] [DisplayControl] Enter MCCSOtherSet::GetVCP(), vcp code = 51
2025/10/22 05:02:31.742 [T:0x5f0aa] [DisplayControl] Exit MCCSOtherSet::GetVCP()
2025/10/22 05:02:31.848 [T:0x5f0aa] [DisplayControl] Enter MCCSOtherSet::GetVCP(), vcp code = 18
2025/10/22 05:02:31.929 [T:0x5f0aa] [DisplayControl] Exit MCCSOtherSet::GetVCP()
2025/10/22 05:02:32.035 [T:0x5f0aa] [DisplayControl] Enter MCCSOtherSet::GetVCP(), vcp code = 245
2025/10/22 05:02:32.117 [T:0x5f0aa] [DisplayControl] Exit MCCSOtherSet::GetVCP()
2025/10/22 05:02:32.223 [T:0x5f0aa] [DisplayControl] Enter MCCSOtherSet::GetVCP(), vcp code = 97
2025/10/22 05:02:32.304 [T:0x5f0aa] [DisplayControl] Exit MCCSOtherSet::GetVCP()
2025/10/22 05:02:32.410 [T:0x5f0aa] [DisplayControl] Enter MCCSOtherSet::GetVCP(), vcp code = 220
2025/10/22 05:02:32.492 [T:0x5f0aa] [DisplayControl] Exit MCCSOtherSet::GetVCP()
2025/10/22 05:02:32.598 [T:0x5f0aa] [DisplayControl] Enter MCCSOtherSet::GetVCP(), vcp code = 20
2025/10/22 05:02:32.679 [T:0x5f0aa] [DisplayControl] Exit MCCSOtherSet::GetVCP()
2025/10/22 05:02:32.785 [T:0x5f0aa] [DisplayControl] Enter MCCSOtherSet::GetVCP(), vcp code = 225
2025/10/22 05:02:32.867 [T:0x5f0aa] [DisplayControl] Exit MCCSOtherSet::GetVCP()
2025/10/22 05:02:32.973 [T:0x5f0aa] [DisplayControl] Enter MCCSOtherSet::GetVCP(), vcp code = 43
2025/10/22 05:02:33.055 [T:0x5f0aa] [DisplayControl] Exit MCCSOtherSet::GetVCP()
2025/10/22 05:02:33.160 [T:0x5f0aa] [DisplayControl] Enter MCCSOtherSet::GetVCP(), vcp code = 16
2025/10/22 05:02:33.242 [T:0x5f0aa] [DisplayControl] Exit MCCSOtherSet::GetVCP()
2025/10/22 05:02:33.348 [T:0x5f0aa] [DisplayControl] Enter MCCSOtherSet::GetVCP(), vcp code = 4
2025/10/22 05:02:33.429 [T:0x5f0aa] [DisplayControl] Exit MCCSOtherSet::GetVCP()
2025/10/22 05:02:33.535 [T:0x5f0aa] [DisplayControl] Enter MCCSOtherSet::GetVCP(), vcp code = 98
2025/10/22 05:02:33.616 [T:0x5f0aa] [DisplayControl] Exit MCCSOtherSet::GetVCP()
2025/10/22 05:02:33.722 [T:0x5f0aa] [DisplayControl] Enter MCCSOtherSet::GetVCP(), vcp code = 141
2025/10/22 05:02:33.804 [T:0x5f0aa] [DisplayControl] Exit MCCSOtherSet::GetVCP()
2025/10/22 05:02:33.890 [T:0x104ce] [DisplayControl] Enter MCCSOtherSet::GetVCP(), vcp code = 96
2025/10/22 05:02:33.910 [T:0x5f0aa] [DisplayControl] Enter MCCSOtherSet::GetVCP(), vcp code = 135
2025/10/22 05:02:33.968 [T:0x104ce] [DisplayControl] Exit MCCSOtherSet::GetVCP()
2025/10/22 05:02:34.141 [T:0x5f0aa] [DisplayControl] Exit MCCSOtherSet::GetVCP()
2025/10/22 05:02:34.243 [T:0x5f0aa] [DisplayControl] Enter MCCSOtherSet::GetVCP(), vcp code = 96
2025/10/22 05:02:34.482 [T:0x5f0aa] [DisplayControl] Exit MCCSOtherSet::GetVCP()
2025/10/22 05:02:34.587 [T:0x5f0aa] [DisplayControl] Enter MCCSOtherSet::GetVCP(), vcp code = 51
2025/10/22 05:02:34.671 [T:0x5f0aa] [DisplayControl] Exit MCCSOtherSet::GetVCP()
2025/10/22 05:02:34.774 [T:0x5f0aa] [DisplayControl] Enter MCCSOtherSet::GetVCP(), vcp code = 236
2025/10/22 05:02:34.859 [T:0x5f0aa] [DisplayControl] Exit MCCSOtherSet::GetVCP()
2025/10/22 05:02:34.961 [T:0x5f0aa] [DisplayControl] Enter MCCSOtherSet::GetVCP(), vcp code = 18
2025/10/22 05:02:35.046 [T:0x5f0aa] [DisplayControl] Exit MCCSOtherSet::GetVCP()
2025/10/22 05:02:35.148 [T:0x5f0aa] [DisplayControl] Enter MCCSOtherSet::GetVCP(), vcp code = 97
2025/10/22 05:02:35.234 [T:0x5f0aa] [DisplayControl] Exit MCCSOtherSet::GetVCP()
2025/10/22 05:02:35.336 [T:0x5f0aa] [DisplayControl] Enter MCCSOtherSet::GetVCP(), vcp code = 220
2025/10/22 05:02:35.421 [T:0x5f0aa] [DisplayControl] Exit MCCSOtherSet::GetVCP()
2025/10/22 05:02:35.524 [T:0x5f0aa] [DisplayControl] Enter MCCSOtherSet::GetVCP(), vcp code = 225
2025/10/22 05:02:35.609 [T:0x5f0aa] [DisplayControl] Exit MCCSOtherSet::GetVCP()
2025/10/22 05:02:35.711 [T:0x5f0aa] [DisplayControl] Enter MCCSOtherSet::GetVCP(), vcp code = 43
2025/10/22 05:02:35.796 [T:0x5f0aa] [DisplayControl] Exit MCCSOtherSet::GetVCP()
2025/10/22 05:02:35.899 [T:0x5f0aa] [DisplayControl] Enter MCCSOtherSet::GetVCP(), vcp code = 226
2025/10/22 05:02:35.984 [T:0x5f0aa] [DisplayControl] Exit MCCSOtherSet::GetVCP()
2025/10/22 05:02:36.086 [T:0x5f0aa] [DisplayControl] Enter MCCSOtherSet::GetVCP(), vcp code = 16
2025/10/22 05:02:36.172 [T:0x5f0aa] [DisplayControl] Exit MCCSOtherSet::GetVCP()
2025/10/22 05:02:36.274 [T:0x5f0aa] [DisplayControl] Enter MCCSOtherSet::GetVCP(), vcp code = 4
2025/10/22 05:02:36.359 [T:0x5f0aa] [DisplayControl] Exit MCCSOtherSet::GetVCP()
2025/10/22 05:02:36.461 [T:0x5f0aa] [DisplayControl] Enter MCCSOtherSet::GetVCP(), vcp code = 98
2025/10/22 05:02:36.547 [T:0x5f0aa] [DisplayControl] Exit MCCSOtherSet::GetVCP()
2025/10/22 05:02:36.649 [T:0x5f0aa] [DisplayControl] Enter MCCSOtherSet::GetVCP(), vcp code = 141
2025/10/22 05:02:36.734 [T:0x5f0aa] [DisplayControl] Exit MCCSOtherSet::GetVCP()
2025/10/22 05:02:36.837 [T:0x5f0aa] [DisplayControl] Enter MCCSOtherSet::GetVCP(), vcp code = 135
2025/10/22 05:02:36.922 [T:0x5f0aa] [DisplayControl] Exit MCCSOtherSet::GetVCP()
2025/10/22 05:02:37.024 [T:0x5f0aa] [DisplayControl] Enter MCCSOtherSet::GetVCP(), vcp code = 96
2025/10/22 05:02:37.110 [T:0x5f0aa] [DisplayControl] Exit MCCSOtherSet::GetVCP()
2025/10/22 05:03:58.032 [T:0x104ce] [DisplayControl] Enter MCCSOtherSet::GetVCP(), vcp code = 96
2025/10/22 05:03:58.127 [T:0x104ce] [DisplayControl] Exit MCCSOtherSet::GetVCP()
2025/10/22 05:03:58.323 [T:0xbb635] [DisplayControl] Enter MCCSOtherSet::GetVCP(), vcp code = 51
2025/10/22 05:03:58.459 [T:0xbb635] [DisplayControl] Exit MCCSOtherSet::GetVCP()
2025/10/22 05:03:58.569 [T:0xbb635] [DisplayControl] Enter MCCSOtherSet::GetVCP(), vcp code = 236
2025/10/22 05:03:58.655 [T:0xbb635] [DisplayControl] Exit MCCSOtherSet::GetVCP()
2025/10/22 05:03:58.756 [T:0xbb635] [DisplayControl] Enter MCCSOtherSet::GetVCP(), vcp code = 18
2025/10/22 05:03:58.842 [T:0xbb635] [DisplayControl] Exit MCCSOtherSet::GetVCP()
2025/10/22 05:03:58.944 [T:0xbb635] [DisplayControl] Enter MCCSOtherSet::GetVCP(), vcp code = 97
2025/10/22 05:03:59.029 [T:0xbb635] [DisplayControl] Exit MCCSOtherSet::GetVCP()
2025/10/22 05:03:59.131 [T:0xbb635] [DisplayControl] Enter MCCSOtherSet::GetVCP(), vcp code = 220
2025/10/22 05:03:59.216 [T:0xbb635] [DisplayControl] Exit MCCSOtherSet::GetVCP()
2025/10/22 05:03:59.319 [T:0xbb635] [DisplayControl] Enter MCCSOtherSet::GetVCP(), vcp code = 225
2025/10/22 05:03:59.404 [T:0xbb635] [DisplayControl] Exit MCCSOtherSet::GetVCP()
2025/10/22 05:03:59.506 [T:0xbb635] [DisplayControl] Enter MCCSOtherSet::GetVCP(), vcp code = 43
2025/10/22 05:03:59.592 [T:0xbb635] [DisplayControl] Exit MCCSOtherSet::GetVCP()
2025/10/22 05:03:59.694 [T:0xbb635] [DisplayControl] Enter MCCSOtherSet::GetVCP(), vcp code = 226
2025/10/22 05:03:59.779 [T:0xbb635] [DisplayControl] Exit MCCSOtherSet::GetVCP()
2025/10/22 05:03:59.881 [T:0xbb635] [DisplayControl] Enter MCCSOtherSet::GetVCP(), vcp code = 16
2025/10/22 05:03:59.967 [T:0xbb635] [DisplayControl] Exit MCCSOtherSet::GetVCP()
2025/10/22 05:04:00.069 [T:0xbb635] [DisplayControl] Enter MCCSOtherSet::GetVCP(), vcp code = 4
2025/10/22 05:04:00.154 [T:0xbb635] [DisplayControl] Exit MCCSOtherSet::GetVCP()
2025/10/22 05:04:00.256 [T:0xbb635] [DisplayControl] Enter MCCSOtherSet::GetVCP(), vcp code = 98
2025/10/22 05:04:00.342 [T:0xbb635] [DisplayControl] Exit MCCSOtherSet::GetVCP()
2025/10/22 05:04:00.444 [T:0xbb635] [DisplayControl] Enter MCCSOtherSet::GetVCP(), vcp code = 141
2025/10/22 05:04:00.529 [T:0xbb635] [DisplayControl] Exit MCCSOtherSet::GetVCP()
2025/10/22 05:04:00.631 [T:0xbb635] [DisplayControl] Enter MCCSOtherSet::GetVCP(), vcp code = 135
2025/10/22 05:04:00.716 [T:0xbb635] [DisplayControl] Exit MCCSOtherSet::GetVCP()
2025/10/22 05:04:00.819 [T:0xbb635] [DisplayControl] Enter MCCSOtherSet::GetVCP(), vcp code = 96
2025/10/22 05:04:00.904 [T:0xbb635] [DisplayControl] Exit MCCSOtherSet::GetVCP()
2025/10/22 05:04:13.756 [T:0xbb635] [DisplayControl] Enter MCCSOtherSet::SetVCP(), vcp code = 4
2025/10/22 05:04:14.696 [T:0xbb635] [DisplayControl] Exit MCCSOtherSet::SetVCP()
2025/10/22 05:04:19.815 [T:0xbb635] [DisplayControl] Enter OperationThread::ExitThread
2025/10/22 05:04:19.815 [T:0xbb635] [DisplayControl] Exit OperationThread::ExitThread
2025/10/22 05:04:19.815 [T:0xbb635] [DisplayControl] Enter OperationThread::~OperationThread()
2025/10/22 05:04:19.815 [T:0xbb635] [DisplayControl] Enter OperationThread::ExitThread
2025/10/22 05:04:19.815 [T:0xbb635] [DisplayControl] Enter OperationThread::ExitThread
2025/10/22 05:04:19.815 [T:0xbb635] [DisplayControl] Exit OperationThread::ExitThread
2025/10/22 05:04:19.816 [T:0xbb635] [DisplayControl] Enter OperationThread::~OperationThread()
2025/10/22 05:04:19.816 [T:0xbb635] [DisplayControl] Enter OperationThread::ExitThread
2025/10/22 05:04:19.836 [T:0xbb635] [DbgStr] After calling display_control_client_listener_video_port_.UpdateAllDisplayPath()
2025/10/22 05:04:19.850 [T:0xbb635] [DbgStr] After calling display_control_client_listener_.GetAllDisplayEDID()
2025/10/22 05:04:19.852 [T:0xbb635] [DisplayControl] Version = 3.0.6.0
2025/10/22 05:04:19.852 [T:0xbb635] [DisplayControl] Enter ObtainControlHandler1
2025/10/22 05:04:19.852 [T:0xbb635] [DisplayControl] GetVideoPortCommander
2025/10/22 05:04:19.852 [T:0xbb635] [DisplayControl] GetUSBHubCommander
2025/10/22 05:04:19.852 [T:0xbb635] ====== List p_lpo_display_info_video_port, # of devices is ======2
2025/10/22 05:04:19.852 [T:0xbb635] [DisplayControl] index of p_lpo_display_info_video_port0
2025/10/22 05:04:19.852 [T:0xbb635] [DisplayControl] Model name from VideoPort = VG2458
2025/10/22 05:04:19.852 [T:0xbb635] [DisplayControl] SN from VideoPort = YDJ243400006
2025/10/22 05:04:19.852 [T:0xbb635] [DisplayControl] index of p_lpo_display_info_video_port1
2025/10/22 05:04:19.852 [T:0xbb635] [DisplayControl] Model name from VideoPort = VG275
2025/10/22 05:04:19.852 [T:0xbb635] [DisplayControl] SN from VideoPort = XF6232400003
2025/10/22 05:04:19.852 [T:0xbb635] ====== List p_lpo_display_info_rtd_scalar_rts_hub, # of devices is ======0
2025/10/22 05:04:19.852 [T:0xbb635] [DisplayControl] GetVSRtkHubControlClientListener
2025/10/22 05:04:19.852 [T:0xbb635] [DisplayControl] max monitor count = 2
2025/10/22 05:04:19.852 [T:0xbb635] [DisplayControl] index of display_info_vec = 0
2025/10/22 05:04:19.852 [T:0xbb635] [DisplayControl] index of p_lpo_display_info_video_port = 0
2025/10/22 05:04:19.852 [T:0xbb635] [DisplayControl] VideoPortMatchingRule
2025/10/22 05:04:19.852 [T:0xbb635] [DisplayControl] monitor display_info_model_name = VG2458
2025/10/22 05:04:19.852 [T:0xbb635] [DisplayControl] monitor video_port_model_name = VG2458
2025/10/22 05:04:19.852 [T:0xbb635] [DisplayControl] monitor display_info_sn = YDJ243400006
2025/10/22 05:04:19.853 [T:0xbb635] [DisplayControl] monitor video_port_sn = YDJ243400006
2025/10/22 05:04:19.853 [T:0xbb635] [DisplayControl] model_name_match = 1
2025/10/22 05:04:19.853 [T:0xbb635] [DisplayControl] sn_match = 1
2025/10/22 05:04:19.853 [T:0xbb635] [DisplayControl] video_port is_match = 1
2025/10/22 05:04:19.853 [T:0xbb635] [DisplayControl] index of display_info_vec = 1
2025/10/22 05:04:19.853 [T:0xbb635] [DisplayControl] index of p_lpo_display_info_video_port = 0
2025/10/22 05:04:19.853 [T:0xbb635] [DisplayControl] VideoPortMatchingRule
2025/10/22 05:04:19.853 [T:0xbb635] [DisplayControl] monitor display_info_model_name = VG275
2025/10/22 05:04:19.853 [T:0xbb635] [DisplayControl] monitor video_port_model_name = VG2458
2025/10/22 05:04:19.853 [T:0xbb635] [DisplayControl] monitor display_info_sn = XF6232400003
2025/10/22 05:04:19.853 [T:0xbb635] [DisplayControl] monitor video_port_sn = YDJ243400006
2025/10/22 05:04:19.853 [T:0xbb635] [DisplayControl] model_name_match = 0
2025/10/22 05:04:19.853 [T:0xbb635] [DisplayControl] sn_match = 0
2025/10/22 05:04:19.853 [T:0xbb635] [DisplayControl] video_port is_match = 0
2025/10/22 05:04:19.853 [T:0xbb635] [DisplayControl] index of display_info_vec = 1
2025/10/22 05:04:19.853 [T:0xbb635] [DisplayControl] index of p_lpo_display_info_video_port = 1
2025/10/22 05:04:19.853 [T:0xbb635] [DisplayControl] VideoPortMatchingRule
2025/10/22 05:04:19.853 [T:0xbb635] [DisplayControl] monitor display_info_model_name = VG275
2025/10/22 05:04:19.853 [T:0xbb635] [DisplayControl] monitor video_port_model_name = VG275
2025/10/22 05:04:19.853 [T:0xbb635] [DisplayControl] monitor display_info_sn = XF6232400003
2025/10/22 05:04:19.853 [T:0xbb635] [DisplayControl] monitor video_port_sn = XF6232400003
2025/10/22 05:04:19.853 [T:0xbb635] [DisplayControl] model_name_match = 1
2025/10/22 05:04:19.853 [T:0xbb635] [DisplayControl] sn_match = 1
2025/10/22 05:04:19.853 [T:0xbb635] [DisplayControl] video_port is_match = 1
2025/10/22 05:04:19.853 [T:0xbb635] [DisplayControl] i = 0
2025/10/22 05:04:19.853 [T:0xbb635] [DisplayControl] Enter OperationThread::OperationThread()
2025/10/22 05:04:19.853 [T:0xbb635] [DisplayControl] Enter OperationThread::CreateThread
2025/10/22 05:04:19.854 [T:0xbb635] [DisplayControl] new DisplayFunctioner
2025/10/22 05:04:19.854 [T:0xbb635] [DisplayControl] insert displayer_vector
2025/10/22 05:04:19.854 [T:0xbb635] [DisplayControl] insert modelName_SN_to_Display_map
2025/10/22 05:04:19.854 [T:0xbb635] [DisplayControl] insert device_id_to_Displayer_map_
2025/10/22 05:04:19.854 [T:0xbb635] [DisplayControl] i = 1
2025/10/22 05:04:19.854 [T:0xbb635] [DisplayControl] Enter OperationThread::OperationThread()
2025/10/22 05:04:19.854 [T:0xbb635] [DisplayControl] Enter OperationThread::CreateThread
2025/10/22 05:04:19.854 [T:0xbb635] [DisplayControl] new DisplayFunctioner
2025/10/22 05:04:19.854 [T:0xbb635] [DisplayControl] insert displayer_vector
2025/10/22 05:04:19.854 [T:0xbb635] [DisplayControl] insert modelName_SN_to_Display_map
2025/10/22 05:04:19.854 [T:0xbb635] [DisplayControl] insert device_id_to_Displayer_map_
2025/10/22 05:04:19.854 [T:0xbb635] [DisplayControl] monitor size = 2
2025/10/22 05:04:19.854 [T:0xbb635] [DisplayControl] Exit ObtainControlHandler
2025/10/22 05:04:19.854 [T:0xbb635] [DisplayControl] Enter MCCSOtherSet::GetVCP(), vcp code = 16
2025/10/22 05:04:19.931 [T:0xbb635] [DisplayControl] Exit MCCSOtherSet::GetVCP()
2025/10/22 05:04:19.931 [T:0xbb635] [DisplayControl] Enter MCCSOtherSet::GetVCP(), vcp code = 51
2025/10/22 05:04:20.005 [T:0xbb635] [DisplayControl] Exit MCCSOtherSet::GetVCP()
2025/10/22 05:04:20.111 [T:0xbb635] [DisplayControl] Enter MCCSOtherSet::GetVCP(), vcp code = 18
2025/10/22 05:04:20.193 [T:0xbb635] [DisplayControl] Exit MCCSOtherSet::GetVCP()
2025/10/22 05:04:20.299 [T:0xbb635] [DisplayControl] Enter MCCSOtherSet::GetVCP(), vcp code = 245
2025/10/22 05:04:20.381 [T:0xbb635] [DisplayControl] Exit MCCSOtherSet::GetVCP()
2025/10/22 05:04:20.486 [T:0xbb635] [DisplayControl] Enter MCCSOtherSet::GetVCP(), vcp code = 97
2025/10/22 05:04:20.568 [T:0xbb635] [DisplayControl] Exit MCCSOtherSet::GetVCP()
2025/10/22 05:04:20.674 [T:0xbb635] [DisplayControl] Enter MCCSOtherSet::GetVCP(), vcp code = 220
2025/10/22 05:04:20.755 [T:0xbb635] [DisplayControl] Exit MCCSOtherSet::GetVCP()
2025/10/22 05:04:20.861 [T:0xbb635] [DisplayControl] Enter MCCSOtherSet::GetVCP(), vcp code = 20
2025/10/22 05:04:20.943 [T:0xbb635] [DisplayControl] Exit MCCSOtherSet::GetVCP()
2025/10/22 05:04:21.049 [T:0xbb635] [DisplayControl] Enter MCCSOtherSet::GetVCP(), vcp code = 225
2025/10/22 05:04:21.130 [T:0xbb635] [DisplayControl] Exit MCCSOtherSet::GetVCP()
2025/10/22 05:04:21.236 [T:0xbb635] [DisplayControl] Enter MCCSOtherSet::GetVCP(), vcp code = 43
2025/10/22 05:04:21.318 [T:0xbb635] [DisplayControl] Exit MCCSOtherSet::GetVCP()
2025/10/22 05:04:21.423 [T:0xbb635] [DisplayControl] Enter MCCSOtherSet::GetVCP(), vcp code = 16
2025/10/22 05:04:21.505 [T:0xbb635] [DisplayControl] Exit MCCSOtherSet::GetVCP()
2025/10/22 05:04:21.611 [T:0xbb635] [DisplayControl] Enter MCCSOtherSet::GetVCP(), vcp code = 4
2025/10/22 05:04:21.693 [T:0xbb635] [DisplayControl] Exit MCCSOtherSet::GetVCP()
2025/10/22 05:04:21.799 [T:0xbb635] [DisplayControl] Enter MCCSOtherSet::GetVCP(), vcp code = 98
2025/10/22 05:04:21.880 [T:0xbb635] [DisplayControl] Exit MCCSOtherSet::GetVCP()
2025/10/22 05:04:21.986 [T:0xbb635] [DisplayControl] Enter MCCSOtherSet::GetVCP(), vcp code = 141
2025/10/22 05:04:22.068 [T:0xbb635] [DisplayControl] Exit MCCSOtherSet::GetVCP()
2025/10/22 05:04:22.174 [T:0xbb635] [DisplayControl] Enter MCCSOtherSet::GetVCP(), vcp code = 135
2025/10/22 05:04:22.255 [T:0xbb635] [DisplayControl] Exit MCCSOtherSet::GetVCP()
2025/10/22 05:04:22.361 [T:0xbb635] [DisplayControl] Enter MCCSOtherSet::GetVCP(), vcp code = 96
2025/10/22 05:04:22.443 [T:0xbb635] [DisplayControl] Exit MCCSOtherSet::GetVCP()
2025/10/22 05:04:22.549 [T:0xbb635] [DisplayControl] Enter MCCSOtherSet::GetVCP(), vcp code = 51
2025/10/22 05:04:22.634 [T:0xbb635] [DisplayControl] Exit MCCSOtherSet::GetVCP()
2025/10/22 05:04:22.736 [T:0xbb635] [DisplayControl] Enter MCCSOtherSet::GetVCP(), vcp code = 236
2025/10/22 05:04:22.822 [T:0xbb635] [DisplayControl] Exit MCCSOtherSet::GetVCP()
2025/10/22 05:04:22.924 [T:0xbb635] [DisplayControl] Enter MCCSOtherSet::GetVCP(), vcp code = 18
2025/10/22 05:04:23.010 [T:0xbb635] [DisplayControl] Exit MCCSOtherSet::GetVCP()
2025/10/22 05:04:23.111 [T:0xbb635] [DisplayControl] Enter MCCSOtherSet::GetVCP(), vcp code = 97
2025/10/22 05:04:23.197 [T:0xbb635] [DisplayControl] Exit MCCSOtherSet::GetVCP()
2025/10/22 05:04:23.299 [T:0xbb635] [DisplayControl] Enter MCCSOtherSet::GetVCP(), vcp code = 220
2025/10/22 05:04:23.385 [T:0xbb635] [DisplayControl] Exit MCCSOtherSet::GetVCP()
2025/10/22 05:04:23.486 [T:0xbb635] [DisplayControl] Enter MCCSOtherSet::GetVCP(), vcp code = 225
2025/10/22 05:04:23.572 [T:0xbb635] [DisplayControl] Exit MCCSOtherSet::GetVCP()
2025/10/22 05:04:23.674 [T:0xbb635] [DisplayControl] Enter MCCSOtherSet::GetVCP(), vcp code = 43
2025/10/22 05:04:23.759 [T:0xbb635] [DisplayControl] Exit MCCSOtherSet::GetVCP()
2025/10/22 05:04:23.861 [T:0xbb635] [DisplayControl] Enter MCCSOtherSet::GetVCP(), vcp code = 226
2025/10/22 05:04:23.947 [T:0xbb635] [DisplayControl] Exit MCCSOtherSet::GetVCP()
2025/10/22 05:04:24.049 [T:0xbb635] [DisplayControl] Enter MCCSOtherSet::GetVCP(), vcp code = 16
2025/10/22 05:04:24.134 [T:0xbb635] [DisplayControl] Exit MCCSOtherSet::GetVCP()
2025/10/22 05:04:24.236 [T:0xbb635] [DisplayControl] Enter MCCSOtherSet::GetVCP(), vcp code = 4
2025/10/22 05:04:24.322 [T:0xbb635] [DisplayControl] Exit MCCSOtherSet::GetVCP()
2025/10/22 05:04:24.424 [T:0xbb635] [DisplayControl] Enter MCCSOtherSet::GetVCP(), vcp code = 98
2025/10/22 05:04:24.510 [T:0xbb635] [DisplayControl] Exit MCCSOtherSet::GetVCP()
2025/10/22 05:04:24.611 [T:0xbb635] [DisplayControl] Enter MCCSOtherSet::GetVCP(), vcp code = 141
2025/10/22 05:04:24.697 [T:0xbb635] [DisplayControl] Exit MCCSOtherSet::GetVCP()
2025/10/22 05:04:24.799 [T:0xbb635] [DisplayControl] Enter MCCSOtherSet::GetVCP(), vcp code = 135
2025/10/22 05:04:24.884 [T:0xbb635] [DisplayControl] Exit MCCSOtherSet::GetVCP()
2025/10/22 05:04:24.986 [T:0xbb635] [DisplayControl] Enter MCCSOtherSet::GetVCP(), vcp code = 96
2025/10/22 05:04:25.072 [T:0xbb635] [DisplayControl] Exit MCCSOtherSet::GetVCP()
2025/10/22 05:05:45.938 [T:0x104ce] [DisplayControl] Enter MCCSOtherSet::GetVCP(), vcp code = 96
2025/10/22 05:05:46.032 [T:0x104ce] [DisplayControl] Exit MCCSOtherSet::GetVCP()
2025/10/22 05:05:46.248 [T:0x6fc00] [DisplayControl] Enter MCCSOtherSet::GetVCP(), vcp code = 51
2025/10/22 05:05:46.391 [T:0x6fc00] [DisplayControl] Exit MCCSOtherSet::GetVCP()
2025/10/22 05:05:46.498 [T:0x6fc00] [DisplayControl] Enter MCCSOtherSet::GetVCP(), vcp code = 18
2025/10/22 05:05:46.580 [T:0x6fc00] [DisplayControl] Exit MCCSOtherSet::GetVCP()
2025/10/22 05:05:46.686 [T:0x6fc00] [DisplayControl] Enter MCCSOtherSet::GetVCP(), vcp code = 245
2025/10/22 05:05:46.767 [T:0x6fc00] [DisplayControl] Exit MCCSOtherSet::GetVCP()
2025/10/22 05:05:46.873 [T:0x6fc00] [DisplayControl] Enter MCCSOtherSet::GetVCP(), vcp code = 97
2025/10/22 05:05:46.955 [T:0x6fc00] [DisplayControl] Exit MCCSOtherSet::GetVCP()
2025/10/22 05:05:47.061 [T:0x6fc00] [DisplayControl] Enter MCCSOtherSet::GetVCP(), vcp code = 220
2025/10/22 05:05:47.142 [T:0x6fc00] [DisplayControl] Exit MCCSOtherSet::GetVCP()
2025/10/22 05:05:47.248 [T:0x6fc00] [DisplayControl] Enter MCCSOtherSet::GetVCP(), vcp code = 20
2025/10/22 05:05:47.330 [T:0x6fc00] [DisplayControl] Exit MCCSOtherSet::GetVCP()
2025/10/22 05:05:47.436 [T:0x6fc00] [DisplayControl] Enter MCCSOtherSet::GetVCP(), vcp code = 225
2025/10/22 05:05:47.517 [T:0x6fc00] [DisplayControl] Exit MCCSOtherSet::GetVCP()
2025/10/22 05:05:47.623 [T:0x6fc00] [DisplayControl] Enter MCCSOtherSet::GetVCP(), vcp code = 43
2025/10/22 05:05:47.705 [T:0x6fc00] [DisplayControl] Exit MCCSOtherSet::GetVCP()
2025/10/22 05:05:47.811 [T:0x6fc00] [DisplayControl] Enter MCCSOtherSet::GetVCP(), vcp code = 16
2025/10/22 05:05:47.892 [T:0x6fc00] [DisplayControl] Exit MCCSOtherSet::GetVCP()
2025/10/22 05:05:47.998 [T:0x6fc00] [DisplayControl] Enter MCCSOtherSet::GetVCP(), vcp code = 4
2025/10/22 05:05:48.080 [T:0x6fc00] [DisplayControl] Exit MCCSOtherSet::GetVCP()
2025/10/22 05:05:48.186 [T:0x6fc00] [DisplayControl] Enter MCCSOtherSet::GetVCP(), vcp code = 98
2025/10/22 05:05:48.267 [T:0x6fc00] [DisplayControl] Exit MCCSOtherSet::GetVCP()
2025/10/22 05:05:48.373 [T:0x6fc00] [DisplayControl] Enter MCCSOtherSet::GetVCP(), vcp code = 141
2025/10/22 05:05:48.455 [T:0x6fc00] [DisplayControl] Exit MCCSOtherSet::GetVCP()
2025/10/22 05:05:48.561 [T:0x6fc00] [DisplayControl] Enter MCCSOtherSet::GetVCP(), vcp code = 135
2025/10/22 05:05:48.642 [T:0x6fc00] [DisplayControl] Exit MCCSOtherSet::GetVCP()
2025/10/22 05:05:48.748 [T:0x6fc00] [DisplayControl] Enter MCCSOtherSet::GetVCP(), vcp code = 96
2025/10/22 05:05:48.830 [T:0x6fc00] [DisplayControl] Exit MCCSOtherSet::GetVCP()
2025/10/22 05:06:02.754 [T:0x6fc00] [DisplayControl] Enter MCCSOtherSet::SetVCP(), vcp code = 16
2025/10/22 05:06:02.950 [T:0x6fc00] [DisplayControl] Exit MCCSOtherSet::SetVCP()
2025/10/22 05:06:46.516 [T:0x6d1b7] [DisplayControl] Enter MCCSOtherSet::SetVCP(), vcp code = 18
2025/10/22 05:06:46.710 [T:0x6d1b7] [DisplayControl] Exit MCCSOtherSet::SetVCP()
2025/10/22 05:07:27.790 [T:0x104ce] [DisplayControl] Enter MCCSOtherSet::GetVCP(), vcp code = 96
2025/10/22 05:07:27.889 [T:0x104ce] [DisplayControl] Exit MCCSOtherSet::GetVCP()
2025/10/22 05:07:28.096 [T:0x0a7f4] [DisplayControl] Enter MCCSOtherSet::GetVCP(), vcp code = 51
2025/10/22 05:07:28.223 [T:0x0a7f4] [DisplayControl] Exit MCCSOtherSet::GetVCP()
2025/10/22 05:07:28.331 [T:0x0a7f4] [DisplayControl] Enter MCCSOtherSet::GetVCP(), vcp code = 236
2025/10/22 05:07:28.417 [T:0x0a7f4] [DisplayControl] Exit MCCSOtherSet::GetVCP()
2025/10/22 05:07:28.519 [T:0x0a7f4] [DisplayControl] Enter MCCSOtherSet::GetVCP(), vcp code = 18
2025/10/22 05:07:28.605 [T:0x0a7f4] [DisplayControl] Exit MCCSOtherSet::GetVCP()
2025/10/22 05:07:28.706 [T:0x0a7f4] [DisplayControl] Enter MCCSOtherSet::GetVCP(), vcp code = 97
2025/10/22 05:07:28.792 [T:0x0a7f4] [DisplayControl] Exit MCCSOtherSet::GetVCP()
2025/10/22 05:07:28.894 [T:0x0a7f4] [DisplayControl] Enter MCCSOtherSet::GetVCP(), vcp code = 220
2025/10/22 05:07:28.979 [T:0x0a7f4] [DisplayControl] Exit MCCSOtherSet::GetVCP()
2025/10/22 05:07:29.081 [T:0x0a7f4] [DisplayControl] Enter MCCSOtherSet::GetVCP(), vcp code = 225
2025/10/22 05:07:29.166 [T:0x0a7f4] [DisplayControl] Exit MCCSOtherSet::GetVCP()
2025/10/22 05:07:29.269 [T:0x0a7f4] [DisplayControl] Enter MCCSOtherSet::GetVCP(), vcp code = 43
2025/10/22 05:07:29.354 [T:0x0a7f4] [DisplayControl] Exit MCCSOtherSet::GetVCP()
2025/10/22 05:07:29.456 [T:0x0a7f4] [DisplayControl] Enter MCCSOtherSet::GetVCP(), vcp code = 226
2025/10/22 05:07:29.542 [T:0x0a7f4] [DisplayControl] Exit MCCSOtherSet::GetVCP()
2025/10/22 05:07:29.644 [T:0x0a7f4] [DisplayControl] Enter MCCSOtherSet::GetVCP(), vcp code = 16
2025/10/22 05:07:29.739 [T:0x0a7f4] [DisplayControl] Exit MCCSOtherSet::GetVCP()
2025/10/22 05:07:29.847 [T:0x0a7f4] [DisplayControl] Enter MCCSOtherSet::GetVCP(), vcp code = 4
2025/10/22 05:07:29.932 [T:0x0a7f4] [DisplayControl] Exit MCCSOtherSet::GetVCP()
2025/10/22 05:07:30.034 [T:0x0a7f4] [DisplayControl] Enter MCCSOtherSet::GetVCP(), vcp code = 98
2025/10/22 05:07:30.120 [T:0x0a7f4] [DisplayControl] Exit MCCSOtherSet::GetVCP()
2025/10/22 05:07:30.222 [T:0x0a7f4] [DisplayControl] Enter MCCSOtherSet::GetVCP(), vcp code = 141
2025/10/22 05:07:30.307 [T:0x0a7f4] [DisplayControl] Exit MCCSOtherSet::GetVCP()
2025/10/22 05:07:30.409 [T:0x0a7f4] [DisplayControl] Enter MCCSOtherSet::GetVCP(), vcp code = 135
2025/10/22 05:07:30.494 [T:0x0a7f4] [DisplayControl] Exit MCCSOtherSet::GetVCP()
2025/10/22 05:07:30.597 [T:0x0a7f4] [DisplayControl] Enter MCCSOtherSet::GetVCP(), vcp code = 96
2025/10/22 05:07:30.682 [T:0x0a7f4] [DisplayControl] Exit MCCSOtherSet::GetVCP()
2025/10/22 05:07:44.399 [T:0x0a7f4] [DisplayControl] Enter MCCSOtherSet::SetVCP(), vcp code = 16
2025/10/22 05:07:44.600 [T:0x0a7f4] [DisplayControl] Exit MCCSOtherSet::SetVCP()
2025/10/22 05:08:28.131 [T:0x44123] [DisplayControl] Enter MCCSOtherSet::SetVCP(), vcp code = 18
2025/10/22 05:08:28.344 [T:0x44123] [DisplayControl] Exit MCCSOtherSet::SetVCP()
2025/10/22 05:13:57.958 [T:0x37274] [DisplayControl] Enter MCCSOtherSet::SetVCP(), vcp code = 4
2025/10/22 05:13:58.896 [T:0x37274] [DisplayControl] Exit MCCSOtherSet::SetVCP()
2025/10/22 05:14:04.015 [T:0x37274] [DisplayControl] Enter OperationThread::ExitThread
2025/10/22 05:14:04.015 [T:0x37274] [DisplayControl] Exit OperationThread::ExitThread
2025/10/22 05:14:04.015 [T:0x37274] [DisplayControl] Enter OperationThread::~OperationThread()
2025/10/22 05:14:04.015 [T:0x37274] [DisplayControl] Enter OperationThread::ExitThread
2025/10/22 05:14:04.015 [T:0x37274] [DisplayControl] Enter OperationThread::ExitThread
2025/10/22 05:14:04.015 [T:0x37274] [DisplayControl] Exit OperationThread::ExitThread
2025/10/22 05:14:04.015 [T:0x37274] [DisplayControl] Enter OperationThread::~OperationThread()
2025/10/22 05:14:04.015 [T:0x37274] [DisplayControl] Enter OperationThread::ExitThread
2025/10/22 05:14:04.038 [T:0x37274] [DbgStr] After calling display_control_client_listener_video_port_.UpdateAllDisplayPath()
2025/10/22 05:14:04.053 [T:0x37274] [DbgStr] After calling display_control_client_listener_.GetAllDisplayEDID()
2025/10/22 05:14:04.055 [T:0x37274] [DisplayControl] Version = 3.0.6.0
2025/10/22 05:14:04.055 [T:0x37274] [DisplayControl] Enter ObtainControlHandler1
2025/10/22 05:14:04.055 [T:0x37274] [DisplayControl] GetVideoPortCommander
2025/10/22 05:14:04.055 [T:0x37274] [DisplayControl] GetUSBHubCommander
2025/10/22 05:14:04.055 [T:0x37274] ====== List p_lpo_display_info_video_port, # of devices is ======2
2025/10/22 05:14:04.055 [T:0x37274] [DisplayControl] index of p_lpo_display_info_video_port0
2025/10/22 05:14:04.055 [T:0x37274] [DisplayControl] Model name from VideoPort = VG2458
2025/10/22 05:14:04.055 [T:0x37274] [DisplayControl] SN from VideoPort = YDJ243400006
2025/10/22 05:14:04.055 [T:0x37274] [DisplayControl] index of p_lpo_display_info_video_port1
2025/10/22 05:14:04.055 [T:0x37274] [DisplayControl] Model name from VideoPort = VG275
2025/10/22 05:14:04.055 [T:0x37274] [DisplayControl] SN from VideoPort = XF6232400003
2025/10/22 05:14:04.055 [T:0x37274] ====== List p_lpo_display_info_rtd_scalar_rts_hub, # of devices is ======0
2025/10/22 05:14:04.055 [T:0x37274] [DisplayControl] GetVSRtkHubControlClientListener
2025/10/22 05:14:04.055 [T:0x37274] [DisplayControl] max monitor count = 2
2025/10/22 05:14:04.055 [T:0x37274] [DisplayControl] index of display_info_vec = 0
2025/10/22 05:14:04.055 [T:0x37274] [DisplayControl] index of p_lpo_display_info_video_port = 0
2025/10/22 05:14:04.055 [T:0x37274] [DisplayControl] VideoPortMatchingRule
2025/10/22 05:14:04.055 [T:0x37274] [DisplayControl] monitor display_info_model_name = VG2458
2025/10/22 05:14:04.055 [T:0x37274] [DisplayControl] monitor video_port_model_name = VG2458
2025/10/22 05:14:04.056 [T:0x37274] [DisplayControl] monitor display_info_sn = YDJ243400006
2025/10/22 05:14:04.056 [T:0x37274] [DisplayControl] monitor video_port_sn = YDJ243400006
2025/10/22 05:14:04.056 [T:0x37274] [DisplayControl] model_name_match = 1
2025/10/22 05:14:04.056 [T:0x37274] [DisplayControl] sn_match = 1
2025/10/22 05:14:04.056 [T:0x37274] [DisplayControl] video_port is_match = 1
2025/10/22 05:14:04.056 [T:0x37274] [DisplayControl] index of display_info_vec = 1
2025/10/22 05:14:04.056 [T:0x37274] [DisplayControl] index of p_lpo_display_info_video_port = 0
2025/10/22 05:14:04.056 [T:0x37274] [DisplayControl] VideoPortMatchingRule
2025/10/22 05:14:04.056 [T:0x37274] [DisplayControl] monitor display_info_model_name = VG275
2025/10/22 05:14:04.056 [T:0x37274] [DisplayControl] monitor video_port_model_name = VG2458
2025/10/22 05:14:04.056 [T:0x37274] [DisplayControl] monitor display_info_sn = XF6232400003
2025/10/22 05:14:04.056 [T:0x37274] [DisplayControl] monitor video_port_sn = YDJ243400006
2025/10/22 05:14:04.056 [T:0x37274] [DisplayControl] model_name_match = 0
2025/10/22 05:14:04.056 [T:0x37274] [DisplayControl] sn_match = 0
2025/10/22 05:14:04.056 [T:0x37274] [DisplayControl] video_port is_match = 0
2025/10/22 05:14:04.056 [T:0x37274] [DisplayControl] index of display_info_vec = 1
2025/10/22 05:14:04.056 [T:0x37274] [DisplayControl] index of p_lpo_display_info_video_port = 1
2025/10/22 05:14:04.056 [T:0x37274] [DisplayControl] VideoPortMatchingRule
2025/10/22 05:14:04.056 [T:0x37274] [DisplayControl] monitor display_info_model_name = VG275
2025/10/22 05:14:04.056 [T:0x37274] [DisplayControl] monitor video_port_model_name = VG275
2025/10/22 05:14:04.056 [T:0x37274] [DisplayControl] monitor display_info_sn = XF6232400003
2025/10/22 05:14:04.056 [T:0x37274] [DisplayControl] monitor video_port_sn = XF6232400003
2025/10/22 05:14:04.056 [T:0x37274] [DisplayControl] model_name_match = 1
2025/10/22 05:14:04.056 [T:0x37274] [DisplayControl] sn_match = 1
2025/10/22 05:14:04.056 [T:0x37274] [DisplayControl] video_port is_match = 1
2025/10/22 05:14:04.056 [T:0x37274] [DisplayControl] i = 0
2025/10/22 05:14:04.056 [T:0x37274] [DisplayControl] Enter OperationThread::OperationThread()
2025/10/22 05:14:04.056 [T:0x37274] [DisplayControl] Enter OperationThread::CreateThread
2025/10/22 05:14:04.057 [T:0x37274] [DisplayControl] new DisplayFunctioner
2025/10/22 05:14:04.057 [T:0x37274] [DisplayControl] insert displayer_vector
2025/10/22 05:14:04.057 [T:0x37274] [DisplayControl] insert modelName_SN_to_Display_map
2025/10/22 05:14:04.057 [T:0x37274] [DisplayControl] insert device_id_to_Displayer_map_
2025/10/22 05:14:04.057 [T:0x37274] [DisplayControl] i = 1
2025/10/22 05:14:04.057 [T:0x37274] [DisplayControl] Enter OperationThread::OperationThread()
2025/10/22 05:14:04.057 [T:0x37274] [DisplayControl] Enter OperationThread::CreateThread
2025/10/22 05:14:04.057 [T:0x37274] [DisplayControl] new DisplayFunctioner
2025/10/22 05:14:04.057 [T:0x37274] [DisplayControl] insert displayer_vector
2025/10/22 05:14:04.057 [T:0x37274] [DisplayControl] insert modelName_SN_to_Display_map
2025/10/22 05:14:04.057 [T:0x37274] [DisplayControl] insert device_id_to_Displayer_map_
2025/10/22 05:14:04.057 [T:0x37274] [DisplayControl] monitor size = 2
2025/10/22 05:14:04.057 [T:0x37274] [DisplayControl] Exit ObtainControlHandler
2025/10/22 05:14:04.057 [T:0x37274] [DisplayControl] Enter MCCSOtherSet::GetVCP(), vcp code = 16
2025/10/22 05:14:04.147 [T:0x37274] [DisplayControl] Exit MCCSOtherSet::GetVCP()
2025/10/22 05:14:04.147 [T:0x37274] [DisplayControl] Enter MCCSOtherSet::GetVCP(), vcp code = 51
2025/10/22 05:14:04.220 [T:0x37274] [DisplayControl] Exit MCCSOtherSet::GetVCP()
2025/10/22 05:14:04.326 [T:0x37274] [DisplayControl] Enter MCCSOtherSet::GetVCP(), vcp code = 18
2025/10/22 05:14:04.408 [T:0x37274] [DisplayControl] Exit MCCSOtherSet::GetVCP()
2025/10/22 05:14:04.408 [T:0x37274] [DisplayControl] Enter MCCSOtherSet::GetVCP(), vcp code = 18
2025/10/22 05:14:04.548 [T:0x37274] [DisplayControl] Exit MCCSOtherSet::GetVCP()
2025/10/22 05:14:04.549 [T:0x37274] [DisplayControl] Enter MCCSOtherSet::GetVCP(), vcp code = 18
2025/10/22 05:14:04.689 [T:0x37274] [DisplayControl] Exit MCCSOtherSet::GetVCP()
2025/10/22 05:14:04.689 [T:0x37274] [DisplayControl] Enter MCCSOtherSet::GetVCP(), vcp code = 18
2025/10/22 05:14:04.829 [T:0x37274] [DisplayControl] Exit MCCSOtherSet::GetVCP()
2025/10/22 05:14:04.830 [T:0x37274] [DisplayControl] Enter MCCSOtherSet::GetVCP(), vcp code = 18
2025/10/22 05:14:04.970 [T:0x37274] [DisplayControl] Exit MCCSOtherSet::GetVCP()
2025/10/22 05:14:04.971 [T:0x37274] [DisplayControl] Enter MCCSOtherSet::GetVCP(), vcp code = 18
2025/10/22 05:14:05.111 [T:0x37274] [DisplayControl] Exit MCCSOtherSet::GetVCP()
2025/10/22 05:14:05.111 [T:0x37274] [DisplayControl] Enter MCCSOtherSet::GetVCP(), vcp code = 18
2025/10/22 05:14:05.252 [T:0x37274] [DisplayControl] Exit MCCSOtherSet::GetVCP()
2025/10/22 05:14:05.252 [T:0x37274] [DisplayControl] Enter MCCSOtherSet::GetVCP(), vcp code = 18
2025/10/22 05:14:05.392 [T:0x37274] [DisplayControl] Exit MCCSOtherSet::GetVCP()
2025/10/22 05:14:05.393 [T:0x37274] [DisplayControl] Enter MCCSOtherSet::GetVCP(), vcp code = 18
2025/10/22 05:14:05.533 [T:0x37274] [DisplayControl] Exit MCCSOtherSet::GetVCP()
2025/10/22 05:14:05.533 [T:0x37274] [DisplayControl] Enter MCCSOtherSet::GetVCP(), vcp code = 18
2025/10/22 05:14:05.673 [T:0x37274] [DisplayControl] Exit MCCSOtherSet::GetVCP()
2025/10/22 05:14:05.674 [T:0x37274] [DisplayControl] Enter MCCSOtherSet::GetVCP(), vcp code = 18
2025/10/22 05:14:05.814 [T:0x37274] [DisplayControl] Exit MCCSOtherSet::GetVCP()
2025/10/22 05:14:05.815 [T:0x37274] [DisplayControl] Enter MCCSOtherSet::GetVCP(), vcp code = 18
2025/10/22 05:14:05.954 [T:0x37274] [DisplayControl] Exit MCCSOtherSet::GetVCP()
2025/10/22 05:14:05.955 [T:0x37274] [DisplayControl] Enter MCCSOtherSet::GetVCP(), vcp code = 18
2025/10/22 05:14:06.095 [T:0x37274] [DisplayControl] Exit MCCSOtherSet::GetVCP()
2025/10/22 05:14:06.096 [T:0x37274] [DisplayControl] Enter MCCSOtherSet::GetVCP(), vcp code = 18
2025/10/22 05:14:06.237 [T:0x37274] [DisplayControl] Exit MCCSOtherSet::GetVCP()
2025/10/22 05:14:06.237 [T:0x37274] [DisplayControl] Enter MCCSOtherSet::GetVCP(), vcp code = 18
2025/10/22 05:14:06.377 [T:0x37274] [DisplayControl] Exit MCCSOtherSet::GetVCP()
2025/10/22 05:14:06.377 [T:0x37274] [DisplayControl] Enter MCCSOtherSet::GetVCP(), vcp code = 18
2025/10/22 05:14:06.517 [T:0x37274] [DisplayControl] Exit MCCSOtherSet::GetVCP()
2025/10/22 05:14:06.518 [T:0x37274] [DisplayControl] Enter MCCSOtherSet::GetVCP(), vcp code = 18
2025/10/22 05:14:06.658 [T:0x37274] [DisplayControl] Exit MCCSOtherSet::GetVCP()
2025/10/22 05:14:06.659 [T:0x37274] [DisplayControl] Enter MCCSOtherSet::GetVCP(), vcp code = 18
2025/10/22 05:14:06.799 [T:0x37274] [DisplayControl] Exit MCCSOtherSet::GetVCP()
2025/10/22 05:14:06.799 [T:0x37274] [DisplayControl] Enter MCCSOtherSet::GetVCP(), vcp code = 18
2025/10/22 05:14:06.939 [T:0x37274] [DisplayControl] Exit MCCSOtherSet::GetVCP()
2025/10/22 05:14:06.940 [T:0x37274] [DisplayControl] Enter MCCSOtherSet::GetVCP(), vcp code = 18
2025/10/22 05:14:07.080 [T:0x37274] [DisplayControl] Exit MCCSOtherSet::GetVCP()
2025/10/22 05:14:07.081 [T:0x37274] [DisplayControl] Enter MCCSOtherSet::GetVCP(), vcp code = 18
2025/10/22 05:14:07.221 [T:0x37274] [DisplayControl] Exit MCCSOtherSet::GetVCP()
2025/10/22 05:14:07.221 [T:0x37274] [DisplayControl] Enter MCCSOtherSet::GetVCP(), vcp code = 18
2025/10/22 05:14:07.361 [T:0x37274] [DisplayControl] Exit MCCSOtherSet::GetVCP()
2025/10/22 05:14:07.362 [T:0x37274] [DisplayControl] Enter MCCSOtherSet::GetVCP(), vcp code = 18
2025/10/22 05:14:07.502 [T:0x37274] [DisplayControl] Exit MCCSOtherSet::GetVCP()
2025/10/22 05:14:07.502 [T:0x37274] [DisplayControl] Enter MCCSOtherSet::GetVCP(), vcp code = 18
2025/10/22 05:14:07.642 [T:0x37274] [DisplayControl] Exit MCCSOtherSet::GetVCP()
2025/10/22 05:14:07.643 [T:0x37274] [DisplayControl] Enter MCCSOtherSet::GetVCP(), vcp code = 18
2025/10/22 05:14:07.783 [T:0x37274] [DisplayControl] Exit MCCSOtherSet::GetVCP()
2025/10/22 05:14:07.783 [T:0x37274] [DisplayControl] Enter MCCSOtherSet::GetVCP(), vcp code = 18
2025/10/22 05:14:07.924 [T:0x37274] [DisplayControl] Exit MCCSOtherSet::GetVCP()
2025/10/22 05:14:07.924 [T:0x37274] [DisplayControl] Enter MCCSOtherSet::GetVCP(), vcp code = 18
2025/10/22 05:14:08.064 [T:0x37274] [DisplayControl] Exit MCCSOtherSet::GetVCP()
2025/10/22 05:14:08.065 [T:0x37274] [DisplayControl] Enter MCCSOtherSet::GetVCP(), vcp code = 18
2025/10/22 05:14:08.205 [T:0x37274] [DisplayControl] Exit MCCSOtherSet::GetVCP()
2025/10/22 05:14:08.205 [T:0x37274] [DisplayControl] Enter MCCSOtherSet::GetVCP(), vcp code = 18
2025/10/22 05:14:08.346 [T:0x37274] [DisplayControl] Exit MCCSOtherSet::GetVCP()
2025/10/22 05:14:08.346 [T:0x37274] [DisplayControl] Enter MCCSOtherSet::GetVCP(), vcp code = 18
2025/10/22 05:14:08.486 [T:0x37274] [DisplayControl] Exit MCCSOtherSet::GetVCP()
2025/10/22 05:14:08.487 [T:0x37274] [DisplayControl] Enter MCCSOtherSet::GetVCP(), vcp code = 18
2025/10/22 05:14:08.627 [T:0x37274] [DisplayControl] Exit MCCSOtherSet::GetVCP()
2025/10/22 05:14:08.627 [T:0x37274] [DisplayControl] Enter MCCSOtherSet::GetVCP(), vcp code = 18
2025/10/22 05:14:08.768 [T:0x37274] [DisplayControl] Exit MCCSOtherSet::GetVCP()
2025/10/22 05:14:08.768 [T:0x37274] [DisplayControl] Enter MCCSOtherSet::GetVCP(), vcp code = 18
2025/10/22 05:14:08.908 [T:0x37274] [DisplayControl] Exit MCCSOtherSet::GetVCP()
2025/10/22 05:14:08.909 [T:0x37274] [DisplayControl] Enter MCCSOtherSet::GetVCP(), vcp code = 18
2025/10/22 05:14:09.049 [T:0x37274] [DisplayControl] Exit MCCSOtherSet::GetVCP()
2025/10/22 05:14:09.050 [T:0x37274] [DisplayControl] Enter MCCSOtherSet::GetVCP(), vcp code = 18
2025/10/22 05:14:09.190 [T:0x37274] [DisplayControl] Exit MCCSOtherSet::GetVCP()
2025/10/22 05:14:09.190 [T:0x37274] [DisplayControl] Enter MCCSOtherSet::GetVCP(), vcp code = 18
2025/10/22 05:14:09.330 [T:0x37274] [DisplayControl] Exit MCCSOtherSet::GetVCP()
2025/10/22 05:14:09.436 [T:0x37274] [DisplayControl] Enter MCCSOtherSet::GetVCP(), vcp code = 245
2025/10/22 05:14:09.518 [T:0x37274] [DisplayControl] Exit MCCSOtherSet::GetVCP()
2025/10/22 05:14:09.624 [T:0x37274] [DisplayControl] Enter MCCSOtherSet::GetVCP(), vcp code = 97
2025/10/22 05:14:09.706 [T:0x37274] [DisplayControl] Exit MCCSOtherSet::GetVCP()
2025/10/22 05:14:09.811 [T:0x37274] [DisplayControl] Enter MCCSOtherSet::GetVCP(), vcp code = 220
2025/10/22 05:14:09.893 [T:0x37274] [DisplayControl] Exit MCCSOtherSet::GetVCP()
2025/10/22 05:14:09.999 [T:0x37274] [DisplayControl] Enter MCCSOtherSet::GetVCP(), vcp code = 20
2025/10/22 05:14:10.080 [T:0x37274] [DisplayControl] Exit MCCSOtherSet::GetVCP()
2025/10/22 05:14:10.186 [T:0x37274] [DisplayControl] Enter MCCSOtherSet::GetVCP(), vcp code = 225
2025/10/22 05:14:10.268 [T:0x37274] [DisplayControl] Exit MCCSOtherSet::GetVCP()
2025/10/22 05:14:10.374 [T:0x37274] [DisplayControl] Enter MCCSOtherSet::GetVCP(), vcp code = 43
2025/10/22 05:14:10.455 [T:0x37274] [DisplayControl] Exit MCCSOtherSet::GetVCP()
2025/10/22 05:14:10.561 [T:0x37274] [DisplayControl] Enter MCCSOtherSet::GetVCP(), vcp code = 16
2025/10/22 05:14:10.643 [T:0x37274] [DisplayControl] Exit MCCSOtherSet::GetVCP()
2025/10/22 05:14:10.643 [T:0x37274] [DisplayControl] Enter MCCSOtherSet::GetVCP(), vcp code = 16
2025/10/22 05:14:10.784 [T:0x37274] [DisplayControl] Exit MCCSOtherSet::GetVCP()
2025/10/22 05:14:10.784 [T:0x37274] [DisplayControl] Enter MCCSOtherSet::GetVCP(), vcp code = 16
2025/10/22 05:14:10.924 [T:0x37274] [DisplayControl] Exit MCCSOtherSet::GetVCP()
2025/10/22 05:14:10.924 [T:0x37274] [DisplayControl] Enter MCCSOtherSet::GetVCP(), vcp code = 16
2025/10/22 05:14:11.064 [T:0x37274] [DisplayControl] Exit MCCSOtherSet::GetVCP()
2025/10/22 05:14:11.065 [T:0x37274] [DisplayControl] Enter MCCSOtherSet::GetVCP(), vcp code = 16
2025/10/22 05:14:11.206 [T:0x37274] [DisplayControl] Exit MCCSOtherSet::GetVCP()
2025/10/22 05:14:11.206 [T:0x37274] [DisplayControl] Enter MCCSOtherSet::GetVCP(), vcp code = 16
2025/10/22 05:14:11.346 [T:0x37274] [DisplayControl] Exit MCCSOtherSet::GetVCP()
2025/10/22 05:14:11.346 [T:0x37274] [DisplayControl] Enter MCCSOtherSet::GetVCP(), vcp code = 16
2025/10/22 05:14:11.487 [T:0x37274] [DisplayControl] Exit MCCSOtherSet::GetVCP()
2025/10/22 05:14:11.487 [T:0x37274] [DisplayControl] Enter MCCSOtherSet::GetVCP(), vcp code = 16
2025/10/22 05:14:11.627 [T:0x37274] [DisplayControl] Exit MCCSOtherSet::GetVCP()
2025/10/22 05:14:11.628 [T:0x37274] [DisplayControl] Enter MCCSOtherSet::GetVCP(), vcp code = 16
2025/10/22 05:14:11.768 [T:0x37274] [DisplayControl] Exit MCCSOtherSet::GetVCP()
2025/10/22 05:14:11.768 [T:0x37274] [DisplayControl] Enter MCCSOtherSet::GetVCP(), vcp code = 16
2025/10/22 05:14:11.908 [T:0x37274] [DisplayControl] Exit MCCSOtherSet::GetVCP()
2025/10/22 05:14:11.913 [T:0x37274] [DisplayControl] Enter MCCSOtherSet::GetVCP(), vcp code = 16
2025/10/22 05:14:12.049 [T:0x37274] [DisplayControl] Exit MCCSOtherSet::GetVCP()
2025/10/22 05:14:12.050 [T:0x37274] [DisplayControl] Enter MCCSOtherSet::GetVCP(), vcp code = 16
2025/10/22 05:14:12.190 [T:0x37274] [DisplayControl] Exit MCCSOtherSet::GetVCP()
2025/10/22 05:14:12.190 [T:0x37274] [DisplayControl] Enter MCCSOtherSet::GetVCP(), vcp code = 16
2025/10/22 05:14:12.331 [T:0x37274] [DisplayControl] Exit MCCSOtherSet::GetVCP()
2025/10/22 05:14:12.331 [T:0x37274] [DisplayControl] Enter MCCSOtherSet::GetVCP(), vcp code = 16
2025/10/22 05:14:12.471 [T:0x37274] [DisplayControl] Exit MCCSOtherSet::GetVCP()
2025/10/22 05:14:12.471 [T:0x37274] [DisplayControl] Enter MCCSOtherSet::GetVCP(), vcp code = 16
2025/10/22 05:14:12.612 [T:0x37274] [DisplayControl] Exit MCCSOtherSet::GetVCP()
2025/10/22 05:14:12.612 [T:0x37274] [DisplayControl] Enter MCCSOtherSet::GetVCP(), vcp code = 16
2025/10/22 05:14:12.752 [T:0x37274] [DisplayControl] Exit MCCSOtherSet::GetVCP()
2025/10/22 05:14:12.753 [T:0x37274] [DisplayControl] Enter MCCSOtherSet::GetVCP(), vcp code = 16
2025/10/22 05:14:12.893 [T:0x37274] [DisplayControl] Exit MCCSOtherSet::GetVCP()
2025/10/22 05:14:12.893 [T:0x37274] [DisplayControl] Enter MCCSOtherSet::GetVCP(), vcp code = 16
2025/10/22 05:14:13.034 [T:0x37274] [DisplayControl] Exit MCCSOtherSet::GetVCP()
2025/10/22 05:14:13.034 [T:0x37274] [DisplayControl] Enter MCCSOtherSet::GetVCP(), vcp code = 16
2025/10/22 05:14:13.174 [T:0x37274] [DisplayControl] Exit MCCSOtherSet::GetVCP()
2025/10/22 05:14:13.175 [T:0x37274] [DisplayControl] Enter MCCSOtherSet::GetVCP(), vcp code = 16
2025/10/22 05:14:13.315 [T:0x37274] [DisplayControl] Exit MCCSOtherSet::GetVCP()
2025/10/22 05:14:13.316 [T:0x37274] [DisplayControl] Enter MCCSOtherSet::GetVCP(), vcp code = 16
2025/10/22 05:14:13.456 [T:0x37274] [DisplayControl] Exit MCCSOtherSet::GetVCP()
2025/10/22 05:14:13.456 [T:0x37274] [DisplayControl] Enter MCCSOtherSet::GetVCP(), vcp code = 16
2025/10/22 05:14:13.596 [T:0x37274] [DisplayControl] Exit MCCSOtherSet::GetVCP()
2025/10/22 05:14:13.597 [T:0x37274] [DisplayControl] Enter MCCSOtherSet::GetVCP(), vcp code = 16
2025/10/22 05:14:13.737 [T:0x37274] [DisplayControl] Exit MCCSOtherSet::GetVCP()
2025/10/22 05:14:13.737 [T:0x37274] [DisplayControl] Enter MCCSOtherSet::GetVCP(), vcp code = 16
2025/10/22 05:14:13.878 [T:0x37274] [DisplayControl] Exit MCCSOtherSet::GetVCP()
2025/10/22 05:14:13.878 [T:0x37274] [DisplayControl] Enter MCCSOtherSet::GetVCP(), vcp code = 16
2025/10/22 05:14:14.018 [T:0x37274] [DisplayControl] Exit MCCSOtherSet::GetVCP()
2025/10/22 05:14:14.018 [T:0x37274] [DisplayControl] Enter MCCSOtherSet::GetVCP(), vcp code = 16
2025/10/22 05:14:14.158 [T:0x37274] [DisplayControl] Exit MCCSOtherSet::GetVCP()
2025/10/22 05:14:14.159 [T:0x37274] [DisplayControl] Enter MCCSOtherSet::GetVCP(), vcp code = 16
2025/10/22 05:14:14.299 [T:0x37274] [DisplayControl] Exit MCCSOtherSet::GetVCP()
2025/10/22 05:14:14.300 [T:0x37274] [DisplayControl] Enter MCCSOtherSet::GetVCP(), vcp code = 16
2025/10/22 05:14:14.440 [T:0x37274] [DisplayControl] Exit MCCSOtherSet::GetVCP()
2025/10/22 05:14:14.440 [T:0x37274] [DisplayControl] Enter MCCSOtherSet::GetVCP(), vcp code = 16
2025/10/22 05:14:14.580 [T:0x37274] [DisplayControl] Exit MCCSOtherSet::GetVCP()
2025/10/22 05:14:14.581 [T:0x37274] [DisplayControl] Enter MCCSOtherSet::GetVCP(), vcp code = 16
2025/10/22 05:14:14.721 [T:0x37274] [DisplayControl] Exit MCCSOtherSet::GetVCP()
2025/10/22 05:14:14.722 [T:0x37274] [DisplayControl] Enter MCCSOtherSet::GetVCP(), vcp code = 16
2025/10/22 05:14:14.863 [T:0x37274] [DisplayControl] Exit MCCSOtherSet::GetVCP()
2025/10/22 05:14:14.863 [T:0x37274] [DisplayControl] Enter MCCSOtherSet::GetVCP(), vcp code = 16
2025/10/22 05:14:15.003 [T:0x37274] [DisplayControl] Exit MCCSOtherSet::GetVCP()
2025/10/22 05:14:15.003 [T:0x37274] [DisplayControl] Enter MCCSOtherSet::GetVCP(), vcp code = 16
2025/10/22 05:14:15.143 [T:0x37274] [DisplayControl] Exit MCCSOtherSet::GetVCP()
2025/10/22 05:14:15.144 [T:0x37274] [DisplayControl] Enter MCCSOtherSet::GetVCP(), vcp code = 16
2025/10/22 05:14:15.284 [T:0x37274] [DisplayControl] Exit MCCSOtherSet::GetVCP()
2025/10/22 05:14:15.284 [T:0x37274] [DisplayControl] Enter MCCSOtherSet::GetVCP(), vcp code = 16
2025/10/22 05:14:15.425 [T:0x37274] [DisplayControl] Exit MCCSOtherSet::GetVCP()
2025/10/22 05:14:15.425 [T:0x37274] [DisplayControl] Enter MCCSOtherSet::GetVCP(), vcp code = 16
2025/10/22 05:14:15.565 [T:0x37274] [DisplayControl] Exit MCCSOtherSet::GetVCP()
2025/10/22 05:14:15.671 [T:0x37274] [DisplayControl] Enter MCCSOtherSet::GetVCP(), vcp code = 4
2025/10/22 05:14:15.753 [T:0x37274] [DisplayControl] Exit MCCSOtherSet::GetVCP()
2025/10/22 05:14:15.858 [T:0x37274] [DisplayControl] Enter MCCSOtherSet::GetVCP(), vcp code = 98
2025/10/22 05:14:15.940 [T:0x37274] [DisplayControl] Exit MCCSOtherSet::GetVCP()
2025/10/22 05:14:16.046 [T:0x37274] [DisplayControl] Enter MCCSOtherSet::GetVCP(), vcp code = 141
2025/10/22 05:14:16.128 [T:0x37274] [DisplayControl] Exit MCCSOtherSet::GetVCP()
2025/10/22 05:14:16.234 [T:0x37274] [DisplayControl] Enter MCCSOtherSet::GetVCP(), vcp code = 135
2025/10/22 05:14:16.315 [T:0x37274] [DisplayControl] Exit MCCSOtherSet::GetVCP()
2025/10/22 05:14:16.421 [T:0x37274] [DisplayControl] Enter MCCSOtherSet::GetVCP(), vcp code = 96
2025/10/22 05:14:16.503 [T:0x37274] [DisplayControl] Exit MCCSOtherSet::GetVCP()
2025/10/22 05:14:16.609 [T:0x37274] [DisplayControl] Enter MCCSOtherSet::GetVCP(), vcp code = 51
2025/10/22 05:14:16.695 [T:0x37274] [DisplayControl] Exit MCCSOtherSet::GetVCP()
2025/10/22 05:14:16.796 [T:0x37274] [DisplayControl] Enter MCCSOtherSet::GetVCP(), vcp code = 236
2025/10/22 05:14:16.883 [T:0x37274] [DisplayControl] Exit MCCSOtherSet::GetVCP()
2025/10/22 05:14:16.984 [T:0x37274] [DisplayControl] Enter MCCSOtherSet::GetVCP(), vcp code = 18
2025/10/22 05:14:17.069 [T:0x37274] [DisplayControl] Exit MCCSOtherSet::GetVCP()
2025/10/22 05:14:17.171 [T:0x37274] [DisplayControl] Enter MCCSOtherSet::GetVCP(), vcp code = 97
2025/10/22 05:14:17.257 [T:0x37274] [DisplayControl] Exit MCCSOtherSet::GetVCP()
2025/10/22 05:14:17.359 [T:0x37274] [DisplayControl] Enter MCCSOtherSet::GetVCP(), vcp code = 220
2025/10/22 05:14:17.445 [T:0x37274] [DisplayControl] Exit MCCSOtherSet::GetVCP()
2025/10/22 05:14:17.547 [T:0x37274] [DisplayControl] Enter MCCSOtherSet::GetVCP(), vcp code = 225
2025/10/22 05:14:17.632 [T:0x37274] [DisplayControl] Exit MCCSOtherSet::GetVCP()
2025/10/22 05:14:17.734 [T:0x37274] [DisplayControl] Enter MCCSOtherSet::GetVCP(), vcp code = 43
2025/10/22 05:14:17.820 [T:0x37274] [DisplayControl] Exit MCCSOtherSet::GetVCP()
2025/10/22 05:14:17.921 [T:0x37274] [DisplayControl] Enter MCCSOtherSet::GetVCP(), vcp code = 226
2025/10/22 05:14:18.007 [T:0x37274] [DisplayControl] Exit MCCSOtherSet::GetVCP()
2025/10/22 05:14:18.109 [T:0x37274] [DisplayControl] Enter MCCSOtherSet::GetVCP(), vcp code = 16
2025/10/22 05:14:18.195 [T:0x37274] [DisplayControl] Exit MCCSOtherSet::GetVCP()
2025/10/22 05:14:18.296 [T:0x37274] [DisplayControl] Enter MCCSOtherSet::GetVCP(), vcp code = 4
2025/10/22 05:14:18.382 [T:0x37274] [DisplayControl] Exit MCCSOtherSet::GetVCP()
2025/10/22 05:14:18.484 [T:0x37274] [DisplayControl] Enter MCCSOtherSet::GetVCP(), vcp code = 98
2025/10/22 05:14:18.570 [T:0x37274] [DisplayControl] Exit MCCSOtherSet::GetVCP()
2025/10/22 05:14:18.671 [T:0x37274] [DisplayControl] Enter MCCSOtherSet::GetVCP(), vcp code = 141
2025/10/22 05:14:18.757 [T:0x37274] [DisplayControl] Exit MCCSOtherSet::GetVCP()
2025/10/22 05:14:18.859 [T:0x37274] [DisplayControl] Enter MCCSOtherSet::GetVCP(), vcp code = 135
2025/10/22 05:14:18.944 [T:0x37274] [DisplayControl] Exit MCCSOtherSet::GetVCP()
2025/10/22 05:14:19.046 [T:0x37274] [DisplayControl] Enter MCCSOtherSet::GetVCP(), vcp code = 96
2025/10/22 05:14:19.132 [T:0x37274] [DisplayControl] Exit MCCSOtherSet::GetVCP()
2025/10/22 05:15:28.916 [T:0x104ce] [DisplayControl] Enter MCCSOtherSet::GetVCP(), vcp code = 96
2025/10/22 05:15:29.013 [T:0x104ce] [DisplayControl] Exit MCCSOtherSet::GetVCP()
2025/10/22 05:15:29.222 [T:0x91807] [DisplayControl] Enter MCCSOtherSet::GetVCP(), vcp code = 51
2025/10/22 05:15:29.324 [T:0x91807] [DisplayControl] Exit MCCSOtherSet::GetVCP()
2025/10/22 05:15:29.438 [T:0x91807] [DisplayControl] Enter MCCSOtherSet::GetVCP(), vcp code = 18
2025/10/22 05:15:29.519 [T:0x91807] [DisplayControl] Exit MCCSOtherSet::GetVCP()
2025/10/22 05:15:29.520 [T:0x91807] [DisplayControl] Enter MCCSOtherSet::GetVCP(), vcp code = 18
2025/10/22 05:15:29.660 [T:0x91807] [DisplayControl] Exit MCCSOtherSet::GetVCP()
2025/10/22 05:15:29.660 [T:0x91807] [DisplayControl] Enter MCCSOtherSet::GetVCP(), vcp code = 18
2025/10/22 05:15:29.801 [T:0x91807] [DisplayControl] Exit MCCSOtherSet::GetVCP()
2025/10/22 05:15:29.801 [T:0x91807] [DisplayControl] Enter MCCSOtherSet::GetVCP(), vcp code = 18
2025/10/22 05:15:29.941 [T:0x91807] [DisplayControl] Exit MCCSOtherSet::GetVCP()
2025/10/22 05:15:29.942 [T:0x91807] [DisplayControl] Enter MCCSOtherSet::GetVCP(), vcp code = 18
2025/10/22 05:15:30.082 [T:0x91807] [DisplayControl] Exit MCCSOtherSet::GetVCP()
2025/10/22 05:15:30.082 [T:0x91807] [DisplayControl] Enter MCCSOtherSet::GetVCP(), vcp code = 18
2025/10/22 05:15:30.223 [T:0x91807] [DisplayControl] Exit MCCSOtherSet::GetVCP()
2025/10/22 05:15:30.223 [T:0x91807] [DisplayControl] Enter MCCSOtherSet::GetVCP(), vcp code = 18
2025/10/22 05:15:30.363 [T:0x91807] [DisplayControl] Exit MCCSOtherSet::GetVCP()
2025/10/22 05:15:30.363 [T:0x91807] [DisplayControl] Enter MCCSOtherSet::GetVCP(), vcp code = 18
2025/10/22 05:15:30.504 [T:0x91807] [DisplayControl] Exit MCCSOtherSet::GetVCP()
2025/10/22 05:15:30.504 [T:0x91807] [DisplayControl] Enter MCCSOtherSet::GetVCP(), vcp code = 18
2025/10/22 05:15:30.645 [T:0x91807] [DisplayControl] Exit MCCSOtherSet::GetVCP()
2025/10/22 05:15:30.645 [T:0x91807] [DisplayControl] Enter MCCSOtherSet::GetVCP(), vcp code = 18
2025/10/22 05:15:30.785 [T:0x91807] [DisplayControl] Exit MCCSOtherSet::GetVCP()
2025/10/22 05:15:30.786 [T:0x91807] [DisplayControl] Enter MCCSOtherSet::GetVCP(), vcp code = 18
2025/10/22 05:15:30.926 [T:0x91807] [DisplayControl] Exit MCCSOtherSet::GetVCP()
2025/10/22 05:15:30.926 [T:0x91807] [DisplayControl] Enter MCCSOtherSet::GetVCP(), vcp code = 18
2025/10/22 05:15:31.067 [T:0x91807] [DisplayControl] Exit MCCSOtherSet::GetVCP()
2025/10/22 05:15:31.067 [T:0x91807] [DisplayControl] Enter MCCSOtherSet::GetVCP(), vcp code = 18
2025/10/22 05:15:31.207 [T:0x91807] [DisplayControl] Exit MCCSOtherSet::GetVCP()
2025/10/22 05:15:31.208 [T:0x91807] [DisplayControl] Enter MCCSOtherSet::GetVCP(), vcp code = 18
2025/10/22 05:15:31.348 [T:0x91807] [DisplayControl] Exit MCCSOtherSet::GetVCP()
2025/10/22 05:15:31.348 [T:0x91807] [DisplayControl] Enter MCCSOtherSet::GetVCP(), vcp code = 18
2025/10/22 05:15:31.489 [T:0x91807] [DisplayControl] Exit MCCSOtherSet::GetVCP()
2025/10/22 05:15:31.489 [T:0x91807] [DisplayControl] Enter MCCSOtherSet::GetVCP(), vcp code = 18
2025/10/22 05:15:31.629 [T:0x91807] [DisplayControl] Exit MCCSOtherSet::GetVCP()
2025/10/22 05:15:31.630 [T:0x91807] [DisplayControl] Enter MCCSOtherSet::GetVCP(), vcp code = 18
2025/10/22 05:15:31.770 [T:0x91807] [DisplayControl] Exit MCCSOtherSet::GetVCP()
2025/10/22 05:15:31.770 [T:0x91807] [DisplayControl] Enter MCCSOtherSet::GetVCP(), vcp code = 18
2025/10/22 05:15:31.911 [T:0x91807] [DisplayControl] Exit MCCSOtherSet::GetVCP()
2025/10/22 05:15:31.911 [T:0x91807] [DisplayControl] Enter MCCSOtherSet::GetVCP(), vcp code = 18
2025/10/22 05:15:32.051 [T:0x91807] [DisplayControl] Exit MCCSOtherSet::GetVCP()
2025/10/22 05:15:32.051 [T:0x91807] [DisplayControl] Enter MCCSOtherSet::GetVCP(), vcp code = 18
2025/10/22 05:15:32.192 [T:0x91807] [DisplayControl] Exit MCCSOtherSet::GetVCP()
2025/10/22 05:15:32.192 [T:0x91807] [DisplayControl] Enter MCCSOtherSet::GetVCP(), vcp code = 18
2025/10/22 05:15:32.332 [T:0x91807] [DisplayControl] Exit MCCSOtherSet::GetVCP()
2025/10/22 05:15:32.337 [T:0x91807] [DisplayControl] Enter MCCSOtherSet::GetVCP(), vcp code = 18
2025/10/22 05:15:32.473 [T:0x91807] [DisplayControl] Exit MCCSOtherSet::GetVCP()
2025/10/22 05:15:32.473 [T:0x91807] [DisplayControl] Enter MCCSOtherSet::GetVCP(), vcp code = 18
2025/10/22 05:15:32.614 [T:0x91807] [DisplayControl] Exit MCCSOtherSet::GetVCP()
2025/10/22 05:15:32.614 [T:0x91807] [DisplayControl] Enter MCCSOtherSet::GetVCP(), vcp code = 18
2025/10/22 05:15:32.754 [T:0x91807] [DisplayControl] Exit MCCSOtherSet::GetVCP()
2025/10/22 05:15:32.754 [T:0x91807] [DisplayControl] Enter MCCSOtherSet::GetVCP(), vcp code = 18
2025/10/22 05:15:32.895 [T:0x91807] [DisplayControl] Exit MCCSOtherSet::GetVCP()
2025/10/22 05:15:32.895 [T:0x91807] [DisplayControl] Enter MCCSOtherSet::GetVCP(), vcp code = 18
2025/10/22 05:15:33.035 [T:0x91807] [DisplayControl] Exit MCCSOtherSet::GetVCP()
2025/10/22 05:15:33.036 [T:0x91807] [DisplayControl] Enter MCCSOtherSet::GetVCP(), vcp code = 18
2025/10/22 05:15:33.176 [T:0x91807] [DisplayControl] Exit MCCSOtherSet::GetVCP()
2025/10/22 05:15:33.176 [T:0x91807] [DisplayControl] Enter MCCSOtherSet::GetVCP(), vcp code = 18
2025/10/22 05:15:33.316 [T:0x91807] [DisplayControl] Exit MCCSOtherSet::GetVCP()
2025/10/22 05:15:33.317 [T:0x91807] [DisplayControl] Enter MCCSOtherSet::GetVCP(), vcp code = 18
2025/10/22 05:15:33.457 [T:0x91807] [DisplayControl] Exit MCCSOtherSet::GetVCP()
2025/10/22 05:15:33.457 [T:0x91807] [DisplayControl] Enter MCCSOtherSet::GetVCP(), vcp code = 18
2025/10/22 05:15:33.598 [T:0x91807] [DisplayControl] Exit MCCSOtherSet::GetVCP()
2025/10/22 05:15:33.598 [T:0x91807] [DisplayControl] Enter MCCSOtherSet::GetVCP(), vcp code = 18
2025/10/22 05:15:33.738 [T:0x91807] [DisplayControl] Exit MCCSOtherSet::GetVCP()
2025/10/22 05:15:33.739 [T:0x91807] [DisplayControl] Enter MCCSOtherSet::GetVCP(), vcp code = 18
2025/10/22 05:15:33.879 [T:0x91807] [DisplayControl] Exit MCCSOtherSet::GetVCP()
2025/10/22 05:15:33.879 [T:0x91807] [DisplayControl] Enter MCCSOtherSet::GetVCP(), vcp code = 18
2025/10/22 05:15:34.020 [T:0x91807] [DisplayControl] Exit MCCSOtherSet::GetVCP()
2025/10/22 05:15:34.020 [T:0x91807] [DisplayControl] Enter MCCSOtherSet::GetVCP(), vcp code = 18
2025/10/22 05:15:34.160 [T:0x91807] [DisplayControl] Exit MCCSOtherSet::GetVCP()
2025/10/22 05:15:34.160 [T:0x91807] [DisplayControl] Enter MCCSOtherSet::GetVCP(), vcp code = 18
2025/10/22 05:15:34.301 [T:0x91807] [DisplayControl] Exit MCCSOtherSet::GetVCP()
2025/10/22 05:15:34.302 [T:0x91807] [DisplayControl] Enter MCCSOtherSet::GetVCP(), vcp code = 18
2025/10/22 05:15:34.441 [T:0x91807] [DisplayControl] Exit MCCSOtherSet::GetVCP()
2025/10/22 05:15:34.547 [T:0x91807] [DisplayControl] Enter MCCSOtherSet::GetVCP(), vcp code = 245
2025/10/22 05:15:34.629 [T:0x91807] [DisplayControl] Exit MCCSOtherSet::GetVCP()
2025/10/22 05:15:34.735 [T:0x91807] [DisplayControl] Enter MCCSOtherSet::GetVCP(), vcp code = 97
2025/10/22 05:15:34.817 [T:0x91807] [DisplayControl] Exit MCCSOtherSet::GetVCP()
2025/10/22 05:15:34.922 [T:0x91807] [DisplayControl] Enter MCCSOtherSet::GetVCP(), vcp code = 220
2025/10/22 05:15:35.004 [T:0x91807] [DisplayControl] Exit MCCSOtherSet::GetVCP()
2025/10/22 05:15:35.110 [T:0x91807] [DisplayControl] Enter MCCSOtherSet::GetVCP(), vcp code = 20
2025/10/22 05:15:35.192 [T:0x91807] [DisplayControl] Exit MCCSOtherSet::GetVCP()
2025/10/22 05:15:35.298 [T:0x91807] [DisplayControl] Enter MCCSOtherSet::GetVCP(), vcp code = 225
2025/10/22 05:15:35.380 [T:0x91807] [DisplayControl] Exit MCCSOtherSet::GetVCP()
2025/10/22 05:15:35.485 [T:0x91807] [DisplayControl] Enter MCCSOtherSet::GetVCP(), vcp code = 43
2025/10/22 05:15:35.567 [T:0x91807] [DisplayControl] Exit MCCSOtherSet::GetVCP()
2025/10/22 05:15:35.673 [T:0x91807] [DisplayControl] Enter MCCSOtherSet::GetVCP(), vcp code = 16
2025/10/22 05:15:35.754 [T:0x91807] [DisplayControl] Exit MCCSOtherSet::GetVCP()
2025/10/22 05:15:35.755 [T:0x91807] [DisplayControl] Enter MCCSOtherSet::GetVCP(), vcp code = 16
2025/10/22 05:15:35.895 [T:0x91807] [DisplayControl] Exit MCCSOtherSet::GetVCP()
2025/10/22 05:15:35.895 [T:0x91807] [DisplayControl] Enter MCCSOtherSet::GetVCP(), vcp code = 16
2025/10/22 05:15:36.036 [T:0x91807] [DisplayControl] Exit MCCSOtherSet::GetVCP()
2025/10/22 05:15:36.036 [T:0x91807] [DisplayControl] Enter MCCSOtherSet::GetVCP(), vcp code = 16
2025/10/22 05:15:36.176 [T:0x91807] [DisplayControl] Exit MCCSOtherSet::GetVCP()
2025/10/22 05:15:36.177 [T:0x91807] [DisplayControl] Enter MCCSOtherSet::GetVCP(), vcp code = 16
2025/10/22 05:15:36.317 [T:0x91807] [DisplayControl] Exit MCCSOtherSet::GetVCP()
2025/10/22 05:15:36.317 [T:0x91807] [DisplayControl] Enter MCCSOtherSet::GetVCP(), vcp code = 16
2025/10/22 05:15:36.458 [T:0x91807] [DisplayControl] Exit MCCSOtherSet::GetVCP()
2025/10/22 05:15:36.458 [T:0x91807] [DisplayControl] Enter MCCSOtherSet::GetVCP(), vcp code = 16
2025/10/22 05:15:36.598 [T:0x91807] [DisplayControl] Exit MCCSOtherSet::GetVCP()
2025/10/22 05:15:36.599 [T:0x91807] [DisplayControl] Enter MCCSOtherSet::GetVCP(), vcp code = 16
2025/10/22 05:15:36.739 [T:0x91807] [DisplayControl] Exit MCCSOtherSet::GetVCP()
2025/10/22 05:15:36.739 [T:0x91807] [DisplayControl] Enter MCCSOtherSet::GetVCP(), vcp code = 16
2025/10/22 05:15:36.879 [T:0x91807] [DisplayControl] Exit MCCSOtherSet::GetVCP()
2025/10/22 05:15:36.880 [T:0x91807] [DisplayControl] Enter MCCSOtherSet::GetVCP(), vcp code = 16
2025/10/22 05:15:37.020 [T:0x91807] [DisplayControl] Exit MCCSOtherSet::GetVCP()
2025/10/22 05:15:37.020 [T:0x91807] [DisplayControl] Enter MCCSOtherSet::GetVCP(), vcp code = 16
2025/10/22 05:15:37.161 [T:0x91807] [DisplayControl] Exit MCCSOtherSet::GetVCP()
2025/10/22 05:15:37.161 [T:0x91807] [DisplayControl] Enter MCCSOtherSet::GetVCP(), vcp code = 16
2025/10/22 05:15:37.301 [T:0x91807] [DisplayControl] Exit MCCSOtherSet::GetVCP()
2025/10/22 05:15:37.301 [T:0x91807] [DisplayControl] Enter MCCSOtherSet::GetVCP(), vcp code = 16
2025/10/22 05:15:37.442 [T:0x91807] [DisplayControl] Exit MCCSOtherSet::GetVCP()
2025/10/22 05:15:37.442 [T:0x91807] [DisplayControl] Enter MCCSOtherSet::GetVCP(), vcp code = 16
2025/10/22 05:15:37.582 [T:0x91807] [DisplayControl] Exit MCCSOtherSet::GetVCP()
2025/10/22 05:15:37.583 [T:0x91807] [DisplayControl] Enter MCCSOtherSet::GetVCP(), vcp code = 16
2025/10/22 05:15:37.723 [T:0x91807] [DisplayControl] Exit MCCSOtherSet::GetVCP()
2025/10/22 05:15:37.724 [T:0x91807] [DisplayControl] Enter MCCSOtherSet::GetVCP(), vcp code = 16
2025/10/22 05:15:37.864 [T:0x91807] [DisplayControl] Exit MCCSOtherSet::GetVCP()
2025/10/22 05:15:37.864 [T:0x91807] [DisplayControl] Enter MCCSOtherSet::GetVCP(), vcp code = 16
2025/10/22 05:15:38.004 [T:0x91807] [DisplayControl] Exit MCCSOtherSet::GetVCP()
2025/10/22 05:15:38.005 [T:0x91807] [DisplayControl] Enter MCCSOtherSet::GetVCP(), vcp code = 16
2025/10/22 05:15:38.145 [T:0x91807] [DisplayControl] Exit MCCSOtherSet::GetVCP()
2025/10/22 05:15:38.145 [T:0x91807] [DisplayControl] Enter MCCSOtherSet::GetVCP(), vcp code = 16
2025/10/22 05:15:38.285 [T:0x91807] [DisplayControl] Exit MCCSOtherSet::GetVCP()
2025/10/22 05:15:38.286 [T:0x91807] [DisplayControl] Enter MCCSOtherSet::GetVCP(), vcp code = 16
2025/10/22 05:15:38.427 [T:0x91807] [DisplayControl] Exit MCCSOtherSet::GetVCP()
2025/10/22 05:15:38.427 [T:0x91807] [DisplayControl] Enter MCCSOtherSet::GetVCP(), vcp code = 16
2025/10/22 05:15:38.567 [T:0x91807] [DisplayControl] Exit MCCSOtherSet::GetVCP()
2025/10/22 05:15:38.567 [T:0x91807] [DisplayControl] Enter MCCSOtherSet::GetVCP(), vcp code = 16
2025/10/22 05:15:38.707 [T:0x91807] [DisplayControl] Exit MCCSOtherSet::GetVCP()
2025/10/22 05:15:38.707 [T:0x91807] [DisplayControl] Enter MCCSOtherSet::GetVCP(), vcp code = 16
2025/10/22 05:15:38.848 [T:0x91807] [DisplayControl] Exit MCCSOtherSet::GetVCP()
2025/10/22 05:15:38.848 [T:0x91807] [DisplayControl] Enter MCCSOtherSet::GetVCP(), vcp code = 16
2025/10/22 05:15:38.988 [T:0x91807] [DisplayControl] Exit MCCSOtherSet::GetVCP()
2025/10/22 05:15:38.989 [T:0x91807] [DisplayControl] Enter MCCSOtherSet::GetVCP(), vcp code = 16
2025/10/22 05:15:39.129 [T:0x91807] [DisplayControl] Exit MCCSOtherSet::GetVCP()
2025/10/22 05:15:39.129 [T:0x91807] [DisplayControl] Enter MCCSOtherSet::GetVCP(), vcp code = 16
2025/10/22 05:15:39.270 [T:0x91807] [DisplayControl] Exit MCCSOtherSet::GetVCP()
2025/10/22 05:15:39.270 [T:0x91807] [DisplayControl] Enter MCCSOtherSet::GetVCP(), vcp code = 16
2025/10/22 05:15:39.410 [T:0x91807] [DisplayControl] Exit MCCSOtherSet::GetVCP()
2025/10/22 05:15:39.411 [T:0x91807] [DisplayControl] Enter MCCSOtherSet::GetVCP(), vcp code = 16
2025/10/22 05:15:39.551 [T:0x91807] [DisplayControl] Exit MCCSOtherSet::GetVCP()
2025/10/22 05:15:39.551 [T:0x91807] [DisplayControl] Enter MCCSOtherSet::GetVCP(), vcp code = 16
2025/10/22 05:15:39.692 [T:0x91807] [DisplayControl] Exit MCCSOtherSet::GetVCP()
2025/10/22 05:15:39.692 [T:0x91807] [DisplayControl] Enter MCCSOtherSet::GetVCP(), vcp code = 16
2025/10/22 05:15:39.832 [T:0x91807] [DisplayControl] Exit MCCSOtherSet::GetVCP()
2025/10/22 05:15:39.833 [T:0x91807] [DisplayControl] Enter MCCSOtherSet::GetVCP(), vcp code = 16
2025/10/22 05:15:39.973 [T:0x91807] [DisplayControl] Exit MCCSOtherSet::GetVCP()
2025/10/22 05:15:39.973 [T:0x91807] [DisplayControl] Enter MCCSOtherSet::GetVCP(), vcp code = 16
2025/10/22 05:15:40.114 [T:0x91807] [DisplayControl] Exit MCCSOtherSet::GetVCP()
2025/10/22 05:15:40.114 [T:0x91807] [DisplayControl] Enter MCCSOtherSet::GetVCP(), vcp code = 16
2025/10/22 05:15:40.254 [T:0x91807] [DisplayControl] Exit MCCSOtherSet::GetVCP()
2025/10/22 05:15:40.255 [T:0x91807] [DisplayControl] Enter MCCSOtherSet::GetVCP(), vcp code = 16
2025/10/22 05:15:40.395 [T:0x91807] [DisplayControl] Exit MCCSOtherSet::GetVCP()
2025/10/22 05:15:40.396 [T:0x91807] [DisplayControl] Enter MCCSOtherSet::GetVCP(), vcp code = 16
2025/10/22 05:15:40.536 [T:0x91807] [DisplayControl] Exit MCCSOtherSet::GetVCP()
2025/10/22 05:15:40.536 [T:0x91807] [DisplayControl] Enter MCCSOtherSet::GetVCP(), vcp code = 16
2025/10/22 05:15:40.676 [T:0x91807] [DisplayControl] Exit MCCSOtherSet::GetVCP()
2025/10/22 05:15:40.782 [T:0x91807] [DisplayControl] Enter MCCSOtherSet::GetVCP(), vcp code = 4
2025/10/22 05:15:40.864 [T:0x91807] [DisplayControl] Exit MCCSOtherSet::GetVCP()
2025/10/22 05:15:40.970 [T:0x91807] [DisplayControl] Enter MCCSOtherSet::GetVCP(), vcp code = 98
2025/10/22 05:15:41.051 [T:0x91807] [DisplayControl] Exit MCCSOtherSet::GetVCP()
2025/10/22 05:15:41.157 [T:0x91807] [DisplayControl] Enter MCCSOtherSet::GetVCP(), vcp code = 141
2025/10/22 05:15:41.239 [T:0x91807] [DisplayControl] Exit MCCSOtherSet::GetVCP()
2025/10/22 05:15:41.345 [T:0x91807] [DisplayControl] Enter MCCSOtherSet::GetVCP(), vcp code = 135
2025/10/22 05:15:41.426 [T:0x91807] [DisplayControl] Exit MCCSOtherSet::GetVCP()
2025/10/22 05:15:41.533 [T:0x91807] [DisplayControl] Enter MCCSOtherSet::GetVCP(), vcp code = 96
2025/10/22 05:15:41.614 [T:0x91807] [DisplayControl] Exit MCCSOtherSet::GetVCP()
2025/10/22 05:15:45.620 [T:0x91807] [DisplayControl] Enter MCCSOtherSet::SetVCP(), vcp code = 4
2025/10/22 05:15:46.556 [T:0x91807] [DisplayControl] Exit MCCSOtherSet::SetVCP()
2025/10/22 05:15:51.671 [T:0x91807] [DisplayControl] Enter OperationThread::ExitThread
2025/10/22 05:15:51.671 [T:0x91807] [DisplayControl] Exit OperationThread::ExitThread
2025/10/22 05:15:51.671 [T:0x91807] [DisplayControl] Enter OperationThread::~OperationThread()
2025/10/22 05:15:51.671 [T:0x91807] [DisplayControl] Enter OperationThread::ExitThread
2025/10/22 05:15:51.671 [T:0x91807] [DisplayControl] Enter OperationThread::ExitThread
2025/10/22 05:15:51.671 [T:0x91807] [DisplayControl] Exit OperationThread::ExitThread
2025/10/22 05:15:51.671 [T:0x91807] [DisplayControl] Enter OperationThread::~OperationThread()
2025/10/22 05:15:51.671 [T:0x91807] [DisplayControl] Enter OperationThread::ExitThread
2025/10/22 05:15:51.693 [T:0x91807] [DbgStr] After calling display_control_client_listener_video_port_.UpdateAllDisplayPath()
2025/10/22 05:15:51.706 [T:0x91807] [DbgStr] After calling display_control_client_listener_.GetAllDisplayEDID()
2025/10/22 05:15:51.708 [T:0x91807] [DisplayControl] Version = 3.0.6.0
2025/10/22 05:15:51.708 [T:0x91807] [DisplayControl] Enter ObtainControlHandler1
2025/10/22 05:15:51.708 [T:0x91807] [DisplayControl] GetVideoPortCommander
2025/10/22 05:15:51.708 [T:0x91807] [DisplayControl] GetUSBHubCommander
2025/10/22 05:15:51.708 [T:0x91807] ====== List p_lpo_display_info_video_port, # of devices is ======2
2025/10/22 05:15:51.708 [T:0x91807] [DisplayControl] index of p_lpo_display_info_video_port0
2025/10/22 05:15:51.708 [T:0x91807] [DisplayControl] Model name from VideoPort = VG2458
2025/10/22 05:15:51.708 [T:0x91807] [DisplayControl] SN from VideoPort = YDJ243400006
2025/10/22 05:15:51.709 [T:0x91807] [DisplayControl] index of p_lpo_display_info_video_port1
2025/10/22 05:15:51.709 [T:0x91807] [DisplayControl] Model name from VideoPort = VG275
2025/10/22 05:15:51.709 [T:0x91807] [DisplayControl] SN from VideoPort = XF6232400003
2025/10/22 05:15:51.709 [T:0x91807] ====== List p_lpo_display_info_rtd_scalar_rts_hub, # of devices is ======0
2025/10/22 05:15:51.709 [T:0x91807] [DisplayControl] GetVSRtkHubControlClientListener
2025/10/22 05:15:51.709 [T:0x91807] [DisplayControl] max monitor count = 2
2025/10/22 05:15:51.709 [T:0x91807] [DisplayControl] index of display_info_vec = 0
2025/10/22 05:15:51.709 [T:0x91807] [DisplayControl] index of p_lpo_display_info_video_port = 0
2025/10/22 05:15:51.709 [T:0x91807] [DisplayControl] VideoPortMatchingRule
2025/10/22 05:15:51.709 [T:0x91807] [DisplayControl] monitor display_info_model_name = VG2458
2025/10/22 05:15:51.709 [T:0x91807] [DisplayControl] monitor video_port_model_name = VG2458
2025/10/22 05:15:51.709 [T:0x91807] [DisplayControl] monitor display_info_sn = YDJ243400006
2025/10/22 05:15:51.709 [T:0x91807] [DisplayControl] monitor video_port_sn = YDJ243400006
2025/10/22 05:15:51.709 [T:0x91807] [DisplayControl] model_name_match = 1
2025/10/22 05:15:51.709 [T:0x91807] [DisplayControl] sn_match = 1
2025/10/22 05:15:51.709 [T:0x91807] [DisplayControl] video_port is_match = 1
2025/10/22 05:15:51.709 [T:0x91807] [DisplayControl] index of display_info_vec = 1
2025/10/22 05:15:51.709 [T:0x91807] [DisplayControl] index of p_lpo_display_info_video_port = 0
2025/10/22 05:15:51.709 [T:0x91807] [DisplayControl] VideoPortMatchingRule
2025/10/22 05:15:51.709 [T:0x91807] [DisplayControl] monitor display_info_model_name = VG275
2025/10/22 05:15:51.709 [T:0x91807] [DisplayControl] monitor video_port_model_name = VG2458
2025/10/22 05:15:51.709 [T:0x91807] [DisplayControl] monitor display_info_sn = XF6232400003
2025/10/22 05:15:51.709 [T:0x91807] [DisplayControl] monitor video_port_sn = YDJ243400006
2025/10/22 05:15:51.709 [T:0x91807] [DisplayControl] model_name_match = 0
2025/10/22 05:15:51.709 [T:0x91807] [DisplayControl] sn_match = 0
2025/10/22 05:15:51.709 [T:0x91807] [DisplayControl] video_port is_match = 0
2025/10/22 05:15:51.709 [T:0x91807] [DisplayControl] index of display_info_vec = 1
2025/10/22 05:15:51.709 [T:0x91807] [DisplayControl] index of p_lpo_display_info_video_port = 1
2025/10/22 05:15:51.710 [T:0x91807] [DisplayControl] VideoPortMatchingRule
2025/10/22 05:15:51.710 [T:0x91807] [DisplayControl] monitor display_info_model_name = VG275
2025/10/22 05:15:51.710 [T:0x91807] [DisplayControl] monitor video_port_model_name = VG275
2025/10/22 05:15:51.710 [T:0x91807] [DisplayControl] monitor display_info_sn = XF6232400003
2025/10/22 05:15:51.710 [T:0x91807] [DisplayControl] monitor video_port_sn = XF6232400003
2025/10/22 05:15:51.710 [T:0x91807] [DisplayControl] model_name_match = 1
2025/10/22 05:15:51.710 [T:0x91807] [DisplayControl] sn_match = 1
2025/10/22 05:15:51.710 [T:0x91807] [DisplayControl] video_port is_match = 1
2025/10/22 05:15:51.710 [T:0x91807] [DisplayControl] i = 0
2025/10/22 05:15:51.710 [T:0x91807] [DisplayControl] Enter OperationThread::OperationThread()
2025/10/22 05:15:51.710 [T:0x91807] [DisplayControl] Enter OperationThread::CreateThread
2025/10/22 05:15:51.710 [T:0x91807] [DisplayControl] new DisplayFunctioner
2025/10/22 05:15:51.710 [T:0x91807] [DisplayControl] insert displayer_vector
2025/10/22 05:15:51.710 [T:0x91807] [DisplayControl] insert modelName_SN_to_Display_map
2025/10/22 05:15:51.710 [T:0x91807] [DisplayControl] insert device_id_to_Displayer_map_
2025/10/22 05:15:51.710 [T:0x91807] [DisplayControl] i = 1
2025/10/22 05:15:51.710 [T:0x91807] [DisplayControl] Enter OperationThread::OperationThread()
2025/10/22 05:15:51.710 [T:0x91807] [DisplayControl] Enter OperationThread::CreateThread
2025/10/22 05:15:51.710 [T:0x91807] [DisplayControl] new DisplayFunctioner
2025/10/22 05:15:51.710 [T:0x91807] [DisplayControl] insert displayer_vector
2025/10/22 05:15:51.710 [T:0x91807] [DisplayControl] insert modelName_SN_to_Display_map
2025/10/22 05:15:51.710 [T:0x91807] [DisplayControl] insert device_id_to_Displayer_map_
2025/10/22 05:15:51.710 [T:0x91807] [DisplayControl] monitor size = 2
2025/10/22 05:15:51.710 [T:0x91807] [DisplayControl] Exit ObtainControlHandler
2025/10/22 05:15:51.711 [T:0x91807] [DisplayControl] Enter MCCSOtherSet::GetVCP(), vcp code = 16
2025/10/22 05:15:51.783 [T:0x91807] [DisplayControl] Exit MCCSOtherSet::GetVCP()
2025/10/22 05:15:51.783 [T:0x91807] [DisplayControl] Enter MCCSOtherSet::GetVCP(), vcp code = 51
2025/10/22 05:15:51.924 [T:0x91807] [DisplayControl] Exit MCCSOtherSet::GetVCP()
2025/10/22 05:15:52.029 [T:0x91807] [DisplayControl] Enter MCCSOtherSet::GetVCP(), vcp code = 18
2025/10/22 05:15:52.111 [T:0x91807] [DisplayControl] Exit MCCSOtherSet::GetVCP()
2025/10/22 05:15:52.217 [T:0x91807] [DisplayControl] Enter MCCSOtherSet::GetVCP(), vcp code = 245
2025/10/22 05:15:52.298 [T:0x91807] [DisplayControl] Exit MCCSOtherSet::GetVCP()
2025/10/22 05:15:52.404 [T:0x91807] [DisplayControl] Enter MCCSOtherSet::GetVCP(), vcp code = 97
2025/10/22 05:15:52.486 [T:0x91807] [DisplayControl] Exit MCCSOtherSet::GetVCP()
2025/10/22 05:15:52.592 [T:0x91807] [DisplayControl] Enter MCCSOtherSet::GetVCP(), vcp code = 220
2025/10/22 05:15:52.673 [T:0x91807] [DisplayControl] Exit MCCSOtherSet::GetVCP()
2025/10/22 05:15:52.779 [T:0x91807] [DisplayControl] Enter MCCSOtherSet::GetVCP(), vcp code = 20
2025/10/22 05:15:52.861 [T:0x91807] [DisplayControl] Exit MCCSOtherSet::GetVCP()
2025/10/22 05:15:52.967 [T:0x91807] [DisplayControl] Enter MCCSOtherSet::GetVCP(), vcp code = 225
2025/10/22 05:15:53.049 [T:0x91807] [DisplayControl] Exit MCCSOtherSet::GetVCP()
2025/10/22 05:15:53.154 [T:0x91807] [DisplayControl] Enter MCCSOtherSet::GetVCP(), vcp code = 43
2025/10/22 05:15:53.236 [T:0x91807] [DisplayControl] Exit MCCSOtherSet::GetVCP()
2025/10/22 05:15:53.342 [T:0x91807] [DisplayControl] Enter MCCSOtherSet::GetVCP(), vcp code = 16
2025/10/22 05:15:53.423 [T:0x91807] [DisplayControl] Exit MCCSOtherSet::GetVCP()
2025/10/22 05:15:53.529 [T:0x91807] [DisplayControl] Enter MCCSOtherSet::GetVCP(), vcp code = 4
2025/10/22 05:15:53.611 [T:0x91807] [DisplayControl] Exit MCCSOtherSet::GetVCP()
2025/10/22 05:15:53.717 [T:0x91807] [DisplayControl] Enter MCCSOtherSet::GetVCP(), vcp code = 98
2025/10/22 05:15:53.798 [T:0x91807] [DisplayControl] Exit MCCSOtherSet::GetVCP()
2025/10/22 05:15:53.904 [T:0x91807] [DisplayControl] Enter MCCSOtherSet::GetVCP(), vcp code = 141
2025/10/22 05:15:53.986 [T:0x91807] [DisplayControl] Exit MCCSOtherSet::GetVCP()
2025/10/22 05:15:54.023 [T:0x104ce] [DisplayControl] Enter MCCSOtherSet::GetVCP(), vcp code = 96
2025/10/22 05:15:54.093 [T:0x91807] [DisplayControl] Enter MCCSOtherSet::GetVCP(), vcp code = 135
2025/10/22 05:15:54.136 [T:0x104ce] [DisplayControl] Exit MCCSOtherSet::GetVCP()
2025/10/22 05:15:54.310 [T:0x91807] [DisplayControl] Exit MCCSOtherSet::GetVCP()
2025/10/22 05:15:54.411 [T:0x91807] [DisplayControl] Enter MCCSOtherSet::GetVCP(), vcp code = 96
2025/10/22 05:15:54.605 [T:0x91807] [DisplayControl] Exit MCCSOtherSet::GetVCP()
2025/10/22 05:15:54.721 [T:0x91807] [DisplayControl] Enter MCCSOtherSet::GetVCP(), vcp code = 51
2025/10/22 05:15:54.806 [T:0x91807] [DisplayControl] Exit MCCSOtherSet::GetVCP()
2025/10/22 05:15:54.909 [T:0x91807] [DisplayControl] Enter MCCSOtherSet::GetVCP(), vcp code = 236
2025/10/22 05:15:54.995 [T:0x91807] [DisplayControl] Exit MCCSOtherSet::GetVCP()
2025/10/22 05:15:55.096 [T:0x91807] [DisplayControl] Enter MCCSOtherSet::GetVCP(), vcp code = 18
2025/10/22 05:15:55.181 [T:0x91807] [DisplayControl] Exit MCCSOtherSet::GetVCP()
2025/10/22 05:15:55.283 [T:0x91807] [DisplayControl] Enter MCCSOtherSet::GetVCP(), vcp code = 97
2025/10/22 05:15:55.369 [T:0x91807] [DisplayControl] Exit MCCSOtherSet::GetVCP()
2025/10/22 05:15:55.471 [T:0x91807] [DisplayControl] Enter MCCSOtherSet::GetVCP(), vcp code = 220
2025/10/22 05:15:55.557 [T:0x91807] [DisplayControl] Exit MCCSOtherSet::GetVCP()
2025/10/22 05:15:55.659 [T:0x91807] [DisplayControl] Enter MCCSOtherSet::GetVCP(), vcp code = 225
2025/10/22 05:15:55.744 [T:0x91807] [DisplayControl] Exit MCCSOtherSet::GetVCP()
2025/10/22 05:15:55.846 [T:0x91807] [DisplayControl] Enter MCCSOtherSet::GetVCP(), vcp code = 43
2025/10/22 05:15:55.932 [T:0x91807] [DisplayControl] Exit MCCSOtherSet::GetVCP()
2025/10/22 05:15:56.034 [T:0x91807] [DisplayControl] Enter MCCSOtherSet::GetVCP(), vcp code = 226
2025/10/22 05:15:56.119 [T:0x91807] [DisplayControl] Exit MCCSOtherSet::GetVCP()
2025/10/22 05:15:56.221 [T:0x91807] [DisplayControl] Enter MCCSOtherSet::GetVCP(), vcp code = 16
2025/10/22 05:15:56.307 [T:0x91807] [DisplayControl] Exit MCCSOtherSet::GetVCP()
2025/10/22 05:15:56.409 [T:0x91807] [DisplayControl] Enter MCCSOtherSet::GetVCP(), vcp code = 4
2025/10/22 05:15:56.494 [T:0x91807] [DisplayControl] Exit MCCSOtherSet::GetVCP()
2025/10/22 05:15:56.597 [T:0x91807] [DisplayControl] Enter MCCSOtherSet::GetVCP(), vcp code = 98
2025/10/22 05:15:56.682 [T:0x91807] [DisplayControl] Exit MCCSOtherSet::GetVCP()
2025/10/22 05:15:56.784 [T:0x91807] [DisplayControl] Enter MCCSOtherSet::GetVCP(), vcp code = 141
2025/10/22 05:15:56.870 [T:0x91807] [DisplayControl] Exit MCCSOtherSet::GetVCP()
2025/10/22 05:15:56.972 [T:0x91807] [DisplayControl] Enter MCCSOtherSet::GetVCP(), vcp code = 135
2025/10/22 05:15:57.057 [T:0x91807] [DisplayControl] Exit MCCSOtherSet::GetVCP()
2025/10/22 05:15:57.159 [T:0x91807] [DisplayControl] Enter MCCSOtherSet::GetVCP(), vcp code = 96
2025/10/22 05:15:57.244 [T:0x91807] [DisplayControl] Exit MCCSOtherSet::GetVCP()
2025/10/22 05:19:22.339 [T:0x677d0] [DisplayControl] Enter MCCSOtherSet::SetVCP(), vcp code = 51
2025/10/22 05:19:22.542 [T:0x677d0] [DisplayControl] Exit MCCSOtherSet::SetVCP()
2025/10/22 05:21:02.950 [T:0xe1c24] [DisplayControl] Enter MCCSOtherSet::SetVCP(), vcp code = 96
2025/10/22 05:21:03.792 [T:0xe1c24] [DisplayControl] Exit MCCSOtherSet::SetVCP()
2025/10/22 05:21:11.071 [T:0xe1c24] [DisplayControl] Enter OperationThread::ExitThread
2025/10/22 05:21:11.072 [T:0xe1c24] [DisplayControl] Exit OperationThread::ExitThread
2025/10/22 05:21:11.073 [T:0xe1c24] [DisplayControl] Enter OperationThread::~OperationThread()
2025/10/22 05:21:11.073 [T:0xe1c24] [DisplayControl] Enter OperationThread::ExitThread
2025/10/22 05:21:11.073 [T:0xe1c24] [DisplayControl] Enter OperationThread::ExitThread
2025/10/22 05:21:11.074 [T:0xe1c24] [DisplayControl] Exit OperationThread::ExitThread
2025/10/22 05:21:11.074 [T:0xe1c24] [DisplayControl] Enter OperationThread::~OperationThread()
2025/10/22 05:21:11.074 [T:0xe1c24] [DisplayControl] Enter OperationThread::ExitThread
2025/10/22 05:21:11.144 [T:0xe1c24] [DbgStr] After calling display_control_client_listener_video_port_.UpdateAllDisplayPath()
2025/10/22 05:21:11.159 [T:0xe1c24] [DbgStr] After calling display_control_client_listener_.GetAllDisplayEDID()
2025/10/22 05:21:11.161 [T:0xe1c24] [DisplayControl] Version = 3.0.6.0
2025/10/22 05:21:11.161 [T:0xe1c24] [DisplayControl] Enter ObtainControlHandler1
2025/10/22 05:21:11.161 [T:0xe1c24] [DisplayControl] GetVideoPortCommander
2025/10/22 05:21:11.161 [T:0xe1c24] [DisplayControl] GetUSBHubCommander
2025/10/22 05:21:11.161 [T:0xe1c24] ====== List p_lpo_display_info_video_port, # of devices is ======2
2025/10/22 05:21:11.161 [T:0xe1c24] [DisplayControl] index of p_lpo_display_info_video_port0
2025/10/22 05:21:11.161 [T:0xe1c24] [DisplayControl] Model name from VideoPort = VG2458
2025/10/22 05:21:11.161 [T:0xe1c24] [DisplayControl] SN from VideoPort = YDJ243400006
2025/10/22 05:21:11.161 [T:0xe1c24] [DisplayControl] index of p_lpo_display_info_video_port1
2025/10/22 05:21:11.161 [T:0xe1c24] [DisplayControl] Model name from VideoPort = VG275
2025/10/22 05:21:11.161 [T:0xe1c24] [DisplayControl] SN from VideoPort = XF6232400003
2025/10/22 05:21:11.161 [T:0xe1c24] ====== List p_lpo_display_info_rtd_scalar_rts_hub, # of devices is ======0
2025/10/22 05:21:11.161 [T:0xe1c24] [DisplayControl] GetVSRtkHubControlClientListener
2025/10/22 05:21:11.161 [T:0xe1c24] [DisplayControl] max monitor count = 2
2025/10/22 05:21:11.161 [T:0xe1c24] [DisplayControl] index of display_info_vec = 0
2025/10/22 05:21:11.161 [T:0xe1c24] [DisplayControl] index of p_lpo_display_info_video_port = 0
2025/10/22 05:21:11.162 [T:0xe1c24] [DisplayControl] VideoPortMatchingRule
2025/10/22 05:21:11.162 [T:0xe1c24] [DisplayControl] monitor display_info_model_name = VG2458
2025/10/22 05:21:11.162 [T:0xe1c24] [DisplayControl] monitor video_port_model_name = VG2458
2025/10/22 05:21:11.162 [T:0xe1c24] [DisplayControl] monitor display_info_sn = YDJ243400006
2025/10/22 05:21:11.162 [T:0xe1c24] [DisplayControl] monitor video_port_sn = YDJ243400006
2025/10/22 05:21:11.162 [T:0xe1c24] [DisplayControl] model_name_match = 1
2025/10/22 05:21:11.162 [T:0xe1c24] [DisplayControl] sn_match = 1
2025/10/22 05:21:11.162 [T:0xe1c24] [DisplayControl] video_port is_match = 1
2025/10/22 05:21:11.162 [T:0xe1c24] [DisplayControl] index of display_info_vec = 1
2025/10/22 05:21:11.162 [T:0xe1c24] [DisplayControl] index of p_lpo_display_info_video_port = 0
2025/10/22 05:21:11.162 [T:0xe1c24] [DisplayControl] VideoPortMatchingRule
2025/10/22 05:21:11.162 [T:0xe1c24] [DisplayControl] monitor display_info_model_name = VG275
2025/10/22 05:21:11.162 [T:0xe1c24] [DisplayControl] monitor video_port_model_name = VG2458
2025/10/22 05:21:11.162 [T:0xe1c24] [DisplayControl] monitor display_info_sn = XF6232400003
2025/10/22 05:21:11.162 [T:0xe1c24] [DisplayControl] monitor video_port_sn = YDJ243400006
2025/10/22 05:21:11.162 [T:0xe1c24] [DisplayControl] model_name_match = 0
2025/10/22 05:21:11.162 [T:0xe1c24] [DisplayControl] sn_match = 0
2025/10/22 05:21:11.162 [T:0xe1c24] [DisplayControl] video_port is_match = 0
2025/10/22 05:21:11.162 [T:0xe1c24] [DisplayControl] index of display_info_vec = 1
2025/10/22 05:21:11.162 [T:0xe1c24] [DisplayControl] index of p_lpo_display_info_video_port = 1
2025/10/22 05:21:11.162 [T:0xe1c24] [DisplayControl] VideoPortMatchingRule
2025/10/22 05:21:11.162 [T:0xe1c24] [DisplayControl] monitor display_info_model_name = VG275
2025/10/22 05:21:11.162 [T:0xe1c24] [DisplayControl] monitor video_port_model_name = VG275
2025/10/22 05:21:11.162 [T:0xe1c24] [DisplayControl] monitor display_info_sn = XF6232400003
2025/10/22 05:21:11.162 [T:0xe1c24] [DisplayControl] monitor video_port_sn = XF6232400003
2025/10/22 05:21:11.162 [T:0xe1c24] [DisplayControl] model_name_match = 1
2025/10/22 05:21:11.162 [T:0xe1c24] [DisplayControl] sn_match = 1
2025/10/22 05:21:11.163 [T:0xe1c24] [DisplayControl] video_port is_match = 1
2025/10/22 05:21:11.163 [T:0xe1c24] [DisplayControl] i = 0
2025/10/22 05:21:11.163 [T:0xe1c24] [DisplayControl] Enter OperationThread::OperationThread()
2025/10/22 05:21:11.163 [T:0xe1c24] [DisplayControl] Enter OperationThread::CreateThread
2025/10/22 05:21:11.163 [T:0xe1c24] [DisplayControl] new DisplayFunctioner
2025/10/22 05:21:11.163 [T:0xe1c24] [DisplayControl] insert displayer_vector
2025/10/22 05:21:11.163 [T:0xe1c24] [DisplayControl] insert modelName_SN_to_Display_map
2025/10/22 05:21:11.163 [T:0xe1c24] [DisplayControl] insert device_id_to_Displayer_map_
2025/10/22 05:21:11.163 [T:0xe1c24] [DisplayControl] i = 1
2025/10/22 05:21:11.163 [T:0xe1c24] [DisplayControl] Enter OperationThread::OperationThread()
2025/10/22 05:21:11.163 [T:0xe1c24] [DisplayControl] Enter OperationThread::CreateThread
2025/10/22 05:21:11.163 [T:0xe1c24] [DisplayControl] new DisplayFunctioner
2025/10/22 05:21:11.163 [T:0xe1c24] [DisplayControl] insert displayer_vector
2025/10/22 05:21:11.163 [T:0xe1c24] [DisplayControl] insert modelName_SN_to_Display_map
2025/10/22 05:21:11.163 [T:0xe1c24] [DisplayControl] insert device_id_to_Displayer_map_
2025/10/22 05:21:11.163 [T:0xe1c24] [DisplayControl] monitor size = 2
2025/10/22 05:21:11.163 [T:0xe1c24] [DisplayControl] Exit ObtainControlHandler
2025/10/22 05:21:11.164 [T:0xe1c24] [DisplayControl] Enter MCCSOtherSet::GetVCP(), vcp code = 96
2025/10/22 05:21:11.242 [T:0xe1c24] [DisplayControl] Exit MCCSOtherSet::GetVCP()
2025/10/22 05:21:11.525 [T:0xe1c24] [DisplayControl] Enter MCCSOtherSet::GetVCP(), vcp code = 96
2025/10/22 05:21:11.606 [T:0xe1c24] [DisplayControl] Exit MCCSOtherSet::GetVCP()
2025/10/22 05:21:11.888 [T:0xe1c24] [DisplayControl] Enter MCCSOtherSet::SetVCP(), vcp code = 51
2025/10/22 05:21:12.196 [T:0xe1c24] [DisplayControl] Exit MCCSOtherSet::SetVCP()
2025/10/22 05:21:12.196 [T:0xe1c24] [DisplayControl] Enter MCCSOtherSet::SetVCP(), vcp code = 51
2025/10/22 05:21:12.356 [T:0xe1c24] [DisplayControl] Exit MCCSOtherSet::SetVCP()
2025/10/22 05:21:12.357 [T:0xe1c24] [DisplayControl] Enter MCCSOtherSet::GetVCP(), vcp code = 51
2025/10/22 05:21:12.430 [T:0xe1c24] [DisplayControl] Exit MCCSOtherSet::GetVCP()
2025/10/22 05:21:12.536 [T:0xe1c24] [DisplayControl] Enter MCCSOtherSet::GetVCP(), vcp code = 18
2025/10/22 05:21:12.618 [T:0xe1c24] [DisplayControl] Exit MCCSOtherSet::GetVCP()
2025/10/22 05:21:12.723 [T:0xe1c24] [DisplayControl] Enter MCCSOtherSet::GetVCP(), vcp code = 245
2025/10/22 05:21:12.805 [T:0xe1c24] [DisplayControl] Exit MCCSOtherSet::GetVCP()
2025/10/22 05:21:12.911 [T:0xe1c24] [DisplayControl] Enter MCCSOtherSet::GetVCP(), vcp code = 97
2025/10/22 05:21:12.993 [T:0xe1c24] [DisplayControl] Exit MCCSOtherSet::GetVCP()
2025/10/22 05:21:13.099 [T:0xe1c24] [DisplayControl] Enter MCCSOtherSet::GetVCP(), vcp code = 220
2025/10/22 05:21:13.180 [T:0xe1c24] [DisplayControl] Exit MCCSOtherSet::GetVCP()
2025/10/22 05:21:13.286 [T:0xe1c24] [DisplayControl] Enter MCCSOtherSet::GetVCP(), vcp code = 20
2025/10/22 05:21:13.368 [T:0xe1c24] [DisplayControl] Exit MCCSOtherSet::GetVCP()
2025/10/22 05:21:13.474 [T:0xe1c24] [DisplayControl] Enter MCCSOtherSet::GetVCP(), vcp code = 225
2025/10/22 05:21:13.555 [T:0xe1c24] [DisplayControl] Exit MCCSOtherSet::GetVCP()
2025/10/22 05:21:13.661 [T:0xe1c24] [DisplayControl] Enter MCCSOtherSet::GetVCP(), vcp code = 43
2025/10/22 05:21:13.743 [T:0xe1c24] [DisplayControl] Exit MCCSOtherSet::GetVCP()
2025/10/22 05:21:13.848 [T:0xe1c24] [DisplayControl] Enter MCCSOtherSet::GetVCP(), vcp code = 16
2025/10/22 05:21:13.930 [T:0xe1c24] [DisplayControl] Exit MCCSOtherSet::GetVCP()
2025/10/22 05:21:14.036 [T:0xe1c24] [DisplayControl] Enter MCCSOtherSet::GetVCP(), vcp code = 4
2025/10/22 05:21:14.117 [T:0xe1c24] [DisplayControl] Exit MCCSOtherSet::GetVCP()
2025/10/22 05:21:14.223 [T:0xe1c24] [DisplayControl] Enter MCCSOtherSet::GetVCP(), vcp code = 98
2025/10/22 05:21:14.304 [T:0xe1c24] [DisplayControl] Exit MCCSOtherSet::GetVCP()
2025/10/22 05:21:14.411 [T:0xe1c24] [DisplayControl] Enter MCCSOtherSet::GetVCP(), vcp code = 141
2025/10/22 05:21:14.493 [T:0xe1c24] [DisplayControl] Exit MCCSOtherSet::GetVCP()
2025/10/22 05:21:14.599 [T:0xe1c24] [DisplayControl] Enter MCCSOtherSet::GetVCP(), vcp code = 135
2025/10/22 05:21:14.681 [T:0xe1c24] [DisplayControl] Exit MCCSOtherSet::GetVCP()
2025/10/22 05:21:14.786 [T:0xe1c24] [DisplayControl] Enter MCCSOtherSet::GetVCP(), vcp code = 96
2025/10/22 05:21:14.868 [T:0xe1c24] [DisplayControl] Exit MCCSOtherSet::GetVCP()
2025/10/22 05:21:14.974 [T:0xe1c24] [DisplayControl] Enter MCCSOtherSet::GetVCP(), vcp code = 51
2025/10/22 05:21:15.059 [T:0xe1c24] [DisplayControl] Exit MCCSOtherSet::GetVCP()
2025/10/22 05:21:15.161 [T:0xe1c24] [DisplayControl] Enter MCCSOtherSet::GetVCP(), vcp code = 236
2025/10/22 05:21:15.247 [T:0xe1c24] [DisplayControl] Exit MCCSOtherSet::GetVCP()
2025/10/22 05:21:15.349 [T:0xe1c24] [DisplayControl] Enter MCCSOtherSet::GetVCP(), vcp code = 18
2025/10/22 05:21:15.434 [T:0xe1c24] [DisplayControl] Exit MCCSOtherSet::GetVCP()
2025/10/22 05:21:15.537 [T:0xe1c24] [DisplayControl] Enter MCCSOtherSet::GetVCP(), vcp code = 97
2025/10/22 05:21:15.622 [T:0xe1c24] [DisplayControl] Exit MCCSOtherSet::GetVCP()
2025/10/22 05:21:15.724 [T:0xe1c24] [DisplayControl] Enter MCCSOtherSet::GetVCP(), vcp code = 220
2025/10/22 05:21:15.810 [T:0xe1c24] [DisplayControl] Exit MCCSOtherSet::GetVCP()
2025/10/22 05:21:15.912 [T:0xe1c24] [DisplayControl] Enter MCCSOtherSet::GetVCP(), vcp code = 225
2025/10/22 05:21:15.997 [T:0xe1c24] [DisplayControl] Exit MCCSOtherSet::GetVCP()
2025/10/22 05:21:16.099 [T:0xe1c24] [DisplayControl] Enter MCCSOtherSet::GetVCP(), vcp code = 43
2025/10/22 05:21:16.185 [T:0xe1c24] [DisplayControl] Exit MCCSOtherSet::GetVCP()
2025/10/22 05:21:16.287 [T:0xe1c24] [DisplayControl] Enter MCCSOtherSet::GetVCP(), vcp code = 226
2025/10/22 05:21:16.373 [T:0xe1c24] [DisplayControl] Exit MCCSOtherSet::GetVCP()
2025/10/22 05:21:16.474 [T:0xe1c24] [DisplayControl] Enter MCCSOtherSet::GetVCP(), vcp code = 16
2025/10/22 05:21:16.560 [T:0xe1c24] [DisplayControl] Exit MCCSOtherSet::GetVCP()
2025/10/22 05:21:16.662 [T:0xe1c24] [DisplayControl] Enter MCCSOtherSet::GetVCP(), vcp code = 4
2025/10/22 05:21:16.747 [T:0xe1c24] [DisplayControl] Exit MCCSOtherSet::GetVCP()
2025/10/22 05:21:16.849 [T:0xe1c24] [DisplayControl] Enter MCCSOtherSet::GetVCP(), vcp code = 98
2025/10/22 05:21:16.935 [T:0xe1c24] [DisplayControl] Exit MCCSOtherSet::GetVCP()
2025/10/22 05:21:17.037 [T:0xe1c24] [DisplayControl] Enter MCCSOtherSet::GetVCP(), vcp code = 141
2025/10/22 05:21:17.122 [T:0xe1c24] [DisplayControl] Exit MCCSOtherSet::GetVCP()
2025/10/22 05:21:17.224 [T:0xe1c24] [DisplayControl] Enter MCCSOtherSet::GetVCP(), vcp code = 135
2025/10/22 05:21:17.310 [T:0xe1c24] [DisplayControl] Exit MCCSOtherSet::GetVCP()
2025/10/22 05:21:17.412 [T:0xe1c24] [DisplayControl] Enter MCCSOtherSet::GetVCP(), vcp code = 96
2025/10/22 05:21:17.498 [T:0xe1c24] [DisplayControl] Exit MCCSOtherSet::GetVCP()
2025/10/22 05:21:17.608 [T:0xe1c24] [DisplayControl] Enter MCCSOtherSet::SetVCP(), vcp code = 51
2025/10/22 05:21:17.750 [T:0xe1c24] [DisplayControl] Exit MCCSOtherSet::SetVCP()
2025/10/22 05:21:17.765 [T:0x104ce] [DisplayControl] Enter MCCSOtherSet::GetVCP(), vcp code = 96
2025/10/22 05:21:17.915 [T:0x104ce] [DisplayControl] Exit MCCSOtherSet::GetVCP()
2025/10/22 05:23:02.918 [T:0x6d591] [DisplayControl] Enter MCCSOtherSet::SetVCP(), vcp code = 51
2025/10/22 05:23:03.139 [T:0x6d591] [DisplayControl] Exit MCCSOtherSet::SetVCP()
2025/10/22 05:23:21.395 [T:0x6d591] [DisplayControl] Enter MCCSOtherSet::SetVCP(), vcp code = 96
2025/10/22 05:23:22.025 [T:0x6d591] [DisplayControl] Exit MCCSOtherSet::SetVCP()
2025/10/22 05:23:28.799 [T:0x6d591] [DisplayControl] Enter OperationThread::ExitThread
2025/10/22 05:23:28.800 [T:0x6d591] [DisplayControl] Exit OperationThread::ExitThread
2025/10/22 05:23:28.800 [T:0x6d591] [DisplayControl] Enter OperationThread::~OperationThread()
2025/10/22 05:23:28.800 [T:0x6d591] [DisplayControl] Enter OperationThread::ExitThread
2025/10/22 05:23:28.800 [T:0x6d591] [DisplayControl] Enter OperationThread::ExitThread
2025/10/22 05:23:28.801 [T:0x6d591] [DisplayControl] Exit OperationThread::ExitThread
2025/10/22 05:23:28.801 [T:0x6d591] [DisplayControl] Enter OperationThread::~OperationThread()
2025/10/22 05:23:28.802 [T:0x6d591] [DisplayControl] Enter OperationThread::ExitThread
2025/10/22 05:23:28.858 [T:0x6d591] [DbgStr] After calling display_control_client_listener_video_port_.UpdateAllDisplayPath()
2025/10/22 05:23:28.872 [T:0x6d591] [DbgStr] After calling display_control_client_listener_.GetAllDisplayEDID()
2025/10/22 05:23:28.873 [T:0x6d591] [DisplayControl] Version = 3.0.6.0
2025/10/22 05:23:28.874 [T:0x6d591] [DisplayControl] Enter ObtainControlHandler1
2025/10/22 05:23:28.874 [T:0x6d591] [DisplayControl] GetVideoPortCommander
2025/10/22 05:23:28.874 [T:0x6d591] [DisplayControl] GetUSBHubCommander
2025/10/22 05:23:28.874 [T:0x6d591] ====== List p_lpo_display_info_video_port, # of devices is ======2
2025/10/22 05:23:28.874 [T:0x6d591] [DisplayControl] index of p_lpo_display_info_video_port0
2025/10/22 05:23:28.874 [T:0x6d591] [DisplayControl] Model name from VideoPort = VG2458
2025/10/22 05:23:28.874 [T:0x6d591] [DisplayControl] SN from VideoPort = YDJ243400006
2025/10/22 05:23:28.874 [T:0x6d591] [DisplayControl] index of p_lpo_display_info_video_port1
2025/10/22 05:23:28.874 [T:0x6d591] [DisplayControl] Model name from VideoPort = VG275
2025/10/22 05:23:28.874 [T:0x6d591] [DisplayControl] SN from VideoPort = XF6232400003
2025/10/22 05:23:28.874 [T:0x6d591] ====== List p_lpo_display_info_rtd_scalar_rts_hub, # of devices is ======0
2025/10/22 05:23:28.874 [T:0x6d591] [DisplayControl] GetVSRtkHubControlClientListener
2025/10/22 05:23:28.874 [T:0x6d591] [DisplayControl] max monitor count = 2
2025/10/22 05:23:28.874 [T:0x6d591] [DisplayControl] index of display_info_vec = 0
2025/10/22 05:23:28.874 [T:0x6d591] [DisplayControl] index of p_lpo_display_info_video_port = 0
2025/10/22 05:23:28.874 [T:0x6d591] [DisplayControl] VideoPortMatchingRule
2025/10/22 05:23:28.874 [T:0x6d591] [DisplayControl] monitor display_info_model_name = VG2458
2025/10/22 05:23:28.874 [T:0x6d591] [DisplayControl] monitor video_port_model_name = VG2458
2025/10/22 05:23:28.874 [T:0x6d591] [DisplayControl] monitor display_info_sn = YDJ243400006
2025/10/22 05:23:28.874 [T:0x6d591] [DisplayControl] monitor video_port_sn = YDJ243400006
2025/10/22 05:23:28.874 [T:0x6d591] [DisplayControl] model_name_match = 1
2025/10/22 05:23:28.874 [T:0x6d591] [DisplayControl] sn_match = 1
2025/10/22 05:23:28.874 [T:0x6d591] [DisplayControl] video_port is_match = 1
2025/10/22 05:23:28.874 [T:0x6d591] [DisplayControl] index of display_info_vec = 1
2025/10/22 05:23:28.874 [T:0x6d591] [DisplayControl] index of p_lpo_display_info_video_port = 0
2025/10/22 05:23:28.874 [T:0x6d591] [DisplayControl] VideoPortMatchingRule
2025/10/22 05:23:28.875 [T:0x6d591] [DisplayControl] monitor display_info_model_name = VG275
2025/10/22 05:23:28.875 [T:0x6d591] [DisplayControl] monitor video_port_model_name = VG2458
2025/10/22 05:23:28.875 [T:0x6d591] [DisplayControl] monitor display_info_sn = XF6232400003
2025/10/22 05:23:28.875 [T:0x6d591] [DisplayControl] monitor video_port_sn = YDJ243400006
2025/10/22 05:23:28.875 [T:0x6d591] [DisplayControl] model_name_match = 0
2025/10/22 05:23:28.875 [T:0x6d591] [DisplayControl] sn_match = 0
2025/10/22 05:23:28.875 [T:0x6d591] [DisplayControl] video_port is_match = 0
2025/10/22 05:23:28.875 [T:0x6d591] [DisplayControl] index of display_info_vec = 1
2025/10/22 05:23:28.875 [T:0x6d591] [DisplayControl] index of p_lpo_display_info_video_port = 1
2025/10/22 05:23:28.875 [T:0x6d591] [DisplayControl] VideoPortMatchingRule
2025/10/22 05:23:28.875 [T:0x6d591] [DisplayControl] monitor display_info_model_name = VG275
2025/10/22 05:23:28.875 [T:0x6d591] [DisplayControl] monitor video_port_model_name = VG275
2025/10/22 05:23:28.875 [T:0x6d591] [DisplayControl] monitor display_info_sn = XF6232400003
2025/10/22 05:23:28.875 [T:0x6d591] [DisplayControl] monitor video_port_sn = XF6232400003
2025/10/22 05:23:28.875 [T:0x6d591] [DisplayControl] model_name_match = 1
2025/10/22 05:23:28.875 [T:0x6d591] [DisplayControl] sn_match = 1
2025/10/22 05:23:28.875 [T:0x6d591] [DisplayControl] video_port is_match = 1
2025/10/22 05:23:28.875 [T:0x6d591] [DisplayControl] i = 0
2025/10/22 05:23:28.875 [T:0x6d591] [DisplayControl] Enter OperationThread::OperationThread()
2025/10/22 05:23:28.875 [T:0x6d591] [DisplayControl] Enter OperationThread::CreateThread
2025/10/22 05:23:28.875 [T:0x6d591] [DisplayControl] new DisplayFunctioner
2025/10/22 05:23:28.875 [T:0x6d591] [DisplayControl] insert displayer_vector
2025/10/22 05:23:28.875 [T:0x6d591] [DisplayControl] insert modelName_SN_to_Display_map
2025/10/22 05:23:28.875 [T:0x6d591] [DisplayControl] insert device_id_to_Displayer_map_
2025/10/22 05:23:28.875 [T:0x6d591] [DisplayControl] i = 1
2025/10/22 05:23:28.875 [T:0x6d591] [DisplayControl] Enter OperationThread::OperationThread()
2025/10/22 05:23:28.876 [T:0x6d591] [DisplayControl] Enter OperationThread::CreateThread
2025/10/22 05:23:28.876 [T:0x6d591] [DisplayControl] new DisplayFunctioner
2025/10/22 05:23:28.876 [T:0x6d591] [DisplayControl] insert displayer_vector
2025/10/22 05:23:28.876 [T:0x6d591] [DisplayControl] insert modelName_SN_to_Display_map
2025/10/22 05:23:28.876 [T:0x6d591] [DisplayControl] insert device_id_to_Displayer_map_
2025/10/22 05:23:28.876 [T:0x6d591] [DisplayControl] monitor size = 2
2025/10/22 05:23:28.876 [T:0x6d591] [DisplayControl] Exit ObtainControlHandler
2025/10/22 05:23:28.876 [T:0x6d591] [DisplayControl] Enter MCCSOtherSet::GetVCP(), vcp code = 96
2025/10/22 05:23:28.954 [T:0x6d591] [DisplayControl] Exit MCCSOtherSet::GetVCP()
2025/10/22 05:23:29.236 [T:0x6d591] [DisplayControl] Enter MCCSOtherSet::GetVCP(), vcp code = 96
2025/10/22 05:23:29.317 [T:0x6d591] [DisplayControl] Exit MCCSOtherSet::GetVCP()
2025/10/22 05:23:29.600 [T:0x6d591] [DisplayControl] Enter MCCSOtherSet::SetVCP(), vcp code = 51
2025/10/22 05:23:29.907 [T:0x6d591] [DisplayControl] Exit MCCSOtherSet::SetVCP()
2025/10/22 05:23:29.907 [T:0x6d591] [DisplayControl] Enter MCCSOtherSet::SetVCP(), vcp code = 51
2025/10/22 05:23:30.067 [T:0x6d591] [DisplayControl] Exit MCCSOtherSet::SetVCP()
2025/10/22 05:23:30.068 [T:0x6d591] [DisplayControl] Enter MCCSOtherSet::GetVCP(), vcp code = 51
2025/10/22 05:23:30.141 [T:0x6d591] [DisplayControl] Exit MCCSOtherSet::GetVCP()
2025/10/22 05:23:30.247 [T:0x6d591] [DisplayControl] Enter MCCSOtherSet::GetVCP(), vcp code = 18
2025/10/22 05:23:30.328 [T:0x6d591] [DisplayControl] Exit MCCSOtherSet::GetVCP()
2025/10/22 05:23:30.434 [T:0x6d591] [DisplayControl] Enter MCCSOtherSet::GetVCP(), vcp code = 245
2025/10/22 05:23:30.516 [T:0x6d591] [DisplayControl] Exit MCCSOtherSet::GetVCP()
2025/10/22 05:23:30.622 [T:0x6d591] [DisplayControl] Enter MCCSOtherSet::GetVCP(), vcp code = 97
2025/10/22 05:23:30.704 [T:0x6d591] [DisplayControl] Exit MCCSOtherSet::GetVCP()
2025/10/22 05:23:30.809 [T:0x6d591] [DisplayControl] Enter MCCSOtherSet::GetVCP(), vcp code = 220
2025/10/22 05:23:30.891 [T:0x6d591] [DisplayControl] Exit MCCSOtherSet::GetVCP()
2025/10/22 05:23:30.997 [T:0x6d591] [DisplayControl] Enter MCCSOtherSet::GetVCP(), vcp code = 20
2025/10/22 05:23:31.079 [T:0x6d591] [DisplayControl] Exit MCCSOtherSet::GetVCP()
2025/10/22 05:23:31.184 [T:0x6d591] [DisplayControl] Enter MCCSOtherSet::GetVCP(), vcp code = 225
2025/10/22 05:23:31.266 [T:0x6d591] [DisplayControl] Exit MCCSOtherSet::GetVCP()
2025/10/22 05:23:31.372 [T:0x6d591] [DisplayControl] Enter MCCSOtherSet::GetVCP(), vcp code = 43
2025/10/22 05:23:31.453 [T:0x6d591] [DisplayControl] Exit MCCSOtherSet::GetVCP()
2025/10/22 05:23:31.559 [T:0x6d591] [DisplayControl] Enter MCCSOtherSet::GetVCP(), vcp code = 16
2025/10/22 05:23:31.641 [T:0x6d591] [DisplayControl] Exit MCCSOtherSet::GetVCP()
2025/10/22 05:23:31.747 [T:0x6d591] [DisplayControl] Enter MCCSOtherSet::GetVCP(), vcp code = 4
2025/10/22 05:23:31.828 [T:0x6d591] [DisplayControl] Exit MCCSOtherSet::GetVCP()
2025/10/22 05:23:31.934 [T:0x6d591] [DisplayControl] Enter MCCSOtherSet::GetVCP(), vcp code = 98
2025/10/22 05:23:32.016 [T:0x6d591] [DisplayControl] Exit MCCSOtherSet::GetVCP()
2025/10/22 05:23:32.122 [T:0x6d591] [DisplayControl] Enter MCCSOtherSet::GetVCP(), vcp code = 141
2025/10/22 05:23:32.204 [T:0x6d591] [DisplayControl] Exit MCCSOtherSet::GetVCP()
2025/10/22 05:23:32.309 [T:0x6d591] [DisplayControl] Enter MCCSOtherSet::GetVCP(), vcp code = 135
2025/10/22 05:23:32.391 [T:0x6d591] [DisplayControl] Exit MCCSOtherSet::GetVCP()
2025/10/22 05:23:32.497 [T:0x6d591] [DisplayControl] Enter MCCSOtherSet::GetVCP(), vcp code = 96
2025/10/22 05:23:32.578 [T:0x6d591] [DisplayControl] Exit MCCSOtherSet::GetVCP()
2025/10/22 05:23:32.685 [T:0x6d591] [DisplayControl] Enter MCCSOtherSet::GetVCP(), vcp code = 51
2025/10/22 05:23:32.770 [T:0x6d591] [DisplayControl] Exit MCCSOtherSet::GetVCP()
2025/10/22 05:23:32.872 [T:0x6d591] [DisplayControl] Enter MCCSOtherSet::GetVCP(), vcp code = 236
2025/10/22 05:23:32.958 [T:0x6d591] [DisplayControl] Exit MCCSOtherSet::GetVCP()
2025/10/22 05:23:33.059 [T:0x6d591] [DisplayControl] Enter MCCSOtherSet::GetVCP(), vcp code = 18
2025/10/22 05:23:33.145 [T:0x6d591] [DisplayControl] Exit MCCSOtherSet::GetVCP()
2025/10/22 05:23:33.247 [T:0x6d591] [DisplayControl] Enter MCCSOtherSet::GetVCP(), vcp code = 97
2025/10/22 05:23:33.333 [T:0x6d591] [DisplayControl] Exit MCCSOtherSet::GetVCP()
2025/10/22 05:23:33.434 [T:0x6d591] [DisplayControl] Enter MCCSOtherSet::GetVCP(), vcp code = 220
2025/10/22 05:23:33.520 [T:0x6d591] [DisplayControl] Exit MCCSOtherSet::GetVCP()
2025/10/22 05:23:33.622 [T:0x6d591] [DisplayControl] Enter MCCSOtherSet::GetVCP(), vcp code = 225
2025/10/22 05:23:33.708 [T:0x6d591] [DisplayControl] Exit MCCSOtherSet::GetVCP()
2025/10/22 05:23:33.809 [T:0x6d591] [DisplayControl] Enter MCCSOtherSet::GetVCP(), vcp code = 43
2025/10/22 05:23:33.895 [T:0x6d591] [DisplayControl] Exit MCCSOtherSet::GetVCP()
2025/10/22 05:23:33.997 [T:0x6d591] [DisplayControl] Enter MCCSOtherSet::GetVCP(), vcp code = 226
2025/10/22 05:23:34.083 [T:0x6d591] [DisplayControl] Exit MCCSOtherSet::GetVCP()
2025/10/22 05:23:34.184 [T:0x6d591] [DisplayControl] Enter MCCSOtherSet::GetVCP(), vcp code = 16
2025/10/22 05:23:34.270 [T:0x6d591] [DisplayControl] Exit MCCSOtherSet::GetVCP()
2025/10/22 05:23:34.372 [T:0x6d591] [DisplayControl] Enter MCCSOtherSet::GetVCP(), vcp code = 4
2025/10/22 05:23:34.457 [T:0x6d591] [DisplayControl] Exit MCCSOtherSet::GetVCP()
2025/10/22 05:23:34.559 [T:0x6d591] [DisplayControl] Enter MCCSOtherSet::GetVCP(), vcp code = 98
2025/10/22 05:23:34.645 [T:0x6d591] [DisplayControl] Exit MCCSOtherSet::GetVCP()
2025/10/22 05:23:34.747 [T:0x6d591] [DisplayControl] Enter MCCSOtherSet::GetVCP(), vcp code = 141
2025/10/22 05:23:34.832 [T:0x6d591] [DisplayControl] Exit MCCSOtherSet::GetVCP()
2025/10/22 05:23:34.934 [T:0x6d591] [DisplayControl] Enter MCCSOtherSet::GetVCP(), vcp code = 135
2025/10/22 05:23:35.020 [T:0x6d591] [DisplayControl] Exit MCCSOtherSet::GetVCP()
2025/10/22 05:23:35.122 [T:0x6d591] [DisplayControl] Enter MCCSOtherSet::GetVCP(), vcp code = 96
2025/10/22 05:23:35.208 [T:0x6d591] [DisplayControl] Exit MCCSOtherSet::GetVCP()
2025/10/22 05:23:35.318 [T:0x6d591] [DisplayControl] Enter MCCSOtherSet::SetVCP(), vcp code = 51
2025/10/22 05:23:35.462 [T:0x6d591] [DisplayControl] Exit MCCSOtherSet::SetVCP()
2025/10/22 05:23:35.511 [T:0x104ce] [DisplayControl] Enter MCCSOtherSet::GetVCP(), vcp code = 96
2025/10/22 05:23:35.614 [T:0x104ce] [DisplayControl] Exit MCCSOtherSet::GetVCP()
2025/10/22 05:25:21.414 [T:0x88a14] [DisplayControl] Enter MCCSOtherSet::SetVCP(), vcp code = 51
2025/10/22 05:25:21.607 [T:0x88a14] [DisplayControl] Exit MCCSOtherSet::SetVCP()
2025/10/22 05:25:39.891 [T:0x88a14] [DisplayControl] Enter MCCSOtherSet::SetVCP(), vcp code = 96
2025/10/22 05:25:40.487 [T:0x88a14] [DisplayControl] Exit MCCSOtherSet::SetVCP()
2025/10/22 05:25:47.259 [T:0x88a14] [DisplayControl] Enter OperationThread::ExitThread
2025/10/22 05:25:47.260 [T:0x88a14] [DisplayControl] Exit OperationThread::ExitThread
2025/10/22 05:25:47.260 [T:0x88a14] [DisplayControl] Enter OperationThread::~OperationThread()
2025/10/22 05:25:47.261 [T:0x88a14] [DisplayControl] Enter OperationThread::ExitThread
2025/10/22 05:25:47.261 [T:0x88a14] [DisplayControl] Enter OperationThread::ExitThread
2025/10/22 05:25:47.262 [T:0x88a14] [DisplayControl] Exit OperationThread::ExitThread
2025/10/22 05:25:47.262 [T:0x88a14] [DisplayControl] Enter OperationThread::~OperationThread()
2025/10/22 05:25:47.262 [T:0x88a14] [DisplayControl] Enter OperationThread::ExitThread
2025/10/22 05:25:47.319 [T:0x88a14] [DbgStr] After calling display_control_client_listener_video_port_.UpdateAllDisplayPath()
2025/10/22 05:25:47.333 [T:0x88a14] [DbgStr] After calling display_control_client_listener_.GetAllDisplayEDID()
2025/10/22 05:25:47.335 [T:0x88a14] [DisplayControl] Version = 3.0.6.0
2025/10/22 05:25:47.335 [T:0x88a14] [DisplayControl] Enter ObtainControlHandler1
2025/10/22 05:25:47.335 [T:0x88a14] [DisplayControl] GetVideoPortCommander
2025/10/22 05:25:47.335 [T:0x88a14] [DisplayControl] GetUSBHubCommander
2025/10/22 05:25:47.335 [T:0x88a14] ====== List p_lpo_display_info_video_port, # of devices is ======2
2025/10/22 05:25:47.335 [T:0x88a14] [DisplayControl] index of p_lpo_display_info_video_port0
2025/10/22 05:25:47.335 [T:0x88a14] [DisplayControl] Model name from VideoPort = VG2458
2025/10/22 05:25:47.336 [T:0x88a14] [DisplayControl] SN from VideoPort = YDJ243400006
2025/10/22 05:25:47.336 [T:0x88a14] [DisplayControl] index of p_lpo_display_info_video_port1
2025/10/22 05:25:47.336 [T:0x88a14] [DisplayControl] Model name from VideoPort = VG275
2025/10/22 05:25:47.336 [T:0x88a14] [DisplayControl] SN from VideoPort = XF6232400003
2025/10/22 05:25:47.336 [T:0x88a14] ====== List p_lpo_display_info_rtd_scalar_rts_hub, # of devices is ======0
2025/10/22 05:25:47.336 [T:0x88a14] [DisplayControl] GetVSRtkHubControlClientListener
2025/10/22 05:25:47.336 [T:0x88a14] [DisplayControl] max monitor count = 2
2025/10/22 05:25:47.336 [T:0x88a14] [DisplayControl] index of display_info_vec = 0
2025/10/22 05:25:47.336 [T:0x88a14] [DisplayControl] index of p_lpo_display_info_video_port = 0
2025/10/22 05:25:47.336 [T:0x88a14] [DisplayControl] VideoPortMatchingRule
2025/10/22 05:25:47.336 [T:0x88a14] [DisplayControl] monitor display_info_model_name = VG2458
2025/10/22 05:25:47.336 [T:0x88a14] [DisplayControl] monitor video_port_model_name = VG2458
2025/10/22 05:25:47.336 [T:0x88a14] [DisplayControl] monitor display_info_sn = YDJ243400006
2025/10/22 05:25:47.336 [T:0x88a14] [DisplayControl] monitor video_port_sn = YDJ243400006
2025/10/22 05:25:47.336 [T:0x88a14] [DisplayControl] model_name_match = 1
2025/10/22 05:25:47.336 [T:0x88a14] [DisplayControl] sn_match = 1
2025/10/22 05:25:47.336 [T:0x88a14] [DisplayControl] video_port is_match = 1
2025/10/22 05:25:47.336 [T:0x88a14] [DisplayControl] index of display_info_vec = 1
2025/10/22 05:25:47.336 [T:0x88a14] [DisplayControl] index of p_lpo_display_info_video_port = 0
2025/10/22 05:25:47.336 [T:0x88a14] [DisplayControl] VideoPortMatchingRule
2025/10/22 05:25:47.336 [T:0x88a14] [DisplayControl] monitor display_info_model_name = VG275
2025/10/22 05:25:47.336 [T:0x88a14] [DisplayControl] monitor video_port_model_name = VG2458
2025/10/22 05:25:47.336 [T:0x88a14] [DisplayControl] monitor display_info_sn = XF6232400003
2025/10/22 05:25:47.336 [T:0x88a14] [DisplayControl] monitor video_port_sn = YDJ243400006
2025/10/22 05:25:47.336 [T:0x88a14] [DisplayControl] model_name_match = 0
2025/10/22 05:25:47.336 [T:0x88a14] [DisplayControl] sn_match = 0
2025/10/22 05:25:47.336 [T:0x88a14] [DisplayControl] video_port is_match = 0
2025/10/22 05:25:47.337 [T:0x88a14] [DisplayControl] index of display_info_vec = 1
2025/10/22 05:25:47.337 [T:0x88a14] [DisplayControl] index of p_lpo_display_info_video_port = 1
2025/10/22 05:25:47.337 [T:0x88a14] [DisplayControl] VideoPortMatchingRule
2025/10/22 05:25:47.337 [T:0x88a14] [DisplayControl] monitor display_info_model_name = VG275
2025/10/22 05:25:47.337 [T:0x88a14] [DisplayControl] monitor video_port_model_name = VG275
2025/10/22 05:25:47.337 [T:0x88a14] [DisplayControl] monitor display_info_sn = XF6232400003
2025/10/22 05:25:47.337 [T:0x88a14] [DisplayControl] monitor video_port_sn = XF6232400003
2025/10/22 05:25:47.337 [T:0x88a14] [DisplayControl] model_name_match = 1
2025/10/22 05:25:47.337 [T:0x88a14] [DisplayControl] sn_match = 1
2025/10/22 05:25:47.337 [T:0x88a14] [DisplayControl] video_port is_match = 1
2025/10/22 05:25:47.337 [T:0x88a14] [DisplayControl] i = 0
2025/10/22 05:25:47.337 [T:0x88a14] [DisplayControl] Enter OperationThread::OperationThread()
2025/10/22 05:25:47.337 [T:0x88a14] [DisplayControl] Enter OperationThread::CreateThread
2025/10/22 05:25:47.337 [T:0x88a14] [DisplayControl] new DisplayFunctioner
2025/10/22 05:25:47.337 [T:0x88a14] [DisplayControl] insert displayer_vector
2025/10/22 05:25:47.337 [T:0x88a14] [DisplayControl] insert modelName_SN_to_Display_map
2025/10/22 05:25:47.337 [T:0x88a14] [DisplayControl] insert device_id_to_Displayer_map_
2025/10/22 05:25:47.337 [T:0x88a14] [DisplayControl] i = 1
2025/10/22 05:25:47.337 [T:0x88a14] [DisplayControl] Enter OperationThread::OperationThread()
2025/10/22 05:25:47.337 [T:0x88a14] [DisplayControl] Enter OperationThread::CreateThread
2025/10/22 05:25:47.337 [T:0x88a14] [DisplayControl] new DisplayFunctioner
2025/10/22 05:25:47.337 [T:0x88a14] [DisplayControl] insert displayer_vector
2025/10/22 05:25:47.337 [T:0x88a14] [DisplayControl] insert modelName_SN_to_Display_map
2025/10/22 05:25:47.338 [T:0x88a14] [DisplayControl] insert device_id_to_Displayer_map_
2025/10/22 05:25:47.338 [T:0x88a14] [DisplayControl] monitor size = 2
2025/10/22 05:25:47.338 [T:0x88a14] [DisplayControl] Exit ObtainControlHandler
2025/10/22 05:25:47.338 [T:0x88a14] [DisplayControl] Enter MCCSOtherSet::GetVCP(), vcp code = 96
2025/10/22 05:25:47.414 [T:0x88a14] [DisplayControl] Exit MCCSOtherSet::GetVCP()
2025/10/22 05:25:47.696 [T:0x88a14] [DisplayControl] Enter MCCSOtherSet::GetVCP(), vcp code = 96
2025/10/22 05:25:47.777 [T:0x88a14] [DisplayControl] Exit MCCSOtherSet::GetVCP()
2025/10/22 05:25:48.060 [T:0x88a14] [DisplayControl] Enter MCCSOtherSet::SetVCP(), vcp code = 51
2025/10/22 05:25:48.367 [T:0x88a14] [DisplayControl] Exit MCCSOtherSet::SetVCP()
2025/10/22 05:25:48.367 [T:0x88a14] [DisplayControl] Enter MCCSOtherSet::SetVCP(), vcp code = 51
2025/10/22 05:25:48.527 [T:0x88a14] [DisplayControl] Exit MCCSOtherSet::SetVCP()
2025/10/22 05:25:48.528 [T:0x88a14] [DisplayControl] Enter MCCSOtherSet::GetVCP(), vcp code = 51
2025/10/22 05:25:48.601 [T:0x88a14] [DisplayControl] Exit MCCSOtherSet::GetVCP()
2025/10/22 05:25:48.707 [T:0x88a14] [DisplayControl] Enter MCCSOtherSet::GetVCP(), vcp code = 18
2025/10/22 05:25:48.789 [T:0x88a14] [DisplayControl] Exit MCCSOtherSet::GetVCP()
2025/10/22 05:25:48.895 [T:0x88a14] [DisplayControl] Enter MCCSOtherSet::GetVCP(), vcp code = 245
2025/10/22 05:25:48.976 [T:0x88a14] [DisplayControl] Exit MCCSOtherSet::GetVCP()
2025/10/22 05:25:49.082 [T:0x88a14] [DisplayControl] Enter MCCSOtherSet::GetVCP(), vcp code = 97
2025/10/22 05:25:49.164 [T:0x88a14] [DisplayControl] Exit MCCSOtherSet::GetVCP()
2025/10/22 05:25:49.270 [T:0x88a14] [DisplayControl] Enter MCCSOtherSet::GetVCP(), vcp code = 220
2025/10/22 05:25:49.352 [T:0x88a14] [DisplayControl] Exit MCCSOtherSet::GetVCP()
2025/10/22 05:25:49.457 [T:0x88a14] [DisplayControl] Enter MCCSOtherSet::GetVCP(), vcp code = 20
2025/10/22 05:25:49.539 [T:0x88a14] [DisplayControl] Exit MCCSOtherSet::GetVCP()
2025/10/22 05:25:49.645 [T:0x88a14] [DisplayControl] Enter MCCSOtherSet::GetVCP(), vcp code = 225
2025/10/22 05:25:49.726 [T:0x88a14] [DisplayControl] Exit MCCSOtherSet::GetVCP()
2025/10/22 05:25:49.832 [T:0x88a14] [DisplayControl] Enter MCCSOtherSet::GetVCP(), vcp code = 43
2025/10/22 05:25:49.914 [T:0x88a14] [DisplayControl] Exit MCCSOtherSet::GetVCP()
2025/10/22 05:25:50.020 [T:0x88a14] [DisplayControl] Enter MCCSOtherSet::GetVCP(), vcp code = 16
2025/10/22 05:25:50.102 [T:0x88a14] [DisplayControl] Exit MCCSOtherSet::GetVCP()
2025/10/22 05:25:50.207 [T:0x88a14] [DisplayControl] Enter MCCSOtherSet::GetVCP(), vcp code = 4
2025/10/22 05:25:50.289 [T:0x88a14] [DisplayControl] Exit MCCSOtherSet::GetVCP()
2025/10/22 05:25:50.395 [T:0x88a14] [DisplayControl] Enter MCCSOtherSet::GetVCP(), vcp code = 98
2025/10/22 05:25:50.476 [T:0x88a14] [DisplayControl] Exit MCCSOtherSet::GetVCP()
2025/10/22 05:25:50.582 [T:0x88a14] [DisplayControl] Enter MCCSOtherSet::GetVCP(), vcp code = 141
2025/10/22 05:25:50.664 [T:0x88a14] [DisplayControl] Exit MCCSOtherSet::GetVCP()
2025/10/22 05:25:50.770 [T:0x88a14] [DisplayControl] Enter MCCSOtherSet::GetVCP(), vcp code = 135
2025/10/22 05:25:50.851 [T:0x88a14] [DisplayControl] Exit MCCSOtherSet::GetVCP()
2025/10/22 05:25:50.957 [T:0x88a14] [DisplayControl] Enter MCCSOtherSet::GetVCP(), vcp code = 96
2025/10/22 05:25:51.039 [T:0x88a14] [DisplayControl] Exit MCCSOtherSet::GetVCP()
2025/10/22 05:25:51.145 [T:0x88a14] [DisplayControl] Enter MCCSOtherSet::GetVCP(), vcp code = 51
2025/10/22 05:25:51.230 [T:0x88a14] [DisplayControl] Exit MCCSOtherSet::GetVCP()
2025/10/22 05:25:51.332 [T:0x88a14] [DisplayControl] Enter MCCSOtherSet::GetVCP(), vcp code = 236
2025/10/22 05:25:51.418 [T:0x88a14] [DisplayControl] Exit MCCSOtherSet::GetVCP()
2025/10/22 05:25:51.520 [T:0x88a14] [DisplayControl] Enter MCCSOtherSet::GetVCP(), vcp code = 18
2025/10/22 05:25:51.605 [T:0x88a14] [DisplayControl] Exit MCCSOtherSet::GetVCP()
2025/10/22 05:25:51.707 [T:0x88a14] [DisplayControl] Enter MCCSOtherSet::GetVCP(), vcp code = 97
2025/10/22 05:25:51.793 [T:0x88a14] [DisplayControl] Exit MCCSOtherSet::GetVCP()
2025/10/22 05:25:51.895 [T:0x88a14] [DisplayControl] Enter MCCSOtherSet::GetVCP(), vcp code = 220
2025/10/22 05:25:51.980 [T:0x88a14] [DisplayControl] Exit MCCSOtherSet::GetVCP()
2025/10/22 05:25:52.082 [T:0x88a14] [DisplayControl] Enter MCCSOtherSet::GetVCP(), vcp code = 225
2025/10/22 05:25:52.168 [T:0x88a14] [DisplayControl] Exit MCCSOtherSet::GetVCP()
2025/10/22 05:25:52.270 [T:0x88a14] [DisplayControl] Enter MCCSOtherSet::GetVCP(), vcp code = 43
2025/10/22 05:25:52.356 [T:0x88a14] [DisplayControl] Exit MCCSOtherSet::GetVCP()
2025/10/22 05:25:52.458 [T:0x88a14] [DisplayControl] Enter MCCSOtherSet::GetVCP(), vcp code = 226
2025/10/22 05:25:52.544 [T:0x88a14] [DisplayControl] Exit MCCSOtherSet::GetVCP()
2025/10/22 05:25:52.646 [T:0x88a14] [DisplayControl] Enter MCCSOtherSet::GetVCP(), vcp code = 16
2025/10/22 05:25:52.731 [T:0x88a14] [DisplayControl] Exit MCCSOtherSet::GetVCP()
2025/10/22 05:25:52.833 [T:0x88a14] [DisplayControl] Enter MCCSOtherSet::GetVCP(), vcp code = 4
2025/10/22 05:25:52.919 [T:0x88a14] [DisplayControl] Exit MCCSOtherSet::GetVCP()
2025/10/22 05:25:53.020 [T:0x88a14] [DisplayControl] Enter MCCSOtherSet::GetVCP(), vcp code = 98
2025/10/22 05:25:53.106 [T:0x88a14] [DisplayControl] Exit MCCSOtherSet::GetVCP()
2025/10/22 05:25:53.208 [T:0x88a14] [DisplayControl] Enter MCCSOtherSet::GetVCP(), vcp code = 141
2025/10/22 05:25:53.294 [T:0x88a14] [DisplayControl] Exit MCCSOtherSet::GetVCP()
2025/10/22 05:25:53.395 [T:0x88a14] [DisplayControl] Enter MCCSOtherSet::GetVCP(), vcp code = 135
2025/10/22 05:25:53.481 [T:0x88a14] [DisplayControl] Exit MCCSOtherSet::GetVCP()
2025/10/22 05:25:53.583 [T:0x88a14] [DisplayControl] Enter MCCSOtherSet::GetVCP(), vcp code = 96
2025/10/22 05:25:53.669 [T:0x88a14] [DisplayControl] Exit MCCSOtherSet::GetVCP()
2025/10/22 05:25:53.780 [T:0x88a14] [DisplayControl] Enter MCCSOtherSet::SetVCP(), vcp code = 51
2025/10/22 05:25:53.951 [T:0x88a14] [DisplayControl] Exit MCCSOtherSet::SetVCP()
2025/10/22 05:25:53.993 [T:0x104ce] [DisplayControl] Enter MCCSOtherSet::GetVCP(), vcp code = 96
2025/10/22 05:25:54.110 [T:0x104ce] [DisplayControl] Exit MCCSOtherSet::GetVCP()
2025/10/22 05:27:43.597 [T:0x104ce] [DisplayControl] Enter OperationThread::ExitThread
2025/10/22 05:27:43.597 [T:0x104ce] [DisplayControl] Exit OperationThread::ExitThread
2025/10/22 05:27:43.597 [T:0x104ce] [DisplayControl] Enter OperationThread::~OperationThread()
2025/10/22 05:27:43.597 [T:0x104ce] [DisplayControl] Enter OperationThread::ExitThread
2025/10/22 05:27:43.597 [T:0x104ce] [DisplayControl] Enter OperationThread::ExitThread
2025/10/22 05:27:43.597 [T:0x104ce] [DisplayControl] Exit OperationThread::ExitThread
2025/10/22 05:27:43.597 [T:0x104ce] [DisplayControl] Enter OperationThread::~OperationThread()
2025/10/22 05:27:43.597 [T:0x104ce] [DisplayControl] Enter OperationThread::ExitThread
2025/10/22 05:27:43.691 [T:0x104ce] [DbgStr] After calling display_control_client_listener_video_port_.UpdateAllDisplayPath()
2025/10/22 05:27:43.706 [T:0x104ce] [DbgStr] After calling display_control_client_listener_.GetAllDisplayEDID()
2025/10/22 05:27:43.708 [T:0x104ce] [DisplayControl] Version = 3.0.6.0
2025/10/22 05:27:43.708 [T:0x104ce] [DisplayControl] Enter ObtainControlHandler1
2025/10/22 05:27:43.708 [T:0x104ce] [DisplayControl] GetVideoPortCommander
2025/10/22 05:27:43.708 [T:0x104ce] [DisplayControl] GetUSBHubCommander
2025/10/22 05:27:43.708 [T:0x104ce] ====== List p_lpo_display_info_video_port, # of devices is ======2
2025/10/22 05:27:43.708 [T:0x104ce] [DisplayControl] index of p_lpo_display_info_video_port0
2025/10/22 05:27:43.708 [T:0x104ce] [DisplayControl] Model name from VideoPort = VG2458
2025/10/22 05:27:43.708 [T:0x104ce] [DisplayControl] SN from VideoPort = YDJ243400006
2025/10/22 05:27:43.708 [T:0x104ce] [DisplayControl] index of p_lpo_display_info_video_port1
2025/10/22 05:27:43.708 [T:0x104ce] [DisplayControl] Model name from VideoPort = VG275
2025/10/22 05:27:43.708 [T:0x104ce] [DisplayControl] SN from VideoPort = XF6232400003
2025/10/22 05:27:43.708 [T:0x104ce] ====== List p_lpo_display_info_rtd_scalar_rts_hub, # of devices is ======0
2025/10/22 05:27:43.708 [T:0x104ce] [DisplayControl] GetVSRtkHubControlClientListener
2025/10/22 05:27:43.708 [T:0x104ce] [DisplayControl] max monitor count = 2
2025/10/22 05:27:43.708 [T:0x104ce] [DisplayControl] index of display_info_vec = 0
2025/10/22 05:27:43.708 [T:0x104ce] [DisplayControl] index of p_lpo_display_info_video_port = 0
2025/10/22 05:27:43.708 [T:0x104ce] [DisplayControl] VideoPortMatchingRule
2025/10/22 05:27:43.709 [T:0x104ce] [DisplayControl] monitor display_info_model_name = VG2458
2025/10/22 05:27:43.709 [T:0x104ce] [DisplayControl] monitor video_port_model_name = VG2458
2025/10/22 05:27:43.709 [T:0x104ce] [DisplayControl] monitor display_info_sn = YDJ243400006
2025/10/22 05:27:43.709 [T:0x104ce] [DisplayControl] monitor video_port_sn = YDJ243400006
2025/10/22 05:27:43.709 [T:0x104ce] [DisplayControl] model_name_match = 1
2025/10/22 05:27:43.709 [T:0x104ce] [DisplayControl] sn_match = 1
2025/10/22 05:27:43.709 [T:0x104ce] [DisplayControl] video_port is_match = 1
2025/10/22 05:27:43.709 [T:0x104ce] [DisplayControl] index of display_info_vec = 1
2025/10/22 05:27:43.709 [T:0x104ce] [DisplayControl] index of p_lpo_display_info_video_port = 0
2025/10/22 05:27:43.709 [T:0x104ce] [DisplayControl] VideoPortMatchingRule
2025/10/22 05:27:43.709 [T:0x104ce] [DisplayControl] monitor display_info_model_name = VG275
2025/10/22 05:27:43.709 [T:0x104ce] [DisplayControl] monitor video_port_model_name = VG2458
2025/10/22 05:27:43.709 [T:0x104ce] [DisplayControl] monitor display_info_sn = XF6232400003
2025/10/22 05:27:43.709 [T:0x104ce] [DisplayControl] monitor video_port_sn = YDJ243400006
2025/10/22 05:27:43.709 [T:0x104ce] [DisplayControl] model_name_match = 0
2025/10/22 05:27:43.709 [T:0x104ce] [DisplayControl] sn_match = 0
2025/10/22 05:27:43.709 [T:0x104ce] [DisplayControl] video_port is_match = 0
2025/10/22 05:27:43.709 [T:0x104ce] [DisplayControl] index of display_info_vec = 1
2025/10/22 05:27:43.709 [T:0x104ce] [DisplayControl] index of p_lpo_display_info_video_port = 1
2025/10/22 05:27:43.709 [T:0x104ce] [DisplayControl] VideoPortMatchingRule
2025/10/22 05:27:43.709 [T:0x104ce] [DisplayControl] monitor display_info_model_name = VG275
2025/10/22 05:27:43.709 [T:0x104ce] [DisplayControl] monitor video_port_model_name = VG275
2025/10/22 05:27:43.709 [T:0x104ce] [DisplayControl] monitor display_info_sn = XF6232400003
2025/10/22 05:27:43.709 [T:0x104ce] [DisplayControl] monitor video_port_sn = XF6232400003
2025/10/22 05:27:43.709 [T:0x104ce] [DisplayControl] model_name_match = 1
2025/10/22 05:27:43.709 [T:0x104ce] [DisplayControl] sn_match = 1
2025/10/22 05:27:43.709 [T:0x104ce] [DisplayControl] video_port is_match = 1
2025/10/22 05:27:43.709 [T:0x104ce] [DisplayControl] i = 0
2025/10/22 05:27:43.710 [T:0x104ce] [DisplayControl] Enter OperationThread::OperationThread()
2025/10/22 05:27:43.710 [T:0x104ce] [DisplayControl] Enter OperationThread::CreateThread
2025/10/22 05:27:43.710 [T:0x104ce] [DisplayControl] new DisplayFunctioner
2025/10/22 05:27:43.710 [T:0x104ce] [DisplayControl] insert displayer_vector
2025/10/22 05:27:43.710 [T:0x104ce] [DisplayControl] insert modelName_SN_to_Display_map
2025/10/22 05:27:43.710 [T:0x104ce] [DisplayControl] insert device_id_to_Displayer_map_
2025/10/22 05:27:43.710 [T:0x104ce] [DisplayControl] i = 1
2025/10/22 05:27:43.710 [T:0x104ce] [DisplayControl] Enter OperationThread::OperationThread()
2025/10/22 05:27:43.710 [T:0x104ce] [DisplayControl] Enter OperationThread::CreateThread
2025/10/22 05:27:43.710 [T:0x104ce] [DisplayControl] new DisplayFunctioner
2025/10/22 05:27:43.710 [T:0x104ce] [DisplayControl] insert displayer_vector
2025/10/22 05:27:43.710 [T:0x104ce] [DisplayControl] insert modelName_SN_to_Display_map
2025/10/22 05:27:43.710 [T:0x104ce] [DisplayControl] insert device_id_to_Displayer_map_
2025/10/22 05:27:43.710 [T:0x104ce] [DisplayControl] monitor size = 2
2025/10/22 05:27:43.710 [T:0x104ce] [DisplayControl] Exit ObtainControlHandler
2025/10/22 05:29:58.909 [T:0x104ce] [DisplayControl] Enter OperationThread::ExitThread
2025/10/22 05:29:58.909 [T:0x104ce] [DisplayControl] Exit OperationThread::ExitThread
2025/10/22 05:29:58.909 [T:0x104ce] [DisplayControl] Enter OperationThread::~OperationThread()
2025/10/22 05:29:58.909 [T:0x104ce] [DisplayControl] Enter OperationThread::ExitThread
2025/10/22 05:29:58.909 [T:0x104ce] [DisplayControl] Enter OperationThread::ExitThread
2025/10/22 05:29:58.909 [T:0x104ce] [DisplayControl] Exit OperationThread::ExitThread
2025/10/22 05:29:58.909 [T:0x104ce] [DisplayControl] Enter OperationThread::~OperationThread()
2025/10/22 05:29:58.909 [T:0x104ce] [DisplayControl] Enter OperationThread::ExitThread
2025/10/22 05:29:58.996 [T:0x104ce] [DbgStr] After calling display_control_client_listener_video_port_.UpdateAllDisplayPath()
2025/10/22 05:29:59.012 [T:0x104ce] [DbgStr] After calling display_control_client_listener_.GetAllDisplayEDID()
2025/10/22 05:29:59.015 [T:0x104ce] [DisplayControl] Version = 3.0.6.0
2025/10/22 05:29:59.015 [T:0x104ce] [DisplayControl] Enter ObtainControlHandler1
2025/10/22 05:29:59.015 [T:0x104ce] [DisplayControl] GetVideoPortCommander
2025/10/22 05:29:59.015 [T:0x104ce] [DisplayControl] GetUSBHubCommander
2025/10/22 05:29:59.015 [T:0x104ce] ====== List p_lpo_display_info_video_port, # of devices is ======2
2025/10/22 05:29:59.015 [T:0x104ce] [DisplayControl] index of p_lpo_display_info_video_port0
2025/10/22 05:29:59.015 [T:0x104ce] [DisplayControl] Model name from VideoPort = VG2458
2025/10/22 05:29:59.015 [T:0x104ce] [DisplayControl] SN from VideoPort = YDJ243400006
2025/10/22 05:29:59.015 [T:0x104ce] [DisplayControl] index of p_lpo_display_info_video_port1
2025/10/22 05:29:59.015 [T:0x104ce] [DisplayControl] Model name from VideoPort = VG275
2025/10/22 05:29:59.015 [T:0x104ce] [DisplayControl] SN from VideoPort = XF6232400003
2025/10/22 05:29:59.015 [T:0x104ce] ====== List p_lpo_display_info_rtd_scalar_rts_hub, # of devices is ======0
2025/10/22 05:29:59.015 [T:0x104ce] [DisplayControl] GetVSRtkHubControlClientListener
2025/10/22 05:29:59.015 [T:0x104ce] [DisplayControl] max monitor count = 2
2025/10/22 05:29:59.015 [T:0x104ce] [DisplayControl] index of display_info_vec = 0
2025/10/22 05:29:59.016 [T:0x104ce] [DisplayControl] index of p_lpo_display_info_video_port = 0
2025/10/22 05:29:59.016 [T:0x104ce] [DisplayControl] VideoPortMatchingRule
2025/10/22 05:29:59.016 [T:0x104ce] [DisplayControl] monitor display_info_model_name = VG2458
2025/10/22 05:29:59.016 [T:0x104ce] [DisplayControl] monitor video_port_model_name = VG2458
2025/10/22 05:29:59.016 [T:0x104ce] [DisplayControl] monitor display_info_sn = YDJ243400006
2025/10/22 05:29:59.016 [T:0x104ce] [DisplayControl] monitor video_port_sn = YDJ243400006
2025/10/22 05:29:59.016 [T:0x104ce] [DisplayControl] model_name_match = 1
2025/10/22 05:29:59.016 [T:0x104ce] [DisplayControl] sn_match = 1
2025/10/22 05:29:59.016 [T:0x104ce] [DisplayControl] video_port is_match = 1
2025/10/22 05:29:59.016 [T:0x104ce] [DisplayControl] index of display_info_vec = 1
2025/10/22 05:29:59.016 [T:0x104ce] [DisplayControl] index of p_lpo_display_info_video_port = 0
2025/10/22 05:29:59.016 [T:0x104ce] [DisplayControl] VideoPortMatchingRule
2025/10/22 05:29:59.016 [T:0x104ce] [DisplayControl] monitor display_info_model_name = VG275
2025/10/22 05:29:59.016 [T:0x104ce] [DisplayControl] monitor video_port_model_name = VG2458
2025/10/22 05:29:59.016 [T:0x104ce] [DisplayControl] monitor display_info_sn = XF6232400003
2025/10/22 05:29:59.016 [T:0x104ce] [DisplayControl] monitor video_port_sn = YDJ243400006
2025/10/22 05:29:59.016 [T:0x104ce] [DisplayControl] model_name_match = 0
2025/10/22 05:29:59.016 [T:0x104ce] [DisplayControl] sn_match = 0
2025/10/22 05:29:59.016 [T:0x104ce] [DisplayControl] video_port is_match = 0
2025/10/22 05:29:59.016 [T:0x104ce] [DisplayControl] index of display_info_vec = 1
2025/10/22 05:29:59.016 [T:0x104ce] [DisplayControl] index of p_lpo_display_info_video_port = 1
2025/10/22 05:29:59.016 [T:0x104ce] [DisplayControl] VideoPortMatchingRule
2025/10/22 05:29:59.016 [T:0x104ce] [DisplayControl] monitor display_info_model_name = VG275
2025/10/22 05:29:59.016 [T:0x104ce] [DisplayControl] monitor video_port_model_name = VG275
2025/10/22 05:29:59.016 [T:0x104ce] [DisplayControl] monitor display_info_sn = XF6232400003
2025/10/22 05:29:59.016 [T:0x104ce] [DisplayControl] monitor video_port_sn = XF6232400003
2025/10/22 05:29:59.016 [T:0x104ce] [DisplayControl] model_name_match = 1
2025/10/22 05:29:59.016 [T:0x104ce] [DisplayControl] sn_match = 1
2025/10/22 05:29:59.017 [T:0x104ce] [DisplayControl] video_port is_match = 1
2025/10/22 05:29:59.017 [T:0x104ce] [DisplayControl] i = 0
2025/10/22 05:29:59.017 [T:0x104ce] [DisplayControl] Enter OperationThread::OperationThread()
2025/10/22 05:29:59.017 [T:0x104ce] [DisplayControl] Enter OperationThread::CreateThread
2025/10/22 05:29:59.017 [T:0x104ce] [DisplayControl] new DisplayFunctioner
2025/10/22 05:29:59.017 [T:0x104ce] [DisplayControl] insert displayer_vector
2025/10/22 05:29:59.017 [T:0x104ce] [DisplayControl] insert modelName_SN_to_Display_map
2025/10/22 05:29:59.017 [T:0x104ce] [DisplayControl] insert device_id_to_Displayer_map_
2025/10/22 05:29:59.017 [T:0x104ce] [DisplayControl] i = 1
2025/10/22 05:29:59.017 [T:0x104ce] [DisplayControl] Enter OperationThread::OperationThread()
2025/10/22 05:29:59.017 [T:0x104ce] [DisplayControl] Enter OperationThread::CreateThread
2025/10/22 05:29:59.017 [T:0x104ce] [DisplayControl] new DisplayFunctioner
2025/10/22 05:29:59.017 [T:0x104ce] [DisplayControl] insert displayer_vector
2025/10/22 05:29:59.017 [T:0x104ce] [DisplayControl] insert modelName_SN_to_Display_map
2025/10/22 05:29:59.017 [T:0x104ce] [DisplayControl] insert device_id_to_Displayer_map_
2025/10/22 05:29:59.017 [T:0x104ce] [DisplayControl] monitor size = 2
2025/10/22 05:29:59.017 [T:0x104ce] [DisplayControl] Exit ObtainControlHandler
2025/10/22 05:32:00.556 [T:0x104ce] [DisplayControl] Enter OperationThread::ExitThread
2025/10/22 05:32:00.556 [T:0x104ce] [DisplayControl] Exit OperationThread::ExitThread
2025/10/22 05:32:00.556 [T:0x104ce] [DisplayControl] Enter OperationThread::~OperationThread()
2025/10/22 05:32:00.556 [T:0x104ce] [DisplayControl] Enter OperationThread::ExitThread
2025/10/22 05:32:00.556 [T:0x104ce] [DisplayControl] Enter OperationThread::ExitThread
2025/10/22 05:32:00.556 [T:0x104ce] [DisplayControl] Exit OperationThread::ExitThread
2025/10/22 05:32:00.556 [T:0x104ce] [DisplayControl] Enter OperationThread::~OperationThread()
2025/10/22 05:32:00.556 [T:0x104ce] [DisplayControl] Enter OperationThread::ExitThread
2025/10/22 05:32:00.576 [T:0x104ce] [DbgStr] After calling display_control_client_listener_video_port_.UpdateAllDisplayPath()
2025/10/22 05:32:00.590 [T:0x104ce] [DbgStr] After calling display_control_client_listener_.GetAllDisplayEDID()
2025/10/22 05:32:00.591 [T:0x104ce] [DisplayControl] Version = 3.0.6.0
2025/10/22 05:32:00.592 [T:0x104ce] [DisplayControl] Enter ObtainControlHandler1
2025/10/22 05:32:00.592 [T:0x104ce] [DisplayControl] GetVideoPortCommander
2025/10/22 05:32:00.592 [T:0x104ce] [DisplayControl] GetUSBHubCommander
2025/10/22 05:32:00.592 [T:0x104ce] ====== List p_lpo_display_info_video_port, # of devices is ======2
2025/10/22 05:32:00.592 [T:0x104ce] [DisplayControl] index of p_lpo_display_info_video_port0
2025/10/22 05:32:00.592 [T:0x104ce] [DisplayControl] Model name from VideoPort = VG2458
2025/10/22 05:32:00.592 [T:0x104ce] [DisplayControl] SN from VideoPort = YDJ243400006
2025/10/22 05:32:00.592 [T:0x104ce] [DisplayControl] index of p_lpo_display_info_video_port1
2025/10/22 05:32:00.592 [T:0x104ce] [DisplayControl] Model name from VideoPort = VG275
2025/10/22 05:32:00.592 [T:0x104ce] [DisplayControl] SN from VideoPort = XF6232400003
2025/10/22 05:32:00.592 [T:0x104ce] ====== List p_lpo_display_info_rtd_scalar_rts_hub, # of devices is ======0
2025/10/22 05:32:00.592 [T:0x104ce] [DisplayControl] GetVSRtkHubControlClientListener
2025/10/22 05:32:00.592 [T:0x104ce] [DisplayControl] max monitor count = 2
2025/10/22 05:32:00.592 [T:0x104ce] [DisplayControl] index of display_info_vec = 0
2025/10/22 05:32:00.592 [T:0x104ce] [DisplayControl] index of p_lpo_display_info_video_port = 0
2025/10/22 05:32:00.592 [T:0x104ce] [DisplayControl] VideoPortMatchingRule
2025/10/22 05:32:00.592 [T:0x104ce] [DisplayControl] monitor display_info_model_name = VG2458
2025/10/22 05:32:00.592 [T:0x104ce] [DisplayControl] monitor video_port_model_name = VG2458
2025/10/22 05:32:00.592 [T:0x104ce] [DisplayControl] monitor display_info_sn = YDJ243400006
2025/10/22 05:32:00.592 [T:0x104ce] [DisplayControl] monitor video_port_sn = YDJ243400006
2025/10/22 05:32:00.592 [T:0x104ce] [DisplayControl] model_name_match = 1
2025/10/22 05:32:00.592 [T:0x104ce] [DisplayControl] sn_match = 1
2025/10/22 05:32:00.592 [T:0x104ce] [DisplayControl] video_port is_match = 1
2025/10/22 05:32:00.592 [T:0x104ce] [DisplayControl] index of display_info_vec = 1
2025/10/22 05:32:00.592 [T:0x104ce] [DisplayControl] index of p_lpo_display_info_video_port = 0
2025/10/22 05:32:00.593 [T:0x104ce] [DisplayControl] VideoPortMatchingRule
2025/10/22 05:32:00.593 [T:0x104ce] [DisplayControl] monitor display_info_model_name = VG275
2025/10/22 05:32:00.593 [T:0x104ce] [DisplayControl] monitor video_port_model_name = VG2458
2025/10/22 05:32:00.593 [T:0x104ce] [DisplayControl] monitor display_info_sn = XF6232400003
2025/10/22 05:32:00.593 [T:0x104ce] [DisplayControl] monitor video_port_sn = YDJ243400006
2025/10/22 05:32:00.593 [T:0x104ce] [DisplayControl] model_name_match = 0
2025/10/22 05:32:00.593 [T:0x104ce] [DisplayControl] sn_match = 0
2025/10/22 05:32:00.593 [T:0x104ce] [DisplayControl] video_port is_match = 0
2025/10/22 05:32:00.593 [T:0x104ce] [DisplayControl] index of display_info_vec = 1
2025/10/22 05:32:00.593 [T:0x104ce] [DisplayControl] index of p_lpo_display_info_video_port = 1
2025/10/22 05:32:00.593 [T:0x104ce] [DisplayControl] VideoPortMatchingRule
2025/10/22 05:32:00.593 [T:0x104ce] [DisplayControl] monitor display_info_model_name = VG275
2025/10/22 05:32:00.593 [T:0x104ce] [DisplayControl] monitor video_port_model_name = VG275
2025/10/22 05:32:00.593 [T:0x104ce] [DisplayControl] monitor display_info_sn = XF6232400003
2025/10/22 05:32:00.593 [T:0x104ce] [DisplayControl] monitor video_port_sn = XF6232400003
2025/10/22 05:32:00.593 [T:0x104ce] [DisplayControl] model_name_match = 1
2025/10/22 05:32:00.593 [T:0x104ce] [DisplayControl] sn_match = 1
2025/10/22 05:32:00.593 [T:0x104ce] [DisplayControl] video_port is_match = 1
2025/10/22 05:32:00.593 [T:0x104ce] [DisplayControl] i = 0
2025/10/22 05:32:00.593 [T:0x104ce] [DisplayControl] Enter OperationThread::OperationThread()
2025/10/22 05:32:00.593 [T:0x104ce] [DisplayControl] Enter OperationThread::CreateThread
2025/10/22 05:32:00.593 [T:0x104ce] [DisplayControl] new DisplayFunctioner
2025/10/22 05:32:00.593 [T:0x104ce] [DisplayControl] insert displayer_vector
2025/10/22 05:32:00.593 [T:0x104ce] [DisplayControl] insert modelName_SN_to_Display_map
2025/10/22 05:32:00.593 [T:0x104ce] [DisplayControl] insert device_id_to_Displayer_map_
2025/10/22 05:32:00.593 [T:0x104ce] [DisplayControl] i = 1
2025/10/22 05:32:00.594 [T:0x104ce] [DisplayControl] Enter OperationThread::OperationThread()
2025/10/22 05:32:00.594 [T:0x104ce] [DisplayControl] Enter OperationThread::CreateThread
2025/10/22 05:32:00.594 [T:0x104ce] [DisplayControl] new DisplayFunctioner
2025/10/22 05:32:00.594 [T:0x104ce] [DisplayControl] insert displayer_vector
2025/10/22 05:32:00.594 [T:0x104ce] [DisplayControl] insert modelName_SN_to_Display_map
2025/10/22 05:32:00.594 [T:0x104ce] [DisplayControl] insert device_id_to_Displayer_map_
2025/10/22 05:32:00.594 [T:0x104ce] [DisplayControl] monitor size = 2
2025/10/22 05:32:00.594 [T:0x104ce] [DisplayControl] Exit ObtainControlHandler
2025/10/22 05:34:16.139 [T:0x104ce] [DisplayControl] Enter OperationThread::ExitThread
2025/10/22 05:34:16.139 [T:0x104ce] [DisplayControl] Exit OperationThread::ExitThread
2025/10/22 05:34:16.139 [T:0x104ce] [DisplayControl] Enter OperationThread::~OperationThread()
2025/10/22 05:34:16.139 [T:0x104ce] [DisplayControl] Enter OperationThread::ExitThread
2025/10/22 05:34:16.139 [T:0x104ce] [DisplayControl] Enter OperationThread::ExitThread
2025/10/22 05:34:16.139 [T:0x104ce] [DisplayControl] Exit OperationThread::ExitThread
2025/10/22 05:34:16.139 [T:0x104ce] [DisplayControl] Enter OperationThread::~OperationThread()
2025/10/22 05:34:16.139 [T:0x104ce] [DisplayControl] Enter OperationThread::ExitThread
2025/10/22 05:34:16.228 [T:0x104ce] [DbgStr] After calling display_control_client_listener_video_port_.UpdateAllDisplayPath()
2025/10/22 05:34:16.244 [T:0x104ce] [DbgStr] After calling display_control_client_listener_.GetAllDisplayEDID()
2025/10/22 05:34:16.247 [T:0x104ce] [DisplayControl] Version = 3.0.6.0
2025/10/22 05:34:16.247 [T:0x104ce] [DisplayControl] Enter ObtainControlHandler1
2025/10/22 05:34:16.247 [T:0x104ce] [DisplayControl] GetVideoPortCommander
2025/10/22 05:34:16.247 [T:0x104ce] [DisplayControl] GetUSBHubCommander
2025/10/22 05:34:16.247 [T:0x104ce] ====== List p_lpo_display_info_video_port, # of devices is ======2
2025/10/22 05:34:16.247 [T:0x104ce] [DisplayControl] index of p_lpo_display_info_video_port0
2025/10/22 05:34:16.248 [T:0x104ce] [DisplayControl] Model name from VideoPort = VG2458
2025/10/22 05:34:16.248 [T:0x104ce] [DisplayControl] SN from VideoPort = YDJ243400006
2025/10/22 05:34:16.248 [T:0x104ce] [DisplayControl] index of p_lpo_display_info_video_port1
2025/10/22 05:34:16.248 [T:0x104ce] [DisplayControl] Model name from VideoPort = VG275
2025/10/22 05:34:16.248 [T:0x104ce] [DisplayControl] SN from VideoPort = XF6232400003
2025/10/22 05:34:16.248 [T:0x104ce] ====== List p_lpo_display_info_rtd_scalar_rts_hub, # of devices is ======0
2025/10/22 05:34:16.248 [T:0x104ce] [DisplayControl] GetVSRtkHubControlClientListener
2025/10/22 05:34:16.248 [T:0x104ce] [DisplayControl] max monitor count = 2
2025/10/22 05:34:16.248 [T:0x104ce] [DisplayControl] index of display_info_vec = 0
2025/10/22 05:34:16.248 [T:0x104ce] [DisplayControl] index of p_lpo_display_info_video_port = 0
2025/10/22 05:34:16.248 [T:0x104ce] [DisplayControl] VideoPortMatchingRule
2025/10/22 05:34:16.248 [T:0x104ce] [DisplayControl] monitor display_info_model_name = VG2458
2025/10/22 05:34:16.248 [T:0x104ce] [DisplayControl] monitor video_port_model_name = VG2458
2025/10/22 05:34:16.248 [T:0x104ce] [DisplayControl] monitor display_info_sn = YDJ243400006
2025/10/22 05:34:16.248 [T:0x104ce] [DisplayControl] monitor video_port_sn = YDJ243400006
2025/10/22 05:34:16.248 [T:0x104ce] [DisplayControl] model_name_match = 1
2025/10/22 05:34:16.248 [T:0x104ce] [DisplayControl] sn_match = 1
2025/10/22 05:34:16.248 [T:0x104ce] [DisplayControl] video_port is_match = 1
2025/10/22 05:34:16.248 [T:0x104ce] [DisplayControl] index of display_info_vec = 1
2025/10/22 05:34:16.248 [T:0x104ce] [DisplayControl] index of p_lpo_display_info_video_port = 0
2025/10/22 05:34:16.248 [T:0x104ce] [DisplayControl] VideoPortMatchingRule
2025/10/22 05:34:16.248 [T:0x104ce] [DisplayControl] monitor display_info_model_name = VG275
2025/10/22 05:34:16.248 [T:0x104ce] [DisplayControl] monitor video_port_model_name = VG2458
2025/10/22 05:34:16.248 [T:0x104ce] [DisplayControl] monitor display_info_sn = XF6232400003
2025/10/22 05:34:16.248 [T:0x104ce] [DisplayControl] monitor video_port_sn = YDJ243400006
2025/10/22 05:34:16.248 [T:0x104ce] [DisplayControl] model_name_match = 0
2025/10/22 05:34:16.248 [T:0x104ce] [DisplayControl] sn_match = 0
2025/10/22 05:34:16.248 [T:0x104ce] [DisplayControl] video_port is_match = 0
2025/10/22 05:34:16.249 [T:0x104ce] [DisplayControl] index of display_info_vec = 1
2025/10/22 05:34:16.249 [T:0x104ce] [DisplayControl] index of p_lpo_display_info_video_port = 1
2025/10/22 05:34:16.249 [T:0x104ce] [DisplayControl] VideoPortMatchingRule
2025/10/22 05:34:16.249 [T:0x104ce] [DisplayControl] monitor display_info_model_name = VG275
2025/10/22 05:34:16.249 [T:0x104ce] [DisplayControl] monitor video_port_model_name = VG275
2025/10/22 05:34:16.249 [T:0x104ce] [DisplayControl] monitor display_info_sn = XF6232400003
2025/10/22 05:34:16.249 [T:0x104ce] [DisplayControl] monitor video_port_sn = XF6232400003
2025/10/22 05:34:16.249 [T:0x104ce] [DisplayControl] model_name_match = 1
2025/10/22 05:34:16.249 [T:0x104ce] [DisplayControl] sn_match = 1
2025/10/22 05:34:16.249 [T:0x104ce] [DisplayControl] video_port is_match = 1
2025/10/22 05:34:16.249 [T:0x104ce] [DisplayControl] i = 0
2025/10/22 05:34:16.249 [T:0x104ce] [DisplayControl] Enter OperationThread::OperationThread()
2025/10/22 05:34:16.249 [T:0x104ce] [DisplayControl] Enter OperationThread::CreateThread
2025/10/22 05:34:16.249 [T:0x104ce] [DisplayControl] new DisplayFunctioner
2025/10/22 05:34:16.249 [T:0x104ce] [DisplayControl] insert displayer_vector
2025/10/22 05:34:16.249 [T:0x104ce] [DisplayControl] insert modelName_SN_to_Display_map
2025/10/22 05:34:16.249 [T:0x104ce] [DisplayControl] insert device_id_to_Displayer_map_
2025/10/22 05:34:16.249 [T:0x104ce] [DisplayControl] i = 1
2025/10/22 05:34:16.249 [T:0x104ce] [DisplayControl] Enter OperationThread::OperationThread()
2025/10/22 05:34:16.249 [T:0x104ce] [DisplayControl] Enter OperationThread::CreateThread
2025/10/22 05:34:16.249 [T:0x104ce] [DisplayControl] new DisplayFunctioner
2025/10/22 05:34:16.249 [T:0x104ce] [DisplayControl] insert displayer_vector
2025/10/22 05:34:16.249 [T:0x104ce] [DisplayControl] insert modelName_SN_to_Display_map
2025/10/22 05:34:16.249 [T:0x104ce] [DisplayControl] insert device_id_to_Displayer_map_
2025/10/22 05:34:16.250 [T:0x104ce] [DisplayControl] monitor size = 2
2025/10/22 05:34:16.250 [T:0x104ce] [DisplayControl] Exit ObtainControlHandler
2025/10/22 05:36:31.868 [T:0x104ce] [DisplayControl] Enter OperationThread::ExitThread
2025/10/22 05:36:31.869 [T:0x104ce] [DisplayControl] Exit OperationThread::ExitThread
2025/10/22 05:36:31.869 [T:0x104ce] [DisplayControl] Enter OperationThread::~OperationThread()
2025/10/22 05:36:31.869 [T:0x104ce] [DisplayControl] Enter OperationThread::ExitThread
2025/10/22 05:36:31.869 [T:0x104ce] [DisplayControl] Enter OperationThread::ExitThread
2025/10/22 05:36:31.869 [T:0x104ce] [DisplayControl] Exit OperationThread::ExitThread
2025/10/22 05:36:31.869 [T:0x104ce] [DisplayControl] Enter OperationThread::~OperationThread()
2025/10/22 05:36:31.869 [T:0x104ce] [DisplayControl] Enter OperationThread::ExitThread
2025/10/22 05:36:31.958 [T:0x104ce] [DbgStr] After calling display_control_client_listener_video_port_.UpdateAllDisplayPath()
2025/10/22 05:36:31.974 [T:0x104ce] [DbgStr] After calling display_control_client_listener_.GetAllDisplayEDID()
2025/10/22 05:36:31.977 [T:0x104ce] [DisplayControl] Version = 3.0.6.0
2025/10/22 05:36:31.977 [T:0x104ce] [DisplayControl] Enter ObtainControlHandler1
2025/10/22 05:36:31.977 [T:0x104ce] [DisplayControl] GetVideoPortCommander
2025/10/22 05:36:31.977 [T:0x104ce] [DisplayControl] GetUSBHubCommander
2025/10/22 05:36:31.977 [T:0x104ce] ====== List p_lpo_display_info_video_port, # of devices is ======2
2025/10/22 05:36:31.977 [T:0x104ce] [DisplayControl] index of p_lpo_display_info_video_port0
2025/10/22 05:36:31.977 [T:0x104ce] [DisplayControl] Model name from VideoPort = VG2458
2025/10/22 05:36:31.977 [T:0x104ce] [DisplayControl] SN from VideoPort = YDJ243400006
2025/10/22 05:36:31.977 [T:0x104ce] [DisplayControl] index of p_lpo_display_info_video_port1
2025/10/22 05:36:31.977 [T:0x104ce] [DisplayControl] Model name from VideoPort = VG275
2025/10/22 05:36:31.977 [T:0x104ce] [DisplayControl] SN from VideoPort = XF6232400003
2025/10/22 05:36:31.977 [T:0x104ce] ====== List p_lpo_display_info_rtd_scalar_rts_hub, # of devices is ======0
2025/10/22 05:36:31.977 [T:0x104ce] [DisplayControl] GetVSRtkHubControlClientListener
2025/10/22 05:36:31.977 [T:0x104ce] [DisplayControl] max monitor count = 2
2025/10/22 05:36:31.977 [T:0x104ce] [DisplayControl] index of display_info_vec = 0
2025/10/22 05:36:31.977 [T:0x104ce] [DisplayControl] index of p_lpo_display_info_video_port = 0
2025/10/22 05:36:31.977 [T:0x104ce] [DisplayControl] VideoPortMatchingRule
2025/10/22 05:36:31.977 [T:0x104ce] [DisplayControl] monitor display_info_model_name = VG2458
2025/10/22 05:36:31.977 [T:0x104ce] [DisplayControl] monitor video_port_model_name = VG2458
2025/10/22 05:36:31.977 [T:0x104ce] [DisplayControl] monitor display_info_sn = YDJ243400006
2025/10/22 05:36:31.977 [T:0x104ce] [DisplayControl] monitor video_port_sn = YDJ243400006
2025/10/22 05:36:31.978 [T:0x104ce] [DisplayControl] model_name_match = 1
2025/10/22 05:36:31.978 [T:0x104ce] [DisplayControl] sn_match = 1
2025/10/22 05:36:31.978 [T:0x104ce] [DisplayControl] video_port is_match = 1
2025/10/22 05:36:31.978 [T:0x104ce] [DisplayControl] index of display_info_vec = 1
2025/10/22 05:36:31.978 [T:0x104ce] [DisplayControl] index of p_lpo_display_info_video_port = 0
2025/10/22 05:36:31.978 [T:0x104ce] [DisplayControl] VideoPortMatchingRule
2025/10/22 05:36:31.978 [T:0x104ce] [DisplayControl] monitor display_info_model_name = VG275
2025/10/22 05:36:31.978 [T:0x104ce] [DisplayControl] monitor video_port_model_name = VG2458
2025/10/22 05:36:31.978 [T:0x104ce] [DisplayControl] monitor display_info_sn = XF6232400003
2025/10/22 05:36:31.978 [T:0x104ce] [DisplayControl] monitor video_port_sn = YDJ243400006
2025/10/22 05:36:31.978 [T:0x104ce] [DisplayControl] model_name_match = 0
2025/10/22 05:36:31.978 [T:0x104ce] [DisplayControl] sn_match = 0
2025/10/22 05:36:31.978 [T:0x104ce] [DisplayControl] video_port is_match = 0
2025/10/22 05:36:31.978 [T:0x104ce] [DisplayControl] index of display_info_vec = 1
2025/10/22 05:36:31.978 [T:0x104ce] [DisplayControl] index of p_lpo_display_info_video_port = 1
2025/10/22 05:36:31.978 [T:0x104ce] [DisplayControl] VideoPortMatchingRule
2025/10/22 05:36:31.978 [T:0x104ce] [DisplayControl] monitor display_info_model_name = VG275
2025/10/22 05:36:31.978 [T:0x104ce] [DisplayControl] monitor video_port_model_name = VG275
2025/10/22 05:36:31.978 [T:0x104ce] [DisplayControl] monitor display_info_sn = XF6232400003
2025/10/22 05:36:31.978 [T:0x104ce] [DisplayControl] monitor video_port_sn = XF6232400003
2025/10/22 05:36:31.978 [T:0x104ce] [DisplayControl] model_name_match = 1
2025/10/22 05:36:31.978 [T:0x104ce] [DisplayControl] sn_match = 1
2025/10/22 05:36:31.978 [T:0x104ce] [DisplayControl] video_port is_match = 1
2025/10/22 05:36:31.978 [T:0x104ce] [DisplayControl] i = 0
2025/10/22 05:36:31.978 [T:0x104ce] [DisplayControl] Enter OperationThread::OperationThread()
2025/10/22 05:36:31.978 [T:0x104ce] [DisplayControl] Enter OperationThread::CreateThread
2025/10/22 05:36:31.979 [T:0x104ce] [DisplayControl] new DisplayFunctioner
2025/10/22 05:36:31.979 [T:0x104ce] [DisplayControl] insert displayer_vector
2025/10/22 05:36:31.979 [T:0x104ce] [DisplayControl] insert modelName_SN_to_Display_map
2025/10/22 05:36:31.979 [T:0x104ce] [DisplayControl] insert device_id_to_Displayer_map_
2025/10/22 05:36:31.979 [T:0x104ce] [DisplayControl] i = 1
2025/10/22 05:36:31.979 [T:0x104ce] [DisplayControl] Enter OperationThread::OperationThread()
2025/10/22 05:36:31.979 [T:0x104ce] [DisplayControl] Enter OperationThread::CreateThread
2025/10/22 05:36:31.979 [T:0x104ce] [DisplayControl] new DisplayFunctioner
2025/10/22 05:36:31.979 [T:0x104ce] [DisplayControl] insert displayer_vector
2025/10/22 05:36:31.979 [T:0x104ce] [DisplayControl] insert modelName_SN_to_Display_map
2025/10/22 05:36:31.979 [T:0x104ce] [DisplayControl] insert device_id_to_Displayer_map_
2025/10/22 05:36:31.979 [T:0x104ce] [DisplayControl] monitor size = 2
2025/10/22 05:36:31.979 [T:0x104ce] [DisplayControl] Exit ObtainControlHandler
2025/10/22 05:38:33.528 [T:0x104ce] [DisplayControl] Enter OperationThread::ExitThread
2025/10/22 05:38:33.528 [T:0x104ce] [DisplayControl] Exit OperationThread::ExitThread
2025/10/22 05:38:33.528 [T:0x104ce] [DisplayControl] Enter OperationThread::~OperationThread()
2025/10/22 05:38:33.528 [T:0x104ce] [DisplayControl] Enter OperationThread::ExitThread
2025/10/22 05:38:33.528 [T:0x104ce] [DisplayControl] Enter OperationThread::ExitThread
2025/10/22 05:38:33.528 [T:0x104ce] [DisplayControl] Exit OperationThread::ExitThread
2025/10/22 05:38:33.528 [T:0x104ce] [DisplayControl] Enter OperationThread::~OperationThread()
2025/10/22 05:38:33.528 [T:0x104ce] [DisplayControl] Enter OperationThread::ExitThread
2025/10/22 05:38:33.548 [T:0x104ce] [DbgStr] After calling display_control_client_listener_video_port_.UpdateAllDisplayPath()
2025/10/22 05:38:33.562 [T:0x104ce] [DbgStr] After calling display_control_client_listener_.GetAllDisplayEDID()
2025/10/22 05:38:33.575 [T:0x104ce] [DisplayControl] Version = 3.0.6.0
2025/10/22 05:38:33.575 [T:0x104ce] [DisplayControl] Enter ObtainControlHandler1
2025/10/22 05:38:33.576 [T:0x104ce] [DisplayControl] GetVideoPortCommander
2025/10/22 05:38:33.576 [T:0x104ce] [DisplayControl] GetUSBHubCommander
2025/10/22 05:38:33.576 [T:0x104ce] ====== List p_lpo_display_info_video_port, # of devices is ======2
2025/10/22 05:38:33.576 [T:0x104ce] [DisplayControl] index of p_lpo_display_info_video_port0
2025/10/22 05:38:33.576 [T:0x104ce] [DisplayControl] Model name from VideoPort = VG2458
2025/10/22 05:38:33.576 [T:0x104ce] [DisplayControl] SN from VideoPort = YDJ243400006
2025/10/22 05:38:33.576 [T:0x104ce] [DisplayControl] index of p_lpo_display_info_video_port1
2025/10/22 05:38:33.576 [T:0x104ce] [DisplayControl] Model name from VideoPort = VG275
2025/10/22 05:38:33.576 [T:0x104ce] [DisplayControl] SN from VideoPort = XF6232400003
2025/10/22 05:38:33.576 [T:0x104ce] ====== List p_lpo_display_info_rtd_scalar_rts_hub, # of devices is ======0
2025/10/22 05:38:33.576 [T:0x104ce] [DisplayControl] GetVSRtkHubControlClientListener
2025/10/22 05:38:33.576 [T:0x104ce] [DisplayControl] max monitor count = 2
2025/10/22 05:38:33.576 [T:0x104ce] [DisplayControl] index of display_info_vec = 0
2025/10/22 05:38:33.576 [T:0x104ce] [DisplayControl] index of p_lpo_display_info_video_port = 0
2025/10/22 05:38:33.576 [T:0x104ce] [DisplayControl] VideoPortMatchingRule
2025/10/22 05:38:33.576 [T:0x104ce] [DisplayControl] monitor display_info_model_name = VG2458
2025/10/22 05:38:33.576 [T:0x104ce] [DisplayControl] monitor video_port_model_name = VG2458
2025/10/22 05:38:33.576 [T:0x104ce] [DisplayControl] monitor display_info_sn = YDJ243400006
2025/10/22 05:38:33.576 [T:0x104ce] [DisplayControl] monitor video_port_sn = YDJ243400006
2025/10/22 05:38:33.576 [T:0x104ce] [DisplayControl] model_name_match = 1
2025/10/22 05:38:33.576 [T:0x104ce] [DisplayControl] sn_match = 1
2025/10/22 05:38:33.576 [T:0x104ce] [DisplayControl] video_port is_match = 1
2025/10/22 05:38:33.576 [T:0x104ce] [DisplayControl] index of display_info_vec = 1
2025/10/22 05:38:33.576 [T:0x104ce] [DisplayControl] index of p_lpo_display_info_video_port = 0
2025/10/22 05:38:33.576 [T:0x104ce] [DisplayControl] VideoPortMatchingRule
2025/10/22 05:38:33.576 [T:0x104ce] [DisplayControl] monitor display_info_model_name = VG275
2025/10/22 05:38:33.576 [T:0x104ce] [DisplayControl] monitor video_port_model_name = VG2458
2025/10/22 05:38:33.576 [T:0x104ce] [DisplayControl] monitor display_info_sn = XF6232400003
2025/10/22 05:38:33.577 [T:0x104ce] [DisplayControl] monitor video_port_sn = YDJ243400006
2025/10/22 05:38:33.577 [T:0x104ce] [DisplayControl] model_name_match = 0
2025/10/22 05:38:33.577 [T:0x104ce] [DisplayControl] sn_match = 0
2025/10/22 05:38:33.577 [T:0x104ce] [DisplayControl] video_port is_match = 0
2025/10/22 05:38:33.577 [T:0x104ce] [DisplayControl] index of display_info_vec = 1
2025/10/22 05:38:33.577 [T:0x104ce] [DisplayControl] index of p_lpo_display_info_video_port = 1
2025/10/22 05:38:33.577 [T:0x104ce] [DisplayControl] VideoPortMatchingRule
2025/10/22 05:38:33.577 [T:0x104ce] [DisplayControl] monitor display_info_model_name = VG275
2025/10/22 05:38:33.577 [T:0x104ce] [DisplayControl] monitor video_port_model_name = VG275
2025/10/22 05:38:33.577 [T:0x104ce] [DisplayControl] monitor display_info_sn = XF6232400003
2025/10/22 05:38:33.577 [T:0x104ce] [DisplayControl] monitor video_port_sn = XF6232400003
2025/10/22 05:38:33.577 [T:0x104ce] [DisplayControl] model_name_match = 1
2025/10/22 05:38:33.577 [T:0x104ce] [DisplayControl] sn_match = 1
2025/10/22 05:38:33.577 [T:0x104ce] [DisplayControl] video_port is_match = 1
2025/10/22 05:38:33.577 [T:0x104ce] [DisplayControl] i = 0
2025/10/22 05:38:33.577 [T:0x104ce] [DisplayControl] Enter OperationThread::OperationThread()
2025/10/22 05:38:33.577 [T:0x104ce] [DisplayControl] Enter OperationThread::CreateThread
2025/10/22 05:38:33.577 [T:0x104ce] [DisplayControl] new DisplayFunctioner
2025/10/22 05:38:33.577 [T:0x104ce] [DisplayControl] insert displayer_vector
2025/10/22 05:38:33.577 [T:0x104ce] [DisplayControl] insert modelName_SN_to_Display_map
2025/10/22 05:38:33.577 [T:0x104ce] [DisplayControl] insert device_id_to_Displayer_map_
2025/10/22 05:38:33.577 [T:0x104ce] [DisplayControl] i = 1
2025/10/22 05:38:33.577 [T:0x104ce] [DisplayControl] Enter OperationThread::OperationThread()
2025/10/22 05:38:33.577 [T:0x104ce] [DisplayControl] Enter OperationThread::CreateThread
2025/10/22 05:38:33.577 [T:0x104ce] [DisplayControl] new DisplayFunctioner
2025/10/22 05:38:33.578 [T:0x104ce] [DisplayControl] insert displayer_vector
2025/10/22 05:38:33.578 [T:0x104ce] [DisplayControl] insert modelName_SN_to_Display_map
2025/10/22 05:38:33.578 [T:0x104ce] [DisplayControl] insert device_id_to_Displayer_map_
2025/10/22 05:38:33.578 [T:0x104ce] [DisplayControl] monitor size = 2
2025/10/22 05:38:33.578 [T:0x104ce] [DisplayControl] Exit ObtainControlHandler
2025/10/22 05:40:38.185 [T:0x76677] [DisplayControl] Enter MCCSOtherSet::SetVCP(), vcp code = 16
2025/10/22 05:40:38.349 [T:0x76677] [DisplayControl] Exit MCCSOtherSet::SetVCP()
2025/10/22 05:42:11.400 [T:0x7a440] [DisplayControl] Enter MCCSOtherSet::SetVCP(), vcp code = 16
2025/10/22 05:42:11.610 [T:0x7a440] [DisplayControl] Exit MCCSOtherSet::SetVCP()
2025/10/22 05:43:42.682 [T:0x66e10] [DisplayControl] Enter MCCSOtherSet::SetVCP(), vcp code = 18
2025/10/22 05:43:42.891 [T:0x66e10] [DisplayControl] Exit MCCSOtherSet::SetVCP()
2025/10/22 05:45:14.863 [T:0xc94e0] [DisplayControl] Enter MCCSOtherSet::SetVCP(), vcp code = 18
2025/10/22 05:45:15.056 [T:0xc94e0] [DisplayControl] Exit MCCSOtherSet::SetVCP()
2025/10/22 05:46:47.145 [T:0x57d04] [DisplayControl] Enter MCCSOtherSet::SetVCP(), vcp code = 135
2025/10/22 05:46:47.339 [T:0x57d04] [DisplayControl] Exit MCCSOtherSet::SetVCP()
2025/10/22 05:48:19.343 [T:0x96b21] [DisplayControl] Enter MCCSOtherSet::SetVCP(), vcp code = 135
2025/10/22 05:48:19.536 [T:0x96b21] [DisplayControl] Exit MCCSOtherSet::SetVCP()
2025/10/22 05:49:51.497 [T:0x104ce] [DisplayControl] Enter MCCSOtherSet::SetVCP(), vcp code = 98
2025/10/22 05:49:52.031 [T:0x104ce] [DisplayControl] Exit MCCSOtherSet::SetVCP()
2025/10/22 05:49:52.140 [T:0xe4dcb] [DisplayControl] Enter MCCSOtherSet::SetVCP(), vcp code = 98
2025/10/22 05:49:52.334 [T:0xe4dcb] [DisplayControl] Exit MCCSOtherSet::SetVCP()
2025/10/22 05:51:23.696 [T:0x104ce] [DisplayControl] Enter MCCSOtherSet::SetVCP(), vcp code = 98
2025/10/22 05:51:23.908 [T:0x104ce] [DisplayControl] Exit MCCSOtherSet::SetVCP()
2025/10/22 05:51:24.021 [T:0x5754d] [DisplayControl] Enter MCCSOtherSet::SetVCP(), vcp code = 98
2025/10/22 05:51:24.215 [T:0x5754d] [DisplayControl] Exit MCCSOtherSet::SetVCP()
2025/10/22 05:52:59.604 [T:0xee752] [DisplayControl] Enter MCCSOtherSet::SetVCP(), vcp code = 220
2025/10/22 05:53:00.590 [T:0xee752] [DisplayControl] Exit MCCSOtherSet::SetVCP()
2025/10/22 05:53:06.212 [T:0xee752] [DisplayControl] Enter MCCSOtherSet::GetVCP(), vcp code = 18
2025/10/22 05:53:06.294 [T:0xee752] [DisplayControl] Exit MCCSOtherSet::GetVCP()
2025/10/22 05:53:07.009 [T:0xee752] [DisplayControl] Enter MCCSOtherSet::GetVCP(), vcp code = 20
2025/10/22 05:53:07.090 [T:0xee752] [DisplayControl] Exit MCCSOtherSet::GetVCP()
2025/10/22 05:53:07.806 [T:0xee752] [DisplayControl] Enter MCCSOtherSet::GetVCP(), vcp code = 16
2025/10/22 05:53:07.888 [T:0xee752] [DisplayControl] Exit MCCSOtherSet::GetVCP()
2025/10/22 05:53:08.602 [T:0xee752] [DisplayControl] Enter MCCSOtherSet::GetVCP(), vcp code = 135
2025/10/22 05:53:08.684 [T:0xee752] [DisplayControl] Exit MCCSOtherSet::GetVCP()
2025/10/22 05:54:53.123 [T:0xd738b] [DisplayControl] Enter MCCSOtherSet::SetVCP(), vcp code = 220
2025/10/22 05:54:54.094 [T:0xd738b] [DisplayControl] Exit MCCSOtherSet::SetVCP()
2025/10/22 05:54:59.716 [T:0xd738b] [DisplayControl] Enter MCCSOtherSet::GetVCP(), vcp code = 18
2025/10/22 05:54:59.798 [T:0xd738b] [DisplayControl] Exit MCCSOtherSet::GetVCP()
2025/10/22 05:55:00.513 [T:0xd738b] [DisplayControl] Enter MCCSOtherSet::GetVCP(), vcp code = 20
2025/10/22 05:55:00.595 [T:0xd738b] [DisplayControl] Exit MCCSOtherSet::GetVCP()
2025/10/22 05:55:01.310 [T:0xd738b] [DisplayControl] Enter MCCSOtherSet::GetVCP(), vcp code = 16
2025/10/22 05:55:01.391 [T:0xd738b] [DisplayControl] Exit MCCSOtherSet::GetVCP()
2025/10/22 05:55:02.107 [T:0xd738b] [DisplayControl] Enter MCCSOtherSet::GetVCP(), vcp code = 135
2025/10/22 05:55:02.188 [T:0xd738b] [DisplayControl] Exit MCCSOtherSet::GetVCP()
2025/10/22 05:56:46.555 [T:0x58256] [DisplayControl] Enter MCCSOtherSet::SetVCP(), vcp code = 220
2025/10/22 05:56:47.543 [T:0x58256] [DisplayControl] Exit MCCSOtherSet::SetVCP()
2025/10/22 05:56:53.164 [T:0x58256] [DisplayControl] Enter MCCSOtherSet::GetVCP(), vcp code = 18
2025/10/22 05:56:53.246 [T:0x58256] [DisplayControl] Exit MCCSOtherSet::GetVCP()
2025/10/22 05:56:53.961 [T:0x58256] [DisplayControl] Enter MCCSOtherSet::GetVCP(), vcp code = 20
2025/10/22 05:56:54.042 [T:0x58256] [DisplayControl] Exit MCCSOtherSet::GetVCP()
2025/10/22 05:56:54.758 [T:0x58256] [DisplayControl] Enter MCCSOtherSet::GetVCP(), vcp code = 16
2025/10/22 05:56:54.839 [T:0x58256] [DisplayControl] Exit MCCSOtherSet::GetVCP()
2025/10/22 05:56:55.555 [T:0x58256] [DisplayControl] Enter MCCSOtherSet::GetVCP(), vcp code = 135
2025/10/22 05:56:55.636 [T:0x58256] [DisplayControl] Exit MCCSOtherSet::GetVCP()
2025/10/22 05:58:40.021 [T:0x7d814] [DisplayControl] Enter MCCSOtherSet::SetVCP(), vcp code = 220
2025/10/22 05:58:40.992 [T:0x7d814] [DisplayControl] Exit MCCSOtherSet::SetVCP()
2025/10/22 05:58:46.614 [T:0x7d814] [DisplayControl] Enter MCCSOtherSet::GetVCP(), vcp code = 18
2025/10/22 05:58:46.696 [T:0x7d814] [DisplayControl] Exit MCCSOtherSet::GetVCP()
2025/10/22 05:58:47.411 [T:0x7d814] [DisplayControl] Enter MCCSOtherSet::GetVCP(), vcp code = 20
2025/10/22 05:58:47.493 [T:0x7d814] [DisplayControl] Exit MCCSOtherSet::GetVCP()
2025/10/22 05:58:48.207 [T:0x7d814] [DisplayControl] Enter MCCSOtherSet::GetVCP(), vcp code = 16
2025/10/22 05:58:48.290 [T:0x7d814] [DisplayControl] Exit MCCSOtherSet::GetVCP()
2025/10/22 05:58:49.004 [T:0x7d814] [DisplayControl] Enter MCCSOtherSet::GetVCP(), vcp code = 135
2025/10/22 05:58:49.086 [T:0x7d814] [DisplayControl] Exit MCCSOtherSet::GetVCP()
2025/10/22 06:00:33.542 [T:0x6acc0] [DisplayControl] Enter MCCSOtherSet::SetVCP(), vcp code = 220
2025/10/22 06:00:34.515 [T:0x6acc0] [DisplayControl] Exit MCCSOtherSet::SetVCP()
2025/10/22 06:00:40.132 [T:0x6acc0] [DisplayControl] Enter MCCSOtherSet::GetVCP(), vcp code = 18
2025/10/22 06:00:40.214 [T:0x6acc0] [DisplayControl] Exit MCCSOtherSet::GetVCP()
2025/10/22 06:00:40.921 [T:0x6acc0] [DisplayControl] Enter MCCSOtherSet::GetVCP(), vcp code = 20
2025/10/22 06:00:41.003 [T:0x6acc0] [DisplayControl] Exit MCCSOtherSet::GetVCP()
2025/10/22 06:00:41.718 [T:0x6acc0] [DisplayControl] Enter MCCSOtherSet::GetVCP(), vcp code = 16
2025/10/22 06:00:41.800 [T:0x6acc0] [DisplayControl] Exit MCCSOtherSet::GetVCP()
2025/10/22 06:00:42.515 [T:0x6acc0] [DisplayControl] Enter MCCSOtherSet::GetVCP(), vcp code = 135
2025/10/22 06:00:42.597 [T:0x6acc0] [DisplayControl] Exit MCCSOtherSet::GetVCP()
2025/10/22 06:02:27.058 [T:0x099c9] [DisplayControl] Enter MCCSOtherSet::SetVCP(), vcp code = 220
2025/10/22 06:02:28.046 [T:0x099c9] [DisplayControl] Exit MCCSOtherSet::SetVCP()
2025/10/22 06:02:33.667 [T:0x099c9] [DisplayControl] Enter MCCSOtherSet::GetVCP(), vcp code = 18
2025/10/22 06:02:33.748 [T:0x099c9] [DisplayControl] Exit MCCSOtherSet::GetVCP()
2025/10/22 06:02:34.464 [T:0x099c9] [DisplayControl] Enter MCCSOtherSet::GetVCP(), vcp code = 20
2025/10/22 06:02:34.546 [T:0x099c9] [DisplayControl] Exit MCCSOtherSet::GetVCP()
2025/10/22 06:02:35.261 [T:0x099c9] [DisplayControl] Enter MCCSOtherSet::GetVCP(), vcp code = 16
2025/10/22 06:02:35.342 [T:0x099c9] [DisplayControl] Exit MCCSOtherSet::GetVCP()
2025/10/22 06:02:36.058 [T:0x099c9] [DisplayControl] Enter MCCSOtherSet::GetVCP(), vcp code = 135
2025/10/22 06:02:36.139 [T:0x099c9] [DisplayControl] Exit MCCSOtherSet::GetVCP()
2025/10/22 06:04:20.550 [T:0xf1142] [DisplayControl] Enter MCCSOtherSet::SetVCP(), vcp code = 220
2025/10/22 06:04:21.522 [T:0xf1142] [DisplayControl] Exit MCCSOtherSet::SetVCP()
2025/10/22 06:04:27.144 [T:0xf1142] [DisplayControl] Enter MCCSOtherSet::GetVCP(), vcp code = 18
2025/10/22 06:04:27.225 [T:0xf1142] [DisplayControl] Exit MCCSOtherSet::GetVCP()
2025/10/22 06:04:27.941 [T:0xf1142] [DisplayControl] Enter MCCSOtherSet::GetVCP(), vcp code = 20
2025/10/22 06:04:28.023 [T:0xf1142] [DisplayControl] Exit MCCSOtherSet::GetVCP()
2025/10/22 06:04:28.737 [T:0xf1142] [DisplayControl] Enter MCCSOtherSet::GetVCP(), vcp code = 16
2025/10/22 06:04:28.819 [T:0xf1142] [DisplayControl] Exit MCCSOtherSet::GetVCP()
2025/10/22 06:04:29.534 [T:0xf1142] [DisplayControl] Enter MCCSOtherSet::GetVCP(), vcp code = 135
2025/10/22 06:04:29.616 [T:0xf1142] [DisplayControl] Exit MCCSOtherSet::GetVCP()
2025/10/22 06:06:14.006 [T:0xeeca4] [DisplayControl] Enter MCCSOtherSet::SetVCP(), vcp code = 220
2025/10/22 06:06:14.992 [T:0xeeca4] [DisplayControl] Exit MCCSOtherSet::SetVCP()
2025/10/22 06:06:20.614 [T:0xeeca4] [DisplayControl] Enter MCCSOtherSet::GetVCP(), vcp code = 18
2025/10/22 06:06:20.696 [T:0xeeca4] [DisplayControl] Exit MCCSOtherSet::GetVCP()
2025/10/22 06:06:21.411 [T:0xeeca4] [DisplayControl] Enter MCCSOtherSet::GetVCP(), vcp code = 20
2025/10/22 06:06:21.492 [T:0xeeca4] [DisplayControl] Exit MCCSOtherSet::GetVCP()
2025/10/22 06:06:22.207 [T:0xeeca4] [DisplayControl] Enter MCCSOtherSet::GetVCP(), vcp code = 16
2025/10/22 06:06:22.289 [T:0xeeca4] [DisplayControl] Exit MCCSOtherSet::GetVCP()
2025/10/22 06:06:23.004 [T:0xeeca4] [DisplayControl] Enter MCCSOtherSet::GetVCP(), vcp code = 135
2025/10/22 06:06:23.086 [T:0xeeca4] [DisplayControl] Exit MCCSOtherSet::GetVCP()
2025/10/22 06:08:07.498 [T:0xb2032] [DisplayControl] Enter MCCSOtherSet::SetVCP(), vcp code = 220
2025/10/22 06:08:08.486 [T:0xb2032] [DisplayControl] Exit MCCSOtherSet::SetVCP()
2025/10/22 06:08:14.107 [T:0xb2032] [DisplayControl] Enter MCCSOtherSet::GetVCP(), vcp code = 18
2025/10/22 06:08:14.189 [T:0xb2032] [DisplayControl] Exit MCCSOtherSet::GetVCP()
2025/10/22 06:08:14.904 [T:0xb2032] [DisplayControl] Enter MCCSOtherSet::GetVCP(), vcp code = 20
2025/10/22 06:08:14.985 [T:0xb2032] [DisplayControl] Exit MCCSOtherSet::GetVCP()
2025/10/22 06:08:15.701 [T:0xb2032] [DisplayControl] Enter MCCSOtherSet::GetVCP(), vcp code = 16
2025/10/22 06:08:15.782 [T:0xb2032] [DisplayControl] Exit MCCSOtherSet::GetVCP()
2025/10/22 06:08:16.497 [T:0xb2032] [DisplayControl] Enter MCCSOtherSet::GetVCP(), vcp code = 135
2025/10/22 06:08:16.579 [T:0xb2032] [DisplayControl] Exit MCCSOtherSet::GetVCP()
2025/10/22 06:10:00.941 [T:0xb88a0] [DisplayControl] Enter MCCSOtherSet::SetVCP(), vcp code = 220
2025/10/22 06:10:01.932 [T:0xb88a0] [DisplayControl] Exit MCCSOtherSet::SetVCP()
2025/10/22 06:10:07.552 [T:0xb88a0] [DisplayControl] Enter MCCSOtherSet::GetVCP(), vcp code = 18
2025/10/22 06:10:07.634 [T:0xb88a0] [DisplayControl] Exit MCCSOtherSet::GetVCP()
2025/10/22 06:10:08.349 [T:0xb88a0] [DisplayControl] Enter MCCSOtherSet::GetVCP(), vcp code = 20
2025/10/22 06:10:08.431 [T:0xb88a0] [DisplayControl] Exit MCCSOtherSet::GetVCP()
2025/10/22 06:10:09.146 [T:0xb88a0] [DisplayControl] Enter MCCSOtherSet::GetVCP(), vcp code = 16
2025/10/22 06:10:09.228 [T:0xb88a0] [DisplayControl] Exit MCCSOtherSet::GetVCP()
2025/10/22 06:10:09.943 [T:0xb88a0] [DisplayControl] Enter MCCSOtherSet::GetVCP(), vcp code = 135
2025/10/22 06:10:10.024 [T:0xb88a0] [DisplayControl] Exit MCCSOtherSet::GetVCP()
2025/10/22 06:11:54.438 [T:0x57d04] [DisplayControl] Enter MCCSOtherSet::SetVCP(), vcp code = 220
2025/10/22 06:11:55.423 [T:0x57d04] [DisplayControl] Exit MCCSOtherSet::SetVCP()
2025/10/22 06:12:01.045 [T:0x57d04] [DisplayControl] Enter MCCSOtherSet::GetVCP(), vcp code = 18
2025/10/22 06:12:01.126 [T:0x57d04] [DisplayControl] Exit MCCSOtherSet::GetVCP()
2025/10/22 06:12:01.842 [T:0x57d04] [DisplayControl] Enter MCCSOtherSet::GetVCP(), vcp code = 20
2025/10/22 06:12:01.924 [T:0x57d04] [DisplayControl] Exit MCCSOtherSet::GetVCP()
2025/10/22 06:12:02.639 [T:0x57d04] [DisplayControl] Enter MCCSOtherSet::GetVCP(), vcp code = 16
2025/10/22 06:12:02.720 [T:0x57d04] [DisplayControl] Exit MCCSOtherSet::GetVCP()
2025/10/22 06:12:03.435 [T:0x57d04] [DisplayControl] Enter MCCSOtherSet::GetVCP(), vcp code = 135
2025/10/22 06:12:03.517 [T:0x57d04] [DisplayControl] Exit MCCSOtherSet::GetVCP()
2025/10/22 06:13:47.878 [T:0xe5ce0] [DisplayControl] Enter MCCSOtherSet::SetVCP(), vcp code = 220
2025/10/22 06:13:48.864 [T:0xe5ce0] [DisplayControl] Exit MCCSOtherSet::SetVCP()
2025/10/22 06:13:54.486 [T:0xe5ce0] [DisplayControl] Enter MCCSOtherSet::GetVCP(), vcp code = 18
2025/10/22 06:13:54.568 [T:0xe5ce0] [DisplayControl] Exit MCCSOtherSet::GetVCP()
2025/10/22 06:13:55.283 [T:0xe5ce0] [DisplayControl] Enter MCCSOtherSet::GetVCP(), vcp code = 20
2025/10/22 06:13:55.365 [T:0xe5ce0] [DisplayControl] Exit MCCSOtherSet::GetVCP()
2025/10/22 06:13:56.080 [T:0xe5ce0] [DisplayControl] Enter MCCSOtherSet::GetVCP(), vcp code = 16
2025/10/22 06:13:56.162 [T:0xe5ce0] [DisplayControl] Exit MCCSOtherSet::GetVCP()
2025/10/22 06:13:56.877 [T:0xe5ce0] [DisplayControl] Enter MCCSOtherSet::GetVCP(), vcp code = 135
2025/10/22 06:13:56.959 [T:0xe5ce0] [DisplayControl] Exit MCCSOtherSet::GetVCP()
2025/10/22 06:15:41.356 [T:0x11645] [DisplayControl] Enter MCCSOtherSet::SetVCP(), vcp code = 220
2025/10/22 06:15:42.321 [T:0x11645] [DisplayControl] Exit MCCSOtherSet::SetVCP()
2025/10/22 06:15:47.935 [T:0x11645] [DisplayControl] Enter MCCSOtherSet::GetVCP(), vcp code = 18
2025/10/22 06:15:48.017 [T:0x11645] [DisplayControl] Exit MCCSOtherSet::GetVCP()
2025/10/22 06:15:48.732 [T:0x11645] [DisplayControl] Enter MCCSOtherSet::GetVCP(), vcp code = 20
2025/10/22 06:15:48.813 [T:0x11645] [DisplayControl] Exit MCCSOtherSet::GetVCP()
2025/10/22 06:15:49.529 [T:0x11645] [DisplayControl] Enter MCCSOtherSet::GetVCP(), vcp code = 16
2025/10/22 06:15:49.610 [T:0x11645] [DisplayControl] Exit MCCSOtherSet::GetVCP()
2025/10/22 06:15:50.326 [T:0x11645] [DisplayControl] Enter MCCSOtherSet::GetVCP(), vcp code = 135
2025/10/22 06:15:50.407 [T:0x11645] [DisplayControl] Exit MCCSOtherSet::GetVCP()
2025/10/22 06:17:49.155 [T:0x18789] [DisplayControl] Enter MCCSOtherSet::SetVCP(), vcp code = 4
2025/10/22 06:17:50.089 [T:0x18789] [DisplayControl] Exit MCCSOtherSet::SetVCP()
2025/10/22 06:17:55.207 [T:0x18789] [DisplayControl] Enter OperationThread::ExitThread
2025/10/22 06:17:55.207 [T:0x18789] [DisplayControl] Exit OperationThread::ExitThread
2025/10/22 06:17:55.207 [T:0x18789] [DisplayControl] Enter OperationThread::~OperationThread()
2025/10/22 06:17:55.207 [T:0x18789] [DisplayControl] Enter OperationThread::ExitThread
2025/10/22 06:17:55.207 [T:0x18789] [DisplayControl] Enter OperationThread::ExitThread
2025/10/22 06:17:55.208 [T:0x18789] [DisplayControl] Exit OperationThread::ExitThread
2025/10/22 06:17:55.208 [T:0x18789] [DisplayControl] Enter OperationThread::~OperationThread()
2025/10/22 06:17:55.208 [T:0x18789] [DisplayControl] Enter OperationThread::ExitThread
2025/10/22 06:17:55.229 [T:0x18789] [DbgStr] After calling display_control_client_listener_video_port_.UpdateAllDisplayPath()
2025/10/22 06:17:55.243 [T:0x18789] [DbgStr] After calling display_control_client_listener_.GetAllDisplayEDID()
2025/10/22 06:17:55.245 [T:0x18789] [DisplayControl] Version = 3.0.6.0
2025/10/22 06:17:55.245 [T:0x18789] [DisplayControl] Enter ObtainControlHandler1
2025/10/22 06:17:55.245 [T:0x18789] [DisplayControl] GetVideoPortCommander
2025/10/22 06:17:55.245 [T:0x18789] [DisplayControl] GetUSBHubCommander
2025/10/22 06:17:55.245 [T:0x18789] ====== List p_lpo_display_info_video_port, # of devices is ======2
2025/10/22 06:17:55.246 [T:0x18789] [DisplayControl] index of p_lpo_display_info_video_port0
2025/10/22 06:17:55.246 [T:0x18789] [DisplayControl] Model name from VideoPort = VG2458
2025/10/22 06:17:55.246 [T:0x18789] [DisplayControl] SN from VideoPort = YDJ243400006
2025/10/22 06:17:55.246 [T:0x18789] [DisplayControl] index of p_lpo_display_info_video_port1
2025/10/22 06:17:55.246 [T:0x18789] [DisplayControl] Model name from VideoPort = VG275
2025/10/22 06:17:55.246 [T:0x18789] [DisplayControl] SN from VideoPort = XF6232400003
2025/10/22 06:17:55.246 [T:0x18789] ====== List p_lpo_display_info_rtd_scalar_rts_hub, # of devices is ======0
2025/10/22 06:17:55.246 [T:0x18789] [DisplayControl] GetVSRtkHubControlClientListener
2025/10/22 06:17:55.246 [T:0x18789] [DisplayControl] max monitor count = 2
2025/10/22 06:17:55.246 [T:0x18789] [DisplayControl] index of display_info_vec = 0
2025/10/22 06:17:55.246 [T:0x18789] [DisplayControl] index of p_lpo_display_info_video_port = 0
2025/10/22 06:17:55.246 [T:0x18789] [DisplayControl] VideoPortMatchingRule
2025/10/22 06:17:55.246 [T:0x18789] [DisplayControl] monitor display_info_model_name = VG2458
2025/10/22 06:17:55.246 [T:0x18789] [DisplayControl] monitor video_port_model_name = VG2458
2025/10/22 06:17:55.246 [T:0x18789] [DisplayControl] monitor display_info_sn = YDJ243400006
2025/10/22 06:17:55.246 [T:0x18789] [DisplayControl] monitor video_port_sn = YDJ243400006
2025/10/22 06:17:55.246 [T:0x18789] [DisplayControl] model_name_match = 1
2025/10/22 06:17:55.246 [T:0x18789] [DisplayControl] sn_match = 1
2025/10/22 06:17:55.246 [T:0x18789] [DisplayControl] video_port is_match = 1
2025/10/22 06:17:55.246 [T:0x18789] [DisplayControl] index of display_info_vec = 1
2025/10/22 06:17:55.246 [T:0x18789] [DisplayControl] index of p_lpo_display_info_video_port = 0
2025/10/22 06:17:55.246 [T:0x18789] [DisplayControl] VideoPortMatchingRule
2025/10/22 06:17:55.246 [T:0x18789] [DisplayControl] monitor display_info_model_name = VG275
2025/10/22 06:17:55.246 [T:0x18789] [DisplayControl] monitor video_port_model_name = VG2458
2025/10/22 06:17:55.246 [T:0x18789] [DisplayControl] monitor display_info_sn = XF6232400003
2025/10/22 06:17:55.246 [T:0x18789] [DisplayControl] monitor video_port_sn = YDJ243400006
2025/10/22 06:17:55.247 [T:0x18789] [DisplayControl] model_name_match = 0
2025/10/22 06:17:55.247 [T:0x18789] [DisplayControl] sn_match = 0
2025/10/22 06:17:55.247 [T:0x18789] [DisplayControl] video_port is_match = 0
2025/10/22 06:17:55.247 [T:0x18789] [DisplayControl] index of display_info_vec = 1
2025/10/22 06:17:55.247 [T:0x18789] [DisplayControl] index of p_lpo_display_info_video_port = 1
2025/10/22 06:17:55.247 [T:0x18789] [DisplayControl] VideoPortMatchingRule
2025/10/22 06:17:55.247 [T:0x18789] [DisplayControl] monitor display_info_model_name = VG275
2025/10/22 06:17:55.247 [T:0x18789] [DisplayControl] monitor video_port_model_name = VG275
2025/10/22 06:17:55.247 [T:0x18789] [DisplayControl] monitor display_info_sn = XF6232400003
2025/10/22 06:17:55.247 [T:0x18789] [DisplayControl] monitor video_port_sn = XF6232400003
2025/10/22 06:17:55.247 [T:0x18789] [DisplayControl] model_name_match = 1
2025/10/22 06:17:55.247 [T:0x18789] [DisplayControl] sn_match = 1
2025/10/22 06:17:55.247 [T:0x18789] [DisplayControl] video_port is_match = 1
2025/10/22 06:17:55.247 [T:0x18789] [DisplayControl] i = 0
2025/10/22 06:17:55.247 [T:0x18789] [DisplayControl] Enter OperationThread::OperationThread()
2025/10/22 06:17:55.247 [T:0x18789] [DisplayControl] Enter OperationThread::CreateThread
2025/10/22 06:17:55.247 [T:0x18789] [DisplayControl] new DisplayFunctioner
2025/10/22 06:17:55.247 [T:0x18789] [DisplayControl] insert displayer_vector
2025/10/22 06:17:55.247 [T:0x18789] [DisplayControl] insert modelName_SN_to_Display_map
2025/10/22 06:17:55.247 [T:0x18789] [DisplayControl] insert device_id_to_Displayer_map_
2025/10/22 06:17:55.247 [T:0x18789] [DisplayControl] i = 1
2025/10/22 06:17:55.247 [T:0x18789] [DisplayControl] Enter OperationThread::OperationThread()
2025/10/22 06:17:55.247 [T:0x18789] [DisplayControl] Enter OperationThread::CreateThread
2025/10/22 06:17:55.247 [T:0x18789] [DisplayControl] new DisplayFunctioner
2025/10/22 06:17:55.248 [T:0x18789] [DisplayControl] insert displayer_vector
2025/10/22 06:17:55.248 [T:0x18789] [DisplayControl] insert modelName_SN_to_Display_map
2025/10/22 06:17:55.248 [T:0x18789] [DisplayControl] insert device_id_to_Displayer_map_
2025/10/22 06:17:55.248 [T:0x18789] [DisplayControl] monitor size = 2
2025/10/22 06:17:55.248 [T:0x18789] [DisplayControl] Exit ObtainControlHandler
2025/10/22 06:17:55.248 [T:0x18789] [DisplayControl] Enter MCCSOtherSet::GetVCP(), vcp code = 16
2025/10/22 06:17:55.319 [T:0x18789] [DisplayControl] Exit MCCSOtherSet::GetVCP()
2025/10/22 06:17:55.319 [T:0x18789] [DisplayControl] Enter MCCSOtherSet::GetVCP(), vcp code = 51
2025/10/22 06:17:55.460 [T:0x18789] [DisplayControl] Exit MCCSOtherSet::GetVCP()
2025/10/22 06:17:55.565 [T:0x18789] [DisplayControl] Enter MCCSOtherSet::GetVCP(), vcp code = 18
2025/10/22 06:17:55.647 [T:0x18789] [DisplayControl] Exit MCCSOtherSet::GetVCP()
2025/10/22 06:17:55.753 [T:0x18789] [DisplayControl] Enter MCCSOtherSet::GetVCP(), vcp code = 245
2025/10/22 06:17:55.834 [T:0x18789] [DisplayControl] Exit MCCSOtherSet::GetVCP()
2025/10/22 06:17:55.940 [T:0x18789] [DisplayControl] Enter MCCSOtherSet::GetVCP(), vcp code = 97
2025/10/22 06:17:56.022 [T:0x18789] [DisplayControl] Exit MCCSOtherSet::GetVCP()
2025/10/22 06:17:56.128 [T:0x18789] [DisplayControl] Enter MCCSOtherSet::GetVCP(), vcp code = 220
2025/10/22 06:17:56.210 [T:0x18789] [DisplayControl] Exit MCCSOtherSet::GetVCP()
2025/10/22 06:17:56.315 [T:0x18789] [DisplayControl] Enter MCCSOtherSet::GetVCP(), vcp code = 20
2025/10/22 06:17:56.397 [T:0x18789] [DisplayControl] Exit MCCSOtherSet::GetVCP()
2025/10/22 06:17:56.503 [T:0x18789] [DisplayControl] Enter MCCSOtherSet::GetVCP(), vcp code = 225
2025/10/22 06:17:56.585 [T:0x18789] [DisplayControl] Exit MCCSOtherSet::GetVCP()
2025/10/22 06:17:56.690 [T:0x18789] [DisplayControl] Enter MCCSOtherSet::GetVCP(), vcp code = 43
2025/10/22 06:17:56.772 [T:0x18789] [DisplayControl] Exit MCCSOtherSet::GetVCP()
2025/10/22 06:17:56.878 [T:0x18789] [DisplayControl] Enter MCCSOtherSet::GetVCP(), vcp code = 16
2025/10/22 06:17:56.959 [T:0x18789] [DisplayControl] Exit MCCSOtherSet::GetVCP()
2025/10/22 06:17:57.065 [T:0x18789] [DisplayControl] Enter MCCSOtherSet::GetVCP(), vcp code = 4
2025/10/22 06:17:57.147 [T:0x18789] [DisplayControl] Exit MCCSOtherSet::GetVCP()
2025/10/22 06:17:57.253 [T:0x18789] [DisplayControl] Enter MCCSOtherSet::GetVCP(), vcp code = 98
2025/10/22 06:17:57.334 [T:0x18789] [DisplayControl] Exit MCCSOtherSet::GetVCP()
2025/10/22 06:17:57.440 [T:0x18789] [DisplayControl] Enter MCCSOtherSet::GetVCP(), vcp code = 141
2025/10/22 06:17:57.523 [T:0x18789] [DisplayControl] Exit MCCSOtherSet::GetVCP()
2025/10/22 06:17:57.591 [T:0x104ce] [DisplayControl] Enter MCCSOtherSet::GetVCP(), vcp code = 96
2025/10/22 06:17:57.628 [T:0x18789] [DisplayControl] Enter MCCSOtherSet::GetVCP(), vcp code = 135
2025/10/22 06:17:57.671 [T:0x104ce] [DisplayControl] Exit MCCSOtherSet::GetVCP()
2025/10/22 06:17:57.844 [T:0x18789] [DisplayControl] Exit MCCSOtherSet::GetVCP()
2025/10/22 06:17:57.946 [T:0x18789] [DisplayControl] Enter MCCSOtherSet::GetVCP(), vcp code = 96
2025/10/22 06:17:58.126 [T:0x18789] [DisplayControl] Exit MCCSOtherSet::GetVCP()
2025/10/22 06:17:58.227 [T:0x18789] [DisplayControl] Enter MCCSOtherSet::GetVCP(), vcp code = 51
2025/10/22 06:17:58.315 [T:0x18789] [DisplayControl] Exit MCCSOtherSet::GetVCP()
2025/10/22 06:17:58.417 [T:0x18789] [DisplayControl] Enter MCCSOtherSet::GetVCP(), vcp code = 236
2025/10/22 06:17:58.503 [T:0x18789] [DisplayControl] Exit MCCSOtherSet::GetVCP()
2025/10/22 06:17:58.605 [T:0x18789] [DisplayControl] Enter MCCSOtherSet::GetVCP(), vcp code = 18
2025/10/22 06:17:58.690 [T:0x18789] [DisplayControl] Exit MCCSOtherSet::GetVCP()
2025/10/22 06:17:58.793 [T:0x18789] [DisplayControl] Enter MCCSOtherSet::GetVCP(), vcp code = 97
2025/10/22 06:17:58.878 [T:0x18789] [DisplayControl] Exit MCCSOtherSet::GetVCP()
2025/10/22 06:17:58.980 [T:0x18789] [DisplayControl] Enter MCCSOtherSet::GetVCP(), vcp code = 220
2025/10/22 06:17:59.065 [T:0x18789] [DisplayControl] Exit MCCSOtherSet::GetVCP()
2025/10/22 06:17:59.168 [T:0x18789] [DisplayControl] Enter MCCSOtherSet::GetVCP(), vcp code = 225
2025/10/22 06:17:59.253 [T:0x18789] [DisplayControl] Exit MCCSOtherSet::GetVCP()
2025/10/22 06:17:59.355 [T:0x18789] [DisplayControl] Enter MCCSOtherSet::GetVCP(), vcp code = 43
2025/10/22 06:17:59.440 [T:0x18789] [DisplayControl] Exit MCCSOtherSet::GetVCP()
2025/10/22 06:17:59.543 [T:0x18789] [DisplayControl] Enter MCCSOtherSet::GetVCP(), vcp code = 226
2025/10/22 06:17:59.628 [T:0x18789] [DisplayControl] Exit MCCSOtherSet::GetVCP()
2025/10/22 06:17:59.730 [T:0x18789] [DisplayControl] Enter MCCSOtherSet::GetVCP(), vcp code = 16
2025/10/22 06:17:59.816 [T:0x18789] [DisplayControl] Exit MCCSOtherSet::GetVCP()
2025/10/22 06:17:59.918 [T:0x18789] [DisplayControl] Enter MCCSOtherSet::GetVCP(), vcp code = 4
2025/10/22 06:18:00.003 [T:0x18789] [DisplayControl] Exit MCCSOtherSet::GetVCP()
2025/10/22 06:18:00.106 [T:0x18789] [DisplayControl] Enter MCCSOtherSet::GetVCP(), vcp code = 98
2025/10/22 06:18:00.191 [T:0x18789] [DisplayControl] Exit MCCSOtherSet::GetVCP()
2025/10/22 06:18:00.293 [T:0x18789] [DisplayControl] Enter MCCSOtherSet::GetVCP(), vcp code = 141
2025/10/22 06:18:00.378 [T:0x18789] [DisplayControl] Exit MCCSOtherSet::GetVCP()
2025/10/22 06:18:00.481 [T:0x18789] [DisplayControl] Enter MCCSOtherSet::GetVCP(), vcp code = 135
2025/10/22 06:18:00.566 [T:0x18789] [DisplayControl] Exit MCCSOtherSet::GetVCP()
2025/10/22 06:18:00.668 [T:0x18789] [DisplayControl] Enter MCCSOtherSet::GetVCP(), vcp code = 96
2025/10/22 06:18:00.753 [T:0x18789] [DisplayControl] Exit MCCSOtherSet::GetVCP()
2025/10/22 06:19:06.799 [T:0x29167] [DisplayControl] Enter MCCSOtherSet::SetVCP(), vcp code = 20
2025/10/22 06:19:06.988 [T:0x29167] [DisplayControl] Exit MCCSOtherSet::SetVCP()
2025/10/22 06:19:07.594 [T:0x29167] [DisplayControl] Enter MCCSOtherSet::GetVCP(), vcp code = 18
2025/10/22 06:19:07.676 [T:0x29167] [DisplayControl] Exit MCCSOtherSet::GetVCP()
2025/10/22 06:19:08.391 [T:0x29167] [DisplayControl] Enter MCCSOtherSet::GetVCP(), vcp code = 20
2025/10/22 06:19:08.473 [T:0x29167] [DisplayControl] Exit MCCSOtherSet::GetVCP()
2025/10/22 06:19:09.188 [T:0x29167] [DisplayControl] Enter MCCSOtherSet::GetVCP(), vcp code = 16
2025/10/22 06:19:09.270 [T:0x29167] [DisplayControl] Exit MCCSOtherSet::GetVCP()
2025/10/22 06:19:09.985 [T:0x29167] [DisplayControl] Enter MCCSOtherSet::GetVCP(), vcp code = 135
2025/10/22 06:19:10.066 [T:0x29167] [DisplayControl] Exit MCCSOtherSet::GetVCP()
2025/10/22 06:20:54.109 [T:0x9bcc3] [DisplayControl] Enter MCCSOtherSet::SetVCP(), vcp code = 20
2025/10/22 06:20:54.298 [T:0x9bcc3] [DisplayControl] Exit MCCSOtherSet::SetVCP()
2025/10/22 06:20:54.904 [T:0x9bcc3] [DisplayControl] Enter MCCSOtherSet::GetVCP(), vcp code = 18
2025/10/22 06:20:54.986 [T:0x9bcc3] [DisplayControl] Exit MCCSOtherSet::GetVCP()
2025/10/22 06:20:55.701 [T:0x9bcc3] [DisplayControl] Enter MCCSOtherSet::GetVCP(), vcp code = 20
2025/10/22 06:20:55.783 [T:0x9bcc3] [DisplayControl] Exit MCCSOtherSet::GetVCP()
2025/10/22 06:20:56.498 [T:0x9bcc3] [DisplayControl] Enter MCCSOtherSet::GetVCP(), vcp code = 16
2025/10/22 06:20:56.579 [T:0x9bcc3] [DisplayControl] Exit MCCSOtherSet::GetVCP()
2025/10/22 06:20:57.294 [T:0x9bcc3] [DisplayControl] Enter MCCSOtherSet::GetVCP(), vcp code = 135
2025/10/22 06:20:57.376 [T:0x9bcc3] [DisplayControl] Exit MCCSOtherSet::GetVCP()
2025/10/22 06:22:41.322 [T:0xc4f60] [DisplayControl] Enter MCCSOtherSet::SetVCP(), vcp code = 20
2025/10/22 06:22:41.528 [T:0xc4f60] [DisplayControl] Exit MCCSOtherSet::SetVCP()
2025/10/22 06:22:42.133 [T:0xc4f60] [DisplayControl] Enter MCCSOtherSet::GetVCP(), vcp code = 18
2025/10/22 06:22:42.215 [T:0xc4f60] [DisplayControl] Exit MCCSOtherSet::GetVCP()
2025/10/22 06:22:42.930 [T:0xc4f60] [DisplayControl] Enter MCCSOtherSet::GetVCP(), vcp code = 20
2025/10/22 06:22:43.012 [T:0xc4f60] [DisplayControl] Exit MCCSOtherSet::GetVCP()
2025/10/22 06:22:43.727 [T:0xc4f60] [DisplayControl] Enter MCCSOtherSet::GetVCP(), vcp code = 16
2025/10/22 06:22:43.809 [T:0xc4f60] [DisplayControl] Exit MCCSOtherSet::GetVCP()
2025/10/22 06:22:44.524 [T:0xc4f60] [DisplayControl] Enter MCCSOtherSet::GetVCP(), vcp code = 135
2025/10/22 06:22:44.605 [T:0xc4f60] [DisplayControl] Exit MCCSOtherSet::GetVCP()
2025/10/22 06:24:28.622 [T:0xeaedb] [DisplayControl] Enter MCCSOtherSet::SetVCP(), vcp code = 20
2025/10/22 06:24:28.827 [T:0xeaedb] [DisplayControl] Exit MCCSOtherSet::SetVCP()
2025/10/22 06:24:29.432 [T:0xeaedb] [DisplayControl] Enter MCCSOtherSet::GetVCP(), vcp code = 18
2025/10/22 06:24:29.514 [T:0xeaedb] [DisplayControl] Exit MCCSOtherSet::GetVCP()
2025/10/22 06:24:30.229 [T:0xeaedb] [DisplayControl] Enter MCCSOtherSet::GetVCP(), vcp code = 20
2025/10/22 06:24:30.311 [T:0xeaedb] [DisplayControl] Exit MCCSOtherSet::GetVCP()
2025/10/22 06:24:31.026 [T:0xeaedb] [DisplayControl] Enter MCCSOtherSet::GetVCP(), vcp code = 16
2025/10/22 06:24:31.108 [T:0xeaedb] [DisplayControl] Exit MCCSOtherSet::GetVCP()
2025/10/22 06:24:31.823 [T:0xeaedb] [DisplayControl] Enter MCCSOtherSet::GetVCP(), vcp code = 135
2025/10/22 06:24:31.905 [T:0xeaedb] [DisplayControl] Exit MCCSOtherSet::GetVCP()
2025/10/22 06:26:15.884 [T:0xe934b] [DisplayControl] Enter MCCSOtherSet::SetVCP(), vcp code = 20
2025/10/22 06:26:16.073 [T:0xe934b] [DisplayControl] Exit MCCSOtherSet::SetVCP()
2025/10/22 06:26:16.679 [T:0xe934b] [DisplayControl] Enter MCCSOtherSet::GetVCP(), vcp code = 18
2025/10/22 06:26:16.761 [T:0xe934b] [DisplayControl] Exit MCCSOtherSet::GetVCP()
2025/10/22 06:26:17.476 [T:0xe934b] [DisplayControl] Enter MCCSOtherSet::GetVCP(), vcp code = 20
2025/10/22 06:26:17.558 [T:0xe934b] [DisplayControl] Exit MCCSOtherSet::GetVCP()
2025/10/22 06:26:18.273 [T:0xe934b] [DisplayControl] Enter MCCSOtherSet::GetVCP(), vcp code = 16
2025/10/22 06:26:18.354 [T:0xe934b] [DisplayControl] Exit MCCSOtherSet::GetVCP()
2025/10/22 06:26:19.070 [T:0xe934b] [DisplayControl] Enter MCCSOtherSet::GetVCP(), vcp code = 135
2025/10/22 06:26:19.151 [T:0xe934b] [DisplayControl] Exit MCCSOtherSet::GetVCP()
2025/10/22 06:28:20.636 [T:0x1a0ec] [DisplayControl] Enter MCCSOtherSet::SetVCP(), vcp code = 4
2025/10/22 06:28:21.570 [T:0x1a0ec] [DisplayControl] Exit MCCSOtherSet::SetVCP()
2025/10/22 06:28:26.689 [T:0x1a0ec] [DisplayControl] Enter OperationThread::ExitThread
2025/10/22 06:28:26.690 [T:0x1a0ec] [DisplayControl] Exit OperationThread::ExitThread
2025/10/22 06:28:26.690 [T:0x1a0ec] [DisplayControl] Enter OperationThread::~OperationThread()
2025/10/22 06:28:26.690 [T:0x1a0ec] [DisplayControl] Enter OperationThread::ExitThread
2025/10/22 06:28:26.690 [T:0x1a0ec] [DisplayControl] Enter OperationThread::ExitThread
2025/10/22 06:28:26.690 [T:0x1a0ec] [DisplayControl] Exit OperationThread::ExitThread
2025/10/22 06:28:26.690 [T:0x1a0ec] [DisplayControl] Enter OperationThread::~OperationThread()
2025/10/22 06:28:26.690 [T:0x1a0ec] [DisplayControl] Enter OperationThread::ExitThread
2025/10/22 06:28:26.710 [T:0x1a0ec] [DbgStr] After calling display_control_client_listener_video_port_.UpdateAllDisplayPath()
2025/10/22 06:28:26.723 [T:0x1a0ec] [DbgStr] After calling display_control_client_listener_.GetAllDisplayEDID()
2025/10/22 06:28:26.725 [T:0x1a0ec] [DisplayControl] Version = 3.0.6.0
2025/10/22 06:28:26.725 [T:0x1a0ec] [DisplayControl] Enter ObtainControlHandler1
2025/10/22 06:28:26.725 [T:0x1a0ec] [DisplayControl] GetVideoPortCommander
2025/10/22 06:28:26.725 [T:0x1a0ec] [DisplayControl] GetUSBHubCommander
2025/10/22 06:28:26.725 [T:0x1a0ec] ====== List p_lpo_display_info_video_port, # of devices is ======2
2025/10/22 06:28:26.725 [T:0x1a0ec] [DisplayControl] index of p_lpo_display_info_video_port0
2025/10/22 06:28:26.725 [T:0x1a0ec] [DisplayControl] Model name from VideoPort = VG2458
2025/10/22 06:28:26.725 [T:0x1a0ec] [DisplayControl] SN from VideoPort = YDJ243400006
2025/10/22 06:28:26.725 [T:0x1a0ec] [DisplayControl] index of p_lpo_display_info_video_port1
2025/10/22 06:28:26.725 [T:0x1a0ec] [DisplayControl] Model name from VideoPort = VG275
2025/10/22 06:28:26.725 [T:0x1a0ec] [DisplayControl] SN from VideoPort = XF6232400003
2025/10/22 06:28:26.725 [T:0x1a0ec] ====== List p_lpo_display_info_rtd_scalar_rts_hub, # of devices is ======0
2025/10/22 06:28:26.725 [T:0x1a0ec] [DisplayControl] GetVSRtkHubControlClientListener
2025/10/22 06:28:26.725 [T:0x1a0ec] [DisplayControl] max monitor count = 2
2025/10/22 06:28:26.725 [T:0x1a0ec] [DisplayControl] index of display_info_vec = 0
2025/10/22 06:28:26.725 [T:0x1a0ec] [DisplayControl] index of p_lpo_display_info_video_port = 0
2025/10/22 06:28:26.725 [T:0x1a0ec] [DisplayControl] VideoPortMatchingRule
2025/10/22 06:28:26.725 [T:0x1a0ec] [DisplayControl] monitor display_info_model_name = VG2458
2025/10/22 06:28:26.726 [T:0x1a0ec] [DisplayControl] monitor video_port_model_name = VG2458
2025/10/22 06:28:26.726 [T:0x1a0ec] [DisplayControl] monitor display_info_sn = YDJ243400006
2025/10/22 06:28:26.726 [T:0x1a0ec] [DisplayControl] monitor video_port_sn = YDJ243400006
2025/10/22 06:28:26.726 [T:0x1a0ec] [DisplayControl] model_name_match = 1
2025/10/22 06:28:26.726 [T:0x1a0ec] [DisplayControl] sn_match = 1
2025/10/22 06:28:26.726 [T:0x1a0ec] [DisplayControl] video_port is_match = 1
2025/10/22 06:28:26.726 [T:0x1a0ec] [DisplayControl] index of display_info_vec = 1
2025/10/22 06:28:26.726 [T:0x1a0ec] [DisplayControl] index of p_lpo_display_info_video_port = 0
2025/10/22 06:28:26.726 [T:0x1a0ec] [DisplayControl] VideoPortMatchingRule
2025/10/22 06:28:26.726 [T:0x1a0ec] [DisplayControl] monitor display_info_model_name = VG275
2025/10/22 06:28:26.726 [T:0x1a0ec] [DisplayControl] monitor video_port_model_name = VG2458
2025/10/22 06:28:26.726 [T:0x1a0ec] [DisplayControl] monitor display_info_sn = XF6232400003
2025/10/22 06:28:26.726 [T:0x1a0ec] [DisplayControl] monitor video_port_sn = YDJ243400006
2025/10/22 06:28:26.726 [T:0x1a0ec] [DisplayControl] model_name_match = 0
2025/10/22 06:28:26.726 [T:0x1a0ec] [DisplayControl] sn_match = 0
2025/10/22 06:28:26.726 [T:0x1a0ec] [DisplayControl] video_port is_match = 0
2025/10/22 06:28:26.726 [T:0x1a0ec] [DisplayControl] index of display_info_vec = 1
2025/10/22 06:28:26.726 [T:0x1a0ec] [DisplayControl] index of p_lpo_display_info_video_port = 1
2025/10/22 06:28:26.726 [T:0x1a0ec] [DisplayControl] VideoPortMatchingRule
2025/10/22 06:28:26.726 [T:0x1a0ec] [DisplayControl] monitor display_info_model_name = VG275
2025/10/22 06:28:26.726 [T:0x1a0ec] [DisplayControl] monitor video_port_model_name = VG275
2025/10/22 06:28:26.726 [T:0x1a0ec] [DisplayControl] monitor display_info_sn = XF6232400003
2025/10/22 06:28:26.726 [T:0x1a0ec] [DisplayControl] monitor video_port_sn = XF6232400003
2025/10/22 06:28:26.726 [T:0x1a0ec] [DisplayControl] model_name_match = 1
2025/10/22 06:28:26.726 [T:0x1a0ec] [DisplayControl] sn_match = 1
2025/10/22 06:28:26.726 [T:0x1a0ec] [DisplayControl] video_port is_match = 1
2025/10/22 06:28:26.727 [T:0x1a0ec] [DisplayControl] i = 0
2025/10/22 06:28:26.727 [T:0x1a0ec] [DisplayControl] Enter OperationThread::OperationThread()
2025/10/22 06:28:26.727 [T:0x1a0ec] [DisplayControl] Enter OperationThread::CreateThread
2025/10/22 06:28:26.727 [T:0x1a0ec] [DisplayControl] new DisplayFunctioner
2025/10/22 06:28:26.727 [T:0x1a0ec] [DisplayControl] insert displayer_vector
2025/10/22 06:28:26.727 [T:0x1a0ec] [DisplayControl] insert modelName_SN_to_Display_map
2025/10/22 06:28:26.727 [T:0x1a0ec] [DisplayControl] insert device_id_to_Displayer_map_
2025/10/22 06:28:26.727 [T:0x1a0ec] [DisplayControl] i = 1
2025/10/22 06:28:26.727 [T:0x1a0ec] [DisplayControl] Enter OperationThread::OperationThread()
2025/10/22 06:28:26.727 [T:0x1a0ec] [DisplayControl] Enter OperationThread::CreateThread
2025/10/22 06:28:26.727 [T:0x1a0ec] [DisplayControl] new DisplayFunctioner
2025/10/22 06:28:26.727 [T:0x1a0ec] [DisplayControl] insert displayer_vector
2025/10/22 06:28:26.727 [T:0x1a0ec] [DisplayControl] insert modelName_SN_to_Display_map
2025/10/22 06:28:26.727 [T:0x1a0ec] [DisplayControl] insert device_id_to_Displayer_map_
2025/10/22 06:28:26.727 [T:0x1a0ec] [DisplayControl] monitor size = 2
2025/10/22 06:28:26.727 [T:0x1a0ec] [DisplayControl] Exit ObtainControlHandler
2025/10/22 06:28:26.727 [T:0x1a0ec] [DisplayControl] Enter MCCSOtherSet::GetVCP(), vcp code = 16
2025/10/22 06:28:26.801 [T:0x1a0ec] [DisplayControl] Exit MCCSOtherSet::GetVCP()
2025/10/22 06:28:26.802 [T:0x1a0ec] [DisplayControl] Enter MCCSOtherSet::GetVCP(), vcp code = 51
2025/10/22 06:28:26.942 [T:0x1a0ec] [DisplayControl] Exit MCCSOtherSet::GetVCP()
2025/10/22 06:28:27.048 [T:0x1a0ec] [DisplayControl] Enter MCCSOtherSet::GetVCP(), vcp code = 18
2025/10/22 06:28:27.129 [T:0x1a0ec] [DisplayControl] Exit MCCSOtherSet::GetVCP()
2025/10/22 06:28:27.236 [T:0x1a0ec] [DisplayControl] Enter MCCSOtherSet::GetVCP(), vcp code = 245
2025/10/22 06:28:27.317 [T:0x1a0ec] [DisplayControl] Exit MCCSOtherSet::GetVCP()
2025/10/22 06:28:27.423 [T:0x1a0ec] [DisplayControl] Enter MCCSOtherSet::GetVCP(), vcp code = 97
2025/10/22 06:28:27.505 [T:0x1a0ec] [DisplayControl] Exit MCCSOtherSet::GetVCP()
2025/10/22 06:28:27.611 [T:0x1a0ec] [DisplayControl] Enter MCCSOtherSet::GetVCP(), vcp code = 220
2025/10/22 06:28:27.693 [T:0x1a0ec] [DisplayControl] Exit MCCSOtherSet::GetVCP()
2025/10/22 06:28:27.798 [T:0x1a0ec] [DisplayControl] Enter MCCSOtherSet::GetVCP(), vcp code = 20
2025/10/22 06:28:27.880 [T:0x1a0ec] [DisplayControl] Exit MCCSOtherSet::GetVCP()
2025/10/22 06:28:27.986 [T:0x1a0ec] [DisplayControl] Enter MCCSOtherSet::GetVCP(), vcp code = 225
2025/10/22 06:28:28.067 [T:0x1a0ec] [DisplayControl] Exit MCCSOtherSet::GetVCP()
2025/10/22 06:28:28.173 [T:0x1a0ec] [DisplayControl] Enter MCCSOtherSet::GetVCP(), vcp code = 43
2025/10/22 06:28:28.254 [T:0x1a0ec] [DisplayControl] Exit MCCSOtherSet::GetVCP()
2025/10/22 06:28:28.361 [T:0x1a0ec] [DisplayControl] Enter MCCSOtherSet::GetVCP(), vcp code = 16
2025/10/22 06:28:28.442 [T:0x1a0ec] [DisplayControl] Exit MCCSOtherSet::GetVCP()
2025/10/22 06:28:28.548 [T:0x1a0ec] [DisplayControl] Enter MCCSOtherSet::GetVCP(), vcp code = 4
2025/10/22 06:28:28.629 [T:0x1a0ec] [DisplayControl] Exit MCCSOtherSet::GetVCP()
2025/10/22 06:28:28.735 [T:0x1a0ec] [DisplayControl] Enter MCCSOtherSet::GetVCP(), vcp code = 98
2025/10/22 06:28:28.817 [T:0x1a0ec] [DisplayControl] Exit MCCSOtherSet::GetVCP()
2025/10/22 06:28:28.923 [T:0x1a0ec] [DisplayControl] Enter MCCSOtherSet::GetVCP(), vcp code = 141
2025/10/22 06:28:29.005 [T:0x1a0ec] [DisplayControl] Exit MCCSOtherSet::GetVCP()
2025/10/22 06:28:29.058 [T:0x104ce] [DisplayControl] Enter MCCSOtherSet::GetVCP(), vcp code = 96
2025/10/22 06:28:29.111 [T:0x1a0ec] [DisplayControl] Enter MCCSOtherSet::GetVCP(), vcp code = 135
2025/10/22 06:28:29.155 [T:0x104ce] [DisplayControl] Exit MCCSOtherSet::GetVCP()
2025/10/22 06:28:29.329 [T:0x1a0ec] [DisplayControl] Exit MCCSOtherSet::GetVCP()
2025/10/22 06:28:29.431 [T:0x1a0ec] [DisplayControl] Enter MCCSOtherSet::GetVCP(), vcp code = 96
2025/10/22 06:28:29.646 [T:0x1a0ec] [DisplayControl] Exit MCCSOtherSet::GetVCP()
2025/10/22 06:28:29.747 [T:0x1a0ec] [DisplayControl] Enter MCCSOtherSet::GetVCP(), vcp code = 51
2025/10/22 06:28:29.833 [T:0x1a0ec] [DisplayControl] Exit MCCSOtherSet::GetVCP()
2025/10/22 06:28:29.935 [T:0x1a0ec] [DisplayControl] Enter MCCSOtherSet::GetVCP(), vcp code = 236
2025/10/22 06:28:30.021 [T:0x1a0ec] [DisplayControl] Exit MCCSOtherSet::GetVCP()
2025/10/22 06:28:30.122 [T:0x1a0ec] [DisplayControl] Enter MCCSOtherSet::GetVCP(), vcp code = 18
2025/10/22 06:28:30.208 [T:0x1a0ec] [DisplayControl] Exit MCCSOtherSet::GetVCP()
2025/10/22 06:28:30.310 [T:0x1a0ec] [DisplayControl] Enter MCCSOtherSet::GetVCP(), vcp code = 97
2025/10/22 06:28:30.396 [T:0x1a0ec] [DisplayControl] Exit MCCSOtherSet::GetVCP()
2025/10/22 06:28:30.498 [T:0x1a0ec] [DisplayControl] Enter MCCSOtherSet::GetVCP(), vcp code = 220
2025/10/22 06:28:30.583 [T:0x1a0ec] [DisplayControl] Exit MCCSOtherSet::GetVCP()
2025/10/22 06:28:30.685 [T:0x1a0ec] [DisplayControl] Enter MCCSOtherSet::GetVCP(), vcp code = 225
2025/10/22 06:28:30.771 [T:0x1a0ec] [DisplayControl] Exit MCCSOtherSet::GetVCP()
2025/10/22 06:28:30.873 [T:0x1a0ec] [DisplayControl] Enter MCCSOtherSet::GetVCP(), vcp code = 43
2025/10/22 06:28:30.958 [T:0x1a0ec] [DisplayControl] Exit MCCSOtherSet::GetVCP()
2025/10/22 06:28:31.060 [T:0x1a0ec] [DisplayControl] Enter MCCSOtherSet::GetVCP(), vcp code = 226
2025/10/22 06:28:31.145 [T:0x1a0ec] [DisplayControl] Exit MCCSOtherSet::GetVCP()
2025/10/22 06:28:31.248 [T:0x1a0ec] [DisplayControl] Enter MCCSOtherSet::GetVCP(), vcp code = 16
2025/10/22 06:28:31.333 [T:0x1a0ec] [DisplayControl] Exit MCCSOtherSet::GetVCP()
2025/10/22 06:28:31.435 [T:0x1a0ec] [DisplayControl] Enter MCCSOtherSet::GetVCP(), vcp code = 4
2025/10/22 06:28:31.520 [T:0x1a0ec] [DisplayControl] Exit MCCSOtherSet::GetVCP()
2025/10/22 06:28:31.623 [T:0x1a0ec] [DisplayControl] Enter MCCSOtherSet::GetVCP(), vcp code = 98
2025/10/22 06:28:31.708 [T:0x1a0ec] [DisplayControl] Exit MCCSOtherSet::GetVCP()
2025/10/22 06:28:31.810 [T:0x1a0ec] [DisplayControl] Enter MCCSOtherSet::GetVCP(), vcp code = 141
2025/10/22 06:28:31.896 [T:0x1a0ec] [DisplayControl] Exit MCCSOtherSet::GetVCP()
2025/10/22 06:28:31.998 [T:0x1a0ec] [DisplayControl] Enter MCCSOtherSet::GetVCP(), vcp code = 135
2025/10/22 06:28:32.083 [T:0x1a0ec] [DisplayControl] Exit MCCSOtherSet::GetVCP()
2025/10/22 06:28:32.185 [T:0x1a0ec] [DisplayControl] Enter MCCSOtherSet::GetVCP(), vcp code = 96
2025/10/22 06:28:32.271 [T:0x1a0ec] [DisplayControl] Exit MCCSOtherSet::GetVCP()
2025/10/22 06:29:38.040 [T:0x104ce] [DisplayControl] Enter MCCSOtherSet::GetVCP(), vcp code = 96
2025/10/22 06:29:38.145 [T:0x104ce] [DisplayControl] Exit MCCSOtherSet::GetVCP()
2025/10/22 06:29:38.382 [T:0xb6521] [DisplayControl] Enter MCCSOtherSet::GetVCP(), vcp code = 51
2025/10/22 06:29:38.465 [T:0xb6521] [DisplayControl] Exit MCCSOtherSet::GetVCP()
2025/10/22 06:29:38.578 [T:0xb6521] [DisplayControl] Enter MCCSOtherSet::GetVCP(), vcp code = 236
2025/10/22 06:29:38.695 [T:0xb6521] [DisplayControl] Exit MCCSOtherSet::GetVCP()
2025/10/22 06:29:38.797 [T:0xb6521] [DisplayControl] Enter MCCSOtherSet::GetVCP(), vcp code = 18
2025/10/22 06:29:38.883 [T:0xb6521] [DisplayControl] Exit MCCSOtherSet::GetVCP()
2025/10/22 06:29:38.984 [T:0xb6521] [DisplayControl] Enter MCCSOtherSet::GetVCP(), vcp code = 97
2025/10/22 06:29:39.070 [T:0xb6521] [DisplayControl] Exit MCCSOtherSet::GetVCP()
2025/10/22 06:29:39.172 [T:0xb6521] [DisplayControl] Enter MCCSOtherSet::GetVCP(), vcp code = 220
2025/10/22 06:29:39.258 [T:0xb6521] [DisplayControl] Exit MCCSOtherSet::GetVCP()
2025/10/22 06:29:39.359 [T:0xb6521] [DisplayControl] Enter MCCSOtherSet::GetVCP(), vcp code = 225
2025/10/22 06:29:39.445 [T:0xb6521] [DisplayControl] Exit MCCSOtherSet::GetVCP()
2025/10/22 06:29:39.547 [T:0xb6521] [DisplayControl] Enter MCCSOtherSet::GetVCP(), vcp code = 43
2025/10/22 06:29:39.632 [T:0xb6521] [DisplayControl] Exit MCCSOtherSet::GetVCP()
2025/10/22 06:29:39.734 [T:0xb6521] [DisplayControl] Enter MCCSOtherSet::GetVCP(), vcp code = 226
2025/10/22 06:29:39.820 [T:0xb6521] [DisplayControl] Exit MCCSOtherSet::GetVCP()
2025/10/22 06:29:39.922 [T:0xb6521] [DisplayControl] Enter MCCSOtherSet::GetVCP(), vcp code = 16
2025/10/22 06:29:40.007 [T:0xb6521] [DisplayControl] Exit MCCSOtherSet::GetVCP()
2025/10/22 06:29:40.109 [T:0xb6521] [DisplayControl] Enter MCCSOtherSet::GetVCP(), vcp code = 4
2025/10/22 06:29:40.195 [T:0xb6521] [DisplayControl] Exit MCCSOtherSet::GetVCP()
2025/10/22 06:29:40.297 [T:0xb6521] [DisplayControl] Enter MCCSOtherSet::GetVCP(), vcp code = 98
2025/10/22 06:29:40.382 [T:0xb6521] [DisplayControl] Exit MCCSOtherSet::GetVCP()
2025/10/22 06:29:40.484 [T:0xb6521] [DisplayControl] Enter MCCSOtherSet::GetVCP(), vcp code = 141
2025/10/22 06:29:40.570 [T:0xb6521] [DisplayControl] Exit MCCSOtherSet::GetVCP()
2025/10/22 06:29:40.672 [T:0xb6521] [DisplayControl] Enter MCCSOtherSet::GetVCP(), vcp code = 135
2025/10/22 06:29:40.757 [T:0xb6521] [DisplayControl] Exit MCCSOtherSet::GetVCP()
2025/10/22 06:29:40.859 [T:0xb6521] [DisplayControl] Enter MCCSOtherSet::GetVCP(), vcp code = 96
2025/10/22 06:29:40.944 [T:0xb6521] [DisplayControl] Exit MCCSOtherSet::GetVCP()
2025/10/22 06:29:53.831 [T:0xb6521] [DisplayControl] Enter MCCSOtherSet::SetVCP(), vcp code = 4
2025/10/22 06:29:54.772 [T:0xb6521] [DisplayControl] Exit MCCSOtherSet::SetVCP()
2025/10/22 06:29:59.890 [T:0xb6521] [DisplayControl] Enter OperationThread::ExitThread
2025/10/22 06:29:59.890 [T:0xb6521] [DisplayControl] Exit OperationThread::ExitThread
2025/10/22 06:29:59.891 [T:0xb6521] [DisplayControl] Enter OperationThread::~OperationThread()
2025/10/22 06:29:59.891 [T:0xb6521] [DisplayControl] Enter OperationThread::ExitThread
2025/10/22 06:29:59.891 [T:0xb6521] [DisplayControl] Enter OperationThread::ExitThread
2025/10/22 06:29:59.891 [T:0xb6521] [DisplayControl] Exit OperationThread::ExitThread
2025/10/22 06:29:59.891 [T:0xb6521] [DisplayControl] Enter OperationThread::~OperationThread()
2025/10/22 06:29:59.891 [T:0xb6521] [DisplayControl] Enter OperationThread::ExitThread
2025/10/22 06:29:59.911 [T:0xb6521] [DbgStr] After calling display_control_client_listener_video_port_.UpdateAllDisplayPath()
2025/10/22 06:29:59.926 [T:0xb6521] [DbgStr] After calling display_control_client_listener_.GetAllDisplayEDID()
2025/10/22 06:29:59.927 [T:0xb6521] [DisplayControl] Version = 3.0.6.0
2025/10/22 06:29:59.927 [T:0xb6521] [DisplayControl] Enter ObtainControlHandler1
2025/10/22 06:29:59.927 [T:0xb6521] [DisplayControl] GetVideoPortCommander
2025/10/22 06:29:59.928 [T:0xb6521] [DisplayControl] GetUSBHubCommander
2025/10/22 06:29:59.928 [T:0xb6521] ====== List p_lpo_display_info_video_port, # of devices is ======2
2025/10/22 06:29:59.928 [T:0xb6521] [DisplayControl] index of p_lpo_display_info_video_port0
2025/10/22 06:29:59.928 [T:0xb6521] [DisplayControl] Model name from VideoPort = VG2458
2025/10/22 06:29:59.928 [T:0xb6521] [DisplayControl] SN from VideoPort = YDJ243400006
2025/10/22 06:29:59.928 [T:0xb6521] [DisplayControl] index of p_lpo_display_info_video_port1
2025/10/22 06:29:59.928 [T:0xb6521] [DisplayControl] Model name from VideoPort = VG275
2025/10/22 06:29:59.928 [T:0xb6521] [DisplayControl] SN from VideoPort = XF6232400003
2025/10/22 06:29:59.928 [T:0xb6521] ====== List p_lpo_display_info_rtd_scalar_rts_hub, # of devices is ======0
2025/10/22 06:29:59.928 [T:0xb6521] [DisplayControl] GetVSRtkHubControlClientListener
2025/10/22 06:29:59.928 [T:0xb6521] [DisplayControl] max monitor count = 2
2025/10/22 06:29:59.928 [T:0xb6521] [DisplayControl] index of display_info_vec = 0
2025/10/22 06:29:59.928 [T:0xb6521] [DisplayControl] index of p_lpo_display_info_video_port = 0
2025/10/22 06:29:59.928 [T:0xb6521] [DisplayControl] VideoPortMatchingRule
2025/10/22 06:29:59.928 [T:0xb6521] [DisplayControl] monitor display_info_model_name = VG2458
2025/10/22 06:29:59.928 [T:0xb6521] [DisplayControl] monitor video_port_model_name = VG2458
2025/10/22 06:29:59.928 [T:0xb6521] [DisplayControl] monitor display_info_sn = YDJ243400006
2025/10/22 06:29:59.928 [T:0xb6521] [DisplayControl] monitor video_port_sn = YDJ243400006
2025/10/22 06:29:59.928 [T:0xb6521] [DisplayControl] model_name_match = 1
2025/10/22 06:29:59.928 [T:0xb6521] [DisplayControl] sn_match = 1
2025/10/22 06:29:59.928 [T:0xb6521] [DisplayControl] video_port is_match = 1
2025/10/22 06:29:59.928 [T:0xb6521] [DisplayControl] index of display_info_vec = 1
2025/10/22 06:29:59.928 [T:0xb6521] [DisplayControl] index of p_lpo_display_info_video_port = 0
2025/10/22 06:29:59.928 [T:0xb6521] [DisplayControl] VideoPortMatchingRule
2025/10/22 06:29:59.928 [T:0xb6521] [DisplayControl] monitor display_info_model_name = VG275
2025/10/22 06:29:59.928 [T:0xb6521] [DisplayControl] monitor video_port_model_name = VG2458
2025/10/22 06:29:59.928 [T:0xb6521] [DisplayControl] monitor display_info_sn = XF6232400003
2025/10/22 06:29:59.928 [T:0xb6521] [DisplayControl] monitor video_port_sn = YDJ243400006
2025/10/22 06:29:59.929 [T:0xb6521] [DisplayControl] model_name_match = 0
2025/10/22 06:29:59.929 [T:0xb6521] [DisplayControl] sn_match = 0
2025/10/22 06:29:59.929 [T:0xb6521] [DisplayControl] video_port is_match = 0
2025/10/22 06:29:59.929 [T:0xb6521] [DisplayControl] index of display_info_vec = 1
2025/10/22 06:29:59.929 [T:0xb6521] [DisplayControl] index of p_lpo_display_info_video_port = 1
2025/10/22 06:29:59.929 [T:0xb6521] [DisplayControl] VideoPortMatchingRule
2025/10/22 06:29:59.929 [T:0xb6521] [DisplayControl] monitor display_info_model_name = VG275
2025/10/22 06:29:59.929 [T:0xb6521] [DisplayControl] monitor video_port_model_name = VG275
2025/10/22 06:29:59.929 [T:0xb6521] [DisplayControl] monitor display_info_sn = XF6232400003
2025/10/22 06:29:59.929 [T:0xb6521] [DisplayControl] monitor video_port_sn = XF6232400003
2025/10/22 06:29:59.929 [T:0xb6521] [DisplayControl] model_name_match = 1
2025/10/22 06:29:59.929 [T:0xb6521] [DisplayControl] sn_match = 1
2025/10/22 06:29:59.929 [T:0xb6521] [DisplayControl] video_port is_match = 1
2025/10/22 06:29:59.929 [T:0xb6521] [DisplayControl] i = 0
2025/10/22 06:29:59.929 [T:0xb6521] [DisplayControl] Enter OperationThread::OperationThread()
2025/10/22 06:29:59.929 [T:0xb6521] [DisplayControl] Enter OperationThread::CreateThread
2025/10/22 06:29:59.929 [T:0xb6521] [DisplayControl] new DisplayFunctioner
2025/10/22 06:29:59.929 [T:0xb6521] [DisplayControl] insert displayer_vector
2025/10/22 06:29:59.929 [T:0xb6521] [DisplayControl] insert modelName_SN_to_Display_map
2025/10/22 06:29:59.929 [T:0xb6521] [DisplayControl] insert device_id_to_Displayer_map_
2025/10/22 06:29:59.929 [T:0xb6521] [DisplayControl] i = 1
2025/10/22 06:29:59.929 [T:0xb6521] [DisplayControl] Enter OperationThread::OperationThread()
2025/10/22 06:29:59.929 [T:0xb6521] [DisplayControl] Enter OperationThread::CreateThread
2025/10/22 06:29:59.929 [T:0xb6521] [DisplayControl] new DisplayFunctioner
2025/10/22 06:29:59.930 [T:0xb6521] [DisplayControl] insert displayer_vector
2025/10/22 06:29:59.930 [T:0xb6521] [DisplayControl] insert modelName_SN_to_Display_map
2025/10/22 06:29:59.930 [T:0xb6521] [DisplayControl] insert device_id_to_Displayer_map_
2025/10/22 06:29:59.930 [T:0xb6521] [DisplayControl] monitor size = 2
2025/10/22 06:29:59.930 [T:0xb6521] [DisplayControl] Exit ObtainControlHandler
2025/10/22 06:29:59.930 [T:0xb6521] [DisplayControl] Enter MCCSOtherSet::GetVCP(), vcp code = 16
2025/10/22 06:30:00.006 [T:0xb6521] [DisplayControl] Exit MCCSOtherSet::GetVCP()
2025/10/22 06:30:00.007 [T:0xb6521] [DisplayControl] Enter MCCSOtherSet::GetVCP(), vcp code = 51
2025/10/22 06:30:00.081 [T:0xb6521] [DisplayControl] Exit MCCSOtherSet::GetVCP()
2025/10/22 06:30:00.186 [T:0xb6521] [DisplayControl] Enter MCCSOtherSet::GetVCP(), vcp code = 18
2025/10/22 06:30:00.268 [T:0xb6521] [DisplayControl] Exit MCCSOtherSet::GetVCP()
2025/10/22 06:30:00.374 [T:0xb6521] [DisplayControl] Enter MCCSOtherSet::GetVCP(), vcp code = 245
2025/10/22 06:30:00.456 [T:0xb6521] [DisplayControl] Exit MCCSOtherSet::GetVCP()
2025/10/22 06:30:00.562 [T:0xb6521] [DisplayControl] Enter MCCSOtherSet::GetVCP(), vcp code = 97
2025/10/22 06:30:00.643 [T:0xb6521] [DisplayControl] Exit MCCSOtherSet::GetVCP()
2025/10/22 06:30:00.749 [T:0xb6521] [DisplayControl] Enter MCCSOtherSet::GetVCP(), vcp code = 220
2025/10/22 06:30:00.831 [T:0xb6521] [DisplayControl] Exit MCCSOtherSet::GetVCP()
2025/10/22 06:30:00.937 [T:0xb6521] [DisplayControl] Enter MCCSOtherSet::GetVCP(), vcp code = 20
2025/10/22 06:30:01.018 [T:0xb6521] [DisplayControl] Exit MCCSOtherSet::GetVCP()
2025/10/22 06:30:01.124 [T:0xb6521] [DisplayControl] Enter MCCSOtherSet::GetVCP(), vcp code = 225
2025/10/22 06:30:01.205 [T:0xb6521] [DisplayControl] Exit MCCSOtherSet::GetVCP()
2025/10/22 06:30:01.312 [T:0xb6521] [DisplayControl] Enter MCCSOtherSet::GetVCP(), vcp code = 43
2025/10/22 06:30:01.393 [T:0xb6521] [DisplayControl] Exit MCCSOtherSet::GetVCP()
2025/10/22 06:30:01.499 [T:0xb6521] [DisplayControl] Enter MCCSOtherSet::GetVCP(), vcp code = 16
2025/10/22 06:30:01.580 [T:0xb6521] [DisplayControl] Exit MCCSOtherSet::GetVCP()
2025/10/22 06:30:01.687 [T:0xb6521] [DisplayControl] Enter MCCSOtherSet::GetVCP(), vcp code = 4
2025/10/22 06:30:01.768 [T:0xb6521] [DisplayControl] Exit MCCSOtherSet::GetVCP()
2025/10/22 06:30:01.874 [T:0xb6521] [DisplayControl] Enter MCCSOtherSet::GetVCP(), vcp code = 98
2025/10/22 06:30:01.956 [T:0xb6521] [DisplayControl] Exit MCCSOtherSet::GetVCP()
2025/10/22 06:30:02.062 [T:0xb6521] [DisplayControl] Enter MCCSOtherSet::GetVCP(), vcp code = 141
2025/10/22 06:30:02.143 [T:0xb6521] [DisplayControl] Exit MCCSOtherSet::GetVCP()
2025/10/22 06:30:02.249 [T:0xb6521] [DisplayControl] Enter MCCSOtherSet::GetVCP(), vcp code = 135
2025/10/22 06:30:02.331 [T:0xb6521] [DisplayControl] Exit MCCSOtherSet::GetVCP()
2025/10/22 06:30:02.437 [T:0xb6521] [DisplayControl] Enter MCCSOtherSet::GetVCP(), vcp code = 96
2025/10/22 06:30:02.518 [T:0xb6521] [DisplayControl] Exit MCCSOtherSet::GetVCP()
2025/10/22 06:30:02.625 [T:0xb6521] [DisplayControl] Enter MCCSOtherSet::GetVCP(), vcp code = 51
2025/10/22 06:30:02.710 [T:0xb6521] [DisplayControl] Exit MCCSOtherSet::GetVCP()
2025/10/22 06:30:02.812 [T:0xb6521] [DisplayControl] Enter MCCSOtherSet::GetVCP(), vcp code = 236
2025/10/22 06:30:02.897 [T:0xb6521] [DisplayControl] Exit MCCSOtherSet::GetVCP()
2025/10/22 06:30:02.999 [T:0xb6521] [DisplayControl] Enter MCCSOtherSet::GetVCP(), vcp code = 18
2025/10/22 06:30:03.085 [T:0xb6521] [DisplayControl] Exit MCCSOtherSet::GetVCP()
2025/10/22 06:30:03.187 [T:0xb6521] [DisplayControl] Enter MCCSOtherSet::GetVCP(), vcp code = 97
2025/10/22 06:30:03.272 [T:0xb6521] [DisplayControl] Exit MCCSOtherSet::GetVCP()
2025/10/22 06:30:03.375 [T:0xb6521] [DisplayControl] Enter MCCSOtherSet::GetVCP(), vcp code = 220
2025/10/22 06:30:03.460 [T:0xb6521] [DisplayControl] Exit MCCSOtherSet::GetVCP()
2025/10/22 06:30:03.562 [T:0xb6521] [DisplayControl] Enter MCCSOtherSet::GetVCP(), vcp code = 225
2025/10/22 06:30:03.648 [T:0xb6521] [DisplayControl] Exit MCCSOtherSet::GetVCP()
2025/10/22 06:30:03.750 [T:0xb6521] [DisplayControl] Enter MCCSOtherSet::GetVCP(), vcp code = 43
2025/10/22 06:30:03.835 [T:0xb6521] [DisplayControl] Exit MCCSOtherSet::GetVCP()
2025/10/22 06:30:03.937 [T:0xb6521] [DisplayControl] Enter MCCSOtherSet::GetVCP(), vcp code = 226
2025/10/22 06:30:04.022 [T:0xb6521] [DisplayControl] Exit MCCSOtherSet::GetVCP()
2025/10/22 06:30:04.124 [T:0xb6521] [DisplayControl] Enter MCCSOtherSet::GetVCP(), vcp code = 16
2025/10/22 06:30:04.210 [T:0xb6521] [DisplayControl] Exit MCCSOtherSet::GetVCP()
2025/10/22 06:30:04.312 [T:0xb6521] [DisplayControl] Enter MCCSOtherSet::GetVCP(), vcp code = 4
2025/10/22 06:30:04.397 [T:0xb6521] [DisplayControl] Exit MCCSOtherSet::GetVCP()
2025/10/22 06:30:04.500 [T:0xb6521] [DisplayControl] Enter MCCSOtherSet::GetVCP(), vcp code = 98
2025/10/22 06:30:04.586 [T:0xb6521] [DisplayControl] Exit MCCSOtherSet::GetVCP()
2025/10/22 06:30:04.687 [T:0xb6521] [DisplayControl] Enter MCCSOtherSet::GetVCP(), vcp code = 141
2025/10/22 06:30:04.772 [T:0xb6521] [DisplayControl] Exit MCCSOtherSet::GetVCP()
2025/10/22 06:30:04.875 [T:0xb6521] [DisplayControl] Enter MCCSOtherSet::GetVCP(), vcp code = 135
2025/10/22 06:30:04.960 [T:0xb6521] [DisplayControl] Exit MCCSOtherSet::GetVCP()
2025/10/22 06:30:05.062 [T:0xb6521] [DisplayControl] Enter MCCSOtherSet::GetVCP(), vcp code = 96
2025/10/22 06:30:05.147 [T:0xb6521] [DisplayControl] Exit MCCSOtherSet::GetVCP()
